battery,feature,horizon,metric,block_length,bootstrap_n,estimate,ci_low,ci_high,n
CS2_35,HF1,1,degradation_pearson,10,1000,-0.019149437432695107,-0.04629059037542717,0.007850065333500668,875
CS2_35,HF1,1,degradation_spearman,10,1000,-0.0850963513286839,-0.1820549088805645,0.005853384207318748,875
CS2_35,HF1,1,partial_pearson_controlling_SOH,10,1000,0.45143265802690946,0.31784995202207245,0.6144400321128629,875
CS2_35,HF1,1,degradation_pearson,20,1000,-0.01835897440119156,-0.0425378107914857,0.0041984491949905375,875
CS2_35,HF1,1,degradation_spearman,20,1000,-0.08920160117982223,-0.19235588673324625,0.03147326456828322,875
CS2_35,HF1,1,partial_pearson_controlling_SOH,20,1000,0.45474263699949097,0.3107605142607467,0.6318237473885554,875
CS2_35,HF1,1,degradation_pearson,30,1000,-0.018192762946170397,-0.04300235159847416,0.0033849802610672395,875
CS2_35,HF1,1,degradation_spearman,30,1000,-0.0835414027548258,-0.19356118392167632,0.04977803209211502,875
CS2_35,HF1,1,partial_pearson_controlling_SOH,30,1000,0.45254686871680394,0.31425164203615275,0.6270687299408262,875
CS2_35,HF2,1,degradation_pearson,10,1000,0.02228072014257016,-0.03377633838331869,0.07866004840647275,851
CS2_35,HF2,1,degradation_spearman,10,1000,0.044335237187141344,-0.060665314331741854,0.14384705274078258,851
CS2_35,HF2,1,partial_pearson_controlling_SOH,10,1000,0.0724538153385653,0.0076961621103551914,0.1412117175534608,851
CS2_35,HF2,1,degradation_pearson,20,1000,0.021234381082143657,-0.03805392444257107,0.0782462658935168,851
CS2_35,HF2,1,degradation_spearman,20,1000,0.04166428224107106,-0.0834256449437209,0.15105270709100552,851
CS2_35,HF2,1,partial_pearson_controlling_SOH,20,1000,0.07374937808839092,0.01188990685092175,0.13299283209230026,851
CS2_35,HF2,1,degradation_pearson,30,1000,0.020183755617645037,-0.03948912584061047,0.0805058458199472,851
CS2_35,HF2,1,degradation_spearman,30,1000,0.041160928475456576,-0.09407945190307802,0.14900502481777014,851
CS2_35,HF2,1,partial_pearson_controlling_SOH,30,1000,0.07388216155736022,0.011176981024009951,0.13184003331888527,851
CS2_35,HF3,1,degradation_pearson,10,1000,-0.017679880005296522,-0.08376797161593919,0.019826385548322036,849
CS2_35,HF3,1,degradation_spearman,10,1000,-0.13993649100036137,-0.23840760208035636,-0.042137635711517324,849
CS2_35,HF3,1,partial_pearson_controlling_SOH,10,1000,-0.01726441276137,-0.09892480703917356,-0.0021420984842853907,849
CS2_35,HF3,1,degradation_pearson,20,1000,-0.01747089857293496,-0.08915196014574023,0.02132512694908352,849
CS2_35,HF3,1,degradation_spearman,20,1000,-0.1395331643787781,-0.24525061878186427,-0.03366306775940103,849
CS2_35,HF3,1,partial_pearson_controlling_SOH,20,1000,-0.016285130069238485,-0.08368896461717967,-0.0013418800215599692,849
CS2_35,HF3,1,degradation_pearson,30,1000,-0.01590583531550748,-0.08305642043067014,0.022460319685788706,849
CS2_35,HF3,1,degradation_spearman,30,1000,-0.1356219118387139,-0.2519833237698442,-0.010514834576351212,849
CS2_35,HF3,1,partial_pearson_controlling_SOH,30,1000,-0.016260364389748608,-0.08208884339835196,-0.0027150728338580093,849
CS2_35,HF4,1,degradation_pearson,10,1000,-0.03055212738666975,-0.0984123287200964,0.046310025269954785,575
CS2_35,HF4,1,degradation_spearman,10,1000,0.08534075462628035,-0.023491297956474144,0.18607704374907968,575
CS2_35,HF4,1,partial_pearson_controlling_SOH,10,1000,0.01921800720326694,-0.09519466391874125,0.15260640733643407,575
CS2_35,HF4,1,degradation_pearson,20,1000,-0.027768336188089243,-0.09117353471570845,0.043576433194732235,575
CS2_35,HF4,1,degradation_spearman,20,1000,0.08473417975272415,-0.01905318096004444,0.18249741306436687,575
CS2_35,HF4,1,partial_pearson_controlling_SOH,20,1000,0.021278756475108913,-0.08926352440768862,0.15041783669903203,575
CS2_35,HF4,1,degradation_pearson,30,1000,-0.029078538102056118,-0.09172057440728644,0.04726427396478694,575
CS2_35,HF4,1,degradation_spearman,30,1000,0.07896256312413732,-0.031311904145299926,0.1938036257704108,575
CS2_35,HF4,1,partial_pearson_controlling_SOH,30,1000,0.02281275167391037,-0.0859716618965027,0.1529528686611404,575
CS2_35,HF5,1,degradation_pearson,10,1000,-0.022241190366572395,-0.08491414616593981,0.04491045491795484,574
CS2_35,HF5,1,degradation_spearman,10,1000,0.04591878513413439,-0.05877672308485878,0.13857383246351798,574
CS2_35,HF5,1,partial_pearson_controlling_SOH,10,1000,-0.027776853684253203,-0.10719652514896987,0.05930369005441671,574
CS2_35,HF5,1,degradation_pearson,20,1000,-0.023342336928070216,-0.07806587206208121,0.03813834740414438,574
CS2_35,HF5,1,degradation_spearman,20,1000,0.04576657337637584,-0.051031944623709,0.137517823113387,574
CS2_35,HF5,1,partial_pearson_controlling_SOH,20,1000,-0.024718116815161718,-0.09916977377473314,0.05504554901078573,574
CS2_35,HF5,1,degradation_pearson,30,1000,-0.024110069772085383,-0.07954030097414318,0.04311155152498113,574
CS2_35,HF5,1,degradation_spearman,30,1000,0.04517312157520671,-0.060383362294038415,0.14701493456858225,574
CS2_35,HF5,1,partial_pearson_controlling_SOH,30,1000,-0.025912219157065743,-0.09610251974008213,0.042487538950564605,574
CS2_35,HF6,1,degradation_pearson,10,1000,0.016234363104072953,-0.04361400943107445,0.08220647906874945,574
CS2_35,HF6,1,degradation_spearman,10,1000,0.12008588620865976,0.03581293645969124,0.20067830704937453,574
CS2_35,HF6,1,partial_pearson_controlling_SOH,10,1000,-0.09255941022712645,-0.1510676624804548,-0.027686540774237368,574
CS2_35,HF6,1,degradation_pearson,20,1000,0.015893230384635568,-0.04735356068868513,0.08349584855171394,574
CS2_35,HF6,1,degradation_spearman,20,1000,0.11981305270577933,0.04408449830066506,0.21082245876692574,574
CS2_35,HF6,1,partial_pearson_controlling_SOH,20,1000,-0.09149670598425358,-0.15156979052330405,-0.024259124966411534,574
CS2_35,HF6,1,degradation_pearson,30,1000,0.021217559494736412,-0.04393039094931779,0.09685981217481802,574
CS2_35,HF6,1,degradation_spearman,30,1000,0.11880500212096164,0.034287959916194134,0.2112804238804102,574
CS2_35,HF6,1,partial_pearson_controlling_SOH,30,1000,-0.09279278721980944,-0.15106492446321798,-0.02299214574453176,574
CS2_35,HF7,1,degradation_pearson,10,1000,-0.01960824843819879,-0.047527087504756496,0.0058223347372332035,875
CS2_35,HF7,1,degradation_spearman,10,1000,-0.08827224049955468,-0.17968074702872855,0.010457847157928106,875
CS2_35,HF7,1,partial_pearson_controlling_SOH,10,1000,0.449397580524439,0.2982034442807551,0.611127369381239,875
CS2_35,HF7,1,degradation_pearson,20,1000,-0.01895195204506839,-0.04499983616295941,0.0034652011173061906,875
CS2_35,HF7,1,degradation_spearman,20,1000,-0.08215365268481412,-0.18582974550334488,0.0345938915295065,875
CS2_35,HF7,1,partial_pearson_controlling_SOH,20,1000,0.44980772624246923,0.3017923575021217,0.6218949868109149,875
CS2_35,HF7,1,degradation_pearson,30,1000,-0.017890008368407845,-0.04196626452597174,0.0036333175747659653,875
CS2_35,HF7,1,degradation_spearman,30,1000,-0.08260772348919722,-0.1902690821514182,0.05556276350265238,875
CS2_35,HF7,1,partial_pearson_controlling_SOH,30,1000,0.4418843434514005,0.2952323415677198,0.625674604893858,875
CS2_35,HF8,1,degradation_pearson,10,1000,0.030884022620496547,-0.02576673039055459,0.0855441572214741,851
CS2_35,HF8,1,degradation_spearman,10,1000,0.0533349708054769,-0.03856002707526524,0.13939329870217212,851
CS2_35,HF8,1,partial_pearson_controlling_SOH,10,1000,0.06301312681334788,0.002375676184204585,0.1357205421972385,851
CS2_35,HF8,1,degradation_pearson,20,1000,0.02985762514640345,-0.034467245218702446,0.08928814494560633,851
CS2_35,HF8,1,degradation_spearman,20,1000,0.04855211624596789,-0.06406974235454659,0.14800635984077495,851
CS2_35,HF8,1,partial_pearson_controlling_SOH,20,1000,0.06532868554067431,0.002436073461293161,0.1310390965083231,851
CS2_35,HF8,1,degradation_pearson,30,1000,0.0291584739737063,-0.0302033488170464,0.0831928255102288,851
CS2_35,HF8,1,degradation_spearman,30,1000,0.045283734365600695,-0.0852462332964413,0.15430066740417986,851
CS2_35,HF8,1,partial_pearson_controlling_SOH,30,1000,0.0665085470214804,0.006524093782244687,0.11780099731590707,851
CS2_35,HF1,4,degradation_pearson,10,1000,-0.07304068094720556,-0.14192697980855457,-0.00029593636877729864,872
CS2_35,HF1,4,degradation_spearman,10,1000,-0.0917817058220893,-0.21247047029010113,0.03582268918788713,872
CS2_35,HF1,4,partial_pearson_controlling_SOH,10,1000,0.43382218787652516,0.26766991864289713,0.6167961111961223,872
CS2_35,HF1,4,degradation_pearson,20,1000,-0.07148137025083642,-0.14153411696178025,-0.007186802405158999,872
CS2_35,HF1,4,degradation_spearman,20,1000,-0.09179559143072309,-0.21968418066157455,0.04334341255645838,872
CS2_35,HF1,4,partial_pearson_controlling_SOH,20,1000,0.4220717000888713,0.2561346438211,0.6219493815606766,872
CS2_35,HF1,4,degradation_pearson,30,1000,-0.06743830187300333,-0.1402398115328194,-0.008976939257842919,872
CS2_35,HF1,4,degradation_spearman,30,1000,-0.08211766376168624,-0.2279817567579286,0.0697602661822922,872
CS2_35,HF1,4,partial_pearson_controlling_SOH,30,1000,0.42917753113604834,0.2614598804574099,0.6264207495261966,872
CS2_35,HF2,4,degradation_pearson,10,1000,0.0744699829804504,-0.004189978472649253,0.15428033545780928,848
CS2_35,HF2,4,degradation_spearman,10,1000,0.052074963725864724,-0.07479609450915427,0.18043452973434143,848
CS2_35,HF2,4,partial_pearson_controlling_SOH,10,1000,0.09538405837178163,0.016413887885734862,0.18331665903917696,848
CS2_35,HF2,4,degradation_pearson,20,1000,0.07085590845997906,-0.008759368745788485,0.14407475761684707,848
CS2_35,HF2,4,degradation_spearman,20,1000,0.043991464609466936,-0.09573790647809106,0.1725682121462138,848
CS2_35,HF2,4,partial_pearson_controlling_SOH,20,1000,0.09962469475894917,0.01588681736394025,0.18954006550623934,848
CS2_35,HF2,4,degradation_pearson,30,1000,0.07091124788424433,-0.015980958176974452,0.15302606450909653,848
CS2_35,HF2,4,degradation_spearman,30,1000,0.037207838872338694,-0.1183550758774497,0.18581015449298174,848
CS2_35,HF2,4,partial_pearson_controlling_SOH,30,1000,0.09689679015339667,0.0061583223014068985,0.18199184774879956,848
CS2_35,HF3,4,degradation_pearson,10,1000,-0.0809376567806514,-0.22085615807467296,-0.02323147386534288,846
CS2_35,HF3,4,degradation_spearman,10,1000,-0.05241501828628945,-0.17881334286865397,0.08626306168533474,846
CS2_35,HF3,4,partial_pearson_controlling_SOH,10,1000,0.0231182187792005,-0.12001975838584958,0.12340455161595656,846
CS2_35,HF3,4,degradation_pearson,20,1000,-0.08303940271923296,-0.21757603431190992,-0.013366496380756954,846
CS2_35,HF3,4,degradation_spearman,20,1000,-0.050197238628130886,-0.2074310723933852,0.120600251952167,846
CS2_35,HF3,4,partial_pearson_controlling_SOH,20,1000,0.022493692650972008,-0.12092441795302418,0.1275811694279763,846
CS2_35,HF3,4,degradation_pearson,30,1000,-0.08155282141534413,-0.23342682153418612,-0.011503757997812777,846
CS2_35,HF3,4,degradation_spearman,30,1000,-0.04701268982224617,-0.23299881347458323,0.14582959088426237,846
CS2_35,HF3,4,partial_pearson_controlling_SOH,30,1000,0.02452141495495879,-0.09534935985019813,0.13469833207971105,846
CS2_35,HF4,4,degradation_pearson,10,1000,-0.0002331512553449492,-0.13245215637692143,0.10739220325274793,574
CS2_35,HF4,4,degradation_spearman,10,1000,0.1444125851673712,0.0057548011224391685,0.26924773763426574,574
CS2_35,HF4,4,partial_pearson_controlling_SOH,10,1000,-0.01848456887433766,-0.1771314638366235,0.13012038700644896,574
CS2_35,HF4,4,degradation_pearson,20,1000,-0.004477293679808928,-0.0939823059352682,0.1101555412087052,574
CS2_35,HF4,4,degradation_spearman,20,1000,0.14720456332930185,0.02188848792777058,0.27538940148694246,574
CS2_35,HF4,4,partial_pearson_controlling_SOH,20,1000,-0.02564244310929705,-0.1898119585119691,0.12555019801726025,574
CS2_35,HF4,4,degradation_pearson,30,1000,-0.0016752562617503017,-0.0932156134156473,0.12000046242461049,574
CS2_35,HF4,4,degradation_spearman,30,1000,0.14743570366774886,0.018283006937723195,0.29314490269035265,574
CS2_35,HF4,4,partial_pearson_controlling_SOH,30,1000,-0.013549208876483879,-0.18406773718920372,0.13500359438605716,574
CS2_35,HF5,4,degradation_pearson,10,1000,0.056148343985112585,-0.0625415169824791,0.16788886158555053,573
CS2_35,HF5,4,degradation_spearman,10,1000,0.2117668837821921,0.07735493979014624,0.3387278263554003,573
CS2_35,HF5,4,partial_pearson_controlling_SOH,10,1000,-0.19066588986518523,-0.2503895491230416,-0.12720620683077605,573
CS2_35,HF5,4,degradation_pearson,20,1000,0.06063528041721925,-0.050107375282274755,0.16862958442080622,573
CS2_35,HF5,4,degradation_spearman,20,1000,0.22088550727862694,0.09722442534308727,0.33891004086434234,573
CS2_35,HF5,4,partial_pearson_controlling_SOH,20,1000,-0.19188368731425198,-0.25209478690569254,-0.12879253466235915,573
CS2_35,HF5,4,degradation_pearson,30,1000,0.05766423314185028,-0.0475465830061337,0.18820141385035552,573
CS2_35,HF5,4,degradation_spearman,30,1000,0.21460936355980414,0.07751324984694126,0.3651922985283373,573
CS2_35,HF5,4,partial_pearson_controlling_SOH,30,1000,-0.19058274120352275,-0.2587680046422924,-0.12681529148555507,573
CS2_35,HF6,4,degradation_pearson,10,1000,0.06251391117083516,-0.02887845391929948,0.16475177736356522,573
CS2_35,HF6,4,degradation_spearman,10,1000,0.20724242698207082,0.09428757555679364,0.32580096328233166,573
CS2_35,HF6,4,partial_pearson_controlling_SOH,10,1000,-0.13806787899140704,-0.23978869940752065,-0.03340673411996663,573
CS2_35,HF6,4,degradation_pearson,20,1000,0.06368484009362513,-0.021333347382648776,0.16191975791690924,573
CS2_35,HF6,4,degradation_spearman,20,1000,0.21262112098537608,0.10471003304933378,0.32844553752419015,573
CS2_35,HF6,4,partial_pearson_controlling_SOH,20,1000,-0.14149173920333907,-0.2446514612665466,-0.02314883353265568,573
CS2_35,HF6,4,degradation_pearson,30,1000,0.06082523679864835,-0.026446896753945834,0.16591957720383174,573
CS2_35,HF6,4,degradation_spearman,30,1000,0.20884769170850753,0.0918180579167488,0.33864091494674453,573
CS2_35,HF6,4,partial_pearson_controlling_SOH,30,1000,-0.13645873187755772,-0.23442497782170849,-0.02498534334422248,573
CS2_35,HF7,4,degradation_pearson,10,1000,-0.07492211916875019,-0.1494448132008721,-0.006409657111403023,872
CS2_35,HF7,4,degradation_spearman,10,1000,-0.09824763307729927,-0.21935891870139992,0.024619832950967258,872
CS2_35,HF7,4,partial_pearson_controlling_SOH,10,1000,0.42000757350929424,0.2605826857792129,0.6062307086199,872
CS2_35,HF7,4,degradation_pearson,20,1000,-0.07297888587183893,-0.14021348566943914,-0.010595527297098544,872
CS2_35,HF7,4,degradation_spearman,20,1000,-0.09681264178876323,-0.215288680367444,0.03899298639945343,872
CS2_35,HF7,4,partial_pearson_controlling_SOH,20,1000,0.4260034225186199,0.24973725746350964,0.6118498312380933,872
CS2_35,HF7,4,degradation_pearson,30,1000,-0.06858446153862435,-0.13744284353608086,-0.008662983998732228,872
CS2_35,HF7,4,degradation_spearman,30,1000,-0.08635196707990628,-0.22448584929605953,0.0769872521257463,872
CS2_35,HF7,4,partial_pearson_controlling_SOH,30,1000,0.42891006448207636,0.25094767701591697,0.613340795328612,872
CS2_35,HF8,4,degradation_pearson,10,1000,0.08144492521365809,0.004381617572099856,0.16185059362806536,848
CS2_35,HF8,4,degradation_spearman,10,1000,0.05770423413316206,-0.08399018921620968,0.18630924946641814,848
CS2_35,HF8,4,partial_pearson_controlling_SOH,10,1000,0.08533660873262836,0.00903866982050571,0.17296198548116776,848
CS2_35,HF8,4,degradation_pearson,20,1000,0.08331657322159966,0.003304365983444022,0.17833427990002435,848
CS2_35,HF8,4,degradation_spearman,20,1000,0.056243915628377,-0.09382553492995531,0.18332740304040937,848
CS2_35,HF8,4,partial_pearson_controlling_SOH,20,1000,0.0872573179510834,0.00449205054292275,0.18188714263481412,848
CS2_35,HF8,4,degradation_pearson,30,1000,0.08400788141197875,-0.008239631123061909,0.1691952514927546,848
CS2_35,HF8,4,degradation_spearman,30,1000,0.04769385109778611,-0.11968169746177024,0.19405737595796338,848
CS2_35,HF8,4,partial_pearson_controlling_SOH,30,1000,0.08512600973728446,0.009069477125079026,0.17921885764014897,848
CS2_35,HF1,8,degradation_pearson,10,1000,-0.1553396338805217,-0.27050288912016035,-0.04307721371420752,868
CS2_35,HF1,8,degradation_spearman,10,1000,-0.16609090591919867,-0.3213567264193071,0.005950657530524148,868
CS2_35,HF1,8,partial_pearson_controlling_SOH,10,1000,0.43720788245214576,0.258132516657118,0.619481099000367,868
CS2_35,HF1,8,degradation_pearson,20,1000,-0.15026980724773692,-0.28082016867078347,-0.03635664409245149,868
CS2_35,HF1,8,degradation_spearman,20,1000,-0.15270496881061724,-0.34019729003722987,0.039174531043452296,868
CS2_35,HF1,8,partial_pearson_controlling_SOH,20,1000,0.4294602932922463,0.26659599297235076,0.622540961447089,868
CS2_35,HF1,8,degradation_pearson,30,1000,-0.15488335288058877,-0.2761499970913404,-0.039365296527660805,868
CS2_35,HF1,8,degradation_spearman,30,1000,-0.15987904881857304,-0.355482069201599,0.04743366755290158,868
CS2_35,HF1,8,partial_pearson_controlling_SOH,30,1000,0.4332799029223787,0.2715801988580228,0.6174058129446003,868
CS2_35,HF2,8,degradation_pearson,10,1000,0.11902522569686431,-0.02989597384236587,0.2387822739493163,844
CS2_35,HF2,8,degradation_spearman,10,1000,0.13842651954321986,-0.03210961629513314,0.3084741184017955,844
CS2_35,HF2,8,partial_pearson_controlling_SOH,10,1000,0.1977532995991834,0.040069126530652616,0.37380558797779345,844
CS2_35,HF2,8,degradation_pearson,20,1000,0.11747904075215154,-0.028090035894702412,0.23652744170778103,844
CS2_35,HF2,8,degradation_spearman,20,1000,0.12929798517293234,-0.07710451872621535,0.2962516522142756,844
CS2_35,HF2,8,partial_pearson_controlling_SOH,20,1000,0.19881560541927865,0.048379488808607526,0.3742500410181359,844
CS2_35,HF2,8,degradation_pearson,30,1000,0.11635665560660816,-0.04186256783209466,0.2348230631438981,844
CS2_35,HF2,8,degradation_spearman,30,1000,0.13394147021525438,-0.09883430679682727,0.309787446137741,844
CS2_35,HF2,8,partial_pearson_controlling_SOH,30,1000,0.18662080077775003,0.0339496670574333,0.37893960922629233,844
CS2_35,HF3,8,degradation_pearson,10,1000,-0.11245803736371582,-0.30378450949330166,-0.04213894018564622,842
CS2_35,HF3,8,degradation_spearman,10,1000,-0.18442870021097102,-0.34915843863935486,-0.008713011191417803,842
CS2_35,HF3,8,partial_pearson_controlling_SOH,10,1000,0.0007558766782954393,-0.11780380040163692,0.030468818798347758,842
CS2_35,HF3,8,degradation_pearson,20,1000,-0.11499610511548482,-0.3130316446430567,-0.03619739516883488,842
CS2_35,HF3,8,degradation_spearman,20,1000,-0.18228200441649267,-0.3759555959125128,0.013417784512411091,842
CS2_35,HF3,8,partial_pearson_controlling_SOH,20,1000,0.0007335966952890455,-0.09969403429993569,0.0271399630697491,842
CS2_35,HF3,8,degradation_pearson,30,1000,-0.1106652856006779,-0.32112036956955425,-0.026592716577899637,842
CS2_35,HF3,8,degradation_spearman,30,1000,-0.18689271192558848,-0.3756187809356818,0.0440128424850996,842
CS2_35,HF3,8,partial_pearson_controlling_SOH,30,1000,0.0008765528659425081,-0.10848738467672303,0.02282618825411117,842
CS2_35,HF4,8,degradation_pearson,10,1000,-0.007919208107355084,-0.1882434804139562,0.15329705382859146,574
CS2_35,HF4,8,degradation_spearman,10,1000,0.19465054075843702,0.002670112404119845,0.3639424621923475,574
CS2_35,HF4,8,partial_pearson_controlling_SOH,10,1000,0.12797298383368744,-0.040592037176757745,0.27437069152264143,574
CS2_35,HF4,8,degradation_pearson,20,1000,-0.021017110296755535,-0.17394135503370373,0.14927394687551876,574
CS2_35,HF4,8,degradation_spearman,20,1000,0.19315999789550384,-0.006436741964756496,0.36547061694429284,574
CS2_35,HF4,8,partial_pearson_controlling_SOH,20,1000,0.1280122432863357,-0.06365945055656665,0.2810906118393171,574
CS2_35,HF4,8,degradation_pearson,30,1000,-0.021646483627629297,-0.17069196661742356,0.1632475306941373,574
CS2_35,HF4,8,degradation_spearman,30,1000,0.1955471918453875,-0.023104376594502554,0.37624769275737646,574
CS2_35,HF4,8,partial_pearson_controlling_SOH,30,1000,0.12595233571731065,-0.06078703181960031,0.28991654219703894,574
CS2_35,HF5,8,degradation_pearson,10,1000,-0.001455314373268143,-0.18864712799154976,0.1674386663747957,573
CS2_35,HF5,8,degradation_spearman,10,1000,0.20807002135935843,0.03486422935727649,0.36374745499265737,573
CS2_35,HF5,8,partial_pearson_controlling_SOH,10,1000,-0.015279978775029731,-0.13790792855848813,0.10835799173714744,573
CS2_35,HF5,8,degradation_pearson,20,1000,-0.006076878941572156,-0.17897703424562256,0.1786405369528883,573
CS2_35,HF5,8,degradation_spearman,20,1000,0.20423807607031905,0.04060631109964928,0.37228198552125574,573
CS2_35,HF5,8,partial_pearson_controlling_SOH,20,1000,-0.018079919515531492,-0.14893337371875756,0.11272495080940702,573
CS2_35,HF5,8,degradation_pearson,30,1000,-0.013098936612925082,-0.16261750632077873,0.18436232001636865,573
CS2_35,HF5,8,degradation_spearman,30,1000,0.20719865175948116,0.009995025322179475,0.36490045157798484,573
CS2_35,HF5,8,partial_pearson_controlling_SOH,30,1000,-0.017065571187080974,-0.14788182810775197,0.10236574708755733,573
CS2_35,HF6,8,degradation_pearson,10,1000,0.04634997362313216,-0.07444908331249164,0.1752236910136255,573
CS2_35,HF6,8,degradation_spearman,10,1000,0.22728297889491839,0.055673478749876194,0.3732639921967878,573
CS2_35,HF6,8,partial_pearson_controlling_SOH,10,1000,-0.11243103680330299,-0.2411731969355667,0.01801159101088232,573
CS2_35,HF6,8,degradation_pearson,20,1000,0.04663888408182962,-0.0728860721618004,0.16962690049468684,573
CS2_35,HF6,8,degradation_spearman,20,1000,0.22066192583367744,0.061716515760858,0.3645666007708725,573
CS2_35,HF6,8,partial_pearson_controlling_SOH,20,1000,-0.11313661368932279,-0.2428526526018372,0.025392054614767845,573
CS2_35,HF6,8,degradation_pearson,30,1000,0.047092514533036874,-0.06776266807479293,0.17207427165785885,573
CS2_35,HF6,8,degradation_spearman,30,1000,0.22289559239391876,0.07072131364533964,0.3729650977901616,573
CS2_35,HF6,8,partial_pearson_controlling_SOH,30,1000,-0.1144007150803745,-0.2306162979916873,0.03205118055090892,573
CS2_35,HF7,8,degradation_pearson,10,1000,-0.15503615585510952,-0.2665681418748581,-0.041558735711208016,868
CS2_35,HF7,8,degradation_spearman,10,1000,-0.1594244633643393,-0.31808769154763605,0.005668619802347479,868
CS2_35,HF7,8,partial_pearson_controlling_SOH,10,1000,0.43178837923997454,0.2518629346342515,0.6126736966368616,868
CS2_35,HF7,8,degradation_pearson,20,1000,-0.1487834405483314,-0.2631330515793019,-0.046155413776225535,868
CS2_35,HF7,8,degradation_spearman,20,1000,-0.15486296584368753,-0.3218153318285208,0.06136503509303589,868
CS2_35,HF7,8,partial_pearson_controlling_SOH,20,1000,0.428833685621235,0.276052434550802,0.6101890734205763,868
CS2_35,HF7,8,degradation_pearson,30,1000,-0.1491276965118436,-0.2669778822750796,-0.040260708260303944,868
CS2_35,HF7,8,degradation_spearman,30,1000,-0.15533525482447874,-0.34960819119356795,0.0741079403738161,868
CS2_35,HF7,8,partial_pearson_controlling_SOH,30,1000,0.42779172960941236,0.26828888260665923,0.6011645652838026,868
CS2_35,HF8,8,degradation_pearson,10,1000,0.14283912752044942,0.00916152447858855,0.2537080451956859,844
CS2_35,HF8,8,degradation_spearman,10,1000,0.1457382020453094,-0.04523576531602741,0.3044973070133261,844
CS2_35,HF8,8,partial_pearson_controlling_SOH,10,1000,0.17709150220061326,0.02666178004122885,0.335163833591403,844
CS2_35,HF8,8,degradation_pearson,20,1000,0.1424851060686698,0.0012221664033288796,0.2583665806959385,844
CS2_35,HF8,8,degradation_spearman,20,1000,0.13663060640942232,-0.07213975348080984,0.32220222774837814,844
CS2_35,HF8,8,partial_pearson_controlling_SOH,20,1000,0.17533283823430978,0.023244208501395407,0.34456335068915533,844
CS2_35,HF8,8,degradation_pearson,30,1000,0.13418476781201039,-0.01177589052978489,0.2604543302760586,844
CS2_35,HF8,8,degradation_spearman,30,1000,0.13631078238125827,-0.09421599969796456,0.31471022922866726,844
CS2_35,HF8,8,partial_pearson_controlling_SOH,30,1000,0.17659680679153344,0.02870415525295477,0.3544297463241197,844
CS2_35,HF1,12,degradation_pearson,10,1000,-0.22649368672589765,-0.3684641608553526,-0.09249416425663504,864
CS2_35,HF1,12,degradation_spearman,10,1000,-0.19848424439552045,-0.363950928352382,-0.01160597525357326,864
CS2_35,HF1,12,partial_pearson_controlling_SOH,10,1000,0.3911103539523564,0.20779438592995536,0.5866045491420463,864
CS2_35,HF1,12,degradation_pearson,20,1000,-0.22253514919954087,-0.37419018144961674,-0.07561217185066181,864
CS2_35,HF1,12,degradation_spearman,20,1000,-0.19595896474419866,-0.36786487333121365,0.02120366878725075,864
CS2_35,HF1,12,partial_pearson_controlling_SOH,20,1000,0.38904790232562414,0.21737182673525351,0.5791277588460984,864
CS2_35,HF1,12,degradation_pearson,30,1000,-0.21597675275210879,-0.36774056641874964,-0.0618460332671092,864
CS2_35,HF1,12,degradation_spearman,30,1000,-0.18573880174859395,-0.3922833170419553,0.04465060215055243,864
CS2_35,HF1,12,partial_pearson_controlling_SOH,30,1000,0.38551176162826495,0.2232774522610263,0.5817049828282923,864
CS2_35,HF2,12,degradation_pearson,10,1000,0.1880815965019369,0.0610013978035801,0.31058248801068383,840
CS2_35,HF2,12,degradation_spearman,10,1000,0.15629677701172784,-0.02280836271308449,0.31476751933839625,840
CS2_35,HF2,12,partial_pearson_controlling_SOH,10,1000,0.20716194083599443,0.07946459012448188,0.32383557404393265,840
CS2_35,HF2,12,degradation_pearson,20,1000,0.18494292164561144,0.02752836554373317,0.32099718614557654,840
CS2_35,HF2,12,degradation_spearman,20,1000,0.1450337635373784,-0.08334927355480647,0.334683455029988,840
CS2_35,HF2,12,partial_pearson_controlling_SOH,20,1000,0.21498058017855018,0.07589611572267314,0.333579021311909,840
CS2_35,HF2,12,degradation_pearson,30,1000,0.18322221874946487,0.007654408216461787,0.32066079892268295,840
CS2_35,HF2,12,degradation_spearman,30,1000,0.14356684467846273,-0.09125561495307286,0.34088518654621935,840
CS2_35,HF2,12,partial_pearson_controlling_SOH,30,1000,0.2078770874074195,0.0808391432396541,0.3298466155481128,840
CS2_35,HF3,12,degradation_pearson,10,1000,-0.14488094303750973,-0.35097311229158784,-0.07352391343087415,838
CS2_35,HF3,12,degradation_spearman,10,1000,-0.1684069541137554,-0.3392222982151983,0.02728420876788001,838
CS2_35,HF3,12,partial_pearson_controlling_SOH,10,1000,0.003534015066826897,-0.15976045220845,0.035750165220435226,838
CS2_35,HF3,12,degradation_pearson,20,1000,-0.1392509826594222,-0.36262784716405355,-0.04665184609508663,838
CS2_35,HF3,12,degradation_spearman,20,1000,-0.15537011766778314,-0.3806828192493004,0.09974146592215725,838
CS2_35,HF3,12,partial_pearson_controlling_SOH,20,1000,0.0035592998032161266,-0.15776677520173302,0.03669934375695614,838
CS2_35,HF3,12,degradation_pearson,30,1000,-0.13908695985777997,-0.37734825523592114,-0.03790600676458281,838
CS2_35,HF3,12,degradation_spearman,30,1000,-0.14610962614887846,-0.38851070718692965,0.14955707241467703,838
CS2_35,HF3,12,partial_pearson_controlling_SOH,30,1000,0.0027011433277744903,-0.14889573908660836,0.03373546706521089,838
CS2_35,HF4,12,degradation_pearson,10,1000,-0.014721784534524832,-0.19538573300385334,0.16370673025641064,574
CS2_35,HF4,12,degradation_spearman,10,1000,0.14476934780399783,-0.062393938278514555,0.3331354445046375,574
CS2_35,HF4,12,partial_pearson_controlling_SOH,10,1000,0.04712040293485664,-0.12018667132174908,0.1832990771977249,574
CS2_35,HF4,12,degradation_pearson,20,1000,-0.017788534350968086,-0.19269462639353468,0.19122440410937233,574
CS2_35,HF4,12,degradation_spearman,20,1000,0.14063215926018938,-0.07791696842715763,0.3805064816210503,574
CS2_35,HF4,12,partial_pearson_controlling_SOH,20,1000,0.044828620232685454,-0.13414860603626028,0.18855845744915953,574
CS2_35,HF4,12,degradation_pearson,30,1000,-0.021896106725124775,-0.18057267058166482,0.1947806355829451,574
CS2_35,HF4,12,degradation_spearman,30,1000,0.14561036768481606,-0.06651031793045822,0.3714043310400029,574
CS2_35,HF4,12,partial_pearson_controlling_SOH,30,1000,0.044063714316825445,-0.1305086481339999,0.18754960662533396,574
CS2_35,HF5,12,degradation_pearson,10,1000,0.059008950105110425,-0.12380153632554479,0.2377536456078268,573
CS2_35,HF5,12,degradation_spearman,10,1000,0.2120538802122788,0.031365454369904615,0.39142657850830725,573
CS2_35,HF5,12,partial_pearson_controlling_SOH,10,1000,-0.22693161525776012,-0.32550383352134166,-0.1287817917091827,573
CS2_35,HF5,12,degradation_pearson,20,1000,0.059702430239169164,-0.14179236939060322,0.2646723241101155,573
CS2_35,HF5,12,degradation_spearman,20,1000,0.2196518856819763,0.0015302728713172844,0.42531297346095065,573
CS2_35,HF5,12,partial_pearson_controlling_SOH,20,1000,-0.22488123421754938,-0.3251120770193644,-0.10204137526598885,573
CS2_35,HF5,12,degradation_pearson,30,1000,0.05321814506430931,-0.12857442806803007,0.2858989062625563,573
CS2_35,HF5,12,degradation_spearman,30,1000,0.2114278078928129,-0.004082581375372255,0.4501838703586872,573
CS2_35,HF5,12,partial_pearson_controlling_SOH,30,1000,-0.22603586017597962,-0.32753807533322427,-0.10457699721455035,573
CS2_35,HF6,12,degradation_pearson,10,1000,0.07968628416831439,-0.04386836240978156,0.22968975033957284,573
CS2_35,HF6,12,degradation_spearman,10,1000,0.2034166149833893,0.02658068421242463,0.3682882757458069,573
CS2_35,HF6,12,partial_pearson_controlling_SOH,10,1000,-0.19987993798931147,-0.348925983971909,-0.05535982967761214,573
CS2_35,HF6,12,degradation_pearson,20,1000,0.08546079190146275,-0.05910939246722424,0.2460797161660916,573
CS2_35,HF6,12,degradation_spearman,20,1000,0.21047966190873946,0.011169415228018852,0.39937309719454733,573
CS2_35,HF6,12,partial_pearson_controlling_SOH,20,1000,-0.198013762901864,-0.35502388373832644,-0.030082460060659684,573
CS2_35,HF6,12,degradation_pearson,30,1000,0.08816871058825453,-0.04268381761204473,0.262520158450347,573
CS2_35,HF6,12,degradation_spearman,30,1000,0.2117924975889225,0.04421474186734642,0.41241945673768804,573
CS2_35,HF6,12,partial_pearson_controlling_SOH,30,1000,-0.19479199472369918,-0.3539889702407121,-0.015183358077463576,573
CS2_35,HF7,12,degradation_pearson,10,1000,-0.2250131794910271,-0.3589495568395904,-0.08676728418991754,864
CS2_35,HF7,12,degradation_spearman,10,1000,-0.19988891552381813,-0.3760729775314224,-0.021752068088498333,864
CS2_35,HF7,12,partial_pearson_controlling_SOH,10,1000,0.3862574771677001,0.22095106040600432,0.5731387266533516,864
CS2_35,HF7,12,degradation_pearson,20,1000,-0.2179087950578495,-0.3685644802723559,-0.06817537912949756,864
CS2_35,HF7,12,degradation_spearman,20,1000,-0.19642608345418935,-0.3810194804843583,0.027507319984444323,864
CS2_35,HF7,12,partial_pearson_controlling_SOH,20,1000,0.38038419125925005,0.19921456833431647,0.5699289758781432,864
CS2_35,HF7,12,degradation_pearson,30,1000,-0.21422553976707354,-0.37026458785059907,-0.06667242362899471,864
CS2_35,HF7,12,degradation_spearman,30,1000,-0.18294630345427484,-0.40049680306700014,0.04119678989597053,864
CS2_35,HF7,12,partial_pearson_controlling_SOH,30,1000,0.38548357600668814,0.21607964485327474,0.567310634352536,864
CS2_35,HF8,12,degradation_pearson,10,1000,0.20268075359653265,0.07103941593814714,0.3285367480790052,840
CS2_35,HF8,12,degradation_spearman,10,1000,0.16696139396528437,-0.011006496912717554,0.3283836210456416,840
CS2_35,HF8,12,partial_pearson_controlling_SOH,10,1000,0.20077772932167431,0.06980449629503606,0.31910680570180283,840
CS2_35,HF8,12,degradation_pearson,20,1000,0.20643760225323676,0.0627618868366688,0.33485207596591365,840
CS2_35,HF8,12,degradation_spearman,20,1000,0.16435710519395397,-0.04935120402865034,0.3542801185169759,840
CS2_35,HF8,12,partial_pearson_controlling_SOH,20,1000,0.19868461309337945,0.07236380683798485,0.33558198283227775,840
CS2_35,HF8,12,degradation_pearson,30,1000,0.19681860416421915,0.03000295269235655,0.3361533651577174,840
CS2_35,HF8,12,degradation_spearman,30,1000,0.14730549641328994,-0.09759314840709792,0.3381872347718452,840
CS2_35,HF8,12,partial_pearson_controlling_SOH,30,1000,0.20168345669115118,0.07179366987549311,0.31985645074347785,840
CS2_35,HF1,16,degradation_pearson,10,1000,-0.28499156791877334,-0.4301048536020609,-0.1369701567544676,860
CS2_35,HF1,16,degradation_spearman,10,1000,-0.238351925374856,-0.3956782023173294,-0.049596883558556765,860
CS2_35,HF1,16,partial_pearson_controlling_SOH,10,1000,0.40041968962647806,0.22987584433727248,0.5894080668618186,860
CS2_35,HF1,16,degradation_pearson,20,1000,-0.27624030720161774,-0.4459650107754563,-0.1103378975911048,860
CS2_35,HF1,16,degradation_spearman,20,1000,-0.22000149959580484,-0.42320539808602614,0.005663076998229006,860
CS2_35,HF1,16,partial_pearson_controlling_SOH,20,1000,0.3934671462927863,0.22990573308964357,0.5977064644113882,860
CS2_35,HF1,16,degradation_pearson,30,1000,-0.276643244534519,-0.44746095732657387,-0.09446571821266567,860
CS2_35,HF1,16,degradation_spearman,30,1000,-0.21650587433002583,-0.4517549884461547,0.03979520563777509,860
CS2_35,HF1,16,partial_pearson_controlling_SOH,30,1000,0.3934627157091918,0.23452458179430966,0.5769498128872277,860
CS2_35,HF2,16,degradation_pearson,10,1000,0.26002213590982515,0.11713582415734929,0.3879826134213703,836
CS2_35,HF2,16,degradation_spearman,10,1000,0.20632855585939022,0.011415811776366226,0.3844235035440638,836
CS2_35,HF2,16,partial_pearson_controlling_SOH,10,1000,0.1980082829401935,0.0566777260852955,0.3273513370608424,836
CS2_35,HF2,16,degradation_pearson,20,1000,0.24726449694597388,0.07780766337597594,0.3975421645548974,836
CS2_35,HF2,16,degradation_spearman,20,1000,0.1952608522034606,-0.03979838975378874,0.40156051190044445,836
CS2_35,HF2,16,partial_pearson_controlling_SOH,20,1000,0.19705377239585953,0.048189993829367325,0.333566782500096,836
CS2_35,HF2,16,degradation_pearson,30,1000,0.24814861508058675,0.05236277028649843,0.4098059305566976,836
CS2_35,HF2,16,degradation_spearman,30,1000,0.20077974469017867,-0.07360175703758186,0.4040706225222926,836
CS2_35,HF2,16,partial_pearson_controlling_SOH,30,1000,0.1976226764144084,0.04844338686996039,0.33298326030474623,836
CS2_35,HF3,16,degradation_pearson,10,1000,-0.1604713336438856,-0.4467073786859576,-0.0650516706484633,834
CS2_35,HF3,16,degradation_spearman,10,1000,-0.24155953493024773,-0.4193817488586456,-0.04761543861954111,834
CS2_35,HF3,16,partial_pearson_controlling_SOH,10,1000,0.0005319946835741905,-0.09497563803434675,0.0401031993296026,834
CS2_35,HF3,16,degradation_pearson,20,1000,-0.16754959434720196,-0.4622084718080713,-0.05212778997348116,834
CS2_35,HF3,16,degradation_spearman,20,1000,-0.2458758821249131,-0.45500446421795626,-0.006371715251958704,834
CS2_35,HF3,16,partial_pearson_controlling_SOH,20,1000,-0.0013848754311613367,-0.11552080791034408,0.0337249751396824,834
CS2_35,HF3,16,degradation_pearson,30,1000,-0.15657083053848556,-0.45549920173162434,-0.03338932271989859,834
CS2_35,HF3,16,degradation_spearman,30,1000,-0.2315709642537696,-0.46056840117727615,0.045808858302488466,834
CS2_35,HF3,16,partial_pearson_controlling_SOH,30,1000,-0.0010390559909028078,-0.109909944688999,0.023647844548162315,834
CS2_35,HF4,16,degradation_pearson,10,1000,-0.06436528666275362,-0.2583529121658996,0.14886895926500943,574
CS2_35,HF4,16,degradation_spearman,10,1000,0.13577197213007855,-0.0845162577506651,0.3386263513424404,574
CS2_35,HF4,16,partial_pearson_controlling_SOH,10,1000,0.1477568690407276,-0.03008908680992995,0.28897325053145906,574
CS2_35,HF4,16,degradation_pearson,20,1000,-0.0639835345290839,-0.2950870412118376,0.1977711024488474,574
CS2_35,HF4,16,degradation_spearman,20,1000,0.1349567373408265,-0.12119895048109347,0.40212183400579615,574
CS2_35,HF4,16,partial_pearson_controlling_SOH,20,1000,0.1488541994284331,-0.06042545600689962,0.3170099961288516,574
CS2_35,HF4,16,degradation_pearson,30,1000,-0.05426470517713406,-0.2982134044264005,0.20420536522467794,574
CS2_35,HF4,16,degradation_spearman,30,1000,0.15483244862174234,-0.11639802003395867,0.4105343558736395,574
CS2_35,HF4,16,partial_pearson_controlling_SOH,30,1000,0.14488800437174,-0.0649984506737387,0.3205003007516691,574
CS2_35,HF5,16,degradation_pearson,10,1000,-0.01990317637811312,-0.23309346854262422,0.20382794346385832,573
CS2_35,HF5,16,degradation_spearman,10,1000,0.17301666938407056,-0.042047068512254725,0.3737702361999,573
CS2_35,HF5,16,partial_pearson_controlling_SOH,10,1000,-0.12345415131266052,-0.23264174155763687,0.009572164926735427,573
CS2_35,HF5,16,degradation_pearson,20,1000,-0.01114173415105428,-0.2532911624966423,0.26408025510030597,573
CS2_35,HF5,16,degradation_spearman,20,1000,0.1777440540140225,-0.07403780620742963,0.427748309348987,573
CS2_35,HF5,16,partial_pearson_controlling_SOH,20,1000,-0.1228665155539545,-0.24022674208956726,0.014413495733012224,573
CS2_35,HF5,16,degradation_pearson,30,1000,-0.022133474718890572,-0.2538887289791783,0.2630019458659739,573
CS2_35,HF5,16,degradation_spearman,30,1000,0.18317050551126518,-0.08658336936845168,0.43326488343393893,573
CS2_35,HF5,16,partial_pearson_controlling_SOH,30,1000,-0.12220156948148891,-0.2514522779551902,0.012168598156141313,573
CS2_35,HF6,16,degradation_pearson,10,1000,0.03084549769543822,-0.14434790834526567,0.2229283003593086,573
CS2_35,HF6,16,degradation_spearman,10,1000,0.17648590700661013,-0.0493665955848151,0.37673283254960566,573
CS2_35,HF6,16,partial_pearson_controlling_SOH,10,1000,-0.1573994360395738,-0.31730890084516483,0.021421731707659847,573
CS2_35,HF6,16,degradation_pearson,20,1000,0.03417314196857166,-0.15204785357268735,0.23677343004951246,573
CS2_35,HF6,16,degradation_spearman,20,1000,0.1757240186919019,-0.044192252888728335,0.39769026412006114,573
CS2_35,HF6,16,partial_pearson_controlling_SOH,20,1000,-0.1530126523335909,-0.32366188375682226,0.05273233728453096,573
CS2_35,HF6,16,degradation_pearson,30,1000,0.032472355795922454,-0.14988337549994202,0.24692704422818315,573
CS2_35,HF6,16,degradation_spearman,30,1000,0.17413577617404902,-0.03463763472806448,0.40516173156220014,573
CS2_35,HF6,16,partial_pearson_controlling_SOH,30,1000,-0.1442172760450662,-0.3437133745769219,0.10120330966468119,573
CS2_35,HF7,16,degradation_pearson,10,1000,-0.28460288569134806,-0.4286076254926435,-0.14038711400770948,860
CS2_35,HF7,16,degradation_spearman,10,1000,-0.2370994676980714,-0.4087749486990092,-0.05612957175691438,860
CS2_35,HF7,16,partial_pearson_controlling_SOH,10,1000,0.3776837285953039,0.22921827274677797,0.5775805039557438,860
CS2_35,HF7,16,degradation_pearson,20,1000,-0.2745611529078643,-0.45850320746375184,-0.09850696736562563,860
CS2_35,HF7,16,degradation_spearman,20,1000,-0.2254590108773149,-0.4302892407228274,0.012445268577081435,860
CS2_35,HF7,16,partial_pearson_controlling_SOH,20,1000,0.3920726439902238,0.21908460956632614,0.5821909269770745,860
CS2_35,HF7,16,degradation_pearson,30,1000,-0.2773184031126534,-0.4538004673193603,-0.0969664732221781,860
CS2_35,HF7,16,degradation_spearman,30,1000,-0.222799685232281,-0.44316827458807573,0.03830545425479307,860
CS2_35,HF7,16,partial_pearson_controlling_SOH,30,1000,0.3848972948206837,0.222600993599163,0.5808992086040965,860
CS2_35,HF8,16,degradation_pearson,10,1000,0.27182531066975285,0.13701293842293882,0.3935088193238824,836
CS2_35,HF8,16,degradation_spearman,10,1000,0.22182938468773222,0.026301617178997407,0.37912017592493447,836
CS2_35,HF8,16,partial_pearson_controlling_SOH,10,1000,0.18889970672445708,0.05994054244017025,0.32299660219333115,836
CS2_35,HF8,16,degradation_pearson,20,1000,0.273558354768483,0.0961893600582718,0.41432944022100143,836
CS2_35,HF8,16,degradation_spearman,20,1000,0.21642449296333882,-0.02280029817618619,0.4066878450353152,836
CS2_35,HF8,16,partial_pearson_controlling_SOH,20,1000,0.18848848203400187,0.03570226324875039,0.3339136924666287,836
CS2_35,HF8,16,degradation_pearson,30,1000,0.26693809418732484,0.06709323397420715,0.4173963544096433,836
CS2_35,HF8,16,degradation_spearman,30,1000,0.2110872544593505,-0.04707202208888998,0.4167279621335468,836
CS2_35,HF8,16,partial_pearson_controlling_SOH,30,1000,0.18888702644921918,0.0471136250669043,0.33566580089848025,836
CS2_35,HF1,24,degradation_pearson,10,1000,-0.3995621714239356,-0.5403390790797002,-0.2285106010817679,852
CS2_35,HF1,24,degradation_spearman,10,1000,-0.32947077141931896,-0.48832591384090374,-0.128581609194584,852
CS2_35,HF1,24,partial_pearson_controlling_SOH,10,1000,0.37879986771843766,0.2087171984935883,0.5735509272879563,852
CS2_35,HF1,24,degradation_pearson,20,1000,-0.3887509922829704,-0.5664496988755766,-0.16744758211008404,852
CS2_35,HF1,24,degradation_spearman,20,1000,-0.31924399408981574,-0.5190585110326387,-0.04870903682298064,852
CS2_35,HF1,24,partial_pearson_controlling_SOH,20,1000,0.3748435539726982,0.21058080840597404,0.5682844000662992,852
CS2_35,HF1,24,degradation_pearson,30,1000,-0.3911915832340021,-0.5712155452850581,-0.15741782878041044,852
CS2_35,HF1,24,degradation_spearman,30,1000,-0.319829758433293,-0.5423629536362109,-0.040672143112549144,852
CS2_35,HF1,24,partial_pearson_controlling_SOH,30,1000,0.3790007737387468,0.2104490241914751,0.5709616152251306,852
CS2_35,HF2,24,degradation_pearson,10,1000,0.3440341035868323,0.17956470620045792,0.48492280588775494,829
CS2_35,HF2,24,degradation_spearman,10,1000,0.29318097206982946,0.10365530311491147,0.4574162404794747,829
CS2_35,HF2,24,partial_pearson_controlling_SOH,10,1000,0.2425398505055314,0.06349775032722954,0.41492008941360004,829
CS2_35,HF2,24,degradation_pearson,20,1000,0.3385463967497031,0.13500621396994583,0.4940272832414851,829
CS2_35,HF2,24,degradation_spearman,20,1000,0.2894987828963995,0.027390755282243523,0.49620125178601093,829
CS2_35,HF2,24,partial_pearson_controlling_SOH,20,1000,0.24474778883617263,0.04979075983178633,0.4076711931768983,829
CS2_35,HF2,24,degradation_pearson,30,1000,0.3258299846230934,0.10438700006589886,0.5001623739117308,829
CS2_35,HF2,24,degradation_spearman,30,1000,0.27918740780348344,-0.01485569010370788,0.5183240255993322,829
CS2_35,HF2,24,partial_pearson_controlling_SOH,30,1000,0.25163816258998806,0.04859280456845116,0.40548314155648596,829
CS2_35,HF3,24,degradation_pearson,10,1000,-0.19517185781674998,-0.5430272242513173,-0.0863935780349713,827
CS2_35,HF3,24,degradation_spearman,10,1000,-0.31998331491004495,-0.4778665047601418,-0.10856589971760999,827
CS2_35,HF3,24,partial_pearson_controlling_SOH,10,1000,0.004369153246715676,-0.09964072171864613,0.03602678906898306,827
CS2_35,HF3,24,degradation_pearson,20,1000,-0.19132622747318223,-0.5634426984400979,-0.06599457530211238,827
CS2_35,HF3,24,degradation_spearman,20,1000,-0.3147690642989168,-0.5139951625213682,-0.06241322966546951,827
CS2_35,HF3,24,partial_pearson_controlling_SOH,20,1000,0.0032841784144559236,-0.09321649128031538,0.03600093785831986,827
CS2_35,HF3,24,degradation_pearson,30,1000,-0.20039708513508253,-0.5659594926580571,-0.06509289101258285,827
CS2_35,HF3,24,degradation_spearman,30,1000,-0.31662887636178505,-0.5466174808626535,-0.046924157450767445,827
CS2_35,HF3,24,partial_pearson_controlling_SOH,30,1000,0.002663587990247008,-0.08778659445631205,0.030686189991870744,827
CS2_35,HF4,24,degradation_pearson,10,1000,-0.09192442350388327,-0.31965289230020794,0.18199185254733127,574
CS2_35,HF4,24,degradation_spearman,10,1000,0.05635223757395072,-0.17976435522454964,0.32445368919792045,574
CS2_35,HF4,24,partial_pearson_controlling_SOH,10,1000,0.141816464662183,-0.02792571913206049,0.274611790977194,574
CS2_35,HF4,24,degradation_pearson,20,1000,-0.0738046841603483,-0.3587221949774347,0.26704861726801143,574
CS2_35,HF4,24,degradation_spearman,20,1000,0.06303543225349144,-0.227531776184963,0.38380412772971234,574
CS2_35,HF4,24,partial_pearson_controlling_SOH,20,1000,0.13303554985520388,-0.0865054960166652,0.29707802243827097,574
CS2_35,HF4,24,degradation_pearson,30,1000,-0.08244237534415025,-0.3448897755641028,0.27094317017667385,574
CS2_35,HF4,24,degradation_spearman,30,1000,0.07376061140937687,-0.23154031416981072,0.3798771523176701,574
CS2_35,HF4,24,partial_pearson_controlling_SOH,30,1000,0.13553173932975826,-0.08789420668403491,0.3198135138789265,574
CS2_35,HF5,24,degradation_pearson,10,1000,-0.02492874382353033,-0.28097851451954403,0.2608698917274776,573
CS2_35,HF5,24,degradation_spearman,10,1000,0.11598935977824763,-0.12559354113089463,0.3537412742139146,573
CS2_35,HF5,24,partial_pearson_controlling_SOH,10,1000,-0.1752352881935948,-0.2929603186861799,-0.04655438905702246,573
CS2_35,HF5,24,degradation_pearson,20,1000,-0.018072431353349527,-0.31259561882868964,0.34595086441233075,573
CS2_35,HF5,24,degradation_spearman,20,1000,0.12271820625388055,-0.20151832455486088,0.4048370212302888,573
CS2_35,HF5,24,partial_pearson_controlling_SOH,20,1000,-0.17994606719467543,-0.3191840358692915,-0.022048033311851487,573
CS2_35,HF5,24,degradation_pearson,30,1000,-0.008692012174129286,-0.30903753389311517,0.34030427613284614,573
CS2_35,HF5,24,degradation_spearman,30,1000,0.12961226149569605,-0.19565773439985643,0.4152770543059728,573
CS2_35,HF5,24,partial_pearson_controlling_SOH,30,1000,-0.17837702461752875,-0.32030894410201577,-0.014552967091514947,573
CS2_35,HF6,24,degradation_pearson,10,1000,0.03902074867770691,-0.13952863483395503,0.2529162162920395,573
CS2_35,HF6,24,degradation_spearman,10,1000,0.09646224633149697,-0.11500590460065906,0.3306219452738285,573
CS2_35,HF6,24,partial_pearson_controlling_SOH,10,1000,-0.22244481320856507,-0.3905285261495347,-0.020218156920388544,573
CS2_35,HF6,24,degradation_pearson,20,1000,0.04018036699827761,-0.19964005130310494,0.2831694337882442,573
CS2_35,HF6,24,degradation_spearman,20,1000,0.1090179041053996,-0.16390964440354322,0.3654273214044721,573
CS2_35,HF6,24,partial_pearson_controlling_SOH,20,1000,-0.216424898259738,-0.42753993405485685,0.02508994237606232,573
CS2_35,HF6,24,degradation_pearson,30,1000,0.038726040096123515,-0.19056863948174502,0.3007977913005038,573
CS2_35,HF6,24,degradation_spearman,30,1000,0.10166492947365777,-0.16602354847271059,0.3798414637434103,573
CS2_35,HF6,24,partial_pearson_controlling_SOH,30,1000,-0.22524357702095055,-0.43464224444123745,0.04941451725183368,573
CS2_35,HF7,24,degradation_pearson,10,1000,-0.39571238307576384,-0.5427190581275441,-0.2382698409942132,852
CS2_35,HF7,24,degradation_spearman,10,1000,-0.31901557142223214,-0.48950151163348266,-0.14103870764003668,852
CS2_35,HF7,24,partial_pearson_controlling_SOH,10,1000,0.37129409016340775,0.21265819802388208,0.5522486896406398,852
CS2_35,HF7,24,degradation_pearson,20,1000,-0.3988634252010458,-0.5571343866110166,-0.18199015485531675,852
CS2_35,HF7,24,degradation_spearman,20,1000,-0.32377457999633685,-0.5236396132206446,-0.08513218550573468,852
CS2_35,HF7,24,partial_pearson_controlling_SOH,20,1000,0.37325442928640074,0.20485525648863834,0.5572278358982616,852
CS2_35,HF7,24,degradation_pearson,30,1000,-0.3942887940072066,-0.5735228506077459,-0.15951709320862192,852
CS2_35,HF7,24,degradation_spearman,30,1000,-0.3191250774148424,-0.5570471546504715,-0.029703787749822557,852
CS2_35,HF7,24,partial_pearson_controlling_SOH,30,1000,0.372900548392224,0.2073976854040009,0.559430684292661,852
CS2_35,HF8,24,degradation_pearson,10,1000,0.35592455483717267,0.2069599916976602,0.48376153267979977,829
CS2_35,HF8,24,degradation_spearman,10,1000,0.3053429859969518,0.10974634189719781,0.47028849983316656,829
CS2_35,HF8,24,partial_pearson_controlling_SOH,10,1000,0.23585146725131648,0.05877177902679835,0.4014988474624876,829
CS2_35,HF8,24,degradation_pearson,20,1000,0.3602821036834357,0.16649002431373267,0.4989814204448117,829
CS2_35,HF8,24,degradation_spearman,20,1000,0.3056541362772508,0.05422967505238172,0.49575404255204225,829
CS2_35,HF8,24,partial_pearson_controlling_SOH,20,1000,0.23911611501961405,0.035826960587415434,0.4125474977795822,829
CS2_35,HF8,24,degradation_pearson,30,1000,0.3497532396840665,0.12157187646799014,0.5089978399639914,829
CS2_35,HF8,24,degradation_spearman,30,1000,0.29234610380436,0.004616296624152809,0.5123455150153269,829
CS2_35,HF8,24,partial_pearson_controlling_SOH,30,1000,0.2384279256062174,0.05112462503893096,0.40622478195060713,829
CS2_35,HF1,32,degradation_pearson,10,1000,-0.5164883501842473,-0.6373348177833225,-0.35351200264557575,844
CS2_35,HF1,32,degradation_spearman,10,1000,-0.38017224718029363,-0.5449440836718883,-0.1834892271757262,844
CS2_35,HF1,32,partial_pearson_controlling_SOH,10,1000,0.3549889406546187,0.1970195828896577,0.5585379876870766,844
CS2_35,HF1,32,degradation_pearson,20,1000,-0.5110467669727221,-0.664375609921271,-0.2918459148054567,844
CS2_35,HF1,32,degradation_spearman,20,1000,-0.38035032861514356,-0.5713090672735986,-0.1446877501752448,844
CS2_35,HF1,32,partial_pearson_controlling_SOH,20,1000,0.36512853088706265,0.18589205744708204,0.5618004671814687,844
CS2_35,HF1,32,degradation_pearson,30,1000,-0.5035837885948629,-0.6759483745654071,-0.24652582241929386,844
CS2_35,HF1,32,degradation_spearman,30,1000,-0.3780077388551423,-0.6015685709260158,-0.07978701127204016,844
CS2_35,HF1,32,partial_pearson_controlling_SOH,30,1000,0.3583912607256904,0.1927053625119667,0.5510524382382213,844
CS2_35,HF2,32,degradation_pearson,10,1000,0.4524809877676641,0.28316687220843106,0.5812860393423847,824
CS2_35,HF2,32,degradation_spearman,10,1000,0.3515406170220924,0.169709608824691,0.5128249649107168,824
CS2_35,HF2,32,partial_pearson_controlling_SOH,10,1000,0.19443323252129516,0.053453838884384604,0.33859161991372744,824
CS2_35,HF2,32,degradation_pearson,20,1000,0.4413772294662881,0.22826761571298643,0.5989340628600959,824
CS2_35,HF2,32,degradation_spearman,20,1000,0.3406564970412064,0.09411415805265709,0.54608888338973,824
CS2_35,HF2,32,partial_pearson_controlling_SOH,20,1000,0.19891877975212932,0.03791980967263991,0.3550498378552556,824
CS2_35,HF2,32,degradation_pearson,30,1000,0.4425839680039358,0.18704272275459904,0.6278795131512526,824
CS2_35,HF2,32,degradation_spearman,30,1000,0.34011205772797887,0.060860341289662605,0.5784675969481592,824
CS2_35,HF2,32,partial_pearson_controlling_SOH,30,1000,0.19360941398480416,0.021017963871978164,0.378882893545388,824
CS2_35,HF3,32,degradation_pearson,10,1000,-0.21639675086806015,-0.6147175819262576,-0.10457215705215767,822
CS2_35,HF3,32,degradation_spearman,10,1000,-0.3725441051260451,-0.525802042082285,-0.1779015532015667,822
CS2_35,HF3,32,partial_pearson_controlling_SOH,10,1000,0.0024814739904071015,-0.0988904839905645,0.02800297060208894,822
CS2_35,HF3,32,degradation_pearson,20,1000,-0.21318541265973845,-0.6217443673368451,-0.09319450834803533,822
CS2_35,HF3,32,degradation_spearman,20,1000,-0.3662585526297696,-0.5652877758869204,-0.10138674429732819,822
CS2_35,HF3,32,partial_pearson_controlling_SOH,20,1000,0.0016827580142174223,-0.12028163240625989,0.033983649495552666,822
CS2_35,HF3,32,degradation_pearson,30,1000,-0.20969678639091963,-0.6465117993029892,-0.05836419469128554,822
CS2_35,HF3,32,degradation_spearman,30,1000,-0.35482282044431934,-0.5985632303986282,-0.03430614808195892,822
CS2_35,HF3,32,partial_pearson_controlling_SOH,30,1000,0.001425466836474057,-0.11298972970688259,0.040602744678593324,822
CS2_35,HF4,32,degradation_pearson,10,1000,-0.18777948334642247,-0.4284484215944476,0.11868129354586678,574
CS2_35,HF4,32,degradation_spearman,10,1000,-0.0064412976496992114,-0.26576143369258215,0.24879581480576024,574
CS2_35,HF4,32,partial_pearson_controlling_SOH,10,1000,0.19247417935198025,-0.00033524867905081115,0.33508610746134115,574
CS2_35,HF4,32,degradation_pearson,20,1000,-0.16610989515480096,-0.47036373028897444,0.2279939415429029,574
CS2_35,HF4,32,degradation_spearman,20,1000,0.007254194170677948,-0.3002336274837751,0.33263939744658877,574
CS2_35,HF4,32,partial_pearson_controlling_SOH,20,1000,0.17745873993038996,-0.05047183618513923,0.35304711520006565,574
CS2_35,HF4,32,degradation_pearson,30,1000,-0.17145993900580858,-0.45651593152694875,0.23439763117357962,574
CS2_35,HF4,32,degradation_spearman,30,1000,0.005355067616811891,-0.33644073845685996,0.3798534371547775,574
CS2_35,HF4,32,partial_pearson_controlling_SOH,30,1000,0.1777428494659875,-0.06819360198547136,0.37527394575319495,574
CS2_35,HF5,32,degradation_pearson,10,1000,-0.12496250482685312,-0.37920268799082596,0.2080989843503621,573
CS2_35,HF5,32,degradation_spearman,10,1000,0.05378952855565129,-0.19261313090707294,0.31839739940057543,573
CS2_35,HF5,32,partial_pearson_controlling_SOH,10,1000,-0.13094687762847473,-0.2781534218239505,0.004214625564230874,573
CS2_35,HF5,32,degradation_pearson,20,1000,-0.10971613978499806,-0.41512980152576806,0.2778370407384824,573
CS2_35,HF5,32,degradation_spearman,20,1000,0.05974929728550572,-0.25013967352303956,0.3801016947768526,573
CS2_35,HF5,32,partial_pearson_controlling_SOH,20,1000,-0.1331472280585942,-0.29307756575371613,0.020944689281228755,573
CS2_35,HF5,32,degradation_pearson,30,1000,-0.10453995324316105,-0.41777070455235293,0.31348831617328865,573
CS2_35,HF5,32,degradation_spearman,30,1000,0.07193214677409668,-0.2617641679630398,0.3953067991266248,573
CS2_35,HF5,32,partial_pearson_controlling_SOH,30,1000,-0.13658124246864553,-0.31203976082869805,0.02679951377179712,573
CS2_35,HF6,32,degradation_pearson,10,1000,-0.018686101805173348,-0.2063207327794811,0.1961351510660506,573
CS2_35,HF6,32,degradation_spearman,10,1000,0.04968684370939723,-0.1621239399941007,0.27355189309837225,573
CS2_35,HF6,32,partial_pearson_controlling_SOH,10,1000,-0.24348518405868108,-0.4202028691724005,-0.04999659324159266,573
CS2_35,HF6,32,degradation_pearson,20,1000,-0.014833663302819678,-0.26006675686505715,0.26315562242444174,573
CS2_35,HF6,32,degradation_spearman,20,1000,0.05822676232759342,-0.21715836054315904,0.33068255818509235,573
CS2_35,HF6,32,partial_pearson_controlling_SOH,20,1000,-0.2496416614337751,-0.4451161602511835,0.018776086073268576,573
CS2_35,HF6,32,degradation_pearson,30,1000,-0.014644934074759884,-0.28007699003350484,0.2910203193593178,573
CS2_35,HF6,32,degradation_spearman,30,1000,0.05882626076994632,-0.2370385185808143,0.36826417285855906,573
CS2_35,HF6,32,partial_pearson_controlling_SOH,30,1000,-0.23734854583505854,-0.44337004186467893,0.04553053051375623,573
CS2_35,HF7,32,degradation_pearson,10,1000,-0.5131140708365423,-0.6387857105476874,-0.36781887317595746,844
CS2_35,HF7,32,degradation_spearman,10,1000,-0.3891027237751166,-0.552624756251661,-0.20021825956898145,844
CS2_35,HF7,32,partial_pearson_controlling_SOH,10,1000,0.34891505149617075,0.20119440121321536,0.5384828161355806,844
CS2_35,HF7,32,degradation_pearson,20,1000,-0.5055222852268404,-0.6594689056651143,-0.3017098700214211,844
CS2_35,HF7,32,degradation_spearman,20,1000,-0.3809133419869735,-0.5929531879734088,-0.14502432569288345,844
CS2_35,HF7,32,partial_pearson_controlling_SOH,20,1000,0.3555962261929074,0.1882195337726371,0.5502167378167244,844
CS2_35,HF7,32,degradation_pearson,30,1000,-0.4983045140037474,-0.6618224028690757,-0.23548989999707706,844
CS2_35,HF7,32,degradation_spearman,30,1000,-0.3771352207041452,-0.5897188431307555,-0.07542958744899271,844
CS2_35,HF7,32,partial_pearson_controlling_SOH,30,1000,0.3482241139960851,0.1771359541772252,0.5523704456354998,844
CS2_35,HF8,32,degradation_pearson,10,1000,0.4680386363459511,0.30664207690522416,0.5884956451822282,824
CS2_35,HF8,32,degradation_spearman,10,1000,0.3694963235967186,0.17141884297415658,0.5154780357014206,824
CS2_35,HF8,32,partial_pearson_controlling_SOH,10,1000,0.19687240117999555,0.05544690183862239,0.34780683852045413,824
CS2_35,HF8,32,degradation_pearson,20,1000,0.462588987626522,0.2319061192746121,0.6147606775476157,824
CS2_35,HF8,32,degradation_spearman,20,1000,0.3672498265589021,0.11658942982372945,0.5620507584579099,824
CS2_35,HF8,32,partial_pearson_controlling_SOH,20,1000,0.19689179194156003,0.01732061704543247,0.37751291642812956,824
CS2_35,HF8,32,degradation_pearson,30,1000,0.4518704817780933,0.2026199006121964,0.6149045612037688,824
CS2_35,HF8,32,degradation_spearman,30,1000,0.3584445635218835,0.07832748479007147,0.5733418081221993,824
CS2_35,HF8,32,partial_pearson_controlling_SOH,30,1000,0.19263990001827047,0.01720721297106008,0.38770532851631984,824
CS2_35,HF1,48,degradation_pearson,10,1000,-0.6351389339354875,-0.7396065137030524,-0.4957100665373791,828
CS2_35,HF1,48,degradation_spearman,10,1000,-0.4611067367086124,-0.6051329585977385,-0.2755039136559433,828
CS2_35,HF1,48,partial_pearson_controlling_SOH,10,1000,0.37811068689385363,0.20048689370543207,0.5662409920714471,828
CS2_35,HF1,48,degradation_pearson,20,1000,-0.6307764616071159,-0.7596829776909446,-0.41321080714471725,828
CS2_35,HF1,48,degradation_spearman,20,1000,-0.46079876961516963,-0.6373247140349705,-0.19871030501076065,828
CS2_35,HF1,48,partial_pearson_controlling_SOH,20,1000,0.37117455125968946,0.195861342147297,0.5758235528698327,828
CS2_35,HF1,48,degradation_pearson,30,1000,-0.6252976778857811,-0.7571178679762643,-0.3644291598406877,828
CS2_35,HF1,48,degradation_spearman,30,1000,-0.4519970134967129,-0.6577351782644094,-0.13718222792441384,828
CS2_35,HF1,48,partial_pearson_controlling_SOH,30,1000,0.37315617319864247,0.19333779318330907,0.5846225185492034,828
CS2_35,HF2,48,degradation_pearson,10,1000,0.5569424910715324,0.38968684512278146,0.6680802883923695,808
CS2_35,HF2,48,degradation_spearman,10,1000,0.42131943373259223,0.2276608796784271,0.5686012847459233,808
CS2_35,HF2,48,partial_pearson_controlling_SOH,10,1000,0.24924084689546155,0.1337617259807027,0.37617733834029077,808
CS2_35,HF2,48,degradation_pearson,20,1000,0.5572239603276834,0.32528165843731527,0.6937199451221743,808
CS2_35,HF2,48,degradation_spearman,20,1000,0.4200762190497881,0.1457228863255647,0.6199785615795088,808
CS2_35,HF2,48,partial_pearson_controlling_SOH,20,1000,0.2444417841510178,0.12349406658138307,0.38375870260115463,808
CS2_35,HF2,48,degradation_pearson,30,1000,0.5514293824143948,0.2564902392138094,0.712080147185473,808
CS2_35,HF2,48,degradation_spearman,30,1000,0.4130552276850886,0.10361120783515974,0.6266999111065866,808
CS2_35,HF2,48,partial_pearson_controlling_SOH,30,1000,0.24028666011114375,0.1081418407760541,0.3755530261217866,808
CS2_35,HF3,48,degradation_pearson,10,1000,-0.22560204254009342,-0.6937257932559066,-0.12879303273094983,806
CS2_35,HF3,48,degradation_spearman,10,1000,-0.4225852549759591,-0.5778390618417033,-0.2286861920774205,806
CS2_35,HF3,48,partial_pearson_controlling_SOH,10,1000,0.005877548755086164,-0.1523358138085759,0.04219182931704892,806
CS2_35,HF3,48,degradation_pearson,20,1000,-0.2268537120734961,-0.7154614619206636,-0.10638542865681577,806
CS2_35,HF3,48,degradation_spearman,20,1000,-0.4186369372430083,-0.6085366973602946,-0.1454676647368262,806
CS2_35,HF3,48,partial_pearson_controlling_SOH,20,1000,0.00867384091508695,-0.16549114580785365,0.04631165182586734,806
CS2_35,HF3,48,degradation_pearson,30,1000,-0.22562779287476467,-0.716788707962716,-0.08651609405993789,806
CS2_35,HF3,48,degradation_spearman,30,1000,-0.40191532872556546,-0.6344036624348771,-0.04952714991673661,806
CS2_35,HF3,48,partial_pearson_controlling_SOH,30,1000,0.0070470618274539485,-0.15488012664697753,0.04884267513491744,806
CS2_35,HF4,48,degradation_pearson,10,1000,-0.2811914579763141,-0.493842237011991,0.04789556948162129,575
CS2_35,HF4,48,degradation_spearman,10,1000,-0.04333882708065734,-0.2829845686468791,0.24163789764409452,575
CS2_35,HF4,48,partial_pearson_controlling_SOH,10,1000,0.2080052653728638,0.019571119918080006,0.35287259435891244,575
CS2_35,HF4,48,degradation_pearson,20,1000,-0.27306430981642554,-0.5452904324981384,0.18939458029366663,575
CS2_35,HF4,48,degradation_spearman,20,1000,-0.02688392885991913,-0.3338710431368028,0.3425419067065131,575
CS2_35,HF4,48,partial_pearson_controlling_SOH,20,1000,0.19863602879387332,-0.024486193459686455,0.3676666692601587,575
CS2_35,HF4,48,degradation_pearson,30,1000,-0.28121057066813127,-0.5871254693606888,0.2547480228370951,575
CS2_35,HF4,48,degradation_spearman,30,1000,-0.036177898442968384,-0.4009163611731594,0.42056906825687473,575
CS2_35,HF4,48,partial_pearson_controlling_SOH,30,1000,0.20797623470025814,-0.03251266881010874,0.38360107694944173,575
CS2_35,HF5,48,degradation_pearson,10,1000,-0.19378171469176397,-0.4211991218604602,0.13883323871381573,574
CS2_35,HF5,48,degradation_spearman,10,1000,0.028620870959837112,-0.21879732005077945,0.27869293286921415,574
CS2_35,HF5,48,partial_pearson_controlling_SOH,10,1000,-0.21447921420044377,-0.35253704430915295,-0.0754624147350908,574
CS2_35,HF5,48,degradation_pearson,20,1000,-0.17098002129946163,-0.44989317946655943,0.25936929093318883,574
CS2_35,HF5,48,degradation_spearman,20,1000,0.042791322734394684,-0.2959503926263005,0.3753415557568835,574
CS2_35,HF5,48,partial_pearson_controlling_SOH,20,1000,-0.21824389145600798,-0.37350672212896563,-0.04720676496984835,574
CS2_35,HF5,48,degradation_pearson,30,1000,-0.19678655856728977,-0.49833484929088007,0.32885146960272177,574
CS2_35,HF5,48,degradation_spearman,30,1000,0.025348183652382346,-0.333176099159928,0.4173284385051389,574
CS2_35,HF5,48,partial_pearson_controlling_SOH,30,1000,-0.21019072290160537,-0.37798191388164165,-0.03667580942162793,574
CS2_35,HF6,48,degradation_pearson,10,1000,-0.08266071231954017,-0.2596003246861978,0.13168612218931833,574
CS2_35,HF6,48,degradation_spearman,10,1000,0.007506632958946791,-0.19267857917324388,0.22050841255474707,574
CS2_35,HF6,48,partial_pearson_controlling_SOH,10,1000,-0.29393682805735866,-0.45458789305915376,-0.1030317246971754,574
CS2_35,HF6,48,degradation_pearson,20,1000,-0.07562685234444354,-0.3195545701534466,0.21895387646241832,574
CS2_35,HF6,48,degradation_spearman,20,1000,0.012630689921181673,-0.26737923200037383,0.3141091561119628,574
CS2_35,HF6,48,partial_pearson_controlling_SOH,20,1000,-0.284647407382452,-0.4748815206929544,-0.03176308356055975,574
CS2_35,HF6,48,degradation_pearson,30,1000,-0.08261554337718616,-0.32995045945266155,0.2651308301887637,574
CS2_35,HF6,48,degradation_spearman,30,1000,0.014835124312845505,-0.28544352340110557,0.36046761585527165,574
CS2_35,HF6,48,partial_pearson_controlling_SOH,30,1000,-0.27561018882091604,-0.4783913030778659,0.007844025146552023,574
CS2_35,HF7,48,degradation_pearson,10,1000,-0.6328504661057355,-0.7349072445184508,-0.48507071224631804,828
CS2_35,HF7,48,degradation_spearman,10,1000,-0.4596764416963279,-0.5969033288684694,-0.25714435650312467,828
CS2_35,HF7,48,partial_pearson_controlling_SOH,10,1000,0.36335181395782196,0.18398640326103413,0.5472580948497536,828
CS2_35,HF7,48,degradation_pearson,20,1000,-0.6311581753672852,-0.7543708772703953,-0.42300566299804376,828
CS2_35,HF7,48,degradation_spearman,20,1000,-0.45895137919559614,-0.6462945154604463,-0.21628955055202162,828
CS2_35,HF7,48,partial_pearson_controlling_SOH,20,1000,0.36010726979708807,0.1840146493134627,0.5797788286720776,828
CS2_35,HF7,48,degradation_pearson,30,1000,-0.6295469923270951,-0.7698623009630851,-0.37630767921682234,828
CS2_35,HF7,48,degradation_spearman,30,1000,-0.45101067446717363,-0.6518542556111423,-0.12619292953102576,828
CS2_35,HF7,48,partial_pearson_controlling_SOH,30,1000,0.35604555213042144,0.1724124156851671,0.5641615777119242,828
CS2_35,HF8,48,degradation_pearson,10,1000,0.5834411572453113,0.4380398477195319,0.6908429822630885,808
CS2_35,HF8,48,degradation_spearman,10,1000,0.4551659843928896,0.24075014496850147,0.5864620548585855,808
CS2_35,HF8,48,partial_pearson_controlling_SOH,10,1000,0.25005937943374745,0.12763982067318158,0.37200436291865513,808
CS2_35,HF8,48,degradation_pearson,20,1000,0.5736917400561534,0.36280231043381717,0.7068202545900383,808
CS2_35,HF8,48,degradation_spearman,20,1000,0.4327080531920684,0.2004671261267458,0.6322877909863893,808
CS2_35,HF8,48,partial_pearson_controlling_SOH,20,1000,0.2488920300265835,0.12149812982932638,0.38390893215025684,808
CS2_35,HF8,48,degradation_pearson,30,1000,0.5750015659038572,0.32120467470911185,0.7193877880818738,808
CS2_35,HF8,48,degradation_spearman,30,1000,0.43890475142603835,0.14594532706894472,0.65611390778435,808
CS2_35,HF8,48,partial_pearson_controlling_SOH,30,1000,0.2440215922995712,0.10925549295845936,0.3772778436104293,808
CS2_35,HF1,64,degradation_pearson,10,1000,-0.6961062213901046,-0.7806544208242568,-0.558896787690292,814
CS2_35,HF1,64,degradation_spearman,10,1000,-0.4965687778608032,-0.6533788956310549,-0.30530800007319686,814
CS2_35,HF1,64,partial_pearson_controlling_SOH,10,1000,0.31790831003437897,0.1636541071268101,0.5123024875718002,814
CS2_35,HF1,64,degradation_pearson,20,1000,-0.6926152931326319,-0.7936979412120977,-0.48943000505132783,814
CS2_35,HF1,64,degradation_spearman,20,1000,-0.496928456668675,-0.6800949705955258,-0.20323431296779002,814
CS2_35,HF1,64,partial_pearson_controlling_SOH,20,1000,0.3126870908454844,0.1665644151109894,0.5150900473901514,814
CS2_35,HF1,64,degradation_pearson,30,1000,-0.6880659852838352,-0.8005665635725202,-0.44680678779021926,814
CS2_35,HF1,64,degradation_spearman,30,1000,-0.4930925792585978,-0.7037200268098129,-0.15256141636125806,814
CS2_35,HF1,64,partial_pearson_controlling_SOH,30,1000,0.3184366969757018,0.1463257759266974,0.509277889844893,814
CS2_35,HF2,64,degradation_pearson,10,1000,0.6106863936550573,0.44258243493152855,0.7185994171180976,793
CS2_35,HF2,64,degradation_spearman,10,1000,0.4534538944457023,0.25605259496978405,0.6001774765136713,793
CS2_35,HF2,64,partial_pearson_controlling_SOH,10,1000,0.30332353855689476,0.16639182855222578,0.4230948157693767,793
CS2_35,HF2,64,degradation_pearson,20,1000,0.6060936090945863,0.3606315176562164,0.7383044813387778,793
CS2_35,HF2,64,degradation_spearman,20,1000,0.4365549284442615,0.17949681479274687,0.6401385696350711,793
CS2_35,HF2,64,partial_pearson_controlling_SOH,20,1000,0.30504247112014604,0.14784593346082275,0.44006336858751943,793
CS2_35,HF2,64,degradation_pearson,30,1000,0.597663789906221,0.29792770167026,0.7525908829126949,793
CS2_35,HF2,64,degradation_spearman,30,1000,0.4342486448614068,0.10617236624102497,0.6504510858087507,793
CS2_35,HF2,64,partial_pearson_controlling_SOH,30,1000,0.3075483050657464,0.1272988855426449,0.44541951160921983,793
CS2_35,HF3,64,degradation_pearson,10,1000,-0.211729266650136,-0.7142229854555858,-0.11573215573954854,792
CS2_35,HF3,64,degradation_spearman,10,1000,-0.45606985367812936,-0.6162995347242575,-0.2706899747466024,792
CS2_35,HF3,64,partial_pearson_controlling_SOH,10,1000,0.0007815273934838761,-0.12713812258588986,0.025409265321297538,792
CS2_35,HF3,64,degradation_pearson,20,1000,-0.22136284548558122,-0.7181226140448628,-0.09786279548945681,792
CS2_35,HF3,64,degradation_spearman,20,1000,-0.4521421897582068,-0.6607970507155936,-0.16960535543607766,792
CS2_35,HF3,64,partial_pearson_controlling_SOH,20,1000,-0.0002167822229356305,-0.13777611691233832,0.032465233294049205,792
CS2_35,HF3,64,degradation_pearson,30,1000,-0.21575599514301783,-0.7446687220555036,-0.08689573261224877,792
CS2_35,HF3,64,degradation_spearman,30,1000,-0.45225871162064923,-0.6655108601895047,-0.11654552088909331,792
CS2_35,HF3,64,partial_pearson_controlling_SOH,30,1000,-0.00043327833595173154,-0.16416608702115756,0.03313327386927601,792
CS2_35,HF4,64,degradation_pearson,10,1000,-0.3264791326560488,-0.5311785510051102,-0.004330671485648682,575
CS2_35,HF4,64,degradation_spearman,10,1000,-0.07011335140304034,-0.32821430705314564,0.22224028476847052,575
CS2_35,HF4,64,partial_pearson_controlling_SOH,10,1000,0.21124211571914692,-0.024331179895956536,0.3618769712618908,575
CS2_35,HF4,64,degradation_pearson,20,1000,-0.3195124271469794,-0.5802680841678163,0.13307767254714262,575
CS2_35,HF4,64,degradation_spearman,20,1000,-0.05611402042328882,-0.4044966825209732,0.30902482844425144,575
CS2_35,HF4,64,partial_pearson_controlling_SOH,20,1000,0.2032531391428956,-0.04702411018708436,0.3826907475485121,575
CS2_35,HF4,64,degradation_pearson,30,1000,-0.3136451419800888,-0.6021389894349346,0.26000317523676963,575
CS2_35,HF4,64,degradation_spearman,30,1000,-0.05798426202509109,-0.43208421468905,0.4024798894555286,575
CS2_35,HF4,64,partial_pearson_controlling_SOH,30,1000,0.1913184295304836,-0.09446729412674551,0.39752469496739934,575
CS2_35,HF5,64,degradation_pearson,10,1000,-0.20274253606641573,-0.4444202966033367,0.1483700287262524,574
CS2_35,HF5,64,degradation_spearman,10,1000,0.028872437798056066,-0.24134146493417985,0.31157940490959424,574
CS2_35,HF5,64,partial_pearson_controlling_SOH,10,1000,-0.25341994232950593,-0.39023529257099115,-0.09689685235195178,574
CS2_35,HF5,64,degradation_pearson,20,1000,-0.22197789991481132,-0.5214363006433864,0.28571088915794535,574
CS2_35,HF5,64,degradation_spearman,20,1000,0.021128934433840233,-0.32806532946115835,0.40521687505808485,574
CS2_35,HF5,64,partial_pearson_controlling_SOH,20,1000,-0.26000100459752196,-0.42317627023357085,-0.05824760506246413,574
CS2_35,HF5,64,degradation_pearson,30,1000,-0.2161270274731725,-0.5296255789431334,0.3908540138428128,574
CS2_35,HF5,64,degradation_spearman,30,1000,0.029364739178232985,-0.36695904642480875,0.4577956016767687,574
CS2_35,HF5,64,partial_pearson_controlling_SOH,30,1000,-0.2504173295138788,-0.43517080532283525,-0.07161143047061216,574
CS2_35,HF6,64,degradation_pearson,10,1000,-0.09630536671583176,-0.28614061933348134,0.1364713313965316,574
CS2_35,HF6,64,degradation_spearman,10,1000,0.0011291430506190632,-0.23202960307226506,0.2485495418777861,574
CS2_35,HF6,64,partial_pearson_controlling_SOH,10,1000,-0.35521239070033267,-0.4978126647198032,-0.17356230121416752,574
CS2_35,HF6,64,degradation_pearson,20,1000,-0.10079755711537536,-0.34270760399149086,0.22576628392599407,574
CS2_35,HF6,64,degradation_spearman,20,1000,0.009006415898163252,-0.27917299173259696,0.32209640689465446,574
CS2_35,HF6,64,partial_pearson_controlling_SOH,20,1000,-0.3455114540000549,-0.5101747944684817,-0.09022611683638358,574
CS2_35,HF6,64,degradation_pearson,30,1000,-0.09226060514281975,-0.347800703840139,0.2675783390166244,574
CS2_35,HF6,64,degradation_spearman,30,1000,0.015627489086740057,-0.2990951329263102,0.344087261753921,574
CS2_35,HF6,64,partial_pearson_controlling_SOH,30,1000,-0.3421413263221269,-0.535129015045701,-0.056912600512203565,574
CS2_35,HF7,64,degradation_pearson,10,1000,-0.690647522911878,-0.7743868934469441,-0.5656429598693287,814
CS2_35,HF7,64,degradation_spearman,10,1000,-0.4972142436961936,-0.6377093641110108,-0.31283287677233856,814
CS2_35,HF7,64,partial_pearson_controlling_SOH,10,1000,0.3152167441367812,0.16295735808321657,0.4901249329035936,814
CS2_35,HF7,64,degradation_pearson,20,1000,-0.6888867897632804,-0.7951213698704999,-0.5145341476282793,814
CS2_35,HF7,64,degradation_spearman,20,1000,-0.49724558827460874,-0.6715973245590817,-0.2217805898291971,814
CS2_35,HF7,64,partial_pearson_controlling_SOH,20,1000,0.31609102456352256,0.1612008232250885,0.5005615487147607,814
CS2_35,HF7,64,degradation_pearson,30,1000,-0.6881575867464724,-0.7972034106630806,-0.4236285062549086,814
CS2_35,HF7,64,degradation_spearman,30,1000,-0.4927419969355885,-0.699553291757587,-0.16141744560661928,814
CS2_35,HF7,64,partial_pearson_controlling_SOH,30,1000,0.31765157823046875,0.1454335239753096,0.498084278631745,814
CS2_35,HF8,64,degradation_pearson,10,1000,0.6264601061000912,0.4773583058389743,0.7365685557098608,793
CS2_35,HF8,64,degradation_spearman,10,1000,0.4809709475363565,0.28655542087399644,0.6227150890454767,793
CS2_35,HF8,64,partial_pearson_controlling_SOH,10,1000,0.2920414563455169,0.1455813404777656,0.4164400276428619,793
CS2_35,HF8,64,degradation_pearson,20,1000,0.6229446745099583,0.41525665196971817,0.7536164955527921,793
CS2_35,HF8,64,degradation_spearman,20,1000,0.47213795869395414,0.19220590591857398,0.6425793255343187,793
CS2_35,HF8,64,partial_pearson_controlling_SOH,20,1000,0.287193731096941,0.11091564868075739,0.42234392755494504,793
CS2_35,HF8,64,degradation_pearson,30,1000,0.621993517643263,0.3480281880687603,0.7583187769757093,793
CS2_35,HF8,64,degradation_spearman,30,1000,0.4623269384947611,0.15714801624322225,0.6741219344344528,793
CS2_35,HF8,64,partial_pearson_controlling_SOH,30,1000,0.2906488647310206,0.11803077463900426,0.42733078627908255,793
CS2_36,HF1,1,degradation_pearson,10,1000,-0.007978890930894617,-0.030740299993854695,0.009166731952029746,968
CS2_36,HF1,1,degradation_spearman,10,1000,-0.08869411420548207,-0.1739553810974508,-0.015734804128676443,968
CS2_36,HF1,1,partial_pearson_controlling_SOH,10,1000,0.5331656367872529,0.34406172817781955,0.6691828856514309,968
CS2_36,HF1,1,degradation_pearson,20,1000,-0.007528044517993718,-0.02467105922171562,0.008877366855921172,968
CS2_36,HF1,1,degradation_spearman,20,1000,-0.08551891484093173,-0.16966133395026953,0.007100999018827604,968
CS2_36,HF1,1,partial_pearson_controlling_SOH,20,1000,0.5356596241344111,0.3919124195592866,0.6746694061367577,968
CS2_36,HF1,1,degradation_pearson,30,1000,-0.007784029106979614,-0.02542944659786753,0.004760023619443602,968
CS2_36,HF1,1,degradation_spearman,30,1000,-0.08492853947685959,-0.1639962975496004,0.014247040305592032,968
CS2_36,HF1,1,partial_pearson_controlling_SOH,30,1000,0.5346973272205351,0.4049944729498573,0.6732953766383324,968
CS2_36,HF2,1,degradation_pearson,10,1000,0.0008818289113954277,-0.02871048350952086,0.02840274879265249,944
CS2_36,HF2,1,degradation_spearman,10,1000,0.05006735424103055,-0.03538194753814768,0.13092392873316788,944
CS2_36,HF2,1,partial_pearson_controlling_SOH,10,1000,-0.07464967227391683,-0.17215048241647912,0.0010253422882960956,944
CS2_36,HF2,1,degradation_pearson,20,1000,0.00048345680858941445,-0.022524433075244207,0.024623053593451998,944
CS2_36,HF2,1,degradation_spearman,20,1000,0.04534815778482694,-0.0514967355181376,0.13723394396105423,944
CS2_36,HF2,1,partial_pearson_controlling_SOH,20,1000,-0.07548394811847009,-0.23449039960092424,-0.006764893064859832,944
CS2_36,HF2,1,degradation_pearson,30,1000,0.0002734924721264291,-0.02344361698411559,0.027444463180492994,944
CS2_36,HF2,1,degradation_spearman,30,1000,0.047802407378108,-0.06586284306902618,0.14295247308729883,944
CS2_36,HF2,1,partial_pearson_controlling_SOH,30,1000,-0.07496992447659478,-0.2747518176496248,0.002610080135014817,944
CS2_36,HF3,1,degradation_pearson,10,1000,0.15516187755918354,-0.0026009829627820454,0.4131193902662416,943
CS2_36,HF3,1,degradation_spearman,10,1000,-0.1160415748934764,-0.1899451990706139,-0.04748892903813696,943
CS2_36,HF3,1,partial_pearson_controlling_SOH,10,1000,-0.1261111887125312,-0.5286164540249286,0.0035950546011615063,943
CS2_36,HF3,1,degradation_pearson,20,1000,0.1501538625767976,0.01356561699092096,0.4288919509150718,943
CS2_36,HF3,1,degradation_spearman,20,1000,-0.11486020536911576,-0.19181076803100694,-0.025175760587810327,943
CS2_36,HF3,1,partial_pearson_controlling_SOH,20,1000,-0.12396467143004833,-0.5454511737682913,-0.01443366795266073,943
CS2_36,HF3,1,degradation_pearson,30,1000,0.15151623454100477,0.01164465001420618,0.41789718780404383,943
CS2_36,HF3,1,degradation_spearman,30,1000,-0.11496449213364712,-0.19398118903840095,-0.017746200141797612,943
CS2_36,HF3,1,partial_pearson_controlling_SOH,30,1000,-0.12366389484222734,-0.4907729346569265,-0.011116653511065097,943
CS2_36,HF4,1,degradation_pearson,10,1000,0.033624093090429595,-0.03635495184617541,0.06895713897174015,608
CS2_36,HF4,1,degradation_spearman,10,1000,0.043620442499583495,-0.05697776630220749,0.13752357985082547,608
CS2_36,HF4,1,partial_pearson_controlling_SOH,10,1000,-0.023805179182370233,-0.0627979782658943,0.011896895116603056,608
CS2_36,HF4,1,degradation_pearson,20,1000,0.03234148227020935,-0.054077320051224856,0.07074289123839969,608
CS2_36,HF4,1,degradation_spearman,20,1000,0.04228490179689828,-0.06569942296015509,0.14594408074538426,608
CS2_36,HF4,1,partial_pearson_controlling_SOH,20,1000,-0.022189398120162865,-0.06023797233364024,0.02860730170298301,608
CS2_36,HF4,1,degradation_pearson,30,1000,0.03238878492004878,-0.05382306381156212,0.07637374278225381,608
CS2_36,HF4,1,degradation_spearman,30,1000,0.04330105936367472,-0.05255510069363712,0.14766314029528982,608
CS2_36,HF4,1,partial_pearson_controlling_SOH,30,1000,-0.023308946216781392,-0.05911160163550732,0.017206350100680896,608
CS2_36,HF5,1,degradation_pearson,10,1000,0.026969612679253074,-0.04795648761356029,0.06154073152499985,608
CS2_36,HF5,1,degradation_spearman,10,1000,0.013182774152827948,-0.0771645340064411,0.12513894807211315,608
CS2_36,HF5,1,partial_pearson_controlling_SOH,10,1000,0.022297479285222965,-0.0555818834870366,0.09787816785803614,608
CS2_36,HF5,1,degradation_pearson,20,1000,0.026296138494075798,-0.04914766282085938,0.06507333355972778,608
CS2_36,HF5,1,degradation_spearman,20,1000,0.017986515186361865,-0.09041844365316663,0.12104104693239341,608
CS2_36,HF5,1,partial_pearson_controlling_SOH,20,1000,0.02419279809829387,-0.050967143734765886,0.09566932756221147,608
CS2_36,HF5,1,degradation_pearson,30,1000,0.026973122397744624,-0.0393703336369584,0.06791992106126062,608
CS2_36,HF5,1,degradation_spearman,30,1000,0.014060140480446928,-0.09195325404092963,0.12360633349834181,608
CS2_36,HF5,1,partial_pearson_controlling_SOH,30,1000,0.018787274938440214,-0.05183028940399213,0.09362836458632995,608
CS2_36,HF6,1,degradation_pearson,10,1000,0.013320504930865357,-0.030727574487540214,0.07458338277586593,608
CS2_36,HF6,1,degradation_spearman,10,1000,0.06560058136586377,-0.02244052760335561,0.15861361588289577,608
CS2_36,HF6,1,partial_pearson_controlling_SOH,10,1000,0.028669092834282962,-0.10056254537979842,0.10426749715200888,608
CS2_36,HF6,1,degradation_pearson,20,1000,0.012293775878688398,-0.03349430074654158,0.06814765273047865,608
CS2_36,HF6,1,degradation_spearman,20,1000,0.06895950903826646,-0.029895116691214512,0.16744661900782387,608
CS2_36,HF6,1,partial_pearson_controlling_SOH,20,1000,0.029348286226825636,-0.09489424127226675,0.10345662218933699,608
CS2_36,HF6,1,degradation_pearson,30,1000,0.007963325998617144,-0.03880266843411079,0.06367234570725262,608
CS2_36,HF6,1,degradation_spearman,30,1000,0.06498388796026236,-0.03990303257258117,0.1661771614565563,608
CS2_36,HF6,1,partial_pearson_controlling_SOH,30,1000,0.03268023487485612,-0.08636948192685873,0.10405249302663737,608
CS2_36,HF7,1,degradation_pearson,10,1000,-0.007980546284781434,-0.028027264020803164,0.010899976348007628,968
CS2_36,HF7,1,degradation_spearman,10,1000,-0.09025383458609285,-0.1581059547424875,-0.013740858851990258,968
CS2_36,HF7,1,partial_pearson_controlling_SOH,10,1000,0.5359283031533673,0.3419983649201306,0.6677924949577777,968
CS2_36,HF7,1,degradation_pearson,20,1000,-0.007887306773442723,-0.025173621293434267,0.0052619317369466,968
CS2_36,HF7,1,degradation_spearman,20,1000,-0.08766840622797184,-0.17133762319289558,0.0038780954038233418,968
CS2_36,HF7,1,partial_pearson_controlling_SOH,20,1000,0.532830849021192,0.3800336674408715,0.666502324122394,968
CS2_36,HF7,1,degradation_pearson,30,1000,-0.007572062081269298,-0.02369577053047579,0.004347599916836733,968
CS2_36,HF7,1,degradation_spearman,30,1000,-0.08279941218796869,-0.1670996230105451,0.021795409002487488,968
CS2_36,HF7,1,partial_pearson_controlling_SOH,30,1000,0.5311345829194543,0.4018615134524254,0.659810835242028,968
CS2_36,HF8,1,degradation_pearson,10,1000,0.0008413166889080601,-0.028958677196745095,0.03234081039841317,944
CS2_36,HF8,1,degradation_spearman,10,1000,0.06316483835930539,-0.020884198700958277,0.14078384612242537,944
CS2_36,HF8,1,partial_pearson_controlling_SOH,10,1000,-0.09624420750521727,-0.20172313495588018,-0.004568527381793155,944
CS2_36,HF8,1,degradation_pearson,20,1000,0.0010223738397338127,-0.022357584464698977,0.026558476010243887,944
CS2_36,HF8,1,degradation_spearman,20,1000,0.05871689029273086,-0.045783866491810224,0.14882000352994554,944
CS2_36,HF8,1,partial_pearson_controlling_SOH,20,1000,-0.09931738015825811,-0.261071322512162,-0.009485506272026744,944
CS2_36,HF8,1,degradation_pearson,30,1000,0.0015572928563644998,-0.021274731688642398,0.030130084034382103,944
CS2_36,HF8,1,degradation_spearman,30,1000,0.06000643982600066,-0.0452956398967346,0.15738394384379306,944
CS2_36,HF8,1,partial_pearson_controlling_SOH,30,1000,-0.09309404358922263,-0.2928756068235432,-0.009113846844491683,944
CS2_36,HF1,4,degradation_pearson,10,1000,-0.02830984176548498,-0.07840826925380197,0.011844839570779885,965
CS2_36,HF1,4,degradation_spearman,10,1000,-0.08884477866001553,-0.1851901777894464,0.0032670480188699363,965
CS2_36,HF1,4,partial_pearson_controlling_SOH,10,1000,0.5272063790265434,0.2826822568593214,0.7060049910588239,965
CS2_36,HF1,4,degradation_pearson,20,1000,-0.026019112398032673,-0.08431950175640938,0.005375270927586023,965
CS2_36,HF1,4,degradation_spearman,20,1000,-0.08200736953469963,-0.18278932736091066,0.01790526171726921,965
CS2_36,HF1,4,partial_pearson_controlling_SOH,20,1000,0.5145681721513775,0.3022406918321035,0.6915333480486234,965
CS2_36,HF1,4,degradation_pearson,30,1000,-0.026548910357984054,-0.07780070746343884,0.0032471531060656385,965
CS2_36,HF1,4,degradation_spearman,30,1000,-0.07708323279906518,-0.17610142905431256,0.033094899398650436,965
CS2_36,HF1,4,partial_pearson_controlling_SOH,30,1000,0.5165153022489137,0.3617279315665008,0.674648130454651,965
CS2_36,HF2,4,degradation_pearson,10,1000,-0.004638780899891656,-0.0466697953632096,0.05024448524739077,941
CS2_36,HF2,4,degradation_spearman,10,1000,0.022831983854447548,-0.08225517665544123,0.11617718635459484,941
CS2_36,HF2,4,partial_pearson_controlling_SOH,10,1000,-0.0578741248963803,-0.1648970639558619,0.02117969459154242,941
CS2_36,HF2,4,degradation_pearson,20,1000,-0.0034329218247561707,-0.039231114713293457,0.05125270470778381,941
CS2_36,HF2,4,degradation_spearman,20,1000,0.024997946163310247,-0.08169997347322949,0.11709037806748587,941
CS2_36,HF2,4,partial_pearson_controlling_SOH,20,1000,-0.05877328641446543,-0.19494828587654026,0.012579447579112191,941
CS2_36,HF2,4,degradation_pearson,30,1000,-0.003370897903469768,-0.04486056607624721,0.05735570556495603,941
CS2_36,HF2,4,degradation_spearman,30,1000,0.019908321159862838,-0.12151078788426799,0.12423178790174706,941
CS2_36,HF2,4,partial_pearson_controlling_SOH,30,1000,-0.05616560732541748,-0.24325468678397932,0.023207333319728678,941
CS2_36,HF3,4,degradation_pearson,10,1000,0.13804237347471876,-0.02956460078667945,0.42400520773904743,940
CS2_36,HF3,4,degradation_spearman,10,1000,-0.03641847512024378,-0.13009115736860327,0.061115452403231456,940
CS2_36,HF3,4,partial_pearson_controlling_SOH,10,1000,-0.11650010338196672,-0.48808293678225984,0.008983043740689114,940
CS2_36,HF3,4,degradation_pearson,20,1000,0.13964516175846053,-0.013564633757504,0.4112756299462555,940
CS2_36,HF3,4,degradation_spearman,20,1000,-0.0371467341921531,-0.13829466837083135,0.0707487043460866,940
CS2_36,HF3,4,partial_pearson_controlling_SOH,20,1000,-0.11981736390915393,-0.4996099437594416,-0.03162833810608737,940
CS2_36,HF3,4,degradation_pearson,30,1000,0.1366815645407754,-0.023554820885675145,0.40105424660537,940
CS2_36,HF3,4,degradation_spearman,30,1000,-0.03281421376826667,-0.13666520593790096,0.0818177652579719,940
CS2_36,HF3,4,partial_pearson_controlling_SOH,30,1000,-0.1159179123122247,-0.5021459421824973,-0.03856273807943815,940
CS2_36,HF4,4,degradation_pearson,10,1000,-0.007160794893800096,-0.11827444837573506,0.054834797413655316,607
CS2_36,HF4,4,degradation_spearman,10,1000,-0.01986999269209659,-0.16756063060349757,0.13039904189069548,607
CS2_36,HF4,4,partial_pearson_controlling_SOH,10,1000,0.025175218819363583,-0.044376906406638356,0.10179165856578995,607
CS2_36,HF4,4,degradation_pearson,20,1000,-0.008137434087060573,-0.12891126687480267,0.062495934362143235,607
CS2_36,HF4,4,degradation_spearman,20,1000,-0.014976196809790737,-0.15988800205702222,0.13767724716008614,607
CS2_36,HF4,4,partial_pearson_controlling_SOH,20,1000,0.02688377911662749,-0.04397890551407087,0.10775052974605243,607
CS2_36,HF4,4,degradation_pearson,30,1000,-0.011557650012485422,-0.12988421154825494,0.06320422394849713,607
CS2_36,HF4,4,degradation_spearman,30,1000,-0.006157399495353921,-0.13531922127383558,0.13943442102827333,607
CS2_36,HF4,4,partial_pearson_controlling_SOH,30,1000,0.026412770561105976,-0.04429676693279161,0.11007107525777059,607
CS2_36,HF5,4,degradation_pearson,10,1000,-0.014982390924255667,-0.10753404229843368,0.04691177289954382,607
CS2_36,HF5,4,degradation_spearman,10,1000,0.01515920492789316,-0.11778306193646278,0.1519602524368362,607
CS2_36,HF5,4,partial_pearson_controlling_SOH,10,1000,0.03957693076078107,-0.09179693577707602,0.1646297971028108,607
CS2_36,HF5,4,degradation_pearson,20,1000,-0.02103852464588679,-0.11526561323757957,0.04943789016320121,607
CS2_36,HF5,4,degradation_spearman,20,1000,0.0195417317448145,-0.12426846759961553,0.1680088389471949,607
CS2_36,HF5,4,partial_pearson_controlling_SOH,20,1000,0.045785087477727485,-0.09208842398971229,0.15747989668666112,607
CS2_36,HF5,4,degradation_pearson,30,1000,-0.017758790428472955,-0.1218634980973645,0.05737154775737439,607
CS2_36,HF5,4,degradation_spearman,30,1000,0.02120290045346053,-0.12212979370380334,0.19942717668270343,607
CS2_36,HF5,4,partial_pearson_controlling_SOH,30,1000,0.040216106804630405,-0.0988691470962032,0.16175176765373553,607
CS2_36,HF6,4,degradation_pearson,10,1000,0.02228578582566948,-0.0500501703694736,0.08298283518922113,607
CS2_36,HF6,4,degradation_spearman,10,1000,0.08576475387141881,-0.055603209784279746,0.22441485528871152,607
CS2_36,HF6,4,partial_pearson_controlling_SOH,10,1000,-0.06045309946590141,-0.15689054408412825,-0.012281944343992816,607
CS2_36,HF6,4,degradation_pearson,20,1000,0.02278457478903665,-0.05891186761426335,0.09079233394931382,607
CS2_36,HF6,4,degradation_spearman,20,1000,0.09293204778827102,-0.06164880687790867,0.23501689700249578,607
CS2_36,HF6,4,partial_pearson_controlling_SOH,20,1000,-0.06031458600059858,-0.14516435275224657,-0.0075186761196101605,607
CS2_36,HF6,4,degradation_pearson,30,1000,0.02310894703727108,-0.06422564874601383,0.09622808807665653,607
CS2_36,HF6,4,degradation_spearman,30,1000,0.09225161551319339,-0.04976285017036723,0.24128142726976162,607
CS2_36,HF6,4,partial_pearson_controlling_SOH,30,1000,-0.06155447659560317,-0.14294279476015076,-0.005183321888827542,607
CS2_36,HF7,4,degradation_pearson,10,1000,-0.02643508285194325,-0.07634363482470281,0.009691363191651365,965
CS2_36,HF7,4,degradation_spearman,10,1000,-0.08948198908488432,-0.17976267970278875,0.006220694865981932,965
CS2_36,HF7,4,partial_pearson_controlling_SOH,10,1000,0.5197367024373719,0.2513572806490972,0.6874763626891525,965
CS2_36,HF7,4,degradation_pearson,20,1000,-0.027399562891164055,-0.08174484861530378,0.003998086497824393,965
CS2_36,HF7,4,degradation_spearman,20,1000,-0.08152246791209142,-0.1840422691193134,0.02566403813347276,965
CS2_36,HF7,4,partial_pearson_controlling_SOH,20,1000,0.5230869100156428,0.33595300559497987,0.6921009211969875,965
CS2_36,HF7,4,degradation_pearson,30,1000,-0.025670648926107292,-0.08175690550428566,0.004749086347510788,965
CS2_36,HF7,4,degradation_spearman,30,1000,-0.07860431942620369,-0.17917567583884583,0.029341233164615635,965
CS2_36,HF7,4,partial_pearson_controlling_SOH,30,1000,0.5158652442111473,0.3462168925533523,0.6722861929232702,965
CS2_36,HF8,4,degradation_pearson,10,1000,0.0011730708868991089,-0.045752503434060655,0.05494227429058488,941
CS2_36,HF8,4,degradation_spearman,10,1000,0.04507982282113295,-0.05560458321588735,0.1410532850426098,941
CS2_36,HF8,4,partial_pearson_controlling_SOH,10,1000,-0.08056582191354726,-0.19495618905972156,0.012870166192047817,941
CS2_36,HF8,4,degradation_pearson,20,1000,0.001030567205474644,-0.036762089452316925,0.05370014210152556,941
CS2_36,HF8,4,degradation_spearman,20,1000,0.04025075204946191,-0.07579681131990551,0.139261192224958,941
CS2_36,HF8,4,partial_pearson_controlling_SOH,20,1000,-0.08026749901290525,-0.22132311500143861,0.01096239518716994,941
CS2_36,HF8,4,degradation_pearson,30,1000,0.0005109214944689404,-0.0357251090768751,0.06427940619533214,941
CS2_36,HF8,4,degradation_spearman,30,1000,0.040233798330137245,-0.07773333725142838,0.14170180119065426,941
CS2_36,HF8,4,partial_pearson_controlling_SOH,30,1000,-0.08073038662324877,-0.25514423044030143,0.003948040989671997,941
CS2_36,HF1,8,degradation_pearson,10,1000,-0.06730760723164583,-0.13532153247777431,-0.014142521334992086,961
CS2_36,HF1,8,degradation_spearman,10,1000,-0.22021275595176246,-0.3398989209844518,-0.09174691570357975,961
CS2_36,HF1,8,partial_pearson_controlling_SOH,10,1000,0.594064054791303,0.2895602332560324,0.8065639943448617,961
CS2_36,HF1,8,degradation_pearson,20,1000,-0.06495054724699201,-0.150890636927018,-0.013552180855201152,961
CS2_36,HF1,8,degradation_spearman,20,1000,-0.21331753390831548,-0.34692986198664993,-0.06476570362354545,961
CS2_36,HF1,8,partial_pearson_controlling_SOH,20,1000,0.5882661093702097,0.34417084115009344,0.7387934092050672,961
CS2_36,HF1,8,degradation_pearson,30,1000,-0.06771104770719813,-0.1479892531634291,-0.017049140950112507,961
CS2_36,HF1,8,degradation_spearman,30,1000,-0.21012976352348553,-0.3401748965590946,-0.061763934051191384,961
CS2_36,HF1,8,partial_pearson_controlling_SOH,30,1000,0.5907504671175224,0.401403972162042,0.7343271968817489,961
CS2_36,HF2,8,degradation_pearson,10,1000,0.03858786816692731,-0.01984500972022159,0.10524007833866461,937
CS2_36,HF2,8,degradation_spearman,10,1000,0.1664349187680243,0.018964219558104425,0.2851865810203085,937
CS2_36,HF2,8,partial_pearson_controlling_SOH,10,1000,-0.08710364894436655,-0.2152208631592478,0.007602805668361799,937
CS2_36,HF2,8,degradation_pearson,20,1000,0.03540371109710501,-0.012307745814555635,0.10859806703155088,937
CS2_36,HF2,8,degradation_spearman,20,1000,0.15863093784174867,0.008506591199338493,0.28824824546593303,937
CS2_36,HF2,8,partial_pearson_controlling_SOH,20,1000,-0.08582198571915867,-0.2284407942289672,-0.00197511162665616,937
CS2_36,HF2,8,degradation_pearson,30,1000,0.034154268639729465,-0.013731650560890145,0.11980515951005855,937
CS2_36,HF2,8,degradation_spearman,30,1000,0.15116220292290639,0.001791967608050116,0.2872777813798472,937
CS2_36,HF2,8,partial_pearson_controlling_SOH,30,1000,-0.09060286970374087,-0.29949893345196715,-4.688307161020026e-06,937
CS2_36,HF3,8,degradation_pearson,10,1000,0.2411943139660066,-0.043684704757442065,0.5158758048714963,936
CS2_36,HF3,8,degradation_spearman,10,1000,-0.16331764771095578,-0.2963077159420613,-0.0391222049615843,936
CS2_36,HF3,8,partial_pearson_controlling_SOH,10,1000,-0.24558418157768713,-0.64246257985533,-0.006724753013646352,936
CS2_36,HF3,8,degradation_pearson,20,1000,0.24381679231702297,-0.057613568566308546,0.4681381397654698,936
CS2_36,HF3,8,degradation_spearman,20,1000,-0.1677304400305686,-0.29530687036420294,-0.032472757448169694,936
CS2_36,HF3,8,partial_pearson_controlling_SOH,20,1000,-0.2487785130726437,-0.5897132275180706,-0.035209467594142924,936
CS2_36,HF3,8,degradation_pearson,30,1000,0.2457915630142046,-0.07632803534857084,0.4326450021413246,936
CS2_36,HF3,8,degradation_spearman,30,1000,-0.1604714342696117,-0.28444665559935634,-0.008102922260825091,936
CS2_36,HF3,8,partial_pearson_controlling_SOH,30,1000,-0.24543654322808298,-0.5698919246744829,-0.033723875140560716,936
CS2_36,HF4,8,degradation_pearson,10,1000,-0.003839664996048235,-0.16686588859745705,0.06066989388860417,608
CS2_36,HF4,8,degradation_spearman,10,1000,-0.07523001021712075,-0.2541626303400903,0.12071756488789062,608
CS2_36,HF4,8,partial_pearson_controlling_SOH,10,1000,-0.02861833947494396,-0.0666443403970179,0.05595154510108666,608
CS2_36,HF4,8,degradation_pearson,20,1000,-0.0032882279369845988,-0.18168277841170716,0.06812223729047806,608
CS2_36,HF4,8,degradation_spearman,20,1000,-0.06162529812698174,-0.237997709330975,0.11425046955625982,608
CS2_36,HF4,8,partial_pearson_controlling_SOH,20,1000,-0.029030081575409608,-0.06690420061801167,0.07388420508994459,608
CS2_36,HF4,8,degradation_pearson,30,1000,-0.0038745294939465423,-0.1839034874304228,0.07083261626512986,608
CS2_36,HF4,8,degradation_spearman,30,1000,-0.05845813586742653,-0.22426424851852503,0.14111615772467817,608
CS2_36,HF4,8,partial_pearson_controlling_SOH,30,1000,-0.030152324724275138,-0.07118786605896321,0.0807271856105563,608
CS2_36,HF5,8,degradation_pearson,10,1000,0.00019992176823780593,-0.15419315989241889,0.06304314641031915,608
CS2_36,HF5,8,degradation_spearman,10,1000,-0.03557504162860639,-0.21133348663327564,0.14483951511102858,608
CS2_36,HF5,8,partial_pearson_controlling_SOH,10,1000,-0.028053106583900554,-0.14558144772163725,0.014662180176368852,608
CS2_36,HF5,8,degradation_pearson,20,1000,0.0019467946020977171,-0.1544289465631706,0.07235676289936502,608
CS2_36,HF5,8,degradation_spearman,20,1000,-0.03023611648358048,-0.199877205710419,0.16048720764294905,608
CS2_36,HF5,8,partial_pearson_controlling_SOH,20,1000,-0.027418344337830282,-0.15808206584552598,0.01798407607449513,608
CS2_36,HF5,8,degradation_pearson,30,1000,0.002299005980519168,-0.15539057424571287,0.07633300200066272,608
CS2_36,HF5,8,degradation_spearman,30,1000,-0.030005077244183224,-0.18687667244026232,0.161605882416831,608
CS2_36,HF5,8,partial_pearson_controlling_SOH,30,1000,-0.027008046834542415,-0.14441844164206688,0.017557484132028765,608
CS2_36,HF6,8,degradation_pearson,10,1000,0.03305796503682386,-0.06296772968249491,0.10197472879502699,608
CS2_36,HF6,8,degradation_spearman,10,1000,0.03787564751036636,-0.12213963853488052,0.18951171093443323,608
CS2_36,HF6,8,partial_pearson_controlling_SOH,10,1000,-0.07708834256743402,-0.2048779278460003,-0.005885820300660515,608
CS2_36,HF6,8,degradation_pearson,20,1000,0.03291702954791789,-0.07474543435154363,0.11649657492481896,608
CS2_36,HF6,8,degradation_spearman,20,1000,0.04627893737092385,-0.11356885846550095,0.2137366337465873,608
CS2_36,HF6,8,partial_pearson_controlling_SOH,20,1000,-0.07570349806524504,-0.223788968003062,-0.011344595770784513,608
CS2_36,HF6,8,degradation_pearson,30,1000,0.03556411317737039,-0.09236691319986749,0.11593563443705189,608
CS2_36,HF6,8,degradation_spearman,30,1000,0.04502066173616187,-0.10440116763153244,0.20090991600387675,608
CS2_36,HF6,8,partial_pearson_controlling_SOH,30,1000,-0.07875107735791784,-0.21059633898190583,-0.009978546896986323,608
CS2_36,HF7,8,degradation_pearson,10,1000,-0.0658043090689133,-0.12908357633281703,-0.00923373701986158,961
CS2_36,HF7,8,degradation_spearman,10,1000,-0.21990569323580128,-0.3402751433286297,-0.0916710384211842,961
CS2_36,HF7,8,partial_pearson_controlling_SOH,10,1000,0.5857561511507983,0.26521462973052906,0.8145205951938047,961
CS2_36,HF7,8,degradation_pearson,20,1000,-0.06534736396727753,-0.1488857455699001,-0.011131161674098477,961
CS2_36,HF7,8,degradation_spearman,20,1000,-0.20970885361931454,-0.35133767496005985,-0.06165280678444885,961
CS2_36,HF7,8,partial_pearson_controlling_SOH,20,1000,0.5844108832863095,0.3410066395796655,0.7495572379160508,961
CS2_36,HF7,8,degradation_pearson,30,1000,-0.06483749996672203,-0.14416897237613682,-0.016217756154332515,961
CS2_36,HF7,8,degradation_spearman,30,1000,-0.210948563183755,-0.340282103457266,-0.05763172973462007,961
CS2_36,HF7,8,partial_pearson_controlling_SOH,30,1000,0.5858684740112723,0.3598786264882169,0.734253405087157,961
CS2_36,HF8,8,degradation_pearson,10,1000,0.04259585345566165,-0.016272132737026303,0.12231941164106457,937
CS2_36,HF8,8,degradation_spearman,10,1000,0.1842140593106742,0.04039287246286918,0.30693319092714855,937
CS2_36,HF8,8,partial_pearson_controlling_SOH,10,1000,-0.10138652458423048,-0.2381131447226995,0.002192911851929458,937
CS2_36,HF8,8,degradation_pearson,20,1000,0.03927998694959847,-0.013267996105265146,0.12200740575875166,937
CS2_36,HF8,8,degradation_spearman,20,1000,0.1780138599398653,0.035581654254380465,0.30591529041930454,937
CS2_36,HF8,8,partial_pearson_controlling_SOH,20,1000,-0.10533322495789901,-0.2621893043508992,-0.007507620589897454,937
CS2_36,HF8,8,degradation_pearson,30,1000,0.04095469666631479,-0.010832454464076276,0.13188881229201507,937
CS2_36,HF8,8,degradation_spearman,30,1000,0.17382774100183268,0.019251947180653258,0.30175910505231734,937
CS2_36,HF8,8,partial_pearson_controlling_SOH,30,1000,-0.10644384198390232,-0.3032523146263191,-0.002270732798232493,937
CS2_36,HF1,12,degradation_pearson,10,1000,-0.09655885177186878,-0.18308433443486177,-0.029508278027359967,957
CS2_36,HF1,12,degradation_spearman,10,1000,-0.2727562213335352,-0.40248062434539705,-0.14146170257659982,957
CS2_36,HF1,12,partial_pearson_controlling_SOH,10,1000,0.522417241590381,0.19548553748484548,0.7670293005326382,957
CS2_36,HF1,12,degradation_pearson,20,1000,-0.09429187365682307,-0.18617977226604204,-0.033176799749254776,957
CS2_36,HF1,12,degradation_spearman,20,1000,-0.26800537523598733,-0.40573085239853274,-0.10716790269994754,957
CS2_36,HF1,12,partial_pearson_controlling_SOH,20,1000,0.5300767700772807,0.32139788240491984,0.7280872134186286,957
CS2_36,HF1,12,degradation_pearson,30,1000,-0.09377913217456228,-0.19490599905960462,-0.027694794502572815,957
CS2_36,HF1,12,degradation_spearman,30,1000,-0.2568429627708431,-0.39953622046047166,-0.08546271129302502,957
CS2_36,HF1,12,partial_pearson_controlling_SOH,30,1000,0.5339332798364722,0.336211869095725,0.7103389968664862,957
CS2_36,HF2,12,degradation_pearson,10,1000,0.04866255168688827,-0.013841633567374816,0.12963679125199995,933
CS2_36,HF2,12,degradation_spearman,10,1000,0.1918553918069389,0.04979339843038713,0.32496263040883533,933
CS2_36,HF2,12,partial_pearson_controlling_SOH,10,1000,-0.07951089461614597,-0.21100671849363475,0.0208656410855712,933
CS2_36,HF2,12,degradation_pearson,20,1000,0.049807443420725406,-0.01726941516986722,0.14658518886779254,933
CS2_36,HF2,12,degradation_spearman,20,1000,0.18321751936231218,-0.005297520182275979,0.3521731524166377,933
CS2_36,HF2,12,partial_pearson_controlling_SOH,20,1000,-0.08732694125900897,-0.26159818916221694,0.027000959076354476,933
CS2_36,HF2,12,degradation_pearson,30,1000,0.04722611121948343,-0.016401184131044345,0.16740303044936916,933
CS2_36,HF2,12,degradation_spearman,30,1000,0.18076399348616973,-0.0210972719108317,0.3461711944882732,933
CS2_36,HF2,12,partial_pearson_controlling_SOH,30,1000,-0.08410880351529194,-0.2841659271658072,0.030336894574212365,933
CS2_36,HF3,12,degradation_pearson,10,1000,0.12315695621344624,-0.04378755914034444,0.3701946846062758,932
CS2_36,HF3,12,degradation_spearman,10,1000,-0.2003793915283898,-0.34363409483630813,-0.06050030955979216,932
CS2_36,HF3,12,partial_pearson_controlling_SOH,10,1000,-0.12150967259182857,-0.4453732230554312,-0.001097211023665953,932
CS2_36,HF3,12,degradation_pearson,20,1000,0.12508317890485587,-0.06954773218469551,0.3908313706080212,932
CS2_36,HF3,12,degradation_spearman,20,1000,-0.19932171771797352,-0.34548379644855143,-0.04909819195969189,932
CS2_36,HF3,12,partial_pearson_controlling_SOH,20,1000,-0.12240638821480772,-0.5254353080088281,-0.019856546101207687,932
CS2_36,HF3,12,degradation_pearson,30,1000,0.12231199798650524,-0.056338770143873715,0.3753837983477672,932
CS2_36,HF3,12,degradation_spearman,30,1000,-0.19776564474695674,-0.3444774110856094,-0.012105026430807006,932
CS2_36,HF3,12,partial_pearson_controlling_SOH,30,1000,-0.1229110269059428,-0.5173934490648635,-0.04504967909526619,932
CS2_36,HF4,12,degradation_pearson,10,1000,-0.056268673609610076,-0.24246871482213023,0.031801151018355046,607
CS2_36,HF4,12,degradation_spearman,10,1000,-0.14283971227785752,-0.3137068308715725,0.05053725868403795,607
CS2_36,HF4,12,partial_pearson_controlling_SOH,10,1000,-0.031635924913231916,-0.08582019627340547,0.056878128780533034,607
CS2_36,HF4,12,degradation_pearson,20,1000,-0.052000528905650434,-0.23760375359464825,0.04481559165062878,607
CS2_36,HF4,12,degradation_spearman,20,1000,-0.13570068136998542,-0.316493563260469,0.08417036340941843,607
CS2_36,HF4,12,partial_pearson_controlling_SOH,20,1000,-0.03501965014240922,-0.0843780284568661,0.04850991575629478,607
CS2_36,HF4,12,degradation_pearson,30,1000,-0.05192153904804536,-0.24075396396804033,0.04897996013266955,607
CS2_36,HF4,12,degradation_spearman,30,1000,-0.12380971622164108,-0.3052312511340837,0.13127883775719076,607
CS2_36,HF4,12,partial_pearson_controlling_SOH,30,1000,-0.0361699883488865,-0.08864664415579405,0.05767376523332807,607
CS2_36,HF5,12,degradation_pearson,10,1000,-0.03937156584670726,-0.19979990661290933,0.03286561361597605,607
CS2_36,HF5,12,degradation_spearman,10,1000,-0.08544443812798727,-0.25395404936813365,0.1040533518453436,607
CS2_36,HF5,12,partial_pearson_controlling_SOH,10,1000,-0.06852860682282608,-0.15019039966837183,-9.031916852232781e-05,607
CS2_36,HF5,12,degradation_pearson,20,1000,-0.04511332245670627,-0.2084671395202747,0.0482015716608383,607
CS2_36,HF5,12,degradation_spearman,20,1000,-0.0806823238698777,-0.28090575470632273,0.14168879810450064,607
CS2_36,HF5,12,partial_pearson_controlling_SOH,20,1000,-0.06777893254011236,-0.16913977293626153,0.004073599523168475,607
CS2_36,HF5,12,degradation_pearson,30,1000,-0.04014287159122462,-0.200357829579508,0.05392580829202857,607
CS2_36,HF5,12,degradation_spearman,30,1000,-0.061906425150975684,-0.25247990457651104,0.1994608982456834,607
CS2_36,HF5,12,partial_pearson_controlling_SOH,30,1000,-0.06571358653435841,-0.1599065657545402,0.010114669117748847,607
CS2_36,HF6,12,degradation_pearson,10,1000,0.015702781814630314,-0.11268172466333806,0.09074559300448604,607
CS2_36,HF6,12,degradation_spearman,10,1000,0.01609800771931161,-0.15676749260386044,0.2015886806343089,607
CS2_36,HF6,12,partial_pearson_controlling_SOH,10,1000,-0.12152290693822157,-0.22830813864753663,-0.06880679629507518,607
CS2_36,HF6,12,degradation_pearson,20,1000,0.014142197138573405,-0.10536084626910418,0.09489883921119763,607
CS2_36,HF6,12,degradation_spearman,20,1000,0.019540542772694798,-0.15486442053638683,0.2297194928433348,607
CS2_36,HF6,12,partial_pearson_controlling_SOH,20,1000,-0.12273118238478933,-0.22126302257839553,-0.06620556665245135,607
CS2_36,HF6,12,degradation_pearson,30,1000,0.015471227080965856,-0.1278403460486057,0.0981181260106574,607
CS2_36,HF6,12,degradation_spearman,30,1000,0.02430859127186226,-0.16547213120555285,0.22634410880106645,607
CS2_36,HF6,12,partial_pearson_controlling_SOH,30,1000,-0.1217737182273947,-0.22399212093820545,-0.06177075922904239,607
CS2_36,HF7,12,degradation_pearson,10,1000,-0.09436951763839492,-0.17893870319917085,-0.028876093967098403,957
CS2_36,HF7,12,degradation_spearman,10,1000,-0.2768036401628151,-0.39698659811127596,-0.13098115988082792,957
CS2_36,HF7,12,partial_pearson_controlling_SOH,10,1000,0.5243007596071974,0.21815446530007637,0.7496863966454433,957
CS2_36,HF7,12,degradation_pearson,20,1000,-0.09492039360456063,-0.21449079614413888,-0.029725992292513992,957
CS2_36,HF7,12,degradation_spearman,20,1000,-0.2626273647273906,-0.4176407486316579,-0.09714171197879758,957
CS2_36,HF7,12,partial_pearson_controlling_SOH,20,1000,0.5312609706402336,0.2795669490834182,0.7475880095111775,957
CS2_36,HF7,12,degradation_pearson,30,1000,-0.09256731045043617,-0.20106489234838232,-0.024897663139090018,957
CS2_36,HF7,12,degradation_spearman,30,1000,-0.25535440206831295,-0.4015775095552176,-0.08241160845155744,957
CS2_36,HF7,12,partial_pearson_controlling_SOH,30,1000,0.5245761246201024,0.3138864956045805,0.7286826537216246,957
CS2_36,HF8,12,degradation_pearson,10,1000,0.053647530524118296,-0.011523944426064145,0.13654781404353308,933
CS2_36,HF8,12,degradation_spearman,10,1000,0.21109768284736374,0.06624441726413158,0.3539136778691406,933
CS2_36,HF8,12,partial_pearson_controlling_SOH,10,1000,-0.09468419955862531,-0.2386799822628894,0.017768774521304133,933
CS2_36,HF8,12,degradation_pearson,20,1000,0.053894078644562866,-0.00818225137599101,0.15368696322268183,933
CS2_36,HF8,12,degradation_spearman,20,1000,0.2110977626905432,0.03598781341796437,0.35444550433274663,933
CS2_36,HF8,12,partial_pearson_controlling_SOH,20,1000,-0.10221379052116791,-0.2642408485970345,0.01964120621285397,933
CS2_36,HF8,12,degradation_pearson,30,1000,0.051101386861902465,-0.0162937231534059,0.17398841317400446,933
CS2_36,HF8,12,degradation_spearman,30,1000,0.2022650386186503,-0.00961301205152086,0.3631948735506302,933
CS2_36,HF8,12,partial_pearson_controlling_SOH,30,1000,-0.0989312967590722,-0.294052204233598,0.021925958669722505,933
CS2_36,HF1,16,degradation_pearson,10,1000,-0.13044815577078414,-0.23079454234083188,-0.055756028495110486,953
CS2_36,HF1,16,degradation_spearman,10,1000,-0.33584508812895497,-0.4631044087970212,-0.20124248302887404,953
CS2_36,HF1,16,partial_pearson_controlling_SOH,10,1000,0.5335196173332382,0.2090153317314929,0.753707271430393,953
CS2_36,HF1,16,degradation_pearson,20,1000,-0.13021594727197205,-0.23782121598627312,-0.05161257113808558,953
CS2_36,HF1,16,degradation_spearman,20,1000,-0.3346738230603361,-0.47587757867573527,-0.16567900848678618,953
CS2_36,HF1,16,partial_pearson_controlling_SOH,20,1000,0.5411380930324312,0.26322668592602827,0.7367112289374205,953
CS2_36,HF1,16,degradation_pearson,30,1000,-0.13225730787459078,-0.25981481515036775,-0.04811314106472734,953
CS2_36,HF1,16,degradation_spearman,30,1000,-0.3261661567868164,-0.46885991453430353,-0.1461917427679378,953
CS2_36,HF1,16,partial_pearson_controlling_SOH,30,1000,0.5308515700489029,0.323893491542776,0.7363744868361463,953
CS2_36,HF2,16,degradation_pearson,10,1000,0.08548418553647022,0.018004503436695837,0.1746321778088511,929
CS2_36,HF2,16,degradation_spearman,10,1000,0.2631557749526361,0.11893177682359532,0.40204264999521694,929
CS2_36,HF2,16,partial_pearson_controlling_SOH,10,1000,-0.10370980172755453,-0.24323630601893514,0.018662612924952575,929
CS2_36,HF2,16,degradation_pearson,20,1000,0.08662223045111195,0.010900967931501313,0.18974852414046833,929
CS2_36,HF2,16,degradation_spearman,20,1000,0.2591081560880065,0.08730388636063695,0.4061877671757196,929
CS2_36,HF2,16,partial_pearson_controlling_SOH,20,1000,-0.10026704611990504,-0.2667164151105899,0.027539691598587386,929
CS2_36,HF2,16,degradation_pearson,30,1000,0.08621313078055354,0.012025690305755513,0.1990429198357883,929
CS2_36,HF2,16,degradation_spearman,30,1000,0.2558878416713832,0.048421447633884174,0.4100604274039583,929
CS2_36,HF2,16,partial_pearson_controlling_SOH,30,1000,-0.1030760434683955,-0.3056924668296538,0.025237284034188987,929
CS2_36,HF3,16,degradation_pearson,10,1000,0.11467143301562319,-0.0729566976300174,0.3619650849533307,928
CS2_36,HF3,16,degradation_spearman,10,1000,-0.2818425389856116,-0.4017320166202464,-0.14311390169177712,928
CS2_36,HF3,16,partial_pearson_controlling_SOH,10,1000,-0.12409799251927969,-0.471513920111525,-0.008071257689839968,928
CS2_36,HF3,16,degradation_pearson,20,1000,0.12324964984821406,-0.06941456237665607,0.37166991432673724,928
CS2_36,HF3,16,degradation_spearman,20,1000,-0.2651741629534272,-0.4114870852512508,-0.09716345828108604,928
CS2_36,HF3,16,partial_pearson_controlling_SOH,20,1000,-0.12721332079946268,-0.5014085957358577,-0.015331716347035078,928
CS2_36,HF3,16,degradation_pearson,30,1000,0.11785819316985535,-0.09048341508325762,0.3642219782358159,928
CS2_36,HF3,16,degradation_spearman,30,1000,-0.26775053151003353,-0.41833136800317733,-0.08708106008313501,928
CS2_36,HF3,16,partial_pearson_controlling_SOH,30,1000,-0.12776924827922898,-0.5481248009782664,-0.041119822502077054,928
CS2_36,HF4,16,degradation_pearson,10,1000,-0.08997087604051292,-0.2884223812612803,0.020049429770656723,608
CS2_36,HF4,16,degradation_spearman,10,1000,-0.18024706011548086,-0.3729939973620155,0.030349824713111276,608
CS2_36,HF4,16,partial_pearson_controlling_SOH,10,1000,0.019719883618388192,-0.07299664463816763,0.16851251992011484,608
CS2_36,HF4,16,degradation_pearson,20,1000,-0.0963288912506873,-0.3279933021725817,0.035728070533314525,608
CS2_36,HF4,16,degradation_spearman,20,1000,-0.17960778030628693,-0.37545443878562645,0.07020229208718284,608
CS2_36,HF4,16,partial_pearson_controlling_SOH,20,1000,0.023995772664426332,-0.07615063739042598,0.1655676070649259,608
CS2_36,HF4,16,degradation_pearson,30,1000,-0.08830935233533324,-0.31185221157609366,0.03268928420502499,608
CS2_36,HF4,16,degradation_spearman,30,1000,-0.17321081133509572,-0.3621068692247953,0.06368103089302446,608
CS2_36,HF4,16,partial_pearson_controlling_SOH,30,1000,0.02087819594462987,-0.07129572935630525,0.15758153467882455,608
CS2_36,HF5,16,degradation_pearson,10,1000,-0.08839186273558802,-0.2918370290518085,0.022449960268522494,608
CS2_36,HF5,16,degradation_spearman,10,1000,-0.14224832584244182,-0.3264637621696672,0.08557226605902678,608
CS2_36,HF5,16,partial_pearson_controlling_SOH,10,1000,-0.008818641751533735,-0.13127067991907745,0.10316138019543598,608
CS2_36,HF5,16,degradation_pearson,20,1000,-0.08610024822390247,-0.2758113399154034,0.038651259513439305,608
CS2_36,HF5,16,degradation_spearman,20,1000,-0.12931126728084524,-0.3348065931346067,0.12383130848303968,608
CS2_36,HF5,16,partial_pearson_controlling_SOH,20,1000,-0.011492458465597103,-0.1507676137871217,0.09565207562212166,608
CS2_36,HF5,16,degradation_pearson,30,1000,-0.08444116494638657,-0.2828082258210437,0.033315288243693196,608
CS2_36,HF5,16,degradation_spearman,30,1000,-0.11828892893197618,-0.3374578453626334,0.14144046031451407,608
CS2_36,HF5,16,partial_pearson_controlling_SOH,30,1000,-0.013664253778385347,-0.15990943874604094,0.0813587967458601,608
CS2_36,HF6,16,degradation_pearson,10,1000,-0.03729798831782724,-0.17376582391415038,0.053664556773221746,608
CS2_36,HF6,16,degradation_spearman,10,1000,-0.02610379853102087,-0.19083003628494702,0.16458518294660385,608
CS2_36,HF6,16,partial_pearson_controlling_SOH,10,1000,-0.08216781813866103,-0.23016963967027568,-0.022533269065212403,608
CS2_36,HF6,16,degradation_pearson,20,1000,-0.03621180730582538,-0.1653862731865389,0.056000801707015616,608
CS2_36,HF6,16,degradation_spearman,20,1000,-0.020946079537412926,-0.22646998622679299,0.1838867596007853,608
CS2_36,HF6,16,partial_pearson_controlling_SOH,20,1000,-0.07820800830861929,-0.2016146676073044,-0.01849621512853503,608
CS2_36,HF6,16,degradation_pearson,30,1000,-0.04058435303279323,-0.18479851322780913,0.06264828608437244,608
CS2_36,HF6,16,degradation_spearman,30,1000,-0.01768862759301466,-0.21952839423915613,0.2144065179862423,608
CS2_36,HF6,16,partial_pearson_controlling_SOH,30,1000,-0.08253310194490078,-0.21899921803588598,-0.0125752598051171,608
CS2_36,HF7,16,degradation_pearson,10,1000,-0.12849128448980768,-0.2240298377083306,-0.05520290013927858,953
CS2_36,HF7,16,degradation_spearman,10,1000,-0.3328441998094412,-0.4558307988563499,-0.19652505535953424,953
CS2_36,HF7,16,partial_pearson_controlling_SOH,10,1000,0.5320143317150615,0.2240647442134072,0.7384128233926296,953
CS2_36,HF7,16,degradation_pearson,20,1000,-0.12671796519628403,-0.23368521691441602,-0.04859693380297733,953
CS2_36,HF7,16,degradation_spearman,20,1000,-0.3276801728339437,-0.4729396197797563,-0.14482909802719435,953
CS2_36,HF7,16,partial_pearson_controlling_SOH,20,1000,0.5296552806784212,0.29594929655246566,0.7303862442321647,953
CS2_36,HF7,16,degradation_pearson,30,1000,-0.12976496622184483,-0.24824410666497218,-0.04447001087313412,953
CS2_36,HF7,16,degradation_spearman,30,1000,-0.32222503659054147,-0.47104768884246306,-0.12299481963179944,953
CS2_36,HF7,16,partial_pearson_controlling_SOH,30,1000,0.5277489160111937,0.31007756555746374,0.7263977438424265,953
CS2_36,HF8,16,degradation_pearson,10,1000,0.09293040195102151,0.0175637268870083,0.1869082380632926,929
CS2_36,HF8,16,degradation_spearman,10,1000,0.2893849256175997,0.14534187598770562,0.42376822871634234,929
CS2_36,HF8,16,partial_pearson_controlling_SOH,10,1000,-0.11514809666254683,-0.2684092383523394,0.024573234120033698,929
CS2_36,HF8,16,degradation_pearson,20,1000,0.09336540451417293,0.015907180130408986,0.20264597723272063,929
CS2_36,HF8,16,degradation_spearman,20,1000,0.28769525423083214,0.10553805545782212,0.43806363180298,929
CS2_36,HF8,16,partial_pearson_controlling_SOH,20,1000,-0.12145781783594896,-0.30448478834603454,0.01941902934604835,929
CS2_36,HF8,16,degradation_pearson,30,1000,0.09288645895392059,0.01601322343512374,0.2110873666373245,929
CS2_36,HF8,16,degradation_spearman,30,1000,0.27447015028496846,0.06970343598722585,0.43514806661285876,929
CS2_36,HF8,16,partial_pearson_controlling_SOH,30,1000,-0.1239440695259699,-0.3267501036727442,0.011942214942010837,929
CS2_36,HF1,24,degradation_pearson,10,1000,-0.19685383442171306,-0.32845892436452323,-0.1038670340878172,945
CS2_36,HF1,24,degradation_spearman,10,1000,-0.43429616118614045,-0.5568283970997496,-0.28100139023839565,945
CS2_36,HF1,24,partial_pearson_controlling_SOH,10,1000,0.5165242987911939,0.2299223907433883,0.7478058390832809,945
CS2_36,HF1,24,degradation_pearson,20,1000,-0.19277808981134664,-0.3356029838303198,-0.08528065889389855,945
CS2_36,HF1,24,degradation_spearman,20,1000,-0.4354477941791358,-0.5843470469351641,-0.21916215452718765,945
CS2_36,HF1,24,partial_pearson_controlling_SOH,20,1000,0.5205511621054526,0.20381021961825277,0.7482466114211362,945
CS2_36,HF1,24,degradation_pearson,30,1000,-0.1963043542709182,-0.33485904742235917,-0.0769368604601948,945
CS2_36,HF1,24,degradation_spearman,30,1000,-0.43102887006745116,-0.582175894134637,-0.20484617568591906,945
CS2_36,HF1,24,partial_pearson_controlling_SOH,30,1000,0.5261504068968084,0.2727839935260659,0.7318295622405471,945
CS2_36,HF2,24,degradation_pearson,10,1000,0.13067173896904694,0.046972802025700824,0.23512662907558257,922
CS2_36,HF2,24,degradation_spearman,10,1000,0.37037450258495336,0.21741440847552243,0.4917036645013236,922
CS2_36,HF2,24,partial_pearson_controlling_SOH,10,1000,-0.10718408697165221,-0.23648712243913436,0.034356049778782434,922
CS2_36,HF2,24,degradation_pearson,20,1000,0.12996499133820869,0.026865448225523756,0.24832511182105668,922
CS2_36,HF2,24,degradation_spearman,20,1000,0.3686241255173869,0.1535857849804311,0.5221888295233266,922
CS2_36,HF2,24,partial_pearson_controlling_SOH,20,1000,-0.10544291045410815,-0.2715682981178044,0.04433888841204333,922
CS2_36,HF2,24,degradation_pearson,30,1000,0.12910428004803498,0.01744259991994857,0.2607513655798907,922
CS2_36,HF2,24,degradation_spearman,30,1000,0.35945860147963915,0.14268251400161133,0.5158981978835689,922
CS2_36,HF2,24,partial_pearson_controlling_SOH,30,1000,-0.11405203532281245,-0.28857223165833557,0.06234703773394146,922
CS2_36,HF3,24,degradation_pearson,10,1000,0.09341858393117658,-0.11067512704898792,0.322102695238501,921
CS2_36,HF3,24,degradation_spearman,10,1000,-0.38291276372975147,-0.49597616875280465,-0.24437876217704815,921
CS2_36,HF3,24,partial_pearson_controlling_SOH,10,1000,-0.12254161951373249,-0.44999315958898717,-0.00794319378387245,921
CS2_36,HF3,24,degradation_pearson,20,1000,0.10393640589624012,-0.08033036094930082,0.32632707000919153,921
CS2_36,HF3,24,degradation_spearman,20,1000,-0.38019108819583514,-0.5145365737653786,-0.1925559227642408,921
CS2_36,HF3,24,partial_pearson_controlling_SOH,20,1000,-0.12736882410653938,-0.5130784502313409,-0.026065271322218704,921
CS2_36,HF3,24,degradation_pearson,30,1000,0.10083736426744265,-0.1855498330643685,0.32054611342112027,921
CS2_36,HF3,24,degradation_spearman,30,1000,-0.383692690983076,-0.5290711732663711,-0.14635626825835346,921
CS2_36,HF3,24,partial_pearson_controlling_SOH,30,1000,-0.12360494066449909,-0.5096145480166385,-0.009949954858575638,921
CS2_36,HF4,24,degradation_pearson,10,1000,-0.13267274227356696,-0.3673480918600892,-0.006753392823616445,607
CS2_36,HF4,24,degradation_spearman,10,1000,-0.26382901915311535,-0.45499911232923645,-0.04940007638749555,607
CS2_36,HF4,24,partial_pearson_controlling_SOH,10,1000,0.04097603375407327,-0.02118094048078738,0.13318268823335233,607
CS2_36,HF4,24,degradation_pearson,20,1000,-0.12888461943019044,-0.3897679886516208,0.013980874728872982,607
CS2_36,HF4,24,degradation_spearman,20,1000,-0.25542823169437734,-0.47888308589000733,-0.003596398682427017,607
CS2_36,HF4,24,partial_pearson_controlling_SOH,20,1000,0.03837379685399897,-0.04267228266139457,0.1410827689486298,607
CS2_36,HF4,24,degradation_pearson,30,1000,-0.13581824144976667,-0.39468543523931493,0.017404282368501025,607
CS2_36,HF4,24,degradation_spearman,30,1000,-0.24593134238475595,-0.45751618428794605,0.026191314985171743,607
CS2_36,HF4,24,partial_pearson_controlling_SOH,30,1000,0.03682362031740612,-0.06227725038199962,0.1627296421538724,607
CS2_36,HF5,24,degradation_pearson,10,1000,-0.11415225609002516,-0.3512177995320377,0.010936578350550251,607
CS2_36,HF5,24,degradation_spearman,10,1000,-0.20510122565231426,-0.39584712093785124,0.012196910431750424,607
CS2_36,HF5,24,partial_pearson_controlling_SOH,10,1000,-0.08189373901511804,-0.20037233250301117,0.00472821367685491,607
CS2_36,HF5,24,degradation_pearson,20,1000,-0.11275355269726127,-0.34465025823642426,0.03276271984129262,607
CS2_36,HF5,24,degradation_spearman,20,1000,-0.20241859239912707,-0.39851499699912446,0.08228095777679834,607
CS2_36,HF5,24,partial_pearson_controlling_SOH,20,1000,-0.07996285871281286,-0.22414709517115344,0.014131681372595234,607
CS2_36,HF5,24,degradation_pearson,30,1000,-0.1108685741104308,-0.35202062488882685,0.029041127578509754,607
CS2_36,HF5,24,degradation_spearman,30,1000,-0.1862692700634591,-0.41138459760266316,0.08408473906044811,607
CS2_36,HF5,24,partial_pearson_controlling_SOH,30,1000,-0.08337154128469082,-0.22027773591508912,0.0009936440039140326,607
CS2_36,HF6,24,degradation_pearson,10,1000,-0.039868699087496955,-0.23150956492722607,0.06804824862099876,607
CS2_36,HF6,24,degradation_spearman,10,1000,-0.11967757894023923,-0.2974616255763203,0.07809660632463032,607
CS2_36,HF6,24,partial_pearson_controlling_SOH,10,1000,-0.14625950543078275,-0.2580117146781527,-0.07886808573466914,607
CS2_36,HF6,24,degradation_pearson,20,1000,-0.035256764015731495,-0.2524625233190097,0.07729196551446942,607
CS2_36,HF6,24,degradation_spearman,20,1000,-0.10581399640192748,-0.32070367043100256,0.1427494316866139,607
CS2_36,HF6,24,partial_pearson_controlling_SOH,20,1000,-0.14270887078671546,-0.24786355537870866,-0.07517044295046428,607
CS2_36,HF6,24,degradation_pearson,30,1000,-0.033145654030235255,-0.2148781214879834,0.07416360004502548,607
CS2_36,HF6,24,degradation_spearman,30,1000,-0.10440443793194708,-0.30964045501498266,0.13988082764867318,607
CS2_36,HF6,24,partial_pearson_controlling_SOH,30,1000,-0.14158830690135513,-0.2536464382828302,-0.07109472438816111,607
CS2_36,HF7,24,degradation_pearson,10,1000,-0.19331534449623,-0.3238364015898428,-0.10633015365362641,945
CS2_36,HF7,24,degradation_spearman,10,1000,-0.4342535965224916,-0.5534185978743774,-0.2835623969387042,945
CS2_36,HF7,24,partial_pearson_controlling_SOH,10,1000,0.5188131636914843,0.21979856166553707,0.7491813998546256,945
CS2_36,HF7,24,degradation_pearson,20,1000,-0.1925266774794435,-0.32848700961396965,-0.088358456269214,945
CS2_36,HF7,24,degradation_spearman,20,1000,-0.42939781477106675,-0.5748283153256843,-0.23708296361081496,945
CS2_36,HF7,24,partial_pearson_controlling_SOH,20,1000,0.5187748027400774,0.2071799429989039,0.7404783435069934,945
CS2_36,HF7,24,degradation_pearson,30,1000,-0.18798253342936505,-0.343318812494346,-0.08668652389289934,945
CS2_36,HF7,24,degradation_spearman,30,1000,-0.4208928089031735,-0.5815883286263768,-0.2125547081694817,945
CS2_36,HF7,24,partial_pearson_controlling_SOH,30,1000,0.513837280223857,0.23564418231408155,0.7318986916750143,945
CS2_36,HF8,24,degradation_pearson,10,1000,0.14149707722890972,0.050540628303060706,0.26345935340069465,922
CS2_36,HF8,24,degradation_spearman,10,1000,0.398983050701029,0.2427067935017733,0.5248920439800816,922
CS2_36,HF8,24,partial_pearson_controlling_SOH,10,1000,-0.1234628520788072,-0.2648982813869479,0.027468638420878155,922
CS2_36,HF8,24,degradation_pearson,20,1000,0.14203788068534537,0.04018578426750076,0.27669856837256557,922
CS2_36,HF8,24,degradation_spearman,20,1000,0.39575340691814787,0.2087761318875716,0.5453395707872891,922
CS2_36,HF8,24,partial_pearson_controlling_SOH,20,1000,-0.12386991939979897,-0.2942468160010207,0.043940795107500076,922
CS2_36,HF8,24,degradation_pearson,30,1000,0.1397262157184247,0.027765964540935145,0.294087611719287,922
CS2_36,HF8,24,degradation_spearman,30,1000,0.3876787123143728,0.16576874915444959,0.5373731995635919,922
CS2_36,HF8,24,partial_pearson_controlling_SOH,30,1000,-0.1308114981791984,-0.3360640052442008,0.035912104054808526,922
CS2_36,HF1,32,degradation_pearson,10,1000,-0.25722232984145654,-0.3991563557304951,-0.15174524700406045,937
CS2_36,HF1,32,degradation_spearman,10,1000,-0.48078143224573777,-0.5999866551812416,-0.3366643440513459,937
CS2_36,HF1,32,partial_pearson_controlling_SOH,10,1000,0.5159210471463807,0.20114665817947164,0.7572616769241179,937
CS2_36,HF1,32,degradation_pearson,20,1000,-0.25391480776502284,-0.4121009643304656,-0.13803389145324332,937
CS2_36,HF1,32,degradation_spearman,20,1000,-0.47517809801233707,-0.6237881508426729,-0.28348501692713074,937
CS2_36,HF1,32,partial_pearson_controlling_SOH,20,1000,0.528579745036116,0.21480931726098415,0.7688799956846228,937
CS2_36,HF1,32,degradation_pearson,30,1000,-0.25576019626877255,-0.412961416068682,-0.11950724382419921,937
CS2_36,HF1,32,degradation_spearman,30,1000,-0.4755386890978732,-0.6269789341576397,-0.23696443572475726,937
CS2_36,HF1,32,partial_pearson_controlling_SOH,30,1000,0.5229043214441926,0.24209253836772548,0.7478391658135491,937
CS2_36,HF2,32,degradation_pearson,10,1000,0.19106817731485248,0.09279470609959042,0.31559896119849773,914
CS2_36,HF2,32,degradation_spearman,10,1000,0.42019889592641635,0.280249817381795,0.52857088840386,914
CS2_36,HF2,32,partial_pearson_controlling_SOH,10,1000,-0.12428120882700769,-0.27040727741291065,0.039902667677328314,914
CS2_36,HF2,32,degradation_pearson,20,1000,0.18727254158445727,0.07355182124686216,0.3185491747487263,914
CS2_36,HF2,32,degradation_spearman,20,1000,0.40981069902532863,0.22275665423051277,0.5438941607325062,914
CS2_36,HF2,32,partial_pearson_controlling_SOH,20,1000,-0.1291636831934001,-0.2951605748207359,0.06062720605799545,914
CS2_36,HF2,32,degradation_pearson,30,1000,0.1850565274611985,0.053860988584710175,0.32573428398525817,914
CS2_36,HF2,32,degradation_spearman,30,1000,0.40599404256684224,0.18569405252291216,0.5525162000200085,914
CS2_36,HF2,32,partial_pearson_controlling_SOH,30,1000,-0.12411013370553889,-0.35917301444655536,0.07932008759137901,914
CS2_36,HF3,32,degradation_pearson,10,1000,0.0716901562443655,-0.16490829384022287,0.28706220603784066,913
CS2_36,HF3,32,degradation_spearman,10,1000,-0.4342683360501422,-0.5435131104520039,-0.29495419337424744,913
CS2_36,HF3,32,partial_pearson_controlling_SOH,10,1000,-0.11522089659822174,-0.4435989800777144,-0.0040051878126645115,913
CS2_36,HF3,32,degradation_pearson,20,1000,0.07925785625000192,-0.1473448729245055,0.2848500773482779,913
CS2_36,HF3,32,degradation_spearman,20,1000,-0.4226877494207374,-0.5652569002635764,-0.22651025516234274,913
CS2_36,HF3,32,partial_pearson_controlling_SOH,20,1000,-0.11918716471513235,-0.4840619412582843,-0.024637324774339792,913
CS2_36,HF3,32,degradation_pearson,30,1000,0.0766431555226357,-0.16089661467633112,0.2982213987419602,913
CS2_36,HF3,32,degradation_spearman,30,1000,-0.4245058258776707,-0.577258283400704,-0.19655703183348452,913
CS2_36,HF3,32,partial_pearson_controlling_SOH,30,1000,-0.11898592347686598,-0.5384435377308332,-0.029720742076085337,913
CS2_36,HF4,32,degradation_pearson,10,1000,-0.18230323270252707,-0.46917526348318556,-0.03472603483160413,607
CS2_36,HF4,32,degradation_spearman,10,1000,-0.3193932474451717,-0.510691879393488,-0.10387664407549031,607
CS2_36,HF4,32,partial_pearson_controlling_SOH,10,1000,0.047746905297278444,-0.045205497618791536,0.1275635739364781,607
CS2_36,HF4,32,degradation_pearson,20,1000,-0.18552965785971376,-0.4784918395977711,-0.007428697355202399,607
CS2_36,HF4,32,degradation_spearman,20,1000,-0.31179414714815684,-0.5319174975766807,-0.049957851827741324,607
CS2_36,HF4,32,partial_pearson_controlling_SOH,20,1000,0.04455393353306171,-0.06877956809356224,0.1455735088919111,607
CS2_36,HF4,32,degradation_pearson,30,1000,-0.17296190080975377,-0.496289512087442,0.005391954576806868,607
CS2_36,HF4,32,degradation_spearman,30,1000,-0.3145312883581087,-0.5445036464975499,-0.00825102738735658,607
CS2_36,HF4,32,partial_pearson_controlling_SOH,30,1000,0.037854525181365034,-0.08946201139374847,0.15469029813855156,607
CS2_36,HF5,32,degradation_pearson,10,1000,-0.16813713172310746,-0.4403079133901163,-0.015488739488309292,607
CS2_36,HF5,32,degradation_spearman,10,1000,-0.2589391732343428,-0.445701148103806,-0.028679758829120484,607
CS2_36,HF5,32,partial_pearson_controlling_SOH,10,1000,-0.08340886895823649,-0.22651696504053154,0.03183768115158166,607
CS2_36,HF5,32,degradation_pearson,20,1000,-0.16546982223498494,-0.4394538632031927,0.0035345926955814622,607
CS2_36,HF5,32,degradation_spearman,20,1000,-0.24918439213238347,-0.4501222481338228,0.017826686344469655,607
CS2_36,HF5,32,partial_pearson_controlling_SOH,20,1000,-0.08032527633453698,-0.22297847289216663,0.029223272054220182,607
CS2_36,HF5,32,degradation_pearson,30,1000,-0.16855154087361784,-0.4671018191705202,0.015436966891640449,607
CS2_36,HF5,32,degradation_spearman,30,1000,-0.2409442285944452,-0.4800532906589489,0.07593662049478257,607
CS2_36,HF5,32,partial_pearson_controlling_SOH,30,1000,-0.07980663012884952,-0.22730237398665132,0.02102811378883521,607
CS2_36,HF6,32,degradation_pearson,10,1000,-0.08247389801694989,-0.28022012930574564,0.04389903571605793,607
CS2_36,HF6,32,degradation_spearman,10,1000,-0.1717850656161533,-0.34607435918279533,0.008257557056717438,607
CS2_36,HF6,32,partial_pearson_controlling_SOH,10,1000,-0.15388326639055278,-0.2822435808719742,-0.08604086708735034,607
CS2_36,HF6,32,degradation_pearson,20,1000,-0.08037568399053181,-0.295797588915291,0.0568830949594254,607
CS2_36,HF6,32,degradation_spearman,20,1000,-0.16792500166943242,-0.36036159496124237,0.05965117719512193,607
CS2_36,HF6,32,partial_pearson_controlling_SOH,20,1000,-0.15011060106377194,-0.28298773750023093,-0.0843728617051463,607
CS2_36,HF6,32,degradation_pearson,30,1000,-0.08107273031171774,-0.29654419242713853,0.062235834051358005,607
CS2_36,HF6,32,degradation_spearman,30,1000,-0.15602541971530354,-0.37813166477343707,0.08906555335678963,607
CS2_36,HF6,32,partial_pearson_controlling_SOH,30,1000,-0.14841061409704404,-0.27040323150866163,-0.0843260417865524,607
CS2_36,HF7,32,degradation_pearson,10,1000,-0.2533795360208841,-0.38686777301534353,-0.1523801368820686,937
CS2_36,HF7,32,degradation_spearman,10,1000,-0.4837447988948504,-0.5918038672730044,-0.3549835474450918,937
CS2_36,HF7,32,partial_pearson_controlling_SOH,10,1000,0.5212607368083522,0.20398250423889655,0.7510823519640561,937
CS2_36,HF7,32,degradation_pearson,20,1000,-0.25462335391221785,-0.3977301370627055,-0.13637299657072877,937
CS2_36,HF7,32,degradation_spearman,20,1000,-0.4777431561494586,-0.6211642250744962,-0.27931564790831886,937
CS2_36,HF7,32,partial_pearson_controlling_SOH,20,1000,0.5175221072388206,0.24453607723419313,0.7298693890665766,937
CS2_36,HF7,32,degradation_pearson,30,1000,-0.2546070743938989,-0.4035336953779866,-0.12932076088622585,937
CS2_36,HF7,32,degradation_spearman,30,1000,-0.4763248074977756,-0.6173516905428585,-0.2463248371729804,937
CS2_36,HF7,32,partial_pearson_controlling_SOH,30,1000,0.5273370992862105,0.25072449518809875,0.7430843497674157,937
CS2_36,HF8,32,degradation_pearson,10,1000,0.19952508126305885,0.10294650255952777,0.3447609157860982,914
CS2_36,HF8,32,degradation_spearman,10,1000,0.44108021508392137,0.30172811671692834,0.5584238233152371,914
CS2_36,HF8,32,partial_pearson_controlling_SOH,10,1000,-0.1356122258834056,-0.3098059642446625,0.03904612499403801,914
CS2_36,HF8,32,degradation_pearson,20,1000,0.1968843438875591,0.08537750163757925,0.3323090953616669,914
CS2_36,HF8,32,degradation_spearman,20,1000,0.4364605734089162,0.2549138571026129,0.5606847990106067,914
CS2_36,HF8,32,partial_pearson_controlling_SOH,20,1000,-0.13814370321120154,-0.35416646513270794,0.06454762762049464,914
CS2_36,HF8,32,degradation_pearson,30,1000,0.19767033783005888,0.0759961884906776,0.33982182998208704,914
CS2_36,HF8,32,degradation_spearman,30,1000,0.43895193575360547,0.22566294378449883,0.5736250294003712,914
CS2_36,HF8,32,partial_pearson_controlling_SOH,30,1000,-0.13789097463790576,-0.36350217966476644,0.06080918215495754,914
CS2_36,HF1,48,degradation_pearson,10,1000,-0.3803487776799014,-0.5299207099844282,-0.25739325673157376,921
CS2_36,HF1,48,degradation_spearman,10,1000,-0.6338656672084519,-0.715108209159497,-0.5151679206749492,921
CS2_36,HF1,48,partial_pearson_controlling_SOH,10,1000,0.5263248317346472,0.2126336291178119,0.7416013184819059,921
CS2_36,HF1,48,degradation_pearson,20,1000,-0.38256664715328603,-0.5379743138323384,-0.256132543851512,921
CS2_36,HF1,48,degradation_spearman,20,1000,-0.6341631294175785,-0.735100081759617,-0.4660734209398621,921
CS2_36,HF1,48,partial_pearson_controlling_SOH,20,1000,0.5393400357163773,0.24393193312450612,0.738795207530209,921
CS2_36,HF1,48,degradation_pearson,30,1000,-0.3842705408042264,-0.5361984024384843,-0.22983853522656977,921
CS2_36,HF1,48,degradation_spearman,30,1000,-0.6240145762372131,-0.7432505843639667,-0.4299210118906915,921
CS2_36,HF1,48,partial_pearson_controlling_SOH,30,1000,0.5274767516809418,0.2763748828085464,0.752851445240638,921
CS2_36,HF2,48,degradation_pearson,10,1000,0.28805196367848773,0.18063221133446025,0.4384668765528854,899
CS2_36,HF2,48,degradation_spearman,10,1000,0.5737772511784689,0.44421813381153685,0.6688070293224148,899
CS2_36,HF2,48,partial_pearson_controlling_SOH,10,1000,-0.11281272880214473,-0.3112183867312887,0.089780891969082,899
CS2_36,HF2,48,degradation_pearson,20,1000,0.28263345048253025,0.14109459983425157,0.441976731318526,899
CS2_36,HF2,48,degradation_spearman,20,1000,0.5669261401971646,0.38552094836266665,0.6758553206090114,899
CS2_36,HF2,48,partial_pearson_controlling_SOH,20,1000,-0.12438404918420093,-0.3403873782865192,0.09780479806986196,899
CS2_36,HF2,48,degradation_pearson,30,1000,0.2880480915817083,0.13722568618620026,0.42666474330989046,899
CS2_36,HF2,48,degradation_spearman,30,1000,0.5575434587170464,0.369084975512847,0.6880174346794838,899
CS2_36,HF2,48,partial_pearson_controlling_SOH,30,1000,-0.11725953638758815,-0.352488285377089,0.10860104331535485,899
CS2_36,HF3,48,degradation_pearson,10,1000,0.038687731035310466,-0.1788508254539042,0.23526615231900463,898
CS2_36,HF3,48,degradation_spearman,10,1000,-0.5797919393935689,-0.6716474332944243,-0.47428433378258605,898
CS2_36,HF3,48,partial_pearson_controlling_SOH,10,1000,-0.11798052650520399,-0.4768285300225097,-0.006481617033279501,898
CS2_36,HF3,48,degradation_pearson,20,1000,0.039584181977457576,-0.30728493068089446,0.26282813761501655,898
CS2_36,HF3,48,degradation_spearman,20,1000,-0.5782774848545766,-0.68628040178728,-0.4150767107053059,898
CS2_36,HF3,48,partial_pearson_controlling_SOH,20,1000,-0.1184291331377566,-0.5743094125130439,-0.02087835845542764,898
CS2_36,HF3,48,degradation_pearson,30,1000,0.04154633308490446,-0.3100218795834017,0.21909326348494743,898
CS2_36,HF3,48,degradation_spearman,30,1000,-0.5741181559876996,-0.6899829248928706,-0.36558354995896875,898
CS2_36,HF3,48,partial_pearson_controlling_SOH,30,1000,-0.12400501959375285,-0.5037515937700451,-0.03019012069871134,898
CS2_36,HF4,48,degradation_pearson,10,1000,-0.28122819773014684,-0.5500709248049996,-0.08128063036422878,608
CS2_36,HF4,48,degradation_spearman,10,1000,-0.4789322275084234,-0.6525174529346187,-0.2846711336008335,608
CS2_36,HF4,48,partial_pearson_controlling_SOH,10,1000,0.055631448501769314,-0.04539721455471107,0.16544999626448617,608
CS2_36,HF4,48,degradation_pearson,20,1000,-0.27284309545243335,-0.5948943839014912,-0.048560434150570826,608
CS2_36,HF4,48,degradation_spearman,20,1000,-0.4784474662310068,-0.6757549339600633,-0.18055082375894943,608
CS2_36,HF4,48,partial_pearson_controlling_SOH,20,1000,0.052766255008954495,-0.07206760127719863,0.1663734383034783,608
CS2_36,HF4,48,degradation_pearson,30,1000,-0.266284927334343,-0.5795429016318688,-0.029553165360926646,608
CS2_36,HF4,48,degradation_spearman,30,1000,-0.46842664770458486,-0.6865565015500658,-0.14004961258775628,608
CS2_36,HF4,48,partial_pearson_controlling_SOH,30,1000,0.05113032542252559,-0.105137459880721,0.16219992152865126,608
CS2_36,HF5,48,degradation_pearson,10,1000,-0.2561591304256588,-0.5333142120160629,-0.0661649232769738,608
CS2_36,HF5,48,degradation_spearman,10,1000,-0.419248839864961,-0.5690459924167731,-0.22315062066774805,608
CS2_36,HF5,48,partial_pearson_controlling_SOH,10,1000,-0.10613692106195566,-0.19081785420057526,-0.046109480843231875,608
CS2_36,HF5,48,degradation_pearson,20,1000,-0.2557560562191642,-0.5521722386293787,-0.019430078296171674,608
CS2_36,HF5,48,degradation_spearman,20,1000,-0.4161878917206486,-0.6056829413484252,-0.13618776604341024,608
CS2_36,HF5,48,partial_pearson_controlling_SOH,20,1000,-0.10468929859129128,-0.1949116808796683,-0.036322544835636156,608
CS2_36,HF5,48,degradation_pearson,30,1000,-0.25174777974547885,-0.5756801897457007,-0.0017177562515473658,608
CS2_36,HF5,48,degradation_spearman,30,1000,-0.4140139476243805,-0.6217671398132231,-0.0637799884612519,608
CS2_36,HF5,48,partial_pearson_controlling_SOH,30,1000,-0.10549649144221965,-0.199120337077152,-0.04283212836294607,608
CS2_36,HF6,48,degradation_pearson,10,1000,-0.13988216978692677,-0.36017243465590953,0.028341509204478577,608
CS2_36,HF6,48,degradation_spearman,10,1000,-0.33208455283283544,-0.48283448384987,-0.1542903277804599,608
CS2_36,HF6,48,partial_pearson_controlling_SOH,10,1000,-0.207143642002187,-0.2976112190726453,-0.14646536128128526,608
CS2_36,HF6,48,degradation_pearson,20,1000,-0.12749376679920826,-0.41254434775404003,0.06589167361792558,608
CS2_36,HF6,48,degradation_spearman,20,1000,-0.3191233455402641,-0.5089166419601355,-0.0869930470552584,608
CS2_36,HF6,48,partial_pearson_controlling_SOH,20,1000,-0.2033980210458493,-0.29717887900736734,-0.13678795731625953,608
CS2_36,HF6,48,degradation_pearson,30,1000,-0.13787732065294314,-0.40870945860321806,0.07316773447773184,608
CS2_36,HF6,48,degradation_spearman,30,1000,-0.31993213808055115,-0.5436427012531528,-0.05461269957789887,608
CS2_36,HF6,48,partial_pearson_controlling_SOH,30,1000,-0.20279310450629265,-0.2939039014694883,-0.1268883848434382,608
CS2_36,HF7,48,degradation_pearson,10,1000,-0.38676106502938795,-0.5257774210708147,-0.27134055400573415,921
CS2_36,HF7,48,degradation_spearman,10,1000,-0.6393798705096869,-0.7211667414638911,-0.5273330295500074,921
CS2_36,HF7,48,partial_pearson_controlling_SOH,10,1000,0.5300514607402877,0.22137215621113004,0.7341017524690513,921
CS2_36,HF7,48,degradation_pearson,20,1000,-0.37925621791974085,-0.5430074680299615,-0.24461397210004132,921
CS2_36,HF7,48,degradation_spearman,20,1000,-0.6275827119456832,-0.7432936066096404,-0.48054596237114183,921
CS2_36,HF7,48,partial_pearson_controlling_SOH,20,1000,0.5237007442706058,0.24167638100601233,0.7597477622695661,921
CS2_36,HF7,48,degradation_pearson,30,1000,-0.38094099153561367,-0.5448213264995816,-0.22677101809211622,921
CS2_36,HF7,48,degradation_spearman,30,1000,-0.624340650605317,-0.7397120175799393,-0.41688423802287794,921
CS2_36,HF7,48,partial_pearson_controlling_SOH,30,1000,0.52950702661713,0.22712163589614226,0.7563417178474708,921
CS2_36,HF8,48,degradation_pearson,10,1000,0.3003361370883664,0.19739423619731528,0.4606466946227562,899
CS2_36,HF8,48,degradation_spearman,10,1000,0.5957603218872136,0.4883001973383998,0.6788699424128533,899
CS2_36,HF8,48,partial_pearson_controlling_SOH,10,1000,-0.13923147205992478,-0.34223742805259205,0.0701599349340187,899
CS2_36,HF8,48,degradation_pearson,20,1000,0.30322412935997056,0.1709407895683874,0.45568681177899556,899
CS2_36,HF8,48,degradation_spearman,20,1000,0.5908324929075863,0.4389093978775771,0.6929142542115557,899
CS2_36,HF8,48,partial_pearson_controlling_SOH,20,1000,-0.1435984684192123,-0.36417633885316125,0.07749102220594285,899
CS2_36,HF8,48,degradation_pearson,30,1000,0.2985851073373105,0.14097572180914894,0.4640770141021392,899
CS2_36,HF8,48,degradation_spearman,30,1000,0.5835250187928437,0.38708021214432475,0.707861745305123,899
CS2_36,HF8,48,partial_pearson_controlling_SOH,30,1000,-0.14120685050350607,-0.39351095307673273,0.08957822951138185,899
CS2_36,HF1,64,degradation_pearson,10,1000,-0.46679966523329086,-0.6184810529474816,-0.34661315514777813,905
CS2_36,HF1,64,degradation_spearman,10,1000,-0.6769059778096808,-0.7598666386900137,-0.5656086900616569,905
CS2_36,HF1,64,partial_pearson_controlling_SOH,10,1000,0.5408257269648987,0.21524322687627684,0.752511459545512,905
CS2_36,HF1,64,degradation_pearson,20,1000,-0.4657696853944039,-0.6218400664316851,-0.32528592753670865,905
CS2_36,HF1,64,degradation_spearman,20,1000,-0.6709204831694608,-0.7673663910318972,-0.508045692087128,905
CS2_36,HF1,64,partial_pearson_controlling_SOH,20,1000,0.540584469871378,0.268671461287429,0.750169065591049,905
CS2_36,HF1,64,degradation_pearson,30,1000,-0.4615122337412134,-0.6252408732341997,-0.301907957996701,905
CS2_36,HF1,64,degradation_spearman,30,1000,-0.6625333877279247,-0.7776220989306504,-0.47693969369133,905
CS2_36,HF1,64,partial_pearson_controlling_SOH,30,1000,0.5413369213407404,0.26035828714815723,0.7582596662268685,905
CS2_36,HF2,64,degradation_pearson,10,1000,0.38792099053755846,0.2602887717170142,0.5500603632856474,883
CS2_36,HF2,64,degradation_spearman,10,1000,0.6164573718773027,0.5081295351778514,0.701531866271234,883
CS2_36,HF2,64,partial_pearson_controlling_SOH,10,1000,-0.17363394825489897,-0.40324080866425727,0.08859347553448337,883
CS2_36,HF2,64,degradation_pearson,20,1000,0.3933366794680282,0.21927499234928202,0.5612398225401264,883
CS2_36,HF2,64,degradation_spearman,20,1000,0.6124397701365623,0.44676139955361877,0.7177459613234485,883
CS2_36,HF2,64,partial_pearson_controlling_SOH,20,1000,-0.17290229564600165,-0.39807210027801415,0.09429490931505202,883
CS2_36,HF2,64,degradation_pearson,30,1000,0.3897115265262621,0.20457574404360648,0.5525617830698347,883
CS2_36,HF2,64,degradation_spearman,30,1000,0.605375617966911,0.40756957522296106,0.7234340076096855,883
CS2_36,HF2,64,partial_pearson_controlling_SOH,30,1000,-0.16226419930426209,-0.4022186466785005,0.09174287089205303,883
CS2_36,HF3,64,degradation_pearson,10,1000,0.023981464390599443,-0.2856906218453276,0.19842937733851249,882
CS2_36,HF3,64,degradation_spearman,10,1000,-0.6217740199612392,-0.7016033269901707,-0.5144820266366114,882
CS2_36,HF3,64,partial_pearson_controlling_SOH,10,1000,-0.12901443630208956,-0.580029197291033,-0.009957316299880857,882
CS2_36,HF3,64,degradation_pearson,20,1000,0.02429970349381999,-0.41319713670834185,0.20168576979922526,882
CS2_36,HF3,64,degradation_spearman,20,1000,-0.6181017415243018,-0.7139979664082624,-0.46487415909241425,882
CS2_36,HF3,64,partial_pearson_controlling_SOH,20,1000,-0.1270903769832903,-0.5919209893002686,-0.0376646189796921,882
CS2_36,HF3,64,degradation_pearson,30,1000,0.021388081495834307,-0.4583302757630662,0.21577853130521105,882
CS2_36,HF3,64,degradation_spearman,30,1000,-0.6054800606360384,-0.7124990568123832,-0.4147996097533455,882
CS2_36,HF3,64,partial_pearson_controlling_SOH,30,1000,-0.12986792181195828,-0.6320207931171811,-0.042109041117937805,882
CS2_36,HF4,64,degradation_pearson,10,1000,-0.3196252153048267,-0.6296578840099191,-0.10115419029459322,608
CS2_36,HF4,64,degradation_spearman,10,1000,-0.5171179554872586,-0.6720174140774596,-0.31031138169148514,608
CS2_36,HF4,64,partial_pearson_controlling_SOH,10,1000,0.07559291498786028,-0.05398747178800336,0.20817512524883297,608
CS2_36,HF4,64,degradation_pearson,20,1000,-0.31238712060420926,-0.625079357144738,-0.07140740343060165,608
CS2_36,HF4,64,degradation_spearman,20,1000,-0.5115532705023487,-0.7206414315154306,-0.2348454884048166,608
CS2_36,HF4,64,partial_pearson_controlling_SOH,20,1000,0.0704332055783195,-0.12107170877844857,0.19240343264634707,608
CS2_36,HF4,64,degradation_pearson,30,1000,-0.3070029841784693,-0.6580429020087831,-0.04948333043910001,608
CS2_36,HF4,64,degradation_spearman,30,1000,-0.5119008462350847,-0.7277031436274499,-0.1327600283841152,608
CS2_36,HF4,64,partial_pearson_controlling_SOH,30,1000,0.0630011073310385,-0.149801550849916,0.20612255264315954,608
CS2_36,HF5,64,degradation_pearson,10,1000,-0.2731433677556214,-0.5696574315184741,-0.04646857758001563,608
CS2_36,HF5,64,degradation_spearman,10,1000,-0.4486180129544615,-0.617541505946406,-0.2442014521213749,608
CS2_36,HF5,64,partial_pearson_controlling_SOH,10,1000,-0.165915891269246,-0.27979403874875675,-0.06478297508725221,608
CS2_36,HF5,64,degradation_pearson,20,1000,-0.2720006404121414,-0.6138263241066378,-0.01602671532113727,608
CS2_36,HF5,64,degradation_spearman,20,1000,-0.4455592374713976,-0.6520631372426555,-0.13610254779785796,608
CS2_36,HF5,64,partial_pearson_controlling_SOH,20,1000,-0.1597674539262265,-0.27793024946763195,-0.05063090028034122,608
CS2_36,HF5,64,degradation_pearson,30,1000,-0.28586576562840876,-0.6147306434971195,0.0005304111449256922,608
CS2_36,HF5,64,degradation_spearman,30,1000,-0.4386539241333539,-0.6539891608154709,-0.08558745803914948,608
CS2_36,HF5,64,partial_pearson_controlling_SOH,30,1000,-0.15863562288159289,-0.24570874638109721,-0.04789719287847767,608
CS2_36,HF6,64,degradation_pearson,10,1000,-0.18319478485635612,-0.4175128830606185,0.006365414145724618,608
CS2_36,HF6,64,degradation_spearman,10,1000,-0.3531460986640441,-0.512319806868665,-0.14788697994896668,608
CS2_36,HF6,64,partial_pearson_controlling_SOH,10,1000,-0.20114818329451345,-0.33704381765916064,-0.11212635906188179,608
CS2_36,HF6,64,degradation_pearson,20,1000,-0.17042610559027113,-0.44135957988489966,0.03126437459197709,608
CS2_36,HF6,64,degradation_spearman,20,1000,-0.33985861830137787,-0.5606405639568578,-0.09505953791701725,608
CS2_36,HF6,64,partial_pearson_controlling_SOH,20,1000,-0.19512527698060456,-0.3262702500699425,-0.08879760485264691,608
CS2_36,HF6,64,degradation_pearson,30,1000,-0.18092922620279797,-0.44586455016923054,0.045953488549561605,608
CS2_36,HF6,64,degradation_spearman,30,1000,-0.3375726140713664,-0.5479349644409727,-0.05113359115897287,608
CS2_36,HF6,64,partial_pearson_controlling_SOH,30,1000,-0.19316683490688813,-0.3069622892205454,-0.07666645130525981,608
CS2_36,HF7,64,degradation_pearson,10,1000,-0.4684208509746489,-0.620119750503596,-0.34544576125977533,905
CS2_36,HF7,64,degradation_spearman,10,1000,-0.6777153741794639,-0.7648362549951188,-0.5538497231149061,905
CS2_36,HF7,64,partial_pearson_controlling_SOH,10,1000,0.5418974967334202,0.24144668872935274,0.7548799857577423,905
CS2_36,HF7,64,degradation_pearson,20,1000,-0.4696732187077872,-0.6275757061508851,-0.312741701821675,905
CS2_36,HF7,64,degradation_spearman,20,1000,-0.6742836739620139,-0.7737655403142132,-0.5068553387244918,905
CS2_36,HF7,64,partial_pearson_controlling_SOH,20,1000,0.5399698106283424,0.2501629429429435,0.7559080164138738,905
CS2_36,HF7,64,degradation_pearson,30,1000,-0.4671948920790411,-0.6252461517387314,-0.3063552624695524,905
CS2_36,HF7,64,degradation_spearman,30,1000,-0.6659575956959185,-0.7792958410463506,-0.4975175932653554,905
CS2_36,HF7,64,partial_pearson_controlling_SOH,30,1000,0.5473954004568096,0.28151113976664444,0.7542331980385474,905
CS2_36,HF8,64,degradation_pearson,10,1000,0.40019617276937874,0.2714562749264247,0.5482305864248774,883
CS2_36,HF8,64,degradation_spearman,10,1000,0.6371872065082782,0.5215653982855727,0.7134556742843022,883
CS2_36,HF8,64,partial_pearson_controlling_SOH,10,1000,-0.1959761325915027,-0.41493261847511725,0.08006863931144523,883
CS2_36,HF8,64,degradation_pearson,20,1000,0.4031332649399829,0.25169729519313844,0.5722849939587116,883
CS2_36,HF8,64,degradation_spearman,20,1000,0.63121405721306,0.48316832582326247,0.7310878930991718,883
CS2_36,HF8,64,partial_pearson_controlling_SOH,20,1000,-0.1905535805581921,-0.4288999474128249,0.09486291759341109,883
CS2_36,HF8,64,degradation_pearson,30,1000,0.4035146166259673,0.2180770434925768,0.5789458525745427,883
CS2_36,HF8,64,degradation_spearman,30,1000,0.6232156960101982,0.4392526141657717,0.7359081594834672,883
CS2_36,HF8,64,partial_pearson_controlling_SOH,30,1000,-0.19152608323263254,-0.4312288969137311,0.09192733321647586,883
CS2_37,HF1,1,degradation_pearson,10,1000,-0.008830619511899243,-0.028529411143473394,0.009077422553793952,1028
CS2_37,HF1,1,degradation_spearman,10,1000,-0.11457108171765698,-0.1925267016019319,-0.04030533813684377,1028
CS2_37,HF1,1,partial_pearson_controlling_SOH,10,1000,0.5490508603423189,0.26319150004856523,0.7402874496066806,1028
CS2_37,HF1,1,degradation_pearson,20,1000,-0.009148644954592824,-0.02727021873293809,0.004934680225357101,1028
CS2_37,HF1,1,degradation_spearman,20,1000,-0.11271817434620016,-0.19736177825476295,-0.01467860419013811,1028
CS2_37,HF1,1,partial_pearson_controlling_SOH,20,1000,0.5490648863093749,0.2654014203273877,0.6865723353711473,1028
CS2_37,HF1,1,degradation_pearson,30,1000,-0.008918667932944567,-0.028094830895455652,0.005179092969181625,1028
CS2_37,HF1,1,degradation_spearman,30,1000,-0.10743814421264217,-0.2043252068509831,0.0017426944037336831,1028
CS2_37,HF1,1,partial_pearson_controlling_SOH,30,1000,0.5490479744434678,0.276347936334735,0.6898325287806241,1028
CS2_37,HF2,1,degradation_pearson,10,1000,-0.009841398346941577,-0.05691848942944204,0.029388807023467096,1004
CS2_37,HF2,1,degradation_spearman,10,1000,0.06531522550500249,-0.019773133443963156,0.14351641906848445,1004
CS2_37,HF2,1,partial_pearson_controlling_SOH,10,1000,-0.03860597790939142,-0.1353484919015922,0.055388102998334486,1004
CS2_37,HF2,1,degradation_pearson,20,1000,-0.009008366720272623,-0.04713930105675388,0.03095811215209741,1004
CS2_37,HF2,1,degradation_spearman,20,1000,0.06254161078163663,-0.03224910842859309,0.1621940558869127,1004
CS2_37,HF2,1,partial_pearson_controlling_SOH,20,1000,-0.038980924540998885,-0.17968041530824658,0.05112561792575784,1004
CS2_37,HF2,1,degradation_pearson,30,1000,-0.00943361786663491,-0.04835501254935376,0.03322473286065826,1004
CS2_37,HF2,1,degradation_spearman,30,1000,0.0605415656644097,-0.05150111520119118,0.1597582044240836,1004
CS2_37,HF2,1,partial_pearson_controlling_SOH,30,1000,-0.03948067064865356,-0.22428277177178693,0.05050709228586124,1004
CS2_37,HF3,1,degradation_pearson,10,1000,0.0999508838580152,-0.011576571303750217,0.5201447811185408,1000
CS2_37,HF3,1,degradation_spearman,10,1000,-0.16274674560294156,-0.23621124719683317,-0.08763366127563507,1000
CS2_37,HF3,1,partial_pearson_controlling_SOH,10,1000,-0.08393806488836812,-0.6414536346368801,0.00908977500109422,1000
CS2_37,HF3,1,degradation_pearson,20,1000,0.09820518973564701,-0.01142439829905249,0.5227070331991498,1000
CS2_37,HF3,1,degradation_spearman,20,1000,-0.1590867477991351,-0.24452514397584615,-0.06857139472594953,1000
CS2_37,HF3,1,partial_pearson_controlling_SOH,20,1000,-0.0829873269246846,-0.6358301116167593,0.008543560801419617,1000
CS2_37,HF3,1,degradation_pearson,30,1000,0.1004388086501361,-0.011458080501762644,0.5304687680203031,1000
CS2_37,HF3,1,degradation_spearman,30,1000,-0.16262149849319546,-0.2502312677926873,-0.062137058567077845,1000
CS2_37,HF3,1,partial_pearson_controlling_SOH,30,1000,-0.08337181603999089,-0.6313466845652442,0.008003574009571877,1000
CS2_37,HF4,1,degradation_pearson,10,1000,0.02319084390097611,-0.05996743500826187,0.06475494399878862,642
CS2_37,HF4,1,degradation_spearman,10,1000,0.07438786983203899,-0.025531165331969207,0.16963653399305476,642
CS2_37,HF4,1,partial_pearson_controlling_SOH,10,1000,-0.011366985569372982,-0.05163942244476844,0.040483689291773206,642
CS2_37,HF4,1,degradation_pearson,20,1000,0.024177956342763693,-0.0647498365852271,0.07015286109053778,642
CS2_37,HF4,1,degradation_spearman,20,1000,0.07356823568262716,-0.0372450878714105,0.16321483147100785,642
CS2_37,HF4,1,partial_pearson_controlling_SOH,20,1000,-0.009347662674672741,-0.044690514757201226,0.04408686215561806,642
CS2_37,HF4,1,degradation_pearson,30,1000,0.024695537690549385,-0.059580072257715104,0.0754358731408849,642
CS2_37,HF4,1,degradation_spearman,30,1000,0.07524937118179062,-0.04291964319268007,0.1802654268620169,642
CS2_37,HF4,1,partial_pearson_controlling_SOH,30,1000,-0.010013046125422606,-0.047613298300050046,0.053160997175790134,642
CS2_37,HF5,1,degradation_pearson,10,1000,0.019131965798048448,-0.04502339910363905,0.062225055995676744,642
CS2_37,HF5,1,degradation_spearman,10,1000,0.038988214484243305,-0.04812307166039107,0.12904101513283123,642
CS2_37,HF5,1,partial_pearson_controlling_SOH,10,1000,0.013013570372287774,-0.09559083118972951,0.07041982167525848,642
CS2_37,HF5,1,degradation_pearson,20,1000,0.017749000807399357,-0.046203385558575345,0.06572031480011783,642
CS2_37,HF5,1,degradation_spearman,20,1000,0.04072734552840293,-0.05368678899011441,0.1308773616061416,642
CS2_37,HF5,1,partial_pearson_controlling_SOH,20,1000,0.01273713842119388,-0.09180612676845937,0.07518455979244301,642
CS2_37,HF5,1,degradation_pearson,30,1000,0.01766859617240816,-0.05369650250118322,0.06640326112781426,642
CS2_37,HF5,1,degradation_spearman,30,1000,0.03877899116899891,-0.060515445705334465,0.13217774959450784,642
CS2_37,HF5,1,partial_pearson_controlling_SOH,30,1000,0.012472697861242447,-0.09379871097081934,0.06725602607311319,642
CS2_37,HF6,1,degradation_pearson,10,1000,0.03567750394021903,-0.042590309298002324,0.08545296578348129,642
CS2_37,HF6,1,degradation_spearman,10,1000,0.07537788750784624,-0.009415825189471686,0.16711105313183794,642
CS2_37,HF6,1,partial_pearson_controlling_SOH,10,1000,-0.034697615816647376,-0.09106494559735422,0.03310621911403616,642
CS2_37,HF6,1,degradation_pearson,20,1000,0.03327348611461612,-0.04275776039744227,0.07909834995263189,642
CS2_37,HF6,1,degradation_spearman,20,1000,0.08049999265443553,-0.008728349863050443,0.17658391072946775,642
CS2_37,HF6,1,partial_pearson_controlling_SOH,20,1000,-0.03168550244146266,-0.0956712830478442,0.042568764876908416,642
CS2_37,HF6,1,degradation_pearson,30,1000,0.03462311088929226,-0.04353994579804913,0.08462063516396096,642
CS2_37,HF6,1,degradation_spearman,30,1000,0.08255416164298575,-0.022147624570564375,0.18037021047784002,642
CS2_37,HF6,1,partial_pearson_controlling_SOH,30,1000,-0.030459508932161476,-0.08448133713761335,0.03601580249615476,642
CS2_37,HF7,1,degradation_pearson,10,1000,-0.009149097937272876,-0.02989434672464407,0.008238212662621619,1028
CS2_37,HF7,1,degradation_spearman,10,1000,-0.1112631248251952,-0.18255182141926846,-0.03660114993008462,1028
CS2_37,HF7,1,partial_pearson_controlling_SOH,10,1000,0.5411202930013124,0.2604994935613157,0.7327317600777911,1028
CS2_37,HF7,1,degradation_pearson,20,1000,-0.008998996685959984,-0.029835803373479786,0.006202545634160875,1028
CS2_37,HF7,1,degradation_spearman,20,1000,-0.11120517162925572,-0.193699232619081,-0.011357704887110985,1028
CS2_37,HF7,1,partial_pearson_controlling_SOH,20,1000,0.5405260445757507,0.26811853996943597,0.6820626534074051,1028
CS2_37,HF7,1,degradation_pearson,30,1000,-0.007966969662534918,-0.026266891942859236,0.004636560859147056,1028
CS2_37,HF7,1,degradation_spearman,30,1000,-0.10232667444844239,-0.19767655411436702,-0.0007780869814588209,1028
CS2_37,HF7,1,partial_pearson_controlling_SOH,30,1000,0.5487912750739135,0.26756281277624266,0.6807902759160323,1028
CS2_37,HF8,1,degradation_pearson,10,1000,-0.00688635582676158,-0.04904220841580053,0.031513272184001455,1004
CS2_37,HF8,1,degradation_spearman,10,1000,0.0755482990014533,0.0007860081585569156,0.15625071672707885,1004
CS2_37,HF8,1,partial_pearson_controlling_SOH,10,1000,-0.0578798561580592,-0.1519906050009847,0.04043942786721492,1004
CS2_37,HF8,1,degradation_pearson,20,1000,-0.00605131680998865,-0.04895295854976776,0.03876839938474146,1004
CS2_37,HF8,1,degradation_spearman,20,1000,0.07501125950801883,-0.02156507712696475,0.1678452549498198,1004
CS2_37,HF8,1,partial_pearson_controlling_SOH,20,1000,-0.05614108906477802,-0.19219158014796023,0.04093672674672567,1004
CS2_37,HF8,1,degradation_pearson,30,1000,-0.0067223911891778195,-0.04534794929900604,0.03547575045709189,1004
CS2_37,HF8,1,degradation_spearman,30,1000,0.07530731845456778,-0.03319766652043782,0.16843621495762115,1004
CS2_37,HF8,1,partial_pearson_controlling_SOH,30,1000,-0.051632788177470246,-0.24989387421857495,0.048056746200387496,1004
CS2_37,HF1,4,degradation_pearson,10,1000,-0.04854343111760067,-0.11864906386455375,-0.001557899658915282,1025
CS2_37,HF1,4,degradation_spearman,10,1000,-0.11013135599809355,-0.20792709552312993,-0.00701435579715029,1025
CS2_37,HF1,4,partial_pearson_controlling_SOH,10,1000,0.507572121928844,0.13656604592777374,0.806054320104493,1025
CS2_37,HF1,4,degradation_pearson,20,1000,-0.04736168914113144,-0.12067633155302944,-0.004888923841721423,1025
CS2_37,HF1,4,degradation_spearman,20,1000,-0.0984573450435205,-0.20914264050712128,0.006997827064008823,1025
CS2_37,HF1,4,partial_pearson_controlling_SOH,20,1000,0.5155545357500455,0.17973104044412747,0.7642131984010749,1025
CS2_37,HF1,4,degradation_pearson,30,1000,-0.046496216573070105,-0.12812884160267415,-0.004794466838561439,1025
CS2_37,HF1,4,degradation_spearman,30,1000,-0.09674058664226484,-0.21845046625596806,0.03567525965827774,1025
CS2_37,HF1,4,partial_pearson_controlling_SOH,30,1000,0.5182994532679301,0.20515504976984045,0.7228084006088539,1025
CS2_37,HF2,4,degradation_pearson,10,1000,0.031313862682812874,-0.027909120219760483,0.08326903208612275,1002
CS2_37,HF2,4,degradation_spearman,10,1000,0.052740679329098525,-0.05802420236936026,0.14672416940761723,1002
CS2_37,HF2,4,partial_pearson_controlling_SOH,10,1000,-0.06293987187487929,-0.18208365871536702,0.06750091828560704,1002
CS2_37,HF2,4,degradation_pearson,20,1000,0.031900533640210685,-0.026745217136953738,0.08988093305268441,1002
CS2_37,HF2,4,degradation_spearman,20,1000,0.047210732101850256,-0.07323930670164296,0.15256852062938073,1002
CS2_37,HF2,4,partial_pearson_controlling_SOH,20,1000,-0.06490639252957675,-0.2085878675542647,0.06982511654715297,1002
CS2_37,HF2,4,degradation_pearson,30,1000,0.0303451582993706,-0.020316514173946518,0.09500393832381135,1002
CS2_37,HF2,4,degradation_spearman,30,1000,0.049521667669302105,-0.08669213441328072,0.16399082538084808,1002
CS2_37,HF2,4,partial_pearson_controlling_SOH,30,1000,-0.060331059302338313,-0.2795702707084278,0.07075729440723397,1002
CS2_37,HF3,4,degradation_pearson,10,1000,0.1115630568835013,-0.061465146632941184,0.6545828284740789,998
CS2_37,HF3,4,degradation_spearman,10,1000,-0.0654763536504549,-0.1665270249915715,0.047124907928761665,998
CS2_37,HF3,4,partial_pearson_controlling_SOH,10,1000,-0.10394001829821545,-0.8426631823267976,0.025842863214176205,998
CS2_37,HF3,4,degradation_pearson,20,1000,0.10888318608194339,-0.06613661977491155,0.657353204314371,998
CS2_37,HF3,4,degradation_spearman,20,1000,-0.06242235185703732,-0.19389168520097902,0.054951688000808595,998
CS2_37,HF3,4,partial_pearson_controlling_SOH,20,1000,-0.10357144148249209,-0.8330044845676551,0.02589267374400195,998
CS2_37,HF3,4,degradation_pearson,30,1000,0.10862759933039431,-0.0711045997141208,0.6528234494921455,998
CS2_37,HF3,4,degradation_spearman,30,1000,-0.05824721864208066,-0.1874088801179473,0.08784327206600102,998
CS2_37,HF3,4,partial_pearson_controlling_SOH,30,1000,-0.10309056632611793,-0.8135216972489602,0.03124170225444554,998
CS2_37,HF4,4,degradation_pearson,10,1000,0.017101043825474272,-0.06818967239302846,0.09775730585417773,641
CS2_37,HF4,4,degradation_spearman,10,1000,0.026902407889113744,-0.10268723258333055,0.17080988052954696,641
CS2_37,HF4,4,partial_pearson_controlling_SOH,10,1000,0.009591172889132308,-0.08784801358325689,0.10242970530125022,641
CS2_37,HF4,4,degradation_pearson,20,1000,0.01616491657994509,-0.053037090874684945,0.09348220997366907,641
CS2_37,HF4,4,degradation_spearman,20,1000,0.037702750571782156,-0.11297750178705468,0.18543608847104306,641
CS2_37,HF4,4,partial_pearson_controlling_SOH,20,1000,0.0071685929320168245,-0.10415344838735605,0.10634967712855654,641
CS2_37,HF4,4,degradation_pearson,30,1000,0.015342588861534001,-0.05416063527252476,0.09952527596293922,641
CS2_37,HF4,4,degradation_spearman,30,1000,0.037971071970880343,-0.11672136725206166,0.2118490471795806,641
CS2_37,HF4,4,partial_pearson_controlling_SOH,30,1000,0.008534093284780178,-0.10747285349145692,0.11107517749965623,641
CS2_37,HF5,4,degradation_pearson,10,1000,0.0348141010011645,-0.04894547853668951,0.1177593414921794,641
CS2_37,HF5,4,degradation_spearman,10,1000,0.07144648634217281,-0.06308107003036133,0.2150069591893684,641
CS2_37,HF5,4,partial_pearson_controlling_SOH,10,1000,-0.07716677621156806,-0.18107774968517454,0.041135695910892195,641
CS2_37,HF5,4,degradation_pearson,20,1000,0.03635123245522473,-0.04147335411588599,0.12286324734885157,641
CS2_37,HF5,4,degradation_spearman,20,1000,0.08228288072208642,-0.07475151350220062,0.2364810021078557,641
CS2_37,HF5,4,partial_pearson_controlling_SOH,20,1000,-0.07962054613576822,-0.17531227882270223,0.035722537917259274,641
CS2_37,HF5,4,degradation_pearson,30,1000,0.03450782845793457,-0.03333817393508537,0.12084650592786894,641
CS2_37,HF5,4,degradation_spearman,30,1000,0.08839796840578157,-0.08148133847318291,0.25624594675895945,641
CS2_37,HF5,4,partial_pearson_controlling_SOH,30,1000,-0.0772196992032321,-0.17834410446368007,0.03278940877051417,641
CS2_37,HF6,4,degradation_pearson,10,1000,0.0484390496054843,-0.035433162036768426,0.131428140094419,641
CS2_37,HF6,4,degradation_spearman,10,1000,0.09283838989561488,-0.04191485550476948,0.23114064933263082,641
CS2_37,HF6,4,partial_pearson_controlling_SOH,10,1000,-0.07278978602119018,-0.1616336307343545,0.011923590772930039,641
CS2_37,HF6,4,degradation_pearson,20,1000,0.04690394250863884,-0.029260144582706656,0.13083502194052019,641
CS2_37,HF6,4,degradation_spearman,20,1000,0.09573358973779603,-0.0514096149672037,0.2492777087069853,641
CS2_37,HF6,4,partial_pearson_controlling_SOH,20,1000,-0.0741570676399587,-0.1607292383013668,0.02448601155902779,641
CS2_37,HF6,4,degradation_pearson,30,1000,0.04573290037333455,-0.0332889567173216,0.13390179346474881,641
CS2_37,HF6,4,degradation_spearman,30,1000,0.10421946279590927,-0.06258922708237175,0.2610591987434011,641
CS2_37,HF6,4,partial_pearson_controlling_SOH,30,1000,-0.06940433701546297,-0.16025737820342756,0.026314026263645745,641
CS2_37,HF7,4,degradation_pearson,10,1000,-0.04776830586685882,-0.1146531102837224,-0.0017470305611221896,1025
CS2_37,HF7,4,degradation_spearman,10,1000,-0.10591022520685489,-0.20061588304690053,-0.007627151555359426,1025
CS2_37,HF7,4,partial_pearson_controlling_SOH,10,1000,0.5044412071469964,0.14667389910281786,0.7883790896078626,1025
CS2_37,HF7,4,degradation_pearson,20,1000,-0.044943554720423974,-0.1183920953731162,-0.003394704784307463,1025
CS2_37,HF7,4,degradation_spearman,20,1000,-0.09962103342889037,-0.2076921229996335,0.02603858767466135,1025
CS2_37,HF7,4,partial_pearson_controlling_SOH,20,1000,0.5105324644861011,0.17608169622179215,0.7454661920731374,1025
CS2_37,HF7,4,degradation_pearson,30,1000,-0.04676847404033791,-0.12419748987623762,-0.0027375738304366796,1025
CS2_37,HF7,4,degradation_spearman,30,1000,-0.09568452978488329,-0.21987805354657877,0.0324914773117307,1025
CS2_37,HF7,4,partial_pearson_controlling_SOH,30,1000,0.509802804097797,0.22121137033136878,0.7325584163461804,1025
CS2_37,HF8,4,degradation_pearson,10,1000,0.03830084160331116,-0.017953363481564177,0.09294743926546253,1002
CS2_37,HF8,4,degradation_spearman,10,1000,0.06396637814434938,-0.031616955910062465,0.15904939587077907,1002
CS2_37,HF8,4,partial_pearson_controlling_SOH,10,1000,-0.08088577555163631,-0.21599544803898366,0.05944680605136346,1002
CS2_37,HF8,4,degradation_pearson,20,1000,0.03560812985070387,-0.018631071869686544,0.09516653076897766,1002
CS2_37,HF8,4,degradation_spearman,20,1000,0.05748137500626892,-0.06071314990332669,0.16917745270468518,1002
CS2_37,HF8,4,partial_pearson_controlling_SOH,20,1000,-0.07784247518124583,-0.22573930678597132,0.06953364060358216,1002
CS2_37,HF8,4,degradation_pearson,30,1000,0.03628653111255492,-0.013260755146617982,0.09995185891496124,1002
CS2_37,HF8,4,degradation_spearman,30,1000,0.05351420555077358,-0.07781677888885062,0.16183097589417678,1002
CS2_37,HF8,4,partial_pearson_controlling_SOH,30,1000,-0.07623143754549025,-0.29147343685981725,0.09183156216991878,1002
CS2_37,HF1,8,degradation_pearson,10,1000,-0.09305509888646966,-0.19352138876454844,-0.022818334770267137,1021
CS2_37,HF1,8,degradation_spearman,10,1000,-0.2146407440892711,-0.3450536771504062,-0.0711906783440364,1021
CS2_37,HF1,8,partial_pearson_controlling_SOH,10,1000,0.5410645899654712,0.18817330337072055,0.8221355005523749,1021
CS2_37,HF1,8,degradation_pearson,20,1000,-0.09453753868271376,-0.21924960793343937,-0.023508081017052884,1021
CS2_37,HF1,8,degradation_spearman,20,1000,-0.2081774871685495,-0.3562630790433517,-0.03595739968249565,1021
CS2_37,HF1,8,partial_pearson_controlling_SOH,20,1000,0.5434791101737397,0.21353589678750762,0.8030247973326367,1021
CS2_37,HF1,8,degradation_pearson,30,1000,-0.09221665785905822,-0.2227541846173016,-0.02148875860479513,1021
CS2_37,HF1,8,degradation_spearman,30,1000,-0.201345504948325,-0.36854430444756187,-0.019750434712393093,1021
CS2_37,HF1,8,partial_pearson_controlling_SOH,30,1000,0.5392201651783295,0.2136502543260284,0.7888578924664272,1021
CS2_37,HF2,8,degradation_pearson,10,1000,0.02901871027851306,-0.04224951808128863,0.14038922331075807,997
CS2_37,HF2,8,degradation_spearman,10,1000,0.17582759894608316,0.02618154786919987,0.31185268217611944,997
CS2_37,HF2,8,partial_pearson_controlling_SOH,10,1000,-0.03508794375717117,-0.1570276711979799,0.126343765932947,997
CS2_37,HF2,8,degradation_pearson,20,1000,0.030235965914983037,-0.04739184859057957,0.16356182899978397,997
CS2_37,HF2,8,degradation_spearman,20,1000,0.17539283919448606,0.0011677783572643238,0.3305326336535341,997
CS2_37,HF2,8,partial_pearson_controlling_SOH,20,1000,-0.03756502728284789,-0.15447550560820028,0.15400853654469254,997
CS2_37,HF2,8,degradation_pearson,30,1000,0.029013063538399074,-0.05724015585273212,0.1758406957743649,997
CS2_37,HF2,8,degradation_spearman,30,1000,0.17251204321172364,-0.026922004740654065,0.34060744323836856,997
CS2_37,HF2,8,partial_pearson_controlling_SOH,30,1000,-0.03709424003594214,-0.1782939857319064,0.16295929184077704,997
CS2_37,HF3,8,degradation_pearson,10,1000,0.07206798699520209,-0.13585529198483945,0.5289501176457809,993
CS2_37,HF3,8,degradation_spearman,10,1000,-0.20878355722564512,-0.32853532458383433,-0.059722446434152886,993
CS2_37,HF3,8,partial_pearson_controlling_SOH,10,1000,-0.07620338505249377,-0.7013723177313645,0.05273107092958472,993
CS2_37,HF3,8,degradation_pearson,20,1000,0.07441104658825035,-0.16457847360580796,0.5004879588840234,993
CS2_37,HF3,8,degradation_spearman,20,1000,-0.201446760569764,-0.3610147435901964,-0.02918035454503586,993
CS2_37,HF3,8,partial_pearson_controlling_SOH,20,1000,-0.07911364277477612,-0.6445743886017906,0.04243106813249741,993
CS2_37,HF3,8,degradation_pearson,30,1000,0.07123199178818586,-0.19183949925852548,0.4779822278270484,993
CS2_37,HF3,8,degradation_spearman,30,1000,-0.2008873346795411,-0.3652782654269151,-0.025877166880825263,993
CS2_37,HF3,8,partial_pearson_controlling_SOH,30,1000,-0.07829725905067939,-0.6138182723734571,0.06251192085940635,993
CS2_37,HF4,8,degradation_pearson,10,1000,0.013799821985558309,-0.13355212107867875,0.08529795704276605,642
CS2_37,HF4,8,degradation_spearman,10,1000,0.024435064059361897,-0.15700662692293885,0.20986711216003306,642
CS2_37,HF4,8,partial_pearson_controlling_SOH,10,1000,0.0321578553387494,-0.05511882936016475,0.21493231573006458,642
CS2_37,HF4,8,degradation_pearson,20,1000,0.012907846743944119,-0.1312594647943234,0.0940718445407767,642
CS2_37,HF4,8,degradation_spearman,20,1000,0.03331058485532333,-0.1590083175730799,0.24998049732521724,642
CS2_37,HF4,8,partial_pearson_controlling_SOH,20,1000,0.02961143885419721,-0.059182782456877366,0.23469703874956804,642
CS2_37,HF4,8,degradation_pearson,30,1000,0.011141772406378416,-0.1301269517002894,0.08934935655096456,642
CS2_37,HF4,8,degradation_spearman,30,1000,0.042069517334840406,-0.16231790966813822,0.2448319494629272,642
CS2_37,HF4,8,partial_pearson_controlling_SOH,30,1000,0.033020371493564224,-0.05748623870096253,0.26260491322069546,642
CS2_37,HF5,8,degradation_pearson,10,1000,0.0163796650907322,-0.11653604065624058,0.0838679660581945,642
CS2_37,HF5,8,degradation_spearman,10,1000,0.06723016915632443,-0.13041295805197595,0.23675798849540192,642
CS2_37,HF5,8,partial_pearson_controlling_SOH,10,1000,-0.004210272083318784,-0.06968136045691091,0.0682012200574003,642
CS2_37,HF5,8,degradation_pearson,20,1000,0.017908024475171355,-0.12430849160405318,0.09072458708685965,642
CS2_37,HF5,8,degradation_spearman,20,1000,0.06931827640930842,-0.13569729848383713,0.2623640482444845,642
CS2_37,HF5,8,partial_pearson_controlling_SOH,20,1000,-0.00568610437981234,-0.07456501492552749,0.07015833117828685,642
CS2_37,HF5,8,degradation_pearson,30,1000,0.0158513743528619,-0.11171218121233323,0.1011148197930889,642
CS2_37,HF5,8,degradation_spearman,30,1000,0.06652135341650836,-0.15272138173585456,0.29867628039049776,642
CS2_37,HF5,8,partial_pearson_controlling_SOH,30,1000,-0.0048611798668547895,-0.08507224383315624,0.06385345671122208,642
CS2_37,HF6,8,degradation_pearson,10,1000,0.05289348243949146,-0.07050698918701596,0.12119677978106243,642
CS2_37,HF6,8,degradation_spearman,10,1000,0.09591787340646314,-0.07988488144279281,0.2618506474293534,642
CS2_37,HF6,8,partial_pearson_controlling_SOH,10,1000,-0.08602622279928433,-0.16285885458899085,-0.03590269881658208,642
CS2_37,HF6,8,degradation_pearson,20,1000,0.05086885416890127,-0.07319766520070717,0.12424067148574026,642
CS2_37,HF6,8,degradation_spearman,20,1000,0.09097333531093225,-0.08017415264933828,0.2685791098889224,642
CS2_37,HF6,8,partial_pearson_controlling_SOH,20,1000,-0.08372220054349463,-0.1662160214201962,-0.022364179256960007,642
CS2_37,HF6,8,degradation_pearson,30,1000,0.05144314719282586,-0.07520948436849606,0.1298095190023226,642
CS2_37,HF6,8,degradation_spearman,30,1000,0.09970992901289943,-0.10562676527186961,0.2860655465934739,642
CS2_37,HF6,8,partial_pearson_controlling_SOH,30,1000,-0.0833373017822236,-0.16062538936114618,-0.013610686661245262,642
CS2_37,HF7,8,degradation_pearson,10,1000,-0.09033137287762072,-0.20349710535842983,-0.026123049364039867,1021
CS2_37,HF7,8,degradation_spearman,10,1000,-0.21018124522371273,-0.3436560942579069,-0.06555093200191624,1021
CS2_37,HF7,8,partial_pearson_controlling_SOH,10,1000,0.5262718579234416,0.18555313906005982,0.8222471135797004,1021
CS2_37,HF7,8,degradation_pearson,20,1000,-0.09506232507317999,-0.21828663179533228,-0.019602079652578982,1021
CS2_37,HF7,8,degradation_spearman,20,1000,-0.2133273688275738,-0.3615860651149992,-0.036338557490740775,1021
CS2_37,HF7,8,partial_pearson_controlling_SOH,20,1000,0.5339795056893368,0.2204179167940086,0.7810073169504635,1021
CS2_37,HF7,8,degradation_pearson,30,1000,-0.09734663525712478,-0.22986600996930365,-0.022334731727363884,1021
CS2_37,HF7,8,degradation_spearman,30,1000,-0.20724593214928017,-0.36551329017731854,-0.023939233368448432,1021
CS2_37,HF7,8,partial_pearson_controlling_SOH,30,1000,0.5316426265676075,0.19178310432851908,0.773188555696389,1021
CS2_37,HF8,8,degradation_pearson,10,1000,0.04309864128690414,-0.02452133131159587,0.15971584322267796,997
CS2_37,HF8,8,degradation_spearman,10,1000,0.18159335285549077,0.04394151790597817,0.3268602321163017,997
CS2_37,HF8,8,partial_pearson_controlling_SOH,10,1000,-0.05470657498227463,-0.18005779857660198,0.0976530985266467,997
CS2_37,HF8,8,degradation_pearson,20,1000,0.04471364619666878,-0.028156109597212542,0.17939288609545395,997
CS2_37,HF8,8,degradation_spearman,20,1000,0.18541990270161907,0.00794297202629738,0.3311920491996058,997
CS2_37,HF8,8,partial_pearson_controlling_SOH,20,1000,-0.053225734276350856,-0.18168258015266395,0.13963405294791262,997
CS2_37,HF8,8,degradation_pearson,30,1000,0.045735392226183294,-0.02969728935737178,0.19276462503924496,997
CS2_37,HF8,8,degradation_spearman,30,1000,0.1855381982949259,-0.0010309426751057942,0.3326940033895138,997
CS2_37,HF8,8,partial_pearson_controlling_SOH,30,1000,-0.06141258695031695,-0.21140343836923048,0.15573449345362,997
CS2_37,HF1,12,degradation_pearson,10,1000,-0.1434362390344734,-0.28546822881780226,-0.059048766142039084,1017
CS2_37,HF1,12,degradation_spearman,10,1000,-0.2673930656454129,-0.393592781312184,-0.12872626469026235,1017
CS2_37,HF1,12,partial_pearson_controlling_SOH,10,1000,0.5340112611677699,0.165402581186478,0.8401128355712101,1017
CS2_37,HF1,12,degradation_pearson,20,1000,-0.14099122044050594,-0.30989631199357737,-0.04795386470828271,1017
CS2_37,HF1,12,degradation_spearman,20,1000,-0.2631171292711548,-0.4108920827257935,-0.07323288430012598,1017
CS2_37,HF1,12,partial_pearson_controlling_SOH,20,1000,0.5278339715799825,0.186604464140541,0.7998434777386301,1017
CS2_37,HF1,12,degradation_pearson,30,1000,-0.14261179759837905,-0.3078045953889715,-0.043062949674051484,1017
CS2_37,HF1,12,degradation_spearman,30,1000,-0.25576100997352874,-0.42114763131911054,-0.057987950029788335,1017
CS2_37,HF1,12,partial_pearson_controlling_SOH,30,1000,0.5366859263848183,0.19383939876941342,0.7965995922352668,1017
CS2_37,HF2,12,degradation_pearson,10,1000,0.08675900093530498,0.009805003650840308,0.21760517364156326,993
CS2_37,HF2,12,degradation_spearman,10,1000,0.19718744581918146,0.03818624003832226,0.3426587435315092,993
CS2_37,HF2,12,partial_pearson_controlling_SOH,10,1000,-0.0660924745941519,-0.19879042447465228,0.06582764568337256,993
CS2_37,HF2,12,degradation_pearson,20,1000,0.08979949418104258,0.003958137566359833,0.25114085816032367,993
CS2_37,HF2,12,degradation_spearman,20,1000,0.19679628397886278,0.008943209547838076,0.36990542552615724,993
CS2_37,HF2,12,partial_pearson_controlling_SOH,20,1000,-0.065014027798002,-0.19766161290691514,0.12846470346527117,993
CS2_37,HF2,12,degradation_pearson,30,1000,0.08556949062642541,-0.0033591000221831163,0.2605412439000824,993
CS2_37,HF2,12,degradation_spearman,30,1000,0.18849555316832126,-0.03850680898239723,0.382245755593334,993
CS2_37,HF2,12,partial_pearson_controlling_SOH,30,1000,-0.06818036415190837,-0.2190316010898751,0.12943136254601134,993
CS2_37,HF3,12,degradation_pearson,10,1000,0.062344957692166386,-0.16483162517277958,0.546602635112919,989
CS2_37,HF3,12,degradation_spearman,10,1000,-0.23686316704765045,-0.3828659800396726,-0.08442519572043024,989
CS2_37,HF3,12,partial_pearson_controlling_SOH,10,1000,-0.07810375223276532,-0.7175310919099891,0.042865694707667504,989
CS2_37,HF3,12,degradation_pearson,20,1000,0.05475558033471338,-0.23792818144016342,0.49651696345722074,989
CS2_37,HF3,12,degradation_spearman,20,1000,-0.23536118510442983,-0.3969099375922677,-0.027434188223523746,989
CS2_37,HF3,12,partial_pearson_controlling_SOH,20,1000,-0.07755294001530094,-0.6837533341844767,0.07587254734321207,989
CS2_37,HF3,12,degradation_pearson,30,1000,0.06406932345297,-0.20111730080535753,0.5277203895163285,989
CS2_37,HF3,12,degradation_spearman,30,1000,-0.22980921623523515,-0.41273265079279603,-0.013626332530184256,989
CS2_37,HF3,12,partial_pearson_controlling_SOH,30,1000,-0.08296015454969762,-0.6867071331444385,0.03403726580132354,989
CS2_37,HF4,12,degradation_pearson,10,1000,0.0007097518268454344,-0.1549711185969508,0.07694060259793774,642
CS2_37,HF4,12,degradation_spearman,10,1000,-0.005469636699816804,-0.1956848515240914,0.18244473420175664,642
CS2_37,HF4,12,partial_pearson_controlling_SOH,10,1000,-0.009402648201124665,-0.09321089084591001,0.15978112812503692,642
CS2_37,HF4,12,degradation_pearson,20,1000,-0.00018978319404737778,-0.1629240978312584,0.09928768635424888,642
CS2_37,HF4,12,degradation_spearman,20,1000,-0.010376371200239837,-0.23638087100694283,0.22285482197071071,642
CS2_37,HF4,12,partial_pearson_controlling_SOH,20,1000,-0.012645821357880768,-0.10897275885950594,0.17015474534998473,642
CS2_37,HF4,12,degradation_pearson,30,1000,0.005247181465252559,-0.16214941118867743,0.11079041171609817,642
CS2_37,HF4,12,degradation_spearman,30,1000,0.004009352908499382,-0.23946073903314985,0.2721067682355075,642
CS2_37,HF4,12,partial_pearson_controlling_SOH,30,1000,-0.01581134600844701,-0.11963283199738244,0.18257300371563362,642
CS2_37,HF5,12,degradation_pearson,10,1000,0.023823318622860738,-0.10609103320320973,0.09826570088954756,642
CS2_37,HF5,12,degradation_spearman,10,1000,0.05105903464284911,-0.146199166332207,0.25124583456098537,642
CS2_37,HF5,12,partial_pearson_controlling_SOH,10,1000,-0.08665769982022802,-0.2099891687960395,-0.031696432368995726,642
CS2_37,HF5,12,degradation_pearson,20,1000,0.024938375601319562,-0.12088148728215602,0.11855213253741255,642
CS2_37,HF5,12,degradation_spearman,20,1000,0.06336878075428795,-0.16083157188308014,0.3148303937937582,642
CS2_37,HF5,12,partial_pearson_controlling_SOH,20,1000,-0.08584369170202463,-0.22296177601514353,-0.032839806083217266,642
CS2_37,HF5,12,degradation_pearson,30,1000,0.02348278475219391,-0.11258403321545091,0.12951268268555172,642
CS2_37,HF5,12,degradation_spearman,30,1000,0.059864027560103505,-0.17984919771565142,0.31896323507045804,642
CS2_37,HF5,12,partial_pearson_controlling_SOH,30,1000,-0.08386497632008114,-0.21670379959635414,-0.03350711459111239,642
CS2_37,HF6,12,degradation_pearson,10,1000,0.06383440192226286,-0.054869316685250115,0.13102074662767316,642
CS2_37,HF6,12,degradation_spearman,10,1000,0.10880471469875459,-0.09287884291761637,0.2918367932360083,642
CS2_37,HF6,12,partial_pearson_controlling_SOH,10,1000,-0.12631135221244935,-0.24292069024254442,-0.07035731683358826,642
CS2_37,HF6,12,degradation_pearson,20,1000,0.05983775642918994,-0.05998765899281404,0.14665425049155972,642
CS2_37,HF6,12,degradation_spearman,20,1000,0.10272386016339172,-0.12689878788970105,0.32111154254427127,642
CS2_37,HF6,12,partial_pearson_controlling_SOH,20,1000,-0.12788191316654418,-0.2483382436075049,-0.062169226670482525,642
CS2_37,HF6,12,degradation_pearson,30,1000,0.06398825131314609,-0.06912274150110204,0.14941669164850427,642
CS2_37,HF6,12,degradation_spearman,30,1000,0.11275509461948365,-0.12862627571109278,0.3565658599710169,642
CS2_37,HF6,12,partial_pearson_controlling_SOH,30,1000,-0.12369912435695522,-0.2478306118640347,-0.05822941004461996,642
CS2_37,HF7,12,degradation_pearson,10,1000,-0.14060618231542157,-0.2813443386236949,-0.05499676647377317,1017
CS2_37,HF7,12,degradation_spearman,10,1000,-0.26758495477002103,-0.4061134468199889,-0.11748664255173322,1017
CS2_37,HF7,12,partial_pearson_controlling_SOH,10,1000,0.5325351438098695,0.15245971874715147,0.8394566700117786,1017
CS2_37,HF7,12,degradation_pearson,20,1000,-0.141354743584042,-0.3041589424356569,-0.04177720298884374,1017
CS2_37,HF7,12,degradation_spearman,20,1000,-0.25902134315922354,-0.41529472208138063,-0.07259556306794715,1017
CS2_37,HF7,12,partial_pearson_controlling_SOH,20,1000,0.5344607922844614,0.17643289924400904,0.7915795864783263,1017
CS2_37,HF7,12,degradation_pearson,30,1000,-0.13903489955001833,-0.30335434681536627,-0.040600773907566334,1017
CS2_37,HF7,12,degradation_spearman,30,1000,-0.2541805681114691,-0.4206463058610887,-0.048459763702197775,1017
CS2_37,HF7,12,partial_pearson_controlling_SOH,30,1000,0.5317096988081416,0.184622626589796,0.7756449520681188,1017
CS2_37,HF8,12,degradation_pearson,10,1000,0.10215182763687974,0.019158951646738066,0.25340946161736727,993
CS2_37,HF8,12,degradation_spearman,10,1000,0.2171320814332217,0.06093028650677322,0.35384648093240345,993
CS2_37,HF8,12,partial_pearson_controlling_SOH,10,1000,-0.08041592508653586,-0.21873076578707773,0.07139390578730927,993
CS2_37,HF8,12,degradation_pearson,20,1000,0.10080635512798361,0.015343887586639156,0.26999611960385295,993
CS2_37,HF8,12,degradation_spearman,20,1000,0.20873650545984457,0.01822568229988447,0.37589267398747944,993
CS2_37,HF8,12,partial_pearson_controlling_SOH,20,1000,-0.08342340236098011,-0.21192516095967617,0.11487126766391971,993
CS2_37,HF8,12,degradation_pearson,30,1000,0.0986213924328676,0.004723054391708692,0.2784521375431769,993
CS2_37,HF8,12,degradation_spearman,30,1000,0.20453231285932383,-0.01693997475784221,0.38200060396866325,993
CS2_37,HF8,12,partial_pearson_controlling_SOH,30,1000,-0.08348233814857726,-0.24067099835902614,0.15091336424691223,993
CS2_37,HF1,16,degradation_pearson,10,1000,-0.19570366700061892,-0.3510844115553723,-0.09473965541840666,1013
CS2_37,HF1,16,degradation_spearman,10,1000,-0.32037423731846887,-0.4514393877285397,-0.17684808589969986,1013
CS2_37,HF1,16,partial_pearson_controlling_SOH,10,1000,0.48313713642700656,0.05432610425715131,0.831594495840493,1013
CS2_37,HF1,16,degradation_pearson,20,1000,-0.1941487436861381,-0.3722994115343132,-0.06987508302809042,1013
CS2_37,HF1,16,degradation_spearman,20,1000,-0.31017826270605886,-0.4800735917007712,-0.11679920958362308,1013
CS2_37,HF1,16,partial_pearson_controlling_SOH,20,1000,0.49459279954199353,0.06982118682125206,0.8097680053733737,1013
CS2_37,HF1,16,degradation_pearson,30,1000,-0.19259620113627413,-0.39717834504592325,-0.06727037534803423,1013
CS2_37,HF1,16,degradation_spearman,30,1000,-0.30619042586192335,-0.4732395268028715,-0.09601594633830371,1013
CS2_37,HF1,16,partial_pearson_controlling_SOH,30,1000,0.4973038415747888,0.10644753373519228,0.7766802817814594,1013
CS2_37,HF2,16,degradation_pearson,10,1000,0.17339270501353451,0.07989554658880428,0.30936722724836074,989
CS2_37,HF2,16,degradation_spearman,10,1000,0.24870565294395616,0.08855147720763142,0.4005727062181448,989
CS2_37,HF2,16,partial_pearson_controlling_SOH,10,1000,-0.09464115909196022,-0.22621553996315646,0.15249138370817683,989
CS2_37,HF2,16,degradation_pearson,20,1000,0.17328212805926607,0.06568646841227001,0.3275859932455671,989
CS2_37,HF2,16,degradation_spearman,20,1000,0.2556230862626794,0.04441910049684095,0.4253458197003612,989
CS2_37,HF2,16,partial_pearson_controlling_SOH,20,1000,-0.10065927661724078,-0.24387444787396836,0.18461267604988407,989
CS2_37,HF2,16,degradation_pearson,30,1000,0.16908253359143077,0.04297103842014152,0.32876680099608985,989
CS2_37,HF2,16,degradation_spearman,30,1000,0.24353096261271806,-0.015554047341475082,0.4388122247131328,989
CS2_37,HF2,16,partial_pearson_controlling_SOH,30,1000,-0.10787077294469918,-0.27196140156307824,0.19260029727047168,989
CS2_37,HF3,16,degradation_pearson,10,1000,0.05153319222244289,-0.3148699498409801,0.5657602475093956,985
CS2_37,HF3,16,degradation_spearman,10,1000,-0.3012158107228935,-0.4360407743059257,-0.1445231597315071,985
CS2_37,HF3,16,partial_pearson_controlling_SOH,10,1000,-0.09508595931975226,-0.8002067832408748,0.05640467197399854,985
CS2_37,HF3,16,degradation_pearson,20,1000,0.061100083763855215,-0.32284491861722986,0.559781915850673,985
CS2_37,HF3,16,degradation_spearman,20,1000,-0.30538488842985617,-0.4623822529769013,-0.09142729713988514,985
CS2_37,HF3,16,partial_pearson_controlling_SOH,20,1000,-0.10103747114259193,-0.8045857827658982,0.06116484793863393,985
CS2_37,HF3,16,degradation_pearson,30,1000,0.053959207968651945,-0.2927995700263572,0.5656156811672238,985
CS2_37,HF3,16,degradation_spearman,30,1000,-0.293471662833772,-0.4810617129797431,-0.06517217222449902,985
CS2_37,HF3,16,partial_pearson_controlling_SOH,30,1000,-0.09657147942503816,-0.8052247152527057,0.040841533901724576,985
CS2_37,HF4,16,degradation_pearson,10,1000,-0.059339332119471615,-0.18977953335910097,0.07467704766012545,641
CS2_37,HF4,16,degradation_spearman,10,1000,-0.02708060841135998,-0.23506769763769442,0.18267686853664494,641
CS2_37,HF4,16,partial_pearson_controlling_SOH,10,1000,0.09710417503612517,-0.09719475274703938,0.28784218670008643,641
CS2_37,HF4,16,degradation_pearson,20,1000,-0.06185115088550587,-0.19900348625774514,0.120916764981286,641
CS2_37,HF4,16,degradation_spearman,20,1000,-0.00979548627291671,-0.255522196383403,0.25251129748157664,641
CS2_37,HF4,16,partial_pearson_controlling_SOH,20,1000,0.09604142332091588,-0.11567719157598023,0.2829801241138451,641
CS2_37,HF4,16,degradation_pearson,30,1000,-0.05763031366823172,-0.21175986251458007,0.12183282152288398,641
CS2_37,HF4,16,degradation_spearman,30,1000,-0.010306536079692018,-0.27410335267435354,0.27844187475904014,641
CS2_37,HF4,16,partial_pearson_controlling_SOH,30,1000,0.0909328976068826,-0.17105782974573566,0.3119525258337759,641
CS2_37,HF5,16,degradation_pearson,10,1000,-0.024451969733668595,-0.15492169974064235,0.11790383730558768,641
CS2_37,HF5,16,degradation_spearman,10,1000,0.036928733726287785,-0.18503925089328996,0.2497402968454195,641
CS2_37,HF5,16,partial_pearson_controlling_SOH,10,1000,-0.11836101531737761,-0.23368168802645756,0.004642711287630861,641
CS2_37,HF5,16,degradation_pearson,20,1000,-0.01906574291943439,-0.16769162630755977,0.14413388610564343,641
CS2_37,HF5,16,degradation_spearman,20,1000,0.051194012009797216,-0.19312416804235716,0.2859907165477027,641
CS2_37,HF5,16,partial_pearson_controlling_SOH,20,1000,-0.1199751687408363,-0.25552804542282576,0.013326643458102971,641
CS2_37,HF5,16,degradation_pearson,30,1000,-0.01625148133838225,-0.16208452152384653,0.1838922464129142,641
CS2_37,HF5,16,degradation_spearman,30,1000,0.0602311288284924,-0.20895271993657505,0.33789957815975447,641
CS2_37,HF5,16,partial_pearson_controlling_SOH,30,1000,-0.11735245109986947,-0.24978210016591657,0.0024379867662960336,641
CS2_37,HF6,16,degradation_pearson,10,1000,0.04289334073520627,-0.0760630590096504,0.1728389797864894,641
CS2_37,HF6,16,degradation_spearman,10,1000,0.09815089938628244,-0.08875751828168645,0.29615889020383807,641
CS2_37,HF6,16,partial_pearson_controlling_SOH,10,1000,-0.19366499926789432,-0.29899645808683006,-0.08135212495903724,641
CS2_37,HF6,16,degradation_pearson,20,1000,0.04302891758235854,-0.09652166635613098,0.18735387681266236,641
CS2_37,HF6,16,degradation_spearman,20,1000,0.10881834549816165,-0.12467102923261864,0.34243200133989793,641
CS2_37,HF6,16,partial_pearson_controlling_SOH,20,1000,-0.18633598652795405,-0.308288171418414,-0.06221942903708795,641
CS2_37,HF6,16,degradation_pearson,30,1000,0.03918525115546537,-0.102182083837539,0.20032791582282722,641
CS2_37,HF6,16,degradation_spearman,30,1000,0.105134790778129,-0.1526191757935918,0.3524832194573891,641
CS2_37,HF6,16,partial_pearson_controlling_SOH,30,1000,-0.1826659932309903,-0.3023901155754957,-0.05653977443051012,641
CS2_37,HF7,16,degradation_pearson,10,1000,-0.19295953358583318,-0.3540180213520228,-0.08491912779344848,1013
CS2_37,HF7,16,degradation_spearman,10,1000,-0.3166372677324877,-0.44940015346133577,-0.16335467108724222,1013
CS2_37,HF7,16,partial_pearson_controlling_SOH,10,1000,0.48307696720610904,0.04739280598524693,0.8332885712069127,1013
CS2_37,HF7,16,degradation_pearson,20,1000,-0.1960672076472045,-0.37848458278803054,-0.07618292370716033,1013
CS2_37,HF7,16,degradation_spearman,20,1000,-0.30859510596067824,-0.4764172710004968,-0.11618764313083195,1013
CS2_37,HF7,16,partial_pearson_controlling_SOH,20,1000,0.492523489914827,0.08118670277634912,0.8251338502876364,1013
CS2_37,HF7,16,degradation_pearson,30,1000,-0.19729662083015564,-0.3873530709436875,-0.05993340205116027,1013
CS2_37,HF7,16,degradation_spearman,30,1000,-0.30416036331724333,-0.486777528620422,-0.0756481124827751,1013
CS2_37,HF7,16,partial_pearson_controlling_SOH,30,1000,0.48638758970229057,0.10455725863338336,0.7836766260036796,1013
CS2_37,HF8,16,degradation_pearson,10,1000,0.1912327000498335,0.10055086319434943,0.3326240400133394,989
CS2_37,HF8,16,degradation_spearman,10,1000,0.2709504714253458,0.10368915867533214,0.4182871347883564,989
CS2_37,HF8,16,partial_pearson_controlling_SOH,10,1000,-0.11915518941691244,-0.25746771765527915,0.1068903306811034,989
CS2_37,HF8,16,degradation_pearson,20,1000,0.195696729241239,0.08105698077788732,0.34986401147212853,989
CS2_37,HF8,16,degradation_spearman,20,1000,0.26763645335640196,0.0593871392885686,0.4383011012121306,989
CS2_37,HF8,16,partial_pearson_controlling_SOH,20,1000,-0.11833813636333204,-0.281285892221737,0.19032981760776196,989
CS2_37,HF8,16,degradation_pearson,30,1000,0.18802065375510238,0.061878639235511276,0.34967044580592954,989
CS2_37,HF8,16,degradation_spearman,30,1000,0.26087194043172257,0.0010451823456688856,0.43988530428298045,989
CS2_37,HF8,16,partial_pearson_controlling_SOH,30,1000,-0.12569971418742695,-0.29883539791214647,0.16196345253459643,989
CS2_37,HF1,24,degradation_pearson,10,1000,-0.2839470118218631,-0.48767315245652854,-0.14722738464545657,1005
CS2_37,HF1,24,degradation_spearman,10,1000,-0.4033309583965685,-0.5366015201042711,-0.23988152968501086,1005
CS2_37,HF1,24,partial_pearson_controlling_SOH,10,1000,0.5416795035992334,0.1758846364056978,0.8416368065225922,1005
CS2_37,HF1,24,degradation_pearson,20,1000,-0.27892110665625236,-0.5008803871516301,-0.1202576418265161,1005
CS2_37,HF1,24,degradation_spearman,20,1000,-0.39044941026844127,-0.575436690711959,-0.20551581858380277,1005
CS2_37,HF1,24,partial_pearson_controlling_SOH,20,1000,0.5366265897055351,0.16452456538762122,0.8432550905164766,1005
CS2_37,HF1,24,degradation_pearson,30,1000,-0.2808920802590418,-0.5158959836083131,-0.11502597983411554,1005
CS2_37,HF1,24,degradation_spearman,30,1000,-0.392756880797402,-0.5683454109724676,-0.1464703047781549,1005
CS2_37,HF1,24,partial_pearson_controlling_SOH,30,1000,0.5407707117025267,0.1624716465112369,0.8300444423565835,1005
CS2_37,HF2,24,degradation_pearson,10,1000,0.20318998157663942,0.08409485204431241,0.3754918169344731,981
CS2_37,HF2,24,degradation_spearman,10,1000,0.318445552515077,0.15245160084218506,0.4538619774603851,981
CS2_37,HF2,24,partial_pearson_controlling_SOH,10,1000,-0.08300287508228935,-0.2197441034596635,0.10250805253828453,981
CS2_37,HF2,24,degradation_pearson,20,1000,0.1933368439223786,0.06537218628936517,0.38839009065149194,981
CS2_37,HF2,24,degradation_spearman,20,1000,0.3111291010011634,0.09866142551552809,0.4839272427786904,981
CS2_37,HF2,24,partial_pearson_controlling_SOH,20,1000,-0.07939695327580236,-0.22307072173958592,0.16688384282982313,981
CS2_37,HF2,24,degradation_pearson,30,1000,0.19606154324609762,0.053381556633448984,0.42192295487063974,981
CS2_37,HF2,24,degradation_spearman,30,1000,0.3102731877078484,0.03939096815633189,0.5028294422328261,981
CS2_37,HF2,24,partial_pearson_controlling_SOH,30,1000,-0.0818341943145258,-0.2271615227338263,0.2061493392272172,981
CS2_37,HF3,24,degradation_pearson,10,1000,0.042118691423898375,-0.3472645970167742,0.5056328379884013,977
CS2_37,HF3,24,degradation_spearman,10,1000,-0.36488980332151333,-0.49675933940411526,-0.20018847592002179,977
CS2_37,HF3,24,partial_pearson_controlling_SOH,10,1000,-0.10661206672230346,-0.7484112333850098,0.030481143211350915,977
CS2_37,HF3,24,degradation_pearson,20,1000,0.04162922245813226,-0.3001860849625227,0.49631262136327814,977
CS2_37,HF3,24,degradation_spearman,20,1000,-0.3659350905233312,-0.5300240171115097,-0.13248735245020357,977
CS2_37,HF3,24,partial_pearson_controlling_SOH,20,1000,-0.10241087290090473,-0.7369403833971836,0.025130494396191614,977
CS2_37,HF3,24,degradation_pearson,30,1000,0.0389452273603823,-0.3743731430613406,0.47591826931268016,977
CS2_37,HF3,24,degradation_spearman,30,1000,-0.36018813342561556,-0.5429060225354345,-0.12355010850070308,977
CS2_37,HF3,24,partial_pearson_controlling_SOH,30,1000,-0.10130191106712563,-0.7112719679018049,0.030155952521362064,977
CS2_37,HF4,24,degradation_pearson,10,1000,-0.04103871410273008,-0.23440936204614427,0.07870243471446599,640
CS2_37,HF4,24,degradation_spearman,10,1000,-0.06553960628186281,-0.2718728543905565,0.18006337974057482,640
CS2_37,HF4,24,partial_pearson_controlling_SOH,10,1000,0.050028498239959314,-0.06593896707005681,0.22899901143289342,640
CS2_37,HF4,24,degradation_pearson,20,1000,-0.04138661085687974,-0.27450334100737767,0.1056070796893916,640
CS2_37,HF4,24,degradation_spearman,20,1000,-0.0679502754463241,-0.3248321131554,0.2438400220855361,640
CS2_37,HF4,24,partial_pearson_controlling_SOH,20,1000,0.04362612280234482,-0.11503387743140142,0.23411566104947595,640
CS2_37,HF4,24,degradation_pearson,30,1000,-0.03816743847476069,-0.2979246219218044,0.12929445839478457,640
CS2_37,HF4,24,degradation_spearman,30,1000,-0.04631754876363971,-0.3759679694047271,0.27020632190144306,640
CS2_37,HF4,24,partial_pearson_controlling_SOH,30,1000,0.03578120586239458,-0.19381509914159434,0.2469875893055109,640
CS2_37,HF5,24,degradation_pearson,10,1000,-0.011205493913761059,-0.20238238279752832,0.10087027860491608,640
CS2_37,HF5,24,degradation_spearman,10,1000,0.015423154846586485,-0.205016926843096,0.23996397499629663,640
CS2_37,HF5,24,partial_pearson_controlling_SOH,10,1000,-0.06641839137928032,-0.25842316064136817,0.025747802555459318,640
CS2_37,HF5,24,degradation_pearson,20,1000,-0.011301254825011191,-0.23206548656549625,0.1304980157900781,640
CS2_37,HF5,24,degradation_spearman,20,1000,0.01798712093864651,-0.2618423490833045,0.29537059279731537,640
CS2_37,HF5,24,partial_pearson_controlling_SOH,20,1000,-0.06327255921532698,-0.2608445710495864,0.03539647762130108,640
CS2_37,HF5,24,degradation_pearson,30,1000,-0.01010745089145499,-0.2403190042328505,0.1337136934129453,640
CS2_37,HF5,24,degradation_spearman,30,1000,0.03638532855835301,-0.28424266026969447,0.3439907962434564,640
CS2_37,HF5,24,partial_pearson_controlling_SOH,30,1000,-0.062356979005704714,-0.28092342061117853,0.03183381891235786,640
CS2_37,HF6,24,degradation_pearson,10,1000,0.03941967228036361,-0.09562355638827784,0.15137053108888662,640
CS2_37,HF6,24,degradation_spearman,10,1000,0.06736847685489172,-0.13104989432907282,0.2733873881810819,640
CS2_37,HF6,24,partial_pearson_controlling_SOH,10,1000,-0.14547155235880987,-0.3040425319611583,-0.06253913884440825,640
CS2_37,HF6,24,degradation_pearson,20,1000,0.038349777125411655,-0.1468233385411664,0.16644913037499404,640
CS2_37,HF6,24,degradation_spearman,20,1000,0.07099027704805218,-0.19994001940639594,0.31803113335849575,640
CS2_37,HF6,24,partial_pearson_controlling_SOH,20,1000,-0.14649003124051102,-0.32253680200097573,-0.048800868453769825,640
CS2_37,HF6,24,degradation_pearson,30,1000,0.041309355619071425,-0.14450200453639409,0.1560027063376986,640
CS2_37,HF6,24,degradation_spearman,30,1000,0.06934467637290745,-0.22112082136477548,0.3486717892485914,640
CS2_37,HF6,24,partial_pearson_controlling_SOH,30,1000,-0.1464929558455993,-0.32178785549120603,-0.036328712003887466,640
CS2_37,HF7,24,degradation_pearson,10,1000,-0.29370014087398943,-0.4778796944150785,-0.15097308151464736,1005
CS2_37,HF7,24,degradation_spearman,10,1000,-0.4081631537328876,-0.5402473319038207,-0.2388205933532052,1005
CS2_37,HF7,24,partial_pearson_controlling_SOH,10,1000,0.5441507697708527,0.17532859814879018,0.8305835674141275,1005
CS2_37,HF7,24,degradation_pearson,20,1000,-0.2951028453223262,-0.4979475864656112,-0.1139718874663229,1005
CS2_37,HF7,24,degradation_spearman,20,1000,-0.3982657396559146,-0.5585200270626429,-0.1753175595916917,1005
CS2_37,HF7,24,partial_pearson_controlling_SOH,20,1000,0.5426060535795934,0.1665730924901775,0.8252517901515618,1005
CS2_37,HF7,24,degradation_pearson,30,1000,-0.2868044774724645,-0.5178072087511364,-0.09759335345509738,1005
CS2_37,HF7,24,degradation_spearman,30,1000,-0.39040440036627255,-0.567708837585684,-0.13441383582262556,1005
CS2_37,HF7,24,partial_pearson_controlling_SOH,30,1000,0.5432519875171649,0.1772410695106257,0.8259959254099624,1005
CS2_37,HF8,24,degradation_pearson,10,1000,0.21387916819883596,0.09891857332489781,0.39976225232153484,981
CS2_37,HF8,24,degradation_spearman,10,1000,0.33910906905423666,0.1776188957809907,0.47940744892758363,981
CS2_37,HF8,24,partial_pearson_controlling_SOH,10,1000,-0.09093548040270094,-0.2447291747458067,0.11558484797036087,981
CS2_37,HF8,24,degradation_pearson,20,1000,0.21563198993906937,0.0860120562900711,0.4218985695328166,981
CS2_37,HF8,24,degradation_spearman,20,1000,0.33420714547312014,0.1346547213152359,0.511228734987797,981
CS2_37,HF8,24,partial_pearson_controlling_SOH,20,1000,-0.10140758401844939,-0.2644998145601234,0.18663162409901074,981
CS2_37,HF8,24,degradation_pearson,30,1000,0.21479286070573805,0.06071575201676585,0.4665066544929917,981
CS2_37,HF8,24,degradation_spearman,30,1000,0.3328806427450705,0.05950537050941834,0.5186764857013866,981
CS2_37,HF8,24,partial_pearson_controlling_SOH,30,1000,-0.09430819760168749,-0.27221412404618306,0.20302657555529613,981
CS2_37,HF1,32,degradation_pearson,10,1000,-0.36959463419639826,-0.5612057349895256,-0.21891329882215158,997
CS2_37,HF1,32,degradation_spearman,10,1000,-0.45782048798414987,-0.58911088376028,-0.3128012718678108,997
CS2_37,HF1,32,partial_pearson_controlling_SOH,10,1000,0.5355768187068362,0.16392544922626412,0.8375974841548086,997
CS2_37,HF1,32,degradation_pearson,20,1000,-0.3622722736739389,-0.5722443847946976,-0.17268901710011283,997
CS2_37,HF1,32,degradation_spearman,20,1000,-0.45143962972248164,-0.6222334313869559,-0.24209016309579479,997
CS2_37,HF1,32,partial_pearson_controlling_SOH,20,1000,0.5245892115722526,0.15259639732404626,0.8385563611753225,997
CS2_37,HF1,32,degradation_pearson,30,1000,-0.36103565959902595,-0.5848163921160979,-0.1564196081659174,997
CS2_37,HF1,32,degradation_spearman,30,1000,-0.4528170092569105,-0.6287526684396608,-0.1925931504098073,997
CS2_37,HF1,32,partial_pearson_controlling_SOH,30,1000,0.5310022674926329,0.15686633420110582,0.8196657910564613,997
CS2_37,HF2,32,degradation_pearson,10,1000,0.2712892744245858,0.14763016725107672,0.44471029503606513,973
CS2_37,HF2,32,degradation_spearman,10,1000,0.3902871025372646,0.22928491956718625,0.5055285597593386,973
CS2_37,HF2,32,partial_pearson_controlling_SOH,10,1000,-0.0874831906444913,-0.25662262163638117,0.14585622705291063,973
CS2_37,HF2,32,degradation_pearson,20,1000,0.26386531129926133,0.10526695756862818,0.46761614915809774,973
CS2_37,HF2,32,degradation_spearman,20,1000,0.38172943489141137,0.16233983298375845,0.5385130499899151,973
CS2_37,HF2,32,partial_pearson_controlling_SOH,20,1000,-0.08877502993744876,-0.2727723657485228,0.19852393289678252,973
CS2_37,HF2,32,degradation_pearson,30,1000,0.26946276231448396,0.10285581660611469,0.48518157821771835,973
CS2_37,HF2,32,degradation_spearman,30,1000,0.38070256630598387,0.13010046604255587,0.5568818556350076,973
CS2_37,HF2,32,partial_pearson_controlling_SOH,30,1000,-0.09837912493194219,-0.2725713225391748,0.18479567169820665,973
CS2_37,HF3,32,degradation_pearson,10,1000,0.009881292554548744,-0.4495989856483982,0.392503147450509,969
CS2_37,HF3,32,degradation_spearman,10,1000,-0.43323043519804083,-0.5472294710165622,-0.283788310037788,969
CS2_37,HF3,32,partial_pearson_controlling_SOH,10,1000,-0.08751257527477802,-0.7413941557401998,0.04779660064790484,969
CS2_37,HF3,32,degradation_pearson,20,1000,0.008782559338613861,-0.40716154353911005,0.4143850819195142,969
CS2_37,HF3,32,degradation_spearman,20,1000,-0.4283451786671649,-0.5912570211483608,-0.22300402593285032,969
CS2_37,HF3,32,partial_pearson_controlling_SOH,20,1000,-0.08275606014254719,-0.7091300928686991,0.02602501798575763,969
CS2_37,HF3,32,degradation_pearson,30,1000,0.005519158500934169,-0.4473712749088434,0.43853300290341973,969
CS2_37,HF3,32,degradation_spearman,30,1000,-0.4274311869570404,-0.5909978995038739,-0.17550162258910476,969
CS2_37,HF3,32,partial_pearson_controlling_SOH,30,1000,-0.0811362033206551,-0.7083454787259366,0.03198905632801718,969
CS2_37,HF4,32,degradation_pearson,10,1000,-0.04583446211238394,-0.2984266193782071,0.09387473079432881,640
CS2_37,HF4,32,degradation_spearman,10,1000,-0.09216280266712955,-0.3203135565100777,0.13487912781007264,640
CS2_37,HF4,32,partial_pearson_controlling_SOH,10,1000,0.08252977259297406,-0.03826711226336413,0.27259408427241266,640
CS2_37,HF4,32,degradation_pearson,20,1000,-0.0509314618341114,-0.32919312097521547,0.12097111712228649,640
CS2_37,HF4,32,degradation_spearman,20,1000,-0.07928240676500456,-0.35995448462647917,0.23059339753127853,640
CS2_37,HF4,32,partial_pearson_controlling_SOH,20,1000,0.08300141817979809,-0.11956404686104666,0.2879976953226898,640
CS2_37,HF4,32,degradation_pearson,30,1000,-0.04384936817362336,-0.3343750766263703,0.15420365153750032,640
CS2_37,HF4,32,degradation_spearman,30,1000,-0.08430909838812282,-0.39239646725407046,0.289861796357009,640
CS2_37,HF4,32,partial_pearson_controlling_SOH,30,1000,0.07936338801351908,-0.14763586474139828,0.28341588934923223,640
CS2_37,HF5,32,degradation_pearson,10,1000,-0.026895331517627446,-0.26353074387384534,0.0972692007604086,640
CS2_37,HF5,32,degradation_spearman,10,1000,-0.011893188495228125,-0.231520486170059,0.20532082484862166,640
CS2_37,HF5,32,partial_pearson_controlling_SOH,10,1000,-0.05101202785218111,-0.24292795202233058,0.055625838353743705,640
CS2_37,HF5,32,degradation_pearson,20,1000,-0.02480249680105273,-0.2752150489766884,0.1302718619486448,640
CS2_37,HF5,32,degradation_spearman,20,1000,-0.004219926262132285,-0.2953571357549759,0.32057490083573725,640
CS2_37,HF5,32,partial_pearson_controlling_SOH,20,1000,-0.04831710422682962,-0.25383567154494685,0.04837774455125895,640
CS2_37,HF5,32,degradation_pearson,30,1000,-0.03010959914222332,-0.28836158726008926,0.13272856036498767,640
CS2_37,HF5,32,degradation_spearman,30,1000,-0.015020489374562145,-0.3291249651865263,0.34398250984483214,640
CS2_37,HF5,32,partial_pearson_controlling_SOH,30,1000,-0.04351463742141618,-0.24544928354435128,0.05751884674142833,640
CS2_37,HF6,32,degradation_pearson,10,1000,0.027381423526138968,-0.13049757530604783,0.1301624472353816,640
CS2_37,HF6,32,degradation_spearman,10,1000,0.0545272154385366,-0.14565901313418678,0.26607221996485414,640
CS2_37,HF6,32,partial_pearson_controlling_SOH,10,1000,-0.13759423767081003,-0.34086616823714155,-0.03464757190295949,640
CS2_37,HF6,32,degradation_pearson,20,1000,0.025277449202977885,-0.19654252371040232,0.1525884383024962,640
CS2_37,HF6,32,degradation_spearman,20,1000,0.05346956757996471,-0.2193144210636607,0.335820005822068,640
CS2_37,HF6,32,partial_pearson_controlling_SOH,20,1000,-0.13405214760657821,-0.3363799315572406,-0.016267367019200726,640
CS2_37,HF6,32,degradation_pearson,30,1000,0.02809468522445633,-0.19677557117446384,0.14915634139109968,640
CS2_37,HF6,32,degradation_spearman,30,1000,0.053893863790144186,-0.24123660483784876,0.3384404657255387,640
CS2_37,HF6,32,partial_pearson_controlling_SOH,30,1000,-0.13142380980761847,-0.34411467892452813,-0.0021726213397145677,640
CS2_37,HF7,32,degradation_pearson,10,1000,-0.35934692218811737,-0.5769989611131475,-0.20509389270970943,997
CS2_37,HF7,32,degradation_spearman,10,1000,-0.45960533257491315,-0.5843001567287999,-0.3134919910164858,997
CS2_37,HF7,32,partial_pearson_controlling_SOH,10,1000,0.5180893766671925,0.16784415162179248,0.8173230656034353,997
CS2_37,HF7,32,degradation_pearson,20,1000,-0.36266149765527544,-0.5789765291663773,-0.17355611686634423,997
CS2_37,HF7,32,degradation_spearman,20,1000,-0.45239129101302067,-0.6033856521868691,-0.25413677536943524,997
CS2_37,HF7,32,partial_pearson_controlling_SOH,20,1000,0.5204397425020986,0.15327036650042264,0.8367610466354807,997
CS2_37,HF7,32,degradation_pearson,30,1000,-0.3488377023791432,-0.5788708165599586,-0.1513495485893488,997
CS2_37,HF7,32,degradation_spearman,30,1000,-0.4454928783047426,-0.6335866233107775,-0.18295806553466323,997
CS2_37,HF7,32,partial_pearson_controlling_SOH,30,1000,0.5266234521287896,0.15061822635642136,0.8393679833835692,997
CS2_37,HF8,32,degradation_pearson,10,1000,0.28977604688705494,0.14861611421160065,0.4895080525342522,973
CS2_37,HF8,32,degradation_spearman,10,1000,0.41102234065186277,0.2659875458527914,0.5377694182593825,973
CS2_37,HF8,32,partial_pearson_controlling_SOH,10,1000,-0.10646997464531227,-0.2933976203714768,0.17371589660017656,973
CS2_37,HF8,32,degradation_pearson,20,1000,0.29416815988800055,0.13325434827597119,0.5151127445450425,973
CS2_37,HF8,32,degradation_spearman,20,1000,0.41345088262657814,0.1997310943252937,0.562828995110732,973
CS2_37,HF8,32,partial_pearson_controlling_SOH,20,1000,-0.10593379757220012,-0.2976843771167749,0.2201793468516388,973
CS2_37,HF8,32,degradation_pearson,30,1000,0.28876094538609287,0.10333973734957105,0.5102204500313093,973
CS2_37,HF8,32,degradation_spearman,30,1000,0.40364373857752384,0.16165254484452074,0.5713745140736294,973
CS2_37,HF8,32,partial_pearson_controlling_SOH,30,1000,-0.10154240774447655,-0.3161471975582501,0.20868023631784516,973
CS2_37,HF1,48,degradation_pearson,10,1000,-0.5306026764028431,-0.7362650922096796,-0.3448353057086516,981
CS2_37,HF1,48,degradation_spearman,10,1000,-0.5971353205471008,-0.7170294826135107,-0.4492915502673242,981
CS2_37,HF1,48,partial_pearson_controlling_SOH,10,1000,0.48760926246822,0.11213039053273902,0.8356502736618019,981
CS2_37,HF1,48,degradation_pearson,20,1000,-0.5338112038077825,-0.7475250689256139,-0.340574119230163,981
CS2_37,HF1,48,degradation_spearman,20,1000,-0.6039071632536044,-0.7480549124722249,-0.38456632865012885,981
CS2_37,HF1,48,partial_pearson_controlling_SOH,20,1000,0.5179866072039605,0.11226943820968664,0.8313853255019276,981
CS2_37,HF1,48,degradation_pearson,30,1000,-0.5171327965631165,-0.7589454109503717,-0.29018337899901986,981
CS2_37,HF1,48,degradation_spearman,30,1000,-0.5945466251779851,-0.7664079916621016,-0.3297972345058275,981
CS2_37,HF1,48,partial_pearson_controlling_SOH,30,1000,0.4944710072808408,0.10544616179571549,0.822853291282847,981
CS2_37,HF2,48,degradation_pearson,10,1000,0.4056177538224346,0.2443255399657076,0.5922429147568771,957
CS2_37,HF2,48,degradation_spearman,10,1000,0.5522261455528188,0.40324038819845864,0.6651338452150772,957
CS2_37,HF2,48,partial_pearson_controlling_SOH,10,1000,-0.022628105056862628,-0.25123731749214373,0.2490575346720053,957
CS2_37,HF2,48,degradation_pearson,20,1000,0.4064901220147109,0.22398889092542063,0.6182189772079499,957
CS2_37,HF2,48,degradation_spearman,20,1000,0.5546022193709139,0.3411454135144558,0.688580956424563,957
CS2_37,HF2,48,partial_pearson_controlling_SOH,20,1000,-0.018704158058783817,-0.29157157677535117,0.26670196965592546,957
CS2_37,HF2,48,degradation_pearson,30,1000,0.4022499715382292,0.1828448166760613,0.6262510214393692,957
CS2_37,HF2,48,degradation_spearman,30,1000,0.5454021344311994,0.2827390243019414,0.7036229296684281,957
CS2_37,HF2,48,partial_pearson_controlling_SOH,30,1000,-0.02583581847804899,-0.29658287068552525,0.2720678877673051,957
CS2_37,HF3,48,degradation_pearson,10,1000,-0.04351211396633317,-0.6413778996097887,0.29625859338118865,953
CS2_37,HF3,48,degradation_spearman,10,1000,-0.5758495787009261,-0.6876317792193084,-0.42784110023433886,953
CS2_37,HF3,48,partial_pearson_controlling_SOH,10,1000,-0.07831256827759966,-0.7490491485210468,0.045423955180931515,953
CS2_37,HF3,48,degradation_pearson,20,1000,-0.04330632057246554,-0.5710057580748434,0.3513026972282498,953
CS2_37,HF3,48,degradation_spearman,20,1000,-0.5727741907384272,-0.7178033725483,-0.3752377664321211,953
CS2_37,HF3,48,partial_pearson_controlling_SOH,20,1000,-0.08822430094655234,-0.7777054334785887,0.04171025121256746,953
CS2_37,HF3,48,degradation_pearson,30,1000,-0.051900947971778105,-0.555374649856664,0.3678706029078958,953
CS2_37,HF3,48,degradation_spearman,30,1000,-0.5697721219614444,-0.7255686739074864,-0.3016258557920264,953
CS2_37,HF3,48,partial_pearson_controlling_SOH,30,1000,-0.08032749497928593,-0.7783569346640717,0.04693206721893185,953
CS2_37,HF4,48,degradation_pearson,10,1000,-0.15697464497980929,-0.48366432174910967,0.045308502986753596,641
CS2_37,HF4,48,degradation_spearman,10,1000,-0.21508351961404854,-0.4732788561818762,0.05228024450597715,641
CS2_37,HF4,48,partial_pearson_controlling_SOH,10,1000,0.1309404858746177,0.0047161081544630674,0.33067229895499145,641
CS2_37,HF4,48,degradation_pearson,20,1000,-0.1551077484066522,-0.528661359374655,0.09278137778970068,641
CS2_37,HF4,48,degradation_spearman,20,1000,-0.22509690608671584,-0.5186596326746844,0.15762754606872462,641
CS2_37,HF4,48,partial_pearson_controlling_SOH,20,1000,0.11823101816453173,-0.08143654957223438,0.36449969926920506,641
CS2_37,HF4,48,degradation_pearson,30,1000,-0.16156559930740683,-0.5566837889940054,0.10908894886696055,641
CS2_37,HF4,48,degradation_spearman,30,1000,-0.22566718540062655,-0.5791980770170233,0.22694435393765985,641
CS2_37,HF4,48,partial_pearson_controlling_SOH,30,1000,0.11329703197036906,-0.1755090725502564,0.3715895918654501,641
CS2_37,HF5,48,degradation_pearson,10,1000,-0.1180152418233735,-0.4482560937067802,0.08060512298008457,641
CS2_37,HF5,48,degradation_spearman,10,1000,-0.14535209799541363,-0.3787082629422218,0.12671279277102,641
CS2_37,HF5,48,partial_pearson_controlling_SOH,10,1000,-0.1317294699283864,-0.2895400855584899,-0.04166175835902457,641
CS2_37,HF5,48,degradation_pearson,20,1000,-0.1057492032464454,-0.4781623985593809,0.1326313128563533,641
CS2_37,HF5,48,degradation_spearman,20,1000,-0.1372268558661312,-0.44790221002905006,0.2271806686229211,641
CS2_37,HF5,48,partial_pearson_controlling_SOH,20,1000,-0.13117234509291967,-0.29426709199205453,-0.039188378456059124,641
CS2_37,HF5,48,degradation_pearson,30,1000,-0.10806576894362054,-0.5024545558771514,0.16360520097825687,641
CS2_37,HF5,48,degradation_spearman,30,1000,-0.1274878584718738,-0.5068288106262074,0.3069450507238967,641
CS2_37,HF5,48,partial_pearson_controlling_SOH,30,1000,-0.12832294519670207,-0.2952376910079301,-0.04324423417731672,641
CS2_37,HF6,48,degradation_pearson,10,1000,-0.024868316550082994,-0.26825567615986995,0.14268057436789935,641
CS2_37,HF6,48,degradation_spearman,10,1000,-0.07820327471735686,-0.3047744316939867,0.1753567330622233,641
CS2_37,HF6,48,partial_pearson_controlling_SOH,10,1000,-0.2377499340554782,-0.40233518675643887,-0.1320698763909968,641
CS2_37,HF6,48,degradation_pearson,20,1000,-0.019800146618118963,-0.3408983183751705,0.1748205402185086,641
CS2_37,HF6,48,degradation_spearman,20,1000,-0.06221844857785301,-0.3746313725386388,0.2694589743662612,641
CS2_37,HF6,48,partial_pearson_controlling_SOH,20,1000,-0.22789713871299877,-0.4178909320684948,-0.11385441252288782,641
CS2_37,HF6,48,degradation_pearson,30,1000,-0.031522000092584504,-0.38240360941735807,0.1856394826989925,641
CS2_37,HF6,48,degradation_spearman,30,1000,-0.07886443209819799,-0.44238323439241006,0.29639103961752783,641
CS2_37,HF6,48,partial_pearson_controlling_SOH,30,1000,-0.2249544736543943,-0.4280544495348119,-0.09156911830145657,641
CS2_37,HF7,48,degradation_pearson,10,1000,-0.5316843469282293,-0.7222833340334599,-0.356529209046222,981
CS2_37,HF7,48,degradation_spearman,10,1000,-0.5986172756571271,-0.7210171608188676,-0.44742252983403347,981
CS2_37,HF7,48,partial_pearson_controlling_SOH,10,1000,0.5026928826524787,0.10627989858363215,0.8095748912061879,981
CS2_37,HF7,48,degradation_pearson,20,1000,-0.5308062141079064,-0.7436572705246877,-0.3227017969861362,981
CS2_37,HF7,48,degradation_spearman,20,1000,-0.6015855915828345,-0.7510741077431726,-0.3967076466981811,981
CS2_37,HF7,48,partial_pearson_controlling_SOH,20,1000,0.49961466730834697,0.10862864276135101,0.8322812253076755,981
CS2_37,HF7,48,degradation_pearson,30,1000,-0.5267390923091737,-0.7463022634131912,-0.29519085414826857,981
CS2_37,HF7,48,degradation_spearman,30,1000,-0.5982467275607213,-0.7691642118648819,-0.31889767756161846,981
CS2_37,HF7,48,partial_pearson_controlling_SOH,30,1000,0.5081723402089202,0.09502388950982918,0.8393891812469766,981
CS2_37,HF8,48,degradation_pearson,10,1000,0.43154746008270234,0.26377329701128954,0.6199160475612564,957
CS2_37,HF8,48,degradation_spearman,10,1000,0.5697277896469711,0.41849574359213715,0.6793857929485946,957
CS2_37,HF8,48,partial_pearson_controlling_SOH,10,1000,-0.04272166265645884,-0.30905799769582215,0.24310525633599506,957
CS2_37,HF8,48,degradation_pearson,20,1000,0.43352378575232414,0.2373056115020155,0.6533714324546958,957
CS2_37,HF8,48,degradation_spearman,20,1000,0.5750539201631762,0.36460032423361854,0.7034643446337154,957
CS2_37,HF8,48,partial_pearson_controlling_SOH,20,1000,-0.04811858002143713,-0.3344289342472225,0.2671197307137807,957
CS2_37,HF8,48,degradation_pearson,30,1000,0.4257970126067404,0.1911719837587586,0.653401478989969,957
CS2_37,HF8,48,degradation_spearman,30,1000,0.5626124899453531,0.3085176800500404,0.7129400861605804,957
CS2_37,HF8,48,partial_pearson_controlling_SOH,30,1000,-0.05020904020561784,-0.3347397845637099,0.26256881015514866,957
CS2_37,HF1,64,degradation_pearson,10,1000,-0.6120670184202555,-0.7914527997281464,-0.43198246582841415,967
CS2_37,HF1,64,degradation_spearman,10,1000,-0.6210485357366136,-0.7428223172541754,-0.4515854628686832,967
CS2_37,HF1,64,partial_pearson_controlling_SOH,10,1000,0.5235560793087755,0.14118925109429695,0.8338969333098298,967
CS2_37,HF1,64,degradation_pearson,20,1000,-0.6180293283303333,-0.7995967351337838,-0.39660761258388644,967
CS2_37,HF1,64,degradation_spearman,20,1000,-0.6210527752065043,-0.7699827686601469,-0.40851477893427096,967
CS2_37,HF1,64,partial_pearson_controlling_SOH,20,1000,0.5103560243470506,0.12983018332694965,0.8274055380585301,967
CS2_37,HF1,64,degradation_pearson,30,1000,-0.6097350281622755,-0.8091438820002128,-0.3656626845350035,967
CS2_37,HF1,64,degradation_spearman,30,1000,-0.6086981165604576,-0.7726810809088371,-0.3315552868011915,967
CS2_37,HF1,64,partial_pearson_controlling_SOH,30,1000,0.5239387439960139,0.10919952312595972,0.846644881178818,967
CS2_37,HF2,64,degradation_pearson,10,1000,0.49476512022389674,0.31895171854623267,0.6789542789306428,943
CS2_37,HF2,64,degradation_spearman,10,1000,0.5629377374677254,0.4034844498424795,0.6838235683423917,943
CS2_37,HF2,64,partial_pearson_controlling_SOH,10,1000,-0.02648221474332245,-0.31291265370754445,0.2784403395019156,943
CS2_37,HF2,64,degradation_pearson,20,1000,0.48866773876603464,0.2749775786404044,0.6985143867930945,943
CS2_37,HF2,64,degradation_spearman,20,1000,0.5483045542636453,0.31645180021420144,0.7081150279158,943
CS2_37,HF2,64,partial_pearson_controlling_SOH,20,1000,-0.017063925593984387,-0.31652341415491675,0.2920680758185426,943
CS2_37,HF2,64,degradation_pearson,30,1000,0.49056224656374514,0.24941398489618594,0.696768197213268,943
CS2_37,HF2,64,degradation_spearman,30,1000,0.5483461342651923,0.2759335100416519,0.7142640797577421,943
CS2_37,HF2,64,partial_pearson_controlling_SOH,30,1000,-0.021452022687927952,-0.33881082725305256,0.2858176364669499,943
CS2_37,HF3,64,degradation_pearson,10,1000,-0.05541643026997696,-0.6605313033045074,0.26940261046006075,940
CS2_37,HF3,64,degradation_spearman,10,1000,-0.5900238492417889,-0.701411538497478,-0.4394040835266909,940
CS2_37,HF3,64,partial_pearson_controlling_SOH,10,1000,-0.08754196990097521,-0.7471638394730014,0.03324324900563264,940
CS2_37,HF3,64,degradation_pearson,20,1000,-0.05884408413410119,-0.6199561086752507,0.30058499756386775,940
CS2_37,HF3,64,degradation_spearman,20,1000,-0.5878482027559763,-0.7305272325348948,-0.35590470800819973,940
CS2_37,HF3,64,partial_pearson_controlling_SOH,20,1000,-0.09088397142933394,-0.7716823876660013,0.029978225545936606,940
CS2_37,HF3,64,degradation_pearson,30,1000,-0.05567868847372456,-0.6201059090365753,0.28653098266495963,940
CS2_37,HF3,64,degradation_spearman,30,1000,-0.5776655481435613,-0.7342910221340174,-0.3041821194275734,940
CS2_37,HF3,64,partial_pearson_controlling_SOH,30,1000,-0.0859619477485224,-0.7686512685236626,0.032016117754378,940
CS2_37,HF4,64,degradation_pearson,10,1000,-0.18508579168513062,-0.5177022948293147,0.06869722304674475,641
CS2_37,HF4,64,degradation_spearman,10,1000,-0.22060130799144329,-0.45276697982397957,0.0731280461403337,641
CS2_37,HF4,64,partial_pearson_controlling_SOH,10,1000,0.20211028580048757,0.06596562451960432,0.40947641683694364,641
CS2_37,HF4,64,degradation_pearson,20,1000,-0.1852606334617941,-0.5929316524830212,0.12099790958479723,641
CS2_37,HF4,64,degradation_spearman,20,1000,-0.21495239000260882,-0.5345649898419499,0.15391452620718415,641
CS2_37,HF4,64,partial_pearson_controlling_SOH,20,1000,0.19514847412395223,-0.12314339109445267,0.4242094053277119,641
CS2_37,HF4,64,degradation_pearson,30,1000,-0.16101345164319547,-0.6114536770348872,0.14475762161036007,641
CS2_37,HF4,64,degradation_spearman,30,1000,-0.19897251234148602,-0.5784957535566656,0.2225909442544968,641
CS2_37,HF4,64,partial_pearson_controlling_SOH,30,1000,0.18997679060143857,-0.15674539222432304,0.424542372231407,641
CS2_37,HF5,64,degradation_pearson,10,1000,-0.10076473583400979,-0.4762349737955205,0.1429797354335766,641
CS2_37,HF5,64,degradation_spearman,10,1000,-0.13854901946784304,-0.37591165504170543,0.15067384706860687,641
CS2_37,HF5,64,partial_pearson_controlling_SOH,10,1000,-0.21813451059133343,-0.33794819454563335,-0.11480970851828834,641
CS2_37,HF5,64,degradation_pearson,20,1000,-0.1053458124723059,-0.5517766191007372,0.18322292653148461,641
CS2_37,HF5,64,degradation_spearman,20,1000,-0.14154374170334869,-0.4511182221523937,0.19892486499462314,641
CS2_37,HF5,64,partial_pearson_controlling_SOH,20,1000,-0.21610307494250502,-0.32846962444905936,-0.07568180761295924,641
CS2_37,HF5,64,degradation_pearson,30,1000,-0.10837370714528857,-0.5754111568122899,0.21742120059340705,641
CS2_37,HF5,64,degradation_spearman,30,1000,-0.1309027696336677,-0.5002385189656654,0.3193695699455336,641
CS2_37,HF5,64,partial_pearson_controlling_SOH,30,1000,-0.21237741955906753,-0.3013644518310041,-0.07868316799073752,641
CS2_37,HF6,64,degradation_pearson,10,1000,-0.011711565936565565,-0.30665698572510847,0.185559880444076,641
CS2_37,HF6,64,degradation_spearman,10,1000,-0.045652226281859415,-0.27008681461319306,0.1970947206539348,641
CS2_37,HF6,64,partial_pearson_controlling_SOH,10,1000,-0.294044780096748,-0.45130943051824757,-0.18587105699231662,641
CS2_37,HF6,64,degradation_pearson,20,1000,-0.017440390103303754,-0.3662963196789808,0.21527486765152684,641
CS2_37,HF6,64,degradation_spearman,20,1000,-0.04000646621778635,-0.35025021496972303,0.28422985769361175,641
CS2_37,HF6,64,partial_pearson_controlling_SOH,20,1000,-0.28877549751064313,-0.45033251756636894,-0.1727051300382859,641
CS2_37,HF6,64,degradation_pearson,30,1000,-0.007074327640324724,-0.4310360945828478,0.2329609559993853,641
CS2_37,HF6,64,degradation_spearman,30,1000,-0.03142750713621545,-0.39719319849899254,0.36261888980308116,641
CS2_37,HF6,64,partial_pearson_controlling_SOH,30,1000,-0.28730049156826415,-0.4426642110626685,-0.15015517685656982,641
CS2_37,HF7,64,degradation_pearson,10,1000,-0.6111230777792125,-0.7879248733987083,-0.4325041709780107,967
CS2_37,HF7,64,degradation_spearman,10,1000,-0.6176011958683781,-0.7433660950803685,-0.47298988742443404,967
CS2_37,HF7,64,partial_pearson_controlling_SOH,10,1000,0.528824764494072,0.1394940570515875,0.8241268374766857,967
CS2_37,HF7,64,degradation_pearson,20,1000,-0.6036197702146862,-0.8021124855776673,-0.39101890043922843,967
CS2_37,HF7,64,degradation_spearman,20,1000,-0.6134811450218465,-0.7591060808168145,-0.38400231510908,967
CS2_37,HF7,64,partial_pearson_controlling_SOH,20,1000,0.5207008962730062,0.1182984046840568,0.8223042570904278,967
CS2_37,HF7,64,degradation_pearson,30,1000,-0.6104783391310302,-0.8096060767465182,-0.3861624194512889,967
CS2_37,HF7,64,degradation_spearman,30,1000,-0.6176034328602654,-0.7840169547600625,-0.36273625123455294,967
CS2_37,HF7,64,partial_pearson_controlling_SOH,30,1000,0.5299172476559462,0.11963088111556129,0.8521067473345831,967
CS2_37,HF8,64,degradation_pearson,10,1000,0.5128520068394627,0.32660475186072657,0.6978501552637204,943
CS2_37,HF8,64,degradation_spearman,10,1000,0.5751289758445981,0.42198562456077066,0.6951588893628452,943
CS2_37,HF8,64,partial_pearson_controlling_SOH,10,1000,-0.043380633042594645,-0.35439484485287326,0.2694205599445757,943
CS2_37,HF8,64,degradation_pearson,20,1000,0.5123728679380546,0.3051341777242667,0.7121400804845108,943
CS2_37,HF8,64,degradation_spearman,20,1000,0.5711679273118,0.35801285481688366,0.7251573026089679,943
CS2_37,HF8,64,partial_pearson_controlling_SOH,20,1000,-0.04065138945621915,-0.36574918254469435,0.297188304957337,943
CS2_37,HF8,64,degradation_pearson,30,1000,0.5134965667136915,0.23539542637582486,0.7238160363891728,943
CS2_37,HF8,64,degradation_spearman,30,1000,0.5691544001352007,0.29403176396328895,0.7296699909556855,943
CS2_37,HF8,64,partial_pearson_controlling_SOH,30,1000,-0.049977021087665705,-0.36765544063654726,0.3037063289806227,943
CS2_38,HF1,1,degradation_pearson,10,1000,-0.015599680551953479,-0.04347022238267898,0.0036206537371024214,1019
CS2_38,HF1,1,degradation_spearman,10,1000,-0.1008346503132892,-0.17800306399300767,-0.02108581018307874,1019
CS2_38,HF1,1,partial_pearson_controlling_SOH,10,1000,0.6239891882239832,0.4763774089320399,0.7390640061969336,1019
CS2_38,HF1,1,degradation_pearson,20,1000,-0.015380219403453856,-0.04495357963624637,0.0013511764774918036,1019
CS2_38,HF1,1,degradation_spearman,20,1000,-0.09656054467619993,-0.18334781200498837,-0.0011904667781610985,1019
CS2_38,HF1,1,partial_pearson_controlling_SOH,20,1000,0.6234414286387573,0.4831447287363706,0.7204314980639033,1019
CS2_38,HF1,1,degradation_pearson,30,1000,-0.01481205690244897,-0.0436648013032844,0.0003277278082409197,1019
CS2_38,HF1,1,degradation_spearman,30,1000,-0.09127726199463082,-0.19246435113407784,0.021328663282010274,1019
CS2_38,HF1,1,partial_pearson_controlling_SOH,30,1000,0.6252649516825636,0.48437501353394463,0.6954091055025201,1019
CS2_38,HF2,1,degradation_pearson,10,1000,-0.0034952344564570534,-0.039372286699299826,0.03289184637746898,992
CS2_38,HF2,1,degradation_spearman,10,1000,0.09698947747302002,0.02289617951131314,0.17214198976067338,992
CS2_38,HF2,1,partial_pearson_controlling_SOH,10,1000,-0.10620379191417463,-0.20921351086293696,0.05000862754444765,992
CS2_38,HF2,1,degradation_pearson,20,1000,-0.003640339632801512,-0.037180890065404204,0.029066119193668718,992
CS2_38,HF2,1,degradation_spearman,20,1000,0.09293044577034631,7.24184272326564e-05,0.17656618344572336,992
CS2_38,HF2,1,partial_pearson_controlling_SOH,20,1000,-0.10846522864783051,-0.21159786961822322,0.04885495475741617,992
CS2_38,HF2,1,degradation_pearson,30,1000,-0.004516806849730271,-0.03866156009179082,0.024285141150485762,992
CS2_38,HF2,1,degradation_spearman,30,1000,0.0934415575258875,-0.0104475740068695,0.18467000398540517,992
CS2_38,HF2,1,partial_pearson_controlling_SOH,30,1000,-0.11028584550758586,-0.20234641597693265,0.05848148236854393,992
CS2_38,HF3,1,degradation_pearson,10,1000,0.2124141086697714,0.016700242044758503,0.6026636555900688,988
CS2_38,HF3,1,degradation_spearman,10,1000,-0.17845046096052003,-0.24125864888959123,-0.11056914073199549,988
CS2_38,HF3,1,partial_pearson_controlling_SOH,10,1000,-0.19150318413669587,-0.6446125370597522,-0.04606400569264948,988
CS2_38,HF3,1,degradation_pearson,20,1000,0.2124775577195914,0.026154552150808377,0.6027491593230517,988
CS2_38,HF3,1,degradation_spearman,20,1000,-0.1741239599973798,-0.24577853922839354,-0.09863696518342552,988
CS2_38,HF3,1,partial_pearson_controlling_SOH,20,1000,-0.19116385438932,-0.6425563586045456,-0.057203237812209796,988
CS2_38,HF3,1,degradation_pearson,30,1000,0.20248592917787944,0.030130948989549163,0.6159552831105242,988
CS2_38,HF3,1,degradation_spearman,30,1000,-0.17487353048938714,-0.25035409191954805,-0.1004712478577722,988
CS2_38,HF3,1,partial_pearson_controlling_SOH,30,1000,-0.18406910259355153,-0.6362110325985083,-0.05182646275079936,988
CS2_38,HF4,1,degradation_pearson,10,1000,-0.10667503780422624,-0.1794867104355826,-0.019825609974286642,550
CS2_38,HF4,1,degradation_spearman,10,1000,-0.019516617897733284,-0.10204631915398579,0.07664948046630625,550
CS2_38,HF4,1,partial_pearson_controlling_SOH,10,1000,0.06052485337464606,-0.01929842917235573,0.14093605871173762,550
CS2_38,HF4,1,degradation_pearson,20,1000,-0.10744467771961914,-0.16842545157297856,-0.03138757118903681,550
CS2_38,HF4,1,degradation_spearman,20,1000,-0.013125179786202711,-0.10395408891366617,0.08374147500682048,550
CS2_38,HF4,1,partial_pearson_controlling_SOH,20,1000,0.05870531244268372,-0.01689451319958012,0.13553195307487512,550
CS2_38,HF4,1,degradation_pearson,30,1000,-0.1051034230939156,-0.16078202902153463,-0.022540160081909972,550
CS2_38,HF4,1,degradation_spearman,30,1000,-0.009763296342324937,-0.10952052717642183,0.0976901570462189,550
CS2_38,HF4,1,partial_pearson_controlling_SOH,30,1000,0.06196960392689618,-0.015742165285121845,0.13399156987412064,550
CS2_38,HF5,1,degradation_pearson,10,1000,-0.09902121053871094,-0.1566822805936697,-0.02783815651441369,550
CS2_38,HF5,1,degradation_spearman,10,1000,-0.032552596806356346,-0.1254122642436924,0.06415114179702738,550
CS2_38,HF5,1,partial_pearson_controlling_SOH,10,1000,0.01657683744571406,-0.05720883280557065,0.09868876344141807,550
CS2_38,HF5,1,degradation_pearson,20,1000,-0.10027660159184881,-0.14852078151126502,-0.0325467017935544,550
CS2_38,HF5,1,degradation_spearman,20,1000,-0.03179184602068058,-0.12474065385102086,0.06734949472262303,550
CS2_38,HF5,1,partial_pearson_controlling_SOH,20,1000,0.015958351829238732,-0.05585750912331846,0.0914582823879953,550
CS2_38,HF5,1,degradation_pearson,30,1000,-0.10136652006695189,-0.14842247544198378,-0.029197280643895828,550
CS2_38,HF5,1,degradation_spearman,30,1000,-0.03217285493533831,-0.1201524296906662,0.08007828675039827,550
CS2_38,HF5,1,partial_pearson_controlling_SOH,30,1000,0.01765079100714013,-0.05056076266136453,0.09276023025201872,550
CS2_38,HF6,1,degradation_pearson,10,1000,-0.07293967684204472,-0.13444053385804386,0.006040392549093845,550
CS2_38,HF6,1,degradation_spearman,10,1000,0.03464035700097608,-0.04341152404449988,0.11377260517692349,550
CS2_38,HF6,1,partial_pearson_controlling_SOH,10,1000,-0.02528218657440328,-0.11466149362624052,0.0806969324751738,550
CS2_38,HF6,1,degradation_pearson,20,1000,-0.06951827422730326,-0.13218171670075904,0.018317893686809524,550
CS2_38,HF6,1,degradation_spearman,20,1000,0.038138135891180716,-0.047349259113975285,0.12043555492942222,550
CS2_38,HF6,1,partial_pearson_controlling_SOH,20,1000,-0.024352377418314725,-0.11727616570458807,0.06867998632535949,550
CS2_38,HF6,1,degradation_pearson,30,1000,-0.06618473674681533,-0.13234149961252342,0.014952754554058057,550
CS2_38,HF6,1,degradation_spearman,30,1000,0.037707734945815294,-0.04902059919095422,0.12472971699340557,550
CS2_38,HF6,1,partial_pearson_controlling_SOH,30,1000,-0.026201852916462546,-0.10499506293320666,0.06155194644965631,550
CS2_38,HF7,1,degradation_pearson,10,1000,-0.015359213555456476,-0.043426865945081015,0.0011635554610623336,1019
CS2_38,HF7,1,degradation_spearman,10,1000,-0.10051601451610295,-0.1762010733094521,-0.01868495761465871,1019
CS2_38,HF7,1,partial_pearson_controlling_SOH,10,1000,0.6224537045025624,0.46454200723520783,0.7384224237028442,1019
CS2_38,HF7,1,degradation_pearson,20,1000,-0.014967970974417474,-0.04341910270631696,0.0006249442578554045,1019
CS2_38,HF7,1,degradation_spearman,20,1000,-0.09601347384871309,-0.18358857176910304,-0.004387249276909409,1019
CS2_38,HF7,1,partial_pearson_controlling_SOH,20,1000,0.6198522046947089,0.4776938531050053,0.7267956203435608,1019
CS2_38,HF7,1,degradation_pearson,30,1000,-0.01481012609752997,-0.04547490336734934,-0.0011097640321650754,1019
CS2_38,HF7,1,degradation_spearman,30,1000,-0.0940390034702009,-0.19264054689910562,0.017447919501727648,1019
CS2_38,HF7,1,partial_pearson_controlling_SOH,30,1000,0.6194215459405528,0.475724062364784,0.7085137280461989,1019
CS2_38,HF8,1,degradation_pearson,10,1000,-0.0003002627322624441,-0.03036478761796302,0.03398834360420376,992
CS2_38,HF8,1,degradation_spearman,10,1000,0.10887918988633191,0.03270632849828872,0.1811528219374945,992
CS2_38,HF8,1,partial_pearson_controlling_SOH,10,1000,-0.13862735442215599,-0.26050558915049726,0.032925412678417976,992
CS2_38,HF8,1,degradation_pearson,20,1000,-0.0013739791242419644,-0.03532073672701384,0.030218103690811574,992
CS2_38,HF8,1,degradation_spearman,20,1000,0.10345447011644796,0.008373425554804876,0.18949536950888762,992
CS2_38,HF8,1,partial_pearson_controlling_SOH,20,1000,-0.141628884762931,-0.24827773356032667,0.04670503402316931,992
CS2_38,HF8,1,degradation_pearson,30,1000,-0.0007738161498677615,-0.03317602927102546,0.026286483830427018,992
CS2_38,HF8,1,degradation_spearman,30,1000,0.10281760024735215,-0.012505445963246669,0.194410217584354,992
CS2_38,HF8,1,partial_pearson_controlling_SOH,30,1000,-0.14545521940460293,-0.2545159122737681,0.04663035816899739,992
CS2_38,HF1,4,degradation_pearson,10,1000,-0.0320894193867845,-0.08270584704160464,0.002164584694224743,1016
CS2_38,HF1,4,degradation_spearman,10,1000,-0.08089421044124179,-0.17724885622997227,0.013136275230117752,1016
CS2_38,HF1,4,partial_pearson_controlling_SOH,10,1000,0.5824387458595712,0.2950143378221159,0.7841382996382203,1016
CS2_38,HF1,4,degradation_pearson,20,1000,-0.03065509620109523,-0.08170879034067033,-0.0011674127225229194,1016
CS2_38,HF1,4,degradation_spearman,20,1000,-0.07652289326145953,-0.1844916001307716,0.03901392815638636,1016
CS2_38,HF1,4,partial_pearson_controlling_SOH,20,1000,0.5869562086633899,0.32019576507097003,0.7413857732748695,1016
CS2_38,HF1,4,degradation_pearson,30,1000,-0.030512086094362675,-0.07576209224305343,-0.0009117577973411882,1016
CS2_38,HF1,4,degradation_spearman,30,1000,-0.0753535292760228,-0.18674773927639077,0.0544904728420275,1016
CS2_38,HF1,4,partial_pearson_controlling_SOH,30,1000,0.5818065138483088,0.3449380117704709,0.7306810955574704,1016
CS2_38,HF2,4,degradation_pearson,10,1000,0.01025440940571649,-0.03512833101931437,0.0710177710015893,989
CS2_38,HF2,4,degradation_spearman,10,1000,0.06686616989102208,-0.03598807055616384,0.15622843419226426,989
CS2_38,HF2,4,partial_pearson_controlling_SOH,10,1000,-0.1003502333777721,-0.18871377542718995,0.021790204310880204,989
CS2_38,HF2,4,degradation_pearson,20,1000,0.010408892568156795,-0.027960107821884683,0.06512537281139567,989
CS2_38,HF2,4,degradation_spearman,20,1000,0.05996413160181939,-0.038849433880492765,0.15557881099328988,989
CS2_38,HF2,4,partial_pearson_controlling_SOH,20,1000,-0.10090260428194563,-0.19847040843131436,0.03167102818701404,989
CS2_38,HF2,4,degradation_pearson,30,1000,0.008801252940319117,-0.023729353768186193,0.06328723157819176,989
CS2_38,HF2,4,degradation_spearman,30,1000,0.05951524249377234,-0.06589997179814931,0.16585187393847325,989
CS2_38,HF2,4,partial_pearson_controlling_SOH,30,1000,-0.10169966300582318,-0.1857796564972442,0.04501201804814956,989
CS2_38,HF3,4,degradation_pearson,10,1000,0.1278122137863411,-0.02520334533387804,0.6329659998225202,985
CS2_38,HF3,4,degradation_spearman,10,1000,-0.031010991034696875,-0.12546225831198768,0.07285199011445652,985
CS2_38,HF3,4,partial_pearson_controlling_SOH,10,1000,-0.10960168879762935,-0.7035173318729248,0.014987165378173063,985
CS2_38,HF3,4,degradation_pearson,20,1000,0.13147252211047272,-0.02670101297227624,0.6009141984074073,985
CS2_38,HF3,4,degradation_spearman,20,1000,-0.03083138688657277,-0.13489918220899932,0.08256643975844945,985
CS2_38,HF3,4,partial_pearson_controlling_SOH,20,1000,-0.11448409457038322,-0.6546947447357345,0.014839208381287316,985
CS2_38,HF3,4,degradation_pearson,30,1000,0.1329733362893724,-0.027393247753743053,0.5922352849648618,985
CS2_38,HF3,4,degradation_spearman,30,1000,-0.026828496829656514,-0.14773272679628477,0.1156850208902177,985
CS2_38,HF3,4,partial_pearson_controlling_SOH,30,1000,-0.11384019915358178,-0.6363647828835305,0.01635708855225214,985
CS2_38,HF4,4,degradation_pearson,10,1000,-0.12527927860339413,-0.18912683702187133,-0.00034581218397201425,549
CS2_38,HF4,4,degradation_spearman,10,1000,0.027806097308471608,-0.09313686130976292,0.15792778124561316,549
CS2_38,HF4,4,partial_pearson_controlling_SOH,10,1000,-0.06988122912196662,-0.1831112426444743,0.00461412671538655,549
CS2_38,HF4,4,degradation_pearson,20,1000,-0.12371765010012778,-0.17938643081590616,-0.0018005327791274705,549
CS2_38,HF4,4,degradation_spearman,20,1000,0.02974906550599899,-0.10390681697075031,0.1767551317466653,549
CS2_38,HF4,4,partial_pearson_controlling_SOH,20,1000,-0.06991289912533905,-0.18683975573789588,0.01339978450081674,549
CS2_38,HF4,4,degradation_pearson,30,1000,-0.12124654294050144,-0.18129047400942283,0.022579150414679082,549
CS2_38,HF4,4,degradation_spearman,30,1000,0.04000036402400438,-0.09896794298747895,0.2064777724640397,549
CS2_38,HF4,4,partial_pearson_controlling_SOH,30,1000,-0.0727179775262316,-0.18379453867759152,0.008094775433105524,549
CS2_38,HF5,4,degradation_pearson,10,1000,-0.08015356677060018,-0.16675238602600917,0.04748957526499566,549
CS2_38,HF5,4,degradation_spearman,10,1000,0.12268826894071583,-0.0116119580512042,0.2606601981795465,549
CS2_38,HF5,4,partial_pearson_controlling_SOH,10,1000,-0.1016397694037568,-0.18840217195516099,-0.04908721348136422,549
CS2_38,HF5,4,degradation_pearson,20,1000,-0.08544928010161179,-0.1479643534658524,0.05632733231237861,549
CS2_38,HF5,4,degradation_spearman,20,1000,0.12381662231379637,-0.01156941048212793,0.2878371928782903,549
CS2_38,HF5,4,partial_pearson_controlling_SOH,20,1000,-0.10118738064899327,-0.18752003924358568,-0.048375171422184206,549
CS2_38,HF5,4,degradation_pearson,30,1000,-0.08176664754618704,-0.14760678991108245,0.08885192342485543,549
CS2_38,HF5,4,degradation_spearman,30,1000,0.13407122150720047,-0.027074341754465728,0.3172090148530443,549
CS2_38,HF5,4,partial_pearson_controlling_SOH,30,1000,-0.10346914530735014,-0.18631999962039908,-0.05010301308770934,549
CS2_38,HF6,4,degradation_pearson,10,1000,-0.028017031805294478,-0.08546560839683202,0.0715155978280262,549
CS2_38,HF6,4,degradation_spearman,10,1000,0.15947871671049468,0.03694172179762883,0.27009907550757567,549
CS2_38,HF6,4,partial_pearson_controlling_SOH,10,1000,-0.12921997040958416,-0.17799005239179916,-0.06386454217548794,549
CS2_38,HF6,4,degradation_pearson,20,1000,-0.028457049392056535,-0.08334473677114877,0.0822230826189988,549
CS2_38,HF6,4,degradation_spearman,20,1000,0.1631781131164058,0.027962673453463337,0.2807394908388667,549
CS2_38,HF6,4,partial_pearson_controlling_SOH,20,1000,-0.12932782641762242,-0.1830815130855711,-0.06910797324683032,549
CS2_38,HF6,4,degradation_pearson,30,1000,-0.022768183569045582,-0.08611783693594638,0.0993746151512169,549
CS2_38,HF6,4,degradation_spearman,30,1000,0.16071380161002768,0.021192940073479813,0.3031370573652909,549
CS2_38,HF6,4,partial_pearson_controlling_SOH,30,1000,-0.12656351455580478,-0.17845906629395333,-0.07417058720521241,549
CS2_38,HF7,4,degradation_pearson,10,1000,-0.030324290594594856,-0.07733308219000846,0.0015769047630293934,1016
CS2_38,HF7,4,degradation_spearman,10,1000,-0.07699230278217416,-0.17497601166704949,0.02382814857475842,1016
CS2_38,HF7,4,partial_pearson_controlling_SOH,10,1000,0.5842553753088167,0.2942261193458883,0.7847722044655562,1016
CS2_38,HF7,4,degradation_pearson,20,1000,-0.030827086633003507,-0.0742189088372517,-0.0008999799553177929,1016
CS2_38,HF7,4,degradation_spearman,20,1000,-0.07652016282975697,-0.17911097585301589,0.04086291141835977,1016
CS2_38,HF7,4,partial_pearson_controlling_SOH,20,1000,0.5965780584432,0.32046583684057156,0.746756536929853,1016
CS2_38,HF7,4,degradation_pearson,30,1000,-0.030811589303192884,-0.07663778153855998,-0.00211706578609916,1016
CS2_38,HF7,4,degradation_spearman,30,1000,-0.07695029793698954,-0.18798899866970797,0.05739641834053828,1016
CS2_38,HF7,4,partial_pearson_controlling_SOH,30,1000,0.5838310063997838,0.3373259363675133,0.7321769511285223,1016
CS2_38,HF8,4,degradation_pearson,10,1000,0.012864611451763557,-0.028296489549031592,0.0653553219390679,989
CS2_38,HF8,4,degradation_spearman,10,1000,0.07832934973044187,-0.024398753505260707,0.16144097132682467,989
CS2_38,HF8,4,partial_pearson_controlling_SOH,10,1000,-0.13959137540974695,-0.23927977921291246,0.019278111086069864,989
CS2_38,HF8,4,degradation_pearson,20,1000,0.01335938040075618,-0.02176855614297327,0.06954586622135049,989
CS2_38,HF8,4,degradation_spearman,20,1000,0.07094375129571293,-0.03393761039366432,0.1639210807966514,989
CS2_38,HF8,4,partial_pearson_controlling_SOH,20,1000,-0.13498213286142868,-0.23783244174887552,0.039638099412355715,989
CS2_38,HF8,4,degradation_pearson,30,1000,0.013344423276245408,-0.020196624877632182,0.0658414260326147,989
CS2_38,HF8,4,degradation_spearman,30,1000,0.06982104421465554,-0.05043590738918367,0.1700482257427063,989
CS2_38,HF8,4,partial_pearson_controlling_SOH,30,1000,-0.1332267956113879,-0.22398638969069973,0.046381253844847745,989
CS2_38,HF1,8,degradation_pearson,10,1000,-0.07942592469199214,-0.15092445072625252,-0.02942127297578994,1012
CS2_38,HF1,8,degradation_spearman,10,1000,-0.21756119041951966,-0.3409351440467783,-0.09340079178582611,1012
CS2_38,HF1,8,partial_pearson_controlling_SOH,10,1000,0.5646447322877401,0.2180542241086707,0.811550012827601,1012
CS2_38,HF1,8,degradation_pearson,20,1000,-0.07940175429533386,-0.15205216344880562,-0.03174671749682432,1012
CS2_38,HF1,8,degradation_spearman,20,1000,-0.21253398494276846,-0.3531737860779812,-0.04934519965379541,1012
CS2_38,HF1,8,partial_pearson_controlling_SOH,20,1000,0.569277199452383,0.25218522420859624,0.7897397393217872,1012
CS2_38,HF1,8,degradation_pearson,30,1000,-0.07738704790677839,-0.16483310157352107,-0.031773024044561296,1012
CS2_38,HF1,8,degradation_spearman,30,1000,-0.21289606229124614,-0.36932964666241064,-0.005836704037487645,1012
CS2_38,HF1,8,partial_pearson_controlling_SOH,30,1000,0.5706685216452323,0.3058062456507916,0.7529813391069692,1012
CS2_38,HF2,8,degradation_pearson,10,1000,0.0261654691598099,-0.05074998195510589,0.13320093075036443,986
CS2_38,HF2,8,degradation_spearman,10,1000,0.2271307707135291,0.08560303688464543,0.36348437792815924,986
CS2_38,HF2,8,partial_pearson_controlling_SOH,10,1000,-0.07486523824101715,-0.17934292491200207,0.05241106873312307,986
CS2_38,HF2,8,degradation_pearson,20,1000,0.025593420298940635,-0.054841270427384146,0.1490989362105224,986
CS2_38,HF2,8,degradation_spearman,20,1000,0.22874551993100287,0.06406387646790314,0.3591450471378743,986
CS2_38,HF2,8,partial_pearson_controlling_SOH,20,1000,-0.07673626283117638,-0.16535075226038984,0.06624316960943696,986
CS2_38,HF2,8,degradation_pearson,30,1000,0.023816060019059455,-0.05770740212792812,0.16035684106583387,986
CS2_38,HF2,8,degradation_spearman,30,1000,0.2114142005925756,0.04351425305511209,0.36159129221033653,986
CS2_38,HF2,8,partial_pearson_controlling_SOH,30,1000,-0.07628308668321164,-0.16284347223938078,0.10175719434423099,986
CS2_38,HF3,8,degradation_pearson,10,1000,0.1462009874115807,-0.05535232646503382,0.7174577652558978,982
CS2_38,HF3,8,degradation_spearman,10,1000,-0.210696163497525,-0.3295156312219229,-0.08053944215478068,982
CS2_38,HF3,8,partial_pearson_controlling_SOH,10,1000,-0.13852026189163508,-0.8074584845754509,0.012605086648105526,982
CS2_38,HF3,8,degradation_pearson,20,1000,0.1486527974672333,-0.052286274837524585,0.7131126083299243,982
CS2_38,HF3,8,degradation_spearman,20,1000,-0.20780086864865702,-0.34055496034282745,-0.04868059609426697,982
CS2_38,HF3,8,partial_pearson_controlling_SOH,20,1000,-0.13782396216755194,-0.8178770848001828,0.016377089751741576,982
CS2_38,HF3,8,degradation_pearson,30,1000,0.14484086204737118,-0.05310015875135933,0.7173129842709557,982
CS2_38,HF3,8,degradation_spearman,30,1000,-0.20903963599460268,-0.35489865839941165,-0.03190020471219421,982
CS2_38,HF3,8,partial_pearson_controlling_SOH,30,1000,-0.134871799584656,-0.8105158251006045,0.01570909350482247,982
CS2_38,HF4,8,degradation_pearson,10,1000,-0.13389384230497456,-0.2539701467214461,-0.013537646745574996,551
CS2_38,HF4,8,degradation_spearman,10,1000,-0.01786766781630175,-0.19650395786449076,0.1385016891454144,551
CS2_38,HF4,8,partial_pearson_controlling_SOH,10,1000,0.0361224599078942,-0.0789373975353579,0.15638015080506865,551
CS2_38,HF4,8,degradation_pearson,20,1000,-0.13352526784403607,-0.24349256040192913,-0.0007824647165101492,551
CS2_38,HF4,8,degradation_spearman,20,1000,-0.018280727273515297,-0.183611057060183,0.18055533184557013,551
CS2_38,HF4,8,partial_pearson_controlling_SOH,20,1000,0.03326883016045812,-0.07537834968861445,0.15918470595925188,551
CS2_38,HF4,8,degradation_pearson,30,1000,-0.12967750374712927,-0.23206141082865794,0.03311732135958244,551
CS2_38,HF4,8,degradation_spearman,30,1000,-0.008137434232641003,-0.18631464008506815,0.20823158456601257,551
CS2_38,HF4,8,partial_pearson_controlling_SOH,30,1000,0.035288345918019874,-0.09690501472193734,0.15302829918508737,551
CS2_38,HF5,8,degradation_pearson,10,1000,-0.10260948009795604,-0.22308388481073493,0.02099664818727736,551
CS2_38,HF5,8,degradation_spearman,10,1000,0.02007006058118576,-0.1487929010508319,0.18685145853419827,551
CS2_38,HF5,8,partial_pearson_controlling_SOH,10,1000,-0.06546125556976462,-0.15598635693485002,0.031477997202697144,551
CS2_38,HF5,8,degradation_pearson,20,1000,-0.10389322274496438,-0.2151021063870632,0.03819126696521755,551
CS2_38,HF5,8,degradation_spearman,20,1000,0.02258037455140523,-0.14003539737176196,0.23149000150565144,551
CS2_38,HF5,8,partial_pearson_controlling_SOH,20,1000,-0.06137079317419057,-0.16511189622963812,0.0320454156104375,551
CS2_38,HF5,8,degradation_pearson,30,1000,-0.1025684336171454,-0.21299452368352179,0.04813534626190646,551
CS2_38,HF5,8,degradation_spearman,30,1000,0.024783409218519344,-0.16712870586929526,0.21371338933396145,551
CS2_38,HF5,8,partial_pearson_controlling_SOH,30,1000,-0.061770545097736315,-0.15731817470024026,0.03128847238696503,551
CS2_38,HF6,8,degradation_pearson,10,1000,-0.03719426310925799,-0.12987337170356544,0.05897866299201045,551
CS2_38,HF6,8,degradation_spearman,10,1000,0.07898997774483366,-0.06920763375108846,0.22507328030802964,551
CS2_38,HF6,8,partial_pearson_controlling_SOH,10,1000,-0.13121953161236274,-0.20734458608627002,-0.04480607051565305,551
CS2_38,HF6,8,degradation_pearson,20,1000,-0.03607827535801324,-0.1173477879201202,0.0851073585044723,551
CS2_38,HF6,8,degradation_spearman,20,1000,0.07383033851248144,-0.07007126820147419,0.24084857363170542,551
CS2_38,HF6,8,partial_pearson_controlling_SOH,20,1000,-0.12752675685928705,-0.21236408557092856,-0.040749908730181285,551
CS2_38,HF6,8,degradation_pearson,30,1000,-0.03830668897367316,-0.1250071117655167,0.08517306894143867,551
CS2_38,HF6,8,degradation_spearman,30,1000,0.0771112934288965,-0.07394456584983165,0.2590148986641014,551
CS2_38,HF6,8,partial_pearson_controlling_SOH,30,1000,-0.126677011466542,-0.20663095781066707,-0.049471415445248065,551
CS2_38,HF7,8,degradation_pearson,10,1000,-0.08145042156164575,-0.14775047879923325,-0.03268307405726853,1012
CS2_38,HF7,8,degradation_spearman,10,1000,-0.21927959312903994,-0.35148031428162596,-0.06502725736734952,1012
CS2_38,HF7,8,partial_pearson_controlling_SOH,10,1000,0.5656488581129089,0.22303751595810797,0.8148543868911917,1012
CS2_38,HF7,8,degradation_pearson,20,1000,-0.07971793866858669,-0.16699323346343237,-0.02922546956370007,1012
CS2_38,HF7,8,degradation_spearman,20,1000,-0.2186373500706048,-0.35807881848395307,-0.053344165343280764,1012
CS2_38,HF7,8,partial_pearson_controlling_SOH,20,1000,0.5630578094356398,0.2836554880006746,0.7860513909603251,1012
CS2_38,HF7,8,degradation_pearson,30,1000,-0.0801572731047173,-0.1695756140441419,-0.0284179326947124,1012
CS2_38,HF7,8,degradation_spearman,30,1000,-0.21005166667940178,-0.37318559657302114,-0.026147173156721354,1012
CS2_38,HF7,8,partial_pearson_controlling_SOH,30,1000,0.5643440331159232,0.2873071155906712,0.7540100768196779,1012
CS2_38,HF8,8,degradation_pearson,10,1000,0.042651596393913145,-0.026619040544870243,0.16214153567785683,986
CS2_38,HF8,8,degradation_spearman,10,1000,0.24007479305068422,0.09872738963541385,0.3675803788546654,986
CS2_38,HF8,8,partial_pearson_controlling_SOH,10,1000,-0.11953891591002705,-0.22692152827837828,0.038754351770453194,986
CS2_38,HF8,8,degradation_pearson,20,1000,0.04329726054523736,-0.027995202373021454,0.17566114446253156,986
CS2_38,HF8,8,degradation_spearman,20,1000,0.23315945102442825,0.08138388588228168,0.3835850564336158,986
CS2_38,HF8,8,partial_pearson_controlling_SOH,20,1000,-0.11962194714029994,-0.2163276795147611,0.05062661579721765,986
CS2_38,HF8,8,degradation_pearson,30,1000,0.04156499639413477,-0.03169563792478053,0.1886370132766252,986
CS2_38,HF8,8,degradation_spearman,30,1000,0.2347041853982048,0.07197765202046935,0.3809553744567132,986
CS2_38,HF8,8,partial_pearson_controlling_SOH,30,1000,-0.11498572346955975,-0.22194352545045926,0.03327389723130221,986
CS2_38,HF1,12,degradation_pearson,10,1000,-0.11435501293730277,-0.2018471094397447,-0.0504369747591376,1008
CS2_38,HF1,12,degradation_spearman,10,1000,-0.24903473629787232,-0.38158775689872304,-0.08618681924096754,1008
CS2_38,HF1,12,partial_pearson_controlling_SOH,10,1000,0.5811313249492049,0.2474621009620552,0.8262246713000518,1008
CS2_38,HF1,12,degradation_pearson,20,1000,-0.11275088257855519,-0.22505310152180427,-0.046296798146449845,1008
CS2_38,HF1,12,degradation_spearman,20,1000,-0.2451981322042237,-0.41316440670494725,-0.053475298907950296,1008
CS2_38,HF1,12,partial_pearson_controlling_SOH,20,1000,0.5829867126976898,0.2792995600530386,0.803650512370026,1008
CS2_38,HF1,12,degradation_pearson,30,1000,-0.1085025796031436,-0.2370312744460215,-0.04294900082419391,1008
CS2_38,HF1,12,degradation_spearman,30,1000,-0.23183548824258454,-0.41797552432567947,-0.02147535409024641,1008
CS2_38,HF1,12,partial_pearson_controlling_SOH,30,1000,0.5806060436040316,0.30162250078487907,0.7748065146725377,1008
CS2_38,HF2,12,degradation_pearson,10,1000,0.07154414125630941,-0.005943114193815347,0.1667632875026134,982
CS2_38,HF2,12,degradation_spearman,10,1000,0.2287565907217827,0.06861705272251083,0.36607369136546336,982
CS2_38,HF2,12,partial_pearson_controlling_SOH,10,1000,-0.11246825138989884,-0.19594282609745245,-0.006089118073740033,982
CS2_38,HF2,12,degradation_pearson,20,1000,0.07286100204927409,-0.004051182586382913,0.1895650517270649,982
CS2_38,HF2,12,degradation_spearman,20,1000,0.2309865173611313,0.04551504780846544,0.3908112988088602,982
CS2_38,HF2,12,partial_pearson_controlling_SOH,20,1000,-0.11225344440418536,-0.18856657748452177,0.03312659774482688,982
CS2_38,HF2,12,degradation_pearson,30,1000,0.06858673206951231,-0.009103976242727756,0.21745222587312615,982
CS2_38,HF2,12,degradation_spearman,30,1000,0.22013590622626816,0.005414244552511242,0.3941158086048968,982
CS2_38,HF2,12,partial_pearson_controlling_SOH,30,1000,-0.11135978607029703,-0.18334658114922317,0.05045925527842727,982
CS2_38,HF3,12,degradation_pearson,10,1000,0.1285295675359347,-0.0539999333266917,0.6596270722935693,978
CS2_38,HF3,12,degradation_spearman,10,1000,-0.18827847181376095,-0.32930703036124115,-0.034740432437814564,978
CS2_38,HF3,12,partial_pearson_controlling_SOH,10,1000,-0.12102947050984955,-0.7691363124122624,0.013165856033100094,978
CS2_38,HF3,12,degradation_pearson,20,1000,0.12988174030159827,-0.07027006730570794,0.6224267116750726,978
CS2_38,HF3,12,degradation_spearman,20,1000,-0.19389792197628578,-0.36556655860881543,0.02314897922346404,978
CS2_38,HF3,12,partial_pearson_controlling_SOH,20,1000,-0.12232949143103028,-0.7043382974697605,0.014768588017545553,978
CS2_38,HF3,12,degradation_pearson,30,1000,0.12850085414184964,-0.06088404059460431,0.6036696281893131,978
CS2_38,HF3,12,degradation_spearman,30,1000,-0.18939659763457944,-0.3802253788451177,0.05601191483427921,978
CS2_38,HF3,12,partial_pearson_controlling_SOH,30,1000,-0.12338464026762397,-0.7038517363239045,0.014797841734085384,978
CS2_38,HF4,12,degradation_pearson,10,1000,-0.11833875714360921,-0.22070368313599475,0.04865921978927466,550
CS2_38,HF4,12,degradation_spearman,10,1000,-0.007185810293940019,-0.18482287487970944,0.18514757451578862,550
CS2_38,HF4,12,partial_pearson_controlling_SOH,10,1000,-0.06626406056674466,-0.20256506327815943,0.05174963536547634,550
CS2_38,HF4,12,degradation_pearson,20,1000,-0.12407961747678088,-0.2163258728509283,0.07511438066001912,550
CS2_38,HF4,12,degradation_spearman,20,1000,-0.0061496876955048005,-0.19720703697118705,0.2188970587421593,550
CS2_38,HF4,12,partial_pearson_controlling_SOH,20,1000,-0.069702773130856,-0.2195893122577675,0.03798819036467472,550
CS2_38,HF4,12,degradation_pearson,30,1000,-0.12420106099803405,-0.20109213835930442,0.07313031660982948,550
CS2_38,HF4,12,degradation_spearman,30,1000,0.0021727387189252726,-0.1946880452062257,0.24826910111461778,550
CS2_38,HF4,12,partial_pearson_controlling_SOH,30,1000,-0.06201294189337961,-0.23947458865140722,0.032164334949635845,550
CS2_38,HF5,12,degradation_pearson,10,1000,-0.07818620522193029,-0.1889944230655083,0.10125994613274969,550
CS2_38,HF5,12,degradation_spearman,10,1000,0.09338973456971028,-0.08184366794529789,0.29533387384387666,550
CS2_38,HF5,12,partial_pearson_controlling_SOH,10,1000,-0.11410586828466171,-0.22756515074122907,-0.03257749358014293,550
CS2_38,HF5,12,degradation_pearson,20,1000,-0.07415765482564156,-0.1913929277637721,0.13836483942472236,550
CS2_38,HF5,12,degradation_spearman,20,1000,0.10849415024494691,-0.10754663397448434,0.33387531425721434,550
CS2_38,HF5,12,partial_pearson_controlling_SOH,20,1000,-0.11309500259475745,-0.2302236387936872,-0.0267681000221341,550
CS2_38,HF5,12,degradation_pearson,30,1000,-0.07769555636392483,-0.16701028641676516,0.14251701512524875,550
CS2_38,HF5,12,degradation_spearman,30,1000,0.10130675547838405,-0.09403178625347597,0.3569639445165018,550
CS2_38,HF5,12,partial_pearson_controlling_SOH,30,1000,-0.11304532848103471,-0.23471260383304243,-0.031133877511818113,550
CS2_38,HF6,12,degradation_pearson,10,1000,0.0008386411927332768,-0.08849493600844832,0.1781916448288698,550
CS2_38,HF6,12,degradation_spearman,10,1000,0.18033862548051402,0.014318017561894606,0.35793400183452967,550
CS2_38,HF6,12,partial_pearson_controlling_SOH,10,1000,-0.17920442982312662,-0.27653816768857853,-0.11478827955259586,550
CS2_38,HF6,12,degradation_pearson,20,1000,0.0044548044212208236,-0.0925276110248207,0.17999409379089926,550
CS2_38,HF6,12,degradation_spearman,20,1000,0.18707692343330573,0.0007706365532263334,0.38066865791928495,550
CS2_38,HF6,12,partial_pearson_controlling_SOH,20,1000,-0.17856385351621046,-0.27935103548885526,-0.11045175895004468,550
CS2_38,HF6,12,degradation_pearson,30,1000,0.0025692721481531612,-0.081502670590807,0.1669476586527071,550
CS2_38,HF6,12,degradation_spearman,30,1000,0.19040117740362553,0.0003185266698834475,0.3870739981911058,550
CS2_38,HF6,12,partial_pearson_controlling_SOH,30,1000,-0.17709188912648027,-0.2707868501369388,-0.11225977211061144,550
CS2_38,HF7,12,degradation_pearson,10,1000,-0.1124625864692104,-0.19204739904105733,-0.04788303693185366,1008
CS2_38,HF7,12,degradation_spearman,10,1000,-0.2463248621443011,-0.3837864019279255,-0.07918629860121294,1008
CS2_38,HF7,12,partial_pearson_controlling_SOH,10,1000,0.5722410415643745,0.252502902438764,0.8129369200777952,1008
CS2_38,HF7,12,degradation_pearson,20,1000,-0.11181941621934705,-0.2103985421115708,-0.045828431269430765,1008
CS2_38,HF7,12,degradation_spearman,20,1000,-0.24638906855048065,-0.40481825863236565,-0.06012543279089861,1008
CS2_38,HF7,12,partial_pearson_controlling_SOH,20,1000,0.5910644102840337,0.2742317030623304,0.7987909811425422,1008
CS2_38,HF7,12,degradation_pearson,30,1000,-0.11098885262359393,-0.2350802792096781,-0.03794983389070421,1008
CS2_38,HF7,12,degradation_spearman,30,1000,-0.24478345832583898,-0.4208919902404855,-0.02511120796852954,1008
CS2_38,HF7,12,partial_pearson_controlling_SOH,30,1000,0.575321416329651,0.28283771116238343,0.7531964179952332,1008
CS2_38,HF8,12,degradation_pearson,10,1000,0.08038229319860228,0.013680693470852918,0.17747939822166628,982
CS2_38,HF8,12,degradation_spearman,10,1000,0.24806885335799758,0.09308104022171727,0.3857038259178797,982
CS2_38,HF8,12,partial_pearson_controlling_SOH,10,1000,-0.1367693351024789,-0.2329822500232624,0.000298048358618392,982
CS2_38,HF8,12,degradation_pearson,20,1000,0.07584514562480577,0.0015548469555429852,0.20098022675477362,982
CS2_38,HF8,12,degradation_spearman,20,1000,0.2334713526067442,0.047987252417762694,0.40010989689712045,982
CS2_38,HF8,12,partial_pearson_controlling_SOH,20,1000,-0.1352798114421414,-0.22437792071521495,0.015190262841311808,982
CS2_38,HF8,12,degradation_pearson,30,1000,0.0773019016390341,0.0037743049103737486,0.21934180439150153,982
CS2_38,HF8,12,degradation_spearman,30,1000,0.23856680005371306,0.029267231512498524,0.4036793595631226,982
CS2_38,HF8,12,partial_pearson_controlling_SOH,30,1000,-0.13585619144776934,-0.22433507600862496,0.05175390896687006,982
CS2_38,HF1,16,degradation_pearson,10,1000,-0.15237723643400772,-0.2554401826700864,-0.07793051359916199,1004
CS2_38,HF1,16,degradation_spearman,10,1000,-0.3143454628603184,-0.4636688266850726,-0.1533587275021311,1004
CS2_38,HF1,16,partial_pearson_controlling_SOH,10,1000,0.585218622195494,0.252585026169128,0.8147957949747147,1004
CS2_38,HF1,16,degradation_pearson,20,1000,-0.15014377304471607,-0.265719677817141,-0.06832329540719985,1004
CS2_38,HF1,16,degradation_spearman,20,1000,-0.3178131259591844,-0.47683771823251686,-0.09292178156804005,1004
CS2_38,HF1,16,partial_pearson_controlling_SOH,20,1000,0.5850568411344925,0.2807307844286695,0.8139404235592615,1004
CS2_38,HF1,16,degradation_pearson,30,1000,-0.14802923391542305,-0.28594124832640105,-0.06682148876080715,1004
CS2_38,HF1,16,degradation_spearman,30,1000,-0.3001643573757626,-0.486398535895087,-0.05908464034309515,1004
CS2_38,HF1,16,partial_pearson_controlling_SOH,30,1000,0.5912560889735674,0.2936049251189377,0.7840099538605599,1004
CS2_38,HF2,16,degradation_pearson,10,1000,0.10869373609701831,0.01677163330151249,0.22331272107869765,978
CS2_38,HF2,16,degradation_spearman,10,1000,0.2886495142772576,0.12629306608169527,0.43605556572231896,978
CS2_38,HF2,16,partial_pearson_controlling_SOH,10,1000,-0.11989992516019037,-0.21297116441386857,0.0019105384464865305,978
CS2_38,HF2,16,degradation_pearson,20,1000,0.10278915578020857,0.006358487785676002,0.24031723103670224,978
CS2_38,HF2,16,degradation_spearman,20,1000,0.2851574748241813,0.08949120527333047,0.4574956225284959,978
CS2_38,HF2,16,partial_pearson_controlling_SOH,20,1000,-0.1251790782196966,-0.2062930512871095,0.028963611277061607,978
CS2_38,HF2,16,degradation_pearson,30,1000,0.10191697813677364,0.009954484584508826,0.26699562643607183,978
CS2_38,HF2,16,degradation_spearman,30,1000,0.27453537234143954,0.057519479954086496,0.45715680767653766,978
CS2_38,HF2,16,partial_pearson_controlling_SOH,30,1000,-0.11716491510758961,-0.19551246119615512,0.03180073771953822,978
CS2_38,HF3,16,degradation_pearson,10,1000,0.12347649480652961,-0.08301181703508247,0.6322425206341588,974
CS2_38,HF3,16,degradation_spearman,10,1000,-0.2734119699643881,-0.41476318045864713,-0.09751048903346549,974
CS2_38,HF3,16,partial_pearson_controlling_SOH,10,1000,-0.1262455271862562,-0.7501143190328562,0.013682168186372275,974
CS2_38,HF3,16,degradation_pearson,20,1000,0.11598566921919659,-0.1324102494150276,0.6170893804070846,974
CS2_38,HF3,16,degradation_spearman,20,1000,-0.2793502024141927,-0.4510086101376901,-0.06592339576707942,974
CS2_38,HF3,16,partial_pearson_controlling_SOH,20,1000,-0.11420306884059306,-0.7358064209516232,0.013785616395949845,974
CS2_38,HF3,16,degradation_pearson,30,1000,0.11857603887310181,-0.17112886012739484,0.59778577580486,974
CS2_38,HF3,16,degradation_spearman,30,1000,-0.2717741598202843,-0.46336489995252084,-0.021125341853241095,974
CS2_38,HF3,16,partial_pearson_controlling_SOH,30,1000,-0.1198748753516557,-0.6951171221524431,0.016553788795591263,974
CS2_38,HF4,16,degradation_pearson,10,1000,-0.17915318697558175,-0.290258193124582,0.010030957655893692,549
CS2_38,HF4,16,degradation_spearman,10,1000,-0.08073417986791392,-0.2901848821502239,0.12586811924969699,549
CS2_38,HF4,16,partial_pearson_controlling_SOH,10,1000,0.03816531450358944,-0.12170029404068905,0.13892625756100263,549
CS2_38,HF4,16,degradation_pearson,20,1000,-0.1815868799026737,-0.28900670363228076,0.04188015900560177,549
CS2_38,HF4,16,degradation_spearman,20,1000,-0.07887441948927174,-0.304169840657475,0.18039810969935532,549
CS2_38,HF4,16,partial_pearson_controlling_SOH,20,1000,0.03514848353077186,-0.14299086890018178,0.14998428517762016,549
CS2_38,HF4,16,degradation_pearson,30,1000,-0.18001078141393229,-0.2684071066849511,0.035108287133863963,549
CS2_38,HF4,16,degradation_spearman,30,1000,-0.06508785243917944,-0.28448219753395426,0.19322911296761658,549
CS2_38,HF4,16,partial_pearson_controlling_SOH,30,1000,0.04135576939159279,-0.16001484907839042,0.15359741178039446,549
CS2_38,HF5,16,degradation_pearson,10,1000,-0.14029298691026099,-0.26860742649773006,0.0832280183841869,549
CS2_38,HF5,16,degradation_spearman,10,1000,0.030610572336720612,-0.17613125253495485,0.2320319512907465,549
CS2_38,HF5,16,partial_pearson_controlling_SOH,10,1000,-0.08783648729940093,-0.24862381418841104,0.031638595588862214,549
CS2_38,HF5,16,degradation_pearson,20,1000,-0.13274777971957663,-0.2703997089281521,0.1275644802192861,549
CS2_38,HF5,16,degradation_spearman,20,1000,0.03191634036782161,-0.21876465324819785,0.31535186964248346,549
CS2_38,HF5,16,partial_pearson_controlling_SOH,20,1000,-0.08521180342191549,-0.2536509350599893,0.041990749068504,549
CS2_38,HF5,16,degradation_pearson,30,1000,-0.13536262674552785,-0.2514883729902822,0.12176641824382868,549
CS2_38,HF5,16,degradation_spearman,30,1000,0.0422288664279881,-0.2158550811232842,0.33077966594119657,549
CS2_38,HF5,16,partial_pearson_controlling_SOH,30,1000,-0.08281724948130584,-0.2586974370226677,0.04726659457337051,549
CS2_38,HF6,16,degradation_pearson,10,1000,-0.062983884606118,-0.17047537225119727,0.11132778094865782,549
CS2_38,HF6,16,degradation_spearman,10,1000,0.11016009166124435,-0.08695303486206421,0.3044194433899999,549
CS2_38,HF6,16,partial_pearson_controlling_SOH,10,1000,-0.1351733232025056,-0.2519717220708058,-0.05876381429585807,549
CS2_38,HF6,16,degradation_pearson,20,1000,-0.0663657143806877,-0.17131254110402624,0.14245442730735694,549
CS2_38,HF6,16,degradation_spearman,20,1000,0.11056831910915849,-0.09815165644753714,0.347341119217438,549
CS2_38,HF6,16,partial_pearson_controlling_SOH,20,1000,-0.13165471581317173,-0.24804675015871622,-0.05606911684817849,549
CS2_38,HF6,16,degradation_pearson,30,1000,-0.05982869310581217,-0.1695144304457536,0.13406163660806414,549
CS2_38,HF6,16,degradation_spearman,30,1000,0.12733686213232676,-0.10907810257818619,0.35819013772313146,549
CS2_38,HF6,16,partial_pearson_controlling_SOH,30,1000,-0.13569322988918442,-0.24738462802611644,-0.0543366724514046,549
CS2_38,HF7,16,degradation_pearson,10,1000,-0.15066315812751635,-0.24582813543517815,-0.07872712992371085,1004
CS2_38,HF7,16,degradation_spearman,10,1000,-0.30864365049971754,-0.4431325306667682,-0.1472761798218442,1004
CS2_38,HF7,16,partial_pearson_controlling_SOH,10,1000,0.5840863292096663,0.27848690377762697,0.8284346399388599,1004
CS2_38,HF7,16,degradation_pearson,20,1000,-0.1491060291106686,-0.2714341324399142,-0.07135144578932874,1004
CS2_38,HF7,16,degradation_spearman,20,1000,-0.30878401918237064,-0.4803998018200898,-0.08552150028792262,1004
CS2_38,HF7,16,partial_pearson_controlling_SOH,20,1000,0.5905442197912563,0.2619111636051731,0.8258626804926786,1004
CS2_38,HF7,16,degradation_pearson,30,1000,-0.15019749083016432,-0.28434321990688854,-0.05878166040577239,1004
CS2_38,HF7,16,degradation_spearman,30,1000,-0.30292433119396817,-0.48682153615074786,-0.030565184341495157,1004
CS2_38,HF7,16,partial_pearson_controlling_SOH,30,1000,0.5856872534794335,0.3091157392728989,0.7813574494087262,1004
CS2_38,HF8,16,degradation_pearson,10,1000,0.11678917604585326,0.03899293950825214,0.2287242047371951,978
CS2_38,HF8,16,degradation_spearman,10,1000,0.3081722436458866,0.14015213440175317,0.4489586545576438,978
CS2_38,HF8,16,partial_pearson_controlling_SOH,10,1000,-0.1477073386794811,-0.24070502835423796,0.007038845672654914,978
CS2_38,HF8,16,degradation_pearson,20,1000,0.11769487578587261,0.02722954425737322,0.24765803502813943,978
CS2_38,HF8,16,degradation_spearman,20,1000,0.30428316494771346,0.10256728197511543,0.4782351144065644,978
CS2_38,HF8,16,partial_pearson_controlling_SOH,20,1000,-0.1414822076839603,-0.23423583650304017,0.040942637838419664,978
CS2_38,HF8,16,degradation_pearson,30,1000,0.10913936194839381,0.017130838340459323,0.28914684289217024,978
CS2_38,HF8,16,degradation_spearman,30,1000,0.28743049891362304,0.060193649173418774,0.48384348430180457,978
CS2_38,HF8,16,partial_pearson_controlling_SOH,30,1000,-0.14371761661000484,-0.2420326527628436,0.032277684728111815,978
CS2_38,HF1,24,degradation_pearson,10,1000,-0.22876471682829372,-0.3693605061911819,-0.13744433643942522,996
CS2_38,HF1,24,degradation_spearman,10,1000,-0.3636945074663375,-0.5068125738580633,-0.18690148861525854,996
CS2_38,HF1,24,partial_pearson_controlling_SOH,10,1000,0.6084662633877558,0.32283102601786745,0.8241199803031626,996
CS2_38,HF1,24,degradation_pearson,20,1000,-0.23241932935953663,-0.37165940190611063,-0.11947355223876105,996
CS2_38,HF1,24,degradation_spearman,20,1000,-0.36815425597692975,-0.5557572673483326,-0.14634668235893641,996
CS2_38,HF1,24,partial_pearson_controlling_SOH,20,1000,0.6124519710882017,0.3212007736409786,0.8255794360498275,996
CS2_38,HF1,24,degradation_pearson,30,1000,-0.2317054140955676,-0.39894055762958464,-0.10466214470452531,996
CS2_38,HF1,24,degradation_spearman,30,1000,-0.35300750435650546,-0.5426516606451552,-0.0830239163349284,996
CS2_38,HF1,24,partial_pearson_controlling_SOH,30,1000,0.6004133606861504,0.3353346814247578,0.8057587065368903,996
CS2_38,HF2,24,degradation_pearson,10,1000,0.16510177859125785,0.040093221563796876,0.3103231245049256,970
CS2_38,HF2,24,degradation_spearman,10,1000,0.32402071131583476,0.17261543982856525,0.45811935684420196,970
CS2_38,HF2,24,partial_pearson_controlling_SOH,10,1000,-0.12391354089294321,-0.21937086946327947,0.01916794299541751,970
CS2_38,HF2,24,degradation_pearson,20,1000,0.15904281159178862,0.03511211442038474,0.3279793102602819,970
CS2_38,HF2,24,degradation_spearman,20,1000,0.31645973275729056,0.12285369327683213,0.4883858672791745,970
CS2_38,HF2,24,partial_pearson_controlling_SOH,20,1000,-0.12185588345948921,-0.21987067809813277,0.011164446126995754,970
CS2_38,HF2,24,degradation_pearson,30,1000,0.16242138258438846,0.01563933489126158,0.3616451557690705,970
CS2_38,HF2,24,degradation_spearman,30,1000,0.3188863259646975,0.08061262210807045,0.4994713865454261,970
CS2_38,HF2,24,partial_pearson_controlling_SOH,30,1000,-0.12060045144693755,-0.22263672589983605,0.037026108705682424,970
CS2_38,HF3,24,degradation_pearson,10,1000,0.16367037408988072,-0.1898219500448754,0.6070728509960519,966
CS2_38,HF3,24,degradation_spearman,10,1000,-0.3178349685435494,-0.45446684296003853,-0.1447747247447378,966
CS2_38,HF3,24,partial_pearson_controlling_SOH,10,1000,-0.19414454663331399,-0.7462354076395692,-0.0032800826880525066,966
CS2_38,HF3,24,degradation_pearson,20,1000,0.16501983051573932,-0.18654538561341566,0.5850766297405694,966
CS2_38,HF3,24,degradation_spearman,20,1000,-0.3138035795764338,-0.49293765296338643,-0.09334486334536676,966
CS2_38,HF3,24,partial_pearson_controlling_SOH,20,1000,-0.19397580419003968,-0.7338760351362149,-0.027844305808803767,966
CS2_38,HF3,24,degradation_pearson,30,1000,0.1741069262975587,-0.2071970709038209,0.5796618998427413,966
CS2_38,HF3,24,degradation_spearman,30,1000,-0.3098800295251674,-0.5182069839911329,-0.06591902315148634,966
CS2_38,HF3,24,partial_pearson_controlling_SOH,30,1000,-0.19709490458091966,-0.7221857736642298,-0.03430787392134492,966
CS2_38,HF4,24,degradation_pearson,10,1000,-0.19456490353369632,-0.3599083134272299,0.023780727738495322,549
CS2_38,HF4,24,degradation_spearman,10,1000,-0.1421565733084864,-0.3398162848762832,0.09662957017273073,549
CS2_38,HF4,24,partial_pearson_controlling_SOH,10,1000,0.07145856768673536,-0.13345553464879964,0.18711182307277727,549
CS2_38,HF4,24,degradation_pearson,20,1000,-0.19005653277544865,-0.3256095755348558,0.10945253396405921,549
CS2_38,HF4,24,degradation_spearman,20,1000,-0.12411481935201327,-0.3787751983582836,0.16987435990115374,549
CS2_38,HF4,24,partial_pearson_controlling_SOH,20,1000,0.06593015317819263,-0.1626533238580448,0.1891366597044114,549
CS2_38,HF4,24,degradation_pearson,30,1000,-0.1819383495039642,-0.29865992261542246,0.09088759903286577,549
CS2_38,HF4,24,degradation_spearman,30,1000,-0.1103084453337673,-0.375923733337937,0.19255668978115686,549
CS2_38,HF4,24,partial_pearson_controlling_SOH,30,1000,0.06536108612596706,-0.1816106613881641,0.19743189096547026,549
CS2_38,HF5,24,degradation_pearson,10,1000,-0.14167069975538557,-0.2975939521510037,0.12770608232779412,549
CS2_38,HF5,24,degradation_spearman,10,1000,0.003563448605192826,-0.2271636919907786,0.24759474530236658,549
CS2_38,HF5,24,partial_pearson_controlling_SOH,10,1000,-0.09397042552206847,-0.2906171127429573,0.021761362505171904,549
CS2_38,HF5,24,degradation_pearson,20,1000,-0.13581263751056594,-0.2913927387247264,0.1697520363591934,549
CS2_38,HF5,24,degradation_spearman,20,1000,0.0127244772790692,-0.2637722110024847,0.30323676263729044,549
CS2_38,HF5,24,partial_pearson_controlling_SOH,20,1000,-0.09633166459453256,-0.308867328886974,0.03445282138007711,549
CS2_38,HF5,24,degradation_pearson,30,1000,-0.13093718484044425,-0.27021627605723125,0.17138010726876163,549
CS2_38,HF5,24,degradation_spearman,30,1000,0.022157707981383425,-0.25288937816850754,0.3342139572158531,549
CS2_38,HF5,24,partial_pearson_controlling_SOH,30,1000,-0.10125299080415578,-0.2857979621153912,0.03938119054599487,549
CS2_38,HF6,24,degradation_pearson,10,1000,-0.07192517483955527,-0.196507483412651,0.14774775593069236,549
CS2_38,HF6,24,degradation_spearman,10,1000,0.0754629264586577,-0.13292942476908853,0.29681895137961306,549
CS2_38,HF6,24,partial_pearson_controlling_SOH,10,1000,-0.14005202431171654,-0.3140875332004276,-0.04453872080232042,549
CS2_38,HF6,24,degradation_pearson,20,1000,-0.06746537541125973,-0.20779018606696836,0.17271776350537182,549
CS2_38,HF6,24,degradation_spearman,20,1000,0.08215005898832778,-0.1674026733326226,0.33202674799409265,549
CS2_38,HF6,24,partial_pearson_controlling_SOH,20,1000,-0.13442430154876744,-0.2834212176152649,-0.03391864021072887,549
CS2_38,HF6,24,degradation_pearson,30,1000,-0.06611526515638923,-0.20216228501652866,0.2076749867020718,549
CS2_38,HF6,24,degradation_spearman,30,1000,0.08745336765134815,-0.17924060862169372,0.3766697083394037,549
CS2_38,HF6,24,partial_pearson_controlling_SOH,30,1000,-0.1338947381780735,-0.27897897000761673,-0.030114011833233947,549
CS2_38,HF7,24,degradation_pearson,10,1000,-0.23219796462132347,-0.37134781786623833,-0.13876291251610726,996
CS2_38,HF7,24,degradation_spearman,10,1000,-0.36107792274763195,-0.5147684729797847,-0.19988765708283937,996
CS2_38,HF7,24,partial_pearson_controlling_SOH,10,1000,0.6046710003548679,0.3206760478239206,0.8247429176238232,996
CS2_38,HF7,24,degradation_pearson,20,1000,-0.2271189736981844,-0.37570705995460446,-0.12509070346787862,996
CS2_38,HF7,24,degradation_spearman,20,1000,-0.3504943396029948,-0.524519736229048,-0.13192864858414632,996
CS2_38,HF7,24,partial_pearson_controlling_SOH,20,1000,0.6037333348142886,0.32138623996070576,0.8137526881181434,996
CS2_38,HF7,24,degradation_pearson,30,1000,-0.22746341995655925,-0.3992575027271156,-0.10749619680583536,996
CS2_38,HF7,24,degradation_spearman,30,1000,-0.3546162230239929,-0.5467194518075674,-0.09964588858146463,996
CS2_38,HF7,24,partial_pearson_controlling_SOH,30,1000,0.6042842021223651,0.3250128627356995,0.8211481133385641,996
CS2_38,HF8,24,degradation_pearson,10,1000,0.17826842158899076,0.06565034260877187,0.33564083391159966,970
CS2_38,HF8,24,degradation_spearman,10,1000,0.34659778864767826,0.18138451061817132,0.48093071721523284,970
CS2_38,HF8,24,partial_pearson_controlling_SOH,10,1000,-0.15768392313633062,-0.25916305953593244,0.0352079019175737,970
CS2_38,HF8,24,degradation_pearson,20,1000,0.17618990108965393,0.04022335931723442,0.3523691841053761,970
CS2_38,HF8,24,degradation_spearman,20,1000,0.34342369397051686,0.1298767230415817,0.512392815049561,970
CS2_38,HF8,24,partial_pearson_controlling_SOH,20,1000,-0.15776048769664303,-0.25776644784959424,0.018885579478563855,970
CS2_38,HF8,24,degradation_pearson,30,1000,0.17630123066348594,0.04109911620285167,0.37614247231020914,970
CS2_38,HF8,24,degradation_spearman,30,1000,0.331085147908196,0.09650023582352689,0.5271384929825623,970
CS2_38,HF8,24,partial_pearson_controlling_SOH,30,1000,-0.15348299690339096,-0.2593170561203572,0.051690979381734545,970
CS2_38,HF1,32,degradation_pearson,10,1000,-0.28261951878698854,-0.4487412782286462,-0.1686077673266476,988
CS2_38,HF1,32,degradation_spearman,10,1000,-0.3842962963193882,-0.5133655239677781,-0.22524668432601164,988
CS2_38,HF1,32,partial_pearson_controlling_SOH,10,1000,0.5831003932167287,0.2562751265946878,0.8151905053194243,988
CS2_38,HF1,32,degradation_pearson,20,1000,-0.2879679806808808,-0.4402894242876637,-0.1509169185910687,988
CS2_38,HF1,32,degradation_spearman,20,1000,-0.3842693027869616,-0.5459614285928632,-0.16098835781765913,988
CS2_38,HF1,32,partial_pearson_controlling_SOH,20,1000,0.5711543940720785,0.2527882783952003,0.8037937462155852,988
CS2_38,HF1,32,degradation_pearson,30,1000,-0.2791856821106171,-0.4624815296290689,-0.12997086439280514,988
CS2_38,HF1,32,degradation_spearman,30,1000,-0.3731807382335671,-0.570526024245237,-0.12067731869999612,988
CS2_38,HF1,32,partial_pearson_controlling_SOH,30,1000,0.5710112397174707,0.253460342838825,0.8183293518594957,988
CS2_38,HF2,32,degradation_pearson,10,1000,0.20586694924510246,0.0757248552520646,0.3666693321162067,962
CS2_38,HF2,32,degradation_spearman,10,1000,0.35165913999925225,0.20551801211895568,0.48071086622096215,962
CS2_38,HF2,32,partial_pearson_controlling_SOH,10,1000,-0.1306753260801407,-0.2182175523376164,0.002975084238768246,962
CS2_38,HF2,32,degradation_pearson,20,1000,0.20477784276920302,0.06928374412083521,0.39840560711606215,962
CS2_38,HF2,32,degradation_spearman,20,1000,0.3498524510359786,0.1510968201998947,0.5094818565520656,962
CS2_38,HF2,32,partial_pearson_controlling_SOH,20,1000,-0.12714765181773546,-0.21864827714818577,0.02614776100207895,962
CS2_38,HF2,32,degradation_pearson,30,1000,0.20265813630449547,0.04724247834259763,0.40133526780688333,962
CS2_38,HF2,32,degradation_spearman,30,1000,0.3433954788451733,0.11712416120292617,0.5115247422025551,962
CS2_38,HF2,32,partial_pearson_controlling_SOH,30,1000,-0.1268414737172337,-0.21555601188591464,0.008088158883246512,962
CS2_38,HF3,32,degradation_pearson,10,1000,0.08305447968447122,-0.23701192542981098,0.5762752003506731,958
CS2_38,HF3,32,degradation_spearman,10,1000,-0.33228134799796016,-0.47729019132015493,-0.1601067305043866,958
CS2_38,HF3,32,partial_pearson_controlling_SOH,10,1000,-0.11470370586502811,-0.7361407057515964,0.01846781789916781,958
CS2_38,HF3,32,degradation_pearson,20,1000,0.07716607654555549,-0.26339672722281454,0.5588416646577598,958
CS2_38,HF3,32,degradation_spearman,20,1000,-0.3281911305534802,-0.5079056785202105,-0.11339482283830793,958
CS2_38,HF3,32,partial_pearson_controlling_SOH,20,1000,-0.1079538852863864,-0.7324098055939869,0.019712036275526375,958
CS2_38,HF3,32,degradation_pearson,30,1000,0.08135566187050472,-0.22553035012290204,0.5864091603514023,958
CS2_38,HF3,32,degradation_spearman,30,1000,-0.322684774438484,-0.5323964382896188,-0.06122275172978265,958
CS2_38,HF3,32,partial_pearson_controlling_SOH,30,1000,-0.11666698996424049,-0.7566327333361519,0.018390570578196035,958
CS2_38,HF4,32,degradation_pearson,10,1000,-0.2440569355044887,-0.40782005177684644,-0.054542744690827046,549
CS2_38,HF4,32,degradation_spearman,10,1000,-0.19145510124993687,-0.39975543688453696,0.040017467919915534,549
CS2_38,HF4,32,partial_pearson_controlling_SOH,10,1000,0.04621320954091848,-0.1084278742321424,0.20007636825695185,549
CS2_38,HF4,32,degradation_pearson,20,1000,-0.2342883194168363,-0.43408526481282383,0.021784639999877904,549
CS2_38,HF4,32,degradation_spearman,20,1000,-0.17616465734038347,-0.4362151369589923,0.1558638984637766,549
CS2_38,HF4,32,partial_pearson_controlling_SOH,20,1000,0.04230557428507925,-0.12457683543482354,0.21904671848210405,549
CS2_38,HF4,32,degradation_pearson,30,1000,-0.23953901971753924,-0.3614210315526122,0.04875706034757165,549
CS2_38,HF4,32,degradation_spearman,30,1000,-0.1657940968364414,-0.4610324306329411,0.21160982222427563,549
CS2_38,HF4,32,partial_pearson_controlling_SOH,30,1000,0.04429867855701132,-0.15649395268183325,0.21823041191072148,549
CS2_38,HF5,32,degradation_pearson,10,1000,-0.17576795305752757,-0.35370382034889336,0.05404319819281537,549
CS2_38,HF5,32,degradation_spearman,10,1000,-0.04833167006621701,-0.27339261846595514,0.18469257852906465,549
CS2_38,HF5,32,partial_pearson_controlling_SOH,10,1000,-0.11813829452325085,-0.22704414313795548,-0.02925756993095265,549
CS2_38,HF5,32,degradation_pearson,20,1000,-0.17765864587289731,-0.3482833469458864,0.11598263802610466,549
CS2_38,HF5,32,degradation_spearman,20,1000,-0.04829744043163904,-0.33675000329976784,0.2826053210097446,549
CS2_38,HF5,32,partial_pearson_controlling_SOH,20,1000,-0.11606808388279699,-0.22724885116921137,-0.019047021111205004,549
CS2_38,HF5,32,degradation_pearson,30,1000,-0.18308909155632935,-0.31819598855509135,0.08135704527441341,549
CS2_38,HF5,32,degradation_spearman,30,1000,-0.04208610375956462,-0.36998046808301915,0.29458945034242073,549
CS2_38,HF5,32,partial_pearson_controlling_SOH,30,1000,-0.1124941128625874,-0.21034959816845356,-0.021823537446866517,549
CS2_38,HF6,32,degradation_pearson,10,1000,-0.08558854830792176,-0.20972830492440026,0.08999737202773848,549
CS2_38,HF6,32,degradation_spearman,10,1000,0.03438892148062431,-0.17608659527124212,0.25975988122032206,549
CS2_38,HF6,32,partial_pearson_controlling_SOH,10,1000,-0.18787298968068386,-0.3036999421924647,-0.10939183981887825,549
CS2_38,HF6,32,degradation_pearson,20,1000,-0.08843542585979206,-0.21599717126479476,0.10259601471368632,549
CS2_38,HF6,32,degradation_spearman,20,1000,0.02381347560962282,-0.20751854343421897,0.3163618275125433,549
CS2_38,HF6,32,partial_pearson_controlling_SOH,20,1000,-0.1842364694011117,-0.2914458903273952,-0.10760804279556438,549
CS2_38,HF6,32,degradation_pearson,30,1000,-0.07780984581870161,-0.1916452444270554,0.13743236622176477,549
CS2_38,HF6,32,degradation_spearman,30,1000,0.05207206057530909,-0.23524111245006996,0.34079525430009183,549
CS2_38,HF6,32,partial_pearson_controlling_SOH,30,1000,-0.18167371121814774,-0.2738753688346744,-0.10422816165072296,549
CS2_38,HF7,32,degradation_pearson,10,1000,-0.28673029276534545,-0.44419054524371054,-0.17690175539639988,988
CS2_38,HF7,32,degradation_spearman,10,1000,-0.3783008447656384,-0.5243174710543828,-0.21946388558783006,988
CS2_38,HF7,32,partial_pearson_controlling_SOH,10,1000,0.5691816885317298,0.24672655036426527,0.7997628276863892,988
CS2_38,HF7,32,degradation_pearson,20,1000,-0.2798444555140325,-0.45716462994000423,-0.1527247354423028,988
CS2_38,HF7,32,degradation_spearman,20,1000,-0.38202437580657644,-0.5531622561462242,-0.15813178744309767,988
CS2_38,HF7,32,partial_pearson_controlling_SOH,20,1000,0.5616846639631874,0.2617439903915875,0.8018535766444169,988
CS2_38,HF7,32,degradation_pearson,30,1000,-0.2794572881391647,-0.46127845253926436,-0.12662317206445736,988
CS2_38,HF7,32,degradation_spearman,30,1000,-0.3678364531623032,-0.5604855369038851,-0.12312403468831537,988
CS2_38,HF7,32,partial_pearson_controlling_SOH,30,1000,0.5740859594106433,0.24665150523443877,0.799511133884163,988
CS2_38,HF8,32,degradation_pearson,10,1000,0.2347221148673181,0.1103028944220538,0.4061855116037914,962
CS2_38,HF8,32,degradation_spearman,10,1000,0.38579827999572724,0.2378522329553298,0.5045472323152652,962
CS2_38,HF8,32,partial_pearson_controlling_SOH,10,1000,-0.15259119012131103,-0.25746676507744226,0.006171169062663744,962
CS2_38,HF8,32,degradation_pearson,20,1000,0.22621949488243787,0.0964501543042475,0.434992976331909,962
CS2_38,HF8,32,degradation_spearman,20,1000,0.37102332094110324,0.17452534611981244,0.5437954861154569,962
CS2_38,HF8,32,partial_pearson_controlling_SOH,20,1000,-0.1634493689978656,-0.25968928745910763,0.032047054339225854,962
CS2_38,HF8,32,degradation_pearson,30,1000,0.22601189077390044,0.06935674857056434,0.43269484433814553,962
CS2_38,HF8,32,degradation_spearman,30,1000,0.3754232310273308,0.14664164421924053,0.5406524518439503,962
CS2_38,HF8,32,partial_pearson_controlling_SOH,30,1000,-0.16607677901434387,-0.2559702885581726,0.02207932843059667,962
CS2_38,HF1,48,degradation_pearson,10,1000,-0.40800267217033853,-0.5735561129811223,-0.28633263614158105,972
CS2_38,HF1,48,degradation_spearman,10,1000,-0.47795239089134595,-0.6054958509772635,-0.33180770137833343,972
CS2_38,HF1,48,partial_pearson_controlling_SOH,10,1000,0.6168670768601416,0.3008699384458457,0.8192476971349825,972
CS2_38,HF1,48,degradation_pearson,20,1000,-0.40027127006907326,-0.5722197016499161,-0.22916157053405026,972
CS2_38,HF1,48,degradation_spearman,20,1000,-0.4768670128952318,-0.6275914344802659,-0.2718731931105618,972
CS2_38,HF1,48,partial_pearson_controlling_SOH,20,1000,0.6073172949702399,0.29652925292567855,0.8242219852570197,972
CS2_38,HF1,48,degradation_pearson,30,1000,-0.4032142521441624,-0.5911948255854589,-0.2279858179114589,972
CS2_38,HF1,48,degradation_spearman,30,1000,-0.47346134032964593,-0.6588886415670862,-0.21605921651451807,972
CS2_38,HF1,48,partial_pearson_controlling_SOH,30,1000,0.6127436583170878,0.3042797539700673,0.823527866130876,972
CS2_38,HF2,48,degradation_pearson,10,1000,0.2711392309257842,0.11496839514281096,0.4878281917180216,946
CS2_38,HF2,48,degradation_spearman,10,1000,0.4402428704618373,0.2920284849005455,0.559504279620703,946
CS2_38,HF2,48,partial_pearson_controlling_SOH,10,1000,-0.0995741984759265,-0.20286243044414623,0.03517139298688408,946
CS2_38,HF2,48,degradation_pearson,20,1000,0.26660834041540843,0.0854235161994642,0.501674152059281,946
CS2_38,HF2,48,degradation_spearman,20,1000,0.4402841743258355,0.24788711626515086,0.587675565887332,946
CS2_38,HF2,48,partial_pearson_controlling_SOH,20,1000,-0.10005369497453723,-0.2008116820423871,0.04093911483366188,946
CS2_38,HF2,48,degradation_pearson,30,1000,0.26703720297311845,0.062193916938013384,0.5174434011120536,946
CS2_38,HF2,48,degradation_spearman,30,1000,0.433977461074471,0.20668439418442783,0.5983315507529215,946
CS2_38,HF2,48,partial_pearson_controlling_SOH,30,1000,-0.09437823721402278,-0.19931024190446964,0.08177108069624056,946
CS2_38,HF3,48,degradation_pearson,10,1000,0.10854036239562881,-0.29046080475928726,0.5228169535176022,942
CS2_38,HF3,48,degradation_spearman,10,1000,-0.4200012303654257,-0.552394148531928,-0.26421194505439544,942
CS2_38,HF3,48,partial_pearson_controlling_SOH,10,1000,-0.17087593338512955,-0.7627106110207196,-0.04440773278902111,942
CS2_38,HF3,48,degradation_pearson,20,1000,0.11747943690130033,-0.2504874169895821,0.5339787620034926,942
CS2_38,HF3,48,degradation_spearman,20,1000,-0.4047422460479498,-0.5730467426277646,-0.18887410415246808,942
CS2_38,HF3,48,partial_pearson_controlling_SOH,20,1000,-0.17727812643225868,-0.7608427040999475,-0.042207643199377164,942
CS2_38,HF3,48,degradation_pearson,30,1000,0.11141687078649974,-0.26590162723014665,0.5634107458929459,942
CS2_38,HF3,48,degradation_spearman,30,1000,-0.4030110929178883,-0.5947345126068673,-0.14930111932427584,942
CS2_38,HF3,48,partial_pearson_controlling_SOH,30,1000,-0.17797602136298907,-0.7631932451115251,-0.04468554385072986,942
CS2_38,HF4,48,degradation_pearson,10,1000,-0.18468946836489758,-0.5053461997513303,0.0702407060304007,549
CS2_38,HF4,48,degradation_spearman,10,1000,-0.26255825884411066,-0.46816086430682485,0.0021600286412221796,549
CS2_38,HF4,48,partial_pearson_controlling_SOH,10,1000,-0.006963704608759889,-0.1282339324770883,0.20493759825296173,549
CS2_38,HF4,48,degradation_pearson,20,1000,-0.16379759755357337,-0.5440583111769386,0.11652367096177638,549
CS2_38,HF4,48,degradation_spearman,20,1000,-0.2611163001046145,-0.5286447767690379,0.08651018553094557,549
CS2_38,HF4,48,partial_pearson_controlling_SOH,20,1000,-0.022702360671944186,-0.1471665960699755,0.23480085210009316,549
CS2_38,HF4,48,degradation_pearson,30,1000,-0.16899377238804295,-0.5620610347675516,0.13715408127088533,549
CS2_38,HF4,48,degradation_spearman,30,1000,-0.25883810624647324,-0.551032225339892,0.14820148545296344,549
CS2_38,HF4,48,partial_pearson_controlling_SOH,30,1000,-0.020589893267842677,-0.16014289217076544,0.23885939912443754,549
CS2_38,HF5,48,degradation_pearson,10,1000,-0.09020213021323095,-0.4291065660285065,0.13917445711593326,549
CS2_38,HF5,48,degradation_spearman,10,1000,-0.12303761529277785,-0.3364992410716307,0.14614683800853112,549
CS2_38,HF5,48,partial_pearson_controlling_SOH,10,1000,-0.20677354459580832,-0.30238654659626385,-0.10464685320191867,549
CS2_38,HF5,48,degradation_pearson,20,1000,-0.0938225127634477,-0.459403035104409,0.18558328090568185,549
CS2_38,HF5,48,degradation_spearman,20,1000,-0.1302171468926153,-0.4056431893803429,0.19806207587785624,549
CS2_38,HF5,48,partial_pearson_controlling_SOH,20,1000,-0.2056606234481177,-0.31211801258138105,-0.06870024745732255,549
CS2_38,HF5,48,degradation_pearson,30,1000,-0.10407971567202606,-0.508806298083197,0.20596551013079653,549
CS2_38,HF5,48,degradation_spearman,30,1000,-0.11262528310347908,-0.43331035037425986,0.3091399519268551,549
CS2_38,HF5,48,partial_pearson_controlling_SOH,30,1000,-0.20245677007191015,-0.3018320600414565,-0.049296417224040025,549
CS2_38,HF6,48,degradation_pearson,10,1000,-0.030206890640269976,-0.252802474653108,0.1258319819461282,549
CS2_38,HF6,48,degradation_spearman,10,1000,-0.034861541037638714,-0.2476858160505099,0.18997685971607728,549
CS2_38,HF6,48,partial_pearson_controlling_SOH,10,1000,-0.2166870318771133,-0.37826156952280615,-0.110617587746033,549
CS2_38,HF6,48,degradation_pearson,20,1000,-0.019340436946161256,-0.2713533466835223,0.16626645067935894,549
CS2_38,HF6,48,degradation_spearman,20,1000,-0.019784453387372593,-0.2906159553765021,0.2968972072551622,549
CS2_38,HF6,48,partial_pearson_controlling_SOH,20,1000,-0.21376295409830767,-0.3819800979192268,-0.0951695909278739,549
CS2_38,HF6,48,degradation_pearson,30,1000,-0.014642918910213526,-0.28641595831433947,0.17810983922725862,549
CS2_38,HF6,48,degradation_spearman,30,1000,-0.018721096851805265,-0.3317616785009137,0.3269025812619118,549
CS2_38,HF6,48,partial_pearson_controlling_SOH,30,1000,-0.20715529416187028,-0.3764656992541455,-0.09571175862723467,549
CS2_38,HF7,48,degradation_pearson,10,1000,-0.40242418661017143,-0.5682453578560653,-0.27259921854070385,972
CS2_38,HF7,48,degradation_spearman,10,1000,-0.47681068138202576,-0.6051923152101102,-0.3168171064074802,972
CS2_38,HF7,48,partial_pearson_controlling_SOH,10,1000,0.6145055702987078,0.2860895826572407,0.8238622664056655,972
CS2_38,HF7,48,degradation_pearson,20,1000,-0.4093445476582763,-0.5896778744823072,-0.2610845589298066,972
CS2_38,HF7,48,degradation_spearman,20,1000,-0.48275867720448695,-0.6327929139416251,-0.245778304724965,972
CS2_38,HF7,48,partial_pearson_controlling_SOH,20,1000,0.6135919670028653,0.29763538389650485,0.8247949337744637,972
CS2_38,HF7,48,degradation_pearson,30,1000,-0.3935133810032684,-0.602931891889644,-0.2125446817875065,972
CS2_38,HF7,48,degradation_spearman,30,1000,-0.4698016901382858,-0.6454814884524858,-0.21648135829064272,972
CS2_38,HF7,48,partial_pearson_controlling_SOH,30,1000,0.6107433316087936,0.2976155810936386,0.8191163256152726,972
CS2_38,HF8,48,degradation_pearson,10,1000,0.29555047255188216,0.15175819168591126,0.5012518470988139,946
CS2_38,HF8,48,degradation_spearman,10,1000,0.4713729052757323,0.3391930597759059,0.5831132365596104,946
CS2_38,HF8,48,partial_pearson_controlling_SOH,10,1000,-0.127850384922229,-0.25466445564051066,0.039133998446851635,946
CS2_38,HF8,48,degradation_pearson,20,1000,0.2889123231328221,0.11351097625421046,0.5111132912761216,946
CS2_38,HF8,48,degradation_spearman,20,1000,0.46364380370461994,0.29023993585515134,0.617437209649572,946
CS2_38,HF8,48,partial_pearson_controlling_SOH,20,1000,-0.1347444860799012,-0.2524612937102956,0.04085924283324325,946
CS2_38,HF8,48,degradation_pearson,30,1000,0.3004761769768146,0.10417843718229798,0.5115028592355099,946
CS2_38,HF8,48,degradation_spearman,30,1000,0.47368587948631613,0.23492690942601127,0.6219711337456396,946
CS2_38,HF8,48,partial_pearson_controlling_SOH,30,1000,-0.13525591512288582,-0.2467113988394998,0.06297482884877713,946
CS2_38,HF1,64,degradation_pearson,10,1000,-0.4878299532937797,-0.6529865678179851,-0.32817327317867767,957
CS2_38,HF1,64,degradation_spearman,10,1000,-0.5004039543005809,-0.6335694122353029,-0.33153372768193273,957
CS2_38,HF1,64,partial_pearson_controlling_SOH,10,1000,0.5947487956283324,0.23771163206414356,0.8357359397822313,957
CS2_38,HF1,64,degradation_pearson,20,1000,-0.4777020602622207,-0.6570057317311914,-0.29603998460728204,957
CS2_38,HF1,64,degradation_spearman,20,1000,-0.491251844495875,-0.6629038519360009,-0.26462058690007606,957
CS2_38,HF1,64,partial_pearson_controlling_SOH,20,1000,0.5830380829704294,0.23946477869731037,0.8429579361205107,957
CS2_38,HF1,64,degradation_pearson,30,1000,-0.47464579527672546,-0.6936373097197273,-0.25665700896493276,957
CS2_38,HF1,64,degradation_spearman,30,1000,-0.49421992062839526,-0.6994515122369627,-0.22219133542714076,957
CS2_38,HF1,64,partial_pearson_controlling_SOH,30,1000,0.6088412837856662,0.2465103936227766,0.837113168270868,957
CS2_38,HF2,64,degradation_pearson,10,1000,0.3485069960531727,0.1594917358908269,0.5405549932551309,933
CS2_38,HF2,64,degradation_spearman,10,1000,0.436875641875594,0.2825795859609879,0.5640060928084745,933
CS2_38,HF2,64,partial_pearson_controlling_SOH,10,1000,-0.13316081347466052,-0.24656648538592277,-0.004131512302415224,933
CS2_38,HF2,64,degradation_pearson,20,1000,0.3502901771196354,0.15615262110252276,0.5617556011169228,933
CS2_38,HF2,64,degradation_spearman,20,1000,0.43845768336317714,0.22047001589615,0.599855926953977,933
CS2_38,HF2,64,partial_pearson_controlling_SOH,20,1000,-0.13018369564274096,-0.24447650395733259,0.01377123691726488,933
CS2_38,HF2,64,degradation_pearson,30,1000,0.3391529057172026,0.11580706825121105,0.5662562057874707,933
CS2_38,HF2,64,degradation_spearman,30,1000,0.4288059378239122,0.19352868911227422,0.6093389506081851,933
CS2_38,HF2,64,partial_pearson_controlling_SOH,30,1000,-0.13124378345366638,-0.22876958660193816,0.010513460292508495,933
CS2_38,HF3,64,degradation_pearson,10,1000,0.022891215218728334,-0.5038419022616374,0.4640221412662133,929
CS2_38,HF3,64,degradation_spearman,10,1000,-0.4532754187408114,-0.5844467114259327,-0.297264506122758,929
CS2_38,HF3,64,partial_pearson_controlling_SOH,10,1000,-0.10454479181293208,-0.7743568431801973,0.033839477926751176,929
CS2_38,HF3,64,degradation_pearson,20,1000,0.036018982451625575,-0.46346235496651034,0.5078642683826142,929
CS2_38,HF3,64,degradation_spearman,20,1000,-0.4449451563927781,-0.6208221453220948,-0.21586094834149466,929
CS2_38,HF3,64,partial_pearson_controlling_SOH,20,1000,-0.11769693945577693,-0.8040334991668366,0.034104077865256134,929
CS2_38,HF3,64,degradation_pearson,30,1000,0.037055860133243204,-0.46058793517025437,0.5018019050372546,929
CS2_38,HF3,64,degradation_spearman,30,1000,-0.4462042140916026,-0.636183576898264,-0.1735031579606709,929
CS2_38,HF3,64,partial_pearson_controlling_SOH,30,1000,-0.11545488300381365,-0.7949192927696175,0.029264230789842433,929
CS2_38,HF4,64,degradation_pearson,10,1000,-0.17252370972348807,-0.5439109981729477,0.08576425211248104,550
CS2_38,HF4,64,degradation_spearman,10,1000,-0.20867862511784963,-0.45350838004832106,0.07530619771702726,550
CS2_38,HF4,64,partial_pearson_controlling_SOH,10,1000,0.03959600245840147,-0.09550480897088526,0.20434694651956214,550
CS2_38,HF4,64,degradation_pearson,20,1000,-0.17951918707895465,-0.6062614572425407,0.12922472453217143,550
CS2_38,HF4,64,degradation_spearman,20,1000,-0.19618060849197105,-0.49491199207799086,0.1788694106596379,550
CS2_38,HF4,64,partial_pearson_controlling_SOH,20,1000,0.03501689645886389,-0.17039395172077898,0.23368553515072035,550
CS2_38,HF4,64,degradation_pearson,30,1000,-0.1869554097940639,-0.6099124050297898,0.13498073045796816,550
CS2_38,HF4,64,degradation_spearman,30,1000,-0.19877239135381675,-0.5344504089966253,0.2311195789303882,550
CS2_38,HF4,64,partial_pearson_controlling_SOH,30,1000,0.04069625666587722,-0.22941913798985686,0.23581738965774574,550
CS2_38,HF5,64,degradation_pearson,10,1000,-0.10534667987798227,-0.4498462072684955,0.13257338948552594,550
CS2_38,HF5,64,degradation_spearman,10,1000,-0.05829412390853918,-0.2744765939553702,0.22174726721619878,550
CS2_38,HF5,64,partial_pearson_controlling_SOH,10,1000,-0.17946401301642034,-0.3430775163846192,-0.09275650885043245,550
CS2_38,HF5,64,degradation_pearson,20,1000,-0.09419424217255914,-0.501966001541048,0.18763279095571112,550
CS2_38,HF5,64,degradation_spearman,20,1000,-0.048993253677572554,-0.347584298610152,0.3143383043384521,550
CS2_38,HF5,64,partial_pearson_controlling_SOH,20,1000,-0.16723956252398692,-0.3342397854534783,-0.06521890991657903,550
CS2_38,HF5,64,degradation_pearson,30,1000,-0.09260732754373144,-0.4945001317900671,0.19349276172597582,550
CS2_38,HF5,64,degradation_spearman,30,1000,-0.04406391068442344,-0.3820984812000351,0.39036589511246966,550
CS2_38,HF5,64,partial_pearson_controlling_SOH,30,1000,-0.16570322927445977,-0.3027461193905213,-0.07282550273689266,550
CS2_38,HF6,64,degradation_pearson,10,1000,-0.01806663214342462,-0.2561494863661996,0.1534265026840452,550
CS2_38,HF6,64,degradation_spearman,10,1000,0.059218972825682455,-0.17640889443079785,0.29290172093403455,550
CS2_38,HF6,64,partial_pearson_controlling_SOH,10,1000,-0.21186087112257834,-0.37255212071222804,-0.10345126322904652,550
CS2_38,HF6,64,degradation_pearson,20,1000,-0.021051891159122826,-0.3155201761486626,0.18385030011878484,550
CS2_38,HF6,64,degradation_spearman,20,1000,0.05498145971344302,-0.22884398379828122,0.3699190201306092,550
CS2_38,HF6,64,partial_pearson_controlling_SOH,20,1000,-0.20777121421406658,-0.3598355594349469,-0.09546658064938623,550
CS2_38,HF6,64,degradation_pearson,30,1000,-0.0192092810205913,-0.3490125520746253,0.19934107417996488,550
CS2_38,HF6,64,degradation_spearman,30,1000,0.061380652495934954,-0.2631961090451542,0.4341531014989824,550
CS2_38,HF6,64,partial_pearson_controlling_SOH,30,1000,-0.20729542966546455,-0.35553300924468745,-0.07102078392481122,550
CS2_38,HF7,64,degradation_pearson,10,1000,-0.48436151308356923,-0.6527608210699921,-0.3090160264051422,957
CS2_38,HF7,64,degradation_spearman,10,1000,-0.49697185726994303,-0.634538845384094,-0.3210099777866626,957
CS2_38,HF7,64,partial_pearson_controlling_SOH,10,1000,0.5910482407998665,0.23151295877587486,0.8211785449927619,957
CS2_38,HF7,64,degradation_pearson,20,1000,-0.48092401104969085,-0.6709519547783732,-0.30222284690681567,957
CS2_38,HF7,64,degradation_spearman,20,1000,-0.4929449093266892,-0.6646712283342553,-0.2456035651683832,957
CS2_38,HF7,64,partial_pearson_controlling_SOH,20,1000,0.5879422844071556,0.222413168530472,0.8443608005093709,957
CS2_38,HF7,64,degradation_pearson,30,1000,-0.4741617082703546,-0.6775834756765075,-0.2627948399079762,957
CS2_38,HF7,64,degradation_spearman,30,1000,-0.4899118285195423,-0.6856404018158005,-0.20411296726115175,957
CS2_38,HF7,64,partial_pearson_controlling_SOH,30,1000,0.5811011745529707,0.21348050838767818,0.8256865109334646,957
CS2_38,HF8,64,degradation_pearson,10,1000,0.3910470569975162,0.21928268236730994,0.5846297519680111,933
CS2_38,HF8,64,degradation_spearman,10,1000,0.4823055793438793,0.32317196883557614,0.5974555385490787,933
CS2_38,HF8,64,partial_pearson_controlling_SOH,10,1000,-0.1772856869070099,-0.30686214948483886,-0.0030111696498869803,933
CS2_38,HF8,64,degradation_pearson,20,1000,0.3836911716490836,0.1827888359721896,0.6005197415653069,933
CS2_38,HF8,64,degradation_spearman,20,1000,0.4748904870084829,0.26911265057060757,0.6248795909990831,933
CS2_38,HF8,64,partial_pearson_controlling_SOH,20,1000,-0.1795631381133171,-0.2907968865516615,-0.010447096719698087,933
CS2_38,HF8,64,degradation_pearson,30,1000,0.3839301280027656,0.14008509837506866,0.6311002870145264,933
CS2_38,HF8,64,degradation_spearman,30,1000,0.4738691762801285,0.2195187339112705,0.6453430599036392,933
CS2_38,HF8,64,partial_pearson_controlling_SOH,30,1000,-0.1802164228481236,-0.28795686322578207,0.018719227666453744,933
