battery,cycle,source_file,local_cycle,start_time,capacity_Ah,SOH,HF1,HF2,HF3,HF4,HF5,HF6,HF7,HF8,cc_steps,cv_steps,discharge_steps,n_points,SOH_initial
CS2_37,1,CS2_37_8_17_10.xlsx,1,2010-08-16 13:45:16,1.134949298415517,1.0317720894686517,4.056897667784754,0.5428010287289483,0.9013930396948844,1.050478995313961,3.561479593344628,3.599999999999987,6701.0,2330.0,2,4,7,1087,1.0
CS2_37,2,CS2_37_8_18_10.xlsx,1,2010-08-17 14:31:15,1.124785829842142,1.0225325725837655,3.9818848285407005,0.5251802393605142,0.91164932963467,1.0501013125984284,3.516434804629129,3.604999999999987,6585.0,2251.0,2,4,7,382,0.991045002109289
CS2_37,3,CS2_37_8_19_10.xlsx,1,2010-08-18 10:59:40,1.124491639011213,1.0222651263738298,3.9776083068447883,0.5222964345537217,0.9134542278925191,1.0514462613456697,3.5243441594853238,3.604999999999987,6581.0,2240.0,2,4,7,382,0.990785791560113
CS2_37,4,CS2_37_8_30_10.xlsx,1,2010-08-19 14:22:00,1.123766125639083,1.0216055687628025,3.9766183015489664,0.5195465381902076,0.9135841557290828,1.049716186130174,3.5343080426348905,3.604999999999987,6579.0,2231.0,2,4,7,382,0.9901465441742229
CS2_37,5,CS2_37_8_30_10.xlsx,2,2010-08-19 17:57:20,1.1198541975289837,1.0180492704808943,3.964015454931352,0.5228359732188719,0.9149706983560394,1.0548216839504152,3.6577435246906047,3.609999999999987,6574.0,2257.0,2,4,7,380,0.9866997575066946
CS2_37,6,CS2_37_8_30_10.xlsx,3,2010-08-19 21:32:48,1.1186724627226,1.0169749661114544,3.9819759625804485,0.48843970893627553,0.9187354778119029,1.0512649357576527,3.6844815719710775,3.614999999999987,6610.0,2078.0,2,4,7,381,0.9856585349533756
CS2_37,7,CS2_37_8_30_10.xlsx,4,2010-08-20 01:05:49,1.112531313746255,1.0113921034056863,3.978963851796039,0.4799825544540247,0.9158423804955694,1.0400430624513077,3.3709551312563644,3.614999999999987,6607.0,2038.0,2,4,7,381,0.9802475892971083
CS2_37,8,CS2_37_8_30_10.xlsx,5,2010-08-20 04:37:47,1.1004064716213104,1.0003695196557367,3.9221056391149047,0.5051250934508513,0.9094335876272193,1.0312901117996351,3.4747753693913883,3.604999999999987,6505.0,2156.0,2,4,7,375,0.9695644317834893
CS2_37,9,CS2_37_8_30_10.xlsx,6,2010-08-20 08:09:22,1.0961624709426232,0.9965113372205665,3.8880493004481025,0.5034371150860922,0.9134796541688455,1.0272069542255486,3.459113671987098,3.609999999999987,6445.0,2149.0,2,4,7,374,0.9658250570954637
CS2_37,10,CS2_37_8_30_10.xlsx,7,2010-08-20 11:39:36,1.092880408995522,0.9935276445413835,3.874051336968706,0.5019032554406943,0.9141060563180307,1.0248051438511725,3.446365617005971,3.609999999999987,6421.0,2139.0,2,4,7,372,0.9629332433803637
CS2_37,11,CS2_37_8_30_10.xlsx,8,2010-08-20 15:09:04,1.0886667590155001,0.9896970536504546,3.861544950830234,0.5007502676155826,0.9130127158338528,1.0203128698218775,3.4097865016909985,3.609999999999987,6400.0,2133.0,2,4,7,372,0.9592206105905955
CS2_37,12,CS2_37_8_30_10.xlsx,9,2010-08-20 18:37:53,1.0949178600175813,0.9953798727432557,3.8560581887237673,0.4970884777949241,0.9228042025212356,1.0316433985113067,3.584285609665626,3.614999999999987,6388.0,2101.0,2,4,7,372,0.9647284346060014
CS2_37,13,CS2_37_8_30_10.xlsx,10,2010-08-20 22:06:18,1.0969546024460808,0.9972314567691642,3.8949033009801375,0.47616342888454927,0.9218380432309169,1.0322253812310365,3.619609550537894,3.614999999999987,6462.0,2014.0,2,4,7,375,0.9665230014922429
CS2_37,14,CS2_37_8_30_10.xlsx,11,2010-08-21 01:34:36,1.0971262231023076,0.9973874755475522,3.9059634020918756,0.4691132730247906,0.9217237973810258,1.03180881445748,3.6368829683455672,3.619999999999987,6483.0,1981.0,2,4,7,375,0.966674215873772
CS2_37,15,CS2_37_8_30_10.xlsx,12,2010-08-21 05:02:42,1.096738365907214,0.9970348780974673,3.9092644783573705,0.464379304377283,0.9220651407480736,1.0309926082625076,3.6458119799801403,3.619999999999987,6490.0,1958.0,2,4,7,376,0.9663324762069562
CS2_37,16,CS2_37_8_30_10.xlsx,13,2010-08-21 08:30:31,1.096294798527408,0.9966316350249164,3.9107131061680867,0.46157987435404163,0.9220654391005371,1.0300080066434132,3.648057824908968,3.619999999999987,6493.0,1946.0,2,4,7,376,0.9659416504842342
CS2_37,17,CS2_37_8_30_10.xlsx,14,2010-08-21 11:58:10,0.9899834802811824,0.8999849820738022,3.9108288973579217,,,,,,6494.0,,2,,7,343,0.8722711064390993
CS2_37,18,CS2_37_8_30_10.xlsx,15,2010-08-21 14:47:36,1.095415379036261,0.9958321627602372,3.917815875811077,0.4586330212264896,0.9208065888359507,1.0281017190230306,3.6509178065107117,3.619999999999987,6507.0,1933.0,2,4,7,376,0.9651667969358204
CS2_37,19,CS2_37_8_30_10.xlsx,16,2010-08-21 18:15:12,1.0949383478021417,0.9953984980019469,3.9099444727745554,0.45409621457273464,0.9233182063022635,1.0274068274039654,3.663647342068977,3.619999999999987,6494.0,1913.0,2,4,7,376,0.9647464863238967
CS2_37,20,CS2_37_8_30_10.xlsx,17,2010-08-21 21:42:16,1.0941134773806027,0.9946486158005479,3.9086888551861882,0.45351139024059467,0.9230660668248264,1.0264084368306001,3.6481463546263138,3.619999999999987,6492.0,1908.0,2,4,7,376,0.9640196957767855
CS2_37,21,CS2_37_8_30_10.xlsx,18,2010-08-22 01:09:08,1.093381783449793,0.9939834394998117,3.9065766636097066,0.45101573579533694,0.9233417548140932,1.025566964859785,3.6526754987152854,3.619999999999987,6489.0,1899.0,2,4,7,376,0.9633750027214822
CS2_37,22,CS2_37_8_30_10.xlsx,19,2010-08-22 04:35:49,1.0927176577392892,0.9933796888538992,3.905372719610044,0.45005775724651587,0.9236637201317437,1.0247609671515296,3.6571021327896807,3.619999999999987,6487.0,1892.0,2,4,7,376,0.9627898437972634
CS2_37,23,CS2_37_8_30_10.xlsx,20,2010-08-22 08:02:16,1.0920566736481447,0.992778794225586,3.903214866880952,0.4491469638513833,0.9236674317428987,1.0239354664061366,3.645785604737395,3.619999999999987,6484.0,1889.0,2,4,7,375,0.962207452943269
CS2_37,24,CS2_37_8_30_10.xlsx,21,2010-08-22 11:28:36,1.0915781252621173,0.9923437502382884,3.9020229055272275,0.4476549669763265,0.9240703991462048,1.0232805113409496,3.6464766851972863,3.619999999999987,6482.0,1883.0,2,4,7,374,0.9617858055739147
CS2_37,25,CS2_37_8_30_10.xlsx,22,2010-08-22 14:54:46,1.0911178182567198,0.9919252893242907,3.9016354828073982,0.44668136675756176,0.9239603508483546,1.022600852940282,3.6646041671651424,3.619999999999987,6482.0,1874.0,2,4,7,374,0.961380230623527
CS2_37,26,CS2_37_8_30_10.xlsx,23,2010-08-22 18:20:44,1.0902762100489163,0.9911601909535602,3.8996584280540305,0.44552844311665457,0.9241261183948661,1.0218207314815275,3.6439964505956324,3.619999999999987,6479.0,1868.0,2,4,7,374,0.9606386924693746
CS2_37,27,CS2_37_8_30_10.xlsx,24,2010-08-22 21:46:32,1.0895749896838005,0.990522717894364,3.897190591489894,0.4456090009122363,0.9239254598980674,1.02101011155304,3.650183799857054,3.619999999999987,6475.0,1869.0,2,4,7,374,0.9600208495700533
CS2_37,28,CS2_37_8_30_10.xlsx,25,2010-08-23 01:12:14,1.0832831159483796,0.984802832680345,3.8947688369308913,0.44454230509511894,0.9185258523407591,1.011115429805416,3.377439741482174,3.614999999999987,6471.0,1863.0,2,4,7,373,0.9544771008367795
CS2_37,29,CS2_37_8_30_10.xlsx,26,2010-08-23 04:37:25,1.0717972684919772,0.9743611531745247,3.833998999747729,0.475310699221791,0.9123720353191304,1.0062558105382853,3.4353167111888583,3.609999999999987,6361.0,2005.0,2,4,7,368,0.944356959371044
CS2_37,30,CS2_37_8_30_10.xlsx,27,2010-08-23 08:02:30,1.068490342165898,0.9713548565144526,3.799037070069906,0.47858041040540744,0.9158926603085844,1.0033213673899921,3.405709648196348,3.609999999999987,6298.0,2028.0,2,4,7,366,0.9414432377354643
CS2_37,31,CS2_37_8_30_10.xlsx,28,2010-08-23 11:26:44,1.0657547536080365,0.9688679578254876,3.7831093805913536,0.4814237268767373,0.9160771149062469,1.001437310007216,3.3944138103732593,3.609999999999987,6270.0,2038.0,2,4,7,364,0.9390329198810187
CS2_37,32,CS2_37_8_30_10.xlsx,29,2010-08-23 14:50:31,1.0628573181826937,0.9662339256206306,3.773249544929056,0.48098165611522875,0.9156072285275956,0.9981877951858588,3.3314009130594724,3.609999999999987,6253.0,2040.0,2,4,7,364,0.9364799992973522
CS2_37,33,CS2_37_8_30_10.xlsx,30,2010-08-23 18:13:55,1.0717632302088553,0.9743302092807775,3.7594156298198316,0.4906186371107868,0.926538093793423,1.0107355479441869,3.531365237986559,3.614999999999987,6228.0,2062.0,2,4,7,364,0.944326968354556
CS2_37,34,CS2_37_8_30_10.xlsx,31,2010-08-23 21:37:45,1.0751992369331589,0.9774538517574171,3.820069474644217,0.458432542189681,0.9242139843579079,1.0110257588474127,3.5644110334358974,3.619999999999987,6338.0,1931.0,2,4,7,369,0.9473544222937764
CS2_37,35,CS2_37_8_30_10.xlsx,32,2010-08-24 01:01:26,1.072065336502071,0.9746048513655189,3.834142479245683,0.4534044157394688,0.9197158496968489,1.0041792200296014,3.4153558528047085,3.6249999999999867,6364.0,1911.0,2,4,7,369,0.944593153190863
CS2_37,36,CS2_37_8_30_10.xlsx,33,2010-08-24 04:25:03,1.0609264179905793,0.9644785618096174,3.788297456555961,0.48040793333337906,0.9110282041393878,0.9976020233603029,3.4030443818172054,3.609999999999987,6281.0,2036.0,2,4,7,365,0.9347786896487097
CS2_37,37,CS2_37_8_30_10.xlsx,34,2010-08-24 07:48:44,1.0576122577365936,0.9614656888514487,3.749057581221894,0.48740701867783764,0.9146351491953655,0.9942707713709936,3.347846476536181,3.609999999999987,6211.0,2060.0,2,4,7,362,0.9318585942236431
CS2_37,38,CS2_37_8_30_10.xlsx,35,2010-08-24 11:11:28,1.0565122982405555,0.9604657256732322,3.7400207545123574,0.4855759008673774,0.9159580107080957,0.9935232304873972,3.354557340829128,3.609999999999987,6195.0,2056.0,2,4,7,361,0.9308894236205388
CS2_37,39,CS2_37_8_30_10.xlsx,36,2010-08-24 14:33:49,1.05398719370762,0.9581701760978363,3.7339349884508017,0.4866042698481703,0.9149137096377369,0.9905894240315075,3.315538639826969,3.609999999999987,6185.0,2063.0,2,4,7,361,0.9286645625307431
CS2_37,40,CS2_37_8_30_10.xlsx,37,2010-08-24 17:55:58,1.0635770923057848,0.9668882657325315,3.7274690959774155,0.4892056899990291,0.9264664414693625,1.0035553108645008,3.4989827253228714,3.614999999999987,6173.0,2090.0,2,4,7,361,0.9371141898502658
CS2_37,41,CS2_37_8_30_10.xlsx,38,2010-08-24 21:18:53,1.0668249849692444,0.9698408954265857,3.788268189090775,0.4612767391717603,0.9230336643372576,1.0036272909441708,3.5283712439724697,3.614999999999987,6283.0,1945.0,2,4,7,366,0.9399758971247617
CS2_37,42,CS2_37_8_30_10.xlsx,39,2010-08-25 00:41:24,1.0675392970191382,0.9704902700173983,3.7993854048325737,0.45762211428230004,0.9223608116800454,1.0037416824703227,3.5298243439186057,3.614999999999987,6304.0,1924.0,2,4,7,367,0.9406052750633983
CS2_37,43,CS2_37_8_30_10.xlsx,40,2010-08-25 04:03:57,1.0527019729808487,0.9570017936189532,3.765942563043314,0.48581345716239693,0.9071844576402658,0.9900332764565958,3.3547912768620507,3.609999999999987,6244.0,2060.0,2,4,7,363,0.9275321588819057
CS2_37,44,CS2_37_8_30_10.xlsx,41,2010-08-25 07:26:59,1.0517246197720596,0.9561132907018722,3.7194993480699083,0.48706503254108174,0.9160881721470383,0.9892893000817912,3.3645555911270546,3.604999999999987,6160.0,2065.0,2,4,7,360,0.9266710162650914
CS2_37,45,CS2_37_8_30_10.xlsx,42,2010-08-25 10:48:38,1.0503418991273037,0.9548562719339123,3.716488283075667,0.4864012920458275,0.9158497325839863,0.9879331404600503,3.322258745431865,3.609999999999987,6156.0,2062.0,2,4,7,360,0.9254527057672689
CS2_37,46,CS2_37_8_30_10.xlsx,43,2010-08-25 14:10:05,1.0487841318935978,0.9534401199032706,3.712723204551705,0.48442880775536534,0.9155131751684714,0.9868344608154844,3.335962713790235,3.609999999999987,6149.0,2052.0,2,4,7,359,0.9240801623101464
CS2_37,47,CS2_37_8_30_10.xlsx,44,2010-08-25 17:31:10,1.0531288357205426,0.9573898506550387,3.6997882615697217,0.49019491038526725,0.9218612118100349,0.9957075958622383,3.475562508545934,3.609999999999987,6126.0,2080.0,2,4,7,359,0.9279082662025497
CS2_37,48,CS2_37_8_30_10.xlsx,45,2010-08-25 20:52:35,1.059141885233771,0.9628562593034281,3.7480873630192995,0.46603370953602014,0.9235078973692749,0.9965824942737436,3.4730614275612712,3.614999999999987,6213.0,1963.0,2,4,7,362,0.9332063438537922
CS2_37,49,CS2_37_8_30_10.xlsx,46,2010-08-26 00:13:49,1.0610728265609097,0.9646116605099179,3.7689331643465156,0.45974802352664146,0.9226917599226089,0.9977047015246663,3.497274039594364,3.614999999999987,6251.0,1939.0,2,4,7,364,0.9349076897463658
CS2_37,50,CS2_37_8_30_10.xlsx,47,2010-08-26 03:35:23,1.0481533022382834,0.9528666383984393,3.7450327048194967,0.4814830099013955,0.9088955673972472,0.9853459283686985,3.3414285511218433,3.604999999999987,6212.0,2038.0,2,4,7,361,0.923524340427887
CS2_37,51,CS2_37_8_30_10.xlsx,48,2010-08-26 06:57:15,1.04661640099728,0.9514694554520727,3.7027019248094613,0.48556247793094925,0.9157278251805412,0.9839281314028195,3.316531070729227,3.604999999999987,6132.0,2056.0,2,4,7,358,0.9221701819265786
CS2_37,52,CS2_37_8_30_10.xlsx,49,2010-08-26 10:18:01,1.0451720693965925,0.9501564267241749,3.6983473901825294,0.4844560803671865,0.9154890180449552,0.9825574704545883,3.3068544686954455,3.604999999999987,6125.0,2056.0,2,4,7,358,0.9208975862232252
CS2_37,53,CS2_37_8_30_10.xlsx,50,2010-08-26 13:38:34,1.043665474528531,0.9487867950259372,3.693160651908538,0.483236118966941,0.9156830336691225,0.9809471398092019,3.2912769391567434,3.604999999999987,6116.0,2055.0,2,4,7,357,0.9195701305649285
CS2_37,54,CS2_37_9_7_10.xlsx,1,2010-08-31 13:30:15,1.089080455971342,0.990073141792129,3.70857750354917,0.4872480307615255,0.9521232989585248,1.0169460636943737,3.412616081703585,3.604999999999987,6125.0,2074.0,2,4,7,362,0.9595851175834801
CS2_37,55,CS2_37_9_7_10.xlsx,2,2010-08-31 16:53:31,1.0853773469910681,0.9867066790827891,3.849316822398908,0.49549217830779846,0.9160028727473369,1.0199193637784074,3.509876155760502,3.599999999999987,6387.0,2105.0,2,4,7,371,0.9563223207471423
CS2_37,56,CS2_37_9_7_10.xlsx,3,2010-08-31 20:21:26,1.089581909283197,0.99052900843927,3.8645000496499424,0.47204582655049765,0.9239697864174033,1.0208507782702394,3.59357828551453,3.609999999999987,6416.0,1996.0,2,4,7,372,0.96002694640575
CS2_37,57,CS2_37_9_7_10.xlsx,4,2010-08-31 23:48:16,1.0890096242950187,0.9900087493591078,3.8773482460365685,0.46537113155823806,0.9225397360080531,1.0201014906545198,3.607911599256474,3.609999999999987,6441.0,1965.0,2,4,7,373,0.9595227080323026
CS2_37,58,CS2_37_9_7_10.xlsx,5,2010-09-01 03:14:57,1.0785780827770601,0.9805255297973273,3.849436815837725,0.4823619773869113,0.913249543694765,1.0110549969011853,3.4104772696838377,3.604999999999987,6396.0,2043.0,2,4,7,371,0.95033151197401
CS2_37,59,CS2_37_9_7_10.xlsx,6,2010-09-01 06:41:38,1.0740175279884099,0.9763795708985543,3.808630032878375,0.49343114887802275,0.9146972946336014,1.0078710898828438,3.430151995709003,3.599999999999987,6317.0,2088.0,2,4,7,367,0.9463132225270566
CS2_37,60,CS2_37_9_7_10.xlsx,7,2010-09-01 10:07:30,1.072281493111082,0.9748013573737109,3.7978876436444784,0.4890250742545286,0.9171054711272556,1.0064639390500445,3.3951021781421122,3.599999999999987,6298.0,2071.0,2,4,7,366,0.9447836080502235
CS2_37,61,CS2_37_9_7_10.xlsx,8,2010-09-01 13:32:40,0.9573844791360466,0.870349526487315,3.7875581284920212,,,,,,6281.0,,2,,7,334,0.8435482364477731
CS2_37,62,CS2_37_9_7_10.xlsx,9,2010-09-01 16:16:46,1.0612504741175002,0.9647731582886364,3.7697090428341946,0.5084817330000516,0.9070245498372546,0.9962351376353272,3.271463866028138,3.5949999999999873,6252.0,2167.0,2,4,7,364,0.9350642144094838
CS2_37,63,CS2_37_9_7_10.xlsx,10,2010-09-01 19:42:10,1.065476815040908,0.9686152864008254,3.7470855345672156,0.4972037879299185,0.9199044338673737,1.003595253707648,3.3996372900007956,3.604999999999987,6206.0,2106.0,2,4,7,362,0.9387880291466779
CS2_37,64,CS2_37_9_7_10.xlsx,11,2010-09-01 23:06:02,1.0628766907331588,0.9662515370301443,3.7579550483621027,0.49644141949778386,0.9151683494100852,1.0005061437798908,3.373421527545922,3.599999999999987,6229.0,2104.0,2,4,7,363,0.9364970683862465
CS2_37,65,CS2_37_9_7_10.xlsx,12,2010-09-02 02:30:05,1.0542555837170422,0.9584141670154929,3.7385577376321106,0.5023865927452956,0.9085537671860188,0.9897139096748974,3.2291817595056416,3.5949999999999873,6196.0,2135.0,2,4,7,361,0.9289010400630849
CS2_37,66,CS2_37_9_7_10.xlsx,13,2010-09-02 05:53:38,1.052816067162139,0.9571055156019445,3.698904172636779,0.5149185404299929,0.9135854908258912,0.9900055110415823,3.253224402472346,3.5949999999999873,6123.0,2180.0,2,4,7,358,0.9276326868803366
CS2_37,67,CS2_37_9_7_10.xlsx,14,2010-09-02 09:16:39,1.050800526183096,0.9552732056209963,3.6984842262988242,0.5115320403816288,0.9123501774791328,0.9875665672369803,3.243443864467857,3.5949999999999873,6123.0,2169.0,2,4,7,358,0.925856800519724
CS2_37,68,CS2_37_9_7_10.xlsx,15,2010-09-02 12:39:22,1.048907794111832,0.9535525401016655,3.692633425150634,0.5098373303370707,0.912299089661682,0.9848224065480237,3.244187821344671,3.599999999999987,6112.0,2154.0,2,4,7,357,0.9241891206736672
CS2_37,69,CS2_37_9_7_10.xlsx,16,2010-09-02 16:01:33,1.0444850230537845,0.9495318391398041,3.6758641512036627,0.5156099357890978,0.910313342921115,0.9804723176676482,3.1948521168454604,3.5949999999999873,6084.0,2189.0,2,4,7,356,0.9202922320071671
CS2_37,70,CS2_37_9_7_10.xlsx,17,2010-09-02 19:23:37,1.0476473896884855,0.9524067178986231,3.669718038290229,0.5123799122425781,0.9164376716875835,0.986931219158448,3.2809156741275856,3.599999999999987,6070.0,2166.0,2,4,7,356,0.9230785825861013
CS2_37,71,CS2_37_9_7_10.xlsx,18,2010-09-02 22:45:14,1.0470391093528484,0.9518537357753166,3.68288431211144,0.5067991600247156,0.9144367184933403,0.9864957145768262,3.2737332501377367,3.599999999999987,6096.0,2145.0,2,4,7,357,0.9225426288333775
CS2_37,72,CS2_37_9_7_10.xlsx,19,2010-09-03 02:06:54,1.0407163011755642,0.9461057283414219,3.6807260072669226,0.5038452851962222,0.9085785455084088,0.9764122964606181,3.1397919231955456,3.5949999999999873,6093.0,2132.0,2,4,7,357,0.9169716238676832
CS2_37,73,CS2_37_9_7_10.xlsx,20,2010-09-03 05:27:58,1.0389609822208428,0.9445099838371297,3.6423865967646494,0.5209368699288156,0.9115454064934876,0.9763460710427092,3.1930759752078055,3.5949999999999873,6025.0,2213.0,2,4,7,353,0.9154250182552808
CS2_37,74,CS2_37_9_7_10.xlsx,21,2010-09-03 08:49:08,1.03861711275961,0.944197375236009,3.6441902188118007,0.5154469878844162,0.9124544936948574,0.9761040939923749,3.218901128394782,3.5949999999999873,6028.0,2190.0,2,4,7,353,0.9151220360324512
CS2_37,75,CS2_37_9_7_10.xlsx,22,2010-09-03 12:09:57,1.037540541197167,0.9432186738156063,3.6434473734639328,0.5132024756639874,0.9123137758345493,0.9751151776831051,3.221240333580746,3.599999999999987,6027.0,2181.0,2,4,7,353,0.914173472458778
CS2_37,76,CS2_37_9_7_10.xlsx,23,2010-09-03 15:30:32,1.033168030817798,0.9392436643798162,3.6341831687684003,0.5163523185250908,0.9089910209604255,0.9695340643682742,3.193217639930425,3.5949999999999873,6012.0,2201.0,2,4,7,353,0.9103208683067922
CS2_37,77,CS2_37_9_7_10.xlsx,24,2010-09-03 18:50:58,1.038855277501618,0.9444138886378345,3.6285888046508985,0.511243145608808,0.9181396756886204,0.9791602544821557,3.2776958059568515,3.599999999999987,5999.0,2172.0,2,4,7,352,0.9153318821835882
CS2_37,78,CS2_37_9_7_10.xlsx,25,2010-09-03 22:11:00,1.0385283867361537,0.9441167152146851,3.6493375373218653,0.5056836635379264,0.9144145496906653,0.9787614498491912,3.2829606576573447,3.599999999999987,6039.0,2150.0,2,4,7,354,0.9150438598323513
CS2_37,79,CS2_37_9_7_10.xlsx,26,2010-09-04 01:31:22,1.0375921230744467,0.9432655664313151,3.6478861323366365,0.5064359889293159,0.913953091215727,0.9778248940552918,3.2734226433323164,3.599999999999987,6037.0,2153.0,2,4,7,354,0.9142189210769248
CS2_37,80,CS2_37_9_7_10.xlsx,27,2010-09-04 04:51:39,1.0364361140490956,0.9422146491355414,3.6433987227865794,0.5071423713642362,0.9136400135385218,0.9765553128537466,3.251550890115276,3.599999999999987,6029.0,2153.0,2,4,7,353,0.9132003654225314
CS2_37,81,CS2_37_9_7_10.xlsx,28,2010-09-04 08:11:46,1.0354490712358064,0.9413173374870967,3.6399850713688022,0.5069287894267616,0.9133891470398373,0.975465027069394,3.2554696101130514,3.599999999999987,6023.0,2157.0,2,4,7,353,0.9123306853278634
CS2_37,82,CS2_37_9_7_10.xlsx,29,2010-09-04 11:31:47,0.9210499723059336,0.8373181566417577,3.6384234211200943,,,,,,6020.0,,2,,7,321,0.8115340249928304
CS2_37,83,CS2_37_9_7_10.xlsx,30,2010-09-04 14:09:33,1.0349456204352165,0.9408596549411059,3.6553696013246877,0.5054810706075806,0.9103181398496054,0.9753738749901997,3.2796051223299125,3.599999999999987,6050.0,2156.0,2,4,7,354,0.9118870965250044
CS2_37,84,CS2_37_9_7_10.xlsx,31,2010-09-04 17:29:59,1.0332493283167992,0.93931757119709,3.633553264685847,0.5064852684316845,0.9130052970861805,0.9736097131372395,3.2538158280450618,3.599999999999987,6013.0,2152.0,2,4,7,353,0.9103924992590423
CS2_37,85,CS2_37_9_7_10.xlsx,32,2010-09-04 20:49:38,1.0320903021561278,0.9382639110510252,3.6274051714479296,0.5064268384293898,0.913463623971077,0.972429018972488,3.231356804875243,3.599999999999987,6002.0,2153.0,2,4,7,352,0.9093712852168914
CS2_37,86,CS2_37_9_7_10.xlsx,33,2010-09-05 00:09:02,1.0312461291073518,0.9374964810066834,3.62330755501178,0.5068071793199561,0.9135283720844399,0.9715804467839809,3.258988536015808,3.599999999999987,5995.0,2158.0,2,4,7,352,0.9086274871900063
CS2_37,87,CS2_37_9_7_10.xlsx,34,2010-09-05 03:28:22,1.0302497065603688,0.936590642327608,3.619345109533549,0.5072208408246042,0.91344061561332,0.9703927308086727,3.2330501784127796,3.599999999999987,5988.0,2154.0,2,4,7,352,0.9077495426436076
CS2_37,88,CS2_37_9_7_10.xlsx,35,2010-09-05 06:47:27,1.02937239766068,0.9357930887824362,3.6165597326360936,0.5066225916160678,0.913298864645847,0.9694321602228507,3.2408568470206816,3.599999999999987,5983.0,2160.0,2,4,7,351,0.906976548730211
CS2_37,89,CS2_37_9_7_10.xlsx,36,2010-09-05 10:06:32,1.028620362526567,0.9351094204786973,3.6124206561117864,0.507060902406406,0.9133472040935863,0.9688277140594026,3.2288667955602057,3.599999999999987,5976.0,2155.0,2,4,7,351,0.9063139331092641
CS2_37,90,CS2_37_9_7_10.xlsx,37,2010-09-05 13:25:21,1.028507690054667,0.9350069909587881,3.6105620878463016,0.506015424579969,0.9141307092423063,0.9687808656756233,3.240797629627104,3.599999999999987,5973.0,2159.0,2,4,7,351,0.9062146577741832
CS2_37,91,CS2_37_9_7_10.xlsx,38,2010-09-05 16:44:11,0.9130378023736512,0.8300343657942283,3.6090424505796657,,,,,,5971.0,,2,,7,318,0.8044745290810148
CS2_37,92,CS2_37_9_7_10.xlsx,39,2010-09-05 19:20:43,1.0264418422248553,0.9331289474771411,3.621470389680418,0.5093308038508569,0.9091225662157795,0.9667332589211364,3.2121889909446217,3.599999999999987,5992.0,2171.0,2,4,7,351,0.9043944462169835
CS2_37,93,CS2_37_9_7_10.xlsx,40,2010-09-05 22:39:58,1.0258562923655958,0.9325966294232688,3.6018148355429336,0.507828507101372,0.9129717937206917,0.9659449480090327,3.237065112962092,3.599999999999987,5958.0,2169.0,2,4,7,350,0.9038785202103531
CS2_37,94,CS2_37_9_7_10.xlsx,41,2010-09-06 01:58:34,0.9057831248606121,0.8234392044187382,3.59834861882919,,,,,,5952.0,,2,,7,317,0.7980824571856736
CS2_37,95,CS2_37_9_7_10.xlsx,42,2010-09-06 04:34:22,1.0129786442094257,0.9208896765540233,3.573463029688145,0.5304029780061623,0.8998362141850818,0.9481669742017371,3.0815050768386634,3.5899999999999874,5906.0,2278.0,2,4,7,346,0.8925320678409403
CS2_37,96,CS2_37_9_7_10.xlsx,43,2010-09-06 07:53:13,1.0114566049162974,0.9195060044693613,3.524387911060095,0.5366340796485431,0.9078446947608726,0.9469356060670029,3.0106259436914673,3.5949999999999873,5821.0,2294.0,2,4,7,343,0.8911910041517929
CS2_37,97,CS2_37_9_7_10.xlsx,44,2010-09-06 11:10:50,1.0100742436959749,0.9182493124508861,3.521292188787295,0.5339043879547779,0.9079186552971,0.9458152538235111,3.0859411012182916,3.5899999999999874,5815.0,2295.0,2,4,7,343,0.8899730103416267
CS2_37,98,CS2_37_9_7_10.xlsx,45,2010-09-06 14:28:18,0.05501371023395052,0.050012463849045924,3.511783849754436,0.5381467970965723,0.053710316539826906,,,,5799.0,2295.0,2,4,7,235,0.04847239459133038
CS2_37,99,CS2_37_9_14_10.xlsx,1,2010-09-07 10:44:17,1.0269996760128348,0.933636069102577,,0.39119594721638123,,0.9618116662579838,3.1582596042398,3.5949999999999873,,1634.0,,2;4,7,146,0.9048859516866624
CS2_37,100,CS2_37_9_14_10.xlsx,2,2010-09-07 12:12:44,1.0260219616247042,0.9327472378406401,3.601919642360509,0.5097487991276236,0.9126065352566389,0.9631015961635084,3.1626008551056803,3.5949999999999873,5958.0,2169.0,2,4,7,350,0.904024490835948
CS2_37,101,CS2_37_9_14_10.xlsx,3,2010-09-07 15:31:20,1.024669182402822,0.9315174385480199,3.6008859567025535,0.5049420063934141,0.9124945750945601,0.962330481675809,3.153332259738229,3.5949999999999873,5957.0,2146.0,2,4,7,350,0.9028325616248628
CS2_37,102,CS2_37_9_14_10.xlsx,4,2010-09-07 18:49:31,1.0307758039178068,0.9370689126525515,3.6066461888475976,0.49943856832143524,0.9200052062477133,0.9716930165894128,3.29190095401413,3.599999999999987,5964.0,2115.0,2,4,7,351,0.9082130852513456
CS2_37,103,CS2_37_9_14_10.xlsx,5,2010-09-07 22:07:35,1.0320658570286891,0.9382416882078991,3.6358306806150495,0.4877987594257236,0.9179632032757141,0.9717739596886791,3.301791616811959,3.599999999999987,6021.0,2069.0,2,4,7,353,0.9093497466975294
CS2_37,104,CS2_37_9_14_10.xlsx,6,2010-09-08 01:25:54,1.0271230916891811,0.9337482651719828,3.641831607801505,0.4840304988607779,0.9119271628396246,0.9621026545296048,3.1349577119662575,3.5949999999999873,6032.0,2057.0,2,4,7,352,0.9049946928229569
CS2_37,105,CS2_37_9_14_10.xlsx,7,2010-09-08 04:43:59,1.020753691094261,0.9279579009947826,3.5913260339773863,0.5101208714512138,0.9096456600461735,0.9588724526660628,3.1372698790640423,3.5949999999999873,5942.0,2175.0,2,4,7,348,0.8993826354351842
CS2_37,106,CS2_37_9_14_10.xlsx,8,2010-09-08 08:02:10,1.0207499384468033,0.9279544894970938,3.5793644042846506,0.5072836064275178,0.9133044323322681,0.9594935656089246,3.196677112663239,3.5949999999999873,5920.0,2163.0,2,4,7,348,0.8993793289901625
CS2_37,107,CS2_37_9_14_10.xlsx,9,2010-09-08 11:19:46,1.0202058978937476,0.9274599071761341,3.584181203247293,0.5013929613247429,0.9135681391453105,0.9580205328296706,3.0548829716381274,3.5949999999999873,5929.0,2134.0,2,4,7,348,0.8988999766932667
CS2_37,108,CS2_37_9_14_10.xlsx,10,2010-09-08 14:36:59,1.0178612729817296,0.9253284299833905,3.571847934114992,0.5075171112262173,0.9123883118659676,0.9558923332355579,3.14345057291785,3.5949999999999873,5908.0,2164.0,2,4,7,347,0.8968341355889184
CS2_37,109,CS2_37_9_14_10.xlsx,11,2010-09-08 17:54:15,1.0231986969361824,0.9301806335783476,3.555664576780208,0.5187434881080007,0.9197804069588594,0.9662226050480508,3.281776108217053,3.599999999999987,5879.0,2230.0,2,4,7,347,0.9015369218384048
CS2_37,110,CS2_37_9_14_10.xlsx,12,2010-09-08 21:12:24,1.0261464937177571,0.9328604488343246,3.607340331891721,0.4879782402591436,0.918908388338801,0.9660457531938087,3.280099271656803,3.604999999999987,5972.0,2076.0,2,4,7,350,0.9041342156432384
CS2_37,111,CS2_37_9_14_10.xlsx,13,2010-09-09 00:29:43,1.026582731337033,0.9332570284882118,3.6171126051941975,0.4844228840676518,0.9177908887289791,0.9659065163065871,3.280034898493892,3.604999999999987,5990.0,2057.0,2,4,7,351,0.9045185831386718
CS2_37,112,CS2_37_9_14_10.xlsx,14,2010-09-09 03:47:02,1.0136473451902273,0.9214975865365702,3.584708529582973,0.509532211133595,0.9043749803774037,0.9505309143449602,3.1119324561878376,3.5949999999999873,5934.0,2176.0,2,4,7,348,0.8931212580203916
CS2_37,113,CS2_37_9_14_10.xlsx,15,2010-09-09 07:04:43,0.8966527325078602,0.8151388477344182,3.542838038769724,,,,,,5857.0,,2,,7,313,0.7900376992696163
CS2_37,114,CS2_37_9_14_10.xlsx,16,2010-09-09 09:38:26,1.01206951273854,0.9200631933986726,3.5559313287171164,0.5182004340858208,0.9071224942948365,0.9495195763109164,3.04803988088914,3.5899999999999874,5880.0,2215.0,2,4,7,346,0.8917310351673619
CS2_37,115,CS2_37_9_14_10.xlsx,17,2010-09-09 12:55:46,1.0106335129894077,0.9187577390812797,3.537172325151011,0.513826417893633,0.9110584902418553,0.9477841098074644,3.0701732667429247,3.5949999999999873,5849.0,2195.0,2,4,7,344,0.8904657806303203
CS2_37,116,CS2_37_9_14_10.xlsx,18,2010-09-09 16:12:10,1.0069636264479378,0.9154214785890343,3.520441002260036,0.5237116096850309,0.9086078412075661,0.9429638473596368,3.0662161967654242,3.5899999999999874,5819.0,2239.0,2,4,7,343,0.887232255972793
CS2_37,117,CS2_37_9_14_10.xlsx,19,2010-09-09 19:28:35,1.0190178838483384,0.9263798944075803,3.5396254964577882,0.5013718668851083,0.9237967057902932,0.9604869633085958,3.2208120876851454,3.599999999999987,5848.0,2133.0,2,4,7,345,0.8978532215236148
CS2_37,118,CS2_37_9_14_10.xlsx,20,2010-09-09 22:44:23,1.020254197860659,0.9275038162369627,3.5847191607315025,0.49206628373737343,0.9172580863513581,0.9607966098199585,3.235527790812034,3.599999999999987,5933.0,2098.0,2,4,7,349,0.898942533631254
CS2_37,119,CS2_37_9_14_10.xlsx,21,2010-09-10 02:01:05,1.011388613382234,0.9194441939838491,3.5905970123917874,0.48358640936347896,0.9074499007067937,0.9477268902893413,3.095516167904932,3.5899999999999874,5944.0,2034.0,2,4,7,348,0.8911310970403843
CS2_37,120,CS2_37_9_14_10.xlsx,22,2010-09-10 05:16:25,1.0067195840803187,0.9151996218911987,3.519803291773652,0.5237583263482255,0.9089940218460408,0.9438153799651589,3.063827767583259,3.5899999999999874,5818.0,2235.0,2,4,7,343,0.8870172310655484
CS2_37,121,CS2_37_9_14_10.xlsx,23,2010-09-10 08:32:44,1.0061299041331324,0.9146635492119385,3.5117163089092736,0.5203510435122604,0.9111283513522263,0.9432228408156138,3.071262849053112,3.5899999999999874,5803.0,2225.0,2,4,7,343,0.8864976660523717
CS2_37,122,CS2_37_9_14_10.xlsx,24,2010-09-10 11:48:36,1.0069960992984228,0.9154509993622025,3.5089209117356632,0.5194822354754524,0.9128714317155536,0.9456022309773053,3.0606007442700465,3.5899999999999874,5799.0,2221.0,2,4,7,343,0.8872608676918631
CS2_37,123,CS2_37_9_14_10.xlsx,25,2010-09-10 15:04:25,1.00008938257416,0.909172165976509,3.5069895496774937,0.5250347167253562,0.9041331572134931,0.9330171025931903,2.976757727265386,3.5849999999999875,5796.0,2241.0,2,4,7,342,0.8811753828742547
CS2_37,124,CS2_37_9_14_10.xlsx,26,2010-09-10 18:20:07,1.0123007558173889,0.9202734143794443,3.4798958444484547,0.5356245729596094,0.9226693502507164,0.9547407940161461,3.210269718801086,3.599999999999987,5747.0,2263.0,2,4,7,342,0.8919347826644277
CS2_37,125,CS2_37_9_14_10.xlsx,27,2010-09-10 21:36:01,1.0146837249151979,0.9224397499229071,3.557310106519584,0.49795125945786084,0.9166207465762664,0.9553841651052398,3.2168041049548086,3.599999999999987,5885.0,2124.0,2,4,7,347,0.8940344087015871
CS2_37,126,CS2_37_9_14_10.xlsx,28,2010-09-11 00:52:04,1.0154590635498053,0.9231446032270957,3.565448498875583,0.4952158549900768,0.9161482796816619,0.9558605403371273,3.210387596021848,3.599999999999987,5900.0,2115.0,2,4,7,347,0.8947175569582448
CS2_37,127,CS2_37_9_14_10.xlsx,29,2010-09-11 04:08:15,0.906237602611391,0.8238523660103554,3.574297909573157,,,,,,5916.0,,2,,7,316,0.7984828959994721
CS2_37,128,CS2_37_9_14_10.xlsx,30,2010-09-11 06:43:29,1.0182006078567412,0.9256369162334009,3.598740226509999,0.4867760199718254,0.91403362229639,0.9580453089454948,3.239048753853704,3.604999999999987,5959.0,2077.0,2,4,7,349,0.8971331224031183
CS2_37,129,CS2_37_9_14_10.xlsx,31,2010-09-11 10:00:10,1.0192749309731042,0.9266135736119128,3.5903156026797305,0.4823209921298097,0.9184388338411379,0.9587949901147771,3.253570913444728,3.604999999999987,5945.0,2057.0,2,4,7,349,0.8980797048785318
CS2_37,130,CS2_37_9_14_10.xlsx,32,2010-09-11 13:16:21,1.0197830556129546,0.9270755051026859,3.5952985348836584,0.47943174079393874,0.9183746864531164,0.9589173942739349,3.2561755341562053,3.604999999999987,5954.0,2043.0,2,4,7,350,0.898527411785404
CS2_37,131,CS2_37_9_14_10.xlsx,33,2010-09-11 16:32:28,1.0203894445175763,0.9276267677432511,3.5988784712253348,0.47736930943663525,0.918777631171939,0.9591871331709648,3.2628915352325403,3.604999999999987,5961.0,2031.0,2,4,7,350,0.8990616990046377
CS2_37,132,CS2_37_9_14_10.xlsx,34,2010-09-11 19:48:32,1.021255381154731,0.9284139828679371,3.6045033862295375,0.47482955513160674,0.9192365132863182,0.9593600330209462,3.2641593043649806,3.604999999999987,5971.0,2021.0,2,4,7,350,0.8998246728558604
CS2_37,133,CS2_37_9_14_10.xlsx,35,2010-09-11 23:04:39,1.0211655730572033,0.928332339142912,3.605424883706177,0.4743834033005289,0.9190887350749525,0.9591962798770569,3.269456661909612,3.604999999999987,5973.0,2019.0,2,4,7,351,0.8997455432439448
CS2_37,134,CS2_37_9_14_10.xlsx,36,2010-09-12 02:20:46,1.0215621297618398,0.9286928452380361,3.607649701496291,0.47259057960785833,0.9194141639337315,0.9594014193917343,3.281943175266914,3.604999999999987,5977.0,2014.0,2,4,7,351,0.9000949480192859
CS2_37,135,CS2_37_9_14_10.xlsx,37,2010-09-12 05:36:53,1.0218213513166958,0.9289285011969961,3.6098721538518235,0.4711222440637535,0.91982667214064,0.959514270030053,3.2758714397182285,3.604999999999987,5981.0,2007.0,2,4,7,351,0.9003233472572236
CS2_37,136,CS2_37_9_14_10.xlsx,38,2010-09-12 08:52:58,1.02216911645489,0.9292446513226272,3.61206937864607,0.4712470037105837,0.9197090362970765,0.9595952203303936,3.2733130927466134,3.604999999999987,5985.0,2005.0,2,4,7,351,0.9006297619478885
CS2_37,137,CS2_37_9_14_10.xlsx,39,2010-09-12 12:09:05,1.0224187601693728,0.9294716001539752,3.6122673152433378,0.470551014623896,0.9198781156872008,0.9597499177570545,3.2844100849057014,3.604999999999987,5986.0,2004.0,2,4,7,351,0.900849722182968
CS2_37,138,CS2_37_9_14_10.xlsx,40,2010-09-12 15:25:14,1.0225459526400158,0.9295872296727415,3.6146022747329556,0.4701745715760543,0.9197943720761466,0.9596366813483342,3.2836973838616537,3.604999999999987,5990.0,1998.0,2,4,7,351,0.9009617910399825
CS2_37,139,CS2_37_9_14_10.xlsx,41,2010-09-12 18:41:20,1.0225967850490747,0.9296334409537041,3.6163834586416255,0.46870730475744055,0.9194968371224173,0.9595316809832513,3.290770975323535,3.604999999999987,5993.0,1989.0,2,4,7,351,0.9010065793042071
CS2_37,140,CS2_37_9_14_10.xlsx,42,2010-09-12 21:57:21,1.0227983683191013,0.9298166984719102,3.616272974391849,0.46909295946405044,0.9197542463446629,0.959708118241565,3.2887438365439428,3.604999999999987,5993.0,1992.0,2,4,7,351,0.901184193643727
CS2_37,141,CS2_37_9_14_10.xlsx,43,2010-09-13 01:13:25,1.0158286779549854,0.9234806163227139,3.616072064750105,0.468451978088712,0.912999177880273,0.9472279967510082,2.8800788744536345,3.599999999999987,5993.0,1994.0,2,4,7,350,0.8950432229643793
CS2_37,142,CS2_37_9_14_10.xlsx,44,2010-09-13 04:29:10,1.0036556535662484,0.9124142305147712,3.54083979510216,0.5088129822166205,0.9051793614892203,0.938458365717899,3.0192175143589273,3.5899999999999874,5858.0,2183.0,2,4,7,345,0.884317612220594
CS2_37,143,CS2_37_9_14_10.xlsx,45,2010-09-13 07:45:08,1.0044541935302576,0.9131401759365977,3.5069519214836316,0.5127977633834216,0.9126559319701739,0.9403738426634982,3.0598256692143986,3.5849999999999875,5797.0,2193.0,2,4,7,343,0.8850212030903571
CS2_37,144,CS2_37_9_14_10.xlsx,46,2010-09-13 11:00:18,1.0027229627805099,0.9115663298004635,3.5090192604267085,0.5135889609547439,0.9100789172723812,0.937458418541626,3.0927472703529015,3.5849999999999875,5801.0,2198.0,2,4,7,342,0.8834958215141364
CS2_37,145,CS2_37_9_14_10.xlsx,47,2010-09-13 14:15:31,1.0017219922512055,0.910656356592005,3.5006777810636676,0.5165226925501253,0.910394001046754,0.9356560344556718,2.98175056532369,3.5849999999999875,5786.0,2208.0,2,4,7,341,0.8826138697558492
CS2_37,146,CS2_37_9_14_10.xlsx,48,2010-09-13 17:30:35,1.0082846501561633,0.9166224092328756,3.48365516739711,0.5269858864567148,0.9191897734769032,0.9517400301785649,3.2686494380710394,3.5949999999999873,5756.0,2257.0,2,4,7,341,0.888396205507869
CS2_37,147,CS2_37_9_14_10.xlsx,49,2010-09-13 20:46:21,1.01486890692221,0.9226080972020091,3.554305985443467,0.48899353671733475,0.9206655274147125,0.954871400302072,3.236717857729423,3.599999999999987,5882.0,2087.0,2,4,7,346,0.894197571943567
CS2_37,148,CS2_37_9_14_10.xlsx,50,2010-09-14 00:01:44,1.0160330591312885,0.9236664173920803,3.5752750034418326,0.4845351267481736,0.9184235455413007,0.9553483212445739,3.2343255144577276,3.599999999999987,5920.0,2065.0,2,4,7,348,0.8952233025296854
CS2_37,149,CS2_37_9_21_10.xlsx,1,2010-09-14 13:57:43,1.013538510788402,0.9213986461712745,3.5308756559877037,0.5329809896470803,0.9107864825871315,0.9479201995037039,3.133292079331329,3.5849999999999875,5826.0,2294.0,2,4,7,345,0.8930253643959123
CS2_37,150,CS2_37_9_21_10.xlsx,2,2010-09-14 17:15:33,1.016231130647294,0.9238464824066308,3.5279508458881144,0.5348469000353407,0.9137849439792836,0.9573523691566406,3.3625587264320793,3.5899999999999874,5831.0,2299.0,2,4,7,345,0.8953978226745782
CS2_37,151,CS2_37_9_21_10.xlsx,3,2010-09-14 20:33:41,1.0231419302365672,0.9301290274877883,3.5782275430819745,0.4993272430880261,0.9198632863140189,0.9621674702243797,3.2531145183643777,3.599999999999987,5921.0,2132.0,2,4,7,349,0.9014869048907805
CS2_37,152,CS2_37_9_21_10.xlsx,4,2010-09-14 23:50:54,1.0240219357365246,0.9309290324877495,3.601946301746186,0.49235823611978813,0.9172232948945316,0.9622259335799518,3.2595001228819225,3.599999999999987,5964.0,2098.0,2,4,7,350,0.9022622747695812
CS2_37,153,CS2_37_9_21_10.xlsx,5,2010-09-15 03:08:20,1.0096481120104412,0.917861920009492,3.5662200330250573,0.5183445390213081,0.9023781441364468,0.9433648087390916,3.026265944288895,3.5849999999999875,5907.0,2220.0,2,4,7,346,0.8895975471503383
CS2_37,154,CS2_37_9_21_10.xlsx,6,2010-09-15 06:26:03,1.0082150886620962,0.9165591715109964,3.516529440216041,0.5267627530368011,0.9101020255261156,0.9437119061133148,3.0591886025599244,3.5849999999999875,5811.0,2256.0,2,4,7,343,0.8883349151099946
CS2_37,155,CS2_37_9_21_10.xlsx,7,2010-09-15 09:42:42,1.011820108483164,0.9198364622574217,3.494840141979817,0.518672795616911,0.9206919668499496,0.9490294042298264,3.0781078603419267,3.5799999999999876,5775.0,2191.0,2,4,7,342,0.8915112859188938
CS2_37,156,CS2_37_9_21_10.xlsx,8,2010-09-15 12:57:52,1.0095138447064427,0.9177398588240387,3.50548793179797,0.5156240683715269,0.9172639561564774,0.9451739119524046,3.1288439709466376,3.5899999999999874,5794.0,2173.0,2,4,7,343,0.8894792446815091
CS2_37,157,CS2_37_9_21_10.xlsx,9,2010-09-15 16:12:54,1.006517000760459,0.9150154552367807,3.485541520302496,0.5269887837661671,0.9148573061169797,0.9420197105580445,3.048217691198239,3.5799999999999876,5760.0,2242.0,2,4,7,341,0.8868387355854925
CS2_37,158,CS2_37_9_21_10.xlsx,10,2010-09-15 19:28:22,1.017553907221135,0.9250490065646682,3.5123918347713032,0.5006328515506856,0.9288440642278175,0.957929887232491,3.2261428802584335,3.5949999999999873,5803.0,2116.0,2,4,7,344,0.8965633166536376
CS2_37,159,CS2_37_9_21_10.xlsx,11,2010-09-15 22:43:03,1.0195644923779756,0.926876811252705,3.5552124183417506,0.48868116877538553,0.9243896480994331,0.9594487622763195,3.242869513784155,3.599999999999987,5884.0,2070.0,2,4,7,347,0.8983348364560179
CS2_37,160,CS2_37_9_21_10.xlsx,12,2010-09-16 01:58:27,1.0102811021988103,0.918437365635282,3.564440791415704,0.4808116047854471,0.9126835017444191,0.9442573806345974,3.056246630812619,3.5849999999999875,5901.0,2003.0,2,4,7,346,0.8901552726709874
CS2_37,161,CS2_37_9_21_10.xlsx,13,2010-09-16 05:12:30,1.005893183085579,0.9144483482596173,3.4850928337382676,0.5228459399380879,0.9159820203956583,0.9417831003608697,3.039652353779663,3.5849999999999875,5760.0,2220.0,2,4,7,341,0.8862890919355508
CS2_37,162,CS2_37_9_21_10.xlsx,14,2010-09-16 08:27:35,1.006858766342324,0.9153261512202946,3.4849332299201725,0.5169340174556665,0.9188350112904239,0.9436344626329334,3.0592544199183433,3.5849999999999875,5758.0,2182.0,2,4,7,341,0.8871398640873052
CS2_37,163,CS2_37_9_21_10.xlsx,15,2010-09-16 11:42:02,1.0069323359550424,0.9153930326864022,3.483063169333339,0.5209289670241061,0.9187122049744827,0.9445541053008204,3.08376183787754,3.5849999999999875,5756.0,2204.0,2,4,7,341,0.8872046860250085
CS2_37,164,CS2_37_9_21_10.xlsx,16,2010-09-16 14:56:51,1.0027904948282007,0.9116277225710915,3.4860429376312467,0.5195481888040128,0.9130829002946413,0.936088931810074,3.009207356162666,3.5799999999999876,5761.0,2194.0,2,4,7,340,0.8835553237736515
CS2_37,165,CS2_37_9_21_10.xlsx,17,2010-09-16 18:11:20,1.0103643282659718,0.9185130256963379,3.4572910684400187,0.5342488818496725,0.9258179755806132,0.952313044712707,3.1920898840175584,3.5899999999999874,5711.0,2273.0,2,4,7,340,0.8902286028781409
CS2_37,166,CS2_37_9_21_10.xlsx,18,2010-09-16 21:26:44,1.0146676949571578,0.9224251772337797,3.5274254505262013,0.4955277311351042,0.9242185728384165,0.9545742555212435,3.20652722532593,3.5949999999999873,5836.0,2093.0,2,4,7,345,0.894020284759608
CS2_37,167,CS2_37_9_21_10.xlsx,19,2010-09-17 00:41:25,1.0161487376596448,0.9237715796905861,3.5460254756490506,0.4874271431175655,0.9237412269933472,0.9555603184140987,3.2110595480083233,3.599999999999987,5870.0,2058.0,2,4,7,346,0.895325226490974
CS2_37,168,CS2_37_9_21_10.xlsx,20,2010-09-17 03:56:10,1.000984956314909,0.9099863239226444,3.51027108290597,0.517693858099541,0.9063778994858622,0.9335918862597534,2.975984592220923,3.5799999999999876,5808.0,2193.0,2,4,7,342,0.8819644698775237
CS2_37,169,CS2_37_9_21_10.xlsx,21,2010-09-17 07:11:18,1.0016978821688234,0.9106344383352939,3.458538439148773,0.5236310923787526,0.917740627192058,0.9367578846116832,3.006227647743806,3.5849999999999875,5713.0,2216.0,2,4,7,339,0.882592626443557
CS2_37,170,CS2_37_9_21_10.xlsx,22,2010-09-17 10:25:17,1.0022140427306638,0.9111036752096944,3.467576424096692,0.5171918895966752,0.91782130803488,0.9373734074829365,3.0085528396424395,3.5799999999999876,5729.0,2184.0,2,4,7,339,0.8830474137741989
CS2_37,171,CS2_37_9_21_10.xlsx,23,2010-09-17 13:39:02,1.001901087885102,0.9108191708046381,3.459232389917864,0.5201172448403606,0.918766863055992,0.9373846258552502,3.013953043680393,3.5849999999999875,5715.0,2198.0,2,4,7,339,0.8827716703149989
CS2_37,172,CS2_37_9_21_10.xlsx,24,2010-09-17 16:52:47,1.0005581242234456,0.9095982947485868,3.449694215872987,0.5312990470897389,0.9164724605390545,0.9349430949741183,3.0053004870309126,3.5799999999999876,5698.0,2245.0,2,4,7,338,0.8815883895609323
CS2_37,173,CS2_37_9_21_10.xlsx,25,2010-09-17 20:06:56,1.0110317222502694,0.9191197475002448,3.48568839922214,0.5013131371405042,0.9285240056952847,0.9512476066137989,3.1804860964396067,3.5949999999999873,5761.0,2113.0,2,4,7,342,0.8908166414673794
CS2_37,174,CS2_37_9_21_10.xlsx,26,2010-09-17 23:20:30,1.0128330933961784,0.9207573576328895,3.527492077984629,0.49028168082965196,0.9236743684114286,0.9526207561384361,3.1893718036254195,3.5949999999999873,5836.0,2068.0,2,4,7,345,0.8924038235101578
CS2_37,175,CS2_37_9_21_10.xlsx,27,2010-09-18 02:34:42,1.0144051245556227,0.9221864768687479,3.532534558057887,0.4876643545463125,0.9249186407195469,0.9536892622673484,3.20828602208695,3.5949999999999873,5846.0,2057.0,2,4,7,345,0.8937889348641531
CS2_37,176,CS2_37_9_21_10.xlsx,28,2010-09-18 05:48:57,1.0147122061562328,0.9224656419602115,3.538773183476607,0.48562595657989993,0.9243232197792051,0.9537791885143481,3.2089990499642136,3.599999999999987,5857.0,2045.0,2,4,7,346,0.8940595034270297
CS2_37,177,CS2_37_9_21_10.xlsx,29,2010-09-18 09:03:11,1.0150628395350303,0.9227843995773002,3.5399769689907714,0.4835905850678018,0.9249243626047302,0.9539935213390749,3.2082396037965717,3.5949999999999873,5860.0,2038.0,2,4,7,346,0.8943684453148188
CS2_37,178,CS2_37_9_21_10.xlsx,30,2010-09-18 12:17:25,1.016380051850195,0.9239818653183591,3.547715159828507,0.4800495804157336,0.9254978588967931,0.9548066162607463,3.2257223463215157,3.599999999999987,5873.0,2028.0,2,4,7,346,0.8955290366443203
CS2_37,179,CS2_37_9_21_10.xlsx,31,2010-09-18 15:31:46,1.0170447034738714,0.9245860940671558,3.5519790011603667,0.4796501480420344,0.9253421759483345,0.9554499018456986,3.2273856147665114,3.599999999999987,5881.0,2023.0,2,4,7,346,0.8961146589488622
CS2_37,180,CS2_37_9_21_10.xlsx,32,2010-09-18 18:46:11,1.0173418685478381,0.9248562441343983,3.5558449405889245,0.47803109822055756,0.9254695664242665,0.9555888799566162,3.233085567340024,3.599999999999987,5888.0,2013.0,2,4,7,347,0.89637649009355
CS2_37,181,CS2_37_9_21_10.xlsx,33,2010-09-18 22:00:33,1.017651431601152,0.9251376650919563,3.559575567353786,0.47557302693103065,0.9254546606877355,0.9559441348797192,3.236730215201724,3.599999999999987,5895.0,2004.0,2,4,7,347,0.8966492450560369
CS2_37,182,CS2_37_9_21_10.xlsx,34,2010-09-19 01:14:54,1.0180288036379324,0.9254807305799384,3.560173645804203,0.47575012629765956,0.9256957389744438,0.9562269054405598,3.2482829105843574,3.599999999999987,5896.0,2005.0,2,4,7,347,0.8969817462852171
CS2_37,183,CS2_37_9_21_10.xlsx,35,2010-09-19 04:29:19,1.0181203095447557,0.9255639177679597,3.561259390219587,0.47587031440811894,0.9254718806612217,0.9565332063038036,3.2426325906224434,3.599999999999987,5898.0,2005.0,2,4,7,347,0.8970623718311785
CS2_37,184,CS2_37_9_21_10.xlsx,36,2010-09-19 07:43:45,1.0184427625756172,0.9258570568869247,3.56101400766077,0.4758680740612108,0.9258946750798541,0.9564661589249084,3.2353477736077907,3.599999999999987,5898.0,2008.0,2,4,7,347,0.8973464841094201
CS2_37,185,CS2_37_9_21_10.xlsx,37,2010-09-19 10:58:18,1.0189379199769988,0.9263071999790897,3.5652172383330103,0.4741776793567931,0.9259516061123452,0.9567689041916202,3.2522187832118825,3.599999999999987,5905.0,1997.0,2,4,7,347,0.8977827656262005
CS2_37,186,CS2_37_9_21_10.xlsx,38,2010-09-19 14:12:47,1.0194009923986869,0.926728174907897,3.5661994655182387,0.47462204865252416,0.9262638861287836,0.9571267891012325,3.248946806244504,3.599999999999987,5907.0,1999.0,2,4,7,347,0.8981907771755575
CS2_37,187,CS2_37_9_21_10.xlsx,39,2010-09-19 17:27:21,1.0196142670778983,0.9269220609799075,3.569650742635604,0.4735407276021247,0.9257993892379055,0.9572687582512556,3.2491664672654657,3.599999999999987,5913.0,1996.0,2,4,7,347,0.8983786927762888
CS2_37,188,CS2_37_9_21_10.xlsx,40,2010-09-19 20:41:59,1.0212036376019356,0.9283669432744868,3.5768760480275876,0.4676195611138618,0.9273708087448164,0.9579393608242802,3.2848383163808483,3.599999999999987,5926.0,1969.0,2,4,7,349,0.899779081785962
CS2_37,189,CS2_37_9_21_10.xlsx,41,2010-09-19 23:56:29,1.0214495179498115,0.9285904708634649,3.5827406177420005,0.4653788449326808,0.9268727133647322,0.9577781000010798,3.2535536189539442,3.599999999999987,5937.0,1960.0,2,4,7,349,0.8999957261314135
CS2_37,190,CS2_37_9_21_10.xlsx,42,2010-09-20 03:11:02,0.8950228522234625,0.8136571383849658,3.543285647984483,,,,,,5872.0,,2,,7,313,0.7886016172466809
CS2_37,191,CS2_37_9_21_10.xlsx,43,2010-09-20 05:44:55,1.0061230508718424,0.9146573189744021,3.504231573142783,0.5147689956534967,0.9147129389114513,0.9423511331150425,3.084595978461401,3.5849999999999875,5795.0,2175.0,2,4,7,343,0.8864916276669569
CS2_37,192,CS2_37_9_21_10.xlsx,44,2010-09-20 08:59:50,1.0055721816519139,0.9141565287744671,3.4923323579851098,0.5029051495831178,0.919374273670609,0.941574062833538,3.0486979643611116,3.5849999999999875,5773.0,2120.0,2,4,7,342,0.8860062586547045
CS2_37,193,CS2_37_9_21_10.xlsx,45,2010-09-20 12:13:26,1.0049983318047069,0.913634847095188,3.4816433423065454,0.5130494186514346,0.9189098426422351,0.9416923074951007,3.092086135625759,3.5849999999999875,5755.0,2169.0,2,4,7,341,0.8855006414892433
CS2_37,194,CS2_37_9_21_10.xlsx,46,2010-09-20 15:27:32,1.0018890484862126,0.9108082258965569,3.4775168824173526,0.5140762847582413,0.915935417083985,0.9372204766035517,3.0384484709510033,3.5799999999999876,5748.0,2163.0,2,4,7,340,0.882761062441232
CS2_37,195,CS2_37_9_21_10.xlsx,47,2010-09-20 18:41:13,1.0110725828609262,0.9191568935099328,3.475451986993951,0.516866005579862,0.9273140950231967,0.9517095974741958,3.201859207361448,3.5899999999999874,5740.0,2161.0,2,4,7,341,0.8908526436136549
CS2_37,196,CS2_37_9_21_10.xlsx,48,2010-09-20 21:55:16,1.0140563929346555,0.9218694481224141,3.5294593531221956,0.49000408295915865,0.924584608982212,0.9531139658682646,3.2261595706024626,3.5949999999999873,5841.0,2060.0,2,4,7,345,0.8934816686087759
CS2_37,197,CS2_37_9_21_10.xlsx,49,2010-09-21 01:09:28,1.0112056984075508,0.9192779076432279,3.5440236153361933,0.48390130181301055,0.9202517394516662,0.9454761183414967,2.9732629553375602,3.604999999999987,5867.0,2038.0,2,4,7,345,0.8909699312729454
CS2_37,198,CS2_37_9_21_10.xlsx,50,2010-09-21 04:23:34,1.0008834347753748,0.909894031613977,3.4829554339841913,0.5226648044496708,0.9114254804819635,0.9366251496354475,3.141994168307061,3.5799999999999876,5758.0,2209.0,2,4,7,340,0.8818750195913516
CS2_37,199,CS2_37_9_28_10.xlsx,1,2010-09-21 15:48:03,1.008700031154239,0.9170000283220353,3.4517213579159614,0.5346693089574566,0.9229515697890933,0.9428283738468836,3.0640284262768978,3.5749999999999877,5690.0,2276.0,2,4,7,339,0.8887621963046873
CS2_37,200,CS2_37_9_28_10.xlsx,2,2010-09-21 19:03:02,1.016536064260235,0.9241236947820317,3.509500533257846,0.5156130026855015,0.9244624557970383,0.9559073398404041,3.2094948838594557,3.5899999999999874,5797.0,2169.0,2,4,7,344,0.8956664986527622
CS2_37,201,CS2_37_9_28_10.xlsx,3,2010-09-21 22:18:27,1.01849370158777,0.9259033650797908,3.5456818883064263,0.4981196255429539,0.9228136597682729,0.9571615531596557,3.2306058906745116,3.5949999999999873,5868.0,2105.0,2,4,7,346,0.8973913663012713
CS2_37,202,CS2_37_9_28_10.xlsx,4,2010-09-22 01:34:05,1.012190135242439,0.920172850220399,3.55534032083228,0.491513243836352,0.9150763957515837,0.9431270757256044,3.0232185891394736,3.5849999999999875,5886.0,2071.0,2,4,7,346,0.891837315248831
CS2_37,203,CS2_37_9_28_10.xlsx,5,2010-09-22 04:49:07,1.0062038205549504,0.9147307459590457,3.4887707586058982,0.52536863104209,0.9145755726485446,0.9413754107174104,3.0541790182891146,3.5799999999999876,5767.0,2218.0,2,4,7,342,0.8865627935624033
CS2_37,204,CS2_37_9_28_10.xlsx,6,2010-09-22 08:04:17,1.0078759805276905,0.9162508913888094,3.481037422443452,0.5231691674910001,0.9190209805938161,0.9442576872886658,3.0756157370383277,3.5849999999999875,5752.0,2200.0,2,4,7,341,0.888036128076178
CS2_37,205,CS2_37_9_28_10.xlsx,7,2010-09-22 11:19:00,1.0083040174507687,0.9166400158643351,3.488319251299793,0.5165626574029634,0.9198374624021229,0.9461874843044827,3.12964715608689,3.5849999999999875,5767.0,2178.0,2,4,7,342,0.8884132699658429
CS2_37,206,CS2_37_9_28_10.xlsx,8,2010-09-22 14:33:37,0.8863590928787488,0.8057809935261352,3.492031802623947,,,,,,5773.0,,2,,7,309,0.780968008100608
CS2_37,207,CS2_37_9_28_10.xlsx,9,2010-09-22 17:05:23,1.007737221908167,0.9161247471892427,3.49270800666464,0.5260008203817853,0.9156726153859143,0.9468614432625926,3.252968163464956,3.5749999999999877,5773.0,2219.0,2,4,7,342,0.8879138683243838
CS2_37,208,CS2_37_9_28_10.xlsx,10,2010-09-22 20:20:45,1.0136383105349118,0.9214893732135562,3.5193448994564873,0.4979414096534717,0.924144431695867,0.9524652875891265,3.2058912582629624,3.5899999999999874,5822.0,2094.0,2,4,7,344,0.8931132976160563
CS2_37,209,CS2_37_9_28_10.xlsx,11,2010-09-22 23:35:11,1.0153947726327424,0.9230861569388567,3.5453108244510614,0.487471317283681,0.9230358663570178,0.9539664362864152,3.234641198726409,3.5949999999999873,5869.0,2056.0,2,4,7,346,0.8946609104479974
CS2_37,210,CS2_37_9_28_10.xlsx,12,2010-09-23 02:49:52,1.0058566128795192,0.9144151026177447,3.5282082334679687,0.49998746762959384,0.9119471715569946,0.9404672316566421,3.057827153765634,3.5799999999999876,5844.0,2123.0,2,4,7,344,0.8862568700502993
CS2_37,211,CS2_37_9_28_10.xlsx,13,2010-09-23 06:04:44,1.0048521740692493,0.9135019764265903,3.4807894893179587,0.5221355688822936,0.9166521702736073,0.9408138209933817,3.0993383590619756,3.5799999999999876,5753.0,2195.0,2,4,7,341,0.8853718624013478
CS2_37,212,CS2_37_9_28_10.xlsx,14,2010-09-23 09:19:12,1.0054430749976184,0.914039159088744,3.483819964391442,0.518315048028334,0.9178488737594629,0.9414067160883735,3.0966645735657767,3.5799999999999876,5759.0,2191.0,2,4,7,341,0.8858925032169279
CS2_37,213,CS2_37_9_28_10.xlsx,15,2010-09-23 12:33:45,1.0041655802304916,0.9128778002095378,3.4837884317765737,0.520112442150401,0.915850563272516,0.9398135741948986,3.073332501359415,3.5799999999999876,5759.0,2197.0,2,4,7,341,0.8847669068850827
CS2_37,214,CS2_37_9_28_10.xlsx,16,2010-09-23 15:48:20,1.0036585328390366,0.9124168480354877,3.480366529888121,0.5141138932621085,0.9174666988628637,0.9391750358651804,3.072062381815431,3.5799999999999876,5753.0,2165.0,2,4,7,341,0.8843201491381394
CS2_37,215,CS2_37_9_28_10.xlsx,17,2010-09-23 19:02:15,1.0123340807383414,0.9203037097621285,3.4989726207658918,0.503624844185759,0.9266111181085319,0.9519929133465742,3.2158940583155955,3.5949999999999873,5782.0,2110.0,2,4,7,343,0.8919641451399137
CS2_37,216,CS2_37_9_28_10.xlsx,18,2010-09-23 22:16:12,1.0148939219854825,0.9226308381686203,3.5435177918815115,0.48459196695693796,0.924128099000021,0.9526733158560217,3.2245244906182657,3.5949999999999873,5867.0,2048.0,2,4,7,346,0.8942196126314702
CS2_37,217,CS2_37_9_28_10.xlsx,19,2010-09-24 01:30:41,1.009684942904837,0.9178954026407607,3.5509803661248456,0.48280317450613197,0.9163956956641004,0.9413504722724694,3.0145726586094357,3.5849999999999875,5881.0,2035.0,2,4,7,345,0.8896299987272035
CS2_37,218,CS2_37_9_28_10.xlsx,20,2010-09-24 04:44:55,1.0030651207575652,0.9118773825068773,3.491619530196019,0.5145315639779803,0.914041605581739,0.9388945225932228,3.0903171099459494,3.5799999999999876,5774.0,2171.0,2,4,7,341,0.883797295754028
CS2_37,219,CS2_37_9_28_10.xlsx,21,2010-09-24 07:59:14,1.0061853808409147,0.9147139825826497,3.483145640334322,0.5120064168655145,0.9207130446560415,0.9445144291769793,3.140908574449886,3.5899999999999874,5758.0,2155.0,2,4,7,341,0.8865465463925416
CS2_37,220,CS2_37_9_28_10.xlsx,22,2010-09-24 11:13:11,1.0116241641077437,0.9196583310070396,3.493131454101537,0.5135121241333156,0.9250860035612866,0.9526312716191938,3.252304332570402,3.5949999999999873,5777.0,2178.0,2,4,7,343,0.8913386399903984
CS2_37,221,CS2_37_9_28_10.xlsx,23,2010-09-24 14:28:08,1.0150740074598872,0.9227945522362611,3.547687566550757,0.47805945392589566,0.9250884139234445,0.952085200056197,3.2214821840966934,3.5949999999999873,5875.0,2014.0,2,4,7,346,0.8943782853357541
CS2_37,222,CS2_37_9_28_10.xlsx,24,2010-09-24 17:42:12,1.0155724915635425,0.9232477196032204,3.555808679262712,0.47706717785112035,0.9241497283284832,0.952867838060769,3.2427137781198794,3.5949999999999873,5891.0,2007.0,2,4,7,347,0.8948174979986909
CS2_37,223,CS2_37_9_28_10.xlsx,25,2010-09-24 20:56:25,1.0156706992604398,0.9233369993276725,3.5599526038253124,0.47634921267520863,0.9233785191780032,0.9527917586655094,3.2487037023505887,3.599999999999987,5898.0,2005.0,2,4,7,347,0.8949040284692894
CS2_37,224,CS2_37_9_28_10.xlsx,26,2010-09-25 00:10:44,1.0160851053010482,0.9237137320918619,3.560686028372938,0.474414158028643,0.9243611690504383,0.9531316777695741,3.253517788687546,3.599999999999987,5899.0,2001.0,2,4,7,347,0.8952691602343709
CS2_37,225,CS2_37_9_28_10.xlsx,27,2010-09-25 03:25:02,1.0163732880620202,0.9239757164200183,3.562220465721028,0.4744022421115724,0.9241705745493983,0.9531299916483684,3.2398807128468903,3.599999999999987,5902.0,1996.0,2,4,7,347,0.8955230770933656
CS2_37,226,CS2_37_9_28_10.xlsx,28,2010-09-25 06:39:19,1.01649176757304,0.9240834250664,3.5638727214242407,0.4728382791991113,0.9245129329897133,0.9528890220425389,3.247052499037864,3.599999999999987,5905.0,1993.0,2,4,7,347,0.8956274689910347
CS2_37,227,CS2_37_9_28_10.xlsx,29,2010-09-25 09:53:37,1.016959150763288,0.9245083188757163,3.566269027423129,0.47144360620241077,0.9246791664039384,0.9535042568017238,3.2609268691782076,3.599999999999987,5909.0,1983.0,2,4,7,347,0.8960392787440347
CS2_37,228,CS2_37_9_28_10.xlsx,30,2010-09-25 13:07:50,1.0179822229490796,0.9254383844991632,3.5730532112744893,0.46850642197377385,0.925082835668434,0.9538504263096779,3.2575766274211686,3.599999999999987,5921.0,1970.0,2,4,7,348,0.8969407041973302
CS2_37,229,CS2_37_9_28_10.xlsx,31,2010-09-25 16:22:05,1.0177375167408798,0.9252159243098906,3.572429421440167,0.4695256791771657,0.9247930802354408,0.9537781999461221,3.25840243211514,3.599999999999987,5921.0,1974.0,2,4,7,348,0.8967250943823882
CS2_37,230,CS2_37_9_28_10.xlsx,32,2010-09-25 19:36:24,1.0176262592028067,0.9251147810934606,3.573673341372291,0.46721668815725786,0.9247907152450618,0.9534610991619232,3.2629690920622987,3.599999999999987,5923.0,1969.0,2,4,7,348,0.8966270657407314
CS2_37,231,CS2_37_9_28_10.xlsx,33,2010-09-25 22:50:40,1.0177812456573818,0.925255677870347,3.5737944812546387,0.46745106371715656,0.9250577113469808,0.9537711142213902,3.2612919830115414,3.599999999999987,5923.0,1966.0,2,4,7,348,0.8967636237832726
CS2_37,232,CS2_37_9_28_10.xlsx,34,2010-09-26 02:04:52,1.0178522588922974,0.9253202353566339,3.574870996586055,0.46741906931156113,0.9250788827254494,0.9537903663266999,3.2696785224054645,3.599999999999987,5925.0,1964.0,2,4,7,348,0.8968261933051135
CS2_37,233,CS2_37_9_28_10.xlsx,35,2010-09-26 05:19:04,1.0180188866625457,0.9254717151477687,3.575854784954755,0.4663813869331497,0.9251070356921579,0.9538445909126283,3.2673538365078167,3.599999999999987,5927.0,1965.0,2,4,7,348,0.8969730084716421
CS2_37,234,CS2_37_9_28_10.xlsx,36,2010-09-26 08:33:21,1.0181813458506994,0.9256194053188176,3.5769930847113756,0.46653338279450224,0.924980717024659,0.9538093034697859,3.26527620631745,3.599999999999987,5929.0,1962.0,2,4,7,348,0.8971161507145428
CS2_37,235,CS2_37_9_28_10.xlsx,37,2010-09-26 11:47:36,1.0186638519161022,0.9260580471964565,3.5768333994180357,0.4660376989059517,0.9257660265419801,0.9542161966689137,3.2665226285508195,3.599999999999987,5929.0,1965.0,2,4,7,348,0.8975412851818501
CS2_37,236,CS2_37_9_28_10.xlsx,38,2010-09-26 15:01:57,1.018203664052514,0.9256396945931945,3.578959722732607,0.46534950838212924,0.9248125866273124,0.9535973875826783,3.2727015651789513,3.599999999999987,5933.0,1958.0,2,4,7,348,0.8971358152069089
CS2_37,237,CS2_37_9_28_10.xlsx,39,2010-09-26 18:16:14,1.018117134677965,0.9255610315254226,3.5772748405946295,0.46443654705916865,0.9254188453462733,0.9536322766556893,3.271241951604434,3.599999999999987,5931.0,1956.0,2,4,7,348,0.8970595744667542
CS2_37,238,CS2_37_9_28_10.xlsx,40,2010-09-26 21:30:26,1.0180799838331112,0.9255272580301009,3.5777677125170086,0.4653224879022572,0.9251450014720954,0.9532990064882433,3.2687276235348204,3.599999999999987,5932.0,1959.0,2,4,7,348,0.8970268409826192
CS2_37,239,CS2_37_9_28_10.xlsx,41,2010-09-27 00:44:41,1.0180912312732744,0.9255374829757039,3.577304340553704,0.464853194911711,0.925439651226541,0.9532989040278221,3.2721001324600905,3.599999999999987,5931.0,1956.0,2,4,7,348,0.8970367510642228
CS2_37,240,CS2_37_9_28_10.xlsx,42,2010-09-27 03:58:53,1.0056776158767136,0.9142523780697396,3.5338541686967067,0.4965609263812641,0.9121853327974617,0.9402223394799417,3.07833737429417,3.5849999999999875,5855.0,2093.0,2,4,7,345,0.8860991563946713
CS2_37,241,CS2_37_9_28_10.xlsx,43,2010-09-27 07:13:25,1.0077949200437857,0.9161772000398051,3.501670010295679,0.4956035559994876,0.922740584654168,0.9451665456974571,3.1901078738001645,3.5899999999999874,5793.0,2079.0,2,4,7,342,0.8879647059571302
CS2_37,242,CS2_37_9_28_10.xlsx,44,2010-09-27 10:26:47,1.0062762015533977,0.9147965468667251,3.50644720250475,0.4993507733158229,0.9189495895781334,0.9429447034967561,3.1211392190385934,3.5849999999999875,5803.0,2103.0,2,4,7,343,0.8866265682160802
CS2_37,243,CS2_37_9_28_10.xlsx,45,2010-09-27 13:40:38,1.0029962984182461,0.91181481674386,3.488770032846754,0.5109015738347764,0.9160328871589112,0.9382007567709646,3.0776237399799835,3.5799999999999876,5771.0,2142.0,2,4,7,341,0.8837366566229098
CS2_37,244,CS2_37_9_28_10.xlsx,46,2010-09-27 16:54:25,1.0013957542618002,0.9103597766016365,3.4679675862503574,0.5186526126801171,0.9167060667333811,0.9364392496485492,3.078694759279609,3.5749999999999877,5734.0,2184.0,2,4,7,340,0.8823264225633968
CS2_37,245,CS2_37_9_28_10.xlsx,47,2010-09-27 20:08:12,1.0109938532042904,0.9190853210948093,3.502376808318191,0.4888151898456845,0.9286254538785544,0.9494881473633523,3.2333771321767535,3.5949999999999873,5794.0,2054.0,2,4,7,343,0.8907832751786545
CS2_37,246,CS2_37_9_28_10.xlsx,48,2010-09-27 23:21:21,1.0125680985893197,0.9205164532630179,3.537845414717506,0.4810507210890814,0.9243101900725932,0.9497933643949904,3.2573420128203328,3.5949999999999873,5859.0,2018.0,2,4,7,346,0.8921703374793469
CS2_37,247,CS2_37_9_28_10.xlsx,49,2010-09-28 02:35:04,1.003639574421726,0.9123996131106599,3.535007888035269,0.47835741029213713,0.9139355755341582,0.9377946138617432,3.0938634258498183,3.5799999999999876,5857.0,2033.0,2,4,7,345,0.8843034449405711
CS2_37,248,CS2_37_9_28_10.xlsx,50,2010-09-28 05:48:31,1.0004827957792983,0.9095298143448166,3.471376371651258,0.5157092684286886,0.9161626985202216,0.9355934096626607,3.0642170319285054,3.5799999999999876,5740.0,2172.0,2,4,7,340,0.8815220179227874
CS2_37,249,CS2_37_10_04_10.xlsx,1,2010-09-28 09:39:06,1.003128839342794,0.911935308493449,3.474435086677896,0.5228152082578593,0.9168671622226101,0.9400243792926881,3.1312436451994885,3.5799999999999876,5736.0,2215.0,2,4,7,340,0.883853437984626
CS2_37,250,CS2_37_10_04_10.xlsx,2,2010-09-28 12:53:33,1.0021617897275141,0.9110561724795583,3.4975703907665605,0.5149207794259869,0.9124332975220674,0.9388482976147061,3.105439560606826,3.5799999999999876,5785.0,2181.0,2,4,7,341,0.883001373829311
CS2_37,251,CS2_37_10_04_10.xlsx,3,2010-09-28 16:08:10,0.9965875590514552,0.9059886900467774,3.476432946170982,0.5287392874377084,0.9071841012693795,0.930243360599233,3.029823517521555,3.5749999999999877,5750.0,2245.0,2,4,7,340,0.8780899379758847
CS2_37,252,CS2_37_10_04_10.xlsx,4,2010-09-28 19:22:57,1.0062807649255503,0.9148006953868638,3.4880069548933106,0.5098696537022264,0.9215686908316555,0.9457672320679044,3.2183805659205884,3.5899999999999874,5764.0,2149.0,2,4,7,342,0.886630588987897
CS2_37,253,CS2_37_10_04_10.xlsx,5,2010-09-28 22:36:56,1.0082180948190338,0.9165619043809398,3.5283259531527134,0.4947259885566296,0.9185556594043819,0.9466315487131871,3.2271161357706935,3.5899999999999874,5842.0,2095.0,2,4,7,344,0.8883375638247362
CS2_37,254,CS2_37_10_04_10.xlsx,6,2010-09-29 01:51:25,1.0015759299770206,0.9105235727063823,3.5388954664694827,0.4887186433844195,0.9090849843466291,0.9325189199070091,3.0386853493606574,3.5799999999999876,5861.0,2049.0,2,4,7,344,0.8824851747785591
CS2_37,255,CS2_37_10_04_10.xlsx,7,2010-09-29 05:05:04,0.9954093746422457,0.9049176133111323,3.466541934613251,0.5298171980203684,0.908143173115626,0.9301176740894082,3.0560132356989165,3.5799999999999876,5732.0,2249.0,2,4,7,339,0.8770518436655448
CS2_37,256,CS2_37_10_04_10.xlsx,8,2010-09-29 08:19:34,0.9973503618746244,0.9066821471587494,3.456943266699517,0.5292495440898207,0.9132450224254511,0.9349564623224468,3.1475630591174757,3.5799999999999876,5713.0,2243.0,2,4,7,339,0.8787620409713527
CS2_37,257,CS2_37_10_04_10.xlsx,9,2010-09-29 11:33:46,0.994434414276407,0.9040312857058245,3.4600641097349145,0.5281773887704518,0.9089427607939619,0.9290473029585746,3.0423830366294795,3.569999999999988,5721.0,2243.0,2,4,7,338,0.8761928093745859
CS2_37,258,CS2_37_10_04_10.xlsx,10,2010-09-29 14:47:56,0.9952568437281784,0.9047789488437984,3.442681945054699,0.5367410185855074,0.912420124157535,0.9312050008121568,3.0685944955985853,3.5749999999999877,5689.0,2263.0,2,4,7,338,0.8769174491914654
CS2_37,259,CS2_37_10_04_10.xlsx,11,2010-09-29 18:01:56,0.9983717197524484,0.9076106543204076,3.4384101524684954,0.5442321328207923,0.9157536884633272,0.9388401550563625,3.1655042661119746,3.5799999999999876,5681.0,2327.0,2,4,7,338,0.8796619559536781
CS2_37,260,CS2_37_10_04_10.xlsx,12,2010-09-29 21:17:05,1.0025302521413177,0.9113911383102888,3.490722455250271,0.5063292743016967,0.9179832329403732,0.9412773230562831,3.173246238059025,3.5849999999999875,5775.0,2139.0,2,4,7,341,0.883326024819728
CS2_37,261,CS2_37_10_04_10.xlsx,13,2010-09-30 00:30:52,1.0040523008821296,0.9127748189837541,3.506633430067671,0.4997579714020281,0.9175253290554699,0.9428010539413361,3.18793369275583,3.5899999999999874,5804.0,2113.0,2,4,7,343,0.8846670968331974
CS2_37,262,CS2_37_10_04_10.xlsx,14,2010-09-30 03:44:48,0.9928995089013721,0.9026359171830655,3.473115071900178,0.529216821589001,0.904365873696422,0.926438960576288,3.0969060159326873,3.569999999999988,5748.0,2243.0,2,4,7,339,0.8748404094240526
CS2_37,263,CS2_37_10_04_10.xlsx,15,2010-09-30 06:59:20,0.9924645218221819,0.9022404743838017,3.4364829964641976,0.5371636332119715,0.9105763643906873,0.9268505916014577,3.067154592988629,3.5749999999999877,5677.0,2273.0,2,4,7,337,0.8744571437752721
CS2_37,264,CS2_37_10_04_10.xlsx,16,2010-09-30 10:13:09,0.9945929175673758,0.9041753796067051,3.4420594780491576,0.5287810146445397,0.9138719662585438,0.9311231408037784,2.958997507815194,3.5799999999999876,5688.0,2243.0,2,4,7,337,0.8763324660898154
CS2_37,265,CS2_37_10_04_10.xlsx,17,2010-09-30 13:26:47,0.9925414574396179,0.902310415854198,3.4491484656159455,0.5306507575820056,0.909463947444141,0.9272423000049329,3.0232210175262986,3.5749999999999877,5702.0,2241.0,2,4,7,337,0.8745249314883826
CS2_37,266,CS2_37_10_04_10.xlsx,18,2010-09-30 16:40:31,0.992075890569577,0.90188717324507,3.4455488210497762,0.5287088242680259,0.910466941440252,0.9267850682836528,3.0438391262379554,3.5749999999999877,5694.0,2243.0,2,4,7,337,0.8741147220889929
CS2_37,267,CS2_37_10_04_10.xlsx,19,2010-09-30 19:54:07,1.0013107709045599,0.9102825190041453,3.474015883907094,0.5063214620738901,0.9209619548574906,0.9406605709715415,3.1970593982487596,3.5849999999999875,5742.0,2142.0,2,4,7,340,0.8822515440138802
CS2_37,268,CS2_37_10_04_10.xlsx,20,2010-09-30 23:07:21,1.0026723799958077,0.9115203454507342,3.510124102291318,0.49499170399680875,0.9171576314059561,0.940914661714933,3.180182722924653,3.5899999999999874,5810.0,2101.0,2,4,7,343,0.8834512531930909
CS2_37,269,CS2_37_10_04_10.xlsx,21,2010-10-01 02:21:06,0.9931601409378104,0.9028728553980093,3.5116596056903555,0.48882997288682273,0.9060510690636825,0.926669681851513,3.0362576323212913,3.5749999999999877,5813.0,2083.0,2,4,7,341,0.8750700514325566
CS2_37,270,CS2_37_10_04_10.xlsx,22,2010-10-01 05:34:04,0.9899468605802788,0.899951691436617,3.435459643239989,0.5385508816874863,0.907933606530581,0.9243800975702907,3.0670187195873764,3.569999999999988,5676.0,2280.0,2,4,7,337,0.8722388409441078
CS2_37,271,CS2_37_10_04_10.xlsx,23,2010-10-01 08:47:51,0.9889301140439777,0.899027376403616,3.4336446252145416,0.5329396832149405,0.9084283664708855,0.9214518234422254,2.965256131407542,3.569999999999988,5672.0,2253.0,2,4,7,337,0.8713429889992494
CS2_37,272,CS2_37_10_04_10.xlsx,24,2010-10-01 12:01:06,0.9905725031827757,0.9005204574388869,3.4210511520771223,0.5402496317256679,0.9119524884731004,0.9275060777893108,3.0829675855042584,3.5749999999999877,5650.0,2286.0,2,4,7,336,0.8727900925316195
CS2_37,273,CS2_37_10_04_10.xlsx,25,2010-10-01 15:14:37,,,3.4342307699342878,0.4092496837756535,,,,,5674.0,1119.0,2,4,,217,
CS2_37,274,CS2_37_10_05_10.xlsx,1,2010-10-04 14:14:51,0.998961488199723,0.9081468074542935,,0.12736126327453695,,0.9321487242934794,3.036608469232514,3.5799999999999876,,944.0,,4,7,136,0.8801815989439844
CS2_37,275,CS2_37_10_05_10.xlsx,2,2010-10-04 15:31:47,0.9915312357903907,0.9013920325367187,3.4507775859604894,0.536183744752074,0.9059342661662708,0.9216601505274423,2.9822123633054667,3.569999999999988,5703.0,2267.0,2,4,7,337,0.8736348285995245
CS2_37,276,CS2_37_10_05_10.xlsx,3,2010-10-04 18:45:54,1.000852761598133,0.9098661469073936,3.442084185745004,0.5380674977127358,0.9199496922292988,0.9396901939750975,3.1667671079284263,3.5849999999999875,5683.0,2256.0,2,4,7,338,0.8818479935583081
CS2_37,277,CS2_37_10_05_10.xlsx,4,2010-10-04 22:00:01,1.0028189506551177,0.9116535915046524,3.491738162121897,0.5131194019855772,0.9169236880810215,0.9411463908511535,3.171661177930641,3.5899999999999874,5778.0,2159.0,2,4,7,342,0.8835803961068004
CS2_37,278,CS2_37_10_05_10.xlsx,5,2010-10-05 01:14:12,0.9998615962734325,0.9089650875213022,3.500142537577875,0.5093482898399901,0.9126732969750713,0.9331265882530548,2.824128435879863,3.5749999999999877,5793.0,2146.0,2,4,7,341,0.880974681132736
CS2_37,279,CS2_37_10_05_10.xlsx,6,2010-10-05 04:28:15,0.9894285250115171,0.8994804772831974,3.441642679229753,0.5481714990456957,0.9027306954231783,0.9218307196172982,3.0518797530433166,3.5749999999999877,5688.0,2326.0,2,4,7,337,0.8717821372222011
CS2_37,280,CS2_37_10_05_10.xlsx,7,2010-10-05 07:42:59,0.9894066143980904,0.8994605585437185,3.4073568800868026,0.5573935127757471,0.9085930066083516,0.9237047874990093,3.041287787344658,3.564999999999988,5625.0,2348.0,2,4,7,335,0.8717628318545894
CS2_37,281,CS2_37_10_05_10.xlsx,8,2010-10-05 10:57:02,0.9872309555836614,0.8974826868942375,3.406933452067684,0.5569833147070042,0.9064136383187514,0.9206416978080464,3.1565756579068913,3.559999999999988,5626.0,2357.0,2,4,7,335,0.869845866209105
CS2_37,282,CS2_37_10_05_10.xlsx,9,2010-10-05 14:11:08,0.8343558002911564,0.7585052729919604,3.39769454843462,,,,,,5609.0,,2,,7,292,0.7351480823469261
CS2_37,283,CS2_37_10_14_10.xlsx,1,2010-10-06 09:37:04,0.992264831644096,0.902058937858269,3.3266818036029187,0.561941445747854,0.9291093210279386,0.9225111728516154,3.0447634679709883,3.564999999999988,5473.0,2404.0,2,4,7,330,0.874281197432678
CS2_37,284,CS2_37_10_14_10.xlsx,2,2010-10-06 12:49:40,0.9910876037782108,0.9009887307074643,3.4238224001077806,0.5607720111581214,0.9054419108024152,0.9238345836129057,3.01610562406339,3.569999999999988,5655.0,2391.0,2,4,7,336,0.8732439459294359
CS2_37,285,CS2_37_10_14_10.xlsx,3,2010-10-06 16:05:01,0.8639500502734871,0.785409136612261,3.4196945801513516,,,,,,5647.0,,2,,7,301,0.7612234762201562
CS2_37,286,CS2_37_10_14_10.xlsx,4,2010-10-06 18:33:28,0.99882827002717,0.9080257000247,3.4406820417380373,0.5620188164834604,0.9120171602360277,0.9384488856823047,3.181470441542712,3.5799999999999876,5682.0,2366.0,2,4,7,338,0.8800642208613344
CS2_37,287,CS2_37_10_14_10.xlsx,5,2010-10-06 21:49:17,1.0014286826329282,0.9103897114844801,3.4855962035688095,0.5194379424823022,0.9148358420857812,0.9404545954976873,3.1963310201182717,3.5849999999999875,5766.0,2201.0,2,4,7,341,0.8823554356401695
CS2_37,288,CS2_37_10_14_10.xlsx,6,2010-10-07 01:03:54,0.9998965678248473,0.9089968798407702,3.4974277381284145,0.5112525170080254,0.9126965348585987,0.9356158268769821,3.154582567113196,3.5899999999999874,5788.0,2168.0,2,4,7,341,0.8810054944487701
CS2_37,289,CS2_37_10_14_10.xlsx,7,2010-10-07 04:18:15,0.9878434841450492,0.8980395310409537,3.4452589683855694,0.5479691637458197,0.8999822195895274,0.9197332274658019,2.9832546824860664,3.564999999999988,5695.0,2329.0,2,4,7,337,0.8703855630592137
CS2_37,290,CS2_37_10_14_10.xlsx,8,2010-10-07 07:33:04,0.9880440299898652,0.8982218454453319,3.4015603265789993,0.5606432350900591,0.908040976313772,0.9224298572350124,3.047824614587445,3.564999999999988,5615.0,2379.0,2,4,7,335,0.8705622633268785
CS2_37,291,CS2_37_10_14_10.xlsx,9,2010-10-07 10:47:25,0.9860240132467295,0.8963854665879358,3.402521532194952,0.5592071397282175,0.9057574368127065,0.9183276406448715,2.9400189716977847,3.564999999999988,5620.0,2382.0,2,4,7,334,0.8687824333856151
CS2_37,292,CS2_37_10_14_10.xlsx,10,2010-10-07 14:01:46,0.9851212639744471,0.8955647854313155,3.402991667491848,0.5532499807799881,0.9060385736433819,0.9180719984990554,2.9939444877541828,3.564999999999988,5618.0,2339.0,2,4,7,334,0.8679870240457066
CS2_37,293,CS2_37_10_14_10.xlsx,11,2010-10-07 17:15:19,0.9856159775461304,0.8960145250419367,3.3827149820690945,0.5666473515097722,0.9075903933605847,0.9249667824811555,3.391608890873793,3.569999999999988,5584.0,2409.0,2,4,7,333,0.8684229145056364
CS2_37,294,CS2_37_10_14_10.xlsx,12,2010-10-07 20:29:29,0.9926580214637095,0.9024163831488268,3.425346585928466,0.5350888757462233,0.9155557371676522,0.932277144852457,3.1418949102537956,3.5799999999999876,5659.0,2264.0,2,4,7,336,0.874627635656978
CS2_37,295,CS2_37_10_14_10.xlsx,13,2010-10-07 23:42:54,0.9938022673448241,0.9034566066771128,3.4510126594606736,0.5269720554469076,0.9129073302485732,0.9335263222035236,3.1608539057560345,3.5799999999999876,5706.0,2227.0,2,4,7,338,0.8756358268446478
CS2_37,296,CS2_37_10_14_10.xlsx,14,2010-10-08 02:56:32,0.8596253244365535,0.781477567669594,3.424465279186722,,,,,,5665.0,,2,,7,301,0.7574129748673897
CS2_37,297,CS2_37_10_14_10.xlsx,15,2010-10-08 05:25:02,0.9787547241455936,0.8897770219505395,3.3862593139855046,0.5782898953477557,0.8969669897617742,0.9100380369249021,2.9603226147111603,3.559999999999988,5590.0,2465.0,2,4,7,333,0.8623774872692693
CS2_37,298,CS2_37_10_14_10.xlsx,16,2010-10-08 08:39:52,0.9794270335351936,0.8903882123047213,3.3686439275595714,0.5608533928547276,0.9063423439459389,0.9122537522215065,2.9736322325669886,3.559999999999988,5558.0,2355.0,2,4,7,332,0.862969856805546
CS2_37,299,CS2_37_10_14_10.xlsx,17,2010-10-08 11:52:22,0.9800174995427824,0.8909249995843476,3.3699972158641724,0.5637500584550728,0.9061774193161651,0.9142593244410435,3.0304195699326497,3.564999999999988,5561.0,2387.0,2,4,7,332,0.863490114413893
CS2_37,300,CS2_37_10_14_10.xlsx,18,2010-10-08 15:05:29,0.9780402191851607,0.8891274719865097,3.3727022870143246,0.5586316442426429,0.904490776210762,0.9102429039398019,2.9617389457657426,3.559999999999988,5566.0,2361.0,2,4,7,332,0.8617479393578071
CS2_37,301,CS2_37_10_14_10.xlsx,19,2010-10-08 18:18:08,0.9844995906654006,0.8949996278776369,3.3568308282080035,0.5735638956480542,0.9132459052107578,0.9233487939179426,3.1038616907548606,3.569999999999988,5538.0,2428.0,2,4,7,331,0.8674392697892702
CS2_37,302,CS2_37_10_14_10.xlsx,20,2010-10-08 21:31:48,0.9874884506013366,0.8977167732739423,3.4166746929342047,0.5338937260693633,0.9126739485304368,0.9259509396173334,3.1069707535462894,3.5749999999999877,5645.0,2261.0,2,4,7,336,0.8700727442009543
CS2_37,303,CS2_37_10_14_10.xlsx,21,2010-10-09 00:44:37,0.9884224115332536,0.8985658286665941,3.429158628744697,0.5270656938648903,0.9126991566836996,0.9273620154943525,3.107480753590441,3.5799999999999876,5668.0,2231.0,2,4,7,336,0.8708956540289271
CS2_37,304,CS2_37_10_14_10.xlsx,22,2010-10-09 03:57:24,0.9887743227237351,0.8988857479306682,3.436322185171093,0.5225716366866366,0.9125252898684854,0.9274986413460308,3.118237193761242,3.5799999999999876,5681.0,2212.0,2,4,7,337,0.8712057217922825
CS2_37,305,CS2_37_10_14_10.xlsx,23,2010-10-09 07:10:05,0.9892460382292612,0.8993145802084191,3.4414290458455583,0.5186982900080851,0.9127860206577767,0.9279037955198262,3.1250865782906256,3.5799999999999876,5690.0,2196.0,2,4,7,337,0.8716213487336663
CS2_37,306,CS2_37_10_14_10.xlsx,24,2010-10-09 10:22:41,0.9900737925045604,0.9000670840950549,3.444754561427849,0.5169395546059643,0.9136845974033426,0.9288733531706194,3.1397618211439386,3.5799999999999876,5696.0,2190.0,2,4,7,337,0.8723506802346019
CS2_37,307,CS2_37_10_14_10.xlsx,25,2010-10-09 13:35:19,0.9902576934332572,0.9002342667575065,3.4500978093519876,0.513607411241508,0.913619452043517,0.9291854118150872,3.1401584193590963,3.5849999999999875,5706.0,2172.0,2,4,7,338,0.8725127147227976
CS2_37,308,CS2_37_10_14_10.xlsx,26,2010-10-09 16:47:50,0.9908187579478493,0.9007443254071357,3.4546099488848863,0.5102081155479595,0.9142621010526458,0.9293032239134364,3.144965857379212,3.5849999999999875,5714.0,2157.0,2,4,7,338,0.8730070667748016
CS2_37,309,CS2_37_10_14_10.xlsx,27,2010-10-09 20:00:15,0.9909468626523115,0.900860784229374,3.457295011317125,0.5078559908958677,0.9143500684647478,0.929079441110382,3.141703879905278,3.5849999999999875,5719.0,2152.0,2,4,7,338,0.8731199393979583
CS2_37,310,CS2_37_10_14_10.xlsx,28,2010-10-09 23:12:42,0.9911041032188486,0.9010037301989532,3.4600079745639207,0.5059442300627703,0.9144994179534287,0.9292962454513906,3.143275026496351,3.5849999999999875,5724.0,2141.0,2,4,7,338,0.8732584835309488
CS2_37,311,CS2_37_10_14_10.xlsx,29,2010-10-10 02:25:02,0.9906853697605911,0.9006230634187191,3.4585480321190407,0.507066518164911,0.9140142883196622,0.9288809951172313,3.1422379736101074,3.5849999999999875,5722.0,2143.0,2,4,7,338,0.872889538892768
CS2_37,312,CS2_37_10_14_10.xlsx,30,2010-10-10 05:37:21,0.9905012442682875,0.900455676607534,3.458256726069063,0.5068818595196487,0.9137938065016427,0.9284938131268835,3.13359580561825,3.5849999999999875,5721.0,2144.0,2,4,7,338,0.8727273065423354
CS2_37,313,CS2_37_10_14_10.xlsx,31,2010-10-10 08:49:40,0.9916654430164833,0.9015140391058938,3.4639535895403677,0.5009169374052627,0.9155283297819945,0.9290818260616593,3.125691041601031,3.5849999999999875,5731.0,2121.0,2,4,7,338,0.8737530781339133
CS2_37,314,CS2_37_10_14_10.xlsx,32,2010-10-10 12:01:50,0.9908906080914797,0.9008096437195269,3.4623482096594005,0.5034300666978767,0.9145259113933448,0.9285986846103369,3.1400065709122464,3.5849999999999875,5729.0,2131.0,2,4,7,338,0.8730703736940891
CS2_37,315,CS2_37_10_14_10.xlsx,33,2010-10-10 15:14:06,0.9913662689127989,0.9012420626479989,3.4643493407235098,0.5012098975569323,0.915295533815096,0.9291259955437546,3.162023175325036,3.5849999999999875,5732.0,2120.0,2,4,7,338,0.8734894768399154
CS2_37,316,CS2_37_10_14_10.xlsx,34,2010-10-10 18:26:14,0.9916617178674088,0.9015106526067351,3.4668661291492513,0.49923167931519025,0.9156479679731653,0.9293042532559371,3.1572120056572848,3.5849999999999875,5737.0,2114.0,2,4,7,339,0.8737497959176243
CS2_37,317,CS2_37_10_14_10.xlsx,35,2010-10-10 21:38:23,0.9920540847621169,0.9018673497837425,3.4723601369919384,0.49526353936045936,0.9157769235961789,0.9293806570512809,3.1551874246928517,3.5849999999999875,5747.0,2095.0,2,4,7,339,0.8740955090655648
CS2_37,318,CS2_37_10_14_10.xlsx,36,2010-10-11 00:50:23,0.8785919876092336,0.7987199887356669,3.472717643952677,,,,,,5748.0,,2,,7,306,0.7741244378368449
CS2_37,319,CS2_37_10_14_10.xlsx,37,2010-10-11 03:21:18,0.9773828448463604,0.8885298589512367,3.433324223938276,0.5361556829070389,0.8969412158098733,0.9088263050875707,2.928912536045754,3.564999999999988,5683.0,2285.0,2,4,7,336,0.8611687290444319
CS2_37,320,CS2_37_10_14_10.xlsx,38,2010-10-11 06:34:37,0.9749034259327374,0.8862758417570339,3.365430643642299,0.5532028754019004,0.9050281674901955,0.9069491082715064,2.951715987968003,3.564999999999988,5555.0,2347.0,2,4,7,331,0.8589841213997693
CS2_37,321,CS2_37_10_14_10.xlsx,39,2010-10-11 09:46:41,0.9773308669437881,0.8884826063125346,3.3702640138747655,0.5413202768340388,0.9105422341513265,0.9135545385306023,3.042547870856092,3.569999999999988,5564.0,2285.0,2,4,7,332,0.8611229314897351
CS2_37,322,CS2_37_10_14_10.xlsx,40,2010-10-11 12:58:00,0.9736679474084937,0.885152679462267,3.364694334940021,0.5547556234256364,0.903881986531463,0.9057066119384735,2.965346231890494,3.564999999999988,5556.0,2358.0,2,4,7,331,0.8578955454378576
CS2_37,323,CS2_37_10_14_10.xlsx,41,2010-10-11 16:10:12,0.9710539849626016,0.8827763499660014,3.3458511674648475,0.5575999720564839,0.9045670097357936,0.9025400050859836,2.94391378725853,3.564999999999988,5522.0,2370.0,2,4,7,329,0.855592391940568
CS2_37,324,CS2_37_10_14_10.xlsx,42,2010-10-11 19:21:54,0.9815474566367897,0.8923158696698087,3.372429702760718,0.5341178900391895,0.917452376277012,0.9198788800405954,3.1016345126161355,3.5799999999999876,5564.0,2257.0,2,4,7,332,0.8648381544506976
CS2_37,325,CS2_37_10_14_10.xlsx,43,2010-10-11 22:32:59,0.9838814261142375,0.8944376601038522,3.4174426682603,0.5172617377906287,0.9140270830417464,0.9218955141371702,3.103250524790135,3.5799999999999876,5649.0,2189.0,2,4,7,335,0.8668946070875742
CS2_37,326,CS2_37_10_14_10.xlsx,44,2010-10-12 01:44:29,0.9777726737371708,0.8888842488519734,3.4261782496472866,0.5141060559065994,0.9048927193151007,0.9083029042713171,2.9497274081394873,3.569999999999988,5665.0,2178.0,2,4,7,335,0.8615122059656958
CS2_37,327,CS2_37_10_14_10.xlsx,45,2010-10-12 04:55:44,0.9693970162329606,0.8812700147572369,3.3492625939488025,0.5595720001959398,0.9013970791819511,0.9005628617357677,2.9538658651785585,3.559999999999988,5529.0,2380.0,2,4,7,330,0.8541324423798657
CS2_37,328,CS2_37_10_14_10.xlsx,46,2010-10-12 08:07:37,0.9701750800588371,0.8819773455080336,3.3317954312036635,0.5605675256361194,0.906557970605341,0.9029290221679472,2.987430741052052,3.564999999999988,5496.0,2370.0,2,4,7,329,0.8548179917933618
CS2_37,329,CS2_37_10_14_10.xlsx,47,2010-10-12 11:18:49,0.9709294590917779,0.8826631446288888,3.3372686816998542,0.5539411907295442,0.9077262434447195,0.9059109500812149,3.0104623429737387,3.564999999999988,5507.0,2353.0,2,4,7,329,0.8554826726156628
CS2_37,330,CS2_37_10_14_10.xlsx,48,2010-10-12 14:30:00,0.9692738438180513,0.881158039834592,3.3400426394475144,0.5564976031567864,0.9047066924354518,0.9015011749670534,2.9075860191644054,3.559999999999988,5512.0,2361.0,2,4,7,329,0.8540239155804031
CS2_37,331,CS2_37_10_14_10.xlsx,49,2010-10-12 17:41:17,0.9716874333700218,0.8833522121545653,3.316346308824666,0.57178665028426,0.9098046327680316,0.9103760349158878,3.0738732668625914,3.569999999999988,5471.0,2430.0,2,4,7,328,0.8561505211964779
CS2_37,332,CS2_37_10_14_10.xlsx,50,2010-10-12 20:53:10,0.9773548085615857,0.8885043714196234,3.3711105250122593,0.5344245661499217,0.913396871549766,0.9149620560486006,3.0714050530529655,3.5749999999999877,5567.0,2267.0,2,4,7,332,0.86114402636845
CS2_37,333,CS2_37_10_21_10.xlsx,1,2010-10-14 11:21:51,0.982345696041349,0.8930415418557718,3.342080422232327,0.5794587137077013,0.9109301084688298,0.9094813517493827,2.9540774030284287,3.559999999999988,5498.0,2506.0,2,4,7,330,0.8655414804985428
CS2_37,334,CS2_37_10_21_10.xlsx,2,2010-10-14 14:36:02,0.9804321548153141,0.8913019589230128,3.3793535796125003,0.5706990667443882,0.9023186407032474,0.9096851401115139,2.978371146250655,3.559999999999988,5577.0,2444.0,2,4,7,332,0.8638554657763817
CS2_37,335,CS2_37_10_21_10.xlsx,3,2010-10-14 17:50:23,0.9849959647248927,0.8954508770226297,3.360973070188477,0.5764780067946574,0.9116373242339929,0.9228967973319006,3.107071440824904,3.569999999999988,5545.0,2481.0,2,4,7,331,0.8678766232994095
CS2_37,336,CS2_37_10_21_10.xlsx,4,2010-10-14 21:05:04,0.9883356632795901,0.8984869666178091,3.412975386856335,0.5440577659506174,0.9114308792433388,0.9246627397255802,3.110519804808842,3.5749999999999877,5638.0,2316.0,2,4,7,335,0.8708192204351228
CS2_37,337,CS2_37_10_21_10.xlsx,5,2010-10-15 00:18:44,0.9890872009598666,0.8991701826907877,3.423256513124831,0.5384120813948075,0.9113095950978539,0.9259090915151497,3.119677892006778,3.5749999999999877,5657.0,2289.0,2,4,7,336,0.8714813977511718
CS2_37,338,CS2_37_10_21_10.xlsx,6,2010-10-15 03:32:18,0.9774416626421862,0.8885833296747147,3.383791052131612,0.5688466908647344,0.8985848626106244,0.9076155797960715,2.955398763240654,3.554999999999988,5592.0,2427.0,2,4,7,332,0.8612205532060115
CS2_37,339,CS2_37_10_21_10.xlsx,7,2010-10-15 06:46:28,0.9762549105366842,0.8875044641242583,3.339418037792079,0.5842129646747785,0.9039605141502486,0.9089122990724927,3.026205537324509,3.559999999999988,5507.0,2490.0,2,4,7,329,0.8601749099273569
CS2_37,340,CS2_37_10_21_10.xlsx,8,2010-10-15 10:00:11,0.9753553798906873,0.8866867089915339,3.3439886614407652,0.5764167810956139,0.9038884639925587,0.9069865431840051,2.9818619120559355,3.559999999999988,5517.0,2451.0,2,4,7,329,0.8593823365082159
CS2_37,341,CS2_37_10_21_10.xlsx,9,2010-10-15 13:13:22,0.9742650651754285,0.8856955137958441,3.3363193779467197,0.5789770113708995,0.9041385711713904,0.906304097958039,2.9883236897092016,3.559999999999988,5503.0,2461.0,2,4,7,329,0.8584216638889359
CS2_37,342,CS2_37_10_21_10.xlsx,10,2010-10-15 16:26:27,0.9712911538481688,0.8829919580437897,3.321094816248721,0.5890644822308077,0.9013285807730064,0.9026676900666042,2.972064387356296,3.554999999999988,5478.0,2518.0,2,4,7,328,0.8558013606459527
CS2_37,343,CS2_37_10_21_10.xlsx,11,2010-10-15 19:39:54,0.9799023743811439,0.8908203403464944,3.348435713012402,0.5614248125007508,0.9129457698444043,0.9169155734105657,3.091368693277884,3.569999999999988,5522.0,2376.0,2,4,7,330,0.8633886780221536
CS2_37,344,CS2_37_10_21_10.xlsx,12,2010-10-15 22:52:11,0.8565606468086511,0.7786914970987736,3.3841941913456126,,,,,,5589.0,,2,,7,298,0.7547126977429569
CS2_37,345,CS2_37_10_21_10.xlsx,13,2010-10-16 01:19:15,0.9817921850298905,0.8925383500271731,3.403275323707769,0.5501306885870387,0.9058016279534137,0.9192527872925047,3.092155679818042,3.569999999999988,5622.0,2345.0,2,4,7,334,0.8650537838126809
CS2_37,346,CS2_37_10_21_10.xlsx,14,2010-10-16 04:32:47,0.9821609628678658,0.8928736026071507,3.3967855982949757,0.5415428499484061,0.9097388801807943,0.9194688174136922,3.0921999832267058,3.5749999999999877,5612.0,2301.0,2,4,7,333,0.865378712722272
CS2_37,347,CS2_37_10_21_10.xlsx,15,2010-10-16 07:45:27,0.982455660457811,0.8931415095071008,3.3994035190229503,0.5377252914674729,0.910553058941396,0.9196392639283101,3.102477098149525,3.5749999999999877,5617.0,2282.0,2,4,7,334,0.8656383697751082
CS2_37,348,CS2_37_10_21_10.xlsx,16,2010-10-16 10:57:55,0.9830401444301788,0.8936728585728898,3.4043813558110427,0.5341224780890986,0.9114409596636144,0.9202832330158869,3.109201726632193,3.5749999999999877,5626.0,2266.0,2,4,7,334,0.8661533566323925
CS2_37,349,CS2_37_10_21_10.xlsx,17,2010-10-16 14:10:16,0.9831623042527937,0.8937839129570851,3.4082358517040716,0.5308120420349803,0.9111909268541794,0.9205532352540944,3.1115386766994875,3.5799999999999876,5633.0,2253.0,2,4,7,334,0.8662609912401986
CS2_37,350,CS2_37_10_21_10.xlsx,18,2010-10-16 17:22:33,0.9831744984528434,0.893794998593494,3.411415211505901,0.5278258932779298,0.9115606741922558,0.9205400155206199,3.103337062773725,3.5799999999999876,5639.0,2240.0,2,4,7,334,0.8662717355087459
CS2_37,351,CS2_37_10_21_10.xlsx,19,2010-10-16 20:34:41,0.9831868338863252,0.8938062126239319,3.411424000272676,0.5282913234866771,0.9113200210200337,0.9205398338819891,3.1155778843815596,3.5749999999999877,5639.0,2240.0,2,4,7,334,0.866282604217594
CS2_37,352,CS2_37_10_21_10.xlsx,20,2010-10-16 23:46:50,0.9829344007980936,0.8935767279982668,3.4125101031540233,0.5258421189723476,0.9116655861276909,0.9202160895559274,3.112397708399028,3.5749999999999877,5641.0,2234.0,2,4,7,334,0.8660601862747096
CS2_37,353,CS2_37_10_21_10.xlsx,21,2010-10-17 02:58:55,0.9826944932057025,0.8933586301870021,3.4112524271904086,0.5269389996325751,0.9114678606207001,0.9197960188870555,3.104286108048115,3.5799999999999876,5639.0,2233.0,2,4,7,334,0.8658488045039767
CS2_37,354,CS2_37_10_21_10.xlsx,22,2010-10-17 06:10:55,0.9825086352822225,0.8931896684383841,3.411917486414982,0.5254113377189742,0.9113656628525347,0.919643255534105,3.103879418108712,3.5799999999999876,5640.0,2228.0,2,4,7,334,0.8656850457142763
CS2_37,355,CS2_37_10_21_10.xlsx,23,2010-10-17 09:22:50,0.9823616787543159,0.8930560715948326,3.410609070029426,0.5254382264966038,0.9117563264401277,0.9196341172970776,3.1123766510343316,3.5799999999999876,5638.0,2227.0,2,4,7,334,0.8655555628130472
CS2_37,356,CS2_37_10_21_10.xlsx,24,2010-10-17 12:34:43,0.9823052896444793,0.8930048087677084,3.4114663425259932,0.5230193084550755,0.9121806618148544,0.9194472401624187,3.1091940155275495,3.5799999999999876,5640.0,2221.0,2,4,7,334,0.8655058785585036
CS2_37,357,CS2_37_10_21_10.xlsx,25,2010-10-17 15:46:31,0.9823511443766968,0.8930464948879061,3.4137676335581406,0.5205348304607951,0.9123626788533651,0.9196017724824042,3.1155123197494583,3.5799999999999876,5644.0,2206.0,2,4,7,335,0.865546281008447
CS2_37,358,CS2_37_10_21_10.xlsx,26,2010-10-17 18:58:08,0.9824763169279436,0.8931602881163123,3.4148505301894168,0.5211276608147386,0.9123555805745771,0.9196346228987787,3.1101539650844052,3.5799999999999876,5646.0,2211.0,2,4,7,335,0.8656565701212924
CS2_37,359,CS2_37_10_21_10.xlsx,27,2010-10-17 22:09:52,0.9821545317861897,0.8928677561692633,3.415869668730638,0.5194244285491483,0.9119034979765582,0.9194106345020427,3.10570626809844,3.5799999999999876,5648.0,2205.0,2,4,7,335,0.8653730463178916
CS2_37,360,CS2_37_10_21_10.xlsx,28,2010-10-18 01:21:31,0.9779918235947243,0.8890834759952038,3.4145162513223464,0.5191227385052016,0.9077823119365953,0.9099134630585328,2.876808602276565,3.569999999999988,5646.0,2204.0,2,4,7,335,0.8617052981662544
CS2_37,361,CS2_37_10_21_10.xlsx,29,2010-10-18 04:32:54,0.965796547299739,0.8779968611815808,3.3446147525105885,0.5630637482467823,0.8978314712833584,0.8956840755263111,2.9064381639476733,3.554999999999988,5522.0,2398.0,2,4,7,328,0.850960081342903
CS2_37,362,CS2_37_10_21_10.xlsx,30,2010-10-18 07:44:47,0.9650851314395261,0.8773501194904783,3.3041665872220696,0.5742934883254746,0.9036991893364951,0.8961093088960796,2.956585233660377,3.559999999999988,5449.0,2444.0,2,4,7,326,0.8503332552272289
CS2_37,363,CS2_37_10_21_10.xlsx,31,2010-10-18 10:56:12,0.9641723362314067,0.8765203056649151,3.2988014897038243,0.5777445521230881,0.9031714080751008,0.8953891125483152,2.959636952904362,3.554999999999988,5440.0,2456.0,2,4,7,326,0.8495289944471274
CS2_37,364,CS2_37_10_21_10.xlsx,32,2010-10-18 14:07:36,0.9622200753394488,0.8747455230358624,3.2920272629072502,0.5791165342277473,0.9020040480089845,0.8916479203330264,2.946532122337649,3.554999999999988,5429.0,2467.0,2,4,7,325,0.8478088639578768
CS2_37,365,CS2_37_10_21_10.xlsx,33,2010-10-18 17:18:54,0.9637700174742712,0.8761545613402464,3.2723401025232057,0.5925843070401311,0.9054011634875887,0.8994208765526989,3.148295836151183,3.559999999999988,5394.0,2528.0,2,4,7,324,0.8491745127467577
CS2_37,366,CS2_37_10_21_10.xlsx,34,2010-10-18 20:30:42,0.845466583689479,0.7686059851722536,3.3291822014652177,,,,,,5494.0,,2,,7,295,0.7449377561357324
CS2_37,367,CS2_37_10_21_10.xlsx,35,2010-10-18 22:55:35,0.9727008372725265,0.8842734884295695,3.3662810580507934,0.5494567976791176,0.9058134967654364,0.9089973410152914,3.049799691910802,3.5749999999999877,5559.0,2342.0,2,4,7,331,0.857043427957969
CS2_37,368,CS2_37_10_21_10.xlsx,36,2010-10-19 02:07:31,0.9656187461870758,0.8778352238064324,3.364977160680525,0.5321140268133814,0.9010978895050209,0.8957420474784116,2.942869988846027,3.559999999999988,5558.0,2242.0,2,4,7,330,0.8508034213820471
CS2_37,369,CS2_37_10_21_10.xlsx,37,2010-10-19 05:17:22,0.959140893480189,0.8719462668001718,3.286273254143874,0.5830274445768804,0.8990077609407576,0.8883903109235912,2.9121098204436935,3.554999999999988,5420.0,2491.0,2,4,7,324,0.8450958072041007
CS2_37,370,CS2_37_10_21_10.xlsx,38,2010-10-19 08:28:46,0.9596320445089148,0.872392767735377,3.271895029408673,0.583632855099366,0.903620017097027,0.8899098718346583,2.9614464790217307,3.554999999999988,5393.0,2488.0,2,4,7,324,0.8455285587194428
CS2_37,371,CS2_37_10_21_10.xlsx,39,2010-10-19 11:39:39,0.9574591310460647,0.8704173918600587,3.26675231241131,0.5880805328917649,0.9008672726828996,0.8865615996126276,2.893984965883529,3.554999999999988,5385.0,2511.0,2,4,7,323,0.8436140119939779
CS2_37,372,CS2_37_10_21_10.xlsx,40,2010-10-19 14:50:40,0.9583842407881917,0.8712584007165378,3.2637258143964676,0.5858393670073777,0.9034298531719328,0.8889411357215692,2.911831034092678,3.554999999999988,5379.0,2501.0,2,4,7,323,0.8444291230684713
CS2_37,373,CS2_37_10_21_10.xlsx,41,2010-10-19 18:01:28,0.9631743585964756,0.8756130532695232,3.2587917522664913,0.5949258862755019,0.9089468916758549,0.8997161893182382,3.0425808616274956,3.564999999999988,5372.0,2561.0,2,4,7,323,0.8486496797179809
CS2_37,374,CS2_37_10_21_10.xlsx,42,2010-10-19 21:13:25,0.9662576108563883,0.8784160098694438,3.3196868179251195,0.5536423171386001,0.9085699072361251,0.9008083919352374,2.9874669368485898,3.564999999999988,5478.0,2355.0,2,4,7,327,0.8513663228880478
CS2_37,375,CS2_37_10_21_10.xlsx,43,2010-10-20 00:23:53,0.968254096041882,0.8802309964017108,3.330664760779657,0.5471680693005732,0.909783757857089,0.9041269433716506,3.0217352521139196,3.569999999999988,5498.0,2327.0,2,4,7,329,0.8531254192532166
CS2_37,376,CS2_37_10_21_10.xlsx,44,2010-10-20 03:34:19,0.9565256894950167,0.8695688086318333,3.298805483344424,0.5747813590749385,0.8957994608355243,0.8844370428767643,2.871202030224335,3.554999999999988,5447.0,2462.0,2,4,7,325,0.8427915597907375
CS2_37,377,CS2_37_10_21_10.xlsx,45,2010-10-20 06:45:31,0.954914347436322,0.868103952214838,3.2437988164626463,0.5995444280928836,0.9010378330812774,0.8838561652044703,2.903853996610368,3.554999999999988,5345.0,2560.0,2,4,7,322,0.8413718117359615
CS2_37,378,CS2_37_10_21_10.xlsx,46,2010-10-20 09:56:32,0.9535700152388671,0.8668818320353336,3.252639353267837,0.5873517482334051,0.9004952333406283,0.8809401915561501,2.831413929822795,3.554999999999988,5360.0,2509.0,2,4,7,322,0.8401873251696174
CS2_37,379,CS2_37_10_21_10.xlsx,47,2010-10-20 13:06:53,0.9527082943152223,0.8660984493774747,3.2359834858164476,0.5978556184904752,0.9008835743305362,0.8807562551963218,2.871728278150826,3.5499999999999883,5331.0,2557.0,2,4,7,321,0.8394280657693536
CS2_37,380,CS2_37_10_21_10.xlsx,48,2010-10-20 16:17:30,0.9524531633301763,0.865866512118342,3.2397567176109665,0.5912194408238552,0.9012268478670249,0.8814151155284049,2.887117165818271,3.554999999999988,5338.0,2526.0,2,4,7,321,0.8392032707186828
CS2_37,381,CS2_37_10_21_10.xlsx,49,2010-10-20 19:27:43,0.9616356890893982,0.8742142628085438,3.2651690619344733,0.5726367342714582,0.9117233414524519,0.8968387031570297,3.0044390756039125,3.564999999999988,5379.0,2443.0,2,4,7,324,0.847293963203397
CS2_37,382,CS2_37_10_21_10.xlsx,50,2010-10-20 22:37:45,0.9635132458429894,0.8759211325845357,3.305531536634471,0.5566092013967014,0.9083962440929602,0.898553080905073,3.0161028523650413,3.569999999999988,5455.0,2379.0,2,4,7,326,0.8489482721282207
CS2_37,383,CS2_37_10_28_10.xlsx,1,2010-10-21 10:03:20,0.9611558132215511,0.8737780120195918,3.257618819673714,0.6100118575228884,0.9012085778513463,0.888122038589859,2.9307089202500207,3.554999999999988,5355.0,2642.0,2,4,7,323,0.8468711461942873
CS2_37,384,CS2_37_10_28_10.xlsx,2,2010-10-21 13:16:16,0.960022219005549,0.8727474718232262,3.2706212942204305,0.5975172570030608,0.8999963065075107,0.8889178531519559,2.943988570069485,3.554999999999988,5390.0,2559.0,2,4,7,324,0.8458723401528326
CS2_37,385,CS2_37_10_28_10.xlsx,3,2010-10-21 16:28:19,0.9563124791140529,0.8693749810127753,3.2565746550725,0.6002791807183391,0.8981203593038325,0.8832966055578746,2.8938838001419116,3.5499999999999883,5367.0,2572.0,2,4,7,322,0.8426037008429753
CS2_37,386,CS2_37_10_28_10.xlsx,4,2010-10-21 19:39:59,0.9654765634070137,0.8777059667336488,3.273788349888495,0.5798962807404096,0.9112009282757728,0.9003551633177456,3.0268871269557995,3.564999999999988,5393.0,2463.0,2,4,7,324,0.8506781446139478
CS2_37,387,CS2_37_10_28_10.xlsx,5,2010-10-21 22:50:48,0.967263971525381,0.8793308832048917,3.3142628165269,0.5631740330715976,0.9084250164172185,0.902454697512019,3.02781776674109,3.564999999999988,5469.0,2399.0,2,4,7,327,0.8522530238802398
CS2_37,388,CS2_37_10_28_10.xlsx,6,2010-10-22 02:01:54,0.9598980467416656,0.8726345879469686,3.3249509401547246,0.5529565935752327,0.8987503838949328,0.8878614917505283,2.901124720106569,3.554999999999988,5488.0,2327.0,2,4,7,327,0.8457629323898104
CS2_37,389,CS2_37_10_28_10.xlsx,7,2010-10-22 05:11:42,0.9534177950121183,0.8667434500110166,3.2453977604960307,0.6022198663443161,0.8976334011576064,0.8813740026277472,2.9068597721541645,3.554999999999988,5349.0,2577.0,2,4,7,322,0.8400532044410868
CS2_37,390,CS2_37_10_28_10.xlsx,8,2010-10-22 08:23:00,0.9541658576485759,0.8674235069532508,3.2380323774664115,0.5980428976789105,0.9016631655442088,0.8826984170942941,2.8881449208704453,3.554999999999988,5334.0,2556.0,2,4,7,321,0.8407123199077442
CS2_37,391,CS2_37_10_28_10.xlsx,9,2010-10-22 11:33:44,0.953159042935189,0.8665082208501718,3.2339103039375074,0.6015550148849156,0.900785982642751,0.8818748262030786,2.891039305174354,3.554999999999988,5328.0,2568.0,2,4,7,321,0.8398252188585674
CS2_37,392,CS2_37_10_28_10.xlsx,10,2010-10-22 14:44:32,0.9513509110318434,0.864864464574403,3.229235691840723,0.6030092374923739,0.8993540656050505,0.8790182834957043,2.8660185790643946,3.5499999999999883,5320.0,2578.0,2,4,7,321,0.8382320799352077
CS2_37,393,CS2_37_10_28_10.xlsx,11,2010-10-22 17:55:15,0.9560047674628116,0.8690952431480105,3.217606301987141,0.6092519458882169,0.9068151019733026,0.891015349928162,2.997591724063861,3.559999999999988,5299.0,2628.0,2,4,7,320,0.842332577144612
CS2_37,394,CS2_37_10_28_10.xlsx,12,2010-10-22 21:06:44,0.960387924813455,0.8730799316485954,3.275858169941566,0.5737437817923937,0.9074036073229875,0.8950864670222627,3.003105661147873,3.564999999999988,5402.0,2453.0,2,4,7,324,0.846194562307088
CS2_37,395,CS2_37_10_28_10.xlsx,13,2010-10-23 00:17:13,0.961002979192564,0.87363907199324,3.2919360137402904,0.5661256154301666,0.9062352905169986,0.8954680613554529,3.0083743274112535,3.564999999999988,5431.0,2421.0,2,4,7,325,0.8467364846466743
CS2_37,396,CS2_37_10_28_10.xlsx,14,2010-10-23 03:27:42,0.9615535863435536,0.874139623948685,3.2963055132753056,0.5623165897377591,0.9069392228028905,0.8960913230042882,3.007112602112991,3.569999999999988,5439.0,2407.0,2,4,7,326,0.8472216227508682
CS2_37,397,CS2_37_10_28_10.xlsx,15,2010-10-23 06:38:08,0.9618937483109882,0.8744488621008982,3.300302934280525,0.5605393843440346,0.9069968121062909,0.8965847616297488,3.0057719390216593,3.564999999999988,5446.0,2396.0,2,4,7,326,0.8475213383134131
CS2_37,398,CS2_37_10_28_10.xlsx,16,2010-10-23 09:48:30,0.9625026201954867,0.875002381995897,3.3029253871193682,0.5590254119331799,0.9075215490870467,0.8976729704104928,3.0249407694417285,3.569999999999988,5451.0,2388.0,2,4,7,326,0.8480578132778441
CS2_37,399,CS2_37_10_28_10.xlsx,17,2010-10-23 12:58:50,0.9635871476143443,0.8759883160130402,3.316066729941549,0.5478777463315024,0.9087198099742898,0.8982688852306715,3.016990382286353,3.569999999999988,5474.0,2344.0,2,4,7,327,0.8490133867297787
CS2_37,400,CS2_37_10_28_10.xlsx,18,2010-10-23 16:08:54,0.9644029744862443,0.8767299768056767,3.3216287988381237,0.5450898269056854,0.9090581068616095,0.8999085286133489,3.0223568028420167,3.569999999999988,5484.0,2328.0,2,4,7,327,0.8497322090357963
CS2_37,401,CS2_37_10_28_10.xlsx,19,2010-10-23 19:18:54,0.9648558591684022,0.8771416901530928,3.323483776828871,0.5447617480288632,0.9091597639005934,0.9006662467816956,3.023458363997553,3.569999999999988,5488.0,2327.0,2,4,7,327,0.8501312442022042
CS2_37,402,CS2_37_10_28_10.xlsx,20,2010-10-23 22:29:00,0.9649746967510033,0.8772497243190939,3.3280098456419798,0.5415418250383475,0.9091686866674129,0.9006543436295886,3.0419678951052225,3.569999999999988,5496.0,2314.0,2,4,7,328,0.8502359515955363
CS2_37,403,CS2_37_10_28_10.xlsx,21,2010-10-24 01:39:01,0.9652280413586034,0.8774800375987303,3.331465360291296,0.5387674508774732,0.9095266029635675,0.9010786145517332,3.0362796156967558,3.5749999999999877,5502.0,2304.0,2,4,7,328,0.8504591726750627
CS2_37,404,CS2_37_10_28_10.xlsx,22,2010-10-24 04:48:58,0.9654721242746724,0.877701931158793,3.3318564894725013,0.538824207695383,0.9099534051835119,0.9012927313198749,3.0321177467138676,3.5749999999999877,5503.0,2300.0,2,4,7,328,0.8506742333094098
CS2_37,405,CS2_37_10_28_10.xlsx,23,2010-10-24 07:58:54,0.9654826667327718,0.8777115152116107,3.3334827978309907,0.538659661149236,0.9095222352189447,0.9013441083874156,3.0474999218709424,3.5749999999999877,5506.0,2302.0,2,4,7,328,0.850683522233694
CS2_37,406,CS2_37_10_28_10.xlsx,24,2010-10-24 11:08:53,0.9656437385359276,0.8778579441235704,3.3351207429954832,0.5369726676619608,0.9097420688112665,0.9013235921030921,3.0306036490507537,3.5749999999999877,5509.0,2296.0,2,4,7,328,0.8508254420563509
CS2_37,407,CS2_37_10_28_10.xlsx,25,2010-10-24 14:18:50,0.9659116903942575,0.8781015367220522,3.338006619433095,0.5347099193077416,0.9099427491025261,0.9014738040362902,3.033635193346183,3.5749999999999877,5514.0,2283.0,2,4,7,328,0.8510615335352426
CS2_37,408,CS2_37_10_28_10.xlsx,26,2010-10-24 17:28:40,0.9662787619420925,0.8784352381291749,3.339374372008334,0.5340726892035758,0.9102865560310218,0.9020835604883909,3.0477627485950047,3.5749999999999877,5517.0,2279.0,2,4,7,328,0.8513849590383443
CS2_37,409,CS2_37_10_28_10.xlsx,27,2010-10-24 20:38:30,0.965947538845576,0.8781341262232509,3.3416416409151357,0.5322778222988443,0.9098083653592364,0.9014837222699311,3.0264581105837163,3.5749999999999877,5521.0,2275.0,2,4,7,328,0.8510931194848251
CS2_37,410,CS2_37_10_28_10.xlsx,28,2010-10-24 23:48:19,0.9659697308160986,0.8781543007419077,3.342306263975267,0.530019178636563,0.9105298132808405,0.9017425497365472,3.0306904205142238,3.5749999999999877,5522.0,2263.0,2,4,7,328,0.8511126727552255
CS2_37,411,CS2_37_10_28_10.xlsx,29,2010-10-25 02:57:57,0.9518637341198399,0.8653306673816726,3.3010164821716463,0.556225987284851,0.8956268992908937,0.8803421803207818,2.8774425886400725,3.554999999999988,5456.0,2397.0,2,4,7,325,0.8386839266288991
CS2_37,412,CS2_37_10_28_10.xlsx,30,2010-10-25 06:07:57,0.9486918542670004,0.8624471402427276,3.234598382033222,0.5873096219462853,0.9002058192894669,0.8773346751689716,2.8955292209516488,3.554999999999988,5331.0,2515.0,2,4,7,320,0.8358891939855398
CS2_37,413,CS2_37_10_28_10.xlsx,31,2010-10-25 09:17:40,0.9472852283670115,0.8611683894245558,3.221032577758314,0.5924398629900497,0.9004855778371613,0.8753726125232629,2.86652900056536,3.554999999999988,5308.0,2540.0,2,4,7,319,0.8346498206479355
CS2_37,414,CS2_37_10_28_10.xlsx,32,2010-10-25 12:27:20,0.9462847174556934,0.8602588340506303,3.2159493395823877,0.5936081959915833,0.9003852839555839,0.8737708567905911,2.8612942366092184,3.5499999999999883,5299.0,2541.0,2,4,7,319,0.8337682738575063
CS2_37,415,CS2_37_10_28_10.xlsx,33,2010-10-25 15:36:48,0.9438785767211151,0.8580714333828319,3.208526901257444,0.5947179556217663,0.8987670668487631,0.8705955930078798,2.8483749305656834,3.5499999999999883,5286.0,2556.0,2,4,7,319,0.8316482313693199
CS2_37,416,CS2_37_10_28_10.xlsx,34,2010-10-25 18:46:11,0.9535245052896322,0.866840459354211,3.2074981621684597,0.598624413087267,0.9107866539751134,0.888411975923768,2.9941159750134534,3.564999999999988,5281.0,2546.0,2,4,7,319,0.8401472265067974
CS2_37,417,CS2_37_10_28_10.xlsx,35,2010-10-25 21:55:51,0.9564348011570658,0.8694861828700597,3.2733075067951094,0.5604991791490602,0.9082356584958873,0.8913349582218534,2.9970516004289656,3.569999999999988,5400.0,2398.0,2,4,7,323,0.8427114783826272
CS2_37,418,CS2_37_10_28_10.xlsx,36,2010-10-26 01:05:12,0.9557213867412457,0.8688376243102234,3.286584818979426,0.5547067753619925,0.9061122830421765,0.8884250829653032,3.0175276277106677,3.569999999999988,5424.0,2379.0,2,4,7,324,0.8420828913463463
CS2_37,419,CS2_37_10_28_10.xlsx,37,2010-10-26 04:14:34,0.9434922290003342,0.857720208182122,3.234376659382711,0.5910318556721159,0.8930929967839323,0.8705072415831391,2.831090380433692,3.5449999999999884,5333.0,2531.0,2,4,7,320,0.8313078216952311
CS2_37,420,CS2_37_10_28_10.xlsx,38,2010-10-26 07:24:19,0.9449636982371103,0.859057907488282,3.1961535222776276,0.600963932138326,0.9022224731971356,0.8742109665798755,2.900524420424228,3.554999999999988,5264.0,2572.0,2,4,7,318,0.8326043282782392
CS2_37,421,CS2_37_10_28_10.xlsx,39,2010-10-26 10:33:39,0.9443884110991334,0.8585349191810303,3.213129065095516,0.5879208691555791,0.900873332410991,0.8730697130566883,2.864549931479049,3.5499999999999883,5294.0,2529.0,2,4,7,319,0.8320974447207269
CS2_37,422,CS2_37_10_28_10.xlsx,40,2010-10-26 13:42:44,0.9430032892622506,0.8572757175111368,3.203326695060695,0.5954093051984719,0.8997024344833792,0.8708618968986224,2.8382398601872465,3.554999999999988,5277.0,2564.0,2,4,7,318,0.8308770185406178
CS2_37,423,CS2_37_10_28_10.xlsx,41,2010-10-26 16:52:03,0.9401030006073015,0.8546390914611831,3.1837926335358215,0.607111106494755,0.8975434796653451,0.8670626731932755,2.843228683634496,3.5499999999999883,5244.0,2611.0,2,4,7,316,0.8283215839859657
CS2_37,424,CS2_37_10_28_10.xlsx,42,2010-10-26 20:01:28,0.9516319884460103,0.8651199894963729,3.218549450035373,0.5748063522612549,0.9123982950623053,0.886257035634588,2.968049789158885,3.564999999999988,5303.0,2467.0,2,4,7,320,0.8384797362970903
CS2_37,425,CS2_37_10_28_10.xlsx,43,2010-10-26 23:10:04,0.9539287077491778,0.8672079161356161,3.2648832916320014,0.5607601829141962,0.9078707574628231,0.8883790836148266,2.9730110929756606,3.569999999999988,5386.0,2408.0,2,4,7,323,0.840503367931009
CS2_37,426,CS2_37_10_28_10.xlsx,44,2010-10-27 02:19:11,0.9456503493035484,0.8596821357304985,3.2770647019340604,0.5471410220553126,0.8974746074563204,0.8734479941977497,2.834906101639883,3.554999999999988,5408.0,2344.0,2,4,7,323,0.8332093342176206
CS2_37,427,CS2_37_10_28_10.xlsx,45,2010-10-27 05:27:10,0.9404977481578811,0.8549979528708009,3.195771985077753,0.5998109631541796,0.8975457883198977,0.8672365465328662,2.8305447559147594,3.5499999999999883,5266.0,2575.0,2,4,7,317,0.8286693947217675
CS2_37,428,CS2_37_10_28_10.xlsx,46,2010-10-27 08:36:21,0.9406692667526002,0.8551538788660001,3.1940258158291748,0.5906040939426902,0.9007622971322713,0.8672470758707773,2.8110709764179886,3.5499999999999883,5261.0,2544.0,2,4,7,317,0.8288205191772463
CS2_37,429,CS2_37_10_28_10.xlsx,47,2010-10-27 11:44:57,0.9423846857925469,0.856713350720497,3.1907161859141793,0.5944726280879763,0.9028052266537997,0.8718070741127091,2.866240602818232,3.554999999999988,5256.0,2546.0,2,4,7,318,0.8303319691092754
CS2_37,430,CS2_37_10_28_10.xlsx,48,2010-10-27 14:53:35,0.9413269472285464,0.8557517702077694,3.190936478506762,0.5978952294098676,0.9005033144648338,0.8708264745506937,2.871348486230835,3.554999999999988,5256.0,2567.0,2,4,7,318,0.8293999992270286
CS2_37,431,CS2_37_10_28_10.xlsx,49,2010-10-27 18:02:31,0.9459587658127191,0.8599625143751991,3.185024513988098,0.6038663248771741,0.9068436333879393,0.8808020074667717,2.969902035531088,3.559999999999988,5246.0,2622.0,2,4,7,317,0.8334810789639289
CS2_37,432,CS2_37_10_28_10.xlsx,50,2010-10-27 21:12:27,0.9509384816229485,0.8644895287481349,3.244512100171492,0.5670275586697081,0.9078879744445361,0.8853422711204685,2.955746054808469,3.569999999999988,5350.0,2437.0,2,4,7,322,0.8378686897736641
CS2_37,433,CS2_37_11_01_10.xlsx,1,2010-10-28 13:50:11,0.947660937246535,0.8615099429513954,3.1944171384316107,0.6220291542557366,0.8998702645750012,0.8708772648055199,2.8378258875289157,3.5499999999999883,5247.0,2703.0,2,4,7,317,0.8349808564748645
CS2_37,434,CS2_37_11_01_10.xlsx,2,2010-10-28 17:01:36,0.9464379578652291,0.8603981435138446,3.2043397475078312,0.6125156379010473,0.8976472430735704,0.8729130114409414,2.8442123303128395,3.5499999999999883,5277.0,2634.0,2,4,7,318,0.8339032934656506
CS2_37,435,CS2_37_11_01_10.xlsx,3,2010-10-28 20:12:16,0.946116062300268,0.8601055111820618,3.238588468678367,0.5716455150853768,0.8995938491840962,0.8713709692968589,2.8362969219332173,3.5499999999999883,5336.0,2413.0,2,4,7,320,0.8336196723687342
CS2_37,436,CS2_37_11_01_10.xlsx,4,2010-10-28 23:20:13,0.9419690670250089,0.8563355154772808,3.183293717279254,0.6162499171378244,0.8971839353148948,0.8683341872470488,2.846973703568717,3.5449999999999884,5241.0,2643.0,2,4,7,317,0.8299657688145855
CS2_37,437,CS2_37_11_01_10.xlsx,5,2010-10-29 02:30:12,0.9401680238978543,0.8546982035435038,3.168849507524446,0.6220817851964988,0.8968191149176082,,,,5216.0,2668.0,2,4,7,315,0.8283788757880255
CS2_37,438,CS2_37_11_01_10.xlsx,6,2010-10-29 05:40:05,0.9404249923009802,0.8549318111827092,3.165539726246448,0.6204592087975415,0.8986488386037239,0.8675332972518975,2.845552373549681,3.5449999999999884,5209.0,2662.0,2,4,7,315,0.8286052897815711
CS2_37,439,CS2_37_11_01_10.xlsx,7,2010-10-29 08:49:46,0.9407117099727573,0.8551924636115975,3.169942054596867,0.6158301483564123,0.8996487614076942,0.8685627316394792,2.839215984001702,3.5449999999999884,5218.0,2646.0,2,4,7,315,0.8288579157554162
CS2_37,440,CS2_37_11_01_10.xlsx,8,2010-10-29 11:59:21,0.9397889157557353,0.8543535597779411,3.1720636405186693,0.6137754607182211,0.8986551549725753,0.8673940118019465,2.8501091547883437,3.5499999999999883,5222.0,2636.0,2,4,7,315,0.8280448448822854
CS2_37,441,CS2_37_11_01_10.xlsx,9,2010-10-29 15:08:47,0.9374792986229243,0.8522539078390221,3.167473470569802,0.6145908065052208,0.8965883495575717,0.8632492085217047,2.8355451650895085,3.5449999999999884,5214.0,2637.0,2,4,7,315,0.8260098490141567
CS2_37,442,CS2_37_11_01_10.xlsx,10,2010-10-29 18:18:00,0.9440366159091003,0.8582151053719093,3.1491582266800404,0.6300334720851662,0.9062392596980636,0.8777140603804651,2.939906398742749,3.559999999999988,5182.0,2721.0,2,4,7,315,0.8317874791649754
CS2_37,443,CS2_37_11_01_10.xlsx,11,2010-10-29 21:28:24,0.9471387340249127,0.8610352127499206,3.213952591814338,0.5886230512892837,0.9046697682612718,0.8803915413784482,2.9429333902968384,3.559999999999988,5296.0,2532.0,2,4,7,319,0.8345207449770634
CS2_37,444,CS2_37_11_01_10.xlsx,12,2010-10-30 00:37:45,0.9483132652947592,0.8621029684497811,3.228455908719255,0.5802442204254697,0.9046564554409102,0.8815460657208049,2.9541011486655964,3.559999999999988,5322.0,2503.0,2,4,7,320,0.8355556205186284
CS2_37,445,CS2_37_11_01_10.xlsx,13,2010-10-30 03:47:06,0.9489897370984401,0.8627179428167637,3.234610289728761,0.5781845552145412,0.90493244472304,0.8824731283627009,2.9420072718906636,3.564999999999988,5333.0,2487.0,2,4,7,320,0.836151657543917
CS2_37,446,CS2_37_11_01_10.xlsx,14,2010-10-30 06:56:23,0.9492487323091119,0.8629533930082834,3.2377363694395416,0.5761048467312995,0.9050519301973619,0.8830259162665903,2.950167544193912,3.564999999999988,5339.0,2478.0,2,4,7,320,0.836379857350757
CS2_37,447,CS2_37_11_01_10.xlsx,15,2010-10-30 10:05:39,0.9493955237063059,0.8630868397330053,3.2423189247801547,0.5729114289207969,0.9049509846121164,0.8831349311552371,2.9549802015851743,3.564999999999988,5347.0,2465.0,2,4,7,321,0.8365091947558719
CS2_37,448,CS2_37_11_01_10.xlsx,16,2010-10-30 13:14:50,0.9498508941164214,0.8635008128331103,3.245275653456757,0.5704065538184371,0.9055747773699466,0.8838856712607625,2.9690952433780806,3.564999999999988,5352.0,2452.0,2,4,7,322,0.836910420088802
CS2_37,449,CS2_37_11_01_10.xlsx,17,2010-10-30 16:23:54,,,3.2197457070245137,,,,,,5313.0,,2,,,182,
CS2_37,450,CS2_37_11_08_10.xlsx,1,2010-11-01 14:23:58,0.9410964366342021,0.8555422151220018,0.11490813368362893,0.4621540193634209,5.927958485415535,0.8651363988924191,2.7879292349845026,3.559999999999988,180.0,2117.0,2,4,7,146,0.8291968971195898
CS2_37,451,CS2_37_11_08_10.xlsx,2,2010-11-01 16:00:48,0.940688507863618,0.8551713707851072,3.237352039176667,0.5371921544777484,0.9055597585164015,0.8681150726751293,2.813259064716649,3.559999999999988,5339.0,2300.0,2,4,7,318,0.8288374724552867
CS2_37,452,CS2_37_11_08_10.xlsx,3,2010-11-01 19:06:38,0.9478623218616098,0.8616930198741907,3.239025711034437,0.5423561953673511,0.9131071595694897,0.8821190355312531,2.9316943543127487,3.569999999999988,5340.0,2313.0,2,4,7,320,0.8351582957801762
CS2_37,453,CS2_37_11_08_10.xlsx,4,2010-11-01 22:13:06,0.9499956835469501,0.8636324395881364,3.2609352535612075,0.5438560097167708,0.9097089564822507,0.8850784521987334,2.9681238919624673,3.569999999999988,5381.0,2321.0,2,4,7,323,0.8370379935678383
CS2_37,454,CS2_37_11_08_10.xlsx,5,2010-11-02 01:20:30,0.9472388257016409,0.8611262051833098,3.2672997261527166,0.5457247958909187,0.9042875654405648,0.8775843950686092,2.6888873451963353,3.559999999999988,5392.0,2322.0,2,4,7,322,0.8346089354159385
CS2_37,455,CS2_37_11_08_10.xlsx,6,2010-11-02 04:27:56,0.9411650991646958,0.8556046356042688,3.2256129830954343,0.5712697971923675,0.8993194431279646,0.870514731448632,2.9013846925993576,3.554999999999988,5318.0,2443.0,2,4,7,320,0.8292573954436908
CS2_37,456,CS2_37_11_08_10.xlsx,7,2010-11-02 07:35:49,0.9430198720044531,0.8572907927313209,3.2070375899394863,0.5771083056632,0.9050516257640657,0.8739768293658187,2.8547677240107703,3.559999999999988,5285.0,2456.0,2,4,7,319,0.8308916295388585
CS2_37,457,CS2_37_11_08_10.xlsx,8,2010-11-02 10:43:28,0.9452074203450032,0.8592794730409119,3.2266799440692444,0.5666309079323311,0.9057919362932204,0.8768444063345509,2.891942742027504,3.559999999999988,5319.0,2414.0,2,4,7,320,0.8328190710057188
CS2_37,458,CS2_37_11_08_10.xlsx,9,2010-11-02 13:51:06,0.9471209673510828,0.861019061228257,3.24286366153258,0.5575411546758593,0.9063700659819872,0.878745179763339,2.9018413119911886,3.564999999999988,5348.0,2389.0,2,4,7,321,0.8345050908206577
CS2_37,459,CS2_37_11_08_10.xlsx,10,2010-11-02 16:58:55,0.9475132020218631,0.8613756382016936,3.245670972423676,0.5574247767801852,0.9061271190637207,0.878633290303332,2.8997392012277308,3.559999999999988,5354.0,2385.0,2,4,7,321,0.8348506874665413
CS2_37,460,CS2_37_11_08_10.xlsx,11,2010-11-02 20:06:47,0.9526245345515285,0.8660223041377532,3.2614721426304443,0.5460305213996743,0.9120739029339027,0.8886583463969577,2.9981554089455993,3.569999999999988,5382.0,2336.0,2,4,7,323,0.839354265323985
CS2_37,461,CS2_37_11_08_10.xlsx,12,2010-11-02 23:14:35,0.95333378967943,0.8666670815267545,3.2797666471102818,0.5434162603479378,0.9091527807305272,0.8891345410592092,2.987758066976162,3.5749999999999877,5415.0,2325.0,2,4,7,324,0.8399791876257052
CS2_37,462,CS2_37_11_08_10.xlsx,13,2010-11-03 02:22:46,0.9468922457762119,0.8608111325238289,3.283849487676002,0.5349325722952037,0.9017940141952706,0.878159142848507,2.8917320078330206,3.564999999999988,5422.0,2289.0,2,4,7,323,0.8343035650122448
CS2_37,463,CS2_37_11_08_10.xlsx,14,2010-11-03 05:30:09,0.9433495376342407,0.8575904887584005,3.228324207345783,0.5703040202049375,0.9019714700952786,0.873652355730531,2.8627600434391884,3.554999999999988,5324.0,2439.0,2,4,7,320,0.8311820968136944
CS2_37,464,CS2_37_11_08_10.xlsx,15,2010-11-03 08:38:12,0.9446987961760751,0.8588170874327955,3.218574038271255,0.571328609126966,0.9060809034939536,0.8772292294058289,2.9179759221668666,3.554999999999988,5306.0,2451.0,2,4,7,319,0.8323709239654606
CS2_37,465,CS2_37_11_08_10.xlsx,16,2010-11-03 11:46:15,0.9446217567177708,0.8587470515616098,3.2339882701150198,0.5626567432193713,0.904702514677891,0.875636595599383,2.904054734246237,3.559999999999988,5334.0,2411.0,2,4,7,320,0.8323030447585111
CS2_37,466,CS2_37_11_08_10.xlsx,17,2010-11-03 14:54:03,0.9435568824039731,0.8577789840036119,3.2327662491090132,0.5612697908260414,0.9040118388739588,0.8730815560538637,2.8532700818429344,3.559999999999988,5332.0,2403.0,2,4,7,320,0.8313647875911783
CS2_37,467,CS2_37_11_08_10.xlsx,18,2010-11-03 18:01:38,0.9479036533164198,0.861730593924018,3.2210821532159057,0.568273244163832,0.9106291560889587,0.884259974241387,2.9954167891425216,3.569999999999988,5311.0,2444.0,2,4,7,319,0.8351947127856475
CS2_37,468,CS2_37_11_08_10.xlsx,19,2010-11-03 21:09:47,0.9499064013598506,0.8635512739635005,3.2581396341720756,0.5510530389371928,0.9087294298052413,0.8851216454289811,2.9837920781019625,3.569999999999988,5377.0,2365.0,2,4,7,323,0.8369593273338276
CS2_37,469,CS2_37_11_08_10.xlsx,20,2010-11-04 00:17:51,0.9504333401008154,0.8640303091825594,3.265536396564391,0.5477556021656631,0.9082198101762603,0.8855470728319869,2.9946280800505405,3.569999999999988,5390.0,2351.0,2,4,7,323,0.837423611281754
CS2_37,470,CS2_37_11_08_10.xlsx,21,2010-11-04 03:25:55,0.9407051405474753,0.8551864914067957,3.2367248633545453,0.5690754331451793,0.8976702515959247,0.8696950049475933,2.83532825163823,3.554999999999988,5343.0,2449.0,2,4,7,319,0.8288521274569511
CS2_37,471,CS2_37_11_08_10.xlsx,22,2010-11-04 06:34:17,0.9401914918002916,0.854719538000265,3.2071428467302527,0.5731662094780178,0.9031768806086177,0.8697491500959841,2.849156903357047,3.559999999999988,5286.0,2460.0,2,4,7,318,0.8283995532777337
CS2_37,472,CS2_37_11_08_10.xlsx,23,2010-11-04 09:41:52,0.9402044735296613,0.8547313395724193,3.208451428036643,0.570296318404818,0.9036360553602742,0.8705569224775496,2.8396471094039026,3.559999999999988,5289.0,2455.0,2,4,7,318,0.8284109914357095
CS2_37,473,CS2_37_11_08_10.xlsx,24,2010-11-04 12:49:25,0.939805704184554,0.8543688219859581,3.20360702186013,0.5739352520527564,0.9037463769954579,0.8702472217979189,2.859942205685878,3.559999999999988,5281.0,2463.0,2,4,7,317,0.82805963711031
CS2_37,474,CS2_37_11_08_10.xlsx,25,2010-11-04 15:56:57,0.9376018544754885,0.852365322250444,3.2015458223082263,0.5736005087734166,0.90153364346231,0.8671226477960183,2.8474495032822786,3.554999999999988,5278.0,2472.0,2,4,7,317,0.826117832562616
CS2_37,475,CS2_37_11_08_10.xlsx,26,2010-11-04 19:04:27,0.9446680381730452,0.8587891256118593,3.203203052863151,0.5714548841217489,0.9109516031127456,0.8798010982778786,2.9594218090196764,3.564999999999988,5278.0,2454.0,2,4,7,318,0.8323438231927012
CS2_37,476,CS2_37_11_08_10.xlsx,27,2010-11-04 22:12:03,0.94632843791344,0.860298579921309,3.240179024182527,0.5551871117666484,0.9080650098360755,0.8811695049332773,2.958732159787066,3.569999999999988,5346.0,2392.0,2,4,7,321,0.8338067958054097
CS2_37,477,CS2_37_11_08_10.xlsx,28,2010-11-05 01:19:51,0.9437088352764,0.8579171229785454,3.246286885028009,0.5536285876297863,0.9043895683292236,0.8749978922955128,2.7279601146839165,3.564999999999988,5357.0,2384.0,2,4,7,321,0.8314986727547174
CS2_37,478,CS2_37_11_08_10.xlsx,29,2010-11-05 04:27:32,0.9365470305937116,0.8514063914488287,3.2088200764796,0.5738335589852821,0.898603173982022,0.8655790704686511,2.84093076686776,3.554999999999988,5291.0,2473.0,2,4,7,318,0.8251884307970485
CS2_37,479,CS2_37_11_08_10.xlsx,30,2010-11-05 07:35:13,0.9375832223594571,0.8523483839631427,3.189897615053842,0.5760538739611969,0.9043433545416583,0.8679112259207586,2.8749365946971586,3.559999999999988,5257.0,2483.0,2,4,7,317,0.8261014158680047
CS2_37,480,CS2_37_11_08_10.xlsx,31,2010-11-05 10:42:34,0.9370141038355833,0.8518310034868938,3.1970521780693306,0.5712123689631379,0.9032107598145416,0.8666650960458027,2.8321009465672335,3.559999999999988,5270.0,2464.0,2,4,7,317,0.8255999674555792
CS2_37,481,CS2_37_11_08_10.xlsx,32,2010-11-05 13:49:47,0.9396015553478563,0.8541832321344147,3.1971409738897374,0.5707694582213745,0.9066757757174471,0.8718180785847736,2.8901781664195276,3.564999999999988,5270.0,2461.0,2,4,7,317,0.8278797622586469
CS2_37,482,CS2_37_11_08_10.xlsx,33,2010-11-05 16:57:05,0.9375520094991963,0.8523200086356328,3.2020683923485027,0.5712841872208403,0.9028616023138428,0.8687196974014061,2.882890508494335,3.559999999999988,5280.0,2469.0,2,4,7,317,0.8260739143220727
CS2_37,483,CS2_37_11_08_10.xlsx,34,2010-11-05 20:04:34,0.9442863065021747,0.8584420968201587,3.2194214478750705,0.5545705200047437,0.911670059625227,0.8789942823750673,2.94705983877704,3.569999999999988,5309.0,2392.0,2,4,7,319,0.8320074807046239
CS2_37,484,CS2_37_11_08_10.xlsx,35,2010-11-05 23:11:37,0.9452080603410309,0.8592800548554825,3.241336597401188,0.5502806232929223,0.9085341295398787,0.880097330988515,2.9527926417241854,3.5749999999999877,5349.0,2376.0,2,4,7,321,0.8328196349040609
CS2_37,485,CS2_37_11_08_10.xlsx,36,2010-11-06 02:19:09,0.9454648908269263,0.8595135371153875,3.247998130098471,0.5469976253668887,0.9079661438548291,0.8802776051267851,2.948389045809515,3.569999999999988,5361.0,2356.0,2,4,7,321,0.8330459273791996
CS2_37,486,CS2_37_11_08_10.xlsx,37,2010-11-06 05:26:32,0.9459010411955475,0.8599100374504977,3.252722862032503,0.5433468272881842,0.9084111654714031,0.8804759750915243,2.9706236624869233,3.5749999999999877,5369.0,2346.0,2,4,7,321,0.8334302179983755
CS2_37,487,CS2_37_11_08_10.xlsx,38,2010-11-06 08:33:54,0.9460743752204479,0.8600676138367708,3.253154535562847,0.5437456200651616,0.9083740873037419,0.8809597821994398,2.952932254076409,3.569999999999988,5370.0,2345.0,2,4,7,321,0.8335829420232657
CS2_37,488,CS2_37_11_08_10.xlsx,39,2010-11-06 11:41:17,0.946666705186324,0.8606060956239309,3.256061461359833,0.5406731547510367,0.9091527074336033,0.8820725398209345,2.9638340775369385,3.5749999999999877,5375.0,2336.0,2,4,7,322,0.8341048419589747
CS2_37,489,CS2_37_11_08_10.xlsx,40,2010-11-06 14:48:38,0.9475464295648166,0.8614058450589241,3.266851614209386,0.5331932696693765,0.9099047965832585,0.8824171398354416,2.962097876960564,3.5749999999999877,5394.0,2301.0,2,4,7,322,0.8348799641426007
CS2_37,490,CS2_37_11_08_10.xlsx,41,2010-11-06 17:55:46,0.9480860915952007,0.8618964469047279,3.269671818927358,0.5320710309651718,0.9099870031164913,0.8830009843318328,2.964091299612411,3.5749999999999877,5399.0,2298.0,2,4,7,322,0.835355458537934
CS2_37,491,CS2_37_11_08_10.xlsx,42,2010-11-06 21:02:59,0.9480404623522034,0.8618549657747303,3.2718776820309174,0.5316436840435416,0.9093348632731338,0.8830790577297903,2.964399582502527,3.5749999999999877,5403.0,2294.0,2,4,7,322,0.8353152547657823
CS2_37,492,CS2_37_11_08_10.xlsx,43,2010-11-07 00:10:11,0.9480332131094826,0.861848375554075,3.2722964337197884,0.5310282113867356,0.9097041221338915,0.8827766735088224,2.9590983409920133,3.5749999999999877,5404.0,2291.0,2,4,7,323,0.8353088674824641
CS2_37,493,CS2_37_11_08_10.xlsx,44,2010-11-07 03:17:20,0.9479297319108824,0.8617543017371657,3.2734619264716334,0.5300955751495665,0.9096850634484904,0.8825200141249607,2.9644003858720533,3.5749999999999877,5406.0,2280.0,2,4,7,323,0.8352176905472963
CS2_37,494,CS2_37_11_08_10.xlsx,45,2010-11-07 06:24:20,0.9476671721645431,0.8615156110586755,3.271527073805952,0.5293619999562028,0.9097410344192834,0.8826432067194215,2.9597079160774884,3.5749999999999877,5403.0,2277.0,2,4,7,323,0.8349863500400986
CS2_37,495,CS2_37_11_08_10.xlsx,46,2010-11-07 09:31:14,0.9474435440394657,0.8613123127631506,3.27162296476821,0.5306844843860175,0.9093593520178811,0.8821829916626063,2.9727555750584247,3.5749999999999877,5403.0,2284.0,2,4,7,323,0.8347893120531246
CS2_37,496,CS2_37_11_08_10.xlsx,47,2010-11-07 12:38:13,0.9477864297371497,0.8616240270337724,3.2716529060064548,0.5276238417135349,0.9104743729183695,0.8828928644395213,2.9884437736057836,3.5749999999999877,5403.0,2275.0,2,4,7,323,0.8350914274852083
CS2_37,497,CS2_37_11_08_10.xlsx,48,2010-11-07 15:45:07,0.947730449715344,0.8615731361048582,3.272726778289226,0.5280849246553647,0.9101501147661526,0.8827248393703686,2.9665418686805243,3.5749999999999877,5405.0,2274.0,2,4,7,323,0.8350421036767494
CS2_37,498,CS2_37_11_08_10.xlsx,49,2010-11-07 18:52:00,0.9474123826035736,0.8612839841850669,3.27389518942068,0.5270535538206473,0.9097993788547134,0.8823742082858334,2.9737235996151714,3.5749999999999877,5407.0,2274.0,2,4,7,323,0.8347618558170304
CS2_37,499,CS2_37_11_08_10.xlsx,50,2010-11-07 21:58:54,0.9471072569871879,0.8610065972610799,3.2726206917317007,0.5272835463397423,0.9097853086418223,0.8819923092743307,2.9628446583689536,3.5799999999999876,5405.0,2272.0,2,4,7,323,0.8344930106652587
CS2_37,500,CS2_37_11_15_10.xlsx,1,2010-11-08 12:42:15,0.9418542278251241,0.8562311162046582,3.205239881666923,0.5920870297995477,0.9015560615429008,0.8677258135241714,2.8359208312020927,3.559999999999988,5273.0,2556.0,2,4,7,318,0.829864584382783
CS2_37,501,CS2_37_11_15_10.xlsx,2,2010-11-08 15:51:18,0.940290851975422,0.8548098654322017,3.2253570958866686,0.564447724047335,0.9014470802867642,0.8672707371353748,2.7945768438642977,3.559999999999988,5319.0,2409.0,2,4,7,319,0.8284870991930174
CS2_37,502,CS2_37_11_15_10.xlsx,3,2010-11-08 18:58:36,0.9445541948955571,0.8586856317232336,3.2034573760719143,0.5755096339353845,0.9097358657092217,0.8791459580652866,2.9611444351920944,3.569999999999988,5281.0,2462.0,2,4,7,318,0.8322435162647643
CS2_37,503,CS2_37_11_15_10.xlsx,4,2010-11-08 22:06:23,0.9470458553093342,0.8609507775539401,3.246383087634336,0.5516963987042611,0.9085237459082058,0.8815613363804449,2.950335773058773,3.569999999999988,5357.0,2350.0,2,4,7,321,0.8344389098539367
CS2_37,504,CS2_37_11_15_10.xlsx,5,2010-11-09 01:13:43,0.9470195093434226,0.8609268266758386,3.25585996975816,0.5458095889092687,0.9081456371120762,0.8817944449237455,2.948670137442385,3.569999999999988,5374.0,2330.0,2,4,7,322,0.8344156965122056
CS2_37,505,CS2_37_11_15_10.xlsx,6,2010-11-09 04:20:58,0.9364814623832824,0.8513467839848021,3.2302304616188615,0.5630360175236979,0.8970057201715648,0.8654076113523752,2.801615154588015,3.559999999999988,5333.0,2409.0,2,4,7,319,0.825130658867923
CS2_37,506,CS2_37_11_15_10.xlsx,7,2010-11-09 07:28:16,0.9351928481303036,0.8501753164820941,3.1933569146115195,0.5703690061011922,0.902451566913269,0.8645803064745198,2.865423927846328,3.559999999999988,5263.0,2438.0,2,4,7,317,0.8239952651945863
CS2_37,507,CS2_37_11_15_10.xlsx,8,2010-11-09 10:34:51,0.9374433749953397,0.8522212499957633,3.1957691200801177,0.5639489291354156,0.9066185371168698,0.8689890136224523,2.8746172974845554,3.559999999999988,5269.0,2417.0,2,4,7,317,0.8259781968270197
CS2_37,508,CS2_37_11_15_10.xlsx,9,2010-11-09 13:41:16,0.9365424221742344,0.8514022019765767,3.2064574212714545,0.5594257282409705,0.9043044930259153,0.8671638857391264,2.839770654887213,3.564999999999988,5288.0,2398.0,2,4,7,318,0.8251843703341859
CS2_37,509,CS2_37_11_15_10.xlsx,10,2010-11-09 16:47:41,0.9335386174816982,0.8486714704379074,3.1983741577731184,0.5612514439667979,0.9019062973857126,0.862805004946221,2.8205086155918813,3.559999999999988,5274.0,2406.0,2,4,7,317,0.8225377281478523
CS2_37,510,CS2_37_11_15_10.xlsx,11,2010-11-09 19:53:49,0.9409460265011855,0.8554054786374413,3.1945971803286546,0.5627922830098007,0.9122567319487658,0.8758704394734684,2.9691945851282178,3.569999999999988,5265.0,2405.0,2,4,7,318,0.8290643712585434
CS2_37,511,CS2_37_11_15_10.xlsx,12,2010-11-09 23:00:10,0.9419871355982892,0.8563519414529901,3.2346877893684156,0.5448526051431534,0.9082659579410489,0.8763672102456807,2.9430861929129097,3.569999999999988,5338.0,2340.0,2,4,7,320,0.8299816889735789
CS2_37,512,CS2_37_11_15_10.xlsx,13,2010-11-10 02:06:43,0.9411371722992747,0.8555792475447952,3.2396399318988967,0.5417425246427799,0.9073804949349358,0.874947538538908,2.9436051438071447,3.5749999999999877,5347.0,2322.0,2,4,7,321,0.8292327891767324
CS2_37,513,CS2_37_11_15_10.xlsx,14,2010-11-10 05:13:05,0.9312851849181651,0.84662289538015,3.207003963276217,0.5636027781361259,0.897072051062318,0.8602844190609695,2.811295434826948,3.554999999999988,5290.0,2424.0,2,4,7,317,0.8205522363142709
CS2_37,514,CS2_37_11_15_10.xlsx,15,2010-11-10 08:19:39,0.9314214887447445,0.8467468079497676,3.1785696553769855,0.5654905311876767,0.9038792914642414,0.8610862843225806,2.7995091542345736,3.559999999999988,5239.0,2437.0,2,4,7,315,0.8206723331562792
CS2_37,515,CS2_37_11_15_10.xlsx,16,2010-11-10 11:25:36,0.807047510865452,0.7336795553322291,3.1855985920018206,,,,,,5252.0,,2,,7,281,0.7110868406123138
CS2_37,516,CS2_37_11_15_10.xlsx,17,2010-11-10 13:44:21,0.9324213275776181,0.847655752343289,3.2035269649774505,0.5695941064612215,0.8987227882125477,0.8640128916557289,2.9114770588094707,3.564999999999988,5283.0,2464.0,2,4,7,318,0.8215532877806571
CS2_37,517,CS2_37_11_15_10.xlsx,18,2010-11-10 16:51:32,0.9298392725237914,0.845308429567083,3.1848443394318737,0.5605573584392839,0.9018773417444266,0.860191745294697,2.8346358035240597,3.559999999999988,5252.0,2428.0,2,4,7,315,0.8192782477789307
CS2_37,518,CS2_37_11_15_10.xlsx,19,2010-11-10 19:57:27,0.9368729418647632,0.8517026744225119,3.184453936540677,0.5596871676235589,0.9113693662064435,0.8712608063361464,2.941070545714393,3.569999999999988,5249.0,2414.0,2,4,7,316,0.8254755901190611
CS2_37,519,CS2_37_11_15_10.xlsx,20,2010-11-10 23:03:28,0.9382563017845058,0.8529602743495507,3.2192667433104583,0.5450236081431052,0.9083913748141077,0.8725786350861469,2.931182463933309,3.569999999999988,5313.0,2357.0,2,4,7,319,0.8266944638799189
CS2_37,520,CS2_37_11_15_10.xlsx,21,2010-11-11 02:09:40,0.9372370066024871,0.8520336423658973,3.2260820061337556,0.5420415171399761,0.9065846940206507,0.8706362497578822,2.9454910223511725,3.5749999999999877,5325.0,2338.0,2,4,7,319,0.8257963663319123
CS2_37,521,CS2_37_11_15_10.xlsx,22,2010-11-11 05:15:42,0.9271118902902806,0.8428289911729823,3.189714986877335,0.5637606666484479,0.8968845688612085,0.8568478063781978,2.798668018829879,3.559999999999988,5262.0,2435.0,2,4,7,316,0.8168751604892003
CS2_37,522,CS2_37_11_15_10.xlsx,23,2010-11-11 08:21:45,0.799271531737169,0.7266104833974263,3.1538450984202853,,,,,,5198.0,,2,,7,280,0.7042354516215114
CS2_37,523,CS2_37_11_15_10.xlsx,24,2010-11-11 10:39:10,0.9255312123701707,0.8413920112456096,3.178057133157579,0.5790440259271556,0.8945157155734472,0.854761560361332,2.802157245990571,3.559999999999988,5239.0,2508.0,2,4,7,315,0.8154824305035377
CS2_37,524,CS2_37_11_15_10.xlsx,25,2010-11-11 13:45:59,0.9266083573870318,0.8423712339882107,3.158882001979769,0.5659845313489626,0.9041179057034819,0.8567937843394069,2.8250413245181343,3.564999999999988,5206.0,2449.0,2,4,7,314,0.8164314993459653
CS2_37,525,CS2_37_11_15_10.xlsx,26,2010-11-11 16:51:19,0.9243018622419932,0.8402744202199938,3.1550103183053984,0.5691120184447376,0.901236827441172,0.8533648795518398,2.8010528850932066,3.559999999999988,5200.0,2463.0,2,4,7,314,0.8143992542507361
CS2_37,526,CS2_37_11_15_10.xlsx,27,2010-11-11 19:56:39,0.9318779455045103,0.8471617686404639,3.1542059215474767,0.5684884920161523,0.9112736731120691,0.8661775604336317,2.9198940243117377,3.569999999999988,5196.0,2450.0,2,4,7,315,0.8210745156682232
CS2_37,527,CS2_37_11_15_10.xlsx,28,2010-11-11 23:02:07,0.9338009971218604,0.8489099973835094,3.197548143307525,0.5492146207020058,0.9079333058334196,0.8675618297165165,2.908417160645489,3.5749999999999877,5275.0,2383.0,2,4,7,317,0.8227689099641048
CS2_37,528,CS2_37_11_15_10.xlsx,29,2010-11-12 02:07:53,0.9330357290493971,0.8482142991358155,3.206058497194518,0.5456864231655318,0.9063983824649001,0.8655451233457556,2.9077623016280096,3.5749999999999877,5290.0,2364.0,2,4,7,318,0.8220946348457964
CS2_37,529,CS2_37_11_15_10.xlsx,30,2010-11-12 05:13:32,0.9215842378792978,0.8378038526175433,3.1657520495891207,0.5714499803266525,0.8948979176644748,0.8500247364424046,2.73722258064413,3.554999999999988,5220.0,2471.0,2,4,7,313,0.8120047645880795
CS2_37,530,CS2_37_11_15_10.xlsx,31,2010-11-12 08:19:11,0.9217955436983054,0.8379959488166412,3.127374771733138,0.5796329761179386,0.9028018284009258,0.8516680252144514,2.81085858009255,3.559999999999988,5152.0,2505.0,2,4,7,311,0.8121909454327239
CS2_37,531,CS2_37_11_15_10.xlsx,32,2010-11-12 11:24:16,0.9225511395158463,0.8386828541053147,3.137162411391476,0.5726491332250804,0.9033437885530277,0.8523935476114994,2.825350314391844,3.559999999999988,5169.0,2479.0,2,4,7,312,0.8128566983598333
CS2_37,532,CS2_37_11_15_10.xlsx,33,2010-11-12 14:29:16,0.9226394270692637,0.8387631155175124,3.1426513265108382,0.5689003691679617,0.9031423180052746,0.8524730202628342,2.817988947107768,3.559999999999988,5179.0,2466.0,2,4,7,312,0.8129344882254605
CS2_37,533,CS2_37_11_15_10.xlsx,34,2010-11-12 17:34:12,0.9200226205474351,0.8363842004976683,3.135279501207976,0.5729092670785044,0.900575951097441,0.8495311192232192,2.79418058798752,3.559999999999988,5167.0,2492.0,2,4,7,312,0.8106288288224529
CS2_37,534,CS2_37_11_15_10.xlsx,35,2010-11-12 20:39:14,0.9282988507135208,0.8439080461032007,3.1520068533078778,0.5568056459572119,0.9110582145619971,0.8619185813791523,2.8924622471982526,3.569999999999988,5193.0,2413.0,2,4,7,314,0.8179209873159116
CS2_37,535,CS2_37_11_15_10.xlsx,36,2010-11-12 23:43:50,0.9299042403026689,0.8453674911842444,3.1807707690343334,0.5524490882057289,0.907103377965866,0.8636468320024867,2.8798795412870395,3.569999999999988,5246.0,2397.0,2,4,7,315,0.8193354906698406
CS2_37,536,CS2_37_11_15_10.xlsx,37,2010-11-13 02:49:08,0.9301219979839885,0.8455654527127168,3.1878987682837,0.5485090694054632,0.9066738535481242,0.8639545451525089,2.897465416684681,3.569999999999988,5259.0,2383.0,2,4,7,316,0.8195273562286137
CS2_37,537,CS2_37_11_15_10.xlsx,38,2010-11-13 05:54:26,0.930388984949559,0.8458081681359627,3.190399160893215,0.5463680755065005,0.907072878156534,0.8639952695067323,2.891485509600473,3.5749999999999877,5264.0,2377.0,2,4,7,316,0.8197625975437484
CS2_37,538,CS2_37_11_15_10.xlsx,39,2010-11-13 08:59:45,0.9307751621141662,0.8461592382856056,3.193669219790341,0.5449733491126094,0.9073909884598973,0.8642196723389852,2.8860818698257025,3.569999999999988,5269.0,2368.0,2,4,7,316,0.8201028569413676
CS2_37,539,CS2_37_11_15_10.xlsx,40,2010-11-13 12:05:00,0.931191151743981,0.8465374106763464,3.194528641109815,0.5450948839784151,0.9076387791594268,0.8649580584126851,2.890079095310589,3.5749999999999877,5271.0,2368.0,2,4,7,316,0.8204693840015592
CS2_37,540,CS2_37_11_15_10.xlsx,41,2010-11-13 15:10:18,0.931599630074821,0.8469087546134736,3.198990658132255,0.5417730493200511,0.9075339123703512,0.8652388272061562,2.9006338592671717,3.5749999999999877,5279.0,2350.0,2,4,7,316,0.8208292928815509
CS2_37,541,CS2_37_11_15_10.xlsx,42,2010-11-13 18:15:29,0.9314201115807208,0.8467455559824734,3.2036906860011793,0.5379883146771259,0.9075818633876344,0.8650200412425855,2.9049670689838942,3.5749999999999877,5287.0,2331.0,2,4,7,317,0.8206711197417015
CS2_37,542,CS2_37_11_15_10.xlsx,43,2010-11-13 21:20:27,0.9315452679154745,0.8468593344686132,3.20124327257666,0.5396931103107028,0.9079259632197715,0.8651293324985824,2.9008794062504735,3.5749999999999877,5283.0,2343.0,2,4,7,317,0.8207813945662495
CS2_37,543,CS2_37_11_15_10.xlsx,44,2010-11-14 00:25:34,0.9308944025941059,0.8462676387219145,3.201893036470229,0.5384028895758914,0.9072957744333908,0.8645492538339747,2.9033368581195713,3.5749999999999877,5284.0,2336.0,2,4,7,317,0.8202079193261862
CS2_37,544,CS2_37_11_15_10.xlsx,45,2010-11-14 03:30:32,0.9306173556095629,0.8460157778268753,3.2016682822643108,0.5369151029317706,0.9074331276534229,0.8641173464429389,2.8863428462218517,3.5749999999999877,5284.0,2335.0,2,4,7,317,0.8199638141622553
CS2_37,545,CS2_37_11_15_10.xlsx,46,2010-11-14 06:35:28,0.9304433115336224,0.8458575559396566,3.199598945958764,0.5386010954019372,0.9073352550795061,0.8639454896823403,2.885018607032247,3.5749999999999877,5280.0,2335.0,2,4,7,316,0.8198104645137877
CS2_37,546,CS2_37_11_15_10.xlsx,47,2010-11-14 09:40:20,0.930146659867944,0.8455878726072217,3.1970759963209305,0.5391769138645265,0.9074008172850621,0.8639129261374652,2.895022482781557,3.5749999999999877,5276.0,2341.0,2,4,7,316,0.8195490857314116
CS2_37,547,CS2_37_11_15_10.xlsx,48,2010-11-14 12:45:13,0.9299102816357419,0.8453729833052198,3.1974541952167943,0.5377317483327255,0.9077059544947628,0.8634479281568199,2.8912207777611116,3.5749999999999877,5277.0,2336.0,2,4,7,316,0.8193408136680409
CS2_37,548,CS2_37_11_15_10.xlsx,49,2010-11-14 15:50:02,0.929960771556523,0.8454188832332027,3.198874121673987,0.5370057178114903,0.9075778036968434,0.8633687581705513,2.8890103381074512,3.5749999999999877,5279.0,2329.0,2,4,7,316,0.8193853001669987
CS2_37,549,CS2_37_11_15_10.xlsx,50,2010-11-14 18:54:45,0.9299291481684762,0.8453901346986146,3.1969825557338107,0.537682167421422,0.9076703574788367,0.8636669162213942,2.886499196778198,3.5749999999999877,5276.0,2328.0,2,4,7,316,0.8193574369064187
CS2_37,550,CS2_37_11_22_10.xlsx,1,2010-11-15 12:55:15,0.925100636068123,0.8410005782437481,3.1460658063314226,0.586783819084914,0.9007157889778602,0.8498344295163552,2.713156715404721,3.559999999999988,5173.0,2540.0,2,4,7,313,0.8151030511756252
CS2_37,551,CS2_37_11_22_10.xlsx,2,2010-11-15 16:01:27,0.9222013630895511,0.8383648755359555,3.160334494132011,0.5667962873731588,0.8983999012955107,0.8485606788754267,2.724229926931057,3.554999999999988,5209.0,2428.0,2,4,7,313,0.8125485115300044
CS2_37,552,CS2_37_11_22_10.xlsx,3,2010-11-15 19:06:14,0.928317738161581,0.8439252165105281,3.131969389459239,0.5790749165618081,0.9101660344766915,0.8621094203826941,2.877601299844507,3.569999999999988,5160.0,2507.0,2,4,7,312,0.8179376289827126
CS2_37,553,CS2_37_11_22_10.xlsx,4,2010-11-15 22:11:52,0.9308424713390311,0.8462204284900282,3.1893766107030457,0.5467020244436027,0.9076481305201868,0.864095970563981,2.8841196677457495,3.569999999999988,5261.0,2352.0,2,4,7,316,0.820162162872442
CS2_37,554,CS2_37_11_22_10.xlsx,5,2010-11-16 01:16:44,0.9311916455478468,0.8465378595889516,3.197317972175696,0.5442962920441079,0.9068925347208782,0.8643719212416756,2.880277734731146,3.5749999999999877,5275.0,2336.0,2,4,7,316,0.8204698190904804
CS2_37,555,CS2_37_11_22_10.xlsx,6,2010-11-16 04:21:34,0.9183704878244159,0.8348822616585598,3.163807792414326,0.5659014341178604,0.8938492154598533,0.8462509587019955,2.735126386936029,3.559999999999988,5221.0,2436.0,2,4,7,313,0.809173140250879
CS2_37,556,CS2_37_11_22_10.xlsx,7,2010-11-16 07:26:29,0.9168631900165494,0.8335119909241357,3.112976227000671,0.5801184588561372,0.9006040240184626,0.8463152503967379,2.8294884673870584,3.554999999999988,5128.0,2495.0,2,4,7,310,0.8078450652346904
CS2_37,557,CS2_37_11_22_10.xlsx,8,2010-11-16 10:30:45,0.9160466891212575,0.8327697173829613,3.1175029538712695,0.5737011131074461,0.900578559055618,0.8446792000116476,2.761726186371997,3.554999999999988,5136.0,2468.0,2,4,7,311,0.807125649048935
CS2_37,558,CS2_37_11_22_10.xlsx,9,2010-11-16 13:34:38,0.9158706494069202,0.8326096812790182,3.1119091184431213,0.5739874100785025,0.9018566349957537,0.844771518182474,2.742751957958337,3.559999999999988,5126.0,2472.0,2,4,7,310,0.8069705410502049
CS2_37,559,CS2_37_11_22_10.xlsx,10,2010-11-16 16:38:27,0.9142694775851758,0.831154070531978,3.112935487467669,0.570726014599485,0.9004783730190408,0.843162964254257,2.7717074061516946,3.554999999999988,5128.0,2458.0,2,4,7,310,0.8055597539569138
CS2_37,560,CS2_37_11_22_10.xlsx,11,2010-11-16 19:41:58,0.9220982724010671,0.8382711567282428,3.1083480940100263,0.5782747067566495,0.9097335548780356,0.8558687121202145,2.8597371153675497,3.569999999999988,5119.0,2481.0,2,4,7,310,0.8124576786719835
CS2_37,561,CS2_37_11_22_10.xlsx,12,2010-11-16 22:46:08,0.92444445430408,0.8404040493673454,3.160178542879135,0.5514219746672558,0.9071280644328921,0.8575725035920873,2.8514733368736165,3.569999999999988,5211.0,2381.0,2,4,7,314,0.8145248916358474
CS2_37,562,CS2_37_11_22_10.xlsx,13,2010-11-17 01:50:17,0.9250007356072203,0.8409097596429275,3.168795068237351,0.5464874873096077,0.9067396308248444,0.8583368175641066,2.8643137490219903,3.569999999999988,5227.0,2365.0,2,4,7,315,0.8150150292163693
CS2_37,563,CS2_37_11_22_10.xlsx,14,2010-11-17 04:54:29,0.7881385417480882,0.7164895834073528,3.1417478877561793,,,,,,5181.0,,2,,7,278,0.6944262116804643
CS2_37,564,CS2_37_11_22_10.xlsx,15,2010-11-17 07:11:01,0.9125588231390029,0.8295989301263662,3.1207505552560884,0.5867745121090719,0.8935223595924673,0.842386792312005,2.7891537144868512,3.559999999999988,5142.0,2553.0,2,4,7,310,0.8040525020923934
CS2_37,565,CS2_37_11_22_10.xlsx,16,2010-11-17 10:16:14,0.9121041022554763,0.8291855475049784,3.1067835641796946,0.5708148325376853,0.9003077035827659,0.8410174876916577,2.753456841258198,3.559999999999988,5118.0,2476.0,2,4,7,309,0.8036518490551509
CS2_37,566,CS2_37_11_22_10.xlsx,17,2010-11-17 13:19:46,0.9113542317692094,0.8285038470629176,3.1011274412136056,0.5696432876469629,0.9014151318776027,0.8401312910051268,2.7501807523935193,3.559999999999988,5109.0,2476.0,2,4,7,309,0.8029911406981222
CS2_37,567,CS2_37_11_22_10.xlsx,18,2010-11-17 16:23:06,0.9095380436966636,0.8268527669969669,3.0949108796856883,0.572079425099689,0.8999605908703907,0.8379232781076179,2.7352651394889986,3.554999999999988,5098.0,2486.0,2,4,7,308,0.801390903511244
CS2_37,568,CS2_37_11_22_10.xlsx,19,2010-11-17 19:26:18,0.9171559953607584,0.8337781776006894,3.0816558086136765,0.5848746912902802,0.9097010866418088,0.8505995676686717,2.860794211040657,3.569999999999988,5075.0,2544.0,2,4,7,309,0.8081030550361888
CS2_37,569,CS2_37_11_22_10.xlsx,20,2010-11-17 22:30:31,0.9193931608793235,0.8358119644357486,3.13973115983341,0.5526958140449711,0.9063890702355789,0.8522913561568379,2.858819905749693,3.5749999999999877,5177.0,2400.0,2,4,7,312,0.8100742140312985
CS2_37,570,CS2_37_11_22_10.xlsx,21,2010-11-18 01:34:09,0.9202972187550316,0.8366338352318468,3.1517699913657027,0.546038607909735,0.9063828194077214,0.8532662586101629,2.8352903826829805,3.569999999999988,5198.0,2368.0,2,4,7,313,0.810870776377273
CS2_37,571,CS2_37_11_22_10.xlsx,22,2010-11-18 04:37:39,0.9071023784883074,0.8246385258984612,3.117165084496825,0.5717629718968735,0.8921030953319748,0.8344030153117223,2.706821387814675,3.554999999999988,5141.0,2488.0,2,4,7,310,0.7992448471087628
CS2_37,572,CS2_37_11_22_10.xlsx,23,2010-11-18 07:41:28,0.9054932727101637,0.8231757024637851,3.0658664463263894,0.5832122062211135,0.90007124050627,0.8346288054742791,2.7243389498758512,3.559999999999988,5048.0,2544.0,2,4,7,307,0.79782706943324
CS2_37,573,CS2_37_11_22_10.xlsx,24,2010-11-18 10:44:35,0.9074011421009196,0.8249101291826542,3.080461028413869,0.5695717034087971,0.9025972392881837,0.8360512401218799,2.718737444222221,3.559999999999988,5073.0,2487.0,2,4,7,308,0.7995080867204611
CS2_37,574,CS2_37_11_22_10.xlsx,25,2010-11-18 13:47:17,0.8994060595864184,0.8176418723512894,3.079666276876784,0.5665689590007441,0.8931858435052065,0.8233046251809788,2.626165000675929,3.5499999999999883,5072.0,2452.0,2,4,7,307,0.7924636464748369
CS2_37,575,CS2_37_11_22_10.xlsx,26,2010-11-18 16:48:59,0.8910437015726167,0.8100397287023787,3.001828895168051,0.6091242874324225,0.8912470598889616,0.8142491071792595,2.59808323209314,3.5449999999999884,4938.0,2658.0,2,4,7,301,0.7850956010251624
CS2_37,576,CS2_37_11_22_10.xlsx,27,2010-11-18 19:51:23,0.9047682328783999,0.8225165753439998,2.9859558377412676,0.6209379954184374,0.9102197580260091,0.8367606877037125,2.7972564980316235,3.559999999999988,4907.0,2686.0,2,4,7,301,0.7971882392821699
CS2_37,577,CS2_37_11_22_10.xlsx,28,2010-11-18 22:54:30,0.9091698962977546,0.8265180875434132,3.0810666253352994,0.5696276389451372,0.905243809727947,0.8407569634350903,2.7993806038321396,3.569999999999988,5075.0,2476.0,2,4,7,308,0.8010665300793884
CS2_37,578,CS2_37_11_22_10.xlsx,29,2010-11-19 01:57:08,0.9108721293616568,0.8280655721469607,3.0955991155420173,0.5651116295837331,0.9047430355552619,0.8428392123392023,2.801553643214709,3.564999999999988,5101.0,2461.0,2,4,7,308,0.8025663618923855
CS2_37,579,CS2_37_11_22_10.xlsx,30,2010-11-19 05:00:03,0.8890178510519497,0.8081980464108633,3.0388293775885256,0.608659446074943,0.8803686078284897,0.8106809486890043,2.5935387237880465,3.5399999999999885,5004.0,2657.0,2,4,7,303,0.7833106309621868
CS2_37,580,CS2_37_11_22_10.xlsx,31,2010-11-19 08:03:25,0.886984667774815,0.8063496979771044,2.954891148913624,0.628879795001221,0.8933180563412046,,,,4856.0,2754.0,2,4,7,297,0.781519200032212
CS2_37,581,CS2_37_11_22_10.xlsx,32,2010-11-19 11:05:51,0.8845131434306204,0.8041028576642003,2.957275139079601,0.6218088237057827,0.8917433389476007,,,,4860.0,2728.0,2,4,7,297,0.7793415482660537
CS2_37,582,CS2_37_11_22_10.xlsx,33,2010-11-19 14:07:47,0.7408529512956719,0.6735026829960653,2.9369168853192393,,,,,,4825.0,,2,,7,260,0.6527630373708886
CS2_37,583,CS2_37_11_22_10.xlsx,34,2010-11-19 16:15:49,0.8781422188874863,0.798311108079533,2.9436344996441175,0.6455939913482316,0.8817651670185701,,,,4836.0,2843.0,2,4,7,296,0.7737281481326482
CS2_37,584,CS2_37_11_22_10.xlsx,35,2010-11-19 19:18:55,0.8931646798814157,0.811967890801287,2.9094812150953113,0.650636198296994,0.9086793431393475,0.8240719651484765,2.7520414899546517,3.554999999999988,4778.0,2900.0,2,4,7,296,0.7869643878615084
CS2_37,585,CS2_37_11_22_10.xlsx,36,2010-11-19 22:22:49,0.8993315133261319,0.8175741030237562,3.023543980712009,0.5877207171668747,0.9037248694472764,0.8304137216506614,2.753376256045118,3.559999999999988,4976.0,2580.0,2,4,7,303,0.7923979640162544
CS2_37,586,CS2_37_11_22_10.xlsx,37,2010-11-20 01:25:00,0.9015495759267438,0.819590523569767,3.0476450864492617,0.5775987956505327,0.9029893064935207,0.8325104448730319,2.761484655426475,3.564999999999988,5019.0,2534.0,2,4,7,305,0.7943522914947668
CS2_37,587,CS2_37_11_22_10.xlsx,38,2010-11-20 04:27:17,0.9029494588229525,0.8208631443845023,3.060376953300924,0.5707867604557036,0.9035664867862554,0.8339434500306588,2.749019956667601,3.569999999999988,5041.0,2501.0,2,4,7,305,0.7955857235944765
CS2_37,588,CS2_37_11_22_10.xlsx,39,2010-11-20 07:29:27,0.9038014549278373,0.8216376862980338,3.0665857178084437,0.5694710787615453,0.9035217090884475,0.8351602243412958,2.7702167789938428,3.564999999999988,5052.0,2494.0,2,4,7,306,0.796336414489721
CS2_37,589,CS2_37_11_22_10.xlsx,40,2010-11-20 10:31:43,0.9042041674459043,0.8220037885871856,3.0730655310324235,0.5646593396224262,0.9036101145010665,0.8359665229244655,2.7825811975498644,3.564999999999988,5064.0,2470.0,2,4,7,306,0.7966912431315196
CS2_37,590,CS2_37_11_22_10.xlsx,41,2010-11-20 13:33:48,0.90582118049808,0.8234738004527999,3.081000538416891,0.5589699843681416,0.9050320741005828,0.8378131542918338,2.7809484748660886,3.564999999999988,5078.0,2444.0,2,4,7,308,0.7981159878795302
CS2_37,591,CS2_37_11_22_10.xlsx,42,2010-11-20 16:35:48,0.906238582293355,0.8238532566303226,3.0894798203558436,0.5552502204381317,0.9046993825224307,0.8381204021242304,2.785689721306199,3.569999999999988,5093.0,2424.0,2,4,7,308,0.7984837591939472
CS2_37,592,CS2_37_11_22_10.xlsx,43,2010-11-20 19:37:43,0.906594566802255,0.8241768789111409,3.092889587442675,0.5527697129139233,0.9048984031623386,0.838605739122675,2.792402232740136,3.569999999999988,5099.0,2413.0,2,4,7,308,0.7987974159444268
CS2_37,593,CS2_37_11_22_10.xlsx,44,2010-11-20 22:39:33,0.9043402166719048,0.8221274697017316,3.0876456840664104,0.5561972664842134,0.9026696114343598,0.8360656145077418,2.7760307422832677,3.569999999999988,5091.0,2425.0,2,4,7,307,0.7968111156458165
CS2_37,594,CS2_37_11_22_10.xlsx,45,2010-11-21 01:41:21,0.9037502071395451,0.8215910973995864,3.0808398266952444,0.557696464706914,0.9032365747618295,0.8353751382780847,2.7699303988236204,3.569999999999988,5078.0,2435.0,2,4,7,307,0.7962912602362547
CS2_37,595,CS2_37_11_22_10.xlsx,46,2010-11-21 04:43:03,0.9034126583077935,0.8212842348252667,3.078488483377473,0.5581008878104115,0.9031506065744367,0.8348440970523385,2.7738438886362884,3.564999999999988,5074.0,2438.0,2,4,7,307,0.795993847098749
CS2_37,596,CS2_37_11_22_10.xlsx,47,2010-11-21 07:44:44,0.9029347298648318,0.8208497544225744,3.07675885591679,0.5578211202060938,0.903258149813933,0.8345271472908244,2.778508905323921,3.564999999999988,5071.0,2439.0,2,4,7,306,0.7955727459591396
CS2_37,597,CS2_37_11_22_10.xlsx,48,2010-11-21 10:46:21,0.9026169048007588,0.8205608225461444,3.0742540614183063,0.5593132062152151,0.9031831748176946,0.8341358682545628,2.780800905244011,3.564999999999988,5067.0,2440.0,2,4,7,306,0.7952927113668308
CS2_37,598,CS2_37_11_22_10.xlsx,49,2010-11-21 13:47:54,0.902786728426598,0.8207152076605436,3.0767771613653614,0.5566150302523065,0.903388595722546,0.8342487381824583,2.766033347302569,3.569999999999988,5071.0,2431.0,2,4,7,306,0.7954423423909446
CS2_37,599,CS2_37_11_22_10.xlsx,50,2010-11-21 16:49:23,0.9027323435071963,0.8206657668247239,3.0777745267142596,0.5546392687003241,0.9040423990480045,0.8342255517224497,2.771261569796272,3.569999999999988,5073.0,2426.0,2,4,7,307,0.7953944240218355
CS2_37,600,CS2_37_11_24_10.xlsx,1,2010-11-22 13:15:42,0.8862784746547651,0.8057077042316045,2.971234765502854,0.6460045831241722,0.8853554921082226,0.8030926852213206,2.492690573777143,3.5399999999999885,4871.0,2834.0,2,4,7,298,0.7808969756552853
CS2_37,601,CS2_37_11_24_10.xlsx,2,2010-11-22 16:19:39,0.8809394491558311,0.8008540446871192,2.9609911399382227,0.6228783377101687,0.88686440707654,0.799795274738214,2.5499906097362954,3.5349999999999886,4866.0,2695.0,2,4,7,298,0.7761927782903566
CS2_37,602,CS2_37_11_24_10.xlsx,3,2010-11-22 19:20:54,0.8926079513281702,0.8114617739347001,2.9313151460861784,0.6341561568118158,0.9069319988904492,0.8223019486866285,2.719174862221965,3.554999999999988,4815.0,2763.0,2,4,7,297,0.7864738562104269
CS2_37,603,CS2_37_11_24_10.xlsx,4,2010-11-22 22:23:06,0.8970567073735176,0.8155060976122886,3.0217378677687536,0.582993554293735,0.9029658932911822,0.8274705687484165,2.74355126366819,3.559999999999988,4973.0,2521.0,2,4,7,303,0.7903936401616204
CS2_37,604,CS2_37_11_24_10.xlsx,5,2010-11-23 01:24:07,0.8986487024464629,0.8169533658604208,3.0424983838045474,0.5731762755449257,0.9023566865998354,0.8298091502102702,2.74236267108349,3.559999999999988,5010.0,2482.0,2,4,7,304,0.7917963416524868
CS2_37,605,CS2_37_11_24_10.xlsx,6,2010-11-23 04:25:12,0.8781845883662927,0.7983496257875388,2.993360379381996,0.6080003175761998,0.8800657701100187,0.7978165573544311,2.5007550893337815,3.5399999999999885,4931.0,2646.0,2,4,7,299,0.7737654797375627
CS2_37,606,CS2_37_11_24_10.xlsx,7,2010-11-23 07:26:36,0.8739969124797193,0.7945426477088356,2.908415949931788,0.6331202674930714,0.8893907850760544,,,,4777.0,2744.0,2,4,7,294,0.7700757326339522
CS2_37,607,CS2_37_11_24_10.xlsx,8,2010-11-23 10:26:49,0.8731441159259461,0.7937673781144964,2.900739222242711,0.6294603876289594,0.8918967771685522,,,,4765.0,2737.0,2,4,7,293,0.769324336465891
CS2_37,608,CS2_37_11_24_10.xlsx,9,2010-11-23 13:26:40,0.8711889251469209,0.7919899319517463,2.892318440706171,0.6336159835359693,0.890611580966185,,,,4750.0,2757.0,2,4,7,293,0.7676016244630246
CS2_37,609,CS2_37_11_24_10.xlsx,10,2010-11-23 16:26:30,0.8671598265225544,0.7883271150205039,2.8865220246557195,0.6298002019063612,0.8880487799093799,,,,4740.0,2748.0,2,4,7,291,0.7640515992504522
CS2_37,610,CS2_37_11_24_10.xlsx,11,2010-11-23 19:25:47,0.8788744436507763,0.7989767669552511,2.8571356355998128,0.6553472614664759,0.9045561508208021,0.8079490148581255,2.67911242348662,3.5499999999999883,4689.0,2876.0,2,4,7,292,0.7743733089026599
CS2_37,611,CS2_37_11_24_10.xlsx,12,2010-11-23 22:27:00,0.8849969898032395,0.804542718002945,2.9583775780843284,0.5980327331488081,0.901501300289981,0.8144117923548317,2.696278559994116,3.554999999999988,4865.0,2613.0,2,4,7,298,0.7797678636735301
CS2_37,612,CS2_37_11_24_10.xlsx,13,2010-11-24 01:27:06,0.8867212191994387,0.8061101992722169,2.978656698858733,0.5912905967771621,0.9005438699130335,0.8166070568543574,2.709571098469068,3.559999999999988,4901.0,2583.0,2,4,7,299,0.7812870763807466
CS2_37,613,CS2_37_11_24_10.xlsx,14,2010-11-24 04:27:25,0.867129849412775,0.7882998631025228,2.937930937135965,0.6198185167756222,0.8785817810674594,,,,4836.0,2721.0,2,4,7,295,0.7640251865201028
CS2_37,614,CS2_37_11_24_10.xlsx,15,2010-11-24 07:27:51,0.8626035955336047,0.7841850868487314,2.854813389372511,0.64436240832481,0.8874842724405284,,,,4686.0,2823.0,2,4,7,290,0.7600371194888358
CS2_37,615,CS2_37_11_24_10.xlsx,16,2010-11-24 10:27:15,0.8619882125416058,0.7836256477650961,2.8429783542780807,0.6429797609804278,0.8903362161116202,,,,4666.0,2825.0,2,4,7,289,0.7594949076095405
CS2_37,616,CS2_37_11_24_10.xlsx,17,2010-11-24 13:26:20,,,2.832893126030743,0.3973035671496683,,,,,4649.0,926.0,2,4,,181,
CS2_37,617,CS2_37_12_06_10.xlsx,1,2010-11-29 10:34:08,0.879325634292066,0.7993869402655145,,0.27646552126958496,,,,,,1580.0,,4,7,127,0.774770851455371
CS2_37,618,CS2_37_12_06_10.xlsx,2,2010-11-29 11:55:19,0.871172872133461,0.7919753383031463,2.9344945645247105,0.5958054144806563,0.8895517406494897,,,,4823.0,2530.0,2,4,7,295,0.7675874802069927
CS2_37,619,CS2_37_12_06_10.xlsx,3,2010-11-29 14:52:35,0.8686052167363558,0.7896411061239598,2.8914194047981123,0.6190185433941876,0.8916790492892818,,,,4748.0,2647.0,2,4,7,292,0.7653251276942508
CS2_37,620,CS2_37_12_06_10.xlsx,4,2010-11-29 17:50:25,0.8657266951285032,0.7870242682986393,2.8630646659509877,0.6392113639859142,0.8895695570090947,,,,4700.0,2743.0,2,4,7,290,0.7627888720114011
CS2_37,621,CS2_37_12_06_10.xlsx,5,2010-11-29 20:48:53,0.8795474253116811,0.7995885684651646,2.9004983506564623,0.6058921132369969,0.9075071151191144,0.8094785539409531,2.69433630797097,3.5499999999999883,4762.0,2601.0,2,4,7,294,0.7749662707749165
CS2_37,622,CS2_37_12_06_10.xlsx,6,2010-11-29 23:46:47,0.8824105010550003,0.8021913645954547,2.954011026879961,0.5939430751534257,0.9008699099772935,0.8128777002876831,2.6892715102084814,3.5499999999999883,4858.0,2550.0,2,4,7,297,0.7774889171586064
CS2_37,623,CS2_37_12_06_10.xlsx,7,2010-11-30 02:45:35,0.8743132589381837,0.7948302353983487,2.9650983626697043,0.5913455158102262,0.8881505903595301,0.7944464831343271,2.5222037255852574,3.5349999999999886,4878.0,2550.0,2,4,7,297,0.7703544644318449
CS2_37,624,CS2_37_12_06_10.xlsx,8,2010-11-30 05:44:16,0.8626850162733444,0.7842591057030402,2.872284247320829,0.63884969672412,0.8838249451438335,,,,4717.0,2778.0,2,4,7,291,0.7601088590280852
CS2_37,625,CS2_37_12_06_10.xlsx,9,2010-11-30 08:43:27,0.8627082018518761,0.7842801835017055,2.835360632922436,0.6518081635463909,0.890387989867906,,,,4652.0,2830.0,2,4,7,288,0.7601292877631521
CS2_37,626,CS2_37_12_06_10.xlsx,10,2010-11-30 11:42:24,0.8591552584602082,0.7810502349638256,2.8361946112256797,0.6485112496096311,0.8865021652249266,,,,4655.0,2816.0,2,4,7,288,0.7569988013206053
CS2_37,627,CS2_37_12_06_10.xlsx,11,2010-11-30 14:40:59,0.8563692287459492,0.7785174806781356,2.8142378714216765,0.6549854087903867,0.8869194118685985,,,,4617.0,2852.0,2,4,7,286,0.7545440399333357
CS2_37,628,CS2_37_12_06_10.xlsx,12,2010-11-30 17:39:22,0.8537247897320572,0.776113445210961,2.799341707840411,0.6582139371379433,0.8866209186595726,,,,4593.0,2873.0,2,4,7,286,0.7522140336347426
CS2_37,629,CS2_37_12_06_10.xlsx,13,2010-11-30 20:37:34,0.8678008878537238,0.7889098980488397,2.8298492422687507,0.6347380617000499,0.9045658899500948,,,,4641.0,2765.0,2,4,7,288,0.7646164362278082
CS2_37,630,CS2_37_12_06_10.xlsx,14,2010-11-30 23:35:32,0.8710416422585663,0.7918560384168783,2.89149486859746,0.6149723702550158,0.8980184409867334,0.7997079013905601,2.6703777646120987,3.5499999999999883,4752.0,2687.0,2,4,7,293,0.7674718540067054
CS2_37,631,CS2_37_12_06_10.xlsx,15,2010-12-01 02:34:14,0.8654750989365549,0.7867955444877771,2.9109130886848633,0.60347690351445,0.8896656600764512,0.7864573912898531,2.4244354570160125,3.5399999999999885,4786.0,2643.0,2,4,7,293,0.7625671914550102
CS2_37,632,CS2_37_12_06_10.xlsx,16,2010-12-01 05:32:29,0.8525288309543484,0.7750262099584985,2.836392876611704,0.6412307091439448,0.8812563238564693,,,,4657.0,2811.0,2,4,7,288,0.7511602783882497
CS2_37,633,CS2_37_12_06_10.xlsx,17,2010-12-01 08:30:38,0.8517060186102778,0.7742781987366162,2.786050740116162,0.6608973967644787,0.8888333605213842,,,,4570.0,2906.0,2,4,7,285,0.7504353012062563
CS2_37,634,CS2_37_12_06_10.xlsx,18,2010-12-01 11:28:53,0.8469752595333198,0.7699775086666543,2.788652795692525,0.651273918977317,0.88450389546089,,,,4575.0,2862.0,2,4,7,284,0.7462670453347715
CS2_37,635,CS2_37_12_06_10.xlsx,19,2010-12-01 14:26:14,0.8455971510324769,0.7687246827567972,2.7643991282687166,0.6597634324835235,0.8868285314378732,,,,4533.0,2906.0,2,4,7,283,0.7450527985813996
CS2_37,636,CS2_37_12_06_10.xlsx,20,2010-12-01 17:23:32,0.8433009170333499,0.7666371973030452,2.7571527823966173,0.6602967681186738,0.8855612564732483,,,,4521.0,2915.0,2,4,7,282,0.7430295945472345
CS2_37,637,CS2_37_12_06_10.xlsx,21,2010-12-01 20:20:39,0.8563899849639469,0.7785363499672244,2.777983092600138,0.6469089897906193,0.9017772859989441,,,,4553.0,2844.0,2,4,7,284,0.7545623281670275
CS2_37,638,CS2_37_12_06_10.xlsx,22,2010-12-01 23:17:51,0.8600751089342218,0.7818864626674743,2.8439804441324417,0.6204005662363774,0.8964750517392004,0.7870152044797326,2.6326270286772484,3.5449999999999884,4671.0,2733.0,2,4,7,289,0.7578092784716971
CS2_37,639,CS2_37_12_06_10.xlsx,23,2010-12-02 02:15:22,0.8578015927941678,0.7798196298128798,2.86093386437187,0.6134617030361518,0.8925087292305888,0.7831372960100055,2.64372280838704,3.5499999999999883,4701.0,2704.0,2,4,7,289,0.755806091066561
CS2_37,640,CS2_37_12_06_10.xlsx,24,2010-12-02 05:12:46,0.8428886136385145,0.7662623760350131,2.791974756432885,0.6586997280104495,0.8774021431213456,,,,4582.0,2915.0,2,4,7,284,0.742666315416254
CS2_37,641,CS2_37_12_06_10.xlsx,25,2010-12-02 08:10:53,0.8449360023393027,0.7681236384902751,2.7635367976385936,0.650860326113222,0.8900673843488881,,,,4532.0,2886.0,2,4,7,282,0.7444702626971118
CS2_37,642,CS2_37_12_06_10.xlsx,26,2010-12-02 11:07:49,0.8454844151722938,0.7686221956111761,2.7833773778891966,0.6368920515035232,0.8898456237261847,,,,4567.0,2812.0,2,4,7,284,0.7449534673951161
CS2_37,643,CS2_37_12_06_10.xlsx,27,2010-12-02 14:04:07,0.844529982337356,0.7677545293975963,2.782957147511103,0.636890978156453,0.8890167213904477,,,,4566.0,2821.0,2,4,7,284,0.7441125198424191
CS2_37,644,CS2_37_12_06_10.xlsx,28,2010-12-02 17:00:29,0.8423573497673864,0.7657794088794422,2.7799770435148514,0.6337266136407679,0.8878424272990286,,,,4561.0,2807.0,2,4,7,282,0.7421982206107242
CS2_37,645,CS2_37_12_06_10.xlsx,29,2010-12-02 19:56:27,0.8532601762864225,0.7756910693512931,2.7721927995217035,0.6411576654188028,0.9024506901395426,0.7802795850434403,2.609290591766622,3.5449999999999884,4546.0,2819.0,2,4,7,284,0.7518046642943823
CS2_37,646,CS2_37_12_06_10.xlsx,30,2010-12-02 22:52:57,0.8559905049076697,0.7781731862796997,2.840378531467981,0.6104489779053955,0.8964222550049344,0.7829347717706928,2.596450535530359,3.5499999999999883,4666.0,2700.0,2,4,7,288,0.7542103476364127
CS2_37,647,CS2_37_12_06_10.xlsx,31,2010-12-03 01:49:36,0.8572192166772545,0.7792901969793222,2.851133764368627,0.6052812549661,0.8966876020905158,0.784966021403582,2.6190550936250006,3.5499999999999883,4685.0,2680.0,2,4,7,289,0.7552929614336107
CS2_37,648,CS2_37_12_06_10.xlsx,32,2010-12-03 04:46:19,0.8424236554657334,0.7658396867870303,2.823089831615465,0.6269226106969208,0.8791179909187677,,,,4639.0,2781.0,2,4,7,286,0.7422566423379674
CS2_37,649,CS2_37_12_06_10.xlsx,33,2010-12-03 07:43:09,0.84216420203418,0.7656038200310726,2.7705870820558296,0.6345322136380959,0.8907187158387775,,,,4545.0,2810.0,2,4,7,282,0.7420280387942535
CS2_37,650,CS2_37_12_06_10.xlsx,34,2010-12-03 10:38:53,0.8414877464018993,0.764988860365363,2.777569706903064,0.6282837239938366,0.8898975412702254,,,,4558.0,2783.0,2,4,7,282,0.7414320160175312
CS2_37,651,CS2_37_12_06_10.xlsx,35,2010-12-03 13:34:19,0.8402734934910967,0.7638849940828151,2.7751716602884233,0.627616562358733,0.8893539894190371,,,,4554.0,2782.0,2,4,7,282,0.7403621418720536
CS2_37,652,CS2_37_12_06_10.xlsx,36,2010-12-03 16:29:37,0.8372275719707574,0.7611159745188703,2.7686801096562865,0.6274233220552193,0.8871666123394029,,,,4543.0,2772.0,2,4,7,282,0.7376783906907527
CS2_37,653,CS2_37_12_06_10.xlsx,37,2010-12-03 19:24:24,0.8467830192439685,0.769802744767244,2.7465544509532105,0.6454891804351223,0.9009690615643903,0.7735167655177373,2.5936254428405965,3.5449999999999884,4505.0,2875.0,2,4,7,282,0.7460976630640219
CS2_37,654,CS2_37_12_06_10.xlsx,38,2010-12-03 22:20:47,0.849776641392296,0.7725242194475418,2.8165616476239665,0.608730770855681,0.8964110087468548,0.7768226605458124,2.588159982751292,3.5499999999999883,4626.0,2695.0,2,4,7,286,0.7487353334449869
CS2_37,655,CS2_37_12_06_10.xlsx,39,2010-12-04 01:16:22,0.8507617259804547,0.7734197508913224,2.830895215362132,0.6021043876224557,0.8957375818355522,0.7781235878056372,2.5838451491431376,3.5499999999999883,4651.0,2666.0,2,4,7,286,0.749603288154095
CS2_37,656,CS2_37_12_06_10.xlsx,40,2010-12-04 04:11:55,0.8512801740660763,0.7738910673327966,2.834756851500342,0.6004500703827114,0.8960718219168908,0.7788733413570987,2.5770351875467385,3.5499999999999883,4658.0,2655.0,2,4,7,288,0.7500600910142274
CS2_37,657,CS2_37_12_06_10.xlsx,41,2010-12-04 07:07:28,0.8510939981232042,0.7737218164756401,2.83693828055105,0.5999186465009403,0.89533149725417,0.7788713542912236,2.5974108705456023,3.5499999999999883,4662.0,2655.0,2,4,7,288,0.7498960520187129
CS2_37,658,CS2_37_12_06_10.xlsx,42,2010-12-04 10:03:03,0.8507553262960386,0.7734139329963986,2.8374895018330943,0.5978074507434179,0.895536411230453,0.7784508732892943,2.601933020584646,3.5499999999999883,4663.0,2648.0,2,4,7,287,0.7495976494137344
CS2_37,659,CS2_37_12_06_10.xlsx,43,2010-12-04 12:58:32,0.8507422239377505,0.7734020217615912,2.839386289369775,0.5957913736825374,0.8956133778137558,0.7783105824371652,2.584552498046488,3.5499999999999883,4666.0,2636.0,2,4,7,287,0.7495861049700254
CS2_37,660,CS2_37_12_06_10.xlsx,44,2010-12-04 15:53:51,0.8512820889166122,0.773892808106011,2.838583231716798,0.5955283552345279,0.8966021588380909,0.7794325589616117,2.601268037195814,3.5499999999999883,4665.0,2637.0,2,4,7,288,0.7500617781825781
CS2_37,661,CS2_37_12_06_10.xlsx,45,2010-12-04 18:49:12,0.8520502702066466,0.774591154733315,2.8471358920078456,0.5911972120982261,0.8970261474861074,0.7803828698998995,2.605970294394666,3.554999999999988,4680.0,2612.0,2,4,7,288,0.7507386201270657
CS2_37,662,CS2_37_12_06_10.xlsx,46,2010-12-04 21:44:24,0.851782334776388,0.7743475770694436,2.8506848281237334,0.5875192880386579,0.8967717163466097,0.7800727900159745,2.606725128936749,3.554999999999988,4686.0,2599.0,2,4,7,289,0.7505025431228924
CS2_37,663,CS2_37_12_06_10.xlsx,47,2010-12-05 00:39:30,0.8515909590174502,0.7741735991067729,2.8488991237380965,0.5888801026392751,0.8966214116880934,0.7801026234665083,2.604168567525522,3.554999999999988,4683.0,2602.0,2,4,7,289,0.7503339225869751
CS2_37,664,CS2_37_12_06_10.xlsx,48,2010-12-05 03:34:35,0.8509168262309572,0.773560751119052,2.8494506402215847,0.5869722383471806,0.8962898898203577,0.779209691316285,2.596707847204238,3.554999999999988,4684.0,2591.0,2,4,7,289,0.7497399464618442
CS2_37,665,CS2_37_12_06_10.xlsx,49,2010-12-05 06:29:26,0.8503661962319597,0.7730601783926906,2.847591555461803,0.586469643327402,0.8962230395205367,0.7789813980500161,2.5969497566294186,3.554999999999988,4681.0,2589.0,2,4,7,287,0.7492547882263474
CS2_37,666,CS2_37_12_06_10.xlsx,50,2010-12-05 09:24:12,0.8496930561072702,0.772448232824791,2.845825952424187,0.5862955957101678,0.8958742048241498,0.7783831815064195,2.5934498327804363,3.554999999999988,4678.0,2584.0,2,4,7,287,0.7486616867321844
CS2_37,667,CS2_37_12_13_10.xlsx,1,2010-12-06 12:33:56,0.849072443561089,0.77188403960099,2.7777995459417966,0.6439330766327908,0.8950225268658244,0.7642543276764417,2.4546300335251705,3.5399999999999885,4546.0,2858.0,2,4,7,283,0.748114867110332
CS2_37,668,CS2_37_12_13_10.xlsx,2,2010-12-06 15:30:51,0.8428374933187731,0.7662159030170664,2.8202478842348304,0.6186994625798844,0.8831258726247033,0.7611311362845847,2.4683070135264575,3.5349999999999886,4630.0,2694.0,2,4,7,286,0.7426212734748979
CS2_37,669,CS2_37_12_13_10.xlsx,3,2010-12-06 18:26:06,0.8414822891732798,0.7649838992484361,2.7723401959776925,0.6313166263926536,0.8899752571208561,,,,4549.0,2741.0,2,4,7,282,0.7414272076717953
CS2_37,670,CS2_37_12_13_10.xlsx,4,2010-12-06 21:20:43,0.8490595652976047,0.7718723320887315,2.8072950640292667,0.6036455277752611,0.8992799961262928,0.7755526092240699,2.5851087300348126,3.5449999999999884,4609.0,2632.0,2,4,7,285,0.7481035201157991
CS2_37,671,CS2_37_12_13_10.xlsx,5,2010-12-07 00:14:56,0.849627046713028,0.7723882242845709,2.8341122073050062,0.5955764956975252,0.8957667398790455,0.7767344459804394,2.5834303156169853,3.5449999999999884,4656.0,2605.0,2,4,7,287,0.7486035260774888
CS2_37,672,CS2_37_12_13_10.xlsx,6,2010-12-07 03:09:30,0.8388431939818952,0.7625847218017229,2.8326608729503335,0.5930269417194332,0.8828755571307579,0.7580675322539786,2.4505073324909223,3.5349999999999886,4654.0,2559.0,2,4,7,286,0.739101909797195
CS2_37,673,CS2_37_12_13_10.xlsx,7,2010-12-07 06:02:42,0.8310574927271874,0.7555068115701703,2.7531392675640927,0.628479130751558,0.8836453584868091,,,,4517.0,2753.0,2,4,7,280,0.7322419546735809
CS2_37,674,CS2_37_12_13_10.xlsx,8,2010-12-07 08:56:24,0.830706048378838,0.7551873167080345,2.729034672650715,0.6331340863862456,0.8887915368017164,,,,4475.0,2780.0,2,4,7,279,0.731932298243254
CS2_37,675,CS2_37_12_13_10.xlsx,9,2010-12-07 11:49:50,0.8283602846784675,0.7530548042531522,2.726881959938027,0.6346177191112563,0.8865153596683363,,,,4472.0,2783.0,2,4,7,278,0.729865453756328
CS2_37,676,CS2_37_12_13_10.xlsx,10,2010-12-07 14:43:07,0.8260235101943714,0.7509304638130648,2.7147190422837455,0.635238114564692,0.886418131883766,,,,4452.0,2782.0,2,4,7,278,0.7278065296375517
CS2_37,677,CS2_37_12_13_10.xlsx,11,2010-12-07 17:35:56,0.8245899306691555,0.7496272096992322,2.705569745998967,0.6358135449599298,0.8868970928696714,,,,4436.0,2806.0,2,4,7,277,0.7265434075516424
CS2_37,678,CS2_37_12_13_10.xlsx,12,2010-12-07 20:28:49,0.8355104469651824,0.7595549517865294,2.7278802217543014,0.6174206113271835,0.9008636131870783,0.7607909796965538,2.5270089185469007,3.5449999999999884,4472.0,2721.0,2,4,7,279,0.7361654376381607
CS2_37,679,CS2_37_12_13_10.xlsx,13,2010-12-07 23:21:28,0.8372498404811068,0.761136218619188,2.7708875761189273,0.6096842772848361,0.8941397198623434,0.7625484463224439,2.5291628675509474,3.5449999999999884,4549.0,2690.0,2,4,7,282,0.7376980114001365
CS2_37,680,CS2_37_12_13_10.xlsx,14,2010-12-08 02:14:59,0.7056961005778515,0.6415419096162286,2.7766037709497438,,,,,,4559.0,,2,,7,248,0.6217864547456539
CS2_37,681,CS2_37_12_13_10.xlsx,15,2010-12-08 04:16:40,0.8220615583530915,0.7473286894119012,2.770353741988456,0.6452725115691472,0.8652860744590145,,,,4551.0,2889.0,2,4,7,280,0.7243156672291505
CS2_37,682,CS2_37_12_13_10.xlsx,16,2010-12-08 07:12:42,0.8187099816424368,0.7442818014931243,2.6809842574889786,0.6494066701364004,0.8830025221974462,,,,4395.0,2886.0,2,4,7,275,0.7213626042902741
CS2_37,683,CS2_37_12_13_10.xlsx,17,2010-12-08 10:05:55,0.820856949196056,0.7462335901782327,2.6812549583584526,0.6416310880070452,0.8883630372166799,,,,4395.0,2842.0,2,4,7,275,0.7232542901626003
CS2_37,684,CS2_37_12_13_10.xlsx,18,2010-12-08 12:58:30,0.8182310043849004,0.7438463676226367,2.6878652921345294,0.637761272151533,0.884049589838417,,,,4407.0,2827.0,2,4,7,275,0.7209405790436794
CS2_37,685,CS2_37_12_13_10.xlsx,19,2010-12-08 15:50:54,0.8168878091202778,0.7426252810184343,2.6744327825094762,0.6411584405934814,0.8852225398866399,,,,4384.0,2845.0,2,4,7,275,0.7197570942250202
CS2_37,686,CS2_37_12_13_10.xlsx,20,2010-12-08 18:43:07,0.8212130506131228,0.7465573187392025,2.667921515802966,0.6397177931940519,0.8927144801428446,,,,4373.0,2850.0,2,4,7,274,0.7235680499204714
CS2_37,687,CS2_37_12_13_10.xlsx,21,2010-12-08 21:35:30,0.8277292078644614,0.7524810980586012,2.714752640311071,0.6196659339297813,0.8949755607999994,0.751827250235184,2.4777743290484295,3.5449999999999884,4454.0,2756.0,2,4,7,278,0.7293094141033787
CS2_37,688,CS2_37_12_13_10.xlsx,22,2010-12-09 00:28:02,0.8288585331262865,0.7535077573875332,2.736878235870541,0.6149454955850787,0.8923403151462926,0.7534230819950137,2.489090710698369,3.5499999999999883,4492.0,2729.0,2,4,7,279,0.7303044587837021
CS2_37,689,CS2_37_12_13_10.xlsx,23,2010-12-09 03:20:47,0.816532431598354,0.7423022105439581,2.743012888944061,0.6042895904782611,0.8770660114724965,,,,4503.0,2653.0,2,4,7,279,0.7194439722887188
CS2_37,690,CS2_37_12_13_10.xlsx,24,2010-12-09 06:11:48,0.8099012257162208,0.7362738415602007,2.658156693049241,0.6446439524086852,0.879989294547027,,,,4357.0,2860.0,2,4,7,273,0.7136012391451405
CS2_37,691,CS2_37_12_13_10.xlsx,25,2010-12-09 09:03:27,0.8102538982425287,0.7365944529477533,2.631612574768076,0.6560369403531624,0.8847090477495856,,,,4311.0,2891.0,2,4,7,271,0.7139119777189256
CS2_37,692,CS2_37_12_13_10.xlsx,26,2010-12-09 11:54:52,0.8106532313288888,0.7369574830262625,2.647742897577589,0.6401043003834939,0.8857432767442793,,,,4339.0,2849.0,2,4,7,272,0.714263828754842
CS2_37,693,CS2_37_12_13_10.xlsx,27,2010-12-09 14:46:04,0.8087149623706544,0.7351954203369585,2.6468373916517263,0.6387787551208655,0.8837455151729752,,,,4338.0,2849.0,2,4,7,272,0.7125560265112172
CS2_37,694,CS2_37_12_13_10.xlsx,28,2010-12-09 17:37:09,0.8048191839650514,0.7316538036045921,2.628980190319067,0.6455551261770981,0.8817966135206049,,,,4308.0,2880.0,2,4,7,270,0.7091234692938667
CS2_37,695,CS2_37_12_13_10.xlsx,29,2010-12-09 20:28:04,0.8179496581911323,0.7435905983555747,2.6367793973365763,0.637700403133499,0.899849078443048,,,,4318.0,2830.0,2,4,7,272,0.7206926858609963
CS2_37,696,CS2_37_12_13_10.xlsx,30,2010-12-09 23:19:02,0.8201632056367636,0.7456029142152396,2.6941974652305767,0.6227800799762049,0.8910215288780646,,,,4420.0,2767.0,2,4,7,276,0.7226430350516796
CS2_37,697,CS2_37_12_13_10.xlsx,31,2010-12-10 02:10:46,0.8209092893496219,0.7462811721360199,2.706386624582236,0.6153941677585311,0.8915150037867412,0.7450793966711349,2.44314559861459,3.5449999999999884,4441.0,2738.0,2,4,7,276,0.7233004068954262
CS2_37,698,CS2_37_12_13_10.xlsx,32,2010-12-10 05:02:24,0.8044981770810331,0.7313619791645755,2.6720953975707804,0.6427283133069169,0.8710967086782583,,,,4382.0,2855.0,2,4,7,272,0.7088406312107326
CS2_37,699,CS2_37_12_13_10.xlsx,33,2010-12-10 07:54:05,0.8059635618697385,0.7326941471543077,2.609491825977087,0.6536995138243028,0.886603296181985,,,,4274.0,2898.0,2,4,7,269,0.7101317768070611
CS2_37,700,CS2_37_12_13_10.xlsx,34,2010-12-10 10:44:47,0.8043647584908875,0.7312406895371704,2.6290545905019838,0.6416562270732802,0.8831431835832066,,,,4308.0,2847.0,2,4,7,270,0.7087230765408175
CS2_37,701,CS2_37_12_13_10.xlsx,35,2010-12-10 13:35:06,0.8049857170007542,0.7318051972734129,2.621510043750138,0.641041840387474,0.8867372248658805,,,,4295.0,2851.0,2,4,7,270,0.7092702009901066
CS2_37,702,CS2_37_12_13_10.xlsx,36,2010-12-10 16:25:18,0.8007970539009541,0.72799732172814,2.6225784272446284,0.6406697665041354,0.880801853649961,,,,4297.0,2847.0,2,4,7,270,0.7055795840562508
CS2_37,703,CS2_37_12_13_10.xlsx,37,2010-12-10 19:15:14,0.8094817139567034,0.7358924672333667,2.6003961913082247,0.6501650628066002,0.8960529138473446,,,,4259.0,2915.0,2,4,7,269,0.7132316087483439
CS2_37,704,CS2_37_12_13_10.xlsx,38,2010-12-10 22:06:08,0.678363200921936,0.6166938190199418,2.66486632429611,,,,,,4370.0,,2,,7,238,0.5977035290201836
CS2_37,705,CS2_37_12_13_10.xlsx,39,2010-12-11 00:03:10,0.8128742683230534,0.7389766075664121,2.7002694257821673,0.6373449034997076,0.8779918620857932,,,,4430.0,2858.0,2,4,7,275,0.7162207769614847
CS2_37,706,CS2_37_12_13_10.xlsx,40,2010-12-11 02:56:10,0.8141240950090776,0.7401128136446159,2.680212541823062,0.6195084220249334,0.8893814331518206,,,,4397.0,2755.0,2,4,7,274,0.7173219950403618
CS2_37,707,CS2_37_12_13_10.xlsx,41,2010-12-11 05:46:58,0.8145097595133777,0.7404634177394341,2.6848542034167853,0.6142087723223434,0.8900829683113303,0.7383452284042761,2.3941008212134363,3.5449999999999884,4405.0,2733.0,2,4,7,274,0.717661802734713
CS2_37,708,CS2_37_12_13_10.xlsx,42,2010-12-11 08:37:34,0.8149465138744603,0.7408604671586002,2.687936009767002,0.6116345013614358,0.8907092723320518,0.7389853067829616,2.388673930116698,3.5449999999999884,4410.0,2719.0,2,4,7,275,0.71804662552961
CS2_37,709,CS2_37_12_13_10.xlsx,43,2010-12-11 11:28:02,0.8152876162069163,0.7411705601881057,2.691821245209197,0.6083903404958738,0.890997294934511,0.7394281998489657,2.393030500804667,3.5449999999999884,4417.0,2704.0,2,4,7,276,0.7183471696446045
CS2_37,710,CS2_37_12_13_10.xlsx,44,2010-12-11 14:18:23,0.8158486399262088,0.7416805817510989,2.6959231306784197,0.6055858951022834,0.8915092259759102,0.7403044621369906,2.391711603361586,3.5449999999999884,4424.0,2691.0,2,4,7,277,0.7188414857520076
CS2_37,711,CS2_37_12_13_10.xlsx,45,2010-12-11 17:08:40,0.8161890911760636,0.7419900828873305,2.699299188333221,0.6044713762799054,0.8914224824606507,0.7409290993837718,2.400172602818047,3.5449999999999884,4430.0,2682.0,2,4,7,276,0.7191414562003176
CS2_37,712,CS2_37_12_13_10.xlsx,46,2010-12-11 19:58:54,0.816427571415062,0.7422068831046017,2.702791108393011,0.60202373582641,0.891692655654564,0.7414675900867469,2.3981293015304783,3.5499999999999883,4436.0,2670.0,2,4,7,276,0.7193515803347889
CS2_37,713,CS2_37_12_13_10.xlsx,47,2010-12-11 22:49:04,0.8164587920820594,0.7422352655291449,2.7057117636016694,0.5988133659927567,0.8918424849100273,0.7417392473890924,2.394991087976679,3.5499999999999883,4441.0,2654.0,2,4,7,276,0.7193790887592101
CS2_37,714,CS2_37_12_13_10.xlsx,48,2010-12-12 01:39:04,0.8166424602316411,0.7424022365742191,2.7055989800426166,0.6004127538371831,0.8916257815463432,0.7420896534388379,2.3797290728569904,3.5499999999999883,4441.0,2653.0,2,4,7,276,0.7195409181465123
CS2_37,715,CS2_37_12_13_10.xlsx,49,2010-12-12 04:29:03,0.816709932097254,0.7424635746338671,2.7086092404416786,0.5958585307031821,0.8925433090791153,0.7423883415113168,2.3948520078628643,3.5449999999999884,4446.0,2638.0,2,4,7,277,0.7196003673798015
CS2_37,716,CS2_37_12_13_10.xlsx,50,2010-12-12 07:18:53,0.8172240724629987,0.7429309749663624,2.7106004440759746,0.5935143265152786,0.893197752609309,0.7431675548382176,2.3981265888849923,3.5499999999999883,4450.0,2628.0,2,4,7,277,0.7200533747224753
CS2_37,717,CS2_37_12_20_10.xlsx,1,2010-12-13 12:36:53,0.812146251091015,0.7383147737191045,2.6058650469979066,0.6889971142622393,0.884174238610435,,,,4253.0,3061.0,2,4,7,269,0.7155793234330717
CS2_37,718,CS2_37_12_20_10.xlsx,2,2010-12-13 15:30:17,0.801572359434123,0.7287021449401118,2.6381251961466115,0.6638043228431517,0.8696419372662504,,,,4320.0,2892.0,2,4,7,270,0.7062627031473426
CS2_37,719,CS2_37_12_20_10.xlsx,3,2010-12-13 18:21:23,0.7971405826385138,0.7246732569441034,2.585399772574214,0.6649573194215923,0.8775303562172116,,,,4231.0,2905.0,2,4,7,266,0.7023578795558427
CS2_37,720,CS2_37_12_20_10.xlsx,4,2010-12-13 21:10:55,0.8064644479351992,0.7331494981229083,2.6028210516090007,0.6373257632034008,0.8947986055963999,,,,4261.0,2785.0,2,4,7,269,0.7105731058304458
CS2_37,721,CS2_37_12_20_10.xlsx,5,2010-12-13 23:59:33,0.8081597990498683,0.7346907264089712,2.6417920323091106,0.6285658523613638,0.8892511046967091,,,,4329.0,2748.0,2,4,7,272,0.7120668739811781
CS2_37,722,CS2_37_12_20_10.xlsx,6,2010-12-14 02:48:47,0.800373628799977,0.7276123898181608,2.6519398178727767,0.6220120738382411,0.8782572337526925,,,,4347.0,2726.0,2,4,7,271,0.705206505627489
CS2_37,723,CS2_37_12_20_10.xlsx,7,2010-12-14 05:37:32,0.789038411001143,0.7173076463646754,2.583734316077071,0.6497966285995688,0.8736951940423227,,,,4230.0,2848.0,2,4,7,266,0.6952190834451424
CS2_37,724,CS2_37_12_20_10.xlsx,8,2010-12-14 08:25:43,0.7893885694620648,0.7176259722382407,2.552913065048425,0.647722423659738,0.8840857385488395,,,,4177.0,2848.0,2,4,7,265,0.6955276068843925
CS2_37,725,CS2_37_12_20_10.xlsx,9,2010-12-14 11:13:02,0.7874460517011546,0.7158600470010495,2.5503442371931304,0.6506893752426501,0.8815751057464754,,,,4174.0,2866.0,2,4,7,264,0.6938160610350562
CS2_37,726,CS2_37_12_20_10.xlsx,10,2010-12-14 14:00:31,0.7872585298885788,0.7156895726259807,2.5541111148396736,0.6439958405870034,0.8825869402848155,,,,4180.0,2834.0,2,4,7,264,0.6936508361982837
CS2_37,727,CS2_37_12_20_10.xlsx,11,2010-12-14 16:47:34,0.7857536484568719,0.7143214985971562,2.5521300193852694,0.6422353018599627,0.8816565153060402,,,,4177.0,2831.0,2,4,7,264,0.6923248902429817
CS2_37,728,CS2_37_12_20_10.xlsx,12,2010-12-14 19:34:25,0.7929322659209017,0.720847514473547,2.5407179012716945,0.6518942881145534,0.8924255164422054,,,,4158.0,2885.0,2,4,7,264,0.698649945885601
CS2_37,729,CS2_37_12_20_10.xlsx,13,2010-12-14 22:22:15,0.7948244495644197,0.7225676814221996,2.590765712625683,0.6280131030672684,0.8879490906348131,,,,4244.0,2772.0,2,4,7,267,0.70031714251382
CS2_37,730,CS2_37_12_20_10.xlsx,14,2010-12-15 01:09:44,0.7950243082930122,0.7227493711754656,2.5986368672077584,0.6242421573383137,0.8874090235124608,,,,4258.0,2758.0,2,4,7,267,0.7004932373656971
CS2_37,731,CS2_37_12_20_10.xlsx,15,2010-12-15 03:57:15,0.781966435522282,0.7108785777475289,2.5882502175335187,0.6272113523469743,0.8715892744205668,,,,4242.0,2798.0,2,4,7,266,0.6889879896960787
CS2_37,732,CS2_37_12_20_10.xlsx,16,2010-12-15 06:44:25,0.7791740134081184,0.7083400121891985,2.5222757700995984,0.6522983972466686,0.8793918753574355,,,,4127.0,2876.0,2,4,7,262,0.6865275959868073
CS2_37,733,CS2_37_12_20_10.xlsx,17,2010-12-15 09:30:50,0.7791874219660659,0.7083522017873326,2.518276843603549,0.6468643719170956,0.8823184175317893,,,,4120.0,2862.0,2,4,7,262,0.6865394102220037
CS2_37,734,CS2_37_12_20_10.xlsx,18,2010-12-15 12:16:53,0.7792942406709162,0.7084493097008329,2.5216331502152136,0.6446641840229149,0.8822602387153863,,,,4126.0,2848.0,2,4,7,262,0.686633527822675
CS2_37,735,CS2_37_12_20_10.xlsx,19,2010-12-15 15:02:49,0.7783382904176701,0.7075802640160637,2.523949829624684,0.6417506352250704,0.881252785903581,,,,4130.0,2827.0,2,4,7,261,0.6857912432778228
CS2_37,736,CS2_37_12_20_10.xlsx,20,2010-12-15 17:48:25,0.7764427700079892,0.7058570636436265,2.515588825038626,0.644996814677591,0.88033659713277,,,,4116.0,2852.0,2,4,7,261,0.6841211066361885
CS2_37,737,CS2_37_12_20_10.xlsx,21,2010-12-15 20:34:05,0.7861906806297263,0.7147188005724784,2.526462987011049,0.6317452369868081,0.8947093953551414,,,,4133.0,2790.0,2,4,7,262,0.6927099578168942
CS2_37,738,CS2_37_12_20_10.xlsx,22,2010-12-15 23:19:33,0.786244678513885,0.7147678895580772,2.5617124088356427,0.6286468475424514,0.8858718763208306,,,,4196.0,2780.0,2,4,7,264,0.6927575351705557
CS2_37,739,CS2_37_12_20_10.xlsx,23,2010-12-16 02:05:54,0.7857632993346115,0.7143302721223741,2.5629242529425156,0.626712260816432,0.8855263132937387,,,,4198.0,2771.0,2,4,7,264,0.6923333935988172
CS2_37,740,CS2_37_12_20_10.xlsx,24,2010-12-16 04:52:06,0.7701834774946228,0.7001667977223843,2.523513517609781,0.6539559091971583,0.8675915463169119,,,,4132.0,2892.0,2,4,7,261,0.6786060651078093
CS2_37,741,CS2_37_12_20_10.xlsx,25,2010-12-16 07:38:22,0.7684424263206715,0.6985840239278831,2.4687652579804604,0.6580989306896866,0.8788880384300912,,,,4037.0,2909.0,2,4,7,257,0.6770720307889354
CS2_37,742,CS2_37_12_20_10.xlsx,26,2010-12-16 10:23:13,0.7691285102281036,0.6992077365710032,2.467450762333482,0.6539624540902645,0.8821387131344751,,,,4035.0,2895.0,2,4,7,257,0.6776765370064289
CS2_37,743,CS2_37_12_20_10.xlsx,27,2010-12-16 13:07:51,0.7666567027840081,0.6969606388945527,2.468672203622877,0.6556434358931723,0.8780492062006584,,,,4037.0,2904.0,2,4,7,257,0.6754986358019025
CS2_37,744,CS2_37_12_20_10.xlsx,28,2010-12-16 15:52:31,0.7647000661526953,0.6951818783206319,2.4568793012157895,0.656066619540088,0.8784864866834227,,,,4017.0,2909.0,2,4,7,256,0.6737746498634607
CS2_37,745,CS2_37_12_20_10.xlsx,29,2010-12-16 18:36:51,0.7706564403151042,0.7005967639228219,2.4506250752600645,0.657257706622348,0.8880385073527016,,,,4006.0,2913.0,2,4,7,257,0.6790227910541945
CS2_37,746,CS2_37_12_20_10.xlsx,30,2010-12-16 21:21:23,0.7782560194192634,0.7075054721993302,2.506405930253367,0.6294461422411589,0.8918443258724684,,,,4102.0,2788.0,2,4,7,261,0.6857187545785288
CS2_37,747,CS2_37_12_20_10.xlsx,31,2010-12-17 00:05:52,0.7798243493753496,0.7089312267048632,2.535410944990204,0.6250246106012914,0.8871235862267052,,,,4152.0,2767.0,2,4,7,263,0.6871006048147251
CS2_37,748,CS2_37_12_20_10.xlsx,32,2010-12-17 02:50:55,0.7725151394680125,0.7022864904254659,2.544203886263931,0.6205705125137622,0.8762664545087233,,,,4167.0,2745.0,2,4,7,262,0.6806604846106408
CS2_37,749,CS2_37_12_20_10.xlsx,33,2010-12-17 05:35:27,0.76765060624302,0.6978641874936544,2.4953084802119574,0.6358075484614859,0.8786209254270008,,,,4083.0,2807.0,2,4,7,259,0.6763743607883839
CS2_37,750,CS2_37_12_20_10.xlsx,34,2010-12-17 08:19:22,0.7657481503316568,0.6961346821196879,2.4747324543154634,0.6423426563957105,0.8801370913440588,,,,4048.0,2841.0,2,4,7,257,0.6746981132996025
CS2_37,751,CS2_37_12_20_10.xlsx,35,2010-12-17 11:03:09,0.7693189920266974,0.6993809018424522,2.477380581340562,0.6372585574383017,0.8862827639708099,,,,4052.0,2813.0,2,4,7,258,0.6778443698769014
CS2_37,752,CS2_37_12_20_10.xlsx,36,2010-12-17 13:46:43,0.768609498151207,0.6987359074101882,2.4927414365093785,0.632247058825079,0.8826271131949954,,,,4079.0,2792.0,2,4,7,258,0.6772192372154857
CS2_37,753,CS2_37_12_20_10.xlsx,37,2010-12-17 16:30:22,0.7668905834532929,0.6971732576848116,2.4903324862891285,0.6309218388094221,0.8814621609463822,,,,4075.0,2786.0,2,4,7,258,0.6757047072710081
CS2_37,754,CS2_37_12_20_10.xlsx,38,2010-12-17 19:13:45,0.7754481274441538,0.7049528431310489,2.482839560395255,0.6342307230280123,0.894447557604154,,,,4062.0,2813.0,2,4,7,259,0.6832447304269393
CS2_37,755,CS2_37_12_20_10.xlsx,39,2010-12-17 21:57:49,0.7775372833629177,0.7068520757844706,2.534415955397051,0.6156754636691152,0.8880748121353461,,,,4151.0,2719.0,2,4,7,262,0.6850854786627244
CS2_37,756,CS2_37_12_20_10.xlsx,40,2010-12-18 00:41:56,0.7779425721150197,0.7072205201045633,2.5418993126566107,0.6132953301888825,0.8872308640614684,,,,4164.0,2708.0,2,4,7,263,0.6854425772156446
CS2_37,757,CS2_37_12_20_10.xlsx,41,2010-12-18 03:26:06,0.778467576434565,0.7076977967586954,2.5453091472235934,0.6088928934886705,0.8883218880062699,,,,4170.0,2686.0,2,4,7,263,0.685905156751381
CS2_37,758,CS2_37_12_20_10.xlsx,42,2010-12-18 06:10:03,0.7786654752467612,0.7078777047697828,2.5487599420461033,0.6089322048977038,0.8878111714341772,0.6997857465058279,2.260669727818003,3.5399999999999885,4176.0,2683.0,2,4,7,264,0.6860795247275298
CS2_37,759,CS2_37_12_20_10.xlsx,43,2010-12-18 08:54:03,0.6513135597291182,0.5921032361173801,2.550418720558323,,,,,,4179.0,,2,,7,229,0.5738701813714548
CS2_37,760,CS2_37_12_20_10.xlsx,44,2010-12-18 10:46:26,0.7777008355124195,0.707000759556745,2.5909610850739324,0.6271856657568676,0.8706796727319913,0.6990481905961926,2.2600003453854636,3.5449999999999884,4247.0,2793.0,2,4,7,266,0.6852295839101836
CS2_37,761,CS2_37_12_20_10.xlsx,45,2010-12-18 13:33:23,0.7784938966167374,0.7077217241970339,2.5515680791362514,0.6072705528170981,0.8875548132025242,0.7002125586072016,2.2673629891996656,3.5399999999999885,4181.0,2681.0,2,4,7,264,0.6859283473751464
CS2_37,762,CS2_37_12_20_10.xlsx,46,2010-12-18 16:17:25,0.7787240026348243,0.7079309114862039,2.554291288843897,0.604604560536707,0.8879573689755303,0.7004496100974366,2.2740273597253986,3.5449999999999884,4186.0,2665.0,2,4,7,264,0.686131093011809
CS2_37,763,CS2_37_12_20_10.xlsx,47,2010-12-18 19:01:17,0.7788230726019734,0.708020975092703,2.5554510019722856,0.6020261307433737,0.8887727369364506,0.7006675923596255,2.268940488201619,3.5449999999999884,4188.0,2655.0,2,4,7,264,0.6862183832258187
CS2_37,764,CS2_37_12_20_10.xlsx,48,2010-12-18 21:45:02,0.7782683346388737,0.7075166678535215,2.5571442472961983,0.6015733045429617,0.8877815604618005,0.700183637957749,2.2709024608015924,3.5449999999999884,4191.0,2651.0,2,4,7,264,0.6857296054770029
CS2_37,765,CS2_37_12_20_10.xlsx,49,2010-12-19 00:28:43,0.7782527076940937,0.7075024615400851,2.5552615432163193,0.6004325272697342,0.8887373236304094,0.7001567777298127,2.2648861681141814,3.5449999999999884,4188.0,2642.0,2,4,7,264,0.6857158366286483
CS2_37,766,CS2_37_12_20_10.xlsx,50,2010-12-19 03:12:12,0.7780823943196538,0.7073476311996851,2.5559986790280296,0.5987088578880982,0.8885655879061098,0.699810430831885,2.2569203956080677,3.5399999999999885,4189.0,2639.0,2,4,7,264,0.6855657740886938
CS2_37,767,CS2_37_12_23_10.xlsx,1,2010-12-20 12:10:10,0.789458108521744,0.7176891895652218,2.530258215609324,0.6254103791064697,0.9009738902497844,0.6998875487512398,2.1508799826806104,3.5299999999999887,4131.0,2754.0,2,4,7,263,0.6955888775154034
CS2_37,768,CS2_37_12_23_10.xlsx,2,2010-12-20 14:55:11,0.780377050805861,0.7094336825507827,2.596655088864844,0.6140617767118771,0.8736880089672437,0.6929475565088782,2.1802870579575218,3.524999999999989,4255.0,2672.0,2,4,7,266,0.6875875881815442
CS2_37,769,CS2_37_12_23_10.xlsx,3,2010-12-20 17:40:24,0.773374192123397,0.7030674473849062,2.5447620911585433,0.6208419242076955,0.8772433693069263,,,,4167.0,2696.0,2,4,7,262,0.6814173930087373
CS2_37,770,CS2_37_12_23_10.xlsx,4,2010-12-20 20:24:09,0.7819740277791012,0.7108854797991828,2.5327693031851575,0.6118905949527039,0.8955651760366733,0.7019889126425928,2.2763787096059125,3.5349999999999886,4145.0,2650.0,2,4,7,263,0.6889946792079625
CS2_37,771,CS2_37_12_23_10.xlsx,5,2010-12-20 23:07:16,0.7811146545278822,0.7101042313889837,2.56739877310768,0.6026908212720707,0.8874294172170577,0.7014217544023945,2.2679343566789396,3.5349999999999886,4207.0,2620.0,2,4,7,265,0.6882374883339571
CS2_37,772,CS2_37_12_23_10.xlsx,6,2010-12-21 01:50:51,0.7800658816037216,0.7091508014579286,2.5655105960432896,0.6011337697026123,0.8873573144353846,0.7004915594625654,2.2640414474172905,3.5399999999999885,4204.0,2615.0,2,4,7,265,0.6873134180467427
CS2_37,773,CS2_37_12_23_10.xlsx,7,2010-12-21 04:34:15,0.7679759278322678,0.6981599343929706,2.540373142555998,0.6153880097191456,0.8742693040683408,,,,4163.0,2690.0,2,4,7,261,0.6766610005437473
CS2_37,774,CS2_37_12_23_10.xlsx,8,2010-12-21 07:17:34,0.7608357153613765,0.6916688321467058,2.4869493418892086,0.6261292991506953,0.876192079708407,,,,4070.0,2731.0,2,4,7,258,0.6703697834110881
CS2_37,775,CS2_37_12_23_10.xlsx,9,2010-12-21 09:59:37,0.7587859955181768,0.6898054504710698,2.4618237686673234,0.6288229210870373,0.8804918992381451,,,,4027.0,2745.0,2,4,7,256,0.6685637821685116
CS2_37,776,CS2_37_12_23_10.xlsx,10,2010-12-21 12:41:04,0.7584839804947707,0.6895308913588825,2.4576185435784383,0.6251039113776424,0.8823882018087515,,,,4020.0,2728.0,2,4,7,255,0.6682976777497259
CS2_37,777,CS2_37_12_23_10.xlsx,11,2010-12-21 15:22:06,0.755401932010094,0.6867290291000854,2.4527142450100783,0.626773438484013,0.8792384771992335,,,,4012.0,2749.0,2,4,7,255,0.6655820952219605
CS2_37,778,CS2_37_12_23_10.xlsx,12,2010-12-21 18:03:11,0.7535058616277084,0.6850053287524621,2.437912392557747,0.6300245980211321,0.8801002118632852,,,,3987.0,2764.0,2,4,7,254,0.6639114740012306
CS2_37,779,CS2_37_12_23_10.xlsx,13,2010-12-21 20:44:00,0.7683071781614945,0.698461071055904,2.462499550657446,0.6070336651207401,0.900781208048228,0.6892479144076534,2.234045569857388,3.5399999999999885,4027.0,2652.0,2,4,7,257,0.6769528640919157
CS2_37,780,CS2_37_12_23_10.xlsx,14,2010-12-21 23:24:25,0.7691322420168056,0.6992111291061869,2.514622672140276,0.6034500449171913,0.8879939640318599,0.6900542372705291,2.2460414005581497,3.5399999999999885,4119.0,2647.0,2,4,7,261,0.6776798250728714
CS2_37,781,CS2_37_12_23_10.xlsx,15,2010-12-22 02:06:20,0.769663505693531,0.6996940960850282,2.5199149285858873,0.5996144220074288,0.8882359715342043,0.6910467159244409,2.2389597190941277,3.5399999999999885,4128.0,2635.0,2,4,7,261,0.6781479197071137
CS2_37,782,CS2_37_12_23_10.xlsx,16,2010-12-22 04:48:15,0.7545705654912798,0.6859732413557088,2.492860877150878,0.6217375682662621,0.8689259187921138,,,,4083.0,2739.0,2,4,7,258,0.6648495809854437
CS2_37,783,CS2_37_12_23_10.xlsx,17,2010-12-22 07:30:18,0.7498742474785427,0.6817038613441296,2.433195922509463,0.6291502616403353,0.8774691339312972,,,,3980.0,2766.0,2,4,7,253,0.6607116710195152
CS2_37,784,CS2_37_12_23_10.xlsx,18,2010-12-22 10:10:50,0.7496095967982281,0.681463269816571,2.415886804812653,0.6311935899416898,0.8815497415993993,,,,3951.0,2780.0,2,4,7,252,0.660478488197442
CS2_37,785,CS2_37_12_23_10.xlsx,19,2010-12-22 12:51:07,0.7474795781758683,0.6795268892507893,2.4139491434886797,0.6298669472692893,0.8795817333698365,,,,3948.0,2770.0,2,4,7,252,0.6586017359712999
CS2_37,786,CS2_37_12_23_10.xlsx,20,2010-12-22 15:31:03,0.7455116274823332,0.6777378431657575,2.4057125091278033,0.6310890752753991,0.8792171658686847,,,,3934.0,2780.0,2,4,7,252,0.6568677812507828
CS2_37,787,CS2_37_12_23_10.xlsx,21,2010-12-22 18:10:49,0.7461025630330784,0.6782750573027985,2.3958742062358285,0.636083061771223,0.8813558481393403,,,,3917.0,2798.0,2,4,7,251,0.6573884525720217
CS2_37,788,CS2_37_12_23_10.xlsx,22,2010-12-22 20:50:38,0.7594678499059775,0.6904253180963431,2.4299897284508996,0.6101038586270864,0.8981960494904239,,,,3974.0,2684.0,2,4,7,254,0.6691645617705191
CS2_37,789,CS2_37_12_23_10.xlsx,23,2010-12-22 23:30:13,0.6372013152589702,0.5792739229627001,2.4784875610417125,,,,,,4059.0,,2,,7,224,0.561435930352621
CS2_37,790,CS2_37_12_23_10.xlsx,24,2010-12-23 01:19:50,0.7601230436738007,0.6910209487943642,2.5331553564408575,0.6243650715545859,0.8660210098985354,,,,4151.0,2778.0,2,4,7,261,0.6697418507901589
CS2_37,791,CS2_37_12_23_10.xlsx,25,2010-12-23 04:04:00,0.7483562614127202,0.6803238740115637,2.475197349273092,0.6089900402255806,0.8703734684434897,,,,4055.0,2704.0,2,4,7,256,0.6593741786152804
CS2_37,792,CS2_37_12_23_10.xlsx,26,2010-12-23 06:44:40,0.7420142351951959,0.6745583956319963,2.4112183492142654,0.6256773672310595,0.874833492660181,,,,3944.0,2761.0,2,4,7,251,0.65378624069913
CS2_37,793,CS2_37_12_23_10.xlsx,27,2010-12-23 09:24:06,0.7389727954622671,0.6717934504202427,2.3843771974508075,0.6315718777887322,0.877128854280042,,,,3898.0,2780.0,2,4,7,249,0.6511064384056048
CS2_37,794,CS2_37_12_23_10.xlsx,28,2010-12-23 12:02:54,,,1.351996690208279,,,,,,2251.0,,2,,,80,
CS2_37,795,CS2_37_1_10_11.xlsx,1,2011-01-03 10:38:25,0.791811580394858,0.7198287094498709,1.1372588565774153,0.567355924668811,1.6781717768482958,0.7058312457765422,2.1589192347881054,3.5349999999999886,1819.0,2516.0,2,4,7,185,0.697662513647343
CS2_37,796,CS2_37_1_10_11.xlsx,2,2011-01-03 12:41:04,0.7829235729077939,0.7117487026434489,2.6245654074997806,0.5823122505939733,0.8812526099899103,0.6989790009710483,2.192187509832846,3.5399999999999885,4309.0,2576.0,2,4,7,267,0.6898313202191675
CS2_37,797,CS2_37_1_10_11.xlsx,3,2011-01-03 15:25:44,0.7427909165591278,0.675264469599207,2.5114301783345967,0.6394639695966129,0.8429453875592768,,,,4117.0,2835.0,2,4,7,257,0.6544705720300681
CS2_37,798,CS2_37_1_10_11.xlsx,4,2011-01-03 18:09:19,0.727115293114605,0.661013902831459,2.349799320537315,0.6631350910953269,0.8601306548405176,,,,3839.0,2943.0,2,4,7,245,0.64065883306833
CS2_37,799,CS2_37_1_10_11.xlsx,5,2011-01-03 20:49:08,0.7456187872872388,0.6778352611702171,2.339033376100727,0.6326032504865681,0.9000960963903248,,,,3818.0,2790.0,2,4,7,247,0.6569621993935626
CS2_37,800,CS2_37_1_10_11.xlsx,6,2011-01-03 23:27:09,0.7473900169792995,0.6794454699811814,2.4158820252385245,0.6173222954091887,0.8848057399792362,,,,3952.0,2725.0,2,4,7,251,0.6585228239029864
CS2_37,801,CS2_37_1_10_11.xlsx,7,2011-01-04 02:06:25,0.747091270813133,0.6791738825573935,2.4256467900283223,0.6122688983112073,0.8833477959893544,,,,3969.0,2692.0,2,4,7,253,0.6582595996632926
CS2_37,802,CS2_37_1_10_11.xlsx,8,2011-01-04 04:45:23,0.7172820553576953,0.6520745957797229,2.367675079065954,0.6522192010541706,0.8463036317085095,,,,3874.0,2893.0,2,4,7,246,0.6319948004365308
CS2_37,803,CS2_37_1_10_11.xlsx,9,2011-01-04 07:24:26,0.7061136326602213,0.6419214842365648,2.2399394308662837,0.6751331125275987,0.8610009458199701,,,,3653.0,2997.0,2,4,7,237,0.622154340855591
CS2_37,804,CS2_37_1_10_11.xlsx,10,2011-01-04 10:00:52,0.6982422405063122,0.6347656731875565,2.1905734024658914,0.6823374863508705,0.8627765884136076,,,,3570.0,3025.0,2,4,7,234,0.615218883769624
CS2_37,805,CS2_37_1_10_11.xlsx,11,2011-01-04 12:35:56,0.6905275959527861,0.6277523599570782,2.1422431444931553,0.69691119218008,0.8620366922620454,,,,3489.0,3107.0,2,4,7,231,0.6084215364658313
CS2_37,806,CS2_37_1_10_11.xlsx,12,2011-01-04 15:10:34,0.6888007258366375,0.6261824780333068,2.116567586908677,0.6963959803558859,0.8679546666702743,,,,3446.0,3095.0,2,4,7,228,0.6068999970291715
CS2_37,807,CS2_37_1_10_11.xlsx,13,2011-01-04 17:44:13,0.681921454029828,0.6199285945725708,2.1026534350642443,0.6994603073386253,0.8609365673378813,,,,3423.0,3112.0,2,4,7,228,0.6008386938357922
CS2_37,808,CS2_37_1_10_11.xlsx,14,2011-01-04 20:17:20,0.7009928324839692,0.6372662113490628,2.0898427330478397,0.7007529186626995,0.8944873944562407,,,,3399.0,3083.0,2,4,7,228,0.6176424210866627
CS2_37,809,CS2_37_1_10_11.xlsx,15,2011-01-04 22:50:43,0.7052087549311121,0.6410988681191928,2.2057690197343613,0.6565469066288727,0.8786611146417977,,,,3597.0,2903.0,2,4,7,234,0.6213570561395491
CS2_37,810,CS2_37_1_10_11.xlsx,16,2011-01-05 01:24:40,0.7098164446930042,0.6452876769936401,2.2273542458011404,0.6507820426002573,0.8809449976367482,,,,3634.0,2883.0,2,4,7,237,0.6254168760524956
CS2_37,811,CS2_37_1_10_11.xlsx,17,2011-01-05 03:59:10,0.6840918041078865,0.6219016400980786,2.251315776853988,0.62908033510722,0.842093993512339,,,,3675.0,2830.0,2,4,7,235,0.6027509819715605
CS2_37,812,CS2_37_1_10_11.xlsx,18,2011-01-05 06:31:57,0.6749353900742854,0.6135776273402593,2.083337011607922,0.6971731966985468,0.8584865119100371,,,,3391.0,3107.0,2,4,7,225,0.5946832964402471
CS2_37,813,CS2_37_1_10_11.xlsx,19,2011-01-05 09:04:04,0.6733934755567912,0.6121758868698102,2.0502575398460055,0.7012355528163728,0.865842841386845,,,,3335.0,3118.0,2,4,7,224,0.5933247207579265
CS2_37,814,CS2_37_1_10_11.xlsx,20,2011-01-05 11:35:22,0.6687288948113572,0.6079353589194156,2.0433478621264256,0.700733501610922,0.8615143672447003,,,,3324.0,3113.0,2,4,7,221,0.5892147743912067
CS2_37,815,CS2_37_1_10_11.xlsx,21,2011-01-05 14:06:08,0.6669842540145865,0.6063493218314422,2.0209182744604197,0.7064513881508176,0.8645163725838347,,,,3286.0,3147.0,2,4,7,221,0.5876775772677701
CS2_37,816,CS2_37_1_10_11.xlsx,22,2011-01-05 16:36:44,0.6590658728538283,0.5991507935034802,2.011806947380338,0.704301517707012,0.8559716328650707,,,,3271.0,3126.0,2,4,7,219,0.5807007183263065
CS2_37,817,CS2_37_1_10_11.xlsx,23,2011-01-05 19:06:16,0.6683685450015542,0.607607768183231,1.967981987132252,0.7186346552325442,0.8799676846774881,,,,3197.0,3201.0,2,4,7,217,0.5888972713888205
CS2_37,818,CS2_37_1_10_11.xlsx,24,2011-01-05 21:36:20,0.6836390484118766,0.6214900440107969,2.058166667976156,0.6778585968464184,0.8885320917327891,,,,3349.0,3015.0,2,4,7,225,0.6023520604544126
CS2_37,819,CS2_37_1_10_11.xlsx,25,2011-01-06 00:06:48,0.5527445278899386,0.5024950253544895,2.124412223366447,,,,,,3461.0,,2,,7,194,0.48702133977404594
CS2_37,820,CS2_37_1_10_11.xlsx,26,2011-01-06 01:41:46,0.6873248430551442,0.6248407664137674,2.2011679005304607,0.693748013622074,0.845728282992761,,,,3589.0,3127.0,2,4,7,234,0.6055996016867947
CS2_37,821,CS2_37_1_10_11.xlsx,27,2011-01-06 04:18:18,0.657035835541695,0.5973053050379045,2.1207413720367625,0.6733293274669915,0.8305529720810776,,,,3458.0,3037.0,2,4,7,225,0.5789120592954868
CS2_37,822,CS2_37_1_10_11.xlsx,28,2011-01-06 06:49:25,0.6484196678297636,0.589472425299785,1.9608166462283054,0.7167980819583442,0.8538602950976585,,,,3186.0,3185.0,2,4,7,216,0.5713203829765885
CS2_37,823,CS2_37_1_10_11.xlsx,29,2011-01-06 09:17:56,0.6483928721166308,0.5894480655605734,1.9330596454877267,0.7117979104151644,0.8648133474530743,,,,3139.0,3175.0,2,4,7,214,0.5712967733640972
CS2_37,824,CS2_37_1_10_11.xlsx,30,2011-01-06 11:45:32,0.6452877573269262,0.5866252339335692,1.9361470004664831,0.7094704196395383,0.8602237925114922,,,,3145.0,3169.0,2,4,7,213,0.5685608671927471
CS2_37,825,CS2_37_1_10_11.xlsx,31,2011-01-06 14:12:57,0.6443792116040186,0.5857992832763804,1.918317235978822,0.715056319778195,0.8631179725438172,,,,3115.0,3192.0,2,4,7,213,0.5677603506197372
CS2_37,826,CS2_37_1_10_11.xlsx,32,2011-01-06 16:40:12,0.6368852027944989,0.5789865479949989,1.9127582515108854,0.7150836901145338,0.8529254791515487,,,,3106.0,3180.0,2,4,7,212,0.5611574047260466
CS2_37,827,CS2_37_1_10_11.xlsx,33,2011-01-06 19:06:39,0.6323279352980649,0.5748435775436953,1.8691924234384196,0.7282641985026644,0.8558402312072546,,,,3033.0,3239.0,2,4,7,209,0.5571420117011808
CS2_37,828,CS2_37_1_10_11.xlsx,34,2011-01-06 21:32:36,0.6290920483558118,0.5719018621416471,1.8479869600266376,0.7321307407501467,0.8570501225359234,,,,2998.0,3267.0,2,4,7,206,0.554290882627159
CS2_37,829,CS2_37_1_10_11.xlsx,35,2011-01-06 23:58:17,0.6258702279202595,0.5689729344729632,1.8355192780650311,0.7315500489470587,0.8562404320953757,,,,2977.0,3262.0,2,4,7,207,0.5514521475047617
CS2_37,830,CS2_37_1_10_11.xlsx,36,2011-01-07 02:23:21,0.6237041301699939,0.5670037546999944,1.8184812515320303,0.7341285130564279,0.8576312319533698,,,,2949.0,3276.0,2,4,7,206,0.5495436060806738
CS2_37,831,CS2_37_1_10_11.xlsx,37,2011-01-07 04:48:04,0.62031839486745,0.5639258135158636,1.8075676217850472,0.7404133937062942,0.8540466069142771,,,,2931.0,3293.0,2,4,7,203,0.54656044612166
CS2_37,832,CS2_37_1_10_11.xlsx,38,2011-01-07 07:12:33,0.6188726063744099,0.5626114603403726,1.7949866054697021,0.7378908188653017,0.8574438791640755,,,,2910.0,3287.0,2,4,7,203,0.5452865667553671
CS2_37,833,CS2_37_1_10_11.xlsx,39,2011-01-07 09:36:31,0.6242940560938628,0.5675400509944206,1.8030666792192953,0.7294765354792561,0.8666806797705149,,,,2923.0,3248.0,2,4,7,205,0.5500633878230763
CS2_37,834,CS2_37_1_10_11.xlsx,40,2011-01-07 12:00:22,0.6318915810994881,0.5744468919086254,1.8250596469684282,0.7331126781545813,0.8716470412526895,,,,2960.0,3273.0,2,4,7,206,0.5567575414881184
CS2_37,835,CS2_37_1_10_11.xlsx,41,2011-01-07 14:25:42,0.63614964948205,0.5783178631654999,1.896509480345858,0.6946162144415164,0.8678590678543103,,,,3079.0,3088.0,2,4,7,211,0.5605093111825943
CS2_37,836,CS2_37_1_10_11.xlsx,42,2011-01-07 16:50:13,0.6331027010130086,0.5755479100118259,1.9142115232045005,0.6850688874552285,0.8604145785179818,,,,3109.0,3053.0,2,4,7,212,0.5578246551602546
CS2_37,837,CS2_37_1_10_11.xlsx,43,2011-01-07 19:14:28,0.6325356093131731,0.5750323721028846,1.8964952409744382,0.6918892414193861,0.8632321735166998,,,,3079.0,3075.0,2,4,7,210,0.5573249925756553
CS2_37,838,CS2_37_1_10_11.xlsx,44,2011-01-07 21:38:35,0.6319274830012667,0.5744795300011515,1.8953796453432976,0.6919169633777823,0.86267466875256,,,,3077.0,3071.0,2,4,7,210,0.5567891745327211
CS2_37,839,CS2_37_1_10_11.xlsx,45,2011-01-08 00:02:32,0.6319332708134446,0.574484791648586,1.8971592291683799,0.6875468097828126,0.8638273346566017,,,,3080.0,3056.0,2,4,7,210,0.5567942741545158
CS2_37,840,CS2_37_1_10_11.xlsx,46,2011-01-08 02:26:18,0.6327821308079322,0.5752564825526656,1.8995212323778756,0.68535688454642,0.8650128738187277,,,,3084.0,3041.0,2,4,7,211,0.5575422018334637
CS2_37,841,CS2_37_1_10_11.xlsx,47,2011-01-08 04:49:57,0.6331897636218535,0.5756270578380486,1.9055165775950405,0.6838820446133717,0.8646254272156223,,,,3094.0,3030.0,2,4,7,212,0.5579013657313492
CS2_37,842,CS2_37_1_10_11.xlsx,48,2011-01-08 07:13:36,0.6332117259207735,0.5756470235643395,1.9071902928557378,0.682336637306141,0.864797898341802,,,,3097.0,3026.0,2,4,7,212,0.5579207166388749
CS2_37,843,CS2_37_1_10_11.xlsx,49,2011-01-08 09:37:13,0.6329724605659663,0.5754295096054239,1.909842181675135,0.6797074922812442,0.8643968056321477,,,,3102.0,3010.0,2,4,7,211,0.5577099007415117
CS2_37,844,CS2_37_1_10_11.xlsx,50,2011-01-08 12:00:40,0.6331462594346107,0.5755875085769188,1.912156307693017,0.676074501334579,0.865089470494685,,,,3106.0,2989.0,2,4,7,212,0.5578630343386574
CS2_37,845,CS2_37_1_18_11.xlsx,1,2011-01-10 11:47:49,0.661789935570228,0.6016272141547527,1.908120307403347,0.682592215299426,0.9088429604435937,,,,3092.0,3079.0,2,4,7,215,0.5831008808007032
CS2_37,846,CS2_37_1_18_11.xlsx,2,2011-01-10 14:13:57,0.535189313305852,0.4865357393689563,2.0686487416735755,,,,,,3368.0,,2,,7,190,0.47155349939686336
CS2_37,847,CS2_37_1_18_11.xlsx,3,2011-01-10 15:46:27,0.6505938946283141,0.5914489951166491,2.125489929676325,0.6905807012221014,0.8202381092537467,,,,3462.0,3113.0,2,4,7,225,0.5732360868777107
CS2_37,848,CS2_37_1_18_11.xlsx,4,2011-01-10 18:18:40,0.64180770057553,0.5834615459777546,2.00092608730969,0.6663652026628878,0.8521007404041817,,,,3254.0,2971.0,2,4,7,217,0.5654946009231837
CS2_37,849,CS2_37_1_18_11.xlsx,5,2011-01-10 20:44:31,0.637438751648014,0.5794897742254672,1.9548890673691692,0.6718926169553683,0.8587311758403902,,,,3177.0,2984.0,2,4,7,213,0.5616451347544169
CS2_37,850,CS2_37_1_18_11.xlsx,6,2011-01-10 23:09:03,0.633165706025907,0.5756051872962791,1.9322282433760405,0.6756116940047949,0.8586515996431029,,,,3139.0,2990.0,2,4,7,212,0.5578801686646784
CS2_37,851,CS2_37_1_18_11.xlsx,7,2011-01-11 01:32:49,0.6300326744745806,0.5727569767950732,1.9125483232953158,0.6769403434243448,0.8597614360604073,,,,3106.0,3000.0,2,4,7,210,0.5551196651287932
CS2_37,852,CS2_37_1_18_11.xlsx,8,2011-01-11 03:56:02,0.6282043373722042,0.5710948521565492,1.9006756397133644,0.6776561810973991,0.8612345823255312,,,,3086.0,3000.0,2,4,7,209,0.5535087234726955
CS2_37,853,CS2_37_1_18_11.xlsx,9,2011-01-11 06:18:48,0.6259321622724778,0.5690292384295252,1.8939201483711279,0.6761638833399249,0.8605013240324374,,,,3075.0,2996.0,2,4,7,209,0.5515067176536704
CS2_37,854,CS2_37_1_18_11.xlsx,10,2011-01-11 08:41:12,0.6362700621537947,0.5784273292307224,1.9023504525001016,0.6638872911203473,0.8790516547773657,,,,3089.0,2940.0,2,4,7,210,0.5606154063816597
CS2_37,855,CS2_37_1_18_11.xlsx,11,2011-01-11 11:03:30,0.6301222343990149,0.5728383949081953,1.9367923059045555,0.6676897369180067,0.8567424281016779,,,,3147.0,2957.0,2,4,7,212,0.5551985760762332
CS2_37,856,CS2_37_1_18_11.xlsx,12,2011-01-11 13:26:42,0.6307279173082634,0.5733890157347848,1.9183055001974525,0.6621183642112838,0.8658707109051033,,,,3116.0,2924.0,2,4,7,210,0.555732241245324
CS2_37,857,CS2_37_1_18_11.xlsx,13,2011-01-11 15:48:52,0.6279970586994832,0.5709064169995302,1.9251974068411895,0.6576544090927585,0.8611560419428789,,,,3128.0,2912.0,2,4,7,212,0.5533260909330655
CS2_37,858,CS2_37_1_18_11.xlsx,14,2011-01-11 18:10:53,0.6223790492442678,0.565799135676607,1.9000904772580813,0.6689520615024045,0.8565561514701717,,,,3086.0,2959.0,2,4,7,209,0.5483760817449382
CS2_37,859,CS2_37_1_18_11.xlsx,15,2011-01-11 20:32:39,0.618881755239924,0.5626197774908399,1.8763460876753257,0.6700347810435414,0.858747597419167,,,,3046.0,2965.0,2,4,7,208,0.5452946277899233
CS2_37,860,CS2_37_1_18_11.xlsx,16,2011-01-11 22:53:40,0.6154631100074024,0.5595119181885476,1.861260396946152,0.673317228351084,0.8577081243674823,,,,3021.0,2973.0,2,4,7,207,0.5422824710025723
CS2_37,861,CS2_37_1_18_11.xlsx,17,2011-01-12 01:14:12,0.6121031107632966,0.5564573734211787,1.848758155291485,0.6706799142567909,0.8578975665995164,,,,3000.0,2968.0,2,4,7,205,0.5393219869978713
CS2_37,862,CS2_37_1_18_11.xlsx,18,2011-01-12 03:34:07,0.6098282462410651,0.5543893147646046,1.837882928317888,0.6690111843297754,0.8585162900276337,,,,2982.0,2947.0,2,4,7,205,0.5373176115377452
CS2_37,863,CS2_37_1_18_11.xlsx,19,2011-01-12 05:53:15,0.609293957574172,0.5539035977947018,1.8273709728386256,0.6699472257308743,0.861516011993605,,,,2965.0,2951.0,2,4,7,204,0.5368468515948658
CS2_37,864,CS2_37_1_18_11.xlsx,20,2011-01-12 08:12:08,0.6094710783122697,0.5540646166475178,1.8261674378599344,0.6698214945053754,0.8626878072112256,,,,2963.0,2953.0,2,4,7,204,0.537002912079986
CS2_37,865,CS2_37_1_18_11.xlsx,21,2011-01-12 10:31:03,0.6282257168083465,0.5711142880075877,1.8387413423556558,0.6657658929809657,0.889960847237841,,,,2984.0,2977.0,2,4,7,206,0.5535275608217931
CS2_37,866,CS2_37_1_18_11.xlsx,22,2011-01-12 12:51:48,0.6138810613119929,0.5580736921018117,1.941565827229303,0.6241081701525881,0.846493793512471,,,,3159.0,2773.0,2,4,7,210,0.5408885332314154
CS2_37,867,CS2_37_1_18_11.xlsx,23,2011-01-12 15:11:14,0.6053314605760693,0.5503013277964266,1.840276330349084,0.6682700974213797,0.8515875384913943,,,,2987.0,2943.0,2,4,7,204,0.5333555088506263
CS2_37,868,CS2_37_1_18_11.xlsx,24,2011-01-12 17:30:07,0.5989679269308343,0.5445162972098494,1.8079480828362338,0.6680456377339111,0.8523040458968513,,,,2933.0,2947.0,2,4,7,201,0.527748620812439
CS2_37,869,CS2_37_1_18_11.xlsx,25,2011-01-12 19:47:49,0.5939034926530784,0.539912266048253,1.7743478157218224,0.6766693002658233,0.8529881828630523,,,,2877.0,2981.0,2,4,7,198,0.5232863648466207
CS2_37,870,CS2_37_1_18_11.xlsx,26,2011-01-12 22:04:51,0.5918960617620055,0.5380873288745504,1.7503245217164223,0.6811457079384678,0.856219886295777,,,,2837.0,2995.0,2,4,7,197,0.5215176242571729
CS2_37,871,CS2_37_1_18_11.xlsx,27,2011-01-13 00:21:21,0.5869951220250371,0.5336319291136701,1.7406232518874387,0.6827759766953064,0.8515481196714972,,,,2821.0,3001.0,2,4,7,197,0.5171994227799699
CS2_37,872,CS2_37_1_18_11.xlsx,28,2011-01-13 02:37:23,0.5850219425725207,0.5318381296113824,1.7209028898199215,0.6833869517090361,0.855106375494172,,,,2788.0,3004.0,2,4,7,194,0.5154608610175447
CS2_37,873,CS2_37_1_18_11.xlsx,29,2011-01-13 04:52:50,0.5805477959823833,0.5277707236203484,1.7105394533687068,0.6830000853761594,0.8513431502348797,,,,2771.0,2999.0,2,4,7,195,0.5115187055429489
CS2_37,874,CS2_37_1_18_11.xlsx,30,2011-01-13 07:07:39,0.5799652191868816,0.5272411083517105,1.6926357632496523,0.6861930303767207,0.8558088255831381,,,,2741.0,3006.0,2,4,7,193,0.5110053990927709
CS2_37,875,CS2_37_1_18_11.xlsx,31,2011-01-13 09:22:03,0.5836538718411539,0.5305944289465035,1.696203902880378,0.6828411349232624,0.8633840150640348,,,,2747.0,2991.0,2,4,7,193,0.5142554585090127
CS2_37,876,CS2_37_1_18_11.xlsx,32,2011-01-13 11:36:32,0.5788033276187043,0.5261848432897311,1.718871013814005,0.6710044297487406,0.8513094465434768,,,,2785.0,2951.0,2,4,7,195,0.509981660349728
CS2_37,877,CS2_37_1_18_11.xlsx,33,2011-01-13 13:50:44,0.5794580019191962,0.5267800017447237,1.6951094983970012,0.677338785912513,0.8588310673742412,,,,2745.0,2966.0,2,4,7,194,0.5105584916684538
CS2_37,878,CS2_37_1_18_11.xlsx,34,2011-01-13 16:04:33,0.5774073977365717,0.524915816124156,1.7027827891723584,0.6728845893631552,0.8545985192484659,,,,2758.0,2953.0,2,4,7,194,0.5087517112373919
CS2_37,879,CS2_37_1_18_11.xlsx,35,2011-01-13 18:18:15,0.5714872093996526,0.5195338267269568,1.6822868354422045,0.6810186169145445,0.8488000029021826,,,,2724.0,2978.0,2,4,7,191,0.5035354532554855
CS2_37,880,CS2_37_1_18_11.xlsx,36,2011-01-13 20:31:27,0.5664162792046596,0.5149238901860542,1.658760791021015,0.6821089253531432,0.8483416112491451,,,,2685.0,2988.0,2,4,7,190,0.49906747375889265
CS2_37,881,CS2_37_1_18_11.xlsx,37,2011-01-13 22:43:53,0.5630607264220906,0.511873387656446,1.6381195908510897,0.6819068205748977,0.8504765851127604,,,,2651.0,2987.0,2,4,7,189,0.49611090751645903
CS2_37,882,CS2_37_1_18_11.xlsx,38,2011-01-14 00:55:34,0.5547802781813473,0.5043457074375884,1.6113531244309025,0.6912914077815729,0.8422663787590582,,,,2607.0,3032.0,2,4,7,186,0.4888150324916421
CS2_37,883,CS2_37_1_18_11.xlsx,39,2011-01-14 03:06:46,0.5514672031715584,0.5013338210650531,1.5763929157322942,0.6949426646571261,0.848091919718185,,,,2549.0,3039.0,2,4,7,183,0.48589589327157806
CS2_37,884,CS2_37_1_18_11.xlsx,40,2011-01-14 05:16:57,0.5485510743327211,0.4986827948479282,1.5605724105420888,0.6981848807645304,0.8481315954512465,,,,2523.0,3055.0,2,4,7,183,0.4833265019843122
CS2_37,885,CS2_37_1_18_11.xlsx,41,2011-01-14 07:26:46,0.5490202562300581,0.4991093238455073,1.5508931045846424,0.6981992992087837,0.8528077050153129,,,,2507.0,3056.0,2,4,7,181,0.48373989657206345
CS2_37,886,CS2_37_1_18_11.xlsx,42,2011-01-14 09:36:22,0.5517960422470694,0.5016327656791539,1.5643623516459575,0.6886983156774346,0.8574024476330121,,,,2529.0,3011.0,2,4,7,184,0.4861856322722277
CS2_37,887,CS2_37_1_18_11.xlsx,43,2011-01-14 11:45:45,0.5481113223220184,0.49828302029274396,1.576792390850712,0.6849648266312575,0.8475623155393185,,,,2550.0,2995.0,2,4,7,182,0.4829390379704425
CS2_37,888,CS2_37_1_18_11.xlsx,44,2011-01-14 13:55:02,0.5472098807659513,0.49746352796904664,1.5575402889573757,0.68905219763745,0.8512860250658404,,,,2518.0,3013.0,2,4,7,181,0.4821447808548819
CS2_37,889,CS2_37_1_18_11.xlsx,45,2011-01-14 16:04:01,0.5435254163180119,0.4941140148345562,1.5562624837929075,0.6874637890416873,0.8462364128904514,,,,2516.0,3005.0,2,4,7,181,0.47889841165311814
CS2_37,890,CS2_37_1_18_11.xlsx,46,2011-01-14 18:12:38,0.5385565192517738,0.4895968356834307,1.5333783566830415,0.6942997850185821,0.8433700430493627,,,,2478.0,3029.0,2,4,7,179,0.4745203332022349
CS2_37,891,CS2_37_1_18_11.xlsx,47,2011-01-14 20:20:44,0.5334473609753836,0.4849521463412578,1.5084723031268905,0.6979446720832756,0.8421215883893567,,,,2437.0,3044.0,2,4,7,178,0.4700186710720208
CS2_37,892,CS2_37_1_18_11.xlsx,48,2011-01-14 22:28:06,0.5324885016160259,0.48408045601456895,1.488229049142594,0.6985884576762803,0.8484410199405489,,,,2404.0,3050.0,2,4,7,177,0.4691738233235827
CS2_37,893,CS2_37_1_18_11.xlsx,49,2011-01-15 00:34:59,0.5281180503554843,0.4801073185049857,1.4820045833304996,0.7003453725960924,0.8423473000615089,,,,2394.0,3052.0,2,4,7,175,0.4653230334542528
CS2_37,894,CS2_37_1_18_11.xlsx,50,2011-01-15 02:41:28,0.5270633161417351,0.4791484692197591,1.4657051968826162,0.6998852092372787,0.8468711952913104,,,,2367.0,3059.0,2,4,7,174,0.46439371069488217
CS2_37,895,CS2_37_1_24_11.xlsx,1,2011-01-18 13:17:53,0.541295465671426,0.4920867869740235,1.4142877952774748,0.7537447130835274,0.8736882064036005,,,,2277.0,3382.0,2,4,7,175,0.4769336096573822
CS2_37,896,CS2_37_1_24_11.xlsx,2,2011-01-18 15:28:47,0.531139099329804,0.4828537266634581,1.5575751163681946,0.68287381907745,0.8275751711372953,,,,2518.0,3013.0,2,4,7,180,0.4679848695191213
CS2_37,897,CS2_37_1_24_11.xlsx,3,2011-01-18 17:36:57,0.519163251720717,0.471966592473379,1.5010589323460595,0.6812460898420473,0.8275917099759239,,,,2425.0,2991.0,2,4,7,175,0.457432990571043
CS2_37,898,CS2_37_1_24_11.xlsx,4,2011-01-18 19:42:31,0.5107981978556471,0.4643619980505882,1.4370089197209406,0.6942758260141105,0.8317703949690309,,,,2319.0,3034.0,2,4,7,171,0.4500625698159059
CS2_37,899,CS2_37_1_24_11.xlsx,5,2011-01-18 21:46:34,0.5083365646302971,0.4621241496639064,1.400511750642806,0.6964395387215149,0.8408448493031517,,,,2259.0,3038.0,2,4,7,169,0.4478936330812107
CS2_37,900,CS2_37_1_24_11.xlsx,6,2011-01-18 23:49:33,0.5056925464679081,0.4597204967890073,1.3858591413570747,0.7019470357578815,0.8393542110999702,,,,2235.0,3061.0,2,4,7,168,0.44556399759345783
CS2_37,901,CS2_37_1_24_11.xlsx,7,2011-01-19 01:52:21,0.5014422816927788,0.455856619720708,1.3723868183756123,0.7056034865197904,0.8359666660039249,,,,2213.0,3076.0,2,4,7,166,0.4418191036311787
CS2_37,902,CS2_37_1_24_11.xlsx,8,2011-01-19 03:54:47,0.4984812283823019,0.4531647530748199,1.3535647131092579,0.7075690859159074,0.8374136868808543,,,,2182.0,3082.0,2,4,7,165,0.439210129543428
CS2_37,903,CS2_37_1_24_11.xlsx,9,2011-01-19 05:56:39,0.36186295452203066,0.32896632229275513,1.3394675787613655,,,,,,2159.0,,2,,7,129,0.31883622909606735
CS2_37,904,CS2_37_1_24_11.xlsx,10,2011-01-19 06:59:20,0.49429525429755916,0.4493593220886901,1.42260426014778,0.7510602509798615,0.7870691414378936,,,,2295.0,3319.0,2,4,7,169,0.43552188189167235
CS2_37,905,CS2_37_1_24_11.xlsx,11,2011-01-19 09:06:48,0.49738674041268816,0.45216976401153464,1.3321891650944098,0.7042923035638368,0.8466949432382791,,,,2147.0,3076.0,2,4,7,164,0.4382457798838073
CS2_37,906,CS2_37_1_24_11.xlsx,12,2011-01-19 11:07:57,0.5009030143298059,0.45536637666345986,1.3527094631715102,0.6993493978952139,0.8484108436298352,,,,2181.0,3066.0,2,4,7,165,0.44134395697597056
CS2_37,907,CS2_37_1_24_11.xlsx,13,2011-01-19 13:09:42,0.4949786478034852,0.4499805889122592,1.3802191107926263,0.679721857989546,0.8331800395614295,,,,2226.0,2971.0,2,4,7,166,0.4361240176054704
CS2_37,908,CS2_37_1_24_11.xlsx,14,2011-01-19 15:10:18,0.48977903174537296,0.4452536652230663,1.3368734985017936,0.6975391941827803,0.8339065641611708,,,,2155.0,3047.0,2,4,7,163,0.4315426534287875
CS2_37,909,CS2_37_1_24_11.xlsx,15,2011-01-19 17:10:40,0.359360050595547,0.32669095508686086,1.314410252536742,,,,,,2118.0,,2,,7,128,0.3166309288857602
CS2_37,910,CS2_37_1_24_11.xlsx,16,2011-01-19 18:12:33,0.47810440872004545,0.43464037156367763,1.3978570608639833,0.7521501043374632,0.767069397142937,,,,2255.0,3341.0,2,4,7,167,0.42125618244578744
CS2_37,911,CS2_37_1_24_11.xlsx,17,2011-01-19 20:18:48,0.46934609420524254,0.42667826745931137,1.2564036935305576,0.7127663067657344,0.8202214223902379,,,,2023.0,3124.0,2,4,7,157,0.41353926105817107
CS2_37,912,CS2_37_1_24_11.xlsx,18,2011-01-19 22:17:06,0.4633361905342497,0.42121471866749965,1.2062698702605612,0.7236892646679611,0.8247070010933315,,,,1941.0,3172.0,2,4,7,153,0.4082439551979153
CS2_37,913,CS2_37_1_24_11.xlsx,19,2011-01-20 00:14:29,0.4563658505461241,0.4148780459510219,1.1817899287526727,0.7227671501969759,0.8217716469117929,,,,1901.0,3176.0,2,4,7,151,0.4021024121370431
CS2_37,914,CS2_37_1_24_11.xlsx,20,2011-01-20 02:10:52,0.4524189967841785,0.4112899970765259,1.1506410034948107,0.7254765831412193,0.825770940327946,,,,1850.0,3191.0,2,4,7,149,0.3986248525954356
CS2_37,915,CS2_37_1_24_11.xlsx,21,2011-01-20 04:06:27,0.4505350432464521,0.40957731204222914,1.1347460363800208,0.7259179386821454,0.8289899629935593,,,,1824.0,3194.0,2,4,7,148,0.39696490748567914
CS2_37,916,CS2_37_1_24_11.xlsx,22,2011-01-20 06:01:32,0.4492129595297065,0.4083754177542786,1.1272997025114975,0.7238898756610089,0.8296785611057792,,,,1812.0,3195.0,2,4,7,147,0.39580002398067027
CS2_37,917,CS2_37_1_24_11.xlsx,23,2011-01-20 07:56:23,0.4488946916761183,0.4080860833419257,1.124276093252693,0.7254998572112068,0.8312133723643953,,,,1807.0,3199.0,2,4,7,147,0.39551959924801255
CS2_37,918,CS2_37_1_24_11.xlsx,24,2011-01-20 09:51:10,0.453854583680247,0.41259507607295176,1.1355108899848982,0.7140235916968614,0.8425581682419286,,,,1825.0,3138.0,2,4,7,148,0.39988974336903466
CS2_37,919,CS2_37_1_24_11.xlsx,25,2011-01-20 11:45:32,0.4527360473564137,0.411578224869467,1.1548770963844093,0.7153073828445511,0.830668125967542,,,,1857.0,3133.0,2,4,7,150,0.3989042047855976
CS2_37,920,CS2_37_1_24_11.xlsx,26,2011-01-20 13:40:17,0.4498409788434792,0.40894634440316285,1.1513717102801004,0.7124051234959209,0.8276831088668996,,,,1851.0,3134.0,2,4,7,149,0.3963533696804733
CS2_37,921,CS2_37_1_24_11.xlsx,27,2011-01-20 15:34:48,0.4558885807088444,0.41444416428076764,1.1439677476622359,0.7103068270991253,0.8455785813771151,,,,1839.0,3108.0,2,4,7,149,0.4016818912926794
CS2_37,922,CS2_37_1_24_11.xlsx,28,2011-01-20 17:29:01,0.4431727201838722,0.40288429107624746,1.1707799734342605,0.6997049020585855,0.8106112966444468,,,,1883.0,3086.0,2,4,7,149,0.3904779894595979
CS2_37,923,CS2_37_1_24_11.xlsx,29,2011-01-20 19:22:52,0.43584789146110303,0.39622535587373,1.0989904296975237,0.7205851804248048,0.8176776430845953,,,,1766.0,3179.0,2,4,7,144,0.3840241075699
CS2_37,924,CS2_37_1_24_11.xlsx,30,2011-01-20 21:15:57,0.43318346988743706,0.3938031544431246,1.0695843145504094,0.7234499962461638,0.8241426962127107,,,,1718.0,3192.0,2,4,7,143,0.38167649470526743
CS2_37,925,CS2_37_1_24_11.xlsx,31,2011-01-20 23:08:17,0.42894470131386164,0.3899497284671469,1.0628962514694442,0.7178763801625975,0.8211694367204365,,,,1707.0,3180.0,2,4,7,141,0.3779417300074143
CS2_37,926,CS2_37_1_24_11.xlsx,32,2011-01-21 01:00:00,0.4271443461648463,0.38831304196804206,1.0439192760847078,0.7220192075035772,0.8244219874328792,,,,1676.0,3183.0,2,4,7,140,0.3763554431560733
CS2_37,927,CS2_37_1_24_11.xlsx,33,2011-01-21 02:51:08,0.42676377046417,0.38796706405833636,1.0377155581632747,0.7202614415838098,0.826974359307133,,,,1666.0,3186.0,2,4,7,140,0.3760201191894365
CS2_37,928,CS2_37_1_24_11.xlsx,34,2011-01-21 04:42:08,0.42364763585017506,0.38513421440925005,1.0351445684909064,0.7194238861096589,0.8219493117681486,,,,1662.0,3184.0,2,4,7,140,0.37327450348806085
CS2_37,929,CS2_37_1_24_11.xlsx,35,2011-01-21 06:32:51,0.42298939988632434,0.38453581807847664,1.0227756891706066,0.7191280484654881,0.8267725173360362,,,,1642.0,3185.0,2,4,7,139,0.3726945339997588
CS2_37,930,CS2_37_1_24_11.xlsx,36,2011-01-21 08:23:14,0.4275168933404778,0.3886517212186162,1.0234273005948216,0.7219861522437994,0.8350619785530563,,,,1643.0,3183.0,2,4,7,140,0.3766836932163637
CS2_37,931,CS2_37_1_24_11.xlsx,37,2011-01-21 10:13:51,0.42987299372847687,0.39079363066225165,1.0517278974380884,0.7092612616439548,0.8340531405114089,,,,1689.0,3133.0,2,4,7,141,0.37875964532390577
CS2_37,932,CS2_37_1_24_11.xlsx,38,2011-01-21 12:04:35,0.42903498715192256,0.39003180650174774,1.0621859333392296,0.7070808645831884,0.827643844620708,,,,1706.0,3124.0,2,4,7,141,0.3780212805549031
CS2_37,933,CS2_37_1_24_11.xlsx,39,2011-01-21 13:55:22,0.42633231173887864,0.387574828853526,1.0571718751681094,0.7086377840399877,0.8238378821469767,,,,1698.0,3128.0,2,4,7,141,0.3756399623613793
CS2_37,934,CS2_37_1_24_11.xlsx,40,2011-01-21 15:45:56,0.4263230953061061,0.38756645027827824,1.0492944260336536,0.7058512380745426,0.8285205022350565,,,,1685.0,3116.0,2,4,7,141,0.37563184179353953
CS2_37,935,CS2_37_1_24_11.xlsx,41,2011-01-21 17:36:05,0.41847000583234717,0.3804272780294065,1.0417092709435591,0.7086652108156536,0.8133553712016837,,,,1673.0,3145.0,2,4,7,139,0.3687125111373397
CS2_37,936,CS2_37_1_24_11.xlsx,42,2011-01-21 19:26:04,0.4158327558938737,0.3780297780853397,1.00916724995232,0.7114869082697383,0.8209082044846447,,,,1620.0,3161.0,2,4,7,137,0.3663888391088576
CS2_37,937,CS2_37_1_24_11.xlsx,43,2011-01-21 21:15:16,0.4129856843156787,0.37544153119607154,0.996956137553626,0.7127949304232931,0.8202715736220785,,,,1600.0,3173.0,2,4,7,137,0.3638802939410958
CS2_37,938,CS2_37_1_24_11.xlsx,44,2011-01-21 23:04:12,0.4095890559495352,0.37235368722685014,0.9858032618359469,0.7125500057826029,0.8183199420270763,,,,1582.0,3172.0,2,4,7,135,0.36088753614047375
CS2_37,939,CS2_37_1_24_11.xlsx,45,2011-01-22 00:52:36,0.4081463721580647,0.3710421565073315,0.9717001934788683,0.712944646766638,0.8213684991135651,,,,1559.0,3173.0,2,4,7,134,0.3596163923162654
CS2_37,940,CS2_37_1_24_11.xlsx,46,2011-01-22 02:40:35,0.40601057450396993,0.3691005222763363,0.967449973833147,0.7108936393178061,0.8197990700296754,,,,1552.0,3175.0,2,4,7,134,0.35773454820474737
CS2_37,941,CS2_37_1_24_11.xlsx,47,2011-01-22 04:28:22,0.4039332508788114,0.3672120462534649,0.9581087829070668,0.7110500595402064,0.8196547431538146,,,,1537.0,3170.0,2,4,7,134,0.3559042253629617
CS2_37,942,CS2_37_1_24_11.xlsx,48,2011-01-22 06:15:42,0.40176907248327254,0.36524461134842956,0.949391285097542,0.7113335689220819,0.8191955990956878,,,,1523.0,3174.0,2,4,7,132,0.3539973750758517
CS2_37,943,CS2_37_1_24_11.xlsx,49,2011-01-22 08:02:44,0.40035281242390397,0.36395710220354904,0.9419647204033221,0.709851390607076,0.819839045044992,,,,1511.0,3173.0,2,4,7,132,0.3527495131129026
CS2_37,944,CS2_37_1_24_11.xlsx,50,2011-01-22 09:49:29,0.39830613368832246,0.3620964851712022,0.9358282475671954,0.710481835140993,0.8185171172955412,,,,1501.0,3175.0,2,4,7,131,0.35094619137999444
CS2_37,945,CS2_37_1_28_11.xlsx,1,2011-01-24 10:54:44,0.44241799504512896,0.40219817731375357,0.8802665105809802,0.7821597934677915,0.9097266230974973,,,,1405.0,3539.0,2,4,7,135,0.3898130036846413
CS2_37,946,CS2_37_1_28_11.xlsx,2,2011-01-24 12:48:11,0.429194567199492,0.3901768792722654,1.1152378649319064,0.7189265282205568,0.7978480207290152,,,,1792.0,3207.0,2,4,7,144,0.37816188599674283
CS2_37,947,CS2_37_1_28_11.xlsx,3,2011-01-24 14:41:50,0.4208999621284921,0.38263632920772006,1.058833483888074,0.710248493297439,0.8098817886590457,,,,1700.0,3155.0,2,4,7,140,0.37085353743652094
CS2_37,948,CS2_37_1_28_11.xlsx,4,2011-01-24 16:32:37,0.4097197140641511,0.3724724673310464,1.018211741908045,0.7138182776279783,0.8017411806896699,,,,1634.0,3154.0,2,4,7,137,0.3610026585647074
CS2_37,949,CS2_37_1_28_11.xlsx,5,2011-01-24 18:21:40,0.40265050137564695,0.3660459103414972,0.9709531211969212,0.7147033491900978,0.8078773745783208,,,,1557.0,3180.0,2,4,7,133,0.3547739991009117
CS2_37,950,CS2_37_1_28_11.xlsx,6,2011-01-24 20:09:26,0.396479355320968,0.36043577756451634,0.9419216156579431,0.7139218474137943,0.8086845637625574,,,,1510.0,3179.0,2,4,7,132,0.34933662312006886
CS2_37,951,CS2_37_1_28_11.xlsx,7,2011-01-24 21:56:05,0.391524942368664,0.3559317657896945,0.9223156797626613,0.7106599257721613,0.8085700508996098,,,,1478.0,3168.0,2,4,7,130,0.3449713065731352
CS2_37,952,CS2_37_1_28_11.xlsx,8,2011-01-24 23:41:43,0.3878314161390879,0.35257401467189803,0.9032208085794247,0.7081822839968488,0.8117549097591302,,,,1447.0,3160.0,2,4,7,129,0.34171695306612604
CS2_37,953,CS2_37_1_28_11.xlsx,9,2011-01-25 01:26:29,0.38546279619162194,0.3504207238105654,0.8902389717704984,0.7072429203262308,0.8135307849786648,,,,1426.0,3157.0,2,4,7,128,0.3396299700169513
CS2_37,954,CS2_37_1_28_11.xlsx,10,2011-01-25 03:10:44,0.3819891830705102,0.3472628937004638,0.8808849145268111,0.7054514559316896,0.811354443334273,,,,1411.0,3144.0,2,4,7,127,0.3365693812083048
CS2_37,955,CS2_37_1_28_11.xlsx,11,2011-01-25 04:54:20,0.3796108999471457,0.3451008181337688,0.8704563681265302,0.7034211926031892,0.8126041899480687,,,,1394.0,3137.0,2,4,7,126,0.3344738839674282
CS2_37,956,CS2_37_1_28_11.xlsx,12,2011-01-25 06:37:23,0.3784389354583011,0.34403539587118276,0.8642930549754652,0.6987244813375656,0.8149355101094008,,,,1384.0,3126.0,2,4,7,126,0.3334412700079494
CS2_37,957,CS2_37_1_28_11.xlsx,13,2011-01-25 08:20:02,0.38322521619848704,0.34838656018044273,0.8667717299461766,0.6949276932699177,0.8279057393965016,,,,1388.0,3108.0,2,4,7,126,0.3376584458296958
CS2_37,958,CS2_37_1_28_11.xlsx,14,2011-01-25 10:02:43,0.38331008150565626,0.3484637104596875,0.89087679997241,0.6903820190932348,0.8186107004955683,,,,1427.0,3068.0,2,4,7,127,0.3377332203656928
CS2_37,959,CS2_37_1_28_11.xlsx,15,2011-01-25 11:45:23,0.3767921926223936,0.34253835692944873,0.8877228032568054,0.691405431435069,0.8049965661551556,,,,1422.0,3086.0,2,4,7,127,0.331990330447736
CS2_37,960,CS2_37_1_28_11.xlsx,16,2011-01-25 13:27:54,0.373503648318966,0.33954877119905996,0.8606744369519043,0.6924978635080838,0.8103254905831142,,,,1378.0,3091.0,2,4,7,124,0.329092805150334
CS2_37,961,CS2_37_1_28_11.xlsx,17,2011-01-25 15:09:37,0.3799350420050054,0.3453954927318231,0.8540229752923629,0.6876613392336438,0.8328496332841716,,,,1367.0,3056.0,2,4,7,125,0.3347594844416628
CS2_37,962,CS2_37_1_28_11.xlsx,18,2011-01-25 16:50:56,0.37888607251544837,0.344441884104953,0.8810522181797982,0.6862657397563073,0.8162055447534646,,,,1411.0,3042.0,2,4,7,127,0.33383524096134043
CS2_37,963,CS2_37_1_28_11.xlsx,19,2011-01-25 18:32:41,0.3643324058896038,0.331211278081458,0.8704306109476239,0.6877244453603154,0.7865036766582881,,,,1394.0,3057.0,2,4,7,124,0.3210120543695141
CS2_37,964,CS2_37_1_28_11.xlsx,20,2011-01-25 20:13:35,0.35968054474139777,0.32698231340127065,0.8081562342534678,0.6911970645994289,0.8050491556733391,,,,1293.0,3104.0,2,4,7,121,0.3169133151970238
CS2_37,965,CS2_37_1_28_11.xlsx,21,2011-01-25 21:53:18,0.35680148945646817,0.324364990414971,0.7945576318095923,0.6861873726387222,0.8077179354509756,,,,1271.0,3083.0,2,4,7,119,0.3143765892931011
CS2_37,966,CS2_37_1_28_11.xlsx,22,2011-01-25 23:32:10,0.35301989922474775,0.320927181113407,0.7847060827130627,0.6859094372827742,0.803986238962925,,,,1255.0,3090.0,2,4,7,118,0.3110446428907377
CS2_37,967,CS2_37_1_28_11.xlsx,23,2011-01-26 01:10:39,0.35999494824523737,0.32726813476839756,0.7773980356636793,0.6802636595146885,0.8294889009495966,,,,1243.0,3055.0,2,4,7,119,0.31719033506414784
CS2_37,968,CS2_37_1_28_11.xlsx,24,2011-01-26 02:48:45,0.36085298864197846,0.32804817149270765,0.8051130847778537,0.6797960495874996,0.8165827116407733,,,,1288.0,3051.0,2,4,7,120,0.31794635156456685
CS2_37,969,CS2_37_1_28_11.xlsx,25,2011-01-26 04:27:35,0.36284974879057685,0.3298634079914335,0.8093022857509881,0.6793229838101725,0.820002579989119,,,,1295.0,3049.0,2,4,7,121,0.3197056901988002
CS2_37,970,CS2_37_1_28_11.xlsx,26,2011-01-26 06:06:38,0.36106161753191657,0.32823783411992413,0.8186726291954607,0.676356434539591,0.8120546657172828,,,,1310.0,3042.0,2,4,7,121,0.31813017377603425
CS2_37,971,CS2_37_1_28_11.xlsx,27,2011-01-26 07:45:43,0.3617578658649805,0.32887078714998225,0.8136538156826871,0.6765139641798302,0.8166408736736857,,,,1302.0,3037.0,2,4,7,121,0.31874363583467946
CS2_37,972,CS2_37_1_28_11.xlsx,28,2011-01-26 09:24:37,0.3645673389712716,0.3314248536102469,0.8187193560006214,0.675475928540622,0.8223336850797703,,,,1310.0,3027.0,2,4,7,121,0.32121905311562177
CS2_37,973,CS2_37_1_28_11.xlsx,29,2011-01-26 11:03:38,0.36802053925656253,0.334564126596875,0.8322506914111817,0.674137029854797,0.8237193902195337,,,,1332.0,3016.0,2,4,7,123,0.32426165624345477
CS2_37,974,CS2_37_1_28_11.xlsx,30,2011-01-26 12:43:02,0.3675464119193439,0.33413310174485805,0.8477047297045489,0.6712847794161215,0.8163240646478563,,,,1357.0,3001.0,2,4,7,124,0.32384390424529896
CS2_37,975,CS2_37_1_28_11.xlsx,31,2011-01-26 14:22:35,0.36373966257182033,0.33067242051983664,0.8427428499174929,0.672593220996897,0.8085803205770861,,,,1349.0,3005.0,2,4,7,122,0.3204897902308332
CS2_37,976,CS2_37_1_28_11.xlsx,32,2011-01-26 16:01:52,0.35609574083509976,0.3237234007591816,0.8266150318767096,0.6713694055478564,0.7993472911572933,,,,1323.0,3017.0,2,4,7,121,0.31375475656246393
CS2_37,977,CS2_37_1_28_11.xlsx,33,2011-01-26 17:40:28,0.353232188779419,0.3211201716176536,0.7988934269668353,0.6697556370810456,0.8084595705281159,,,,1278.0,3012.0,2,4,7,119,0.31123169050155836
CS2_37,978,CS2_37_1_28_11.xlsx,34,2011-01-26 19:18:05,0.3505832430096625,0.31871203909969315,0.787766883387142,0.6692826075961904,0.8077299613764646,,,,1260.0,3014.0,2,4,7,118,0.308897713315569
CS2_37,979,CS2_37_1_28_11.xlsx,35,2011-01-26 20:55:16,0.3474081042033017,0.3158255492757288,0.7798018500259203,0.6649702051189998,0.8061821040572189,,,,1247.0,2999.0,2,4,7,117,0.3061001092192507
CS2_37,980,CS2_37_1_28_11.xlsx,36,2011-01-26 22:31:52,0.3446758397629761,0.31334167251179645,0.7686976062547102,0.6648532125315773,0.8055583535071277,,,,1229.0,3004.0,2,4,7,116,0.30369272023355764
CS2_37,981,CS2_37_1_28_11.xlsx,37,2011-01-27 00:08:03,0.33400519009686924,0.3036410819062447,0.7575210051745362,0.6628492151481432,0.7861745271097484,,,,1211.0,2990.0,2,4,7,114,0.294290846792159
CS2_37,982,CS2_37_1_28_11.xlsx,38,2011-01-27 01:43:07,0.3286412487742627,0.29876477161296605,0.7135859218949848,0.6627803874684022,0.7972865915196594,,,,1140.0,3014.0,2,4,7,111,0.2895646961790038
CS2_37,983,CS2_37_1_28_11.xlsx,39,2011-01-27 03:17:07,0.32548629907943827,0.29589663552676204,0.6950793674758917,0.6598644345522103,0.801743858829172,,,,1110.0,3012.0,2,4,7,109,0.2867848806407864
CS2_37,984,CS2_37_1_28_11.xlsx,40,2011-01-27 04:50:23,0.3273089700141707,0.2975536091037915,0.6851213332503469,0.6585225987413161,0.8124865170711466,,,,1094.0,3006.0,2,4,7,110,0.2883908298556782
CS2_37,985,CS2_37_1_28_11.xlsx,41,2011-01-27 06:23:23,0.3271100539525751,0.2973727763205228,0.6956661075656758,0.6559246273042812,0.8079246171696114,,,,1111.0,2987.0,2,4,7,111,0.28821556558451356
CS2_37,986,CS2_37_1_28_11.xlsx,42,2011-01-27 07:56:20,0.3266992547428078,0.2969993224934616,0.6950378143371737,0.655138332735459,0.8072298367006815,,,,1110.0,2985.0,2,4,7,109,0.28785361178592467
CS2_37,987,CS2_37_1_28_11.xlsx,43,2011-01-27 09:29:12,0.3221052811196863,0.29282298283607844,0.6944199493410952,0.6527239561757501,0.7971058275391741,,,,1109.0,2977.0,2,4,7,110,0.2838058771166006
CS2_37,988,CS2_37_1_28_11.xlsx,44,2011-01-27 11:01:41,0.3192577796660139,0.29023434515092167,0.6776868250034004,0.6505260592069211,0.8009048897454535,,,,1082.0,2973.0,2,4,7,108,0.28129695318700504
CS2_37,989,CS2_37_1_28_11.xlsx,45,2011-01-27 12:33:30,0.21221788452005796,0.19292534956368904,0.6684681412919418,,,,,,1067.0,,2,,7,78,0.18698446249214098
CS2_37,990,CS2_37_1_28_11.xlsx,46,2011-01-27 13:09:45,0.3153389591511875,0.28667178104653407,0.7899015411886434,0.7178803438815293,0.6962104412180495,,,,1263.0,3296.0,2,4,7,115,0.27784409364491147
CS2_37,991,CS2_37_1_28_11.xlsx,47,2011-01-27 14:49:45,0.3147427490780892,0.286129771889172,0.6548133038997938,0.6488167842691741,0.8030559161169871,,,,1045.0,2987.0,2,4,7,106,0.27731877495981194
CS2_37,992,CS2_37_1_28_11.xlsx,48,2011-01-27 16:20:56,0.3111452255880529,0.282859295989139,0.6540850012202748,0.6455754855285977,0.7962814345358004,,,,1044.0,2964.0,2,4,7,106,0.2741490091429083
CS2_37,993,CS2_37_1_28_11.xlsx,49,2011-01-27 17:51:31,,,0.6416917880228399,0.4966729353006679,,,,,1024.0,1501.0,2,4,,61,
CS2_37,994,CS2_37_2_3_11.xlsx,1,2011-01-31 10:51:35,0.272605421304201,0.24782311027654635,,0.1638595793309876,,,,,,1262.0,,4,7,56,0.24019171753732146
CS2_37,995,CS2_37_2_3_11.xlsx,2,2011-01-31 11:33:47,0.24257138766783298,0.2205194433343936,0.5310142212058543,0.5734142963831775,0.7387205529767275,,,,845.0,2578.0,2,4,7,92,0.21372883176938626
CS2_37,996,CS2_37_2_3_11.xlsx,3,2011-01-31 12:50:54,0.239053521984252,0.21732138362204725,0.4401150334327968,0.555481653633261,0.8064486492019516,,,,699.0,2526.0,2,4,7,87,0.21062925217715936
CS2_37,997,CS2_37_2_3_11.xlsx,4,2011-01-31 14:04:31,0.233283539239027,0.2120759447627518,0.4307345713313331,0.5534336347439648,0.7955100429519636,,,,684.0,2517.0,2,4,7,84,0.20554533983562975
CS2_37,998,CS2_37_2_3_11.xlsx,5,2011-01-31 15:17:25,0.23122364320071187,0.21020331200064712,0.4119791439529336,0.5499162051519404,0.8080197424828395,,,,654.0,2498.0,2,4,7,83,0.2037303723818493
CS2_37,999,CS2_37_2_3_11.xlsx,6,2011-01-31 16:29:22,0.226876827181546,0.2062516610741327,0.4063648288035265,0.5461048383273364,0.8000765690040922,,,,645.0,2479.0,2,4,7,83,0.19990040744400195
CS2_37,1000,CS2_37_2_3_11.xlsx,7,2011-01-31 17:40:38,0.220888634042683,0.2008078491297118,0.3925933687347274,0.5426912955295747,0.7921291038662337,,,,623.0,2465.0,2,4,7,81,0.194624230660402
CS2_37,1001,CS2_37_2_3_11.xlsx,8,2011-01-31 18:50:58,0.21515032077000895,0.19559120070000813,0.37320965776178894,0.5378326432404796,0.791047445309943,,,,592.0,2456.0,2,4,7,79,0.1895682221843536
CS2_37,1002,CS2_37_2_3_11.xlsx,9,2011-01-31 20:00:18,0.2124792323151221,0.19316293846829283,0.3550760934020288,0.5310962449774986,0.8024000579225987,,,,563.0,2437.0,2,4,7,79,0.18721473515315679
CS2_37,1003,CS2_37_2_3_11.xlsx,10,2011-01-31 21:08:42,0.2092095841878212,0.19019053107983744,0.34692199835281,0.5286927978272381,0.7995574883157025,,,,550.0,2424.0,2,4,7,77,0.1843338592128257
CS2_37,1004,CS2_37_2_3_11.xlsx,11,2011-01-31 22:16:29,0.20767702801643084,0.1887972981967553,0.3375348198085011,0.5244213105826978,0.8050231905460892,,,,535.0,2410.0,2,4,7,76,0.18298352913770258
CS2_37,1005,CS2_37_2_3_11.xlsx,12,2011-01-31 23:23:41,0.20525753871199814,0.18659776246545284,0.33316329042247783,0.5227928968624784,0.8010014638131782,,,,528.0,2404.0,2,4,7,76,0.18085172526962626
CS2_37,1006,CS2_37_2_3_11.xlsx,13,2011-02-01 00:30:33,0.2035612203180559,0.18505565483459627,0.32691062979320007,0.5185900362457179,0.8045636260317738,,,,518.0,2392.0,2,4,7,76,0.17935710485238784
CS2_37,1007,CS2_37_2_3_11.xlsx,14,2011-02-01 01:36:56,0.20180739619718402,0.1834612692701673,0.3212515983388804,0.5180925101360273,0.80306219620547,,,,509.0,2388.0,2,4,7,75,0.17781181633305015
CS2_37,1008,CS2_37_2_3_11.xlsx,15,2011-02-01 02:43:02,0.20017362515506942,0.1819760228682449,0.3168328234061807,0.5142722006221411,0.8045839735059194,,,,502.0,2371.0,2,4,7,74,0.17637230617660926
CS2_37,1009,CS2_37_2_3_11.xlsx,16,2011-02-01 03:48:38,0.19917828188729825,0.1810711653520893,0.3118360499916528,0.5141815323223606,0.8054287372123043,,,,494.0,2371.0,2,4,7,75,0.17549531257948492
CS2_37,1010,CS2_37_2_3_11.xlsx,17,2011-02-01 04:54:02,0.19404456849646934,0.17640415317860847,0.3093342064173039,0.5124788455212116,0.7879271919223427,,,,490.0,2356.0,2,4,7,74,0.17097201502073406
CS2_37,1011,CS2_37_2_3_11.xlsx,18,2011-02-01 05:58:49,0.19491133888660572,0.17719212626055064,0.2930069342302287,0.5064219633814213,0.8138061550551184,,,,464.0,2346.0,2,4,7,73,0.17173572348889776
CS2_37,1012,CS2_37_2_3_11.xlsx,19,2011-02-01 07:03:05,0.19530245376227384,0.17754768523843076,0.29676651591871517,0.5057788521361781,0.8117888193807938,,,,470.0,2339.0,2,4,7,73,0.1720803334870837
CS2_37,1013,CS2_37_2_3_11.xlsx,20,2011-02-01 08:07:20,0.19435020879649212,0.176682007996811,0.29866218167160735,0.5060786786615141,0.8057493915030522,,,,473.0,2338.0,2,4,7,73,0.17124131365852296
CS2_37,1014,CS2_37_2_3_11.xlsx,21,2011-02-01 09:11:34,0.19922992887015045,0.1811181171546822,0.296791940044867,0.5051650006655859,0.8289687031488823,,,,470.0,2342.0,2,4,7,73,0.17554081856193215
CS2_37,1015,CS2_37_2_3_11.xlsx,22,2011-02-01 10:16:05,0.2045330874044593,0.18593917036769025,0.3130940694864584,0.5104475257353818,0.8309252327062344,,,,496.0,2353.0,2,4,7,75,0.18021341366526628
CS2_37,1016,CS2_37_2_3_11.xlsx,23,2011-02-01 11:21:32,0.20526408762066506,0.1866037160187864,0.33187567546239366,0.5128930125355669,0.8122913963026942,,,,526.0,2351.0,2,4,7,76,0.180857495490971
CS2_37,1017,CS2_37_2_3_11.xlsx,24,2011-02-01 12:27:29,0.20297485068916465,0.1845225915356042,0.33439903022709505,0.513793894819498,0.7992543122127147,,,,530.0,2352.0,2,4,7,77,0.178840456549499
CS2_37,1018,CS2_37_2_3_11.xlsx,25,2011-02-01 13:33:24,0.20217704185439533,0.183797310776723,0.3255837392617263,0.5114188878682622,0.8087779343759226,,,,516.0,2346.0,2,4,7,76,0.17813750987524393
CS2_37,1019,CS2_37_2_3_11.xlsx,26,2011-02-01 14:38:57,0.20033802106227228,0.18212547369297477,0.32185241543843757,0.5130408909311077,0.8025363558462799,,,,510.0,2351.0,2,4,7,75,0.17651715485613384
CS2_37,1020,CS2_37_2_3_11.xlsx,27,2011-02-01 15:44:23,0.19854743328640012,0.1804976666240001,0.31809235779859985,0.5097360602789234,0.8025329255132988,,,,504.0,2339.0,2,4,7,74,0.1749394740043355
CS2_37,1021,CS2_37_2_3_11.xlsx,28,2011-02-01 16:49:24,0.19640408114949803,0.17854916468136184,0.31249488329053887,0.5072157348946843,0.8009547142529774,,,,495.0,2336.0,2,4,7,74,0.1730509736634882
CS2_37,1022,CS2_37_2_3_11.xlsx,29,2011-02-01 17:54:05,0.19230069820526285,0.17481881655023895,0.3081117721463437,0.5012025177663381,0.7942614309435324,,,,488.0,2308.0,2,4,7,73,0.1694354967871521
CS2_37,1023,CS2_37_2_3_11.xlsx,30,2011-02-01 18:57:59,0.19028060436278693,0.17298236760253355,0.292404552260082,0.5003512888371882,0.8008245459648684,,,,463.0,2314.0,2,4,7,72,0.1676555989139201
CS2_37,1024,CS2_37_2_3_11.xlsx,31,2011-02-01 20:01:26,0.18839126324961253,0.171264784772375,0.2861209828695448,0.4987601590799481,0.7998305191962933,,,,453.0,2312.0,2,4,7,72,0.16599090682960227
CS2_37,1025,CS2_37_2_3_11.xlsx,32,2011-02-01 21:04:35,0.18784275829631092,0.1707661439057372,0.28110953024855834,0.49503282666170384,0.8074031832897393,,,,445.0,2300.0,2,4,7,71,0.16550762096470295
CS2_37,1026,CS2_37_2_3_11.xlsx,33,2011-02-01 22:07:22,0.1865381816160312,0.1695801651054829,0.2792006184514482,0.4939503417279674,0.8051599293178456,,,,442.0,2296.0,2,4,7,71,0.1643581628504938
CS2_37,1027,CS2_37_2_3_11.xlsx,34,2011-02-01 23:09:58,0.18536719108672184,0.1685156282606562,0.2767058466579565,0.49178114552765395,0.8046008950441066,,,,438.0,2282.0,2,4,7,71,0.16332640704347742
CS2_37,1028,CS2_37_2_3_11.xlsx,35,2011-02-02 00:12:12,0.18592317536463998,0.16902106851330906,0.2729549828711241,0.49048968910063656,0.8124119211729944,,,,432.0,2282.0,2,4,7,71,0.1638162829160775
CS2_37,1029,CS2_37_2_3_11.xlsx,36,2011-02-02 01:14:22,0.18519723533281773,0.1683611230298343,0.2748090002917686,0.49124997256232283,0.8055876989292999,,,,435.0,2281.0,2,4,7,71,0.1631766596017711
CS2_37,1030,CS2_37_2_3_11.xlsx,37,2011-02-02 02:16:32,0.1865934494297603,0.16963040857250936,0.27355881588038905,0.48966343138328466,0.8142597808095524,,,,433.0,2273.0,2,4,7,71,0.1644068591348179
CS2_37,1031,CS2_37_2_3_11.xlsx,38,2011-02-02 03:18:37,0.18513131117186532,0.168301191974423,0.2785829341433517,0.49003806575015996,0.802146396483239,,,,441.0,2275.0,2,4,7,71,0.1631185740458397
CS2_37,1032,CS2_37_2_3_11.xlsx,39,2011-02-02 04:20:46,0.18264392925234763,0.16603993568395237,0.27417836040685506,0.48860639241702053,0.7976943734853758,,,,434.0,2272.0,2,4,7,70,0.16092695022353304
CS2_37,1033,CS2_37_2_3_11.xlsx,40,2011-02-02 05:22:36,0.18324132549471095,0.16658302317700993,0.26729284268095094,0.48549374069998724,0.8107969281574711,,,,423.0,2259.0,2,4,7,70,0.16145331403837246
CS2_37,1034,CS2_37_2_3_11.xlsx,41,2011-02-02 06:24:04,0.18251623187884292,0.16592384716258446,0.2685330117855925,0.4858417569810497,0.8065568238915672,,,,425.0,2260.0,2,4,7,70,0.16081443649830937
CS2_37,1035,CS2_37_2_3_11.xlsx,42,2011-02-02 07:25:34,0.18030409574568296,0.16391281431425722,0.2672973569056866,0.48426847728461464,0.7982704422215263,,,,423.0,2258.0,2,4,7,70,0.15886533081028587
CS2_37,1036,CS2_37_2_3_11.xlsx,43,2011-02-02 08:26:53,0.1801920765870939,0.1638109787155399,0.259760272721759,0.482823870397757,0.8086644503824183,,,,411.0,2256.0,2,4,7,69,0.15876663110736042
CS2_37,1037,CS2_37_2_3_11.xlsx,44,2011-02-02 09:27:57,0.18444871484697956,0.16768064986089048,0.2610042503964271,0.4817115539731978,0.8276098465284428,,,,413.0,2248.0,2,4,7,70,0.16251714072556828
CS2_37,1038,CS2_37_2_3_11.xlsx,45,2011-02-02 10:29:10,0.1856970084160885,0.16881546219644408,0.2754519951869591,0.48571293237551655,0.813737431155979,,,,436.0,2252.0,2,4,7,71,0.16361700798030085
CS2_37,1039,CS2_37_2_3_11.xlsx,46,2011-02-02 11:30:54,0.18177826559333887,0.16525296872121714,0.277976505343329,0.4888648992897894,0.7908551567668355,,,,440.0,2257.0,2,4,7,70,0.16016421689243418
CS2_37,1040,CS2_37_2_3_11.xlsx,47,2011-02-02 12:32:33,0.18662657753874967,0.16966052503522697,0.26668020323052233,0.48522306265519993,0.8284412527541182,,,,422.0,2252.0,2,4,7,71,0.16443604819994673
CS2_37,1041,CS2_37_2_3_11.xlsx,48,2011-02-02 13:34:07,0.18714914439410002,0.17013558581281818,0.2829378790794014,0.4894726175597244,0.8106162394388114,,,,448.0,2257.0,2,4,7,71,0.16489648009419955
CS2_37,1042,CS2_37_2_3_11.xlsx,49,2011-02-02 14:36:12,0.19076843734824145,0.17342585213476494,0.28297544659736246,0.48995957468210016,0.8248780956034389,,,,448.0,2259.0,2,4,7,71,0.16808542691252373
CS2_37,1043,CS2_37_2_3_11.xlsx,50,2011-02-02 15:38:33,0.188924910968721,0.1717499190624736,0.29421550810311853,0.49484797604459263,0.8005090038586055,,,,466.0,2265.0,2,4,7,73,0.16646110203554979
