battery,cycle,source_file,local_cycle,start_time,capacity_Ah,SOH,HF1,HF2,HF3,HF4,HF5,HF6,HF7,HF8,cc_steps,cv_steps,discharge_steps,n_points,SOH_initial
CS2_36,1,CS2_36_8_17_10.xlsx,1,2010-08-16 13:45:06,1.144814424108196,1.0407403855529054,4.092661524013472,0.5319827549601356,0.9050028547045554,1.060130546151523,3.6290195487035155,3.604999999999987,6764.0,2278.0,2,4,7,1096,1.0
CS2_36,2,CS2_36_8_18_10.xlsx,1,2010-08-17 14:31:07,1.134434996411898,1.0313045421926346,4.031037168419599,0.5156162802877606,0.9121588965143624,1.0590608740754706,3.5960776115391604,3.604999999999987,6672.0,2213.0,2,4,7,386,0.9909335281966041
CS2_36,3,CS2_36_8_19_10.xlsx,1,2010-08-18 10:59:32,1.133961451914118,1.0308740471946525,4.026028906698181,0.5132445564474784,0.913740878000259,1.0601855765768897,3.6135074231013578,3.609999999999987,6667.0,2205.0,2,4,7,387,0.9905198851748113
CS2_36,4,CS2_36_8_30_10.xlsx,1,2010-08-19 14:21:52,1.132869374840287,1.0298812498548062,4.02391926674964,0.5127852239828103,0.91349948445928,1.058418913295102,3.601258257223371,3.604999999999987,6663.0,2201.0,2,4,7,385,0.9895659514622083
CS2_36,5,CS2_36_8_30_10.xlsx,2,2010-08-19 17:58:35,1.1299681742559948,1.027243794778177,4.01119727047376,0.514991828840111,0.9152023371001661,1.0610964760967827,3.688378712939012,3.614999999999987,6657.0,2225.0,2,4,7,384,0.9870317410930892
CS2_36,6,CS2_36_8_30_10.xlsx,3,2010-08-19 21:35:26,1.129642109006316,1.0269473718239235,4.029758253058567,0.48052444617720874,0.9196878808250815,1.0581631442317323,3.6979224411862868,3.614999999999987,6693.0,2053.0,2,4,7,385,0.9867469217871717
CS2_36,7,CS2_36_8_30_10.xlsx,4,2010-08-20 01:10:01,1.125441613221747,1.0231287392924973,4.028504641272538,0.47306580207757626,0.917975437662997,1.0497065894027648,3.5205991104850316,3.614999999999987,6693.0,2017.0,2,4,7,385,0.9830777718392741
CS2_36,8,CS2_36_8_30_10.xlsx,5,2010-08-20 04:43:46,1.115778161351776,1.0143437830470692,3.982817657751679,0.49866519980547525,0.9117273456190045,1.044511339317564,3.5683446982599936,3.609999999999987,6611.0,2134.0,2,4,7,381,0.9746367077973892
CS2_36,9,CS2_36_8_30_10.xlsx,6,2010-08-20 08:17:33,1.1125080707071886,1.0113709733701715,3.95799957535133,0.49823519304901753,0.9141872594365775,1.0411698355230097,3.537987758486225,3.609999999999987,6567.0,2133.0,2,4,7,379,0.9717802704781836
CS2_36,10,CS2_36_8_30_10.xlsx,7,2010-08-20 11:50:26,1.1100457448070111,1.009132495279101,3.9482902301408607,0.49538738013641664,0.9149261500889881,1.0388461018725874,3.5278559356784784,3.609999999999987,6550.0,2122.0,2,4,7,379,0.9696294189092967
CS2_36,11,CS2_36_8_30_10.xlsx,8,2010-08-20 15:22:42,1.1064773742145677,1.0058885220132432,3.938055353215355,0.4950367529651146,0.9139337336242054,1.035350803905551,3.5091133764495543,3.609999999999987,6533.0,2116.0,2,4,7,377,0.9665124328569737
CS2_36,12,CS2_36_8_30_10.xlsx,9,2010-08-20 18:54:23,1.1116830585641697,1.0106209623310634,3.9396566531932966,0.48621979259552495,0.922012224694604,1.0432986963937114,3.62041805920088,3.614999999999987,6533.0,2068.0,2,4,7,378,0.9710596190558698
CS2_36,13,CS2_36_8_30_10.xlsx,10,2010-08-20 22:25:33,1.1130955459430414,1.0119050417664013,3.965931453168012,0.4694960441500742,0.9221998118504136,1.0434289959684209,3.6456438806007685,3.619999999999987,6586.0,1996.0,2,4,7,381,0.972293432457524
CS2_36,14,CS2_36_8_30_10.xlsx,11,2010-08-21 01:56:28,1.1132076337038495,1.012006939730772,3.9737749064308114,0.46287071661649515,0.9223694923293957,1.04233510308084,3.654929287827735,3.619999999999987,6601.0,1962.0,2,4,7,381,0.9723913415670248
CS2_36,15,CS2_36_8_30_10.xlsx,12,2010-08-21 05:27:07,1.113032066681365,1.0118473333466953,3.975975610646626,0.459936964857227,0.9226633767628059,1.041693988688411,3.6612194455972085,3.619999999999987,6606.0,1944.0,2,4,7,382,0.9722379830673523
CS2_36,16,CS2_36_8_30_10.xlsx,13,2010-08-21 08:57:31,1.112609938798009,1.0114635807254626,3.976748821898434,0.45717098199963657,0.9230233990726177,1.0409420274431374,3.676530547063073,3.619999999999987,6608.0,1930.0,2,4,7,382,0.9718692526648816
CS2_36,17,CS2_36_8_30_10.xlsx,14,2010-08-21 12:27:41,1.1123062744960066,1.011187522269097,3.97731077738968,0.4531968910711149,0.92400140196973,1.0399266636232993,3.6704155358054273,3.619999999999987,6610.0,1914.0,2,4,7,382,0.9716040006767795
CS2_36,18,CS2_36_8_30_10.xlsx,15,2010-08-21 15:57:37,1.1120949448138813,1.0109954043762557,3.9787317856497824,0.4495964021630196,0.9242681881627658,1.0388358272407068,3.669988074125497,3.619999999999987,6613.0,1898.0,2,4,7,382,0.9714194033501955
CS2_36,19,CS2_36_8_30_10.xlsx,16,2010-08-21 19:27:20,1.111442008686332,1.0104018260784835,3.9776322202351526,0.44875469590670364,0.9245299918704278,1.0381685181100295,3.6626830075995547,3.619999999999987,6612.0,1892.0,2,4,7,381,0.9708490610188976
CS2_36,20,CS2_36_8_30_10.xlsx,17,2010-08-21 22:56:52,1.1106836109001392,1.009712373545581,3.975682348501074,0.4481057415423987,0.9244004315056555,1.0375760649021784,3.6775818022579796,3.619999999999987,6609.0,1887.0,2,4,7,381,0.9701865975049674
CS2_36,21,CS2_36_8_30_10.xlsx,18,2010-08-22 02:26:15,1.1100340535808293,1.0091218668916628,3.974260094810411,0.44654680427255067,0.924631329915208,1.0365871082243838,3.6714420452860224,3.619999999999987,6607.0,1880.0,2,4,7,381,0.9696192065762446
CS2_36,22,CS2_36_8_30_10.xlsx,19,2010-08-22 05:55:26,1.1093850028109173,1.0085318207371976,3.9727387982200577,0.4439160722399499,0.9250745193142704,1.0357686894647073,3.6673271915364296,3.619999999999987,6605.0,1871.0,2,4,7,381,0.9690522581204566
CS2_36,23,CS2_36_8_30_10.xlsx,20,2010-08-22 09:24:25,1.1089699272590856,1.0081544793264414,3.97102482145833,0.44336636912170385,0.9254381578218543,1.0349758673917884,3.6587918273423563,3.619999999999987,6602.0,1866.0,2,4,7,380,0.9686896879579125
CS2_36,24,CS2_36_8_30_10.xlsx,21,2010-08-22 12:53:14,1.1086852333173418,1.0078956666521288,3.970767735625728,0.44224007860068437,0.9253755132546091,1.0342117290946131,3.671964196602773,3.619999999999987,6602.0,1860.0,2,4,7,380,0.9684410066557306
CS2_36,25,CS2_36_8_30_10.xlsx,22,2010-08-22 16:21:56,1.1078536060801518,1.007139641891047,3.9691314794614043,0.44046563784505616,0.9256061544980012,1.0332789168585088,3.6671900500304893,3.619999999999987,6600.0,1854.0,2,4,7,380,0.9677145769220751
CS2_36,26,CS2_36_8_30_10.xlsx,23,2010-08-22 19:50:27,1.1071817507390982,1.006528864308271,3.9674112427892116,0.43962783395012467,0.9256485732361596,1.0325400184543645,3.670124668352715,3.619999999999987,6597.0,1850.0,2,4,7,379,0.9671277085817526
CS2_36,27,CS2_36_8_30_10.xlsx,24,2010-08-22 23:18:50,1.1065942082976896,1.0059947348160814,3.9649926195222545,0.4409359106534584,0.925487520986829,1.031464125346424,3.666367988397335,3.619999999999987,6593.0,1848.0,2,4,7,380,0.9666144878980891
CS2_36,28,CS2_36_8_30_10.xlsx,25,2010-08-23 02:47:03,1.0962079695507754,0.9965526995916139,3.9399004013078844,0.45626946436713334,0.9156836371802041,1.0248491744221144,3.5028691452903518,3.614999999999987,6553.0,1935.0,2,4,7,377,0.957542066614609
CS2_36,29,CS2_36_8_30_10.xlsx,26,2010-08-23 06:15:30,1.0922232503720046,0.9929302276109132,3.8991697111113024,0.4718228435819811,0.9171071566572347,1.022464189811033,3.473879894676187,3.609999999999987,6473.0,2002.0,2,4,7,374,0.9540613983989942
CS2_36,30,CS2_36_8_30_10.xlsx,27,2010-08-23 09:43:30,1.0899144132465324,0.9908312847695748,3.8844276697893725,0.47443101671868376,0.917285002745012,1.0210023401490984,3.4703723649240756,3.609999999999987,6447.0,2014.0,2,4,7,373,0.952044619891621
CS2_36,31,CS2_36_8_30_10.xlsx,28,2010-08-23 13:11:10,1.088266717657902,0.9893333796890017,3.8746722977063275,0.4775762856284562,0.9172483641966555,1.0197987899375325,3.4477189164390754,3.609999999999987,6429.0,2027.0,2,4,7,373,0.9506053511735368
CS2_36,32,CS2_36_8_30_10.xlsx,29,2010-08-23 16:38:39,1.0861751046441839,0.9874319133128944,3.863029164105669,0.48256431077865214,0.9165047674063219,1.018173799240316,3.4394653898422844,3.609999999999987,6409.0,2047.0,2,4,7,372,0.948778318800716
CS2_36,33,CS2_36_8_30_10.xlsx,30,2010-08-23 20:06:01,1.0942636716121967,0.9947851560110879,3.88345086869539,0.4584425714151864,0.9268401199575197,1.0248983667413096,3.5711406261173844,3.614999999999987,6445.0,1934.0,2,4,7,374,0.9558437145519214
CS2_36,34,CS2_36_8_30_10.xlsx,31,2010-08-23 23:32:34,1.0955863241378907,0.9959875673980824,3.9129994744075045,0.450066552724727,0.923886156488424,1.0245644316884743,3.586220810870265,3.619999999999987,6500.0,1895.0,2,4,7,376,0.9569990568483153
CS2_36,35,CS2_36_8_30_10.xlsx,32,2010-08-24 02:59:26,1.0860174611647508,0.9872886010588643,3.8914558485889814,0.4675960666165763,0.9143027218843905,1.017192868628697,3.4352894989670935,3.609999999999987,6467.0,1981.0,2,4,7,374,0.9486406165879264
CS2_36,36,CS2_36_8_30_10.xlsx,33,2010-08-24 06:26:39,1.0821915698130482,0.9838105180118619,3.858075923729063,0.4776014461914084,0.9148431808348769,1.014466850171456,3.4526351990481334,3.609999999999987,6401.0,2021.0,2,4,7,371,0.9452986851175198
CS2_36,37,CS2_36_8_30_10.xlsx,34,2010-08-24 09:53:14,1.0817261717385591,0.9833874288532355,3.8440164902355227,0.4805989669441686,0.9173597932374972,1.014425879768896,3.415659146442513,3.609999999999987,6376.0,2042.0,2,4,7,370,0.9448921580292088
CS2_36,38,CS2_36_8_30_10.xlsx,35,2010-08-24 13:19:43,1.0802248956414502,0.9820226324013183,3.8429619528703065,0.4792621256733754,0.9164141295628072,1.0128358864548572,3.410651205495358,3.604999999999987,6374.0,2037.0,2,4,7,370,0.9435807873253689
CS2_36,39,CS2_36_8_30_10.xlsx,36,2010-08-24 16:46:01,1.0808436386231008,0.9825851260210007,3.835171434093305,0.48312571550909744,0.9177265965814675,1.0148304000889332,3.4255229447150377,3.609999999999987,6360.0,2052.0,2,4,7,369,0.944121261806316
CS2_36,40,CS2_36_8_30_10.xlsx,37,2010-08-24 20:12:23,1.0878141843774927,0.9889219857977205,3.862439453573045,0.45948750990591863,0.9257498348740754,1.0192205474907263,3.537791197037574,3.614999999999987,6410.0,1939.0,2,4,7,372,0.950210061534553
CS2_36,41,CS2_36_8_30_10.xlsx,38,2010-08-24 23:38:03,1.0888020188978587,0.9898200171798714,3.8854115144334043,0.45427507275726997,0.9229213641697056,1.0188905363216179,3.5417955147759894,3.614999999999987,6453.0,1916.0,2,4,7,373,0.9510729389577961
CS2_36,42,CS2_36_8_30_10.xlsx,39,2010-08-25 03:04:07,1.0787350683285837,0.980668243935076,3.8605933060603896,0.47330447455590224,0.9126264194085992,1.0108941071974042,3.398995368218122,3.609999999999987,6414.0,2012.0,2,4,7,371,0.9422794171805726
CS2_36,43,CS2_36_8_30_10.xlsx,40,2010-08-25 06:30:36,1.0770546701411448,0.9791406092192224,3.8274989311301506,0.48342855313785055,0.9162286301496374,1.01015611992597,3.3979942529039855,3.609999999999987,6348.0,2052.0,2,4,7,369,0.9408115826110108
CS2_36,44,CS2_36_8_30_10.xlsx,41,2010-08-25 09:56:32,1.076654927436607,0.9787772067605518,3.8250987324986636,0.48091145355233644,0.9168909871343877,1.01026135249477,3.409939280624214,3.604999999999987,6344.0,2044.0,2,4,7,369,0.9404624057521945
CS2_36,45,CS2_36_8_30_10.xlsx,42,2010-08-25 13:22:15,1.0759865243160647,0.9781695675600587,3.822106227351953,0.4817128183765404,0.9169649257142124,1.0092342079499845,3.3970884610905197,3.609999999999987,6339.0,2045.0,2,4,7,368,0.9398785529403617
CS2_36,46,CS2_36_8_30_10.xlsx,43,2010-08-25 16:47:52,1.0746837318640488,0.9769852107854988,3.8126283069203177,0.48715525340200855,0.9161317573168642,1.0091537518537517,3.367891967470632,3.604999999999987,6323.0,2070.0,2,4,7,367,0.9387405584981351
CS2_36,47,CS2_36_8_30_10.xlsx,44,2010-08-25 20:13:34,1.082485795079478,0.9840779955267981,3.8355398222213974,0.46383231691185217,0.9257303245597225,1.0152861925211651,3.5074014154518465,3.614999999999987,6363.0,1959.0,2,4,7,370,0.9455556920701174
CS2_36,48,CS2_36_8_30_10.xlsx,45,2010-08-25 23:38:31,1.0838554769413307,0.9853231608557551,3.8634310246424914,0.4561122806823025,0.923234170763795,1.0150309971565492,3.5279545027570554,3.614999999999987,6415.0,1924.0,2,4,7,371,0.9467521146806375
CS2_36,49,CS2_36_8_30_10.xlsx,46,2010-08-26 03:03:48,1.0754639835717512,0.9776945305197737,3.844892308040366,0.47227708753890124,0.9140317206983882,1.0081053152597754,3.4055080036593135,3.609999999999987,6387.0,2005.0,2,4,7,369,0.9394221115003261
CS2_36,50,CS2_36_8_30_10.xlsx,47,2010-08-26 06:29:31,1.074054700621609,0.9764133642014626,3.81552068902409,0.48157880499670785,0.9170824689427404,1.0075137638580345,3.3961616598462587,3.609999999999987,6328.0,2043.0,2,4,7,367,0.9381910971800445
CS2_36,51,CS2_36_8_30_10.xlsx,48,2010-08-26 09:54:49,1.07297770196395,0.9754342745126817,3.8118053956691793,0.4813915116163834,0.9167525241148952,1.0063808734845936,3.387747210714848,3.604999999999987,6322.0,2040.0,2,4,7,367,0.9372503345245616
CS2_36,52,CS2_36_8_30_10.xlsx,49,2010-08-26 13:19:54,1.0719010175273311,0.9744554704793918,3.809132349613443,0.4813183523979247,0.9161690094516322,1.0052390529987147,3.3983404809416253,3.604999999999987,6317.0,2038.0,2,4,7,367,0.9363098463424202
CS2_36,53,CS2_36_8_30_10.xlsx,50,2010-08-26 16:44:48,1.0697293813384832,0.9724812557622573,3.79568867799548,0.4883915466961783,0.9150918524650183,1.004367847878008,3.349448823736872,3.604999999999987,6295.0,2074.0,2,4,7,366,0.9344129134045428
CS2_36,54,CS2_36_9_7_10.xlsx,1,2010-08-31 13:30:15,1.1050967537255658,1.004633412477787,3.8094542452967946,0.4866551187330602,0.9436380423980648,1.0313342308620985,3.471520231316457,3.604999999999987,6298.0,2087.0,2,4,7,370,0.9653064553116808
CS2_36,55,CS2_36_9_7_10.xlsx,2,2010-08-31 16:57:30,1.102576201053698,1.0023420009579072,3.91755771642367,0.4937615761953081,0.9168542672412119,1.0336899141587574,3.600309837485293,3.604999999999987,6506.0,2114.0,2,4,7,376,0.9631047424237327
CS2_36,56,CS2_36_9_7_10.xlsx,3,2010-08-31 20:28:29,1.1059050208497978,1.0053682007725433,3.9372480061906674,0.4681981058809758,0.923366925085228,1.0329642109291914,3.603438045438644,3.609999999999987,6542.0,1988.0,2,4,7,378,0.9660124798927928
CS2_36,57,CS2_36_9_7_10.xlsx,4,2010-08-31 23:58:09,1.10553746463462,1.0050340587587454,3.945464870764258,0.4624949817377237,0.9228723932925514,1.0323438201562876,3.6279063086932957,3.614999999999987,6559.0,1959.0,2,4,7,378,0.9656914180617768
CS2_36,58,CS2_36_9_7_10.xlsx,5,2010-09-01 03:27:36,1.0971700375013835,0.9974273068194395,3.9190908490775667,0.480021014610288,0.9151002209922228,1.0262242785847902,3.4626585218417953,3.604999999999987,6516.0,2042.0,2,4,7,376,0.9583824368356233
CS2_36,59,CS2_36_9_7_10.xlsx,6,2010-09-01 06:57:16,0.9808535419768072,0.8916850381607337,3.8902984103445055,,,,,,6459.0,,2,,7,341,0.856779510566428
CS2_36,60,CS2_36_9_7_10.xlsx,7,2010-09-01 09:45:37,1.0931878993694495,0.993807181244954,3.8875772068961,0.4886281469463629,0.916155107045253,1.0237870137198273,3.4663627158445136,3.604999999999987,6454.0,2078.0,2,4,7,374,0.9549040231747925
CS2_36,61,CS2_36_9_7_10.xlsx,8,2010-09-01 13:14:38,1.0910301379389242,0.9918455799444765,3.877649048555113,0.48729706264075684,0.9168125203253877,1.0222101112115531,3.4434516373543067,3.604999999999987,6437.0,2074.0,2,4,7,373,0.9530192098940671
CS2_36,62,CS2_36_9_7_10.xlsx,9,2010-09-01 16:43:10,1.084184869922078,0.9856226090200708,3.84637580302797,0.507988399956731,0.9109185791345434,1.016146719714864,3.3484799365497913,3.599999999999987,6384.0,2166.0,2,4,7,370,0.9470398407730161
CS2_36,63,CS2_36_9_7_10.xlsx,10,2010-09-01 20:12:00,1.086239253548495,0.9874902304986318,3.8431037679703026,0.4946448067495599,0.9181054008034505,1.0194617699405635,3.419972146654044,3.599999999999987,6374.0,2098.0,2,4,7,371,0.94883435312642
CS2_36,64,CS2_36_9_7_10.xlsx,11,2010-09-01 23:39:38,1.0844400395601834,0.9858545814183485,3.844922001601944,0.49530129862636496,0.9157099829382488,1.0171571259977805,3.4070944138356047,3.599999999999987,6379.0,2104.0,2,4,7,370,0.9472627324773237
CS2_36,65,CS2_36_9_7_10.xlsx,12,2010-09-02 03:07:21,1.078245066090414,0.9802227873549216,3.822350792567388,0.508913346015736,0.9105978635675193,1.0103219397947112,3.3059978020735388,3.5949999999999873,6341.0,2165.0,2,4,7,368,0.9418513982564125
CS2_36,66,CS2_36_9_7_10.xlsx,13,2010-09-02 06:35:07,1.0768874823061019,0.9789886202782744,3.8055122637124614,0.5108996334080801,0.912898504714155,1.0095738227036484,3.323207723775128,3.5949999999999873,6307.0,2171.0,2,4,7,367,0.9406655433652413
CS2_36,67,CS2_36_9_7_10.xlsx,14,2010-09-02 10:02:20,1.0753270767380734,0.9775700697618848,3.8034325099322897,0.5074325868540726,0.9127791623552767,1.008183918365752,3.3345344652211883,3.5949999999999873,6304.0,2156.0,2,4,7,367,0.9393025228309358
CS2_36,68,CS2_36_9_7_10.xlsx,15,2010-09-02 13:29:10,1.0742967141089057,0.9766333764626415,3.7969544304154987,0.506762425524802,0.9133730894924059,1.0078334778252411,3.3133550730895673,3.5949999999999873,6293.0,2153.0,2,4,7,366,0.9384024969337514
CS2_36,69,CS2_36_9_7_10.xlsx,16,2010-09-02 16:55:44,1.0709581766944574,0.9735983424495066,3.7836347847144642,0.5154120161166004,0.910592545325726,1.005341514539157,3.331780311764958,3.5949999999999873,6269.0,2197.0,2,4,7,365,0.9354862710860128
CS2_36,70,CS2_36_9_7_10.xlsx,17,2010-09-02 20:22:26,1.0725533739879616,0.9750485218072377,3.7834300081082297,0.5064259259787224,0.9152753821407824,1.0072326639216183,3.3620513922737176,3.599999999999987,6268.0,2158.0,2,4,7,365,0.936879682332335
CS2_36,71,CS2_36_9_7_10.xlsx,18,2010-09-02 23:48:34,1.0719708180444592,0.9745189254949628,3.7885447622559925,0.5041078910900948,0.9140823946788388,1.0069323181275927,3.3532617721634455,3.599999999999987,6278.0,2144.0,2,4,7,366,0.9363708173746312
CS2_36,72,CS2_36_9_7_10.xlsx,19,2010-09-03 03:14:36,1.0674647245003577,0.9704224768185069,3.776839731495336,0.5101877083483239,0.910440349821963,1.0005242113997048,3.2877695197683057,3.5949999999999873,6259.0,2177.0,2,4,7,364,0.9324347265557095
CS2_36,73,CS2_36_9_7_10.xlsx,20,2010-09-03 06:40:38,1.0667480709713573,0.9697709736103247,3.762485096365449,0.5130186142329898,0.9122756602225603,1.0008653335015762,3.3054843917220174,3.5949999999999873,6231.0,2187.0,2,4,7,363,0.9318087268181898
CS2_36,74,CS2_36_9_7_10.xlsx,21,2010-09-03 10:06:20,1.0660523352198616,0.9691384865635105,3.7618413960400945,0.5116841412879409,0.9122540893672414,1.0002747148062983,3.3188539220598763,3.5949999999999873,6231.0,2178.0,2,4,7,363,0.9312009988433807
CS2_36,75,CS2_36_9_7_10.xlsx,22,2010-09-03 13:31:49,1.0652255854326107,0.9683868958478278,3.7606476053253877,0.5087121372542913,0.9127618713264695,0.99965591328641,3.3095445530909746,3.5949999999999873,6229.0,2169.0,2,4,7,363,0.9304788295818474
CS2_36,76,CS2_36_9_7_10.xlsx,23,2010-09-03 16:57:07,1.0635742489778721,0.9668856808889745,3.748291547901656,0.5175323024366066,0.9113498658317593,1.0001517233909898,3.320135813892015,3.5899999999999874,6207.0,2204.0,2,4,7,362,0.9290363805525865
CS2_36,77,CS2_36_9_7_10.xlsx,24,2010-09-03 20:22:30,1.0658822653426583,0.9689838775842348,3.757052531707072,0.5053420066312342,0.9155369585454551,1.0018561827225396,3.32421505620895,3.599999999999987,6223.0,2150.0,2,4,7,363,0.9310524421222022
CS2_36,78,CS2_36_9_7_10.xlsx,25,2010-09-03 23:47:23,1.065200565336749,0.9683641503061353,3.762692406606111,0.5043189931815933,0.9137926607880552,1.000748842615813,3.320495120440152,3.599999999999987,6234.0,2144.0,2,4,7,363,0.9304569744275665
CS2_36,79,CS2_36_9_7_10.xlsx,26,2010-09-04 03:12:20,1.064430770494024,0.9676643368127489,3.7604324589897655,0.5037958400495951,0.9137423407092474,1.000094029573894,3.331043768191204,3.5949999999999873,6230.0,2140.0,2,4,7,363,0.9297845555389552
CS2_36,80,CS2_36_9_7_10.xlsx,27,2010-09-04 06:37:05,1.063916447403507,0.9671967703668245,3.7565002741114597,0.505042375925146,0.913955208859615,0.9999162461076697,3.337993953937073,3.5949999999999873,6223.0,2151.0,2,4,7,363,0.9293352922525343
CS2_36,81,CS2_36_9_7_10.xlsx,28,2010-09-04 10:01:52,1.063514544904173,0.9668314044583389,3.7541828660720227,0.5051399253732617,0.9141861242351662,1.0001748611094414,3.34684998912586,3.5949999999999873,6219.0,2149.0,2,4,7,363,0.9289842288042841
CS2_36,82,CS2_36_9_7_10.xlsx,29,2010-09-04 13:26:32,0.9475129575572296,0.8613754159611178,3.7554766456930717,,,,,,6222.0,,2,,7,330,0.8276563760937385
CS2_36,83,CS2_36_9_7_10.xlsx,30,2010-09-04 16:09:06,0.9467972625950587,0.860724784177326,3.762990691898217,,,,,,6235.0,,2,,7,330,0.8270312136681965
CS2_36,84,CS2_36_9_7_10.xlsx,31,2010-09-04 18:51:51,1.0617553751982882,0.965232159271171,3.756374528956199,0.5086174113248587,0.9116178844230862,0.9977523535779477,3.307765385984322,3.5949999999999873,6223.0,2161.0,2,4,7,363,0.9274475869968094
CS2_36,85,CS2_36_9_7_10.xlsx,32,2010-09-04 22:16:41,1.0609471229431904,0.9644973844938094,3.7447477428228004,0.5063019939567942,0.9137725638766392,0.9971420298645037,3.3011493482374012,3.5949999999999873,6203.0,2154.0,2,4,7,362,0.9267415754039457
CS2_36,86,CS2_36_9_7_10.xlsx,33,2010-09-05 01:41:02,1.0603898392333093,0.963990762939372,3.74203838515535,0.5063489169652863,0.9137899894052502,0.9961754098501491,3.319415788716666,3.5949999999999873,6198.0,2159.0,2,4,7,362,0.9262547858438691
CS2_36,87,CS2_36_9_7_10.xlsx,34,2010-09-05 05:05:22,1.059796332598836,0.9634512114534872,3.7384363329111765,0.507811962689706,0.913775713492922,0.9961472730017346,3.3186750204360056,3.5949999999999873,6192.0,2161.0,2,4,7,362,0.9257363554135959
CS2_36,88,CS2_36_9_7_10.xlsx,35,2010-09-05 08:29:35,0.9420860614187845,0.8564418740170767,3.736078772211924,,,,,,6188.0,,2,,7,329,0.822915960508328
CS2_36,89,CS2_36_9_7_10.xlsx,36,2010-09-05 11:11:17,1.058691219575465,0.9624465632504227,3.7418508108234647,0.508244686965229,0.9118270473319255,0.9946505197435426,3.3225855782915854,3.599999999999987,6198.0,2169.0,2,4,7,362,0.9247710347466835
CS2_36,90,CS2_36_9_7_10.xlsx,37,2010-09-05 14:35:42,1.0589330269865584,0.9626663881695985,3.7345769517441485,0.5055548447270704,0.9145439745132301,0.9953307628083374,3.3214057944807958,3.599999999999987,6185.0,2151.0,2,4,7,362,0.9249822544919989
CS2_36,91,CS2_36_9_7_10.xlsx,38,2010-09-05 17:59:35,1.057621604881767,0.9614741862561518,3.7318546496755234,0.5079522403615708,0.9132447331943182,0.993902654546266,3.2992744136946675,3.5949999999999873,6181.0,2162.0,2,4,7,360,0.923836722013394
CS2_36,92,CS2_36_9_7_10.xlsx,39,2010-09-05 21:23:30,1.0569429043677943,0.9608571857889038,3.7273324955854803,0.508558351166597,0.9132103909432848,0.9930045821367367,3.287140795729896,3.5949999999999873,6173.0,2164.0,2,4,7,360,0.9232438743870186
CS2_36,93,CS2_36_9_7_10.xlsx,40,2010-09-06 00:47:17,1.0558419013567004,0.9598562739606367,3.725157565305912,0.5082655058569927,0.9129425124187716,0.9911463151158075,3.307776966818525,3.5949999999999873,6169.0,2168.0,2,4,7,360,0.9222821438323469
CS2_36,94,CS2_36_9_7_10.xlsx,41,2010-09-06 04:11:01,1.0494303755372698,0.9540276141247906,3.701625013280506,0.5252054385449126,0.9065519012074649,0.983262733362362,3.1855042330619656,3.5899999999999874,6127.0,2239.0,2,4,7,358,0.9166816502637711
CS2_36,95,CS2_36_9_7_10.xlsx,42,2010-09-06 07:34:54,1.0479748539259148,0.9527044126599225,3.6779711790676224,0.5314899199944537,0.9086711221859021,0.9826670967326694,3.2263539895437865,3.5849999999999875,6084.0,2277.0,2,4,7,356,0.9154102462871059
CS2_36,96,CS2_36_9_7_10.xlsx,43,2010-09-06 10:58:37,1.0467898132579379,0.9516271029617616,3.6721897119315305,0.5332873393484602,0.9082792908094329,0.9813301911538483,3.1919040603635276,3.5849999999999875,6074.0,2276.0,2,4,7,356,0.9143751085014336
CS2_36,97,CS2_36_9_7_10.xlsx,44,2010-09-06 14:22:04,0.0917012256432912,0.08336475058481017,3.666531369028883,0.5357406166798898,0.08601519538696663,,,,6064.0,2279.0,2,4,7,248,0.08010138910917894
CS2_36,98,CS2_36_9_14_10.xlsx,1,2010-09-07 10:44:17,1.0546732509422638,0.958793864492967,,0.5576330493989583,,0.9871663770675324,3.2387797650786387,3.5949999999999873,,1958.0,,2;4,7,154,0.9212613229990079
CS2_36,99,CS2_36_9_14_10.xlsx,2,2010-09-07 12:19:38,1.054433003579749,0.9585754577997716,3.714985299504626,0.5125886942089396,0.9124424417761564,0.9880433960817255,3.225027940038574,3.5899999999999874,6152.0,2185.0,2,4,7,359,0.9210514659623951
CS2_36,100,CS2_36_9_14_10.xlsx,3,2010-09-07 15:43:17,1.0537609639464103,0.9579645126785548,3.7170186652396824,0.5079389410228755,0.9127009724570551,0.9876368683752833,3.2220456888950944,3.5949999999999873,6156.0,2164.0,2,4,7,360,0.920464436642021
CS2_36,101,CS2_36_9_14_10.xlsx,4,2010-09-07 19:06:37,1.059147240474413,0.9628611277040119,3.7297246091970355,0.4961351321844586,0.9192893597509346,0.9954177628118157,3.358032248479042,3.599999999999987,6175.0,2105.0,2,4,7,361,0.9251693708344765
CS2_36,102,CS2_36_9_14_10.xlsx,5,2010-09-07 22:29:35,1.060261149013189,0.9638737718301718,3.752722184637219,0.4853709564385995,0.9181803757398814,0.9956194259973059,3.370421709357657,3.599999999999987,6221.0,2058.0,2,4,7,363,0.9261423744194406
CS2_36,103,CS2_36_9_14_10.xlsx,6,2010-09-08 01:52:35,1.0550946667536172,0.9591769697760155,3.756221841345137,0.47970822243914996,0.9124548022868931,0.9872261707423717,3.2550796009879006,3.5949999999999873,6228.0,2023.0,2,4,7,362,0.921629431403723
CS2_36,104,CS2_36_9_14_10.xlsx,7,2010-09-08 05:14:51,1.0521230648066542,0.9564755134605947,3.710224298674118,0.5103670980281263,0.9122678964411891,0.9878512660816392,3.2774663114730904,3.5949999999999873,6145.0,2171.0,2,4,7,359,0.9190337251613966
CS2_36,105,CS2_36_9_14_10.xlsx,8,2010-09-08 08:38:03,1.0519960895014853,0.9563600813649865,3.7076198658273025,0.5076990530459399,0.9133043049640207,0.9873851539492338,3.2633914878673873,3.5949999999999873,6141.0,2159.0,2,4,7,359,0.9189228117220696
CS2_36,106,CS2_36_9_14_10.xlsx,9,2010-09-08 12:00:57,1.0515645026739158,0.9559677297035597,3.712365151436846,0.5003176680938898,0.9134156224640742,0.9866389424941271,3.2941426645214413,3.5949999999999873,6149.0,2119.0,2,4,7,359,0.9185458188938165
CS2_36,107,CS2_36_9_14_10.xlsx,10,2010-09-08 15:23:18,1.0488550894048654,0.9535046267316957,3.7018799246073852,0.5064357997672934,0.9114248252028634,0.9840418573948322,3.248634060271563,3.5899999999999874,6131.0,2155.0,2,4,7,358,0.916179135515276
CS2_36,108,CS2_36_9_14_10.xlsx,11,2010-09-08 18:45:47,1.055511996072644,0.95955636006604,3.705031423057512,0.5016178762657759,0.9202455182059661,0.9922702940929466,3.3410365104674478,3.599999999999987,6132.0,2122.0,2,4,7,359,0.921993970240969
CS2_36,109,CS2_36_9_14_10.xlsx,12,2010-09-08 22:08:08,1.0570356819010431,0.9609415290009482,3.7361271840743533,0.486076573850868,0.9187956061782788,0.9926655921986495,3.365812363270687,3.599999999999987,6193.0,2054.0,2,4,7,362,0.9233249159351465
CS2_36,110,CS2_36_9_14_10.xlsx,13,2010-09-09 01:30:25,0.9447674166554041,0.8588794696867309,3.7431660749595026,,,,,,6206.0,,2,,7,328,0.8252581350827866
CS2_36,111,CS2_36_9_14_10.xlsx,14,2010-09-09 04:12:35,1.047158092077705,0.9519619018888227,3.712573342488314,0.513621430084873,0.9058100872388705,0.981875794474299,3.2246959454782975,3.5899999999999874,6151.0,2185.0,2,4,7,358,0.9146968015304624
CS2_36,112,CS2_36_9_14_10.xlsx,15,2010-09-09 07:35:49,1.0471055576731914,0.9519141433392648,3.682521314739376,0.5132921199012436,0.9126667749070395,0.9823549582580052,3.220896994980984,3.5899999999999874,6096.0,2185.0,2,4,7,357,0.9146509125170054
CS2_36,113,CS2_36_9_14_10.xlsx,16,2010-09-09 10:58:09,1.0468992258496908,0.9517265689542642,3.679446127524763,0.5163896278899639,0.9127700651454222,0.9810623882056226,3.1112099497316965,3.5949999999999873,6091.0,2193.0,2,4,7,356,0.9144706808400143
CS2_36,114,CS2_36_9_14_10.xlsx,17,2010-09-09 14:20:31,1.0442582046349287,0.9493256405772078,3.6767860169206306,0.5169044258527014,0.9101393072382724,0.9776627604014554,3.1837612264289286,3.5899999999999874,6086.0,2204.0,2,4,7,356,0.9121637381957343
CS2_36,115,CS2_36_9_14_10.xlsx,18,2010-09-09 17:42:50,1.0476100162270683,0.9523727420246074,3.657296787928496,0.5261596849046066,0.9161768826235698,0.9880398858833782,3.343054651219395,3.5949999999999873,6051.0,2258.0,2,4,7,355,0.9150915590910297
CS2_36,116,CS2_36_9_14_10.xlsx,19,2010-09-09 21:05:40,1.0522763005600027,0.9566148186909115,3.7063542832363536,0.49310285826169875,0.9189007774516278,0.9884699037456824,3.3288749729128697,3.599999999999987,6140.0,2092.0,2,4,7,359,0.9191675772077383
CS2_36,117,CS2_36_9_14_10.xlsx,20,2010-09-10 00:27:28,0.940229978668107,0.8547545260619154,3.721152600068987,,,,,,6167.0,,2,,7,328,0.8212946647667729
CS2_36,118,CS2_36_9_14_10.xlsx,21,2010-09-10 03:08:43,1.0433330746061067,0.9484846132782787,3.699993345657638,0.5129645501886573,0.905301055181446,0.9764448571734555,3.1445386033444382,3.5899999999999874,6134.0,2184.0,2,4,7,358,0.9113556333978386
CS2_36,119,CS2_36_9_14_10.xlsx,22,2010-09-10 06:31:27,1.0420778021697288,0.9473434565179352,3.660645409065611,0.5205386711219369,0.9107715015532404,0.9766565995555436,3.2008976188891443,3.5899999999999874,6057.0,2217.0,2,4,7,355,0.9102591478802353
CS2_36,120,CS2_36_9_14_10.xlsx,23,2010-09-10 09:53:23,1.04236593844524,0.9476053985865817,3.6581628352963165,0.5200665655023429,0.9119903320499186,0.977144057615659,3.214739090997633,3.5949999999999873,6053.0,2218.0,2,4,7,355,0.9105108360747963
CS2_36,121,CS2_36_9_14_10.xlsx,24,2010-09-10 13:15:17,1.0404798172881584,0.9458907429892348,3.662704167126094,0.5164818210626787,0.9095573859541691,0.9731300533470321,3.108938113385617,3.5849999999999875,6061.0,2197.0,2,4,7,354,0.9088633016645352
CS2_36,122,CS2_36_9_14_10.xlsx,25,2010-09-10 16:36:51,1.038504633589504,0.9440951214450036,3.6389224652707375,0.5329215016347705,0.9087756902108982,0.9723309288720909,3.154917484424147,3.5849999999999875,6020.0,2266.0,2,4,7,353,0.9071379707663043
CS2_36,123,CS2_36_9_14_10.xlsx,26,2010-09-10 19:58:47,1.0471949888272967,0.9519954443884514,3.668946473104861,0.500904623805466,0.9203693457030023,0.983531295312073,3.2888004985768418,3.5949999999999873,6072.0,2127.0,2,4,7,356,0.9147290309895036
CS2_36,124,CS2_36_9_14_10.xlsx,27,2010-09-10 23:19:45,1.0481894272242513,0.9528994792947739,3.6986562898720514,0.49416158100959434,0.9162812621117474,0.9839450693928878,3.2972679034542742,3.599999999999987,6127.0,2097.0,2,4,7,359,0.9155976769254852
CS2_36,125,CS2_36_9_14_10.xlsx,28,2010-09-11 02:41:11,1.0499445536754664,0.9544950487958784,3.7046742093689904,0.4908507663448064,0.9179966255626066,0.9858041565195449,3.328844499089161,3.599999999999987,6138.0,2081.0,2,4,7,359,0.9171307869337577
CS2_36,126,CS2_36_9_14_10.xlsx,29,2010-09-11 06:02:37,1.0512131198833572,0.9556482908030519,3.7164062253309433,0.48279050307443167,0.9187028211444813,0.9862392218016144,3.329991186669683,3.599999999999987,6160.0,2047.0,2,4,7,360,0.9182388846141997
CS2_36,127,CS2_36_9_14_10.xlsx,30,2010-09-11 09:23:56,1.0520575648905535,0.9564159680823212,3.7229304199354183,0.4802974358971228,0.9190202266379889,0.986552041362467,3.33740142697329,3.599999999999987,6172.0,2034.0,2,4,7,360,0.9189765107214651
CS2_36,128,CS2_36_9_14_10.xlsx,31,2010-09-11 12:45:17,1.0526470963788839,0.9569519057989853,3.727760491206632,0.4773646301924813,0.9193865100090466,0.986786953554528,3.347706998603122,3.599999999999987,6181.0,2018.0,2,4,7,360,0.919491468845608
CS2_36,129,CS2_36_9_14_10.xlsx,32,2010-09-11 16:06:32,1.0531847790331028,0.9574407082119115,3.7315346533675315,0.4748122867324196,0.9197558058093848,0.9870232279230292,3.355664440572164,3.604999999999987,6188.0,2009.0,2,4,7,361,0.9199611368047952
CS2_36,130,CS2_36_9_14_10.xlsx,33,2010-09-11 19:27:47,1.053980810877789,0.9581643735252627,3.735872907490233,0.4712065914373474,0.9204690417965657,0.9873742697983782,3.3672435872499404,3.604999999999987,6196.0,1994.0,2,4,7,361,0.9206564738200554
CS2_36,131,CS2_36_9_14_10.xlsx,34,2010-09-11 22:48:58,1.0540433800169424,0.9582212545608567,3.7383934839161794,0.4697854259543751,0.9205730922343869,0.9871418402335193,3.364087369127849,3.604999999999987,6201.0,1991.0,2,4,7,361,0.9207111282145457
CS2_36,132,CS2_36_9_14_10.xlsx,35,2010-09-12 02:10:12,1.0542701495677633,0.9584274086979666,3.7395025197101828,0.46914876788922627,0.9208213717746299,0.9870580745394089,3.360922779436442,3.604999999999987,6203.0,1983.0,2,4,7,361,0.9209092123284819
CS2_36,133,CS2_36_9_14_10.xlsx,36,2010-09-12 05:31:21,1.0545008421560809,0.9586371292328008,3.741594401070999,0.46756563928085426,0.9210816763493072,0.9870633619064997,3.3719713593306664,3.604999999999987,6207.0,1980.0,2,4,7,361,0.9211107232314366
CS2_36,134,CS2_36_9_14_10.xlsx,37,2010-09-12 08:52:31,1.054641950268163,0.9587654093346936,3.7425845653009,0.46822667064134815,0.9208224449817006,0.9868985951582383,3.362398551614803,3.604999999999987,6209.0,1978.0,2,4,7,361,0.9212339817343962
CS2_36,135,CS2_36_9_14_10.xlsx,38,2010-09-12 12:13:40,1.0547427583463929,0.9588570530421753,3.7435986806673665,0.4657971096885193,0.921223279301096,0.9868158076551424,3.367678965833337,3.604999999999987,6211.0,1972.0,2,4,7,361,0.9213220379958365
CS2_36,136,CS2_36_9_14_10.xlsx,39,2010-09-12 15:34:46,1.0548839161785253,0.9589853783441138,3.744053230001084,0.4664800746052796,0.9210444155783138,0.9869063639196768,3.372085852159051,3.604999999999987,6212.0,1970.0,2,4,7,361,0.9214453399294598
CS2_36,137,CS2_36_9_14_10.xlsx,40,2010-09-12 18:55:52,1.054888375284456,0.9589894320767781,3.745173226547111,0.4656520190812439,0.9210079075221557,0.9866110534610605,3.372608930909432,3.604999999999987,6214.0,1968.0,2,4,7,362,0.9214492349764096
CS2_36,138,CS2_36_9_14_10.xlsx,41,2010-09-12 22:16:58,1.0548806984995949,0.9589824531814498,3.7450304386179694,0.4652897152593363,0.921210313180503,0.9864106186877994,3.3746334713908808,3.604999999999987,6214.0,1965.0,2,4,7,362,0.9214425292739835
CS2_36,139,CS2_36_9_14_10.xlsx,42,2010-09-13 01:38:01,1.0478946465625398,0.9526314968750361,3.7448851493436095,0.4653247635721927,0.9130325031276706,0.9727918308869029,3.1628594151614684,3.5949999999999873,6214.0,1962.0,2,4,7,361,0.9153401848328772
CS2_36,140,CS2_36_9_14_10.xlsx,43,2010-09-13 04:58:37,1.0403334700259705,0.9457577000236095,3.6699836503919587,0.5125332046266932,0.9096457369846201,0.9734076038125973,3.2018161222246784,3.5899999999999874,6079.0,2184.0,2,4,7,356,0.9087354667429043
CS2_36,141,CS2_36_9_14_10.xlsx,44,2010-09-13 08:20:16,1.0398458982672238,0.9453144529702034,3.657112600114272,0.5115700451895876,0.9122119626139817,0.9734866953193415,3.193850156076662,3.5849999999999875,6054.0,2177.0,2,4,7,354,0.9083095708522873
CS2_36,142,CS2_36_9_14_10.xlsx,45,2010-09-13 11:41:21,1.039162651002627,0.9446933190932972,3.6539050248652174,0.5116676181709734,0.9122312702316333,0.9729080769428599,3.1729600430399194,3.5899999999999874,6049.0,2181.0,2,4,7,354,0.9077127516209704
CS2_36,143,CS2_36_9_14_10.xlsx,46,2010-09-13 15:02:25,1.0369821704677022,0.9427110640615474,3.651027166577598,0.5132922368566704,0.9099687258133038,0.9696945440351132,3.1515709792188766,3.5849999999999875,6044.0,2175.0,2,4,7,354,0.9058080931112531
CS2_36,144,CS2_36_9_14_10.xlsx,47,2010-09-13 18:23:09,1.0446606169948467,0.9496914699953151,3.6392825542312766,0.5240771324539144,0.9199056575207626,0.98148346547042,3.311277404671979,3.5949999999999873,6021.0,2203.0,2,4,7,354,0.9125152470092536
CS2_36,145,CS2_36_9_14_10.xlsx,48,2010-09-13 21:44:23,1.0474618172307189,0.9522380156642898,3.69650509143933,0.48534142918994316,0.919287461156159,0.9823252647853842,3.3203682076066983,3.599999999999987,6126.0,2054.0,2,4,7,358,0.9149621066721673
CS2_36,146,CS2_36_9_14_10.xlsx,49,2010-09-14 01:05:02,1.0452695060711719,0.9502450055192471,3.7076682066025555,0.4797164671427125,0.916167882942203,0.9754984844333205,3.071445389552717,3.604999999999987,6147.0,2029.0,2,4,7,358,0.9130471140643001
CS2_36,147,CS2_36_9_14_10.xlsx,50,2010-09-14 04:25:30,1.035514948940758,0.9413772263097799,3.6630513584079645,0.5101464706932999,0.9064556998687596,0.9678420105254036,3.126876113089805,3.5849999999999875,6067.0,2176.0,2,4,7,355,0.9045264692113033
CS2_36,148,CS2_36_9_21_10.xlsx,1,2010-09-14 13:57:43,1.0440609145454531,0.9491462859504118,3.631154978042688,0.5263874841906093,0.918062243761051,0.9772774858253164,3.2155010118864253,3.5899999999999874,5998.0,2257.0,2,4,7,353,0.9119914045097491
CS2_36,149,CS2_36_9_21_10.xlsx,2,2010-09-14 17:19:26,1.0456914778641522,0.9506286162401383,3.6560367140471044,0.5311017097617429,0.9131361233772648,0.9845247076693503,3.383160749529451,3.5899999999999874,6050.0,2279.0,2,4,7,355,0.9134157081212005
CS2_36,150,CS2_36_9_21_10.xlsx,3,2010-09-14 20:42:29,1.051327219620489,0.9557520178368081,3.6997588032930984,0.49545791362377267,0.9192843773974053,0.9863192915390995,3.3379478818767505,3.599999999999987,6129.0,2106.0,2,4,7,359,0.9183385511931046
CS2_36,151,CS2_36_9_21_10.xlsx,4,2010-09-15 00:04:16,1.05207243253543,0.9564294841231181,3.7166416008655476,0.4881982664825152,0.9185295347884541,0.986292711374752,3.3462376625652817,3.599999999999987,6161.0,2073.0,2,4,7,360,0.9189894976690118
CS2_36,152,CS2_36_9_21_10.xlsx,5,2010-09-15 03:26:05,1.0394814902642437,0.9449831729674942,3.680691765002655,0.5181535296336907,0.9042141371960769,0.9706466254682241,3.140254653934949,3.5849999999999875,6102.0,2215.0,2,4,7,356,0.9079912589972773
CS2_36,153,CS2_36_9_21_10.xlsx,6,2010-09-15 06:48:35,1.0394711623287014,0.944973783935183,3.6422454887150164,0.5245240154902757,0.9113589516828333,0.973357544277416,3.2195150930588023,3.5849999999999875,6026.0,2246.0,2,4,7,353,0.9079822375040772
CS2_36,154,CS2_36_9_21_10.xlsx,7,2010-09-15 10:10:21,1.0398484718753895,0.9453167926139904,3.6453782911734165,0.5153771483945672,0.9135592399847322,0.9742658151883468,3.2012703050543396,3.5849999999999875,6032.0,2192.0,2,4,7,353,0.9083118189093623
CS2_36,155,CS2_36_9_21_10.xlsx,8,2010-09-15 13:31:20,1.0386485339209468,0.9442259399281334,3.6407724413824165,0.5179162330768045,0.9126532495559764,0.971686641413491,3.19191153251437,3.5799999999999876,6025.0,2190.0,2,4,7,353,0.9072636682840961
CS2_36,156,CS2_36_9_21_10.xlsx,9,2010-09-15 16:52:05,1.038279727316901,0.9438906611971828,3.620517055224876,0.52726096810806,0.9141756444015281,0.9735318998242676,3.163169651702192,3.5849999999999875,5990.0,2235.0,2,4,7,352,0.9069415142333791
CS2_36,157,CS2_36_9_21_10.xlsx,10,2010-09-15 20:13:00,1.0462991797254926,0.9511810724777204,3.6566406728339036,0.49567401189369964,0.924148232232347,0.9820941537686685,3.309797588784273,3.5949999999999873,6054.0,2094.0,2,4,7,355,0.9139465381391869
CS2_36,158,CS2_36_9_21_10.xlsx,11,2010-09-15 23:33:04,1.0475943967449002,0.9523585424953637,3.685171426094994,0.4868597048714397,0.9215246477008968,0.9825730178882291,3.3141224307790913,3.599999999999987,6107.0,2053.0,2,4,7,357,0.9150779154105876
CS2_36,159,CS2_36_9_21_10.xlsx,12,2010-09-16 02:53:25,1.0380607726607742,0.9436916115097946,3.6605666619722546,0.5059549970326532,0.9105953168179177,0.9711843679185183,3.1791740650795166,3.5849999999999875,6069.0,2151.0,2,4,7,355,0.906750256461363
CS2_36,160,CS2_36_9_21_10.xlsx,13,2010-09-16 06:14:14,1.0361672014062844,0.9419701830966221,3.623572250545438,0.5216731139682589,0.9131242287390747,0.9691393033596096,3.131260318764184,3.5799999999999876,5995.0,2211.0,2,4,7,352,0.9050962143610768
CS2_36,161,CS2_36_9_21_10.xlsx,14,2010-09-16 09:34:44,1.0360430323775844,0.9418573021614404,3.621938534882758,0.5187279873682263,0.9141773896665745,0.9696133661841397,3.142171283479223,3.5849999999999875,5993.0,2207.0,2,4,7,352,0.9049877522155229
CS2_36,162,CS2_36_9_21_10.xlsx,15,2010-09-16 12:55:06,1.0357503747960983,0.9415912498146347,3.6215458926971333,0.5193291208739108,0.91410066673026,0.9694948214635426,3.1963503377691618,3.5799999999999876,5992.0,2200.0,2,4,7,352,0.9047321146420234
CS2_36,163,CS2_36_9_21_10.xlsx,16,2010-09-16 16:15:19,1.0327946856581391,0.9389042596892173,3.6127467876969304,0.5237487049349004,0.9111824352117365,0.9649050997243794,3.1170008290551277,3.5799999999999876,5978.0,2229.0,2,4,7,352,0.9021503083023089
CS2_36,164,CS2_36_9_21_10.xlsx,17,2010-09-16 19:35:38,1.0422655745178986,0.947514158652635,3.631628721891195,0.502627284478869,0.9242877194257699,0.9790624588053516,3.2960781003608255,3.5949999999999873,6007.0,2121.0,2,4,7,354,0.910423167780942
CS2_36,165,CS2_36_9_21_10.xlsx,18,2010-09-16 22:55:09,1.0442501159263387,0.9493182872057623,3.670067837093985,0.4886926797287218,0.9212816060114425,0.9795543151426719,3.3155233348425224,3.599999999999987,6081.0,2061.0,2,4,7,356,0.9121566726762756
CS2_36,166,CS2_36_9_21_10.xlsx,19,2010-09-17 02:14:59,1.0360754333269924,0.941886757569993,3.6779165533065807,0.4780608949285687,0.9114975059257355,0.9677545291944774,3.161973586488299,3.5849999999999875,6096.0,2032.0,2,4,7,356,0.9050160545750369
CS2_36,167,CS2_36_9_21_10.xlsx,20,2010-09-17 05:34:09,1.0324060057093192,0.9385509142811992,3.607096798920006,0.5281492934040769,0.9115845566772195,0.9651359855462553,3.1668514583697247,3.5799999999999876,5969.0,2247.0,2,4,7,351,0.9018107948050688
CS2_36,168,CS2_36_9_21_10.xlsx,21,2010-09-17 08:54:35,1.033615549557254,0.9396504995975037,3.604950909216758,0.5232888434440656,0.9148974392657675,0.9670803173973694,3.233601088052298,3.5799999999999876,5964.0,2219.0,2,4,7,351,0.9028673362169025
CS2_36,169,CS2_36_9_21_10.xlsx,22,2010-09-17 12:14:33,1.0326854339225484,0.9388049399295894,3.609665537348397,0.5210113757474045,0.9134506950117499,0.9657739928969422,3.138663833236333,3.5799999999999876,5972.0,2213.0,2,4,7,351,0.9020548764722323
CS2_36,170,CS2_36_9_21_10.xlsx,23,2010-09-17 15:34:29,1.0302572292413323,0.9365974811284838,3.608866571000235,0.5152938307087578,0.9115181902516457,0.9627454213300523,3.1387060694381357,3.5749999999999877,5970.0,2204.0,2,4,7,350,0.8999338299252274
CS2_36,171,CS2_36_9_21_10.xlsx,24,2010-09-17 18:54:07,1.0386713880572884,0.9442467164157167,3.611013281374909,0.5133636601714553,0.9227155230585254,0.9758958336169331,3.2788103746618367,3.5899999999999874,5970.0,2165.0,2,4,7,351,0.907283631464032
CS2_36,172,CS2_36_9_21_10.xlsx,25,2010-09-17 22:13:33,1.0409026693434065,0.9462751539485512,3.6521358824349197,0.4937125260616208,0.920438751671182,0.976897601115116,3.2834894333097977,3.5949999999999873,6049.0,2085.0,2,4,7,355,0.909232664634064
CS2_36,173,CS2_36_9_21_10.xlsx,26,2010-09-18 01:33:07,0.92811128361625,0.8437375305602272,3.6624723826819103,,,,,,6068.0,,2,,7,323,0.8107089359388912
CS2_36,174,CS2_36_9_21_10.xlsx,27,2010-09-18 04:12:04,1.042009569111773,0.9472814264652482,3.6731128333636045,0.48931422048355633,0.9185856432842143,0.976983402679897,3.3012844154326406,3.5949999999999873,6087.0,2063.0,2,4,7,356,0.9101995460299103
CS2_36,175,CS2_36_9_21_10.xlsx,28,2010-09-18 07:31:56,1.0424666775043825,0.9476969795494385,3.670106865264192,0.4849814605836394,0.9209289347303766,0.9771927651049991,3.2989029270875805,3.599999999999987,6082.0,2048.0,2,4,7,356,0.9105988320477865
CS2_36,176,CS2_36_9_21_10.xlsx,29,2010-09-18 10:51:29,1.0430447346134315,0.9482224860122104,3.672743991821261,0.48213149126373334,0.921514196568043,0.9774709537753387,3.318130987590388,3.599999999999987,6087.0,2038.0,2,4,7,356,0.9111037672555162
CS2_36,177,CS2_36_9_21_10.xlsx,30,2010-09-18 14:11:00,1.0435578517236408,0.9486889561124007,3.6771707942497223,0.4802162275203576,0.9215116828975848,0.977651341045662,3.3118340667537867,3.599999999999987,6095.0,2026.0,2,4,7,357,0.9115519771132921
CS2_36,178,CS2_36_9_21_10.xlsx,31,2010-09-18 17:30:28,1.0439157959887773,0.9490143599897974,3.679074600038697,0.47984627607074026,0.9218586402071401,0.9777842558479911,3.3152717034205788,3.599999999999987,6099.0,2020.0,2,4,7,357,0.9118646428673205
CS2_36,179,CS2_36_9_21_10.xlsx,32,2010-09-18 20:49:54,1.0439371580238372,0.9490337800216702,3.6823434849085483,0.47680874878629936,0.9218931448345244,0.9774933800955595,3.3159857695768498,3.599999999999987,6105.0,2012.0,2,4,7,357,0.9118833026907907
CS2_36,180,CS2_36_9_21_10.xlsx,33,2010-09-19 00:09:20,1.0438887432229151,0.9489897665662864,3.681796466798021,0.4770081781418352,0.9219685442633149,0.9773648777843709,3.309870402668029,3.599999999999987,6104.0,2011.0,2,4,7,356,0.9118410121676259
CS2_36,181,CS2_36_9_21_10.xlsx,34,2010-09-19 03:28:43,1.0438215791190544,0.9489287082900494,3.6822614038273636,0.47554624998359674,0.9220426802875173,0.9773636537687104,3.312208754613803,3.599999999999987,6105.0,2004.0,2,4,7,357,0.9117823440529985
CS2_36,182,CS2_36_9_21_10.xlsx,35,2010-09-19 06:48:00,1.0438624392295068,0.9489658538450061,3.6827864071273746,0.47677697814133657,0.9218918980980021,0.977387512841087,3.3257724308924863,3.599999999999987,6106.0,2007.0,2,4,7,357,0.9118180355236788
CS2_36,183,CS2_36_9_21_10.xlsx,36,2010-09-19 10:07:20,1.0439837094046638,0.9490760994587851,3.683809429627268,0.47560677982942534,0.9220212141087843,0.977153042563836,3.315625237717927,3.599999999999987,6108.0,2004.0,2,4,7,356,0.9119239655090137
CS2_36,184,CS2_36_9_21_10.xlsx,37,2010-09-19 13:26:39,1.0441345751800455,0.9492132501636776,3.684821232251773,0.47439997889496743,0.9221569602394777,0.9772550509024668,3.3313881057195283,3.599999999999987,6110.0,1997.0,2,4,7,356,0.9120557473700776
CS2_36,185,CS2_36_9_21_10.xlsx,38,2010-09-19 16:45:54,1.0442454528906069,0.9493140480823699,3.6859037488721325,0.47355913821245355,0.9224824261458127,0.9772067758055627,3.3309858310904095,3.599999999999987,6112.0,1994.0,2,4,7,357,0.9121525994958252
CS2_36,186,CS2_36_9_21_10.xlsx,39,2010-09-19 20:05:09,1.0453243211990397,0.9502948374536724,3.6911573448149477,0.4698307208990353,0.9234322203531935,0.9775798270248512,3.3369750415942856,3.604999999999987,6121.0,1974.0,2,4,7,356,0.9130949952987722
CS2_36,187,CS2_36_9_21_10.xlsx,40,2010-09-19 23:24:17,1.0454910185960955,0.9504463805419049,3.695513812601268,0.4658476293101625,0.9236979624157273,0.9770681746332881,3.325934518440803,3.604999999999987,6130.0,1965.0,2,4,7,358,0.9132406061449891
CS2_36,188,CS2_36_9_21_10.xlsx,41,2010-09-20 02:43:25,1.0350773784984426,0.9409794349985842,3.668772053530771,0.48374721547553395,0.912531002591475,0.9669311206688391,3.177472977555708,3.5849999999999875,6087.0,2061.0,2,4,7,354,0.904144249671524
CS2_36,189,CS2_36_9_21_10.xlsx,42,2010-09-20 06:02:53,1.03261469065869,0.9387406278715362,3.6161767434940506,0.5125990698458752,0.9145665413698599,0.9663776772360544,3.187755956364126,3.5849999999999875,5986.0,2175.0,2,4,7,352,0.9019930819469637
CS2_36,190,CS2_36_9_21_10.xlsx,43,2010-09-20 09:22:26,1.0321311574987817,0.9383010522716196,3.6126958895845926,0.5119257040122994,0.915058711265358,0.9654802671339114,3.199623778276541,3.5849999999999875,5980.0,2170.0,2,4,7,352,0.9015707137886616
CS2_36,191,CS2_36_9_21_10.xlsx,44,2010-09-20 12:41:45,1.0311947133292207,0.9374497393902006,3.605364320430764,0.5161129857059819,0.914679397812395,0.9653291505385753,3.177808067761491,3.5849999999999875,5967.0,2182.0,2,4,7,351,0.9007527260433635
CS2_36,192,CS2_36_9_21_10.xlsx,45,2010-09-20 16:01:00,1.0281825533110904,0.9347114121009912,3.5952501430500816,0.5220491599239317,0.912122740859504,0.9611662156841038,3.1499109132367313,3.5799999999999876,5950.0,2214.0,2,4,7,350,0.8981215921628861
CS2_36,193,CS2_36_9_21_10.xlsx,46,2010-09-20 19:20:20,1.0367308599466867,0.9424825999515333,3.613226001447032,0.5022260399711964,0.9234972176418061,0.9728131510951455,3.280903077873035,3.5949999999999873,5976.0,2125.0,2,4,7,352,0.9055885723612316
CS2_36,194,CS2_36_9_21_10.xlsx,47,2010-09-20 22:39:06,1.0383619843416696,0.9439654403106087,3.647569914697581,0.48914324235852236,0.9210952413511355,0.973247824842407,3.2916729801332125,3.5949999999999873,6043.0,2060.0,2,4,7,353,0.9070133660750718
CS2_36,195,CS2_36_9_21_10.xlsx,48,2010-09-21 01:57:58,1.03147457752128,0.9377041613829816,3.655467449025671,0.4807528283327415,0.9121535131737618,0.9610758770580575,3.139772798616492,3.5799999999999876,6058.0,1999.0,2,4,7,354,0.900997188539787
CS2_36,196,CS2_36_9_21_10.xlsx,49,2010-09-21 05:15:42,1.0273115628439626,0.9339196025854205,3.5837350974056217,0.5311019869697454,0.9117584228758228,0.9604429698713312,3.1385237502542633,3.5799999999999876,5929.0,2256.0,2,4,7,349,0.8973607784896951
CS2_36,197,CS2_36_9_21_10.xlsx,50,2010-09-21 08:35:20,1.0279734505906575,0.9345213187187794,3.5825515579897904,0.5252310905453789,0.9145306420873286,0.9621701855807123,3.162956394383477,3.5799999999999876,5927.0,2235.0,2,4,7,349,0.8979389400962895
CS2_36,198,CS2_36_9_30_10.xlsx,1,2010-09-21 15:48:03,1.0313436530586348,0.9375851391442134,3.57684643594387,0.5378465064810348,0.9146808603033992,0.9645650457331232,3.1613528869729244,3.5799999999999876,5905.0,2301.0,2,4,7,348,0.9008828254955347
CS2_36,199,CS2_36_9_30_10.xlsx,2,2010-09-21 19:08:16,1.0390970061513691,0.94463364195579,3.616483396025934,0.5169847397840129,0.9209574145924784,0.9753608668615044,3.278820060495394,3.5899999999999874,5980.0,2188.0,2,4,7,352,0.9076554105795968
CS2_36,200,CS2_36_9_30_10.xlsx,3,2010-09-21 22:28:16,1.0407548121271852,0.946140738297441,3.6493126801601647,0.49842268355718816,0.9199753792557573,0.97605094172761,3.296471917268532,3.5949999999999873,6045.0,2108.0,2,4,7,355,0.9091035107615171
CS2_36,201,CS2_36_9_30_10.xlsx,4,2010-09-22 01:48:07,1.0349564762960664,0.9408695239055148,3.6589970430391663,0.49049016913654087,0.9127111689174224,0.963539886593563,3.1366977633782938,3.5849999999999875,6063.0,2061.0,2,4,7,354,0.9040386411118918
CS2_36,202,CS2_36_9_30_10.xlsx,5,2010-09-22 05:07:09,1.0302366885787144,0.9365788077988312,3.5957709361614754,0.5311946685246626,0.9117975888476988,0.9638047711597005,3.1628139188673696,3.5799999999999876,5950.0,2261.0,2,4,7,350,0.8999158875738862
CS2_36,203,CS2_36_9_30_10.xlsx,6,2010-09-22 08:27:24,1.0316689658634504,0.937880878057682,3.594883871484913,0.5236664912546825,0.9158306600450824,0.9667131414000545,3.2298475403258164,3.5849999999999875,5947.0,2225.0,2,4,7,351,0.9011669875378403
CS2_36,204,CS2_36_9_30_10.xlsx,7,2010-09-22 11:47:04,1.0310431848680546,0.937311986243686,3.5997149897042164,0.5220450237420243,0.9146109084748134,0.9651039276963349,3.1675577527453878,3.5849999999999875,5957.0,2210.0,2,4,7,350,0.9006203653236039
CS2_36,205,CS2_36_9_30_10.xlsx,8,2010-09-22 15:06:37,0.9098023470677905,0.8270930427889004,3.5980411857457835,,,,,,5954.0,,2,,7,316,0.7947160062876754
CS2_36,206,CS2_36_9_30_10.xlsx,9,2010-09-22 17:42:40,1.032557038275618,0.9386882166141981,3.6023172298782358,0.5274083584960325,0.9148036095394868,0.9709625333154975,3.270019050541054,3.5899999999999874,5961.0,2239.0,2,4,7,351,0.9019427223586689
CS2_36,207,CS2_36_9_30_10.xlsx,10,2010-09-22 21:02:51,1.0367381670505686,0.9424892427732442,3.632635384050543,0.49781066368489096,0.9205587332229588,0.9715275327518053,3.2749853899615964,3.5949999999999873,6016.0,2103.0,2,4,7,353,0.9055949551458368
CS2_36,208,CS2_36_9_30_10.xlsx,11,2010-09-23 00:21:54,1.0378960721866388,0.9435418838060352,3.6483812201719856,0.4896398705711801,0.9202951802221678,0.9724727410105006,3.297558640027435,3.5949999999999873,6045.0,2067.0,2,4,7,354,0.9066063899353418
CS2_36,209,CS2_36_9_30_10.xlsx,12,2010-09-23 03:40:54,1.028253459654179,0.93477587241289,3.6163992692221134,0.5179127218841815,0.9088613408802347,0.9609300576276936,3.139762920361156,3.5799999999999876,5992.0,2199.0,2,4,7,351,0.8981835291385176
CS2_36,210,CS2_36_9_30_10.xlsx,13,2010-09-23 07:00:41,1.028362367771912,0.9348748797926473,3.5905023103548097,0.5221360231252674,0.9139419559763597,0.9628107666642166,3.1802786940226992,3.5799999999999876,5940.0,2215.0,2,4,7,349,0.8982786608170146
CS2_36,211,CS2_36_9_30_10.xlsx,14,2010-09-23 10:19:53,1.027817908332688,0.9343799166660799,3.5952714976641538,0.5170726494482359,0.913464142988968,0.9615199487522665,3.1899846488567487,3.5799999999999876,5949.0,2189.0,2,4,7,350,0.8978030733088923
CS2_36,212,CS2_36_9_30_10.xlsx,15,2010-09-23 13:38:46,1.027613605338436,0.9341941866713053,3.5894917931620927,0.5197864331939619,0.913784368091356,0.9613288587912969,3.1527555262382383,3.5849999999999875,5939.0,2199.0,2,4,7,349,0.8976246138224029
CS2_36,213,CS2_36_9_30_10.xlsx,16,2010-09-23 16:57:38,1.0278038633336344,0.9343671484851221,3.5852072915772393,0.5196697694447661,0.914956824983196,0.9634886246726497,3.1692433149259855,3.5799999999999876,5932.0,2200.0,2,4,7,349,0.8977908049457779
CS2_36,214,CS2_36_9_30_10.xlsx,17,2010-09-23 20:16:26,1.0353299110995842,0.9412090100905309,3.6204495996020927,0.4918030810114659,0.9236340575569149,0.9699262789556765,3.286010631333084,3.5949999999999873,5994.0,2073.0,2,4,7,352,0.9043648379134465
CS2_36,215,CS2_36_9_30_10.xlsx,18,2010-09-23 23:34:32,1.0365531547867946,0.9423210498061768,3.647654692895662,0.4829231706070846,0.9210687463941603,0.9700034109772705,3.288136098091169,3.5949999999999873,6045.0,2031.0,2,4,7,354,0.9054333461899414
CS2_36,216,CS2_36_9_30_10.xlsx,19,2010-09-24 02:52:52,1.0280985385161046,0.9346350350146404,3.621677634272257,0.5029927575459703,0.911487490116254,0.9610384437813106,3.1689328915888613,3.5849999999999875,6004.0,2134.0,2,4,7,352,0.8980482049018448
CS2_36,217,CS2_36_9_30_10.xlsx,20,2010-09-24 06:11:46,1.0276328428378392,0.9342116753071265,3.587009590153693,0.5205962140905422,0.9146544730731245,0.9628022215577895,3.1972881162649416,3.5849999999999875,5935.0,2204.0,2,4,7,349,0.8976414178554393
CS2_36,218,CS2_36_9_30_10.xlsx,21,2010-09-24 09:30:40,1.0281699097968442,0.934699917997131,3.5977057624829127,0.5099024295897635,0.9157409381031093,0.9625575772936177,3.188881381927479,3.5849999999999875,5954.0,2156.0,2,4,7,350,0.8981105480023829
CS2_36,219,CS2_36_9_30_10.xlsx,22,2010-09-24 12:49:06,1.035782326219067,0.9416202965627881,3.6240435723831297,0.487827153174174,0.9246022608742731,0.9699434539931295,3.2836547466166857,3.599999999999987,5999.0,2052.0,2,4,7,352,0.9047600243383863
CS2_36,220,CS2_36_9_30_10.xlsx,23,2010-09-24 16:06:58,1.0368832187311199,0.9426211079373816,3.6515676930032765,0.4774116063456835,0.9223183910585839,0.9695064898417454,3.2766919943229476,3.599999999999987,6053.0,2007.0,2,4,7,354,0.9057216583717017
CS2_36,221,CS2_36_9_30_10.xlsx,24,2010-09-24 19:25:02,1.03686299882607,0.9426027262055181,3.651934993050391,0.4790851568995364,0.9218473202243023,0.9698296364059945,3.282970170046277,3.599999999999987,6054.0,2014.0,2,4,7,353,0.9057039962033852
CS2_36,222,CS2_36_9_30_10.xlsx,25,2010-09-24 22:43:14,1.0370255689655892,0.9427505172414447,3.6537442334565564,0.47762611025541685,0.9217363593687238,0.9700382303647802,3.293166503233217,3.599999999999987,6057.0,2009.0,2,4,7,353,0.9058460018735581
CS2_36,223,CS2_36_9_30_10.xlsx,26,2010-09-25 02:01:25,1.0371727657924623,0.942884332538602,3.6535587156744325,0.47726053640769533,0.9222834775717716,0.9700904177309305,3.2992318784350974,3.599999999999987,6057.0,2007.0,2,4,7,353,0.9059745788933558
CS2_36,224,CS2_36_9_30_10.xlsx,27,2010-09-25 05:19:34,1.0372776330405742,0.9429796664005219,3.6551426639188267,0.4758114635467199,0.922277400552101,0.9700796722256256,3.290720154943686,3.599999999999987,6060.0,1999.0,2,4,7,354,0.9060661808560001
CS2_36,225,CS2_36_9_30_10.xlsx,28,2010-09-25 08:37:39,1.0374963745218722,0.943178522292611,3.655517695946875,0.47542719221196733,0.9227072870604347,0.9702755455795697,3.299449770941435,3.599999999999987,6061.0,2002.0,2,4,7,353,0.9062572524189465
CS2_36,226,CS2_36_9_30_10.xlsx,29,2010-09-25 11:55:49,1.0383970055047733,0.943997277731612,3.6577659813226426,0.4755583273231484,0.9230873031758653,0.9706507606721848,3.3045797866166167,3.599999999999987,6065.0,1995.0,2,4,7,355,0.9070439572017787
CS2_36,227,CS2_36_9_30_10.xlsx,30,2010-09-25 15:13:59,1.0382394785025681,0.943854071365971,3.661948168356762,0.4722697728923472,0.9227728310300716,0.9702815122653429,3.3051933595287837,3.599999999999987,6073.0,1983.0,2,4,7,354,0.9069063567323158
CS2_36,228,CS2_36_9_30_10.xlsx,31,2010-09-25 18:32:04,1.0383022346304855,0.9439111223913504,3.6620408196251284,0.4713075368231973,0.9230539440084299,0.970350352584625,3.312040899275763,3.599999999999987,6073.0,1981.0,2,4,7,354,0.9069611744622429
CS2_36,229,CS2_36_9_30_10.xlsx,32,2010-09-25 21:50:08,0.9284554899518369,0.8440504454107608,3.662000521987242,,,,,,6073.0,,2,,7,322,0.811009601556251
CS2_36,230,CS2_36_9_30_10.xlsx,33,2010-09-26 00:29:12,1.038004964616654,0.9436408769242308,3.6667840567903336,0.4744282372184124,0.9210146078497639,0.9697615327705777,3.3020031615627756,3.599999999999987,6081.0,1993.0,2,4,7,354,0.9067015079105543
CS2_36,231,CS2_36_9_30_10.xlsx,34,2010-09-26 03:47:34,1.0380109643385822,0.9436463312168928,3.6620441778983706,0.4702395280244032,0.9231406003139733,0.9695564502684357,3.3056129965791365,3.599999999999987,6073.0,1979.0,2,4,7,354,0.9067067486917689
CS2_36,232,CS2_36_9_30_10.xlsx,35,2010-09-26 07:05:36,1.0380506761470514,0.9436824328609558,3.663759920618949,0.4696808310966718,0.9228163292613678,0.9694475452044679,3.300836495573304,3.599999999999987,6076.0,1977.0,2,4,7,354,0.9067414371160524
CS2_36,233,CS2_36_9_30_10.xlsx,36,2010-09-26 10:23:37,1.037940472650881,0.9435822478644371,3.662972934450751,0.4694786521589312,0.9230562616246061,0.9693221292944691,3.2989339248039853,3.599999999999987,6075.0,1973.0,2,4,7,354,0.9066451739192847
CS2_36,234,CS2_36_9_30_10.xlsx,37,2010-09-26 13:41:34,1.038021579449115,0.9436559813173772,3.6640972356059542,0.4674775906887726,0.9234010019566096,0.9691089132891227,3.3019107516519854,3.599999999999987,6077.0,1966.0,2,4,7,354,0.9067160210334771
CS2_36,235,CS2_36_9_30_10.xlsx,38,2010-09-26 16:59:26,1.038027300181838,0.9436611819834891,3.6632670498889355,0.4680683573296564,0.9235357320183398,0.9689123036401418,3.299491394528046,3.599999999999987,6076.0,1969.0,2,4,7,354,0.9067210181165001
CS2_36,236,CS2_36_9_30_10.xlsx,39,2010-09-26 20:17:20,1.037919931922609,0.9435635744750989,3.6635104483864347,0.46821313060847236,0.9234420439519757,0.9686698253527773,3.304387604444374,3.599999999999987,6077.0,1967.0,2,4,7,354,0.9066272315105942
CS2_36,237,CS2_36_9_30_10.xlsx,40,2010-09-26 23:35:11,1.0378195584072856,0.943472325824805,3.6628718508968237,0.4679639811618007,0.9233892848606075,0.9687293189127792,3.296293155089806,3.599999999999987,6076.0,1965.0,2,4,7,354,0.9065395548415991
CS2_36,238,CS2_36_9_30_10.xlsx,41,2010-09-27 02:53:00,1.0290000804112793,0.9354546185557084,3.638505506161304,0.4831855923551452,0.9141558220767517,0.9600489049754398,3.1757664966590724,3.5849999999999875,6037.0,2050.0,2,4,7,352,0.8988357053702085
CS2_36,239,CS2_36_9_30_10.xlsx,42,2010-09-27 06:11:06,1.0282132828180224,0.9347393480163839,3.593337837736993,0.5117753561849429,0.9170825542826989,0.9622230268576978,3.2091187249510784,3.5849999999999875,5950.0,2169.0,2,4,7,349,0.8981484345106805
CS2_36,240,CS2_36_9_30_10.xlsx,43,2010-09-27 09:29:41,1.0272598144562508,0.9338725585965916,3.5938757378457398,0.5094980018818128,0.9163399440842996,0.9609473774496923,3.197320868891408,3.5899999999999874,5952.0,2156.0,2,4,7,349,0.8973155760650732
CS2_36,241,CS2_36_9_30_10.xlsx,44,2010-09-27 12:48:02,1.0245714424373134,0.9314285840339211,3.5857559846810445,0.5134758849977658,0.913843305020764,0.9572352965055876,3.161590039900942,3.5799999999999876,5937.0,2178.0,2,4,7,349,0.8949672723030624
CS2_36,242,CS2_36_9_30_10.xlsx,45,2010-09-27 16:06:21,1.0222871742165296,0.9293519765604814,3.5712647313234287,0.5193091485724489,0.9129169264532229,0.9552783079538008,3.1310474284311107,3.5799999999999876,5910.0,2203.0,2,4,7,347,0.892971954832667
CS2_36,243,CS2_36_9_30_10.xlsx,46,2010-09-27 19:24:31,1.0300777758995707,0.9364343417268824,3.591151473195884,0.5019106075836348,0.9225578556102374,0.9652801258103776,3.2750516870463073,3.5949999999999873,5940.0,2111.0,2,4,7,348,0.899777076710049
CS2_36,244,CS2_36_9_30_10.xlsx,47,2010-09-27 22:42:05,1.03200952624627,0.9381904784057,3.620238987434254,0.49012048683334486,0.9213493365968148,0.9660757871751917,3.2862046687539928,3.5949999999999873,5998.0,2060.0,2,4,7,352,0.9014644684008063
CS2_36,245,CS2_36_9_30_10.xlsx,48,2010-09-28 01:59:51,1.0267447357209178,0.9334043052008343,3.630760730237787,0.48120284637742605,0.91388038784525,0.9567788560072793,3.148417197268816,3.5849999999999875,6017.0,2005.0,2,4,7,351,0.8968656527198688
CS2_36,246,CS2_36_9_30_10.xlsx,49,2010-09-28 05:16:45,1.0220865975838223,0.9291696341671111,3.5694054206457646,0.5235359103790339,0.9123275905649603,0.9554257390830593,3.167350599063724,3.5799999999999876,5907.0,2217.0,2,4,7,346,0.8927967503379616
CS2_36,247,CS2_36_9_30_10.xlsx,50,2010-09-28 08:35:05,1.0224013068178763,0.9294557334707966,3.5635531325101737,0.5243386088893698,0.9142104802117466,0.9568976707030522,3.1884899384376455,3.5799999999999876,5896.0,2235.0,2,4,7,347,0.8930716501185957
CS2_36,248,CS2_36_10_04_10.xlsx,1,2010-09-30 15:15:22,1.0372536367325058,0.9429578515750052,3.562611395897792,0.5448498264470999,0.9223887171597369,0.9637672725397249,3.1146049687930555,3.5749999999999877,5875.0,2348.0,2,4,7,348,0.906045219984471
CS2_36,249,CS2_36_10_04_10.xlsx,2,2010-09-30 18:36:10,1.0422776006550138,0.947525091504558,3.6367307613286965,0.5315196170159769,0.9158579291909884,0.9748486131964281,3.2523515423258402,3.5899999999999874,6019.0,2264.0,2,4,7,353,0.9104336726600404
CS2_36,250,CS2_36_10_04_10.xlsx,3,2010-09-30 21:58:15,1.0448226825001878,0.949838802272898,3.672216448415082,0.5018052916523912,0.9179196602913477,0.9766945724477933,3.302845159527272,3.5899999999999874,6086.0,2140.0,2,4,7,355,0.912656811879444
CS2_36,251,CS2_36_10_04_10.xlsx,4,2010-10-01 01:19:32,1.040528700045304,0.9459351818593672,3.676544996256475,0.5010511061382971,0.9122966288994706,0.9671451176904889,3.0729184485156926,3.5849999999999875,6095.0,2136.0,2,4,7,355,0.9089060009493418
CS2_36,252,CS2_36_10_04_10.xlsx,5,2010-10-01 04:40:39,1.0328280970309036,0.9389346336644577,3.617725034216733,0.5392578477818517,0.9065506846597206,0.9643344000333676,3.18254317882445,3.5749999999999877,5989.0,2313.0,2,4,7,351,0.9021794932706854
CS2_36,253,CS2_36_10_04_10.xlsx,6,2010-10-01 08:02:33,1.0324579237705471,0.9385981125186791,3.6020702446173316,0.5414627402490243,0.9094483267357493,0.9635975470434766,3.15973994787171,3.5749999999999877,5960.0,2312.0,2,4,7,350,0.9018561454401888
CS2_36,254,CS2_36_10_04_10.xlsx,7,2010-10-01 11:23:55,1.0317089562102932,0.9379172329184483,3.5959684678373645,0.5431929594153376,0.9094504032738002,0.9644524774846541,3.2647742004777522,3.569999999999988,5949.0,2326.0,2,4,7,349,0.9012019192665124
CS2_36,255,CS2_36_10_04_10.xlsx,8,2010-10-01 14:45:18,0.13792686235342,0.12538805668492725,3.598001135749539,0.539537169085373,0.13105789113560193,,,,5953.0,2307.0,2,4,7,248,0.12047966853742628
CS2_36,256,CS2_36_10_05_10.xlsx,1,2010-10-04 14:14:51,1.024400333299425,0.9312730302722044,0.2219907588387929,0.4382670739055924,5.655381017535387,0.9486622578223189,3.0129816826592193,3.569999999999988,348.0,1906.0,2,4,7,160,0.8948178077834992
CS2_36,257,CS2_36_10_05_10.xlsx,2,2010-10-04 15:55:28,1.0216128324266749,0.9287389385697044,3.559228206833458,0.5460465378104339,0.9060431675950209,0.9474214712385729,3.0722757903281925,3.564999999999988,5888.0,2344.0,2,4,7,346,0.8923829145693247
CS2_36,258,CS2_36_10_05_10.xlsx,3,2010-10-04 19:15:35,1.0305360222028699,0.9368509292753362,3.581170162764558,0.5292031338510784,0.9170765052011891,0.9645597755072086,3.2379167953078736,3.5849999999999875,5920.0,2248.0,2,4,7,348,0.9001773566974854
CS2_36,259,CS2_36_10_05_10.xlsx,4,2010-10-04 22:35:08,1.0323444236625376,0.9384949306023068,3.613324752489108,0.5143217522685994,0.9152074159282975,0.9657651582852436,3.234287042781794,3.5849999999999875,5984.0,2191.0,2,4,7,351,0.901757002639732
CS2_36,260,CS2_36_10_05_10.xlsx,5,2010-10-05 01:54:54,1.0274047609079728,0.934004328098157,3.619263808921286,0.5093967922174514,0.9083619165687494,0.9555137133936192,3.1175672727698833,3.5749999999999877,5995.0,2145.0,2,4,7,350,0.897442187373133
CS2_36,261,CS2_36_10_05_10.xlsx,6,2010-10-05 05:13:48,1.0215317862939903,0.9286652602672638,3.5539176062518587,0.5584403716089176,0.9038386313623711,0.9504388137474374,3.1279607616642724,3.564999999999988,5878.0,2392.0,2,4,7,345,0.8923121204467335
CS2_36,262,CS2_36_10_05_10.xlsx,7,2010-10-05 08:34:34,1.0218118025273313,0.928919820479392,3.5441521689490814,0.5590681185919458,0.9066082516982102,0.9517040798489911,3.1290659308293445,3.564999999999988,5858.0,2398.0,2,4,7,345,0.8925567157518277
CS2_36,263,CS2_36_10_05_10.xlsx,8,2010-10-05 11:55:06,1.0224676347612691,0.9295160316011537,3.543537224394489,0.5612275845974736,0.907302688627514,0.9553184180447097,3.171807870138433,3.564999999999988,5857.0,2392.0,2,4,7,346,0.8931295878436942
CS2_36,264,CS2_36_10_05_10.xlsx,9,2010-10-05 15:15:33,,,2.8016280662516713,,,,,,4682.0,,2,,,161,
CS2_36,265,CS2_36_10_14_10.xlsx,1,2010-10-06 09:37:03,1.0217645183464679,0.9288768348604253,0.7303374719904084,0.549122595335804,2.9102337052186016,0.951969901094098,3.0861385699652013,3.569999999999988,1157.0,2348.0,2,4,7,188,0.8925154128298277
CS2_36,266,CS2_36_10_14_10.xlsx,2,2010-10-06 11:38:23,1.0201478432219753,0.9274071302017957,3.5511737721779717,0.5516708591925429,0.9054618737012801,0.9514401767318377,3.130764548565157,3.564999999999988,5872.0,2366.0,2,4,7,345,0.8911032406118264
CS2_36,267,CS2_36_10_14_10.xlsx,3,2010-10-06 14:58:31,1.020437986644588,0.9276708969496255,3.539876030454945,0.5599054325617729,0.9067036160276437,0.9527259350936549,3.137460437046658,3.569999999999988,5852.0,2392.0,2,4,7,344,0.8913566820574467
CS2_36,268,CS2_36_10_14_10.xlsx,4,2010-10-06 18:18:45,1.02751284099056,0.9341025827186908,3.5444143124472287,0.5614873947918502,0.9151035509407911,0.9665652840489493,3.2849883218911393,3.5799999999999876,5860.0,2382.0,2,4,7,346,0.8975365957596025
CS2_36,269,CS2_36_10_14_10.xlsx,5,2010-10-06 21:39:21,1.0306188209145786,0.936926200831435,3.6022618152920782,0.5190815191584273,0.9157136589191641,0.9684190934545719,3.3189994493837567,3.5849999999999875,5965.0,2212.0,2,4,7,349,0.9002496817048973
CS2_36,270,CS2_36_10_14_10.xlsx,6,2010-10-07 00:59:02,1.0302166598223925,0.9365605998385386,3.6147120466319476,0.5128233471526481,0.9139806683537134,0.9649350126244682,3.26546935857969,3.5899999999999874,5988.0,2182.0,2,4,7,350,0.8998983923747516
CS2_36,271,CS2_36_10_14_10.xlsx,7,2010-10-07 04:18:35,1.0203819133723133,0.9276199212475575,3.5701013923090086,0.5483544243615247,0.9025764257920651,0.9519572828262347,3.112975286976049,3.564999999999988,5908.0,2350.0,2,4,7,346,0.891307701828779
CS2_36,272,CS2_36_10_14_10.xlsx,8,2010-10-07 07:39:04,1.0213325343518598,0.9284841221380543,3.538375820639932,0.5606407660069186,0.9079024326766291,0.9567893146355282,3.155538772603273,3.564999999999988,5848.0,2397.0,2,4,7,344,0.8921380730745703
CS2_36,273,CS2_36_10_14_10.xlsx,9,2010-10-07 10:59:25,1.019357668558838,0.9266887895989435,3.538512472837321,0.5633731837810356,0.9049086250087235,0.9520880289421306,3.206169887359091,3.564999999999988,5851.0,2404.0,2,4,7,344,0.8904130198681869
CS2_36,274,CS2_36_10_14_10.xlsx,10,2010-10-07 14:19:47,1.0180507052953374,0.9255006411775794,3.541044147608606,0.5540510039208498,0.9047881346968851,0.9500439658456645,3.1340836361837265,3.564999999999988,5853.0,2370.0,2,4,7,344,0.8892713822053677
CS2_36,275,CS2_36_10_14_10.xlsx,11,2010-10-07 17:39:33,1.0205475852213919,0.9277705320194471,3.5166050779143943,0.5724510321906038,0.910024784233104,0.9610720856151798,3.303389320362486,3.5749999999999877,5811.0,2450.0,2,4,7,344,0.8914524168547167
CS2_36,276,CS2_36_10_14_10.xlsx,12,2010-10-07 21:00:05,1.0255246758360386,0.9322951598509441,3.570759246524743,0.5346060287770852,0.913199543290656,0.964017272344923,3.2758441596767027,3.5799999999999876,5907.0,2278.0,2,4,7,347,0.8957999255075045
CS2_36,277,CS2_36_10_14_10.xlsx,13,2010-10-08 00:19:37,1.0265327243361,0.9332115675782726,3.5845658785376244,0.526862625069507,0.9131760010816711,0.9647214264011205,3.2823318225792466,3.5849999999999875,5933.0,2240.0,2,4,7,348,0.8966804599232433
CS2_36,278,CS2_36_10_14_10.xlsx,14,2010-10-08 03:39:02,1.0155605530454253,0.923236866404932,3.5471290317323656,0.5598849356634122,0.8996687135578832,0.9447825368778094,3.0891008048828485,3.559999999999988,5871.0,2395.0,2,4,7,345,0.8870962242081648
CS2_36,279,CS2_36_10_14_10.xlsx,15,2010-10-08 06:59:22,1.0157950991005418,0.9234500900914016,3.50899947412041,0.5753498523059934,0.9053837559240963,0.9497824139207249,3.1914310204060894,3.564999999999988,5796.0,2455.0,2,4,7,344,0.8873011011298539
CS2_36,280,CS2_36_10_14_10.xlsx,16,2010-10-08 10:19:28,1.0154382188566338,0.9231256535060306,3.5162417801884343,0.567101983403264,0.9050924413920971,0.9485387851855734,3.1608994774636865,3.564999999999988,5810.0,2424.0,2,4,7,343,0.8869893648026443
CS2_36,281,CS2_36_10_14_10.xlsx,17,2010-10-08 13:39:17,1.015450415906475,0.9231367417331591,3.517537808096636,0.5648988031166067,0.9056591940028418,0.9490583775594869,3.177500953119962,3.569999999999988,5812.0,2410.0,2,4,7,343,0.8870000189746956
CS2_36,282,CS2_36_10_14_10.xlsx,18,2010-10-08 16:58:55,1.0151059575307002,0.922823597755182,3.506412086708406,0.5750015975290408,0.9054497222667808,0.9509860201966164,3.210035365010912,3.559999999999988,5792.0,2450.0,2,4,7,342,0.8866991331992189
CS2_36,283,CS2_36_10_14_10.xlsx,19,2010-10-08 20:18:51,1.0211065285646477,0.9282786623314978,3.5440434147652082,0.5407405028498267,0.9131982686764881,0.958548878407483,3.2556931346482547,3.5799999999999876,5859.0,2297.0,2,4,7,345,0.8919406561112156
CS2_36,284,CS2_36_10_14_10.xlsx,20,2010-10-08 23:37:40,1.0223245855567633,0.9293859868697848,3.5661899095641716,0.5310670929781491,0.9122288161443978,0.9598028720246076,3.2520236732180767,3.5799999999999876,5900.0,2255.0,2,4,7,347,0.8930046337887021
CS2_36,285,CS2_36_10_14_10.xlsx,21,2010-10-09 02:56:32,1.0228927447463434,0.9299024952239485,3.5732477135951863,0.525410469292601,0.9127676292585043,0.9602960769342628,3.2673448867601182,3.5799999999999876,5913.0,2232.0,2,4,7,348,0.893500923124
CS2_36,286,CS2_36_10_14_10.xlsx,22,2010-10-09 06:15:16,1.023258313657351,0.9302348305975917,3.5769195142452594,0.5229000383823401,0.913034643842739,0.9605269798180475,3.260410358584201,3.5849999999999875,5920.0,2219.0,2,4,7,348,0.8938202490368372
CS2_36,287,CS2_36_10_14_10.xlsx,23,2010-10-09 09:33:56,1.0236814348415137,0.9306194862195579,3.5801124987249757,0.5200822074843766,0.9134770246935369,0.9610207511586616,3.2622105199918514,3.5849999999999875,5926.0,2207.0,2,4,7,348,0.8941898470915546
CS2_36,288,CS2_36_10_14_10.xlsx,24,2010-10-09 12:52:32,1.0240637600766505,0.9309670546151367,3.5844957511795004,0.517244137988326,0.9139353086627444,0.9611403301276735,3.2611793557913913,3.5849999999999875,5934.0,2191.0,2,4,7,348,0.8945238097208553
CS2_36,289,CS2_36_10_14_10.xlsx,25,2010-10-09 16:10:59,1.0247515801523477,0.9315923455930433,3.589499235502326,0.5129963743095156,0.9146293783296384,0.9615283693973359,3.273961622890312,3.5849999999999875,5943.0,2175.0,2,4,7,348,0.8951246233210448
CS2_36,290,CS2_36_10_14_10.xlsx,26,2010-10-09 19:29:22,1.0246832785543099,0.9315302532311907,3.5927261075911487,0.5114057839361007,0.9144434753472526,0.9611297870546783,3.259989276343858,3.5849999999999875,5949.0,2166.0,2,4,7,349,0.8950649616006825
CS2_36,291,CS2_36_10_14_10.xlsx,27,2010-10-09 22:47:41,1.0250524745970075,0.9318658859972795,3.5954272279530484,0.5083192159612483,0.9150554715296361,0.9611480410370833,3.26661615898535,3.5899999999999874,5954.0,2153.0,2,4,7,349,0.895387455827627
CS2_36,292,CS2_36_10_14_10.xlsx,28,2010-10-10 02:05:54,1.02448607266507,0.9313509751500635,3.5940625252434653,0.5083033311844625,0.9146784757117149,0.9607047173819105,3.259930650444445,3.5899999999999874,5952.0,2156.0,2,4,7,349,0.8948927014639416
CS2_36,293,CS2_36_10_14_10.xlsx,29,2010-10-10 05:24:06,1.024128769686424,0.9310261542603855,3.5929949741713982,0.5080977430366728,0.9146570230404238,0.9602585438330765,3.257786350316863,3.5849999999999875,5950.0,2156.0,2,4,7,349,0.8945805958762397
CS2_36,294,CS2_36_10_14_10.xlsx,30,2010-10-10 08:42:15,1.0252557013883639,0.9320506376257852,3.5976339146914222,0.5039447224730946,0.9162662704931637,0.9605042773539099,3.2495273447132793,3.5899999999999874,5958.0,2130.0,2,4,7,349,0.8955649752465622
CS2_36,295,CS2_36_10_14_10.xlsx,31,2010-10-10 12:00:10,1.024706711904237,0.931551556276579,3.5972486410634392,0.5056889011486723,0.9152332569569394,0.9604256082187006,3.257861481659399,3.5899999999999874,5958.0,2140.0,2,4,7,349,0.895085430726013
CS2_36,296,CS2_36_10_14_10.xlsx,32,2010-10-10 15:18:12,1.02506319970216,0.9318756360928726,3.5977101401867517,0.5045146912813718,0.9157951088785066,0.9607024824040351,3.2842687822005647,3.5899999999999874,5959.0,2135.0,2,4,7,349,0.8953968242500775
CS2_36,297,CS2_36_10_14_10.xlsx,33,2010-10-10 18:36:12,1.0251788508633126,0.9319807735121023,3.601121109984657,0.5013386760920071,0.9161732060745712,0.9602064385645808,3.2642151059682187,3.5899999999999874,5965.0,2123.0,2,4,7,349,0.8954978460040991
CS2_36,298,CS2_36_10_14_10.xlsx,34,2010-10-10 21:54:06,1.025685325341577,0.932441204855979,3.6042408980124194,0.49826050475694655,0.9167249730477549,0.9605850975763891,3.2735914183777224,3.5899999999999874,5971.0,2108.0,2,4,7,349,0.895940253496177
CS2_36,299,CS2_36_10_14_10.xlsx,35,2010-10-11 01:11:53,1.0219648039976832,0.9290589127251665,3.603347459886319,0.49924059340138344,0.9126542480706611,0.9526656164845437,3.0017886283175117,3.5849999999999875,5970.0,2112.0,2,4,7,348,0.8926903631510305
CS2_36,300,CS2_36_10_14_10.xlsx,36,2010-10-11 04:29:30,1.0108433268538874,0.9189484789580794,3.5417449153624476,0.5430553161667006,0.9014767053868391,0.9416574336770646,3.111575364611085,3.564999999999988,5859.0,2318.0,2,4,7,344,0.8829757081732516
CS2_36,301,CS2_36_10_14_10.xlsx,37,2010-10-11 07:48:07,1.0122876525916666,0.9202615023560605,3.5057593525385364,0.5568592154407824,0.9087754183662275,0.9473850780050044,3.18591922461441,3.5749999999999877,5793.0,2364.0,2,4,7,342,0.8842373325093568
CS2_36,302,CS2_36_10_14_10.xlsx,38,2010-10-11 11:06:29,1.0102644486173702,0.918422226015791,3.5203428537455896,0.5465450873650742,0.9053234156217091,0.9415804660037501,3.102394015334686,3.564999999999988,5819.0,2322.0,2,4,7,342,0.8824700557073786
CS2_36,303,CS2_36_10_14_10.xlsx,39,2010-10-11 14:24:28,1.008401768692778,0.9167288806297981,3.5039775444092265,0.5547617634379256,0.9049683850902527,0.9398423219777061,3.10012666285947,3.569999999999988,5790.0,2361.0,2,4,7,341,0.8808429973078976
CS2_36,304,CS2_36_10_14_10.xlsx,40,2010-10-11 17:42:30,1.0125138335249844,0.9204671213863493,3.4905831372376896,0.5630755104269938,0.9118567175331552,0.9516441324053383,3.2636084422793674,3.5799999999999876,5766.0,2392.0,2,4,7,342,0.8844349024635386
CS2_36,305,CS2_36_10_14_10.xlsx,41,2010-10-11 21:00:53,1.017462005183333,0.9249654592575753,3.5484300339187618,0.5227107815134102,0.9145232233346071,0.9543444189362318,3.232612119173075,3.5849999999999875,5870.0,2208.0,2,4,7,345,0.8887571502917866
CS2_36,306,CS2_36_10_14_10.xlsx,42,2010-10-12 00:18:11,1.0182800502364628,0.9257091365786025,3.5628540596230462,0.5158441002692126,0.9140147544115299,0.9546656339962061,3.241195002276745,3.5849999999999875,5897.0,2180.0,2,4,7,347,0.8894717159330844
CS2_36,307,CS2_36_10_14_10.xlsx,43,2010-10-12 03:35:33,1.0065965248023332,0.9150877498203028,3.524351268555264,0.5484041388227026,0.8999934863520168,0.9363696074167717,3.0650524377079478,3.564999999999988,5833.0,2335.0,2,4,7,343,0.8792661095150563
CS2_36,308,CS2_36_10_14_10.xlsx,44,2010-10-12 06:53:47,1.0059993411887902,0.9145448556261728,3.4824049154664265,0.5633105276401291,0.90550950785238,0.9385097613067986,3.135066731559144,3.564999999999988,5752.0,2399.0,2,4,7,340,0.8787444672287896
CS2_36,309,CS2_36_10_14_10.xlsx,45,2010-10-12 10:11:43,1.006222397278158,0.9147476338892345,3.490694392442842,0.5531093777106367,0.9066425966361211,0.9387980556685265,3.0253156394959824,3.564999999999988,5766.0,2355.0,2,4,7,342,0.8789393076192238
CS2_36,310,CS2_36_10_14_10.xlsx,46,2010-10-12 13:29:09,1.0059026743421384,0.9144569766746712,3.489967338328861,0.5553034528993936,0.9060362244319293,0.939111311420269,3.070874930461663,3.564999999999988,5765.0,2368.0,2,4,7,341,0.8786600283497747
CS2_36,311,CS2_36_10_14_10.xlsx,47,2010-10-12 16:46:45,1.0031821360394062,0.9119837600358237,3.478838132501605,0.5621296957937578,0.9033095710943395,0.9354026125270269,3.1292575287238833,3.564999999999988,5747.0,2398.0,2,4,7,339,0.8762836272096061
CS2_36,312,CS2_36_10_14_10.xlsx,48,2010-10-12 20:04:25,1.011529818849553,0.9195725625905026,3.5044680769303658,0.5350581586946687,0.9149476209296518,0.9485964831338031,3.2135728012552063,3.5799999999999876,5790.0,2263.0,2,4,7,342,0.8835753616901962
CS2_36,313,CS2_36_10_14_10.xlsx,49,2010-10-12 23:21:00,1.0129298503291295,0.9208453184810268,3.5331378309532653,0.5251538155180806,0.9127519777367735,0.9499218793514049,3.220847955997599,3.5799999999999876,5844.0,2222.0,2,4,7,343,0.884798294813761
CS2_36,314,CS2_36_10_14_10.xlsx,50,2010-10-13 02:37:52,0.884112908657734,0.8037390078706672,3.520733883569689,,,,,,5827.0,,2,,7,310,0.7722761786011327
CS2_36,315,CS2_36_10_21_10.xlsx,1,2010-10-14 11:21:51,1.014681831216162,0.9224380283783291,3.476951158280081,0.5863585573338651,0.9088088686448978,0.9415935423246726,3.0742408673341095,3.559999999999988,5726.0,2548.0,2,4,7,341,0.8863286571590794
CS2_36,316,CS2_36_10_21_10.xlsx,2,2010-10-14 14:42:18,1.01367605419765,0.9215236856342272,3.5149000283031295,0.5736050707920809,0.9023064820634191,0.9429724335676226,3.100094950635412,3.559999999999988,5807.0,2476.0,2,4,7,342,0.8854501068916021
CS2_36,317,CS2_36_10_21_10.xlsx,3,2010-10-14 18:02:49,1.0188384170583449,0.9262167427803134,3.5025478669613452,0.579563382700229,0.9108229061999441,0.9554293749370302,3.222337094970009,3.5749999999999877,5785.0,2516.0,2,4,7,343,0.8899594515958466
CS2_36,318,CS2_36_10_21_10.xlsx,4,2010-10-14 21:23:56,1.0212056158969611,0.92836874172451,3.55081930132207,0.5448183211154245,0.9108890121354395,0.9570360512930902,3.2166321549322547,3.5749999999999877,5872.0,2330.0,2,4,7,345,0.8920272092941829
CS2_36,319,CS2_36_10_21_10.xlsx,5,2010-10-15 00:43:32,1.02161620607417,0.9287420055219727,3.5593469303009715,0.5380366146804233,0.9113741378378006,0.9576529594471268,3.2278181762270175,3.5799999999999876,5888.0,2300.0,2,4,7,346,0.892385861463969
CS2_36,320,CS2_36_10_21_10.xlsx,6,2010-10-15 04:02:55,1.008989229918316,0.9172629362893782,3.5193259187491113,0.573914508671489,0.8960414969753634,0.9375705540436492,3.0980535925025916,3.559999999999988,5818.0,2456.0,2,4,7,342,0.8813561470491719
CS2_36,321,CS2_36_10_21_10.xlsx,7,2010-10-15 07:23:02,1.0088680395186405,0.9171527631987639,3.478525290127808,0.5827430676179612,0.9036380976835617,0.9401731986435623,3.107980307601676,3.559999999999988,5742.0,2500.0,2,4,7,341,0.8812502867480405
CS2_36,322,CS2_36_10_21_10.xlsx,8,2010-10-15 10:42:37,1.0077589124454391,0.91614446585949,3.4810046856144226,0.5785558821014746,0.9028036339783897,0.9394435918428454,3.1203132931117428,3.559999999999988,5748.0,2480.0,2,4,7,340,0.8802814597924705
CS2_36,323,CS2_36_10_21_10.xlsx,9,2010-10-15 14:01:55,1.0070446325071298,0.9154951204610271,3.4757466547505045,0.5784202175889723,0.9035441045559598,0.9390731615143141,3.1336415310025845,3.564999999999988,5739.0,2480.0,2,4,7,341,0.8796575333959581
CS2_36,324,CS2_36_10_21_10.xlsx,10,2010-10-15 17:21:02,1.0080028965155563,0.9163662695595965,3.4632270766103326,0.5887217183532878,0.9054350890933994,0.944707736381827,3.2731490438837305,3.564999999999988,5716.0,2522.0,2,4,7,340,0.8804945808581902
CS2_36,325,CS2_36_10_21_10.xlsx,11,2010-10-15 20:40:30,1.0133315285102835,0.9212104804638941,3.507908094696232,0.5515276322609247,0.9109653022616632,0.949629187821721,3.213832198971624,3.5749999999999877,5796.0,2347.0,2,4,7,343,0.8851491623191795
CS2_36,326,CS2_36_10_21_10.xlsx,12,2010-10-15 23:58:42,1.0142903648937054,0.9220821499033685,3.5270095132196606,0.5422516069327776,0.9101733635596458,0.9507928974096106,3.220601242630896,3.5749999999999877,5831.0,2308.0,2,4,7,345,0.8859867097532702
CS2_36,327,CS2_36_10_21_10.xlsx,13,2010-10-16 03:16:53,1.0145983262834353,0.9223621148031229,3.53288570547721,0.5382279911569925,0.9103686568098109,0.9510053296212794,3.2277957493300113,3.5799999999999876,5842.0,2286.0,2,4,7,344,0.8862557152647703
CS2_36,328,CS2_36_10_21_10.xlsx,14,2010-10-16 06:34:54,1.0147800299769383,0.9225272999790347,3.5366183713911474,0.5337459041555253,0.911299486710268,0.9511928391456382,3.2199945288328835,3.5799999999999876,5849.0,2269.0,2,4,7,345,0.8864144341712381
CS2_36,329,CS2_36_10_21_10.xlsx,15,2010-10-16 09:52:45,1.015447833482579,0.9231343940750717,3.5410054843178296,0.5314134921461695,0.9115633901454804,0.952169628313829,3.2341372048362538,3.5799999999999876,5857.0,2256.0,2,4,7,346,0.8869977632170447
CS2_36,330,CS2_36_10_21_10.xlsx,16,2010-10-16 13:10:33,1.0154090827472206,0.9230991661338369,3.5445301541954097,0.528563810586791,0.9115557654951137,0.9520599554809833,3.2355725656702106,3.5799999999999876,5864.0,2236.0,2,4,7,346,0.8869639142939858
CS2_36,331,CS2_36_10_21_10.xlsx,17,2010-10-16 16:28:07,1.0152720676318552,0.9229746069380501,3.547273218658362,0.5248831087824946,0.9118993603696961,0.951454480322315,3.22848162073758,3.5799999999999876,5869.0,2226.0,2,4,7,346,0.8868442310401063
CS2_36,332,CS2_36_10_21_10.xlsx,18,2010-10-16 19:45:37,1.0149303924359039,0.922663993123549,3.5449902451003266,0.5260595797566691,0.9119182878348326,0.95094068150858,3.2141701422459663,3.5849999999999875,5865.0,2229.0,2,4,7,346,0.8865457763833898
CS2_36,333,CS2_36_10_21_10.xlsx,19,2010-10-16 23:03:03,1.014705887560524,0.9224598977822944,3.5454110553638727,0.5237370073316695,0.9121584500605695,0.9505049709008143,3.21275745993639,3.5799999999999876,5866.0,2222.0,2,4,7,346,0.8863496704725521
CS2_36,334,CS2_36_10_21_10.xlsx,20,2010-10-17 02:20:24,1.0143756551037413,0.9221596864579465,3.5447931935140984,0.5235502353402486,0.9120344234819914,0.9501192649167488,3.218437577708135,3.5799999999999876,5865.0,2220.0,2,4,7,345,0.8860612110944831
CS2_36,335,CS2_36_10_21_10.xlsx,21,2010-10-17 05:37:39,0.8943931763757398,0.813084705796127,3.544729859118658,,,,,,5865.0,,2,,7,313,0.7812560337650071
CS2_36,336,CS2_36_10_21_10.xlsx,22,2010-10-17 08:11:23,1.0138619198974652,0.921692654452241,3.551720548247332,0.527003343149601,0.9095326005794439,0.9493910797512616,3.2297166123265963,3.5849999999999875,5877.0,2233.0,2,4,7,346,0.8856124613273091
CS2_36,337,CS2_36_10_21_10.xlsx,23,2010-10-17 11:29:02,1.013882973603696,0.9217117941851781,3.544561840611081,0.5203286537768452,0.9125148524228259,0.949575404711002,3.217044562137152,3.5849999999999875,5865.0,2207.0,2,4,7,346,0.8856308518243079
CS2_36,338,CS2_36_10_21_10.xlsx,24,2010-10-17 14:46:04,1.0138175371842948,0.921652306531177,3.545112668401974,0.5193166809951109,0.912723617058353,0.9492323845552998,3.21913956632627,3.5849999999999875,5866.0,2197.0,2,4,7,346,0.8855736928489987
CS2_36,339,CS2_36_10_21_10.xlsx,25,2010-10-17 18:02:56,0.8949871853011153,0.8136247139101047,3.546715766885807,,,,,,5869.0,,2,,7,313,0.7817749029484018
CS2_36,340,CS2_36_10_21_10.xlsx,26,2010-10-17 20:36:45,1.0135086215740294,0.9213714741582085,3.5536278411680158,0.5219682097061292,0.9101181126396528,0.948511609855699,3.211918531589499,3.5849999999999875,5881.0,2210.0,2,4,7,346,0.8853038538220263
CS2_36,341,CS2_36_10_21_10.xlsx,27,2010-10-17 23:54:03,1.013245971819412,0.9211327016540108,3.545928362769324,0.517413058207878,0.912559423351823,0.9481746791125455,3.2238490667247843,3.5849999999999875,5868.0,2190.0,2,4,7,346,0.8850744282058859
CS2_36,342,CS2_36_10_21_10.xlsx,28,2010-10-18 03:10:49,1.001013284067966,0.9100120764254236,3.5059741301883496,0.5453760466406223,0.899951348811114,0.9309090831349147,3.0262703367791777,3.569999999999988,5803.0,2328.0,2,4,7,342,0.874389126296823
CS2_36,343,CS2_36_10_21_10.xlsx,29,2010-10-18 06:28:08,0.9980542971835185,0.907322088348653,3.454441175166886,0.5699558068391279,0.9025321474557559,0.9290529368968231,3.065514855360439,3.564999999999988,5703.0,2427.0,2,4,7,339,0.8718044393622986
CS2_36,344,CS2_36_10_21_10.xlsx,30,2010-10-18 09:45:16,0.9970839702379024,0.9064399729435476,3.4473130814718513,0.5695103293531125,0.9030521479326432,0.9282973706567292,3.0901536808323073,3.564999999999988,5691.0,2419.0,2,4,7,338,0.8709568548759554
CS2_36,345,CS2_36_10_21_10.xlsx,31,2010-10-18 13:02:00,0.9952298697351516,0.904754427031956,3.441014513186172,0.5696129581992867,0.9024181973024109,0.9256983109748289,3.06796118366489,3.559999999999988,5680.0,2432.0,2,4,7,337,0.86933729063593
CS2_36,346,CS2_36_10_21_10.xlsx,32,2010-10-18 16:18:42,0.9926557390783834,0.9024143082530758,3.424693902101798,0.5788504642339275,0.900885377690531,0.9229698027908324,3.051735696784184,3.559999999999988,5652.0,2472.0,2,4,7,336,0.8670887771628636
CS2_36,347,CS2_36_10_21_10.xlsx,33,2010-10-18 19:35:26,1.0029484275447729,0.9117712977679753,3.4550661443941317,0.5502307098738385,0.9140454300284978,0.9398736809737805,3.191850477572901,3.5749999999999877,5701.0,2332.0,2,4,7,338,0.8760794819003649
CS2_36,348,CS2_36_10_21_10.xlsx,34,2010-10-18 22:51:13,1.0045362665319786,0.9132147877563441,3.493138060716815,0.536259564600994,0.9109448956605737,0.940934888739903,3.1852613332961424,3.5799999999999876,5774.0,2270.0,2,4,7,342,0.8774664656365653
CS2_36,349,CS2_36_10_21_10.xlsx,35,2010-10-19 02:07:15,0.9972997826125862,0.9066361660114419,3.5019216797736408,0.5253391409080848,0.9020562672594626,0.9282303086298986,3.072867323836069,3.564999999999988,5790.0,2212.0,2,4,7,341,0.8711453678525035
CS2_36,350,CS2_36_10_21_10.xlsx,36,2010-10-19 05:22:13,0.9918293872950414,0.9016630793591285,3.4285765490767868,0.5768162453865591,0.9002734944041938,0.9224913308133614,3.065486075356548,3.559999999999988,5660.0,2459.0,2,4,7,336,0.8663669555593441
CS2_36,351,CS2_36_10_21_10.xlsx,37,2010-10-19 08:38:50,0.9920347841066999,0.9018498037333634,3.4176425024504122,0.577858253889706,0.9030842416967307,0.9235798292430937,3.0704974129942983,3.559999999999988,5639.0,2466.0,2,4,7,335,0.8665463704997336
CS2_36,352,CS2_36_10_21_10.xlsx,38,2010-10-19 11:55:13,0.9902152133381321,0.900195648489211,3.4127077366173673,0.5802672198554013,0.9013844615749932,0.921546437462252,3.0590244248826157,3.559999999999988,5631.0,2474.0,2,4,7,335,0.8649569681212781
CS2_36,353,CS2_36_10_21_10.xlsx,39,2010-10-19 15:11:31,0.9905879292921185,0.9005344811746531,3.4097709273594985,0.5788683128541339,0.9030874817653592,0.9225241015362042,3.048972815020177,3.564999999999988,5626.0,2466.0,2,4,7,335,0.8652825370048783
CS2_36,354,CS2_36_10_21_10.xlsx,40,2010-10-19 18:27:36,0.9962274480923341,0.9056613164475764,3.4045082529761364,0.5897186725681466,0.9095257085582799,0.9327613781636381,3.16324358973188,3.569999999999988,5617.0,2485.0,2,4,7,336,0.8702086793397888
CS2_36,355,CS2_36_10_21_10.xlsx,41,2010-10-19 21:44:10,0.9979685657037933,0.907244150639812,3.464418097653077,0.5418888220060318,0.9087957677178361,0.9345125842327304,3.2032961607311523,3.5749999999999877,5723.0,2293.0,2,4,7,339,0.8717295525702389
CS2_36,356,CS2_36_10_21_10.xlsx,42,2010-10-20 00:59:24,0.9986576601818697,0.907870600165336,3.472417970878103,0.5386075531169502,0.9091385563725465,0.9338016549606606,3.181515639657341,3.5799999999999876,5738.0,2284.0,2,4,7,340,0.8723314793660278
CS2_36,357,CS2_36_10_21_10.xlsx,43,2010-10-20 04:14:46,0.9874966451287648,0.8977242228443315,3.434059968033971,0.5712230862332447,0.8962019347114617,0.9165091968982263,3.0359441182782203,3.564999999999988,5671.0,2436.0,2,4,7,336,0.8625822878655807
CS2_36,358,CS2_36_10_21_10.xlsx,44,2010-10-20 07:30:57,0.9869540434143573,0.8972309485585066,3.3921982272587687,0.58610397434512,0.9015015442329631,0.9187186391781522,3.087296738712696,3.559999999999988,5594.0,2497.0,2,4,7,333,0.8621083230875511
CS2_36,359,CS2_36_10_21_10.xlsx,45,2010-10-20 10:46:49,0.9849927023359157,0.8954479112144688,3.392278588570206,0.5823715101938599,0.900250416432318,0.9155219123274726,3.0340265484958255,3.559999999999988,5596.0,2476.0,2,4,7,333,0.8603950837737039
CS2_36,360,CS2_36_10_21_10.xlsx,46,2010-10-20 14:02:15,0.9855258997696836,0.8959326361542578,3.3845346385440713,0.5864179160818933,0.9018539648332117,0.9171829070111357,3.0621282848259033,3.559999999999988,5581.0,2501.0,2,4,7,332,0.8608608338748027
CS2_36,361,CS2_36_10_21_10.xlsx,47,2010-10-20 17:17:54,0.987169043093985,0.8974264028127136,3.3809964028675585,0.5888577543572995,0.9040895922582007,0.923791765402477,3.2620873425731864,3.564999999999988,5576.0,2510.0,2,4,7,333,0.8622961261717018
CS2_36,362,CS2_36_10_21_10.xlsx,48,2010-10-20 20:33:42,0.993710940208004,0.9033735820072762,3.427605808679693,0.5525045619049939,0.9106889132822392,0.9303825594485164,3.1470825371198834,3.5749999999999877,5658.0,2343.0,2,4,7,336,0.8680104995900094
CS2_36,363,CS2_36_10_21_10.xlsx,49,2010-10-20 23:48:28,0.9946955425914012,0.9042686750830919,3.4499093234296208,0.5451084209374712,0.9085631583739597,0.9308509658864199,3.159475602521434,3.5749999999999877,5699.0,2307.0,2,4,7,337,0.8688705537286217
CS2_36,364,CS2_36_10_21_10.xlsx,50,2010-10-21 03:03:21,0.9850412977709837,0.8954920888827124,3.4230681879672535,0.5633224090797456,0.89852318583528,0.9162451578940491,3.057103845726804,3.564999999999988,5658.0,2412.0,2,4,7,335,0.860437532081521
CS2_36,365,CS2_36_10_28_10.xlsx,1,2010-10-21 10:03:20,0.988792965273179,0.8989026957028898,3.3795841591795894,0.5972273473959965,0.9036046505533729,0.9186259556015448,3.033750544290035,3.559999999999988,5562.0,2575.0,2,4,7,333,0.8637146287211075
CS2_36,366,CS2_36_10_28_10.xlsx,2,2010-10-21 13:20:04,0.987165620112747,0.8974232910115881,3.39696296347165,0.5901607952434905,0.8995309905941864,0.9175143038049578,3.015536979364639,3.559999999999988,5603.0,2532.0,2,4,7,334,0.8622931361838349
CS2_36,367,CS2_36_10_28_10.xlsx,3,2010-10-21 16:36:41,0.9831111751331059,0.8937374319391871,3.3805441441861412,0.5944266680899851,0.8976521589588948,0.911872063316868,3.0123070300174892,3.554999999999988,5576.0,2548.0,2,4,7,332,0.8587515622009603
CS2_36,368,CS2_36_10_28_10.xlsx,4,2010-10-21 19:52:55,0.992355148952186,0.9021410445019872,3.4003817320667626,0.5692214378128324,0.9112006493062467,0.9282430064731485,3.1423426726984176,3.569999999999988,5607.0,2417.0,2,4,7,334,0.8668262104796812
CS2_36,369,CS2_36_10_28_10.xlsx,5,2010-10-21 23:07:58,0.9938152160078317,0.9034683781889379,3.438881849054815,0.553510854384309,0.9078271115116396,0.9297339444426416,3.1349969423907,3.5749999999999877,5679.0,2350.0,2,4,7,337,0.8681015849202007
CS2_36,370,CS2_36_10_28_10.xlsx,6,2010-10-22 02:23:11,0.9849474366617521,0.8954067606015927,3.4482075198458935,0.5403343160226514,0.8975019442524045,0.9148123423182433,3.024455106843935,3.559999999999988,5696.0,2319.0,2,4,7,336,0.8603555440254177
CS2_36,371,CS2_36_10_28_10.xlsx,7,2010-10-22 05:37:41,0.9806034452735073,0.8914576775213702,3.3678039691451462,0.5963534117980883,0.8980828496297862,0.9103482189951277,3.008758162453415,3.554999999999988,5554.0,2553.0,2,4,7,332,0.856561050091059
CS2_36,372,CS2_36_10_28_10.xlsx,8,2010-10-22 08:53:29,0.9808478291941842,0.8916798447219856,3.3657120426187133,0.5893561446548731,0.9005385710675289,0.9114049964535406,3.0240514791770123,3.559999999999988,5549.0,2518.0,2,4,7,331,0.8567745204278495
CS2_36,373,CS2_36_10_28_10.xlsx,9,2010-10-22 12:08:37,0.9798820424763104,0.8908018567966457,3.3631025787518958,0.5918418847626139,0.8999346047671224,0.9107143184836602,3.0246725734384783,3.559999999999988,5545.0,2526.0,2,4,7,331,0.8559309018486844
CS2_36,374,CS2_36_10_28_10.xlsx,10,2010-10-22 15:23:46,0.9776170105829074,0.8887427368935521,3.357292757099772,0.592054094005323,0.8979845692771915,0.9073378780555993,2.9944298078115024,3.554999999999988,5535.0,2521.0,2,4,7,330,0.8539523873875591
CS2_36,375,CS2_36_10_28_10.xlsx,11,2010-10-22 18:38:34,0.9850713465811651,0.8955194059828773,3.3556742031611955,0.5940213717169708,0.9083483628431791,0.9207695782837266,3.115020831253379,3.564999999999988,5530.0,2509.0,2,4,7,331,0.8604637798379683
CS2_36,376,CS2_36_10_28_10.xlsx,12,2010-10-22 21:53:28,0.9873189538162492,0.8975626852874993,3.4064875021439804,0.5603310427351667,0.9070877810213241,0.9229953792054784,3.1132669181711754,3.569999999999988,5623.0,2380.0,2,4,7,335,0.8624270737900296
CS2_36,377,CS2_36_10_28_10.xlsx,13,2010-10-23 01:07:55,0.9879133804734082,0.8981030731576437,3.4177367369092653,0.5543727273049093,0.9067568753359939,0.9233464046906189,3.1228726140157703,3.569999999999988,5643.0,2354.0,2,4,7,336,0.8629463078638158
CS2_36,378,CS2_36_10_28_10.xlsx,14,2010-10-23 04:22:16,0.9880835337357841,0.8982577579416218,3.421489001411972,0.5514375099678027,0.9069837176913426,0.9234294825778576,3.1147347080954124,3.569999999999988,5650.0,2336.0,2,4,7,336,0.8630949374222776
CS2_36,379,CS2_36_10_28_10.xlsx,15,2010-10-23 07:36:27,0.9883889347685635,0.8985353952441486,3.4236003982973173,0.5489684418790024,0.9075499038152441,0.9238005826551501,3.114781053641358,3.5749999999999877,5654.0,2333.0,2,4,7,336,0.8633617064516924
CS2_36,380,CS2_36_10_28_10.xlsx,16,2010-10-23 10:50:41,0.9899087095709245,0.8999170087008403,3.428173286815331,0.5469244778257525,0.9090930174682528,0.9260169796887228,3.133461141466054,3.5749999999999877,5662.0,2315.0,2,4,7,336,0.8646892358489088
CS2_36,381,CS2_36_10_28_10.xlsx,17,2010-10-23 14:04:49,0.9903999331757358,0.9003635756143052,3.4388304897669038,0.5390859318128179,0.9089524278480969,0.9264899368895755,3.1312521037387686,3.5749999999999877,5682.0,2284.0,2,4,7,337,0.8651183216417385
CS2_36,382,CS2_36_10_28_10.xlsx,18,2010-10-23 17:18:48,0.9907431267676436,0.9006755697887668,3.442965645672349,0.5360185332534805,0.9095155597952249,0.9269530670100964,3.1327241413762974,3.5799999999999876,5689.0,2272.0,2,4,7,337,0.8654181026234248
CS2_36,383,CS2_36_10_28_10.xlsx,19,2010-10-23 20:32:42,0.9909868529778159,0.9008971390707416,3.4456780066211636,0.5336286777263386,0.9095244897025413,0.9271708524811478,3.1261059504194777,3.5799999999999876,5694.0,2263.0,2,4,7,337,0.8656309984474463
CS2_36,384,CS2_36_10_28_10.xlsx,20,2010-10-23 23:46:35,0.991080901137714,0.9009826373979217,3.447247274004666,0.5327254678406864,0.9095367822556264,0.9272407395465033,3.1332129904430683,3.5799999999999876,5697.0,2257.0,2,4,7,337,0.8657131498930585
CS2_36,385,CS2_36_10_28_10.xlsx,21,2010-10-24 03:00:24,0.991075273353303,0.9009775212302754,3.4494481232043555,0.5295034106507552,0.9101546976865922,0.927185492381186,3.1212431318061062,3.5799999999999876,5701.0,2249.0,2,4,7,337,0.8657082340007597
CS2_36,386,CS2_36_10_28_10.xlsx,22,2010-10-24 06:14:09,0.9910561762037062,0.9009601601851874,3.4500172241799625,0.5283866265053632,0.9100574779488169,0.9270586748478712,3.1406662566168646,3.5799999999999876,5702.0,2243.0,2,4,7,337,0.8656915525638432
CS2_36,387,CS2_36_10_28_10.xlsx,23,2010-10-24 09:27:50,0.9910774091695913,0.9009794628814466,3.4504617627906677,0.5284560628929271,0.9102794883754854,0.9270763758351652,3.1342985556785052,3.5799999999999876,5703.0,2240.0,2,4,7,338,0.8657100996448706
CS2_36,388,CS2_36_10_28_10.xlsx,24,2010-10-24 12:41:27,0.9911888830954894,0.9010808028140812,3.4526489388528057,0.5261979427093537,0.9105026739444786,0.927267108759794,3.144545962554502,3.5799999999999876,5707.0,2232.0,2,4,7,338,0.8658074725671107
CS2_36,389,CS2_36_10_28_10.xlsx,25,2010-10-24 15:55:00,0.9916691794132291,0.9015174358302082,3.4535477326438655,0.5250356459586538,0.911361225286948,0.9275954451912376,3.1296774159602747,3.5799999999999876,5709.0,2227.0,2,4,7,338,0.8662270133307709
CS2_36,390,CS2_36_10_28_10.xlsx,26,2010-10-24 19:08:33,0.8718236457377557,0.7925669506706869,3.4562679007140176,,,,,,5714.0,,2,,7,304,0.7615414580550044
CS2_36,391,CS2_36_10_28_10.xlsx,27,2010-10-24 21:38:32,0.991102167438271,0.9010019703984281,3.4641859046553214,0.5285605344713761,0.9075183763244232,0.9268480517795307,3.1360920446142253,3.5799999999999876,5727.0,2240.0,2,4,7,338,0.8657317260920555
CS2_36,392,CS2_36_10_28_10.xlsx,28,2010-10-25 00:52:35,0.9905403180208872,0.9004911982008065,3.4552087085542067,0.5237054714186902,0.9101887368395124,0.9266310565942916,3.1190141825868767,3.5849999999999875,5712.0,2217.0,2,4,7,338,0.8652409483681275
CS2_36,393,CS2_36_10_28_10.xlsx,29,2010-10-25 04:05:57,0.9755842700767694,0.8868947909788812,3.396005593510483,0.5731131626102074,0.8934165974340631,0.9053937422952358,3.0025573397196887,3.559999999999988,5608.0,2446.0,2,4,7,332,0.8521767803866938
CS2_36,394,CS2_36_10_28_10.xlsx,30,2010-10-25 07:20:36,0.9738721625696449,0.885338329608768,3.347245858165452,0.5836058022236473,0.9000872656583039,0.9042481444692824,2.9883976059877773,3.559999999999988,5520.0,2491.0,2,4,7,329,0.8506812475989599
CS2_36,395,CS2_36_10_28_10.xlsx,31,2010-10-25 10:34:25,0.9730986841414371,0.8846351674013063,3.3419139475615163,0.5836677128873744,0.9007338118903658,0.9041525824997921,2.9867235936411465,3.559999999999988,5510.0,2491.0,2,4,7,329,0.8500056110836266
CS2_36,396,CS2_36_10_28_10.xlsx,32,2010-10-25 13:48:02,0.9719392383719132,0.8835811257926482,3.3356060509522387,0.5862741667305287,0.900346470571337,0.9024296299016641,2.987351028139781,3.559999999999988,5500.0,2504.0,2,4,7,329,0.8489928305446086
CS2_36,397,CS2_36_10_28_10.xlsx,33,2010-10-25 17:01:39,0.9710377073419671,0.8827615521290609,3.3218365060125246,0.5948136296898926,0.9000169954399139,0.9032013877879899,3.0102364595725435,3.554999999999988,5476.0,2542.0,2,4,7,328,0.8482053395670658
CS2_36,398,CS2_36_10_28_10.xlsx,34,2010-10-25 20:15:26,0.9799156787028593,0.8908324351844175,3.3624787227426824,0.5581210964594734,0.9112109997949597,0.915324336444892,3.0914504131673506,3.5749999999999877,5547.0,2367.0,2,4,7,331,0.8559602832277452
CS2_36,399,CS2_36_10_28_10.xlsx,35,2010-10-25 23:27:58,0.9816936594621595,0.8924487813292358,3.3958341501685028,0.5459261690003641,0.9086663792746099,0.9171200206791674,3.0995940190242206,3.5749999999999877,5607.0,2322.0,2,4,7,333,0.8575133565659722
CS2_36,400,CS2_36_10_28_10.xlsx,36,2010-10-26 02:40:52,0.971924254849867,0.8835675044089699,3.3892647178174355,0.5484035821026573,0.8974598331131229,0.9022053040569684,2.986532469312461,3.559999999999988,5599.0,2360.0,2,4,7,332,0.8489797423778885
CS2_36,401,CS2_36_10_28_10.xlsx,37,2010-10-26 05:53:43,0.9684219829241201,0.8803836208401091,3.3209953221454214,0.5939873906183789,0.8981747008184477,0.8983070897533354,2.9933560932816934,3.554999999999988,5475.0,2542.0,2,4,7,327,0.8459204937765485
CS2_36,402,CS2_36_10_28_10.xlsx,38,2010-10-26 09:07:20,0.9695078726499986,0.8813707933181805,3.3206293747933078,0.586649428867075,0.9017363275174837,0.8996885011008962,2.9716457351718097,3.559999999999988,5474.0,2497.0,2,4,7,328,0.8468690228158506
CS2_36,403,CS2_36_10_28_10.xlsx,39,2010-10-26 12:20:15,0.9668378373448192,0.8789434884952901,3.3209642389109266,0.5863951914785972,0.8986529354773157,0.8951282554360747,2.9154220861253033,3.559999999999988,5475.0,2505.0,2,4,7,327,0.8445367362469952
CS2_36,404,CS2_36_10_28_10.xlsx,40,2010-10-26 15:33:10,0.9639577584909986,0.8763252349918169,3.3079459373524656,0.5886404374616648,0.8972910831610748,0.8911109501997723,2.9189976728853106,3.554999999999988,5452.0,2513.0,2,4,7,326,0.8420209757943227
CS2_36,405,CS2_36_10_28_10.xlsx,41,2010-10-26 18:45:41,0.9740292842246774,0.8854811674769794,3.3063721133327566,0.5883463386444872,0.9108838302453806,0.9096848192309959,3.080699331720115,3.569999999999988,5446.0,2490.0,2,4,7,327,0.8508184939960385
CS2_36,406,CS2_36_10_28_10.xlsx,42,2010-10-26 21:58:16,0.9774008751024041,0.8885462500930946,3.3693190804662447,0.5532849382324864,0.9087280319992869,0.9129877940320508,3.099863383132217,3.5749999999999877,5561.0,2354.0,2,4,7,331,0.8537635921767792
CS2_36,407,CS2_36_10_28_10.xlsx,43,2010-10-27 01:10:42,0.9751672591550147,0.8865156901409224,3.385398790006095,0.5443134765094839,0.9051404649382686,0.9060864301894452,2.8133193090524244,3.5849999999999875,5590.0,2316.0,2,4,7,332,0.8518125196707446
CS2_36,408,CS2_36_10_28_10.xlsx,44,2010-10-27 04:22:52,0.9639359657611806,0.876305423419255,3.3367893333721157,0.5787101359598129,0.8934388909842799,0.8909930399350877,2.916006942809475,3.554999999999988,5504.0,2472.0,2,4,7,328,0.8420019397572505
CS2_36,409,CS2_36_10_28_10.xlsx,45,2010-10-27 07:35:34,0.9643958258631216,0.8767234780573832,3.3001698183993744,0.5879130083762368,0.9004856843435673,0.893299880590615,2.9395625029105714,3.559999999999988,5438.0,2507.0,2,4,7,326,0.8424036294042858
CS2_36,410,CS2_36_10_28_10.xlsx,46,2010-10-27 10:47:47,0.965935910777759,0.8781235552525081,3.3049844888903843,0.5828694358019564,0.902821116792736,0.8973793449836037,3.0325987199790276,3.559999999999988,5447.0,2493.0,2,4,7,326,0.8437488997661937
CS2_36,411,CS2_36_10_28_10.xlsx,47,2010-10-27 14:00:00,0.9642533121287471,0.8765939201170427,3.304985445106645,0.5860658675480128,0.8999263050136214,0.8948167868481371,2.9939500641236823,3.559999999999988,5448.0,2506.0,2,4,7,326,0.8422791430846053
CS2_36,412,CS2_36_10_28_10.xlsx,48,2010-10-27 17:12:21,0.9657719480437166,0.8779744982215605,3.297503152732486,0.5882907512487057,0.902772462245884,0.8992919687295269,3.16139248765387,3.559999999999988,5435.0,2515.0,2,4,7,326,0.8436056776591084
CS2_36,413,CS2_36_10_28_10.xlsx,49,2010-10-27 20:24:43,0.9741537339124093,0.8855943035567357,3.3414075999219253,0.553970732627337,0.9120630014693244,0.9099468399314721,3.0756795992130317,3.5749999999999877,5511.0,2360.0,2,4,7,329,0.8509272012983848
CS2_36,414,CS2_36_10_28_10.xlsx,50,2010-10-27 23:36:14,0.9755073858588688,0.8868248962353351,3.3721475690071716,0.5436864817299061,0.9086313939546241,0.911094333798118,3.0795028760930867,3.5749999999999877,5567.0,2317.0,2,4,7,331,0.8521096217133913
CS2_36,415,CS2_36_11_01_10.xlsx,1,2010-10-28 13:50:11,0.970265987126323,0.8820599882966571,3.3112169617333995,0.6179067382470853,0.8961623413054121,0.8943408208129592,2.9129243543502503,3.554999999999988,5444.0,2696.0,2,4,7,327,0.8475312388574723
CS2_36,416,CS2_36_11_01_10.xlsx,2,2010-10-28 17:05:59,0.9701676582979989,0.8819705984527262,3.306785024590706,0.6074573557323082,0.8992305491882419,0.9003135787585939,3.111364515985526,3.5449999999999884,5449.0,2630.0,2,4,7,327,0.8474453482307879
CS2_36,417,CS2_36_11_01_10.xlsx,3,2010-10-28 20:20:45,0.967184669515764,0.8792587904688762,3.3468018572091,0.562153551368654,0.8977162281764497,0.8931717517447744,2.9445637548176156,3.554999999999988,5519.0,2416.0,2,4,7,328,0.8448396955420924
CS2_36,418,CS2_36_11_01_10.xlsx,4,2010-10-28 23:32:57,0.9633284611391519,0.875753146490138,3.284836186878487,0.6115007809035392,0.8963055365596811,0.8898378640543841,2.937076409276858,3.554999999999988,5411.0,2632.0,2,4,7,325,0.8414712820285956
CS2_36,419,CS2_36_11_01_10.xlsx,5,2010-10-29 02:46:45,0.9609267470215084,0.873569770019553,3.269994929366548,0.6150348325465737,0.8960281158457348,0.8871999194291539,2.913817045724949,3.5499999999999883,5385.0,2648.0,2,4,7,324,0.8393733750953261
CS2_36,420,CS2_36_11_01_10.xlsx,6,2010-10-29 06:00:15,0.9611452890652465,0.8737684446047695,3.264981620025298,0.613157935883275,0.8980289690361611,0.8887838749371298,2.9375991315957655,3.5499999999999883,5376.0,2635.0,2,4,7,324,0.8395642724487625
CS2_36,421,CS2_36_11_01_10.xlsx,7,2010-10-29 09:13:24,0.9607841759275528,0.8734401599341388,3.2691574163118124,0.6100967180354733,0.8979571963975648,0.8890399708622994,2.9481542563457106,3.554999999999988,5384.0,2613.0,2,4,7,324,0.8392488386718209
CS2_36,422,CS2_36_11_01_10.xlsx,8,2010-10-29 12:26:17,0.9596329943501143,0.8723936312273766,3.2684297385669603,0.6081713622336136,0.8973449399248903,0.8873396642601216,2.941912333819115,3.554999999999988,5383.0,2609.0,2,4,7,323,0.8382432769377999
CS2_36,423,CS2_36_11_01_10.xlsx,9,2010-10-29 15:39:01,0.957140560221938,0.8701277820199436,3.2632404823066383,0.6071841742671124,0.895865796566951,0.8843276452512246,2.91672689481975,3.5499999999999883,5374.0,2611.0,2,4,7,323,0.8360661257107633
CS2_36,424,CS2_36_11_01_10.xlsx,10,2010-10-29 18:51:30,0.966180304382986,0.8783457312572599,3.264899100142883,0.6055292876772121,0.9075660364414574,0.9003798728927471,3.0534687910100597,3.564999999999988,5374.0,2575.0,2,4,7,324,0.8439623785624776
CS2_36,425,CS2_36_11_01_10.xlsx,11,2010-10-29 22:03:53,0.9684063500444076,0.8803694091312795,3.3186254904112955,0.5755797560277343,0.9051362506627911,0.9027028395228563,3.0507701923951784,3.569999999999988,5472.0,2457.0,2,4,7,327,0.8459068383932975
CS2_36,426,CS2_36_11_01_10.xlsx,12,2010-10-30 01:16:03,0.969217528103675,0.8811068437306135,3.3296202480716075,0.5685250257306259,0.9052007266392262,0.9035874235646898,3.0417008529456706,3.569999999999988,5492.0,2430.0,2,4,7,328,0.8466154056878608
CS2_36,427,CS2_36_11_01_10.xlsx,13,2010-10-30 04:28:09,0.9696156935527043,0.8814688123206402,3.336429526326083,0.5639824582614577,0.9051998056881498,0.9036794783855936,3.0410500551726876,3.569999999999988,5504.0,2411.0,2,4,7,329,0.8469632048076522
CS2_36,428,CS2_36_11_01_10.xlsx,14,2010-10-30 07:40:10,0.9698000822151709,0.881636438377428,3.339234189190951,0.5620401663683275,0.9055205586207227,0.9039750520734414,3.052566398965871,3.569999999999988,5509.0,2396.0,2,4,7,329,0.8471242690452995
CS2_36,429,CS2_36_11_01_10.xlsx,15,2010-10-30 10:52:00,0.9700127821192392,0.8818298019265811,3.341377285099017,0.5594880384649599,0.9060352261088332,0.9041921826116619,3.0525847912699176,3.569999999999988,5513.0,2389.0,2,4,7,329,0.8473100632662571
CS2_36,430,CS2_36_11_01_10.xlsx,16,2010-10-30 14:03:48,0.9702178101737626,0.8820161910670569,3.344097022222583,0.5575414499449561,0.9060419023448549,0.9044292135538938,3.049947860111733,3.569999999999988,5518.0,2376.0,2,4,7,329,0.8474891560958073
CS2_36,431,CS2_36_11_01_10.xlsx,17,2010-10-30 17:15:30,,,1.3109540525518195,,,,,,2227.0,,2,,,79,
CS2_36,432,CS2_36_11_15_10.xlsx,1,2010-11-08 12:42:15,0.955657162782616,0.8687792388932872,3.276901531262171,0.5903847127833031,0.898467991462135,0.8791699449631782,2.8617839389424358,3.564999999999988,5394.0,2560.0,2,4,7,323,0.8347703720863473
CS2_36,433,CS2_36_11_15_10.xlsx,2,2010-11-08 15:54:08,0.952982895832056,0.8663480871200508,3.2853925953495167,0.5650241281745311,0.9000329688974908,0.8787354149023813,2.8636976349861785,3.559999999999988,5419.0,2430.0,2,4,7,324,0.8324343891582466
CS2_36,434,CS2_36_11_15_10.xlsx,3,2010-11-08 19:04:08,0.9580092037290291,0.8709174579354809,3.2612183910512735,0.5764087826776101,0.9093532362571715,0.8900109125811426,3.004886478994781,3.569999999999988,5377.0,2483.0,2,4,7,323,0.8368248893049308
CS2_36,435,CS2_36_11_15_10.xlsx,4,2010-11-08 22:14:34,0.9597681815616839,0.8725165286924398,3.307173213922532,0.5479289786427403,0.907708364840401,0.8913841155242073,2.993234101151307,3.5749999999999877,5458.0,2350.0,2,4,7,325,0.838361363510368
CS2_36,436,CS2_36_11_15_10.xlsx,5,2010-11-09 01:24:15,0.9598384141388134,0.8725803764898303,3.313706055067867,0.5432879639554548,0.907589652174431,0.8915705592409886,2.986970101062533,3.5749999999999877,5470.0,2327.0,2,4,7,326,0.8384227119487268
CS2_36,437,CS2_36_11_15_10.xlsx,6,2010-11-09 04:33:45,0.945784067848547,0.8598036980441335,3.2833050840017544,0.5673198684558332,0.8921985575098013,0.8699646699742623,2.8373711379229998,3.559999999999988,5420.0,2437.0,2,4,7,323,0.8261461839855028
CS2_36,438,CS2_36_11_15_10.xlsx,7,2010-11-09 07:43:29,0.9447838449531902,0.8588944045029001,3.240059824423272,0.5694313420913367,0.9013576926490746,0.8707919974992158,2.8466145976688004,3.564999999999988,5340.0,2443.0,2,4,7,320,0.8252724852669214
CS2_36,439,CS2_36_11_15_10.xlsx,8,2010-11-09 10:51:55,0.9464702566891887,0.8604275060810805,3.2376158522459666,0.5680590927825363,0.9042672551781475,0.8738730108435345,2.9019359961346476,3.564999999999988,5337.0,2443.0,2,4,7,320,0.8267455726953159
CS2_36,440,CS2_36_11_15_10.xlsx,9,2010-11-09 14:00:25,0.9450174413489192,0.8591067648626537,3.249322541912643,0.5609202925541446,0.901969992711129,0.871358630123976,2.8292661764986176,3.564999999999988,5358.0,2406.0,2,4,7,321,0.8254765326573191
CS2_36,441,CS2_36_11_15_10.xlsx,10,2010-11-09 17:08:33,0.9426782380926007,0.8569802164478187,3.238152239583438,0.5634341536938308,0.901108538365765,0.868946841042957,2.874871772496507,3.564999999999988,5339.0,2423.0,2,4,7,320,0.8234332292126226
CS2_36,442,CS2_36_11_15_10.xlsx,11,2010-11-09 20:16:32,0.9514083350759996,0.8649166682509087,3.249266613424538,0.5525285070215001,0.9120893490955365,0.883166925530377,2.9796413358679854,3.5749999999999877,5355.0,2368.0,2,4,7,322,0.831059004010315
CS2_36,443,CS2_36_11_15_10.xlsx,12,2010-11-09 23:24:20,0.9521433358311953,0.865584850755632,3.2838538975461757,0.5428690520539401,0.9071157265685217,0.8831697660100942,2.981659911134268,3.5749999999999877,5419.0,2334.0,2,4,7,324,0.8317010301236462
CS2_36,444,CS2_36_11_15_10.xlsx,13,2010-11-10 02:32:40,0.9453311056602836,0.8593919142366213,3.287733939014463,0.5394461184360937,0.8993530905231507,0.8702716868363254,2.7918261228745673,3.564999999999988,5426.0,2315.0,2,4,7,323,0.8257505196937847
CS2_36,445,CS2_36_11_15_10.xlsx,14,2010-11-10 05:40:26,0.9384352795913706,0.8531229814467005,3.2321498158496897,0.5640082815652654,0.8977189237267922,0.8637432350668703,2.839724771349044,3.559999999999988,5329.0,2435.0,2,4,7,319,0.8197269879110813
CS2_36,446,CS2_36_11_15_10.xlsx,15,2010-11-10 08:48:13,0.9377391148671279,0.8524901044246617,3.2158070074984195,0.5659046290173736,0.9006365350549557,0.8630250428518669,2.8707654507086513,3.564999999999988,5300.0,2436.0,2,4,7,318,0.8191188852268537
CS2_36,447,CS2_36_11_15_10.xlsx,16,2010-11-10 11:55:29,0.9392050421196618,0.8538227655633288,3.218985078991518,0.5595573402510552,0.9036822074077081,0.8656149908291869,2.826737360300873,3.564999999999988,5306.0,2408.0,2,4,7,318,0.8203993785729048
CS2_36,448,CS2_36_11_15_10.xlsx,17,2010-11-10 15:02:27,0.9393081152859839,0.8539164684418035,3.222042230185697,0.5584126714727061,0.903512070959003,0.866604839987893,2.894149266666641,3.564999999999988,5312.0,2399.0,2,4,7,319,0.8204894133978962
CS2_36,449,CS2_36_11_15_10.xlsx,18,2010-11-10 18:09:25,0.938985169356986,0.8536228812336235,3.2120851384606466,0.5687094159279501,0.9020504465221034,0.8668299748985215,2.805924105099271,3.554999999999988,5295.0,2455.0,2,4,7,318,0.8202073188311286
CS2_36,450,CS2_36_11_15_10.xlsx,19,2010-11-10 21:16:58,0.9474769346596119,0.8613426678723743,3.2412462858432183,0.5432577518598583,0.9128943395578041,0.8790947376734942,2.9685614106855294,3.5799999999999876,5346.0,2347.0,2,4,7,321,0.8276249099479082
CS2_36,451,CS2_36_11_15_10.xlsx,20,2010-11-11 00:24:04,0.9485287537714449,0.8622988670649498,3.2699375205661596,0.5401631648872923,0.9079733106376012,0.879989002425239,2.973067611355004,3.5799999999999876,5397.0,2332.0,2,4,7,322,0.8285436781689255
CS2_36,452,CS2_36_11_15_10.xlsx,21,2010-11-11 03:31:49,0.9360532666205756,0.8509575151096141,3.2750296447365983,0.5308389311487907,0.8939616143594885,0.8605180141518,2.8247895770968805,3.564999999999988,5406.0,2320.0,2,4,7,322,0.8176462900087549
CS2_36,453,CS2_36_11_15_10.xlsx,22,2010-11-11 06:38:49,0.9286377067265441,0.8442160970241309,3.1902732491589543,0.5760197709903504,0.8942938618706294,0.8501747234935729,2.7438717322959136,3.554999999999988,5258.0,2493.0,2,4,7,316,0.8111687686412126
CS2_36,454,CS2_36_11_15_10.xlsx,23,2010-11-11 09:45:50,0.9317420000950243,0.8470381819045675,3.175713125012436,0.5695905402819297,0.9036486114731024,0.8573137173046248,2.8619952980737438,3.559999999999988,5232.0,2467.0,2,4,7,315,0.8138803813734669
CS2_36,455,CS2_36_11_15_10.xlsx,24,2010-11-11 12:52:09,0.9334727686844211,0.8486116078949282,3.1881885950224924,0.5679552441164635,0.903100738939631,0.8611496929948076,2.900686119436697,3.564999999999988,5253.0,2457.0,2,4,7,316,0.8153922146915569
CS2_36,456,CS2_36_11_15_10.xlsx,25,2010-11-11 15:58:45,0.9292674538941093,0.8447885944491902,3.1915997117712687,0.5693241511587451,0.8968983861054539,0.85311907818979,2.7855609128788856,3.559999999999988,5260.0,2465.0,2,4,7,316,0.8117188553227773
CS2_36,457,CS2_36_11_15_10.xlsx,26,2010-11-11 19:05:22,0.9380499981924331,0.8527727256294846,3.167641271967477,0.5802998499695134,0.911005747938179,0.8698676713776208,2.9483736446428397,3.5749999999999877,5218.0,2532.0,2,4,7,315,0.8193904430608209
CS2_36,458,CS2_36_11_15_10.xlsx,27,2010-11-11 22:12:53,0.9415713421827974,0.8559739474389066,3.233184053745275,0.5478598085897379,0.9075905023615113,0.8726617865757946,2.9454212845790266,3.5749999999999877,5332.0,2374.0,2,4,7,319,0.822466351187247
CS2_36,459,CS2_36_11_15_10.xlsx,28,2010-11-12 01:19:53,0.9424539651389416,0.8567763319444923,3.244039366453359,0.5449595510251725,0.9065300531040176,0.873270911198326,2.945318412532301,3.5749999999999877,5352.0,2359.0,2,4,7,321,0.8232373258863401
CS2_36,460,CS2_36_11_15_10.xlsx,29,2010-11-12 04:26:59,0.9270583085062789,0.8427802804602534,3.212150588618904,0.5691660292008269,0.8897978337089335,0.8502667566987959,2.7336121979089993,3.559999999999988,5300.0,2476.0,2,4,7,317,0.8097891579488546
CS2_36,461,CS2_36_11_15_10.xlsx,30,2010-11-12 07:34:20,0.9236645496827549,0.8396950451661408,3.1553640066757604,0.5816599014332982,0.8963070038813876,0.8463074823947766,2.7426011218100763,3.554999999999988,5196.0,2526.0,2,4,7,313,0.8068246959783761
CS2_36,462,CS2_36_11_15_10.xlsx,31,2010-11-12 10:40:37,0.9258481810418644,0.841680164583513,3.1525603075138267,0.5753344574909357,0.9017607657287496,0.8504236034589585,2.8138970179031153,3.564999999999988,5191.0,2493.0,2,4,7,313,0.8087321067456806
CS2_36,463,CS2_36_11_15_10.xlsx,32,2010-11-12 13:46:22,0.9292216252581973,0.8447469320529065,3.167776063039364,0.5673515914387548,0.9039915896149485,0.8565438721029812,2.853818389521928,3.564999999999988,5218.0,2462.0,2,4,7,314,0.8116788238251417
CS2_36,464,CS2_36_11_15_10.xlsx,33,2010-11-12 16:52:15,0.9254331904378503,0.8413029003980457,3.1753023838476375,0.5683365624272791,0.8975144788894024,0.8508456148265905,2.7809858320690197,3.559999999999988,5233.0,2474.0,2,4,7,315,0.8083696107853966
CS2_36,465,CS2_36_11_15_10.xlsx,34,2010-11-12 19:58:22,0.9356730081343052,0.8506118255766411,3.172279234161716,0.5665877296541777,0.9112070352132657,0.8669798961766673,2.930923978708851,3.5749999999999877,5224.0,2457.0,2,4,7,316,0.8173141326928941
CS2_36,466,CS2_36_11_15_10.xlsx,35,2010-11-12 23:04:36,0.9377280158604009,0.8524800144185462,3.2187876170825582,0.5501806559660607,0.9065609374708107,0.8687250041467337,2.94312422264605,3.5799999999999876,5309.0,2392.0,2,4,7,318,0.8191091901998753
CS2_36,467,CS2_36_11_15_10.xlsx,36,2010-11-13 02:11:17,0.9384494365756737,0.8531358514324305,3.229871728902321,0.5441805955439835,0.9064642776664953,0.8692136986848652,2.9358409979178894,3.5749999999999877,5328.0,2368.0,2,4,7,319,0.8197393540937612
CS2_36,468,CS2_36_11_15_10.xlsx,37,2010-11-13 05:17:56,0.9388860844536069,0.8535328040487334,3.2320162663549192,0.5431933991476676,0.9063215203484456,0.8696261450502671,2.9401939491164724,3.5749999999999877,5332.0,2363.0,2,4,7,319,0.8201207677698453
CS2_36,469,CS2_36_11_15_10.xlsx,38,2010-11-13 08:24:36,0.938962072147369,0.8536018837703354,3.233630800005162,0.5428503753917903,0.9063821748360995,0.8696368077586959,2.9413928637308144,3.5799999999999876,5335.0,2361.0,2,4,7,319,0.82018714332571
CS2_36,470,CS2_36_11_15_10.xlsx,39,2010-11-13 11:31:16,0.9393380114744687,0.8539436467949715,3.2370748910693994,0.5390927736900212,0.906838732105735,0.8699296221430437,2.9467339043349154,3.5799999999999876,5341.0,2343.0,2,4,7,319,0.8205155278386782
CS2_36,471,CS2_36_11_15_10.xlsx,40,2010-11-13 14:37:47,0.9402245548613237,0.854749595328476,3.2397715490018273,0.5379935323701003,0.9076651646309489,0.8712124286088903,2.948787805596583,3.5799999999999876,5346.0,2337.0,2,4,7,320,0.8212899270497517
CS2_36,472,CS2_36_11_15_10.xlsx,41,2010-11-13 17:44:19,0.9399534637316123,0.8545031488469201,3.2448841908135284,0.5362429847529844,0.9065779036974587,0.8706440553713862,2.935391622624424,3.5799999999999876,5355.0,2327.0,2,4,7,320,0.8210531278585442
CS2_36,473,CS2_36_11_15_10.xlsx,42,2010-11-13 20:50:48,0.9396009671719483,0.8541826974290438,3.2442872090521675,0.5353469388688709,0.9069269896686539,0.8702201678574386,2.9475037588371626,3.5799999999999876,5354.0,2329.0,2,4,7,320,0.8207452206971381
CS2_36,474,CS2_36_11_15_10.xlsx,43,2010-11-13 23:57:17,0.9394361264412154,0.8540328422192867,3.2425777538534133,0.5351003185334309,0.9071188002975568,0.8699437340284188,2.947386177315488,3.5799999999999876,5351.0,2327.0,2,4,7,320,0.8206012316564154
CS2_36,475,CS2_36_11_15_10.xlsx,44,2010-11-14 03:03:41,0.9389045894288799,0.8535496267535271,3.2408613668184176,0.536475289279711,0.9065807005403637,0.8690549491210625,2.9287043851413967,3.5799999999999876,5348.0,2331.0,2,4,7,320,0.8201369319401102
CS2_36,476,CS2_36_11_15_10.xlsx,45,2010-11-14 06:10:03,0.9385457074028736,0.8532233703662486,3.2401974589270655,0.5348327471716805,0.9065075300468104,0.8685258473275913,2.932075196027813,3.5799999999999876,5347.0,2325.0,2,4,7,320,0.8198234470481934
CS2_36,477,CS2_36_11_15_10.xlsx,46,2010-11-14 09:16:19,0.9380432424249818,0.8527665840227107,3.2367412543951035,0.5360467887848072,0.9067560663159704,0.8680384186741846,2.9334123615326795,3.5799999999999876,5341.0,2331.0,2,4,7,319,0.8193845418708035
CS2_36,478,CS2_36_11_15_10.xlsx,47,2010-11-14 12:22:32,0.9379184477031899,0.8526531342756271,3.2353445716592066,0.5360861941917988,0.9070633686162929,0.8678625175835682,2.9291306944315214,3.5799999999999876,5339.0,2330.0,2,4,7,319,0.8192755331798193
CS2_36,479,CS2_36_11_15_10.xlsx,48,2010-11-14 15:28:43,0.9377837161503351,0.8525306510457591,3.2359631468483205,0.5349679387429837,0.9068891217803088,0.8677987243569705,2.9330748774840725,3.5799999999999876,5340.0,2328.0,2,4,7,319,0.8191578446269695
CS2_36,480,CS2_36_11_15_10.xlsx,49,2010-11-14 18:34:52,0.9375343514699992,0.8523039558818174,3.2352996686774573,0.5358252080017193,0.9066043841214595,0.8673056982353751,2.9229231960050295,3.5799999999999876,5339.0,2328.0,2,4,7,319,0.8189400235766013
CS2_36,481,CS2_36_11_15_10.xlsx,50,2010-11-14 21:40:58,0.9371753463141985,0.8519775875583622,3.233854661680732,0.5338879082734589,0.9071272656562369,0.8668936341258237,2.9288322489464296,3.5799999999999876,5337.0,2323.0,2,4,7,319,0.8186264311303144
CS2_36,482,CS2_36_11_22_10.xlsx,1,2010-11-15 12:55:15,0.93076221021424,0.8461474638311272,3.180038336928028,0.594411352404717,0.895784133470001,0.8507238189109004,2.6933393368928766,3.564999999999988,5230.0,2606.0,2,4,7,315,0.8130245309752265
CS2_36,483,CS2_36_11_22_10.xlsx,2,2010-11-15 16:03:48,0.926704937037124,0.8424590336701127,3.181988541763456,0.5743134176368556,0.8956158167335547,0.8482869346972717,2.7562880525735776,3.559999999999988,5244.0,2486.0,2,4,7,315,0.8094804865504922
CS2_36,484,CS2_36_11_22_10.xlsx,3,2010-11-15 19:10:21,0.9350200063443661,0.8500181875857873,3.1506223890783955,0.5882337841025029,0.9104720091955116,0.8646811348338409,2.911604353102344,3.569999999999988,5190.0,2568.0,2,4,7,314,0.816743733005235
CS2_36,485,CS2_36_11_22_10.xlsx,4,2010-11-15 22:17:50,0.9373336192295763,0.8521214720268875,3.2175448955515926,0.550869248675049,0.9062889875982957,0.8660722362829164,2.918980081279683,3.5749999999999877,5307.0,2381.0,2,4,7,318,0.818764683157931
CS2_36,486,CS2_36_11_22_10.xlsx,5,2010-11-16 01:24:16,0.9374601057798242,0.8522364597998401,3.2236141048119373,0.547752825337279,0.9058195770213251,0.8661680687963111,2.9291996007919723,3.5749999999999877,5318.0,2370.0,2,4,7,319,0.8188751696678703
CS2_36,487,CS2_36_11_22_10.xlsx,6,2010-11-16 04:30:44,0.9193976987908314,0.8358160898098467,3.1840450700244403,0.5773791079163942,0.8865105195627048,0.8401800806830191,2.733766632684445,3.559999999999988,5253.0,2510.0,2,4,7,315,0.8030975845775503
CS2_36,488,CS2_36_11_22_10.xlsx,7,2010-11-16 07:37:26,0.9178007797486618,0.8343643452260561,3.119017810647665,0.587113894628964,0.8980680349353027,0.8405307824440643,2.783338037637721,3.559999999999988,5136.0,2552.0,2,4,7,311,0.8017026693768499
CS2_36,489,CS2_36_11_22_10.xlsx,8,2010-11-16 10:42:49,0.9181035619231581,0.8346396017483255,3.123154163415914,0.5804620285660816,0.8993918034708155,0.8416003882777017,2.7721426589459677,3.559999999999988,5143.0,2522.0,2,4,7,311,0.8019671508230303
CS2_36,490,CS2_36_11_22_10.xlsx,9,2010-11-16 13:47:51,0.9178111246469758,0.8343737496790689,3.1278290003570395,0.5771192604782192,0.8990517754518857,0.8417145137625982,2.765729402459586,3.559999999999988,5151.0,2507.0,2,4,7,311,0.801711705687099
CS2_36,491,CS2_36_11_22_10.xlsx,10,2010-11-16 16:52:44,0.9143882105329872,0.8312620095754428,3.1245964835525712,0.5753113394353071,0.8963483265635992,0.837410760260764,2.7370070909690485,3.559999999999988,5146.0,2510.0,2,4,7,310,0.7987217764532366
CS2_36,492,CS2_36_11_22_10.xlsx,11,2010-11-16 19:57:24,0.9255685664985087,0.8414259695440988,3.127475844471489,0.5688636449893197,0.9113653610529737,0.8544931171506007,2.8975410745474113,3.5749999999999877,5148.0,2460.0,2,4,7,312,0.8084878623184029
CS2_36,493,CS2_36_11_22_10.xlsx,12,2010-11-16 23:01:52,0.9283846631728832,0.8439860574298937,3.17999923594838,0.5502847646560712,0.906219957490192,0.8570242799985078,2.8944014741048636,3.5749999999999877,5243.0,2397.0,2,4,7,315,0.810947734080211
CS2_36,494,CS2_36_11_22_10.xlsx,13,2010-11-17 02:07:03,0.9250176275094635,0.840925115917694,3.19132519497675,0.5459412114815737,0.9015067064983354,0.8521280525784378,2.9234857394793545,3.5749999999999877,5263.0,2381.0,2,4,7,316,0.808006614897473
CS2_36,495,CS2_36_11_22_10.xlsx,14,2010-11-17 05:12:05,0.9120026043159282,0.8290932766508438,3.1455559912668414,0.5718724595101117,0.8897540743593891,0.8339773870035375,2.698486839410832,3.559999999999988,5183.0,2493.0,2,4,7,311,0.7966379398358587
CS2_36,496,CS2_36_11_22_10.xlsx,15,2010-11-17 08:16:56,0.9134840753908158,0.8304400685371052,3.099800973744684,0.579974299067357,0.9009485506585342,0.8378129356331853,2.7549893522324207,3.564999999999988,5103.0,2525.0,2,4,7,309,0.7979320107732001
CS2_36,497,CS2_36_11_22_10.xlsx,16,2010-11-17 11:21:06,0.9121571635565324,0.829233785051393,3.111739758253346,0.5738676633441209,0.8980189739260267,0.8359074353800605,2.7476848309706345,3.564999999999988,5125.0,2508.0,2,4,7,309,0.796772947953637
CS2_36,498,CS2_36_11_22_10.xlsx,17,2010-11-17 14:25:15,0.9102882147294942,0.8275347406631764,3.107784206105136,0.5715364961639918,0.8975723309038941,0.8330440185151666,2.745861624187743,3.564999999999988,5118.0,2501.0,2,4,7,309,0.7951404136426772
CS2_36,499,CS2_36_11_22_10.xlsx,18,2010-11-17 17:29:04,0.906902123670676,0.8244564760642509,3.0913681200996663,0.5803437435595252,0.8957055430564186,0.8292891602023158,2.7311642685818898,3.559999999999988,5090.0,2539.0,2,4,7,308,0.7921826494954829
CS2_36,500,CS2_36_11_22_10.xlsx,19,2010-11-17 20:32:52,0.9202652142217858,0.8366047402016233,3.1097954557673426,0.5586572397207127,0.9130316070599429,0.8484988687120452,2.8706540083882572,3.5799999999999876,5119.0,2439.0,2,4,7,310,0.8038553627926791
CS2_36,501,CS2_36_11_22_10.xlsx,20,2010-11-17 23:36:13,0.9221141196545091,0.8382855633222809,3.1572653211623383,0.5514849851265604,0.9052853566393043,0.8501333740507472,2.8700081064739593,3.5799999999999876,5205.0,2412.0,2,4,7,313,0.8054703891181585
CS2_36,502,CS2_36_11_22_10.xlsx,21,2010-11-18 02:40:39,0.9134184905680556,0.8303804459709595,3.166254691691806,0.5460491480686915,0.894436572427387,0.8349438060944807,2.6905274853208168,3.564999999999988,5221.0,2389.0,2,4,7,312,0.7978747221669604
CS2_36,503,CS2_36_11_22_10.xlsx,22,2010-11-18 05:44:30,0.9028322233066248,0.8207565666423862,3.0926403833752247,0.5779514737904986,0.8911851517154624,0.8239529050718174,2.706974725127189,3.559999999999988,5093.0,2540.0,2,4,7,307,0.7886275751722173
CS2_36,504,CS2_36_11_22_10.xlsx,23,2010-11-18 08:48:09,0.9042938059942571,0.8220852781765973,3.0599982785608346,0.5872701608434167,0.8990552103878586,0.826869289809713,2.744132679443448,3.564999999999988,5035.0,2573.0,2,4,7,305,0.7899042735233678
CS2_36,505,CS2_36_11_22_10.xlsx,24,2010-11-18 11:51:28,0.904441808661705,0.8222198260560953,3.076610787122572,0.5747515242931495,0.898272005243618,0.8270614308987381,2.7482591130624487,3.564999999999988,5065.0,2528.0,2,4,7,306,0.7900335544481457
CS2_36,506,CS2_36_11_22_10.xlsx,25,2010-11-18 14:54:33,0.8893567055864438,0.8085060959876761,3.043949478672355,0.595723535543766,0.8825619916313074,0.8057787698821272,2.6163605538699235,3.5499999999999883,5012.0,2628.0,2,4,7,302,0.7768566562910384
CS2_36,507,CS2_36_11_22_10.xlsx,26,2010-11-18 17:57:35,0.8830862047676398,0.8028056406978543,2.9638307924027485,0.6301427544645553,0.8858807041399942,0.7990041350604383,2.591121427372178,3.5449999999999884,4870.0,2776.0,2,4,7,298,0.7713793486272319
CS2_36,508,CS2_36_11_22_10.xlsx,27,2010-11-18 21:00:25,0.9055880180550666,0.823261834595515,3.0066361871343807,0.5834766197943083,0.9158702110828215,0.8323282214148056,2.8121541630876035,3.569999999999988,4942.0,2567.0,2,4,7,302,0.7910347729593944
CS2_36,509,CS2_36_11_22_10.xlsx,28,2010-11-19 00:02:09,0.908691207582816,0.8260829159843781,3.086866814649574,0.570310675106413,0.9028764900167199,0.8353602904554248,2.8176251735532776,3.569999999999988,5084.0,2506.0,2,4,7,308,0.7937454214823345
CS2_36,510,CS2_36_11_22_10.xlsx,29,2010-11-19 03:05:24,0.8937649555125766,0.8125135959205241,3.1012207425297524,0.5578668715872778,0.8842006285450156,0.8116273405438506,2.625899819636091,3.554999999999988,5109.0,2411.0,2,4,7,307,0.780707280316471
CS2_36,511,CS2_36_11_22_10.xlsx,30,2010-11-19 06:06:40,0.8778999202590825,0.7980908365991658,2.972293856231125,0.6250669361193428,0.879368701073958,,,,4887.0,2776.0,2,4,7,297,0.7668491082674483
CS2_36,512,CS2_36_11_22_10.xlsx,31,2010-11-19 09:09:29,0.8780930808798146,0.7982664371634678,2.925661624672948,0.6336815066060262,0.8895553180105945,0.794247984893559,2.625254524171428,3.5449999999999884,4804.0,2807.0,2,4,7,295,0.7670178348458916
CS2_36,513,CS2_36_11_22_10.xlsx,32,2010-11-19 12:11:25,0.8749129998638878,0.7953754544217161,2.9232236220034813,0.6336686104756989,0.8866451188618368,,,,4801.0,2814.0,2,4,7,294,0.764240021299033
CS2_36,514,CS2_36_11_22_10.xlsx,33,2010-11-19 15:13:15,0.8733036764446851,0.7939124331315318,2.9082141764497687,0.6403338543214336,0.8870396102345537,,,,4775.0,2840.0,2,4,7,294,0.762834270825146
CS2_36,515,CS2_36_11_22_10.xlsx,34,2010-11-19 18:15:00,0.8769139763271951,0.7971945239338137,2.894814072039538,0.6467092249763773,0.8920852875747483,,,,4752.0,2874.0,2,4,7,293,0.7659878822808389
CS2_36,516,CS2_36_11_22_10.xlsx,35,2010-11-19 21:17:07,0.8945503762323952,0.8132276147567228,2.970003886131211,0.5986790066717047,0.9089291859509383,0.8206585429489478,2.766120909582851,3.564999999999988,4882.0,2653.0,2,4,7,299,0.7813933484715175
CS2_36,517,CS2_36_11_22_10.xlsx,36,2010-11-20 00:18:41,0.898501388445176,0.816819444041069,3.0334758217987665,0.5850551237453369,0.9012478743986205,0.8249289140073124,2.787249572124621,3.569999999999988,4993.0,2589.0,2,4,7,304,0.7848445735168856
CS2_36,518,CS2_36_11_22_10.xlsx,37,2010-11-20 03:21:14,0.9005707853759546,0.8187007139781405,3.0537153511539485,0.5760530812014483,0.90086368415235,0.8273235909667986,2.790612683943465,3.569999999999988,5028.0,2547.0,2,4,7,305,0.7866522000519816
CS2_36,519,CS2_36_11_22_10.xlsx,38,2010-11-20 06:23:48,0.9017989876933967,0.8198172615394514,3.0652694939283376,0.5707045273429638,0.9008772928618639,0.8287454157512493,2.7970147961874288,3.569999999999988,5048.0,2526.0,2,4,7,306,0.7877250397119107
CS2_36,520,CS2_36_11_22_10.xlsx,39,2010-11-20 09:26:25,0.9026845727714488,0.8206223388831352,3.07077328239739,0.5672159568087601,0.9015537668122892,0.829642541155417,2.791238933131561,3.5749999999999877,5058.0,2507.0,2,4,7,306,0.7884986018363938
CS2_36,521,CS2_36_11_22_10.xlsx,40,2010-11-20 12:28:56,0.9051972500276477,0.8229065909342251,3.07915216896735,0.5633391683701623,0.9035601500805088,0.8325066094846822,2.8119245452038744,3.5749999999999877,5073.0,2482.0,2,4,7,307,0.7906934355171069
CS2_36,522,CS2_36_11_22_10.xlsx,41,2010-11-20 15:31:26,0.9056940345787581,0.8233582132534164,3.093389183493211,0.5552345317407575,0.9027311737178788,0.832757456343316,2.8335289143535607,3.5749999999999877,5098.0,2454.0,2,4,7,307,0.791127378818876
CS2_36,523,CS2_36_11_22_10.xlsx,42,2010-11-20 18:33:54,0.9061908206903553,0.823809836991232,3.095674197372199,0.5540990654960134,0.9031755844769277,0.8331005357767338,2.802053464228042,3.5749999999999877,5102.0,2445.0,2,4,7,307,0.7915613234837366
CS2_36,524,CS2_36_11_22_10.xlsx,43,2010-11-20 21:36:19,0.9048772684115534,0.8226156985559575,3.099543926454444,0.5505777686581911,0.9013498898861627,0.8311959629210298,2.7983527288596584,3.5749999999999877,5109.0,2429.0,2,4,7,308,0.7904139302895732
CS2_36,525,CS2_36_11_22_10.xlsx,44,2010-11-21 00:38:30,0.9038651562544828,0.8216955965949844,3.087008425195381,0.5592346899401462,0.9011803305159467,0.8304425418101198,2.7940695433341918,3.5749999999999877,5087.0,2467.0,2,4,7,307,0.7895298462531067
CS2_36,526,CS2_36_11_22_10.xlsx,45,2010-11-21 03:40:53,0.9033743874508104,0.8212494431371004,3.0833914481049556,0.5583816532337876,0.9016612259463594,0.8299535093753603,2.8012440833356895,3.5749999999999877,5081.0,2466.0,2,4,7,307,0.7891011577308996
CS2_36,527,CS2_36_11_22_10.xlsx,46,2010-11-21 06:43:10,0.9029026600709145,0.8208206000644677,3.082349341109785,0.5589043108923146,0.9013876913234412,0.8293455275391218,2.7936711597005766,3.5749999999999877,5079.0,2464.0,2,4,7,307,0.7886891019688808
CS2_36,528,CS2_36_11_22_10.xlsx,47,2010-11-21 09:45:19,0.902268402132627,0.8202440019387518,3.0805718808472538,0.5583319027257604,0.9013109170103689,0.8286816963821545,2.7898103612871967,3.5749999999999877,5076.0,2463.0,2,4,7,307,0.7881350751109631
CS2_36,529,CS2_36_11_22_10.xlsx,48,2010-11-21 12:47:23,0.9024323870412303,0.8203930791283911,3.0806296753347024,0.5571928316159509,0.9017777016796397,0.8288518719615673,2.7869126058036526,3.5749999999999877,5076.0,2457.0,2,4,7,307,0.7882783165876165
CS2_36,530,CS2_36_11_22_10.xlsx,49,2010-11-21 15:49:20,0.9024853915507975,0.8204412650461795,3.0809268738213156,0.5571960132358506,0.9021183446939981,0.8287756456232976,2.791405834426168,3.5749999999999877,5077.0,2458.0,2,4,7,307,0.7883246162397269
CS2_36,531,CS2_36_11_22_10.xlsx,50,2010-11-21 18:51:20,0.9023298367722816,0.820299851611165,3.0819663302922717,0.5554145562484214,0.9020309087664804,0.8285950015944746,2.790772215927932,3.5749999999999877,5079.0,2448.0,2,4,7,307,0.7881887385155822
CS2_36,532,CS2_36_11_24_10.xlsx,1,2010-11-22 13:15:42,0.882932393586052,0.8026658123509564,2.972905249549321,0.6593006555801614,0.8777571760761912,0.7959552556428588,2.484231263371592,3.5499999999999883,4874.0,2953.0,2,4,7,298,0.7712449939420107
CS2_36,533,CS2_36_11_24_10.xlsx,2,2010-11-22 16:21:30,0.8751082279160601,0.7955529344691455,2.948141869693996,0.6352321269136173,0.8807326649227109,0.7887380015362185,2.522587552555942,3.5449999999999884,4844.0,2803.0,2,4,7,296,0.7644105537871473
CS2_36,534,CS2_36_11_24_10.xlsx,3,2010-11-22 19:23:52,0.8902581747322249,0.8093256133929316,2.912886288066438,0.6440963600887596,0.9064983276886656,0.8143877973813164,2.7192831342326333,3.559999999999988,4783.0,2844.0,2,4,7,296,0.7776440932125144
CS2_36,535,CS2_36_11_24_10.xlsx,4,2010-11-22 22:26:44,0.7654170633043682,0.6958336939130619,3.016983360504355,,,,,,4964.0,,2,,7,267,0.6685948806948548
CS2_36,536,CS2_36_11_24_10.xlsx,5,2010-11-23 00:38:26,0.8967206974060966,0.8152006340055423,3.0524549541019224,0.5919816291186145,0.8930826701971315,0.8220404965743746,2.759931497920679,3.569999999999988,5025.0,2616.0,2,4,7,304,0.78328913273838
CS2_36,537,CS2_36_11_24_10.xlsx,6,2010-11-23 03:41:54,0.8763043068242347,0.7966402789311223,3.036918864061183,0.5708389814759318,0.8768576636189558,0.7936345481653134,2.5685770242984343,3.5499999999999883,5002.0,2557.0,2,4,7,301,0.7654553335199903
CS2_36,538,CS2_36_11_24_10.xlsx,7,2010-11-23 06:42:53,0.8646001212811374,0.7860001102555794,2.902059798349181,0.639573786179974,0.8792292409292155,,,,4768.0,2829.0,2,4,7,292,0.7552316804137544
CS2_36,539,CS2_36_11_24_10.xlsx,8,2010-11-23 09:43:51,0.864326706940334,0.78575155176394,2.8764586859211003,0.6287532798879465,0.8883351747498628,,,,4722.0,2781.0,2,4,7,291,0.7549928518883222
CS2_36,540,CS2_36_11_24_10.xlsx,9,2010-11-23 12:43:15,0.8630094770565329,0.7845540700513934,2.8684250470202546,0.6355918218098883,0.8871491806853244,,,,4709.0,2822.0,2,4,7,290,0.753842246291413
CS2_36,541,CS2_36_11_24_10.xlsx,10,2010-11-23 15:43:02,0.8606863916504812,0.7824421742277101,2.868140401749695,0.6328035482625229,0.8855646539330468,,,,4708.0,2806.0,2,4,7,289,0.7518130218536958
CS2_36,542,CS2_36_11_24_10.xlsx,11,2010-11-23 18:42:24,0.8666281450612185,0.7878437682374714,2.838276480679248,0.6492752499159503,0.8961389112473065,,,,4658.0,2898.0,2,4,7,289,0.7570031673354545
CS2_36,543,CS2_36_11_24_10.xlsx,12,2010-11-23 21:42:48,0.8787250936602824,0.7988409942366202,2.920845298273806,0.6046663967137577,0.9023334426190347,0.8032355659216559,2.719152107874048,3.564999999999988,4800.0,2678.0,2,4,7,294,0.7675699005494313
CS2_36,544,CS2_36_11_24_10.xlsx,13,2010-11-24 00:42:34,0.8816756337689213,0.8015233034262921,2.966840036190515,0.5898815088978987,0.8982291267020757,0.8064181387202242,2.7007166502066826,3.564999999999988,4880.0,2616.0,2,4,7,298,0.7701472091913427
CS2_36,545,CS2_36_11_24_10.xlsx,14,2010-11-24 03:42:47,0.8635026364027993,0.7850023967298175,2.972894209436409,0.5776753203839203,0.8771017230566146,0.7810706304046979,2.5383682378265813,3.5499999999999883,4892.0,2601.0,2,4,7,296,0.7542730229621828
CS2_36,546,CS2_36_11_24_10.xlsx,15,2010-11-24 06:41:58,0.8530704359387791,0.7755185781261628,2.8453112571311947,0.646896117071096,0.8789098436613081,,,,4672.0,2898.0,2,4,7,288,0.7451604539341092
CS2_36,547,CS2_36_11_24_10.xlsx,16,2010-11-24 09:41:50,0.8494368676875172,0.7722153342613792,2.8144670750782965,0.649514871316472,0.8818679473921045,,,,4617.0,2881.0,2,4,7,285,0.7419865174648056
CS2_36,548,CS2_36_11_24_10.xlsx,17,2010-11-24 12:40:21,0.26592898221552197,0.24175362019592905,2.797678047249715,0.6513447202292167,0.29345904585097526,,,,4589.0,2923.0,2,4,7,217,0.23229003462520065
CS2_36,549,CS2_36_12_06_10.xlsx,1,2010-11-29 10:34:08,0.8803241962574351,0.8002947238703955,0.6708029061915972,0.5451321590264393,2.616592674204653,0.7988043487833468,2.4921775063936424,3.5399999999999885,1063.0,2425.0,2,4,7,170,0.7689667230941842
CS2_36,550,CS2_36_12_06_10.xlsx,2,2010-11-29 12:27:28,0.867450711507554,0.7885915559159582,2.936730946257123,0.6169473814808333,0.8800262475247563,,,,4828.0,2748.0,2,4,7,294,0.757721682431887
CS2_36,551,CS2_36_12_06_10.xlsx,3,2010-11-29 15:28:14,0.86666934647129,0.7878812240648091,2.877313389608099,0.6343539328423051,0.8890125095962315,,,,4724.0,2815.0,2,4,7,291,0.7570391569327235
CS2_36,552,CS2_36_12_06_10.xlsx,4,2010-11-29 18:28:20,0.8700148882711631,0.7909226257010573,2.8558682030166858,0.6531350082619829,0.8934310991906252,,,,4688.0,2891.0,2,4,7,290,0.7599615011392785
CS2_36,553,CS2_36_12_06_10.xlsx,5,2010-11-29 21:29:18,0.882250247300389,0.80204567936399,2.925441331341886,0.6129775796504708,0.9026032085170311,0.8079686665806859,2.6891249930813728,3.554999999999988,4808.0,2709.0,2,4,7,296,0.7706491364202168
CS2_36,554,CS2_36_12_06_10.xlsx,6,2010-11-30 00:29:55,0.8842168298302742,0.8038334816638856,2.965299019628858,0.6036767389999138,0.8975786782910704,0.8097825880962051,2.6999643823939845,3.559999999999988,4878.0,2669.0,2,4,7,298,0.7723669541629633
CS2_36,555,CS2_36_12_06_10.xlsx,7,2010-11-30 03:31:07,0.8662542810820018,0.7875038918927288,2.9743081740559956,0.5850725806523314,0.8771356860489986,,,,4894.0,2600.0,2,4,7,297,0.756676595647202
CS2_36,556,CS2_36_12_06_10.xlsx,8,2010-11-30 06:30:27,0.8558131193870882,0.7780119267155347,2.8461852074907177,0.6568133371164828,0.878161424313587,,,,4673.0,2911.0,2,4,7,288,0.7475561989479316
CS2_36,557,CS2_36_12_06_10.xlsx,9,2010-11-30 09:30:43,0.8561789549491143,0.7783445044991948,2.81834014669462,0.6569867087514156,0.8864622996936182,,,,4624.0,2912.0,2,4,7,287,0.7478757577815051
CS2_36,558,CS2_36_12_06_10.xlsx,10,2010-11-30 12:30:12,0.8508204712816037,0.7734731557105488,2.8172621116242755,0.6540811921263944,0.8808075106850184,,,,4623.0,2906.0,2,4,7,285,0.7431951007643777
CS2_36,559,CS2_36_12_06_10.xlsx,11,2010-11-30 15:29:17,0.8494313039387205,0.7722102763079276,2.7903849822946616,0.6640202908760946,0.8841464781609069,,,,4577.0,2958.0,2,4,7,284,0.7419816575078731
CS2_36,560,CS2_36_12_06_10.xlsx,12,2010-11-30 18:28:23,0.8528351167629271,0.7753046516026609,2.7768166431741097,0.6687140553631518,0.8897444006012648,,,,4554.0,2982.0,2,4,7,284,0.7449549016883509
CS2_36,561,CS2_36_12_06_10.xlsx,13,2010-11-30 21:27:42,0.8662613875994758,0.7875103523631598,2.847421262540783,0.626787945787442,0.9014498740136581,0.7901595925579137,2.670556689535221,3.554999999999988,4675.0,2787.0,2,4,7,289,0.7566828032187738
CS2_36,562,CS2_36_12_06_10.xlsx,14,2010-12-01 00:26:31,0.8695861700971559,0.7905328819065053,2.8970798335402095,0.6130405402774339,0.8962892478864753,0.7943855006371776,2.6808882542608066,3.559999999999988,4762.0,2721.0,2,4,7,292,0.7595870140914399
CS2_36,563,CS2_36_12_06_10.xlsx,15,2010-12-01 03:25:53,0.8542253353526146,0.776568486684195,2.916219586050476,0.5919141818591492,0.8773231005550164,0.7703428712603392,2.513073442823131,3.5399999999999885,4795.0,2612.0,2,4,7,292,0.7461692632131635
CS2_36,564,CS2_36_12_06_10.xlsx,16,2010-12-01 06:23:08,0.8433289694194936,0.7666626994722668,2.800792964665283,0.6547455398618237,0.8768328687730028,,,,4597.0,2924.0,2,4,7,284,0.736651243782539
CS2_36,565,CS2_36_12_06_10.xlsx,17,2010-12-01 09:21:42,0.8429753490319598,0.7663412263926906,2.7735884933828454,0.6512263438275206,0.8849467093158079,,,,4548.0,2905.0,2,4,7,282,0.7363423549529724
CS2_36,566,CS2_36_12_06_10.xlsx,18,2010-12-01 12:19:05,0.838306415206107,0.7620967410964609,2.766818042188357,0.6536919161290157,0.8804124711367584,,,,4538.0,2927.0,2,4,7,282,0.7322640224935523
CS2_36,567,CS2_36_12_06_10.xlsx,19,2010-12-01 15:16:25,0.8360323709558717,0.7600294281417015,2.744609109226963,0.6604708695915305,0.8819753751034132,,,,4500.0,2949.0,2,4,7,280,0.7302776357025168
CS2_36,568,CS2_36_12_06_10.xlsx,20,2010-12-01 18:13:21,0.8366796222416255,0.7606178384014777,2.7304060011169518,0.6643930364713561,0.8849667076798364,,,,4476.0,2968.0,2,4,7,280,0.7308430123016613
CS2_36,569,CS2_36_12_06_10.xlsx,21,2010-12-01 21:10:15,0.8530715339916561,0.775519576356051,2.7880185101273804,0.6246159061068701,0.9028856145454293,0.7766321076514693,2.6164219822705452,3.554999999999988,4574.0,2795.0,2,4,7,285,0.74516141308771
CS2_36,570,CS2_36_12_06_10.xlsx,22,2010-12-02 00:06:47,0.856731150737069,0.7788465006700627,2.8501625069577994,0.6107209279182081,0.894748171810798,0.7808020903782702,2.6298636188160422,3.554999999999988,4682.0,2729.0,2,4,7,288,0.7483581030213328
CS2_36,571,CS2_36_12_06_10.xlsx,23,2010-12-02 03:04:13,0.8425417637015933,0.7659470579105393,2.8655757453576096,0.600193733383627,0.8757428438910226,0.7571978357910993,2.4606552698683695,3.5399999999999885,4709.0,2639.0,2,4,7,287,0.7359636164244949
CS2_36,572,CS2_36_12_06_10.xlsx,24,2010-12-02 05:59:51,0.8350516635980476,0.759137875998225,2.755373053342063,0.6561447421273019,0.8803230552125564,,,,4519.0,2938.0,2,4,7,281,0.7294209838843952
CS2_36,573,CS2_36_12_06_10.xlsx,25,2010-12-02 08:56:52,0.8390523880604022,0.7627748982367292,2.7526690329198047,0.6423005668471052,0.8903103211435861,,,,4514.0,2879.0,2,4,7,281,0.7329156327795392
CS2_36,574,CS2_36_12_06_10.xlsx,26,2010-12-02 11:53:03,0.836261211518881,0.7602374650171645,2.7752214391612284,0.632312608749047,0.8835487650189748,,,,4554.0,2833.0,2,4,7,282,0.7304775288539223
CS2_36,575,CS2_36_12_06_10.xlsx,27,2010-12-02 14:48:58,0.8347335838771137,0.7588487126155579,2.7699052718116044,0.6258551512716358,0.8848602847121826,,,,4544.0,2814.0,2,4,7,282,0.7291431399699271
CS2_36,576,CS2_36_12_06_10.xlsx,28,2010-12-02 17:44:19,0.8318691951469965,0.7562447228609058,2.762533276358107,0.6238104810126365,0.8838137428199008,,,,4532.0,2792.0,2,4,7,280,0.7266410849033615
CS2_36,577,CS2_36_12_06_10.xlsx,29,2010-12-02 20:38:56,0.8498816611582605,0.7726196919620549,2.780029946087493,0.6076680856884408,0.9066988280482869,0.7746264540520246,2.6078534109913565,3.559999999999988,4559.0,2725.0,2,4,7,283,0.742375046348943
CS2_36,578,CS2_36_12_06_10.xlsx,30,2010-12-02 23:33:53,0.852345047460048,0.7748591340545891,2.8468666511722462,0.5964744125159888,0.8955564619628921,0.7777485093733806,2.618849584186678,3.559999999999988,4678.0,2676.0,2,4,7,287,0.7445268241828977
CS2_36,579,CS2_36_12_06_10.xlsx,31,2010-12-03 02:30:08,0.8459624537878625,0.769056776170784,2.859852682681284,0.592799837756611,0.886071948823937,0.7664311964341205,2.3183268494590896,3.5499999999999883,4700.0,2657.0,2,4,7,288,0.7389516029612071
CS2_36,580,CS2_36_12_06_10.xlsx,32,2010-12-03 05:26:04,0.8329084776161473,0.7571895251055883,2.8011973597962445,0.6169508096595742,0.8774090795122523,0.7494401960190075,2.4307365559709324,3.5449999999999884,4599.0,2766.0,2,4,7,283,0.7275489023166164
CS2_36,581,CS2_36_12_06_10.xlsx,33,2010-12-03 08:21:26,0.8343870950203254,0.7585337227457503,2.7590351967742563,0.6220966746357399,0.8893138490263452,0.7531501684639759,2.47027479015087,3.5449999999999884,4526.0,2790.0,2,4,7,280,0.7288404805611253
CS2_36,582,CS2_36_12_06_10.xlsx,34,2010-12-03 11:16:03,0.8326567237879807,0.7569606579890733,2.768455177480469,0.6168841285427347,0.8863397296009508,0.7512747007514586,2.4130684519767924,3.5499999999999883,4543.0,2772.0,2,4,7,281,0.7273289943360172
CS2_36,583,CS2_36_12_06_10.xlsx,35,2010-12-03 14:10:35,0.8321631401904028,0.7565119456276389,2.763778901330164,0.6155694480471451,0.8873117227890532,0.7513172201384094,2.4367920645173644,3.5449999999999884,4535.0,2765.0,2,4,7,281,0.726897847080022
CS2_36,584,CS2_36_12_06_10.xlsx,36,2010-12-03 17:04:50,0.8287058363708901,0.7533689421553545,2.760287020766772,0.6120679984369337,0.8848244586801705,,,,4529.0,2755.0,2,4,7,280,0.723877878300186
CS2_36,585,CS2_36_12_06_10.xlsx,37,2010-12-03 19:58:39,0.8432878237617736,0.766625294328885,2.758073980328736,0.6151021363519238,0.9036660448888133,0.7692430511019357,2.594285392109863,3.554999999999988,4523.0,2740.0,2,4,7,281,0.736615302885173
CS2_36,586,CS2_36_12_06_10.xlsx,38,2010-12-03 22:52:53,0.846444449350102,0.7694949539546381,2.8297914872548637,0.5903611770022271,0.8956021203544557,0.7725847528410366,2.5977961685414885,3.559999999999988,4649.0,2643.0,2,4,7,286,0.7393726280217665
CS2_36,587,CS2_36_12_06_10.xlsx,39,2010-12-04 01:47:46,0.8483585514906622,0.7712350468096928,2.8424114030365866,0.5860466298155098,0.8957808541651209,0.7750452434054179,2.6087447828852195,3.559999999999988,4671.0,2626.0,2,4,7,287,0.7410446039335404
CS2_36,588,CS2_36_12_06_10.xlsx,40,2010-12-04 04:42:51,0.8490054151084507,0.771823104644046,2.8509776242225193,0.5840954540469772,0.8948874327210712,0.7759262044400067,2.6122122610074627,3.559999999999988,4686.0,2613.0,2,4,7,288,0.7416096419031594
CS2_36,589,CS2_36_12_06_10.xlsx,41,2010-12-04 07:37:59,0.8493171310287693,0.7721064827534265,2.8550943537241578,0.5805672767788387,0.8951630206400601,0.7765038873411617,2.6139438276269855,3.559999999999988,4693.0,2603.0,2,4,7,288,0.7418819270122166
CS2_36,590,CS2_36_12_06_10.xlsx,42,2010-12-04 10:33:06,0.8493281214394983,0.7721164740359076,2.857300159382991,0.5801298554708054,0.8947883347468713,0.7765673269491387,2.6167048316410817,3.559999999999988,4697.0,2597.0,2,4,7,288,0.7418915271801543
CS2_36,591,CS2_36_12_06_10.xlsx,43,2010-12-04 13:28:11,0.8490033517843472,0.771821228894861,2.857728436400063,0.5790025439143104,0.8946221664043683,0.7759774107046339,2.6133877743141687,3.559999999999988,4698.0,2587.0,2,4,7,288,0.7416078395812632
CS2_36,592,CS2_36_12_06_10.xlsx,44,2010-12-04 16:23:06,0.849844670350052,0.7725860639545926,2.8583457057508275,0.5766439170057458,0.896447864336524,0.7775365210944538,2.6151763181007985,3.564999999999988,4699.0,2581.0,2,4,7,288,0.742342734729322
CS2_36,593,CS2_36_12_06_10.xlsx,45,2010-12-04 19:17:58,0.849913368307611,0.7726485166432827,2.86689980981538,0.5716965327941804,0.8956994232354457,0.777429997590037,2.616405615953899,3.559999999999988,4714.0,2558.0,2,4,7,289,0.7424027426713188
CS2_36,594,CS2_36_12_06_10.xlsx,46,2010-12-04 22:12:43,0.8497359814418814,0.7724872558562558,2.8686601953034585,0.569679570956999,0.8958833145134734,0.7772670092737777,2.6259913722083366,3.564999999999988,4717.0,2548.0,2,4,7,289,0.7422477945312587
CS2_36,595,CS2_36_12_06_10.xlsx,47,2010-12-05 01:07:20,0.8495073490796585,0.7722794082542349,2.868521249411532,0.56738445807117,0.8959930219855549,0.7771265354826324,2.6019373195796613,3.564999999999988,4717.0,2537.0,2,4,7,289,0.7420480832440769
CS2_36,596,CS2_36_12_06_10.xlsx,48,2010-12-05 04:01:47,0.8497221942628741,0.7724747220571582,2.869884403773592,0.5662958875407343,0.8962888761862999,0.7776141057969318,2.6236741128235157,3.564999999999988,4719.0,2531.0,2,4,7,289,0.7422357513749908
CS2_36,597,CS2_36_12_06_10.xlsx,49,2010-12-05 06:56:09,0.8500506743607872,0.7727733403279883,2.8704718727857834,0.5661471861238443,0.8965648571709692,0.7781062979355573,2.631975716958091,3.564999999999988,4720.0,2531.0,2,4,7,289,0.7425226800605451
CS2_36,598,CS2_36_12_06_10.xlsx,50,2010-12-05 09:50:33,0.8494619856054797,0.7722381687322543,2.870947423206116,0.5668673426849912,0.8957007720730982,0.7774514643035896,2.6196578799990937,3.564999999999988,4721.0,2529.0,2,4,7,289,0.7420084580670845
CS2_36,599,CS2_36_12_13_10.xlsx,1,2010-12-06 12:33:56,0.843364177650217,0.7666947069547426,2.8045156675745684,0.6346921817981043,0.8854948053202262,0.7585122209822006,2.4569107859486707,3.5449999999999884,4592.0,2847.0,2,4,7,283,0.7366819983135634
CS2_36,600,CS2_36_12_13_10.xlsx,2,2010-12-06 15:31:07,0.834214466137575,0.7583767873977953,2.8200513979450497,0.6059115234660452,0.8782481765317572,0.7518482436186594,2.4252488806366395,3.5449999999999884,4631.0,2678.0,2,4,7,284,0.7286896885383178
CS2_36,601,CS2_36_12_13_10.xlsx,3,2010-12-06 18:25:38,0.833569751740511,0.7577906834004644,2.767401281648084,0.6147417756575534,0.8878026542455563,0.7553506695851935,2.7002788130672606,3.5349999999999886,4541.0,2722.0,2,4,7,281,0.7281265279216387
CS2_36,602,CS2_36_12_13_10.xlsx,4,2010-12-06 21:19:21,0.8440247449197131,0.7672952226542846,2.803035925086312,0.5862334125538307,0.9012400209092551,0.769609581222637,2.572225271636829,3.554999999999988,4602.0,2583.0,2,4,7,285,0.7372590064780182
CS2_36,603,CS2_36_12_13_10.xlsx,5,2010-12-07 00:12:20,0.8441520275143573,0.7674109341039611,2.839882426229728,0.5787200429616759,0.8937763422772403,0.7699865299138599,2.5785747631230755,3.554999999999988,4666.0,2556.0,2,4,7,287,0.7373701883359366
CS2_36,604,CS2_36_12_13_10.xlsx,6,2010-12-07 03:05:57,0.826772374371207,0.7516112494283699,2.8388510897906927,0.5750829494355926,0.8734292745655561,0.7445660078029005,2.3813531070839007,3.5399999999999885,4665.0,2512.0,2,4,7,285,0.7221889914736689
CS2_36,605,CS2_36_12_13_10.xlsx,7,2010-12-07 05:57:50,0.8189690089266364,0.7445172808423967,2.7366768673220694,0.6073903381073297,0.8817097516930493,0.7373615226569408,2.379334065334921,3.5449999999999884,4489.0,2695.0,2,4,7,278,0.7153727203992986
CS2_36,606,CS2_36_12_13_10.xlsx,8,2010-12-07 08:49:28,0.8185193845166756,0.744108531378796,2.7127809869713597,0.6126995962603131,0.886668962455864,0.7390670668111153,2.4239389152062767,3.5449999999999884,4448.0,2726.0,2,4,7,277,0.714979971670341
CS2_36,607,CS2_36_12_13_10.xlsx,9,2010-12-07 11:40:51,0.8163334555919874,0.7421213232654431,2.7141611559709338,0.6105619456407873,0.8846549096026305,0.7373930637138885,2.415340572286702,3.5449999999999884,4451.0,2718.0,2,4,7,277,0.7130705539702705
CS2_36,608,CS2_36_12_13_10.xlsx,10,2010-12-07 14:32:03,0.8129722581309329,0.7390656892099389,2.703298643684588,0.6102631079007752,0.883371443713316,0.7328973220250257,2.4001840633750837,3.5449999999999884,4433.0,2711.0,2,4,7,275,0.7101345344807598
CS2_36,609,CS2_36_12_13_10.xlsx,11,2010-12-07 17:22:41,0.8103255673047176,0.7366596066406523,2.68998356263122,0.6121603609997968,0.883210663857859,,,,4410.0,2731.0,2,4,7,274,0.7078226394080916
CS2_36,610,CS2_36_12_13_10.xlsx,12,2010-12-07 20:13:06,0.8239472720940277,0.7490429746309343,2.7043402554046714,0.596752462442402,0.9016176122411603,0.750369441720372,2.524896592943258,3.554999999999988,4432.0,2660.0,2,4,7,276,0.7197212532816208
CS2_36,611,CS2_36_12_13_10.xlsx,13,2010-12-07 23:03:25,0.8269436623618613,0.7517669657835102,2.7583064678192706,0.5876811858754828,0.8936491529031033,0.753511036560356,2.526253580950009,3.559999999999988,4528.0,2623.0,2,4,7,280,0.7223386122218419
CS2_36,612,CS2_36_12_13_10.xlsx,14,2010-12-08 01:54:53,0.827760800558643,0.7525098186896754,2.7695624361462796,0.5853127369659991,0.8922271896872151,0.7546544906878484,2.5364602934716194,3.554999999999988,4547.0,2612.0,2,4,7,281,0.7230523857204753
CS2_36,613,CS2_36_12_13_10.xlsx,15,2010-12-08 04:46:32,0.8074805488265717,0.7340732262059743,2.731227489056508,0.6153682062605101,0.8685082060974452,0.726541190743571,2.3588147746778145,3.5399999999999885,4484.0,2746.0,2,4,7,277,0.7053375043344642
CS2_36,614,CS2_36_12_13_10.xlsx,16,2010-12-08 07:38:16,0.805523696638792,0.732294269671629,2.6565958312579623,0.6249390641231688,0.8833439691555061,,,,4354.0,2786.0,2,4,7,272,0.703628186084649
CS2_36,615,CS2_36_12_13_10.xlsx,17,2010-12-08 10:28:23,0.8061369975621826,0.7328518159656204,2.661866347851363,0.6159373654531192,0.8856217018371103,0.7265213685933151,2.35506207791924,3.5449999999999884,4363.0,2745.0,2,4,7,272,0.7041639069058366
CS2_36,616,CS2_36_12_13_10.xlsx,18,2010-12-08 13:18:01,0.8022012356291661,0.7292738505719691,2.6621042984832735,0.6152763784908948,0.8804935833090931,,,,4364.0,2752.0,2,4,7,272,0.7007260030411273
CS2_36,617,CS2_36_12_13_10.xlsx,19,2010-12-08 16:07:34,0.802435818778056,0.7294871079800509,2.6440950922003683,0.6194087589931281,0.8846984832415115,,,,4333.0,2772.0,2,4,7,271,0.7009309123643765
CS2_36,618,CS2_36_12_13_10.xlsx,20,2010-12-08 18:56:57,0.8096686047047363,0.7360623679133966,2.6419740643160203,0.6190734718879048,0.8947407108700164,,,,4330.0,2783.0,2,4,7,272,0.7072487799369437
CS2_36,619,CS2_36_12_13_10.xlsx,21,2010-12-08 21:46:52,0.6882017648916232,0.6256379680832937,2.7021181878712066,,,,,,4433.0,,2,,7,242,0.6011470072345818
CS2_36,620,CS2_36_12_13_10.xlsx,22,2010-12-08 23:45:29,0.8167500752967065,0.7425000684515514,2.745709314596815,0.6126585780992663,0.878492395911621,0.7428485510820609,2.4870488629616134,3.554999999999988,4507.0,2770.0,2,4,7,279,0.713434472956567
CS2_36,621,CS2_36_12_13_10.xlsx,23,2010-12-09 02:38:30,0.8087362240522893,0.7352147491384448,2.725206734241797,0.596227294176813,0.8787944608818331,0.7285237360789554,2.2699900941860958,3.5449999999999884,4473.0,2674.0,2,4,7,277,0.7064343416901743
CS2_36,622,CS2_36_12_13_10.xlsx,24,2010-12-09 05:28:56,0.7975696521307754,0.7250633201188866,2.6565438948564366,0.6209510608998711,0.8748211406513954,,,,4355.0,2787.0,2,4,7,271,0.696680296242841
CS2_36,623,CS2_36_12_13_10.xlsx,25,2010-12-09 08:18:40,0.7917797742010713,0.7197997947282465,2.6131308260737467,0.6310726995151732,0.8773658126238965,,,,4281.0,2833.0,2,4,7,268,0.6916228146040904
CS2_36,624,CS2_36_12_13_10.xlsx,26,2010-12-09 11:07:36,0.798351415022168,0.7257740136565163,2.608975814081422,0.6195698210312666,0.8902720558567726,,,,4273.0,2780.0,2,4,7,269,0.6973631692700581
CS2_36,625,CS2_36_12_13_10.xlsx,27,2010-12-09 13:55:53,0.7949971392591664,0.7227246720537875,2.632382748693058,0.6159056666681605,0.8805003756254586,,,,4314.0,2758.0,2,4,7,269,0.6944331959116122
CS2_36,626,CS2_36_12_13_10.xlsx,28,2010-12-09 16:44:18,0.6581096154322807,0.5982814685748006,2.6096017095565043,,,,,,4275.0,,2,,7,232,0.5748613937537908
CS2_36,627,CS2_36_12_13_10.xlsx,29,2010-12-09 18:38:38,0.795059532581103,0.7227813932555481,2.61111715509305,0.6556060732835668,0.8748945042260634,,,,4277.0,2984.0,2,4,7,268,0.6944876967290572
CS2_36,628,CS2_36_12_13_10.xlsx,30,2010-12-09 21:30:13,0.8051776384829488,0.7319796713481351,2.637391893523242,0.6126714354158532,0.8934493912047793,0.7294788826194686,2.4156882002617635,3.5499999999999883,4323.0,2757.0,2,4,7,271,0.7033259028948536
CS2_36,629,CS2_36_12_13_10.xlsx,31,2010-12-10 00:19:19,0.8129223361292475,0.7390203055720431,2.6716794209395216,0.6031867505651909,0.8963015566587446,0.7375995904465233,2.4469284984467174,3.5499999999999883,4382.0,2710.0,2,4,7,273,0.7100909274116716
CS2_36,630,CS2_36_12_13_10.xlsx,32,2010-12-10 03:09:02,0.6827447847727512,0.6206770770661374,2.7026866406547017,,,,,,4435.0,,2,,7,241,0.5963803131713733
CS2_36,631,CS2_36_12_13_10.xlsx,33,2010-12-10 05:07:24,0.7935175419693898,0.7213795836085362,2.6822202921655087,0.6479339491007865,0.8562159705115258,,,,4399.0,2944.0,2,4,7,272,0.6931407617330954
CS2_36,632,CS2_36_12_13_10.xlsx,34,2010-12-10 08:00:16,0.7968090819117855,0.7243718926470776,2.5926208707935015,0.6446175023217533,0.8847776168398481,,,,4246.0,2901.0,2,4,7,267,0.6960159351001324
CS2_36,633,CS2_36_12_13_10.xlsx,35,2010-12-10 10:50:02,0.7964183901469504,0.7240167183154094,2.6175591751726603,0.6298405445008656,0.8818794467635711,,,,4289.0,2846.0,2,4,7,268,0.6956746642735183
CS2_36,634,CS2_36_12_13_10.xlsx,36,2010-12-10 13:39:36,0.7966596091400007,0.7242360083090914,2.6121033664675726,0.6314179160839485,0.883420129471692,,,,4280.0,2845.0,2,4,7,268,0.6958853700333083
CS2_36,635,CS2_36_12_13_10.xlsx,37,2010-12-10 16:29:00,0.7936316252287483,0.7214832956624984,2.6132630978900644,0.6281377165255204,0.8803280539693529,,,,4282.0,2832.0,2,4,7,268,0.693240413918599
CS2_36,636,CS2_36_12_13_10.xlsx,38,2010-12-10 19:18:03,0.8032935165999469,0.7302668332726789,2.5916836371761027,0.6425051638582819,0.8948438567180537,,,,4245.0,2916.0,2,4,7,268,0.7016801148585353
CS2_36,637,CS2_36_12_13_10.xlsx,39,2010-12-10 22:08:23,0.8074788303998588,0.7340716639998716,2.6603719739482354,0.6113455368306159,0.8903607294493652,0.7315344644021018,2.4106091757001695,3.5499999999999883,4363.0,2751.0,2,4,7,273,0.7053360032818248
CS2_36,638,CS2_36_12_13_10.xlsx,40,2010-12-11 00:58:12,0.8083913971612979,0.7349012701466344,2.675486260075589,0.6066141372270234,0.8887474974768512,0.732587417509475,2.4250759582449337,3.554999999999988,4389.0,2726.0,2,4,7,274,0.7061331340151749
CS2_36,639,CS2_36_12_13_10.xlsx,41,2010-12-11 03:48:03,0.8096364435745258,0.7360331305222961,2.6808641680161176,0.6045588063630893,0.8895294681364182,0.7340065904827101,2.4393216896885304,3.5499999999999883,4398.0,2717.0,2,4,7,274,0.7072206870604624
CS2_36,640,CS2_36_12_13_10.xlsx,42,2010-12-11 06:37:59,0.8096713076085038,0.7360648250986398,2.6872847943794356,0.6018737539377733,0.8884517053307334,0.7341571935053064,2.4261868980115358,3.554999999999988,4409.0,2697.0,2,4,7,274,0.7072511409342465
CS2_36,641,CS2_36_12_13_10.xlsx,43,2010-12-11 09:27:45,0.8110111230822099,0.7372828391656453,2.688433484669741,0.6005370132840052,0.8905031731124354,0.7355591298818144,2.430024366895197,3.554999999999988,4411.0,2690.0,2,4,7,274,0.7084214751346998
CS2_36,642,CS2_36_12_13_10.xlsx,44,2010-12-11 12:17:32,0.8115937963002366,0.7378125420911241,2.6953227535738202,0.5977259216461117,0.890289445136899,0.7364297958012986,2.4362780935419845,3.554999999999988,4423.0,2673.0,2,4,7,275,0.7089304425321717
CS2_36,643,CS2_36_12_13_10.xlsx,45,2010-12-11 15:07:15,0.8126563990004954,0.7387785445459049,2.7000037215438284,0.5961312469018514,0.8904377420998851,0.7378029392953553,2.4405106537945773,3.554999999999988,4431.0,2662.0,2,4,7,275,0.7098586302610139
CS2_36,644,CS2_36_12_13_10.xlsx,46,2010-12-11 17:56:59,0.8121128160065609,0.7382843781877826,2.7040606011573436,0.5930709667712314,0.8897084400206755,0.737006080817108,2.4388172758250968,3.554999999999988,4438.0,2654.0,2,4,7,275,0.7093838083313742
CS2_36,645,CS2_36_12_13_10.xlsx,47,2010-12-11 20:46:41,0.8120803106799457,0.7382548278908596,2.705136542272133,0.5917333533246294,0.8898344073144039,0.7370613592053069,2.4330002887693456,3.554999999999988,4440.0,2637.0,2,4,7,275,0.7093554147979502
CS2_36,646,CS2_36_12_13_10.xlsx,48,2010-12-11 23:36:07,0.8124109133856336,0.7385553758051214,2.7055984922381997,0.5891264178297345,0.8908290111562424,0.7373809103492347,2.428058015931652,3.554999999999988,4441.0,2633.0,2,4,7,275,0.7096441975899258
CS2_36,647,CS2_36_12_13_10.xlsx,49,2010-12-12 02:25:31,0.8132175226786131,0.7392886569805573,2.7085834748859683,0.5875146625471449,0.8916454713910976,0.7386983777617255,2.4404733294412915,3.559999999999988,4446.0,2624.0,2,4,7,276,0.7103487740487766
CS2_36,648,CS2_36_12_13_10.xlsx,50,2010-12-12 05:14:54,0.8137068981143472,0.7397335437403155,2.7150209693429246,0.5850433015791211,0.8910302640425372,0.739180553484243,2.442107490169306,3.554999999999988,4457.0,2612.0,2,4,7,276,0.7107762454584902
CS2_36,649,CS2_36_12_20_10.xlsx,1,2010-12-13 12:36:53,0.795731747169535,0.72339249742685,2.6096729931436897,0.6865713110617092,0.8661997345086705,,,,4260.0,3095.0,2,4,7,267,0.6950748788734084
CS2_36,650,CS2_36_12_20_10.xlsx,2,2010-12-13 15:30:04,0.7848873172419809,0.7135339247654371,2.59350473829863,0.656442211843535,0.8649241487202083,,,,4246.0,2920.0,2,4,7,266,0.6856022257523562
CS2_36,651,CS2_36_12_20_10.xlsx,3,2010-12-13 18:19:31,0.7797806320949778,0.708891483722707,2.5417504417474004,0.6573433584682281,0.8718418080374084,,,,4158.0,2911.0,2,4,7,263,0.6811415157547676
CS2_36,652,CS2_36_12_20_10.xlsx,4,2010-12-13 21:07:02,0.7940908531751734,0.721900775613794,2.5581218475176253,0.6305533645664139,0.8954086783707855,,,,4186.0,2789.0,2,4,7,265,0.6936415513752509
CS2_36,653,CS2_36_12_20_10.xlsx,5,2010-12-13 23:53:47,0.7955121132343601,0.7231928302130546,2.6117734236332035,0.6217251265207077,0.8853509020815247,,,,4279.0,2756.0,2,4,7,268,0.694883027748414
CS2_36,654,CS2_36_12_20_10.xlsx,6,2010-12-14 02:41:37,0.7873353486169172,0.7157594078335611,2.6226410222254515,0.6136851171231941,0.8749210448370428,0.701768326807741,2.1804698015672663,3.5349999999999886,4298.0,2731.0,2,4,7,268,0.687740590996001
CS2_36,655,CS2_36_12_20_10.xlsx,7,2010-12-14 05:28:54,0.7747036944647627,0.7042760858770569,2.5544452670635294,0.6415542938959777,0.8683796500045659,,,,4181.0,2843.0,2,4,7,263,0.6767067903326364
CS2_36,656,CS2_36_12_20_10.xlsx,8,2010-12-14 08:15:24,0.7757366687121348,0.7052151533746679,2.518718065961205,0.6399059337292851,0.8802290351479645,,,,4120.0,2849.0,2,4,7,261,0.6776090974888173
CS2_36,657,CS2_36_12_20_10.xlsx,9,2010-12-14 11:01:03,0.7744243900479075,0.704022172770825,2.5209137792977785,0.6413352052251222,0.878005494750274,,,,4125.0,2868.0,2,4,7,261,0.676462816802103
CS2_36,658,CS2_36_12_20_10.xlsx,10,2010-12-14 13:47:02,0.7744288015899556,0.704026183263596,2.5252776910867287,0.6338477360162704,0.8794897345792231,,,,4132.0,2836.0,2,4,7,261,0.6764666703018102
CS2_36,659,CS2_36_12_20_10.xlsx,11,2010-12-14 16:32:36,0.7733557389034589,0.7030506717304171,2.521636197519879,0.6345258620283055,0.8787768635161801,,,,4126.0,2840.0,2,4,7,261,0.6755293457329546
CS2_36,660,CS2_36_12_20_10.xlsx,12,2010-12-14 19:18:05,0.7818650011171684,0.7107863646519712,2.5160828611940174,0.6376679143208157,0.8909615272907819,,,,4117.0,2880.0,2,4,7,262,0.6829622204718786
CS2_36,661,CS2_36_12_20_10.xlsx,13,2010-12-14 22:04:33,0.7858483611722153,0.7144076010656503,2.5690876398296414,0.6182855650055786,0.8871404468207756,,,,4208.0,2769.0,2,4,7,265,0.6864417014874589
CS2_36,662,CS2_36_12_20_10.xlsx,14,2010-12-15 00:50:55,0.7868879089960839,0.7153526445418944,2.5841006287556834,0.6149217225579321,0.8857041380967258,,,,4234.0,2759.0,2,4,7,266,0.6873497506891261
CS2_36,663,CS2_36_12_20_10.xlsx,15,2010-12-15 03:37:34,0.7707149678457075,0.700649970768825,2.5898861047319017,0.603908393356827,0.865514623161042,,,,4244.0,2722.0,2,4,7,265,0.6732226216018288
CS2_36,664,CS2_36_12_20_10.xlsx,16,2010-12-15 06:22:54,0.7669988720153036,0.6972717018320941,2.5018362831891188,0.6392304429292545,0.8754605021736618,,,,4093.0,2872.0,2,4,7,259,0.6699765969604999
CS2_36,665,CS2_36_12_20_10.xlsx,17,2010-12-15 09:08:00,0.7674372829362817,0.6976702572148015,2.488868855671571,0.6394585430102537,0.8798316414669907,,,,4071.0,2874.0,2,4,7,258,0.6703595506617687
CS2_36,666,CS2_36_12_20_10.xlsx,18,2010-12-15 11:52:49,0.768817226432251,0.6989247513020463,2.4980692956455974,0.6326523298544132,0.8811985018716835,,,,4087.0,2845.0,2,4,7,259,0.6715649368509271
CS2_36,667,CS2_36_12_20_10.xlsx,19,2010-12-15 14:37:28,0.766992951101594,0.6972663191832672,2.504507767448524,0.6295540103784212,0.877754102876808,,,,4098.0,2826.0,2,4,7,259,0.6699714250185809
CS2_36,668,CS2_36_12_20_10.xlsx,20,2010-12-15 17:21:55,0.7663931578654655,0.6967210526049685,2.493931845461105,0.6332457989560274,0.8790881219431529,,,,4080.0,2840.0,2,4,7,258,0.6694475032164986
CS2_36,669,CS2_36_12_20_10.xlsx,21,2010-12-15 20:06:15,0.775657069385506,0.70514279035046,2.4992277516285504,0.6305825191372866,0.8911153610736595,,,,4088.0,2824.0,2,4,7,260,0.6775395671571299
CS2_36,670,CS2_36_12_20_10.xlsx,22,2010-12-15 22:50:58,0.7778457932130429,0.7071325392845844,2.5423706601632654,0.6184408086926737,0.8853074863520894,,,,4163.0,2780.0,2,4,7,262,0.6794514262160704
CS2_36,671,CS2_36_12_20_10.xlsx,23,2010-12-16 01:36:18,0.7783936724722587,0.7076306113384169,2.5504338309900505,0.6167406471369926,0.8843615897721667,,,,4177.0,2769.0,2,4,7,263,0.6799300009506982
CS2_36,672,CS2_36_12_20_10.xlsx,24,2010-12-16 04:21:43,0.7596395172379751,0.69058137930725,2.5239038039962103,0.6354859182320775,0.861278836844717,,,,4135.0,2863.0,2,4,7,259,0.663548170988263
CS2_36,673,CS2_36_12_20_10.xlsx,25,2010-12-16 07:06:59,0.7569829571716014,0.6881663247014557,2.4539961032966153,0.6447087332576531,0.8744639839100002,,,,4012.0,2899.0,2,4,7,255,0.661227655094656
CS2_36,674,CS2_36_12_20_10.xlsx,26,2010-12-16 09:50:38,0.7592501165088308,0.6902273786443915,2.4518447864437487,0.6394455903295608,0.8800148588874555,,,,4008.0,2875.0,2,4,7,255,0.6632080278865131
CS2_36,675,CS2_36_12_20_10.xlsx,27,2010-12-16 12:33:57,0.7581119167265342,0.6891926515695765,2.45769893152937,0.6404299017203866,0.8767411942767316,,,,4019.0,2885.0,2,4,7,255,0.662213805802717
CS2_36,676,CS2_36_12_20_10.xlsx,28,2010-12-16 15:17:36,0.7553499098978236,0.6866817362707487,2.4512526536165113,0.6431004073049498,0.8740339146704981,,,,4008.0,2893.0,2,4,7,255,0.6598011817384613
CS2_36,677,CS2_36_12_20_10.xlsx,29,2010-12-16 18:01:00,0.7561630869795763,0.6874209881632511,2.4409586344179557,0.6444880510766976,0.8779751786908917,,,,3990.0,2903.0,2,4,7,254,0.6605114951871988
CS2_36,678,CS2_36_12_20_10.xlsx,30,2010-12-16 20:44:20,0.7715752099753068,0.7014320090684607,2.476943537886963,0.6171489280212511,0.8968485812255741,,,,4050.0,2773.0,2,4,7,258,0.6739740465589955
CS2_36,679,CS2_36_12_20_10.xlsx,31,2010-12-16 23:27:20,0.6450191477965497,0.5863810434514087,2.532666870301888,,,,,,4147.0,,2,,7,227,0.5634268176687379
CS2_36,680,CS2_36_12_20_10.xlsx,32,2010-12-17 01:18:49,0.6428034853065334,0.5843668048241213,2.5771327329778075,,,,,,4222.0,,2,,7,230,0.5614914275798663
CS2_36,681,CS2_36_12_20_10.xlsx,33,2010-12-17 03:11:26,0.7627273002790211,0.69338845479911,2.5828585909174135,0.6289163666943713,0.8529041628526498,,,,4232.0,2839.0,2,4,7,263,0.6662453618831554
CS2_36,682,CS2_36_12_20_10.xlsx,34,2010-12-17 05:58:04,0.760544243205139,0.6914038574592173,2.4889747448139468,0.6247019940752002,0.8765119711830821,,,,4072.0,2812.0,2,4,7,257,0.6643384527563049
CS2_36,683,CS2_36_12_20_10.xlsx,35,2010-12-17 08:41:28,0.7615494690515376,0.6923176991377614,2.474752302508757,0.6282224932342362,0.8808423683326502,,,,4048.0,2822.0,2,4,7,257,0.665216521572726
CS2_36,684,CS2_36_12_20_10.xlsx,36,2010-12-17 11:24:43,0.7648403935742998,0.6953094487039089,2.4895254791294605,0.6190634975512165,0.8841109909474133,,,,4073.0,2785.0,2,4,7,258,0.66809115736824
CS2_36,685,CS2_36_12_20_10.xlsx,37,2010-12-17 14:07:55,0.7655954525356066,0.6959958659414605,2.503341867333891,0.6133506586844313,0.882949304677566,,,,4097.0,2754.0,2,4,7,259,0.668750704405215
CS2_36,686,CS2_36_12_20_10.xlsx,38,2010-12-17 16:51:04,0.7642693837086192,0.6947903488260174,2.506778383051862,0.6112850310930906,0.8805973937877015,,,,4103.0,2744.0,2,4,7,259,0.6675923779559126
CS2_36,687,CS2_36_12_20_10.xlsx,39,2010-12-17 19:34:05,0.7751912414721787,0.7047193104292533,2.5047970391424577,0.6135560191410431,0.8958482684211615,0.6994031849088318,2.3191303618621535,3.5499999999999883,4099.0,2755.0,2,4,7,260,0.6771326646028664
CS2_36,688,CS2_36_12_20_10.xlsx,40,2010-12-17 22:17:47,0.7785819468359065,0.7078017698508241,2.5622296542439935,0.5944540360485532,0.8896060991461089,0.7035270685489248,2.3298661753421985,3.5499999999999883,4198.0,2660.0,2,4,7,263,0.6800944593639424
CS2_36,689,CS2_36_12_20_10.xlsx,41,2010-12-18 01:01:44,0.7800932656868902,0.709175696078991,2.577274217542652,0.5901269936058285,0.8883274730172296,0.7054644502437377,2.339512729551335,3.5499999999999883,4224.0,2636.0,2,4,7,265,0.6814146024536497
CS2_36,690,CS2_36_12_20_10.xlsx,42,2010-12-18 03:45:48,0.7812783344153189,0.7102530312866535,2.5849837090660497,0.5870809346413727,0.8886585597375072,0.7067498496189806,2.342656623413802,3.5499999999999883,4237.0,2620.0,2,4,7,266,0.6824497647502392
CS2_36,691,CS2_36_12_20_10.xlsx,43,2010-12-18 06:29:53,0.7816114180705114,0.7105558346095557,2.5908385416488757,0.5849964263444813,0.8883987500511491,0.7072226532014073,2.3356873955134527,3.5499999999999883,4247.0,2607.0,2,4,7,266,0.682740714661577
CS2_36,692,CS2_36_12_20_10.xlsx,44,2010-12-18 09:13:57,0.7817125714690718,0.7106477922446107,2.5942226444435166,0.5818835803134503,0.8880367985453197,0.7073105652369007,2.342356367968773,3.5499999999999883,4253.0,2589.0,2,4,7,266,0.6828290725617138
CS2_36,693,CS2_36_12_20_10.xlsx,45,2010-12-18 11:57:49,0.7822794204147456,0.7111631094679505,2.5954389433770655,0.582300330327773,0.8885037193225033,0.708150254479348,2.332366817734105,3.5499999999999883,4255.0,2587.0,2,4,7,266,0.6833242173936942
CS2_36,694,CS2_36_12_20_10.xlsx,46,2010-12-18 14:41:42,0.7826685538602334,0.7115168671456666,2.598837432906142,0.580462367706357,0.888531312999997,0.7086467542647891,2.3430459125131917,3.5499999999999883,4261.0,2578.0,2,4,7,266,0.683664127022096
CS2_36,695,CS2_36_12_20_10.xlsx,47,2010-12-18 17:25:34,0.7829099099805248,0.711736281800477,2.6017298968320413,0.5782657824575194,0.8890342170221094,0.70873641866818,2.3466607741574443,3.554999999999988,4266.0,2569.0,2,4,7,267,0.6838749525630823
CS2_36,696,CS2_36_12_20_10.xlsx,48,2010-12-18 20:09:22,0.7829607497436584,0.7117824997669621,2.602814410989242,0.5781474533287387,0.8889166531220193,0.708891878364902,2.337220432765963,3.554999999999988,4268.0,2567.0,2,4,7,267,0.6839193613004837
CS2_36,697,CS2_36_12_20_10.xlsx,49,2010-12-18 22:53:10,0.7827025339535751,0.7115477581396137,2.604124554734134,0.5748669547933812,0.8889500220816592,0.7084849668284873,2.3403454283783596,3.554999999999988,4270.0,2553.0,2,4,7,267,0.6836938087701822
CS2_36,698,CS2_36_12_20_10.xlsx,50,2010-12-19 01:36:47,0.7824564279986248,0.7113240254532952,2.6052378411094743,0.5746848324824186,0.8884173862785077,0.7079748067970886,2.327018318709017,3.554999999999988,4272.0,2546.0,2,4,7,267,0.6834788342295338
CS2_36,699,CS2_36_12_23_10.xlsx,1,2010-12-20 12:10:10,0.78595966922425,0.7145087902038636,2.561506427706899,0.6205699612675334,0.8904416546955357,0.6993352584241591,2.2058234406084036,3.5349999999999886,4184.0,2775.0,2,4,7,264,0.6865389295182127
CS2_36,700,CS2_36_12_23_10.xlsx,2,2010-12-20 14:56:13,0.776537715179552,0.7059433774359563,2.606102933152386,0.5994930773470989,0.8720086687994941,0.6913556718551727,2.198473217087629,3.5349999999999886,4271.0,2638.0,2,4,7,266,0.6783088147971847
CS2_36,701,CS2_36_12_23_10.xlsx,3,2010-12-20 17:40:55,0.7694554665575999,0.699504969597818,2.5565260248465123,0.6018932144880669,0.8758370524542537,0.6837356569503081,2.1857861769071416,3.5299999999999887,4187.0,2645.0,2,4,7,262,0.6721224421652456
CS2_36,702,CS2_36_12_23_10.xlsx,4,2010-12-20 20:23:57,0.7828117195445561,0.7116470177677782,2.5471182483245913,0.5915931779631828,0.8996713801616752,0.7058310170408695,2.323369700035832,3.5449999999999884,4169.0,2594.0,2,4,7,263,0.6837891828226763
CS2_36,703,CS2_36_12_23_10.xlsx,5,2010-12-20 23:06:34,0.7832578202684433,0.7120525638804029,2.5961185658751544,0.5859049305727715,0.8883727211427441,0.7065784464465522,2.3175024521958902,3.5449999999999884,4256.0,2577.0,2,4,7,266,0.6841788535976884
CS2_36,704,CS2_36_12_23_10.xlsx,6,2010-12-21 01:50:21,0.7827010401162755,0.7115464001057049,2.6001336912597344,0.5817253929882285,0.887829547675367,0.7065910710003995,2.323896359551813,3.5499999999999883,4263.0,2560.0,2,4,7,267,0.6836925038972979
CS2_36,705,CS2_36_12_23_10.xlsx,7,2010-12-21 04:33:57,0.7658840521799082,0.6962582292544619,2.57329435007458,0.6008258858213883,0.8676511986491776,0.681784692534006,2.165731596959493,3.5349999999999886,4219.0,2653.0,2,4,7,263,0.6690027973542766
CS2_36,706,CS2_36_12_23_10.xlsx,8,2010-12-21 07:17:27,0.7576467460568193,0.6887697691425629,2.5055322648754585,0.609063706135941,0.8731084400733738,,,,4101.0,2695.0,2,4,7,258,0.6618074773533902
CS2_36,707,CS2_36_12_23_10.xlsx,9,2010-12-21 09:59:14,0.758934505779477,0.6899404597995245,2.47750328026687,0.6099381190999089,0.8828521380871011,,,,4053.0,2696.0,2,4,7,257,0.662932340646112
CS2_36,708,CS2_36_12_23_10.xlsx,10,2010-12-21 12:40:18,0.7545556472983996,0.6859596793621814,2.486094225890142,0.6053587745008853,0.8759884143387661,,,,4068.0,2682.0,2,4,7,257,0.6591073901660475
CS2_36,709,CS2_36_12_23_10.xlsx,11,2010-12-21 15:21:10,0.7536396174899123,0.6851269249908293,2.467902253139865,0.6048395172156179,0.8801955071127097,,,,4037.0,2680.0,2,4,7,256,0.6583072344471842
CS2_36,710,CS2_36_12_23_10.xlsx,12,2010-12-21 18:01:26,0.7518860096344895,0.683532736031354,2.459479539973703,0.6105418902971353,0.8789444638277825,,,,4023.0,2708.0,2,4,7,256,0.6567754509384388
CS2_36,711,CS2_36_12_23_10.xlsx,13,2010-12-21 20:41:50,0.7689965313277867,0.6990877557525332,2.482844415568729,0.5884692089153012,0.9025628996498017,0.6927367034266514,2.2902073291819747,3.5449999999999884,4061.0,2602.0,2,4,7,258,0.6717215603977306
CS2_36,712,CS2_36_12_23_10.xlsx,14,2010-12-21 23:22:01,0.7703386797585896,0.7003078906896268,2.5430778226422586,0.5843893067850362,0.8885680935886578,0.694613509757508,2.2861192354530866,3.5499999999999883,4167.0,2588.0,2,4,7,262,0.6728939324455832
CS2_36,713,CS2_36_12_23_10.xlsx,15,2010-12-22 02:03:49,0.7705397514476076,0.7004906831341886,2.550227220818436,0.5815319599750698,0.8876023748401247,0.694963591288509,2.2912047523742083,3.5499999999999883,4179.0,2577.0,2,4,7,263,0.6730695693739653
CS2_36,714,CS2_36_12_23_10.xlsx,16,2010-12-22 04:45:38,0.7522074148168745,0.683824922560795,2.5230293787204046,0.603385348812495,0.8643933992869035,0.6682271893588341,2.1307633429790096,3.5349999999999886,4134.0,2682.0,2,4,7,259,0.6570561996568482
CS2_36,715,CS2_36_12_23_10.xlsx,17,2010-12-22 07:27:26,0.745839888394439,0.6780362621767627,2.45196382030632,0.6093802109398937,0.8742353443812738,,,,4011.0,2708.0,2,4,7,254,0.6514941397383635
CS2_36,716,CS2_36_12_23_10.xlsx,18,2010-12-22 10:07:18,0.7458472564295882,0.6780429603905347,2.4281194649537854,0.611012537860664,0.8807001739827077,,,,3971.0,2711.0,2,4,7,253,0.6515005757466753
CS2_36,717,CS2_36_12_23_10.xlsx,19,2010-12-22 12:46:33,0.7415398588743916,0.674127144431265,2.4290960882955823,0.6116223509437839,0.8749322335618966,,,,3973.0,2710.0,2,4,7,252,0.64773804667254
CS2_36,718,CS2_36_12_23_10.xlsx,20,2010-12-22 15:25:34,0.7390798135311325,0.6718907395737568,2.4093650275499545,0.6138189020650862,0.8765385445787713,,,,3939.0,2727.0,2,4,7,251,0.6455891871792859
CS2_36,719,CS2_36_12_23_10.xlsx,21,2010-12-22 18:04:09,0.7383331305191856,0.6712119368356232,2.397389342661254,0.6163406831751087,0.8782677539217267,,,,3919.0,2743.0,2,4,7,250,0.6449369565677363
CS2_36,720,CS2_36_12_23_10.xlsx,22,2010-12-22 20:42:40,0.7555915329627965,0.6869013936025422,2.4247101295072997,0.5935650524470827,0.9013463993448351,0.6790108377315623,2.224294813597713,3.5449999999999884,3964.0,2633.0,2,4,7,254,0.6600122404566994
CS2_36,721,CS2_36_12_23_10.xlsx,23,2010-12-22 23:21:00,0.757133797545471,0.6883034523140645,2.487262264609039,0.5881203584777135,0.8868131217235293,0.6806686678015668,2.226624013837711,3.5499999999999883,4073.0,2608.0,2,4,7,257,0.661359414767397
CS2_36,722,CS2_36_12_23_10.xlsx,24,2010-12-23 02:00:50,0.7570925886944302,0.6882659897222092,2.490728474207781,0.5886086528428611,0.8857105338959708,0.6807486705559018,2.2328893612225986,3.5449999999999884,4079.0,2613.0,2,4,7,257,0.6613234186704112
CS2_36,723,CS2_36_12_23_10.xlsx,25,2010-12-23 04:40:53,0.7378755053580655,0.6707959139618777,2.464387453512711,0.6096583906564204,0.8612100590104452,,,,4036.0,2711.0,2,4,7,254,0.6445372191504893
CS2_36,724,CS2_36_12_23_10.xlsx,26,2010-12-23 07:20:45,0.7304538479905496,0.6640489527186814,2.3899708653353366,0.6163067416926895,0.8704595230515317,,,,3907.0,2740.0,2,4,7,249,0.6380543716153552
CS2_36,725,CS2_36_12_23_10.xlsx,27,2010-12-23 09:58:33,0.7271144926525395,0.6610131751386722,2.3594352609998306,0.620228289611535,0.8737436759613302,,,,3855.0,2758.0,2,4,7,247,0.6351374313080984
CS2_36,726,CS2_36_12_23_10.xlsx,28,2010-12-23 12:35:37,,,0.15748587872094139,,,,,,270.0,,2,,,14,
CS2_36,727,CS2_36_1_10_11.xlsx,1,2011-01-03 10:38:25,0.7491565870911311,0.6810514428101191,2.1887207390177226,0.6302938232705128,0.9605421436900398,0.6684005843906883,2.068396460572208,3.5299999999999887,3560.0,2894.0,2,4,7,238,0.6543912893783811
CS2_36,728,CS2_36_1_10_11.xlsx,2,2011-01-03 13:14:02,0.7331979137024869,0.6665435579113517,2.473057490591299,0.5892724828088063,0.8629177015510001,0.6445596538221,1.843397634462202,3.519999999999989,4053.0,2650.0,2,4,7,254,0.6404513240420114
CS2_36,729,CS2_36_1_10_11.xlsx,3,2011-01-03 15:52:56,0.6951974197578319,0.6319976543253016,2.3304729861096862,0.643747910265364,0.8333250631164102,,,,3810.0,2883.0,2,4,7,241,0.6072577398728941
CS2_36,730,CS2_36_1_10_11.xlsx,4,2011-01-03 18:29:35,0.6833738045737721,0.6212489132488836,2.1767793409526854,0.6651686943865925,0.8547984802609373,,,,3549.0,2993.0,2,4,7,232,0.5969297644953386
CS2_36,731,CS2_36_1_10_11.xlsx,5,2011-01-03 21:03:04,0.7075062200559699,0.6431874727781544,2.1858699793176837,0.6286135631182116,0.9003561645804361,,,,3563.0,2799.0,2,4,7,235,0.6180095263973576
CS2_36,732,CS2_36_1_10_11.xlsx,6,2011-01-03 23:34:53,0.7104221009186942,0.6458382735624492,2.276456010803465,0.6184219547382841,0.8803202852727485,0.6254753357389509,2.0167488655944075,3.524999999999989,3718.0,2755.0,2,4,7,240,0.6205565600486813
CS2_36,733,CS2_36_1_10_11.xlsx,7,2011-01-04 02:08:42,0.7104485468583883,0.6458623153258075,2.2880938594336344,0.6156115040531962,0.8774864294876372,0.6261896879725999,2.019178975270934,3.524999999999989,3738.0,2747.0,2,4,7,241,0.6205796606832795
CS2_36,734,CS2_36_1_10_11.xlsx,8,2011-01-04 04:42:43,0.6731725255869909,0.6119750232609008,2.22846602225507,0.6564955593446408,0.8295260897032629,,,,3641.0,2957.0,2,4,7,234,0.5880189063056125
CS2_36,735,CS2_36_1_10_11.xlsx,9,2011-01-04 07:16:32,0.6590181776391537,0.5991074342174124,2.0711230212872125,0.6837340885953581,0.8471843452718514,,,,3371.0,3063.0,2,4,7,223,0.5756550264926346
CS2_36,736,CS2_36_1_10_11.xlsx,10,2011-01-04 09:46:47,0.651425562444099,0.5922050567673627,2.00933326153353,0.6908158171428891,0.8531763197685487,,,,3267.0,3111.0,2,4,7,219,0.5690228466081355
CS2_36,737,CS2_36_1_10_11.xlsx,11,2011-01-04 12:15:40,0.6422941992996014,0.5839038175450921,1.9653828136046496,0.7049372681092334,0.8497774239277781,,,,3194.0,3179.0,2,4,7,216,0.5610465642061988
CS2_36,738,CS2_36_1_10_11.xlsx,12,2011-01-04 14:43:56,0.5007457215622679,0.45522338323842537,1.9309843776964004,,,,,,3136.0,,2,,7,177,0.43740340007713135
CS2_36,739,CS2_36_1_10_11.xlsx,13,2011-01-04 16:10:34,0.6359064833841419,0.5780968030764926,1.9842731647237457,0.7431313827351801,0.8232085658243967,,,,3224.0,3399.0,2,4,7,216,0.5554668686844242
CS2_36,740,CS2_36_1_10_11.xlsx,14,2011-01-04 18:42:40,0.6351602178634312,0.5774183798758465,1.8952891838276251,0.7195221586920324,0.8559294081642257,,,,3077.0,3263.0,2,4,7,211,0.5548150027531471
CS2_36,741,CS2_36_1_10_11.xlsx,15,2011-01-04 21:09:57,0.656963963864241,0.59723996714931,1.9404508978978268,0.6803650154748876,0.8904935407774147,,,,3152.0,3066.0,2,4,7,216,0.5738606625052024
CS2_36,742,CS2_36_1_10_11.xlsx,16,2011-01-04 23:36:32,0.6631537808653096,0.6028670735139178,2.033316490209482,0.6657381323083078,0.874698562384245,,,,3309.0,2997.0,2,4,7,222,0.5792674925299817
CS2_36,743,CS2_36_1_10_11.xlsx,17,2011-01-05 02:04:57,0.6666839294764557,0.6060762995240506,2.0647170992533277,0.6585658661591137,0.8721742952419943,,,,3362.0,2967.0,2,4,7,224,0.5823510915280429
CS2_36,744,CS2_36_1_10_11.xlsx,18,2011-01-05 04:33:58,0.6338964461392926,0.5762694964902659,2.0306911098625977,0.6882509288552434,0.8231959719012562,,,,3309.0,3128.0,2,4,7,219,0.5537110930735297
CS2_36,745,CS2_36_1_10_11.xlsx,19,2011-01-05 07:02:50,0.6253470900463682,0.5684973545876074,1.878844143685385,0.7203932392325895,0.8475237594222093,,,,3050.0,3252.0,2,4,7,209,0.5462431961699907
CS2_36,746,CS2_36_1_10_11.xlsx,20,2011-01-05 09:28:57,0.6238615466678343,0.567146860607122,1.8496399810326076,0.7202093318259296,0.8555745461561538,,,,3001.0,3239.0,2,4,7,207,0.5449455680590494
CS2_36,747,CS2_36_1_10_11.xlsx,21,2011-01-05 11:53:57,0.6173900877644112,0.5612637161494647,1.8387030556377304,0.723568233675557,0.8480822084034414,,,,2983.0,3256.0,2,4,7,206,0.5392927227007597
CS2_36,748,CS2_36_1_10_11.xlsx,22,2011-01-05 14:18:35,0.614921330051299,0.5590193909557263,1.8093337631511135,0.7281527502719226,0.8523728003990064,,,,2934.0,3275.0,2,4,7,204,0.5371362529174275
CS2_36,749,CS2_36_1_10_11.xlsx,23,2011-01-05 16:42:34,0.6073307148387599,0.5521188316715998,1.7943455386413534,0.7298280267751328,0.8443245268896719,,,,2909.0,3272.0,2,4,7,202,0.5305058200256929
CS2_36,750,CS2_36_1_10_11.xlsx,24,2011-01-05 19:05:40,0.6196702539735046,0.5633365945213678,1.7580081695209282,0.7387604390579902,0.8739639478015381,,,,2848.0,3322.0,2,4,7,201,0.5412844570474593
CS2_36,751,CS2_36_1_10_11.xlsx,25,2011-01-05 21:29:14,0.6353082057133594,0.5775529142848722,1.8588889302969043,0.6983951315637255,0.8799171492908483,,,,3017.0,3141.0,2,4,7,209,0.5549442707347622
CS2_36,752,CS2_36_1_10_11.xlsx,26,2011-01-05 23:53:34,0.6399937024760192,0.581812456796381,1.9275922199512727,0.6858275559276694,0.8685122267150137,,,,3132.0,3090.0,2,4,7,213,0.5590370709860427
CS2_36,753,CS2_36_1_10_11.xlsx,27,2011-01-06 02:19:14,0.6434961847920455,0.5849965316291322,1.9526359815421561,0.6774505648025444,0.8683198668972211,,,,3174.0,3054.0,2,4,7,215,0.5620965033641374
CS2_36,754,CS2_36_1_10_11.xlsx,28,2011-01-06 04:45:12,0.6118719385020377,0.5562472168200342,1.9100709430164027,0.7159229729396959,0.8195753610589467,,,,3106.0,3244.0,2,4,7,209,0.5344725971448888
CS2_36,755,CS2_36_1_10_11.xlsx,29,2011-01-06 07:11:23,0.6003409751854321,0.5457645228958473,1.7704648981376536,0.7413101733327231,0.8385295211249876,,,,2869.0,3330.0,2,4,7,200,0.5244002543496029
CS2_36,756,CS2_36_1_10_11.xlsx,30,2011-01-06 09:34:23,0.6040536094559599,0.5491396449599635,1.7347212203130125,0.7369524316122217,0.858152561340459,,,,2809.0,3305.0,2,4,7,198,0.5276432553044693
CS2_36,757,CS2_36_1_10_11.xlsx,31,2011-01-06 11:56:10,0.600787187898419,0.5461701708167445,1.7484505090195053,0.7351869759354221,0.8488716036003591,,,,2833.0,3302.0,2,4,7,199,0.5247900229475436
CS2_36,758,CS2_36_1_10_11.xlsx,32,2011-01-06 14:18:07,0.5991067321306183,0.5446424837551075,1.7327847112848056,0.7374232389117633,0.8512934816520297,,,,2807.0,3309.0,2,4,7,198,0.5233221380813045
CS2_36,759,CS2_36_1_10_11.xlsx,33,2011-01-06 16:39:40,0.5923306394695587,0.5384823995177805,1.7249532287515543,0.7368644117407118,0.8425439682342819,,,,2794.0,3295.0,2,4,7,197,0.5174031939115206
CS2_36,760,CS2_36_1_10_11.xlsx,34,2011-01-06 19:00:22,0.5869765471158175,0.5336150428325613,1.6839051598595913,0.7520091169758994,0.8431122749402091,,,,2726.0,3367.0,2,4,7,194,0.5127263727246177
CS2_36,761,CS2_36_1_10_11.xlsx,35,2011-01-06 21:20:51,0.5842782309048857,0.5311620280953506,1.6615077071152482,0.7515230322070284,0.8466881752319069,,,,2689.0,3375.0,2,4,7,192,0.5103693826709383
CS2_36,762,CS2_36_1_10_11.xlsx,36,2011-01-06 23:40:42,0.42884358266914546,0.38985780242649587,1.648145806252118,,,,,,2667.0,,2,,7,153,0.37459659280866614
CS2_36,763,CS2_36_1_10_11.xlsx,37,2011-01-07 00:55:29,0.5775431757555438,0.525039250686858,1.6862712905547308,0.7998216798646405,0.8118206351359349,,,,2730.0,3655.0,2,4,7,192,0.504486284932553
CS2_36,764,CS2_36_1_10_11.xlsx,38,2011-01-07 03:20:18,0.5752441616843562,0.5229492378948692,1.622660035453528,0.7622881627120902,0.8427052802707867,,,,2625.0,3427.0,2,4,7,189,0.5024780869025722
CS2_36,765,CS2_36_1_10_11.xlsx,39,2011-01-07 05:39:26,0.5702301573035697,0.5183910520941543,1.6117507324581515,0.7576830457848895,0.8404898520631244,,,,2607.0,3405.0,2,4,7,188,0.4980983339267199
CS2_36,766,CS2_36_1_10_11.xlsx,40,2011-01-07 07:57:39,0.571258005712906,0.5193254597390053,1.5937166018432585,0.7560822405703114,0.8491180294925138,,,,2577.0,3401.0,2,4,7,187,0.498996163642778
CS2_36,767,CS2_36_1_10_11.xlsx,41,2011-01-07 10:15:20,0.5724617288591958,0.5204197535083598,1.6123579853286998,0.7433444305804487,0.8498722496553994,,,,2608.0,3331.0,2,4,7,188,0.5000476206483337
CS2_36,768,CS2_36_1_10_11.xlsx,42,2011-01-07 12:32:28,0.5903360242690354,0.5366691129718504,1.6316409420089837,0.7359512692615431,0.8770958962697195,,,,2639.0,3292.0,2,4,7,191,0.5156608895183199
CS2_36,769,CS2_36_1_10_11.xlsx,43,2011-01-07 14:50:30,0.5904940675810373,0.5368127887100339,1.730681111676859,0.7028952514862368,0.8532978451758033,,,,2804.0,3160.0,2,4,7,197,0.5157989409864651
CS2_36,770,CS2_36_1_10_11.xlsx,44,2011-01-07 17:09:07,0.5891194540003539,0.5355631400003217,1.731114517391985,0.6982463453465176,0.8535003720637868,,,,2805.0,3143.0,2,4,7,197,0.5145982104997276
CS2_36,771,CS2_36_1_10_11.xlsx,45,2011-01-07 19:27:23,0.5884061052384624,0.5349146411258748,1.7223590479499362,0.7040871474194423,0.8530804005939879,,,,2790.0,3152.0,2,4,7,196,0.5139750974895582
CS2_36,772,CS2_36_1_10_11.xlsx,46,2011-01-07 21:45:31,0.5876103025185415,0.534191184107765,1.7192293791949378,0.7031396279131922,0.8535387546108457,,,,2785.0,3144.0,2,4,7,196,0.5132799606157012
CS2_36,773,CS2_36_1_10_11.xlsx,47,2011-01-08 00:03:23,0.5870215894134674,0.5336559903758794,1.720607199177948,0.7003630879099149,0.8527217107386871,,,,2787.0,3128.0,2,4,7,196,0.5127657173526216
CS2_36,774,CS2_36_1_10_11.xlsx,48,2011-01-08 02:20:58,0.5881321938698818,0.5346656307908016,1.7205567286347252,0.698326996777071,0.8558721222191756,,,,2787.0,3114.0,2,4,7,196,0.5137358348083652
CS2_36,775,CS2_36_1_10_11.xlsx,49,2011-01-08 04:38:24,0.5881978492992701,0.5347253175447909,1.726527679803155,0.6955992545162868,0.8548337005509962,,,,2797.0,3102.0,2,4,7,197,0.5137931850897782
CS2_36,776,CS2_36_1_10_11.xlsx,50,2011-01-08 06:55:48,0.5876961668886338,0.5342692426260307,1.7289706395658544,0.6928033335673518,0.8545656883599317,,,,2801.0,3090.0,2,4,7,197,0.5133549634880307
CS2_36,777,CS2_36_1_18_11.xlsx,1,2011-01-10 11:47:49,0.6240410372620651,0.5673100338746045,1.7017274144813017,0.7245954192496452,0.9119938658143645,,,,2751.0,3322.0,2,4,7,199,0.5451023538144093
CS2_36,778,CS2_36_1_18_11.xlsx,2,2011-01-10 14:10:15,0.6117895251638741,0.5561722956035219,1.9170434532732823,0.6669875759385475,0.8375785028058654,,,,3115.0,3001.0,2,4,7,209,0.5344006087628174
CS2_36,779,CS2_36_1_18_11.xlsx,3,2011-01-10 16:32:41,0.6002764997962511,0.5457059089056827,1.8566428787246085,0.6651706868369239,0.8399187161382939,,,,3014.0,2966.0,2,4,7,204,0.5243439348380531
CS2_36,780,CS2_36_1_18_11.xlsx,4,2011-01-10 18:52:12,0.5911207719329792,0.5373825199390719,1.7953834078893975,0.675664842725795,0.8424817273253306,,,,2912.0,3010.0,2,4,7,200,0.5163463697563551
CS2_36,781,CS2_36_1_18_11.xlsx,5,2011-01-10 21:10:12,0.5837923156880622,0.5307202869891474,1.7544539686546312,0.6801359278467141,0.8433599476242583,,,,2843.0,3021.0,2,4,7,197,0.5099449337763483
CS2_36,782,CS2_36_1_18_11.xlsx,6,2011-01-10 23:26:50,0.5788972196624069,0.5262701996930972,1.7214591701890987,0.6841144943282957,0.845283005804015,,,,2788.0,3034.0,2,4,7,195,0.5056690477265472
CS2_36,783,CS2_36_1_18_11.xlsx,7,2011-01-11 01:42:30,0.5747096228583479,0.522463293507589,1.6997869848269556,0.6875028936620735,0.8456404131871748,,,,2752.0,3046.0,2,4,7,193,0.5020111650899608
CS2_36,784,CS2_36_1_18_11.xlsx,8,2011-01-11 03:57:31,0.5729886444422609,0.5208987676747826,1.6835641070432625,0.6868849075564794,0.8490216575445938,,,,2725.0,3046.0,2,4,7,192,0.5005078835275996
CS2_36,785,CS2_36_1_18_11.xlsx,9,2011-01-11 06:11:59,0.5701477850503007,0.5183161682275461,1.6779419725068472,0.6849895868135215,0.8479352087783549,,,,2716.0,3040.0,2,4,7,191,0.498026381432469
CS2_36,786,CS2_36_1_18_11.xlsx,10,2011-01-11 08:26:02,0.5855914388069312,0.5323558534608465,1.6864188247949397,0.668461395813519,0.8765332665988932,,,,2729.0,2965.0,2,4,7,192,0.5115164750506211
CS2_36,787,CS2_36_1_18_11.xlsx,11,2011-01-11 10:39:55,0.5788734692414046,0.5262486084012769,1.736392480776669,0.6745324200588392,0.8460552063395055,,,,2815.0,3012.0,2,4,7,196,0.5056483016383584
CS2_36,788,CS2_36_1_18_11.xlsx,12,2011-01-11 12:55:39,0.5778892932889264,0.525353902989933,1.7174957014910908,0.6700032637403649,0.8530460043184841,,,,2782.0,2980.0,2,4,7,195,0.5047886199888676
CS2_36,789,CS2_36_1_18_11.xlsx,13,2011-01-11 15:10:15,0.5739734799169174,0.521794072651743,1.7160196816858961,0.6666571004075765,0.8480846315023836,,,,2780.0,2947.0,2,4,7,193,0.5013681412723635
CS2_36,790,CS2_36_1_18_11.xlsx,14,2011-01-11 17:24:05,0.5677202811269639,0.516109346479058,1.6925772753955919,0.6718291944001807,0.8437875243837366,,,,2741.0,2990.0,2,4,7,191,0.49590594700028773
CS2_36,791,CS2_36_1_18_11.xlsx,15,2011-01-11 19:37:37,0.5607166046945284,0.5097423679041168,1.6635644443262023,0.6764438389517058,0.841775701812094,,,,2693.0,3003.0,2,4,7,190,0.4897882074916409
CS2_36,792,CS2_36_1_18_11.xlsx,16,2011-01-11 21:50:10,0.557332891981714,0.5066662654379218,1.6363661089714487,0.6786815847252516,0.845101888485052,,,,2647.0,3010.0,2,4,7,187,0.4868325208392384
CS2_36,793,CS2_36_1_18_11.xlsx,17,2011-01-12 00:01:52,0.5546624470576198,0.5042385882341998,1.6224775054194864,0.677762283952693,0.8463387230150553,,,,2624.0,3003.0,2,4,7,187,0.4844998764666149
CS2_36,794,CS2_36_1_18_11.xlsx,18,2011-01-12 02:12:57,0.5533132352713697,0.5030120320648814,1.6121473632184125,0.6780172458953904,0.8480373262825815,,,,2607.0,3003.0,2,4,7,185,0.4833213345493944
CS2_36,795,CS2_36_1_18_11.xlsx,19,2011-01-12 04:23:40,0.5508900966206749,0.500809178746068,1.606590515183305,0.6767797342726691,0.8470630542805595,,,,2598.0,2995.0,2,4,7,185,0.4812047132004082
CS2_36,796,CS2_36_1_18_11.xlsx,20,2011-01-12 06:33:58,0.5486068818859646,0.49873352898724055,1.5975104016302384,0.6768746486044764,0.8460703702576268,,,,2583.0,2997.0,2,4,7,185,0.4792103159543315
CS2_36,797,CS2_36_1_18_11.xlsx,21,2011-01-12 08:43:55,0.5525975516785149,0.5023614106168317,1.5902628052907866,0.677290169327461,0.8563093841791696,,,,2571.0,2989.0,2,4,7,184,0.48269618205499576
CS2_36,798,CS2_36_1_18_11.xlsx,22,2011-01-12 10:53:45,0.5852786426516197,0.5320714933196542,1.6210083466254117,0.6687548704293146,0.9047353540916224,,,,2622.0,2976.0,2,4,7,189,0.5112432463519565
CS2_36,799,CS2_36_1_18_11.xlsx,23,2011-01-12 13:06:06,0.5570695016543201,0.5064268196857455,1.7536097533020523,0.6491508492435053,0.8158256064509735,,,,2846.0,2898.0,2,4,7,194,0.4866024483298017
CS2_36,800,CS2_36_1_18_11.xlsx,24,2011-01-12 15:19:16,0.5495328901893064,0.4995753547175512,1.6148934267748807,0.6791100874467698,0.8410687672306209,,,,2613.0,3016.0,2,4,7,185,0.48001918792854964
CS2_36,801,CS2_36_1_18_11.xlsx,25,2011-01-12 17:30:04,0.5416271522335734,0.4923883202123394,1.5859322252442036,0.67852673067722,0.8379650807407184,,,,2565.0,3006.0,2,4,7,183,0.47311349405428565
CS2_36,802,CS2_36_1_18_11.xlsx,26,2011-01-12 19:39:27,0.5358429118177614,0.4871299198343286,1.5454714100571894,0.6870264143892972,0.8398754875006504,,,,2498.0,3042.0,2,4,7,180,0.4680609368065747
CS2_36,803,CS2_36_1_18_11.xlsx,27,2011-01-12 21:48:00,0.5311670220354614,0.4828791109413285,1.5200346785700976,0.691686383311854,0.8398007133049668,,,,2456.0,3056.0,2,4,7,177,0.46397652829124475
CS2_36,804,CS2_36_1_18_11.xlsx,28,2011-01-12 23:55:48,0.3993213106012874,0.3630193732738976,1.4988139163635494,,,,,,2421.0,,2,,7,142,0.3488087695194411
CS2_36,805,CS2_36_1_18_11.xlsx,29,2011-01-13 01:04:57,0.5257707766516635,0.47797343331969405,1.5783178080857996,0.7329864244164206,0.794876443980339,,,,2552.0,3305.0,2,4,7,182,0.45926288626319156
CS2_36,806,CS2_36_1_18_11.xlsx,30,2011-01-13 03:18:13,0.5234716034854614,0.475883275895874,1.4756627506823912,0.7012084359874537,0.840032782106602,,,,2383.0,3112.0,2,4,7,176,0.4572545492630763
CS2_36,807,CS2_36_1_18_11.xlsx,31,2011-01-13 05:25:18,0.5197530254364082,0.4725027503967347,1.4635413980083154,0.700098676819418,0.8380539881544194,,,,2363.0,3103.0,2,4,7,174,0.4540063563937823
CS2_36,808,CS2_36_1_18_11.xlsx,32,2011-01-13 07:31:42,0.5173493937651266,0.4703176306955696,1.4460043998681145,0.7002584102027769,0.8407737132604904,,,,2334.0,3102.0,2,4,7,173,0.451906774469704
CS2_36,809,CS2_36_1_18_11.xlsx,33,2011-01-13 09:37:28,0.5214575545236109,0.47405232229419164,1.443062438834597,0.6991476862951247,0.8506862882339585,,,,2329.0,3072.0,2,4,7,173,0.4554952694012599
CS2_36,810,CS2_36_1_18_11.xlsx,34,2011-01-13 11:42:53,0.518736390475226,0.47157853679566,1.466641140639224,0.6868033509366082,0.840706855035826,,,,2368.0,3038.0,2,4,7,174,0.453118321669749
CS2_36,811,CS2_36_1_18_11.xlsx,35,2011-01-13 13:48:14,0.5209858458967922,0.47362349626981104,1.4515832612086763,0.6924584453410696,0.849496441887438,,,,2343.0,3059.0,2,4,7,173,0.4550832300201295
CS2_36,812,CS2_36_1_18_11.xlsx,36,2011-01-13 15:53:39,0.5178406222976761,0.47076420208879644,1.465581379539029,0.6880590542822486,0.8401258377181373,,,,2366.0,3038.0,2,4,7,174,0.45233586456693287
CS2_36,813,CS2_36_1_18_11.xlsx,37,2011-01-13 17:58:56,0.5101955065481185,0.4638140968619259,1.4405188908591304,0.6970288398046317,0.8315435692446285,,,,2325.0,3075.0,2,4,7,171,0.44565782523709724
CS2_36,814,CS2_36_1_18_11.xlsx,38,2011-01-13 20:03:42,0.507888224357437,0.46171656759766994,1.4095829935664856,0.6977623389188428,0.8394348480055186,,,,2274.0,3079.0,2,4,7,169,0.44364240497151236
CS2_36,815,CS2_36_1_18_11.xlsx,39,2011-01-13 22:07:33,0.5045790490707631,0.45870822642796644,1.3979611780076984,0.6998596615122266,0.8371029589808954,,,,2255.0,3089.0,2,4,7,169,0.4407518270603792
CS2_36,816,CS2_36_1_18_11.xlsx,40,2011-01-14 00:11:04,0.4914303254423906,0.4467548413112642,1.3702018139038907,0.7094539084067538,0.8192362748406172,,,,2210.0,3146.0,2,4,7,166,0.42926636413164704
CS2_36,817,CS2_36_1_18_11.xlsx,41,2011-01-14 02:14:03,0.4880746118528094,0.44370419259346305,1.3096631431774375,0.7201970875436996,0.8328555453943556,,,,2110.0,3175.0,2,4,7,162,0.42633513482590585
CS2_36,818,CS2_36_1_18_11.xlsx,42,2011-01-14 04:15:41,0.4831854171037513,0.4392594700943193,1.2968339022978623,0.7194087109122365,0.8293438168726601,,,,2089.0,3176.0,2,4,7,161,0.4220644035649272
CS2_36,819,CS2_36_1_18_11.xlsx,43,2011-01-14 06:16:42,0.4814662647423411,0.43769660431121915,1.276109677186903,0.7219769109514863,0.8332256842924867,,,,2055.0,3181.0,2,4,7,159,0.4205627170686643
CS2_36,820,CS2_36_1_18_11.xlsx,44,2011-01-14 08:17:07,0.48266048415499085,0.43878225832271894,1.2687391856181138,0.7244945685209558,0.8384237839276907,,,,2043.0,3185.0,2,4,7,159,0.42160587252469384
CS2_36,821,CS2_36_1_18_11.xlsx,45,2011-01-14 10:17:28,0.48554740129768703,0.4414067284524427,1.2828504083687333,0.7139371623013061,0.8426482635107821,,,,2066.0,3160.0,2,4,7,160,0.4241276062501796
CS2_36,822,CS2_36_1_18_11.xlsx,46,2011-01-14 12:17:57,0.4848300200533586,0.4407545636848714,1.2942840629627057,0.7136834736802454,0.8365406839960325,,,,2085.0,3150.0,2,4,7,160,0.42350097085039656
CS2_36,823,CS2_36_1_18_11.xlsx,47,2011-01-14 14:18:34,0.48143935600523236,0.43767214182293845,1.2911009554701627,0.7130604537238608,0.8316939538955797,,,,2080.0,3143.0,2,4,7,160,0.42053921217866463
CS2_36,824,CS2_36_1_18_11.xlsx,48,2011-01-14 16:18:48,0.47769954173985596,0.4342723106725963,1.2820543534432893,0.709501984497724,0.8296877458035493,,,,2065.0,3123.0,2,4,7,160,0.4172724693890726
CS2_36,825,CS2_36_1_18_11.xlsx,49,2011-01-14 18:18:14,0.4721784373855904,0.4292531248959912,1.2569245925887342,0.7157963100000336,0.8264632870079016,,,,2024.0,3149.0,2,4,7,157,0.41244976254855875
CS2_36,826,CS2_36_1_18_11.xlsx,50,2011-01-14 20:17:07,0.46780467591148067,0.425276978101346,1.2338363742474219,0.7176884420179813,0.8269209225041865,,,,1986.0,3167.0,2,4,7,156,0.40862926432456326
CS2_36,827,CS2_36_1_24_11.xlsx,1,2011-01-18 13:17:53,0.496016428451054,0.4509240258645945,1.156767047199457,0.7958771109199296,0.8831775678495055,,,,1855.0,3657.0,2,4,7,156,0.433272343539389
CS2_36,828,CS2_36_1_24_11.xlsx,2,2011-01-18 15:23:49,0.4816064852957129,0.43782407754155717,1.3679926795553057,0.70181320310113,0.8058658419024999,,,,2206.0,3153.0,2,4,7,165,0.42068520028552375
CS2_36,829,CS2_36_1_24_11.xlsx,3,2011-01-18 17:26:22,0.46930925253577704,0.42664477503252457,1.2991832379748418,0.6963926738253561,0.8115110451867668,,,,2093.0,3099.0,2,4,7,160,0.40994351805216495
CS2_36,830,CS2_36_1_24_11.xlsx,4,2011-01-18 19:25:27,0.460884780482973,0.41898616407542993,1.2339678213951653,0.7083234554464851,0.8171849346768175,,,,1986.0,3135.0,2,4,7,155,0.402584707859529
CS2_36,831,CS2_36_1_24_11.xlsx,5,2011-01-18 21:22:51,0.4554691206120749,0.41406283692006807,1.1959512854244991,0.712195429675678,0.8214161898599923,,,,1924.0,3148.0,2,4,7,152,0.3978541071989749
CS2_36,832,CS2_36_1_24_11.xlsx,6,2011-01-18 23:19:08,0.4506823335069532,0.40971121227904833,1.1720435145953985,0.7127473272330057,0.8218178244064368,,,,1885.0,3145.0,2,4,7,150,0.3936728294265092
CS2_36,833,CS2_36_1_24_11.xlsx,7,2011-01-19 01:14:28,0.44674749376896905,0.4061340852445173,1.154913886545237,0.711796845464663,0.8224594832885797,,,,1857.0,3136.0,2,4,7,148,0.39023573110286663
CS2_36,834,CS2_36_1_24_11.xlsx,8,2011-01-19 03:08:58,0.3147102161556039,0.28610019650509444,1.1377697122261001,,,,,,1829.0,,2,,7,113,0.2749006385037133
CS2_36,835,CS2_36_1_24_11.xlsx,9,2011-01-19 04:03:33,0.44143497807704923,0.40130452552459017,1.2296656855254644,0.7630320448486667,0.7606094254158131,,,,1979.0,3406.0,2,4,7,152,0.38559522729714435
CS2_36,836,CS2_36_1_24_11.xlsx,10,2011-01-19 06:04:18,0.43938552456082736,0.3994413859643885,1.1150041513105755,0.7185331977469247,0.8228877467850675,,,,1792.0,3182.0,2,4,7,145,0.3838050214148081
CS2_36,837,CS2_36_1_24_11.xlsx,11,2011-01-19 07:58:06,0.44044665469963284,0.40040604972693894,1.109568648666264,0.7149730759967776,0.8292207047916051,,,,1783.0,3152.0,2,4,7,146,0.3847319228553033
CS2_36,838,CS2_36_1_24_11.xlsx,12,2011-01-19 09:51:17,0.44377676458720305,0.40343342235200275,1.120643056348005,0.7060313958853215,0.8355228854791406,,,,1801.0,3118.0,2,4,7,147,0.38764078722444706
CS2_36,839,CS2_36_1_24_11.xlsx,13,2011-01-19 11:44:23,0.4514267366309257,0.4103879423917506,1.1439536769731962,0.7005388519177299,0.8455915825833245,,,,1839.0,3075.0,2,4,7,149,0.39432306854675125
CS2_36,840,CS2_36_1_24_11.xlsx,14,2011-01-19 13:37:52,0.43054474016825317,0.3914043092438665,1.164563115562388,0.7016247542538702,0.7917487045495731,,,,1873.0,3095.0,2,4,7,147,0.37608256072039375
CS2_36,841,CS2_36_1_24_11.xlsx,15,2011-01-19 15:31:05,0.425503042922764,0.38682094811160356,1.0743258790461,0.7115687281930811,0.8174552254809345,,,,1725.0,3126.0,2,4,7,142,0.3716786179159373
CS2_36,842,CS2_36_1_24_11.xlsx,16,2011-01-19 17:22:03,0.41779158280832895,0.3798105298257536,1.0540349041415533,0.708447922900115,0.8113828884047934,,,,1692.0,3114.0,2,4,7,140,0.36494262651677045
CS2_36,843,CS2_36_1_24_11.xlsx,17,2011-01-19 19:11:49,0.41809486145073116,0.38008623768248284,1.0177857437092799,0.7142081542151384,0.8255203398719243,,,,1633.0,3148.0,2,4,7,138,0.36520754162966174
CS2_36,844,CS2_36_1_24_11.xlsx,18,2011-01-19 21:01:11,0.40016294810018493,0.3637844982728954,1.0182718450164485,0.7125438124539673,0.7877822552782954,,,,1634.0,3166.0,2,4,7,136,0.3495439432569254
CS2_36,845,CS2_36_1_24_11.xlsx,19,2011-01-19 22:49:52,0.3965087110309433,0.36046246457358483,0.9428680382515019,0.7171911157610688,0.8129421834832704,,,,1511.0,3184.0,2,4,7,132,0.34635195249205686
CS2_36,846,CS2_36_1_24_11.xlsx,20,2011-01-20 00:36:35,0.3898991624520374,0.35445378404730665,0.9236031830960184,0.7204165275251474,0.8060359734730758,,,,1480.0,3198.0,2,4,7,130,0.34057848524730694
CS2_36,847,CS2_36_1_24_11.xlsx,21,2011-01-20 02:22:40,0.38872384379505576,0.35338531254095973,0.9002485773728823,0.7169402178465354,0.8161769863076155,,,,1442.0,3187.0,2,4,7,129,0.33955183967730795
CS2_36,848,CS2_36_1_24_11.xlsx,22,2011-01-20 04:07:53,0.38632069543870884,0.351200632217008,0.8939997414213301,0.7193088300988539,0.8127576662882217,,,,1432.0,3193.0,2,4,7,128,0.3374526799307674
CS2_36,849,CS2_36_1_24_11.xlsx,23,2011-01-20 05:52:53,0.38375189008027455,0.3488653546184314,0.8847050894656814,0.7176460419262766,0.8121835214904064,,,,1417.0,3194.0,2,4,7,127,0.3352088181271957
CS2_36,850,CS2_36_1_24_11.xlsx,24,2011-01-20 07:37:31,0.38561030228422943,0.35055482025839035,0.8785887889215538,0.7134080631168627,0.8213117097454443,,,,1407.0,3174.0,2,4,7,127,0.3368321486555498
CS2_36,851,CS2_36_1_24_11.xlsx,25,2011-01-20 09:21:45,0.3972632284349231,0.36114838948629374,0.8896020087121554,0.7139533634576438,0.843161545003382,,,,1425.0,3165.0,2,4,7,129,0.3470110264765304
CS2_36,852,CS2_36_1_24_11.xlsx,26,2011-01-20 11:06:47,0.3948483047173159,0.358953004288469,0.9437804304112415,0.705120494406018,0.8149968937199549,,,,1513.0,3132.0,2,4,7,132,0.34490158090460865
CS2_36,853,CS2_36_1_24_11.xlsx,27,2011-01-20 12:52:36,0.3964938358401682,0.3604489416728801,0.9320811268735881,0.7073945001113517,0.8237243940653233,,,,1494.0,3130.0,2,4,7,131,0.3463389589531375
CS2_36,854,CS2_36_1_24_11.xlsx,28,2011-01-20 14:38:09,0.4011144784286049,0.36464952584418625,0.9375883980613079,0.7087806412387936,0.8303559652422257,,,,1503.0,3148.0,2,4,7,132,0.3503751088226119
CS2_36,855,CS2_36_1_24_11.xlsx,29,2011-01-20 16:24:24,0.39942600111835525,0.36311454647123204,0.9610001713098948,0.7048152671662024,0.8188625893930622,,,,1541.0,3115.0,2,4,7,133,0.3489002171068083
CS2_36,856,CS2_36_1_24_11.xlsx,30,2011-01-20 18:10:41,0.3848214421278193,0.3498376746616539,0.9399282791317681,0.7132873554441785,0.7901447606136113,,,,1507.0,3172.0,2,4,7,130,0.33614307613881883
CS2_36,857,CS2_36_1_24_11.xlsx,31,2011-01-20 19:56:31,0.3807197270243119,0.3461088427493744,0.8839412692010392,0.7108962743080568,0.8088523549900125,,,,1416.0,3165.0,2,4,7,127,0.3325602115127877
CS2_36,858,CS2_36_1_24_11.xlsx,32,2011-01-20 21:40:28,0.38250491925766283,0.34773174477969343,0.8684622997316521,0.7111153037042944,0.8196552331177956,,,,1391.0,3171.0,2,4,7,126,0.3341195841025781
CS2_36,859,CS2_36_1_24_11.xlsx,33,2011-01-20 23:24:11,0.37526186640505266,0.3411471512773206,0.8727171464727735,0.7136073075215017,0.800216209662257,,,,1398.0,3190.0,2,4,7,125,0.3277927483289526
CS2_36,860,CS2_36_1_24_11.xlsx,34,2011-01-21 01:07:57,0.37387047533107953,0.33988225030098135,0.850142514878247,0.7081633011019142,0.811494729567784,,,,1361.0,3163.0,2,4,7,124,0.32657736263440473
CS2_36,861,CS2_36_1_24_11.xlsx,35,2011-01-21 02:50:34,0.3759784453131907,0.34179858664835516,0.8482192092695402,0.7037702651483634,0.819796259531268,,,,1358.0,3149.0,2,4,7,125,0.32841868288484904
CS2_36,862,CS2_36_1_24_11.xlsx,36,2011-01-21 04:33:01,0.3720701777340949,0.3382456161219044,0.8529106678093072,0.7071116743283272,0.8068224817837235,,,,1366.0,3165.0,2,4,7,124,0.3250047954487781
CS2_36,863,CS2_36_1_24_11.xlsx,37,2011-01-21 06:15:38,0.3730703248226632,0.3391548407478756,0.8393869545442177,0.7040717146973349,0.8177379820930375,,,,1344.0,3153.0,2,4,7,123,0.3258784279498251
CS2_36,864,CS2_36_1_24_11.xlsx,38,2011-01-21 07:57:46,0.37759622220590394,0.3432692929144581,0.8443072077139765,0.7036675678281321,0.826249322058169,,,,1352.0,3162.0,2,4,7,125,0.3298318175018185
CS2_36,865,CS2_36_1_24_11.xlsx,39,2011-01-21 09:40:27,0.3823382970381086,0.34758027003464415,0.8702428460897879,0.6969775902770802,0.8277983614845434,,,,1394.0,3122.0,2,4,7,126,0.33397403892421085
CS2_36,866,CS2_36_1_24_11.xlsx,40,2011-01-21 11:23:26,0.3795518296035425,0.34504711782140224,0.8905864576719379,0.6952059599716471,0.8112703320876069,,,,1427.0,3104.0,2,4,7,127,0.33154004842244306
CS2_36,867,CS2_36_1_24_11.xlsx,41,2011-01-21 13:06:30,0.3783781380652087,0.34398012551382606,0.8795079233205345,0.6961613373024084,0.8145371721083153,,,,1409.0,3097.0,2,4,7,126,0.33051482414712163
CS2_36,868,CS2_36_1_24_11.xlsx,42,2011-01-21 14:49:06,0.37322927691765173,0.33929934265241063,0.8740894299378353,0.695314159412367,0.8067507306611629,,,,1400.0,3114.0,2,4,7,125,0.3260172732435611
CS2_36,869,CS2_36_1_24_11.xlsx,43,2011-01-21 16:31:33,0.36768719404437533,0.33426108549488665,0.8568062403976265,0.6925361004743669,0.8034747007386068,,,,1372.0,3080.0,2,4,7,124,0.3211762415823871
CS2_36,870,CS2_36_1_24_11.xlsx,44,2011-01-21 18:12:38,0.3622937956764076,0.3293579960694615,0.8251532006731259,0.6979313082099157,0.8031720497743315,,,,1321.0,3122.0,2,4,7,122,0.3164650864341026
CS2_36,871,CS2_36_1_24_11.xlsx,45,2011-01-21 19:53:17,0.35919026303507806,0.32653660275916185,0.8074221261742861,0.697745347027169,0.8059916310538447,,,,1292.0,3119.0,2,4,7,121,0.3137541382000714
CS2_36,872,CS2_36_1_24_11.xlsx,46,2011-01-21 21:33:13,0.35578172634457417,0.32343793304052193,0.7961957826654096,0.6946784771315241,0.804570122010949,,,,1274.0,3119.0,2,4,7,119,0.31077676770339974
CS2_36,873,CS2_36_1_24_11.xlsx,47,2011-01-21 23:12:39,0.353519684724958,0.3213815315681436,0.7833198519786346,0.6948937084990396,0.8060672725162498,,,,1253.0,3116.0,2,4,7,118,0.30880086525844386
CS2_36,874,CS2_36_1_24_11.xlsx,48,2011-01-22 00:51:33,0.3513254704097264,0.31938679128156944,0.7752508950179157,0.6932495286129808,0.8062685042078009,,,,1240.0,3113.0,2,4,7,118,0.3068842102364381
CS2_36,875,CS2_36_1_24_11.xlsx,49,2011-01-22 02:30:05,0.3494830558886086,0.31771186898964415,0.7690906872001625,0.6897601612576061,0.8071852402959715,,,,1230.0,3106.0,2,4,7,117,0.3052748537483304
CS2_36,876,CS2_36_1_24_11.xlsx,50,2011-01-22 04:08:13,0.349583965406449,0.3178036049149536,0.7622126127652135,0.689086416566925,0.8109320517667956,,,,1219.0,3099.0,2,4,7,117,0.3053629986176781
CS2_36,877,CS2_36_1_28_11.xlsx,1,2011-01-24 10:54:44,0.404530070911721,0.36775460991974634,0.6991617323040115,0.7745220461463304,0.9323790186205888,,,,1112.0,3590.0,2,4,7,122,0.35335864258248467
CS2_36,878,CS2_36_1_28_11.xlsx,2,2011-01-24 12:42:04,0.38818487176777,0.3528953379707,0.9742621660774825,0.7177301565305614,0.7766738360085714,,,,1562.0,3242.0,2,4,7,133,0.33908104544556544
CS2_36,879,CS2_36_1_28_11.xlsx,3,2011-01-24 14:30:12,0.376006793075363,0.34182435734123906,0.9059243196963733,0.7079469599335367,0.7878845865018901,,,,1451.0,3185.0,2,4,7,128,0.32844344476902465
CS2_36,880,CS2_36_1_28_11.xlsx,4,2011-01-24 16:14:52,0.3659036852705311,0.33263971388230096,0.8596143122633627,0.702373033972055,0.7905698130595963,,,,1376.0,3160.0,2,4,7,123,0.319618339501241
CS2_36,881,CS2_36_1_28_11.xlsx,5,2011-01-24 17:57:17,0.36046959309443194,0.3276996300858472,0.8189760633142322,0.6993155412830846,0.8006644626482864,,,,1310.0,3148.0,2,4,7,121,0.3148716381480219
CS2_36,882,CS2_36_1_28_11.xlsx,6,2011-01-24 19:38:07,0.3529584292443937,0.32087129931308517,0.8002949254908799,0.6967135821933832,0.7944722365958528,,,,1280.0,3133.0,2,4,7,119,0.30831060634071444
CS2_36,883,CS2_36_1_28_11.xlsx,7,2011-01-24 21:17:45,0.346617667105352,0.31510697009577454,0.7755533549109587,0.6904734612528873,0.7959856247491358,,,,1240.0,3107.0,2,4,7,117,0.30277192513132883
CS2_36,884,CS2_36_1_28_11.xlsx,8,2011-01-24 22:55:56,0.346131286937192,0.31466480630653815,0.7545510149672358,0.6874185841300363,0.8073662118102906,,,,1206.0,3091.0,2,4,7,116,0.3023470700998778
CS2_36,885,CS2_36_1_28_11.xlsx,9,2011-01-25 00:33:15,0.34392924122926516,0.31266294657205923,0.7532762903683121,0.68386221750686,0.8046151230494927,,,,1204.0,3089.0,2,4,7,116,0.30042357432488165
CS2_36,886,CS2_36_1_28_11.xlsx,10,2011-01-25 02:10:24,0.341075401548959,0.31006854686269,0.7452267887481268,0.6830747984695571,0.8032575716957272,,,,1191.0,3087.0,2,4,7,115,0.2979307338957184
CS2_36,887,CS2_36_1_28_11.xlsx,11,2011-01-25 03:47:07,0.3387374274433168,0.30794311585756073,0.7365221526049107,0.6818999760847244,0.8027996308647973,,,,1177.0,3075.0,2,4,7,114,0.29588850411907713
CS2_36,888,CS2_36_1_28_11.xlsx,12,2011-01-25 05:23:16,0.3357653694406273,0.3052412449460248,0.7285115530004876,0.6789293863408445,0.8014197974448202,,,,1164.0,3063.0,2,4,7,113,0.29329239951024083
CS2_36,889,CS2_36_1_28_11.xlsx,13,2011-01-25 06:58:50,0.3354103726591715,0.3049185205992468,0.7185765597465239,0.6764235665227963,0.8072527826596569,,,,1148.0,3056.0,2,4,7,113,0.2929823083950522
CS2_36,890,CS2_36_1_28_11.xlsx,14,2011-01-25 08:34:02,0.3393988962139156,0.3085444511035596,0.7242709543574122,0.6727805747310261,0.8171110109887347,,,,1157.0,3034.0,2,4,7,113,0.2964662997483679
CS2_36,891,CS2_36_1_28_11.xlsx,15,2011-01-25 10:09:15,0.3321877302289362,0.30198884566266926,0.7377776926012006,0.6739512970855065,0.7914587072047848,,,,1179.0,3032.0,2,4,7,114,0.29016731728175826
CS2_36,892,CS2_36_1_28_11.xlsx,16,2011-01-25 11:44:24,0.3272621505299247,0.2975110459362951,0.7175144857272672,0.6652275227835078,0.796160473552119,,,,1146.0,3005.0,2,4,7,111,0.28586480362077904
CS2_36,893,CS2_36_1_28_11.xlsx,17,2011-01-25 13:18:16,0.31414522425392377,0.28558656750356703,0.6951724542146626,0.6668939743956157,0.7759890829918957,,,,1110.0,3006.0,2,4,7,109,0.27440711580712407
CS2_36,894,CS2_36_1_28_11.xlsx,18,2011-01-25 14:50:52,0.33116675696493214,0.3010606881499383,0.6543876245526278,0.6570966012128027,0.8492382340867808,,,,1044.0,2966.0,2,4,7,108,0.2892754930327762
CS2_36,895,CS2_36_1_28_11.xlsx,19,2011-01-25 16:22:37,0.33380446791019835,0.3034586071910894,0.7149435606044349,0.6638383720377181,0.8147248730154547,,,,1142.0,2989.0,2,4,7,113,0.29157954414334897
CS2_36,896,CS2_36_1_28_11.xlsx,20,2011-01-25 17:56:31,0.32600713470820075,0.2963701224620007,0.7223378235545127,0.6655137495775862,0.7890259292755832,,,,1154.0,2991.0,2,4,7,112,0.2847685422571073
CS2_36,897,CS2_36_1_28_11.xlsx,21,2011-01-25 19:30:13,0.30438518681918136,0.2767138061992558,0.6875375328204466,0.6652965116527072,0.7535983004701925,,,,1098.0,3024.0,2,4,7,107,0.2658816838862733
CS2_36,898,CS2_36_1_28_11.xlsx,22,2011-01-25 21:02:20,0.30237197337207,0.27488361215642726,0.616463582057963,0.6501646337993282,0.7987013335647365,,,,983.0,2960.0,2,4,7,102,0.26412313384993913
CS2_36,899,CS2_36_1_28_11.xlsx,23,2011-01-25 22:31:21,0.30081086800443835,0.2734644254585803,0.6133538838604387,0.6453293147850502,0.8001478975936619,,,,978.0,2941.0,2,4,7,103,0.26275950203786813
CS2_36,900,CS2_36_1_28_11.xlsx,24,2011-01-25 23:59:52,0.3082564625774076,0.28023314779764325,0.6096165996676148,0.6425640894179444,0.8235966301234534,,,,972.0,2940.0,2,4,7,103,0.26926325881815966
CS2_36,901,CS2_36_1_28_11.xlsx,25,2011-01-26 01:28:41,0.3162563503825826,0.2875057730750751,0.6393949502989047,0.6446571318385048,0.8259069884080035,,,,1020.0,2931.0,2,4,7,105,0.27625119296426104
CS2_36,902,CS2_36_1_28_11.xlsx,26,2011-01-26 02:58:37,0.31888085240049335,0.28989168400044846,0.6691138230122091,0.6485278401097717,0.8109158723099691,,,,1068.0,2937.0,2,4,7,108,0.27854370602370754
CS2_36,903,CS2_36_1_28_11.xlsx,27,2011-01-26 04:29:35,0.3197606632948915,0.290691512086265,0.6758284399799587,0.6510845113470456,0.8080899106761578,,,,1079.0,2947.0,2,4,7,107,0.27931222437556485
CS2_36,904,CS2_36_1_28_11.xlsx,28,2011-01-26 06:00:58,0.31815122627508785,0.2892283875228071,0.6820702531319037,0.6486565364469504,0.80109032913285,,,,1089.0,2939.0,2,4,7,109,0.27790637467109647
CS2_36,905,CS2_36_1_28_11.xlsx,29,2011-01-26 07:32:17,0.3196819199526004,0.2906199272296367,0.6758188588217406,0.6486812263016358,0.8089426056880279,,,,1079.0,2935.0,2,4,7,107,0.2792434417496363
CS2_36,906,CS2_36_1_28_11.xlsx,30,2011-01-26 09:03:28,0.3231576323184875,0.2937796657440795,0.6838602341373878,0.64783245787159,0.8146447945360547,,,,1092.0,2930.0,2,4,7,109,0.28227949046870676
CS2_36,907,CS2_36_1_28_11.xlsx,31,2011-01-26 10:35:00,0.327762353400173,0.29796577581833905,0.6988240098430585,0.6483336266393289,0.8171272352141179,,,,1116.0,2924.0,2,4,7,111,0.28630173283805194
CS2_36,908,CS2_36_1_28_11.xlsx,32,2011-01-26 12:07:04,0.3267882234173918,0.2970802031067198,0.7167549670144612,0.6485788207208321,0.8043061761706067,,,,1145.0,2915.0,2,4,7,111,0.2854508263834621
CS2_36,909,CS2_36_1_28_11.xlsx,33,2011-01-26 13:39:26,0.3243255090633781,0.29484137187579823,0.714922370245206,0.6463840199952233,0.8009974509907399,,,,1142.0,2911.0,2,4,7,111,0.2832996354985882
CS2_36,910,CS2_36_1_28_11.xlsx,34,2011-01-26 15:11:31,0.3188646260425454,0.28987693276595033,0.70623584907303,0.643957258127908,0.7923975436582703,,,,1128.0,2891.0,2,4,7,109,0.2785295322348329
CS2_36,911,CS2_36_1_28_11.xlsx,35,2011-01-26 16:42:46,0.314011382082942,0.2854648928026745,0.6808380591517283,0.6426748103498063,0.7951961045370227,,,,1087.0,2908.0,2,4,7,109,0.2742902041329145
CS2_36,912,CS2_36_1_28_11.xlsx,36,2011-01-26 18:13:19,0.3118447363830583,0.28349521489368934,0.6690609874815037,0.6392716903301031,0.79878040143638,,,,1068.0,2892.0,2,4,7,108,0.27239763040720216
CS2_36,913,CS2_36_1_28_11.xlsx,37,2011-01-26 19:43:09,0.3108846083966892,0.2826223712697174,0.6623362670848415,0.6348631621840982,0.802586167793455,,,,1057.0,2884.0,2,4,7,107,0.27155895475274655
CS2_36,914,CS2_36_1_28_11.xlsx,38,2011-01-26 21:12:38,0.30833870975059874,0.28030791795508975,0.6591709204784149,0.6342684414841585,0.7967579754537172,,,,1052.0,2879.0,2,4,7,106,0.26933510205445993
CS2_36,915,CS2_36_1_28_11.xlsx,39,2011-01-26 22:41:49,0.30614658317398025,0.2783150756127093,0.649297591638974,0.6326622139852774,0.8002469234356087,,,,1036.0,2879.0,2,4,7,105,0.26742027068052254
CS2_36,916,CS2_36_1_28_11.xlsx,40,2011-01-27 00:10:36,0.288232502527233,0.26202954775202997,0.6430788393032739,0.627913351703763,0.757330748329705,,,,1026.0,2860.0,2,4,7,103,0.25177224924621694
CS2_36,917,CS2_36_1_28_11.xlsx,41,2011-01-27 01:37:55,0.2818647475614853,0.2562406796013502,0.5748063101296381,0.6240122477981495,0.7849003121561422,,,,916.0,2854.0,2,4,7,98,0.24620998969423044
CS2_36,918,CS2_36_1_28_11.xlsx,42,2011-01-27 03:02:56,0.27918388650006243,0.25380353318187493,0.5556220468296442,0.6159152229571244,0.7947210262913332,,,,885.0,2830.0,2,4,7,97,0.24386824678379218
CS2_36,919,CS2_36_1_28_11.xlsx,43,2011-01-27 04:26:54,0.27723104777766494,0.25202822525242263,0.5468268520343358,0.6154591390653147,0.795526778565264,,,,871.0,2820.0,2,4,7,98,0.24216243431211693
CS2_36,920,CS2_36_1_28_11.xlsx,44,2011-01-27 05:50:20,0.28364301635032163,0.25785728759120147,0.5450273585093445,0.6094290299897593,0.8185422338955096,,,,868.0,2798.0,2,4,7,96,0.2477633146274148
CS2_36,921,CS2_36_1_28_11.xlsx,45,2011-01-27 07:13:43,0.28200786742500306,0.25637078856818457,0.5661140409900236,0.6127587138163378,0.7975905502417187,,,,902.0,2811.0,2,4,7,98,0.2463350054701535
CS2_36,922,CS2_36_1_28_11.xlsx,46,2011-01-27 08:37:49,0.280166719937311,0.2546970181248282,0.5611398034636154,0.6116262976234264,0.7963079395818923,,,,894.0,2811.0,2,4,7,97,0.24472675574083488
CS2_36,923,CS2_36_1_28_11.xlsx,47,2011-01-27 10:01:39,0.2768840622028126,0.2517127838207387,0.553650928909796,0.6111062301406291,0.7920126015784691,,,,882.0,2808.0,2,4,7,97,0.24185934101809012
CS2_36,924,CS2_36_1_28_11.xlsx,48,2011-01-27 11:25:04,0.27332371300122027,0.24847610272838205,0.5418574555065703,0.6087353926774296,0.7914464086436122,,,,863.0,2803.0,2,4,7,95,0.23874936168291025
CS2_36,925,CS2_36_1_28_11.xlsx,49,2011-01-27 12:47:54,0.27309580731694716,0.2482689157426792,0.531322599024022,0.6057906822763162,0.7993867882121106,,,,846.0,2788.0,2,4,7,95,0.23855028515183785
CS2_36,926,CS2_36_1_28_11.xlsx,50,2011-01-27 14:10:10,0.2702863605817001,0.24571487325609095,0.5313130961308176,0.6042188498207453,0.7931922617558462,,,,846.0,2784.0,2,4,7,95,0.2360962221385808
CS2_36,927,CS2_36_2_3_11.xlsx,1,2011-01-31 10:51:35,0.207615146510958,0.18874104228268906,0.4061718875135754,0.16733132611549298,1.2160983881150118,,,,642.0,280.0,2,4,7,76,0.1813526647977807
CS2_36,928,CS2_36_2_3_11.xlsx,2,2011-01-31 11:25:34,0.214009392262949,0.19455399296631726,0.6754718580652436,0.7307423703774787,0.5131820074878692,,,,1078.0,3403.0,2,4,7,98,0.18693806415800632
CS2_36,929,CS2_36_2_3_11.xlsx,3,2011-01-31 12:58:46,0.20858557531217004,0.18962325028379093,0.35019325978247373,0.5614399410538725,0.7703799159396972,,,,555.0,2652.0,2,4,7,77,0.18220033825539633
CS2_36,930,CS2_36_2_3_11.xlsx,4,2011-01-31 14:10:27,0.20597732547819703,0.1872521140710882,0.33260784985731184,0.5444183871334685,0.791044696427577,,,,527.0,2554.0,2,4,7,76,0.17992202154393033
CS2_36,931,CS2_36_2_3_11.xlsx,5,2011-01-31 15:19:52,0.20491751692953286,0.18628865175412077,0.32638353617765625,0.5368664014101173,0.7991243602551137,,,,517.0,2498.0,2,4,7,76,0.1789962745177346
CS2_36,932,CS2_36_2_3_11.xlsx,6,2011-01-31 16:28:07,0.20112613253225708,0.18284193866568824,0.3238798032184899,0.5334430307312656,0.7900125626454876,,,,513.0,2475.0,2,4,7,75,0.17568448501068917
CS2_36,933,CS2_36_2_3_11.xlsx,7,2011-01-31 17:35:43,0.19622787922310203,0.17838898111191093,0.3125167983378673,0.526315665547292,0.788226930093364,,,,495.0,2441.0,2,4,7,74,0.1714058410610632
CS2_36,934,CS2_36_2_3_11.xlsx,8,2011-01-31 18:42:11,0.1922640375816409,0.1747854887105826,0.2981157692611244,0.5205898805876013,0.7893434853357709,,,,472.0,2423.0,2,4,7,72,0.16794340945818667
CS2_36,935,CS2_36_2_3_11.xlsx,9,2011-01-31 19:47:43,0.19006835372438902,0.17278941247671728,0.2849074199460944,0.5163350984485363,0.7970501910964851,,,,451.0,2405.0,2,4,7,72,0.1660254707853207
CS2_36,936,CS2_36_2_3_11.xlsx,10,2011-01-31 20:52:31,0.18804262933510407,0.1709478448500946,0.2792656508126843,0.5136873391787673,0.7961055680143457,,,,442.0,2390.0,2,4,7,71,0.16425599239072153
CS2_36,937,CS2_36_2_3_11.xlsx,11,2011-01-31 21:56:46,0.18588848785715184,0.16898953441559256,0.27361657808892814,0.5104958806239561,0.7956643696485294,,,,433.0,2380.0,2,4,7,71,0.16237434115311566
CS2_36,938,CS2_36_2_3_11.xlsx,12,2011-01-31 23:00:35,0.1849157341308172,0.16810521284619742,0.2673062264938592,0.5070633124809536,0.8013397828069292,,,,423.0,2369.0,2,4,7,71,0.16152463686406252
CS2_36,939,CS2_36_2_3_11.xlsx,13,2011-02-01 00:04:00,0.18366731918716006,0.1669702901701455,0.2654103076037655,0.5064746200516456,0.7984714488103626,,,,420.0,2359.0,2,4,7,70,0.16043414139390835
CS2_36,940,CS2_36_2_3_11.xlsx,14,2011-02-01 01:07:07,0.1824097336603101,0.1658270306002819,0.26166595177216906,0.5028088929415312,0.800834586150862,,,,414.0,2356.0,2,4,7,69,0.15933563538248244
CS2_36,941,CS2_36_2_3_11.xlsx,15,2011-02-01 02:10:03,0.18185085233499887,0.16531895666818078,0.25851836116807825,0.5019164676093375,0.8020444624878718,,,,409.0,2348.0,2,4,7,69,0.15884745029890734
CS2_36,942,CS2_36_2_3_11.xlsx,16,2011-02-01 03:12:42,0.18107320444618713,0.16461200404198828,0.2572703567569632,0.5010643770333824,0.8013900881971613,,,,407.0,2343.0,2,4,7,68,0.1581681717429811
CS2_36,943,CS2_36_2_3_11.xlsx,17,2011-02-01 04:15:13,0.14216887501294284,0.12924443182994802,0.25543015680046854,,,,,,404.0,,2,,7,48,0.12418508364243541
CS2_36,944,CS2_36_2_3_11.xlsx,18,2011-02-01 04:36:32,0.17456776461053103,0.15869796782775547,0.45394127321453415,0.6205922867299349,0.5448351077547273,,,,721.0,2832.0,2,4,7,81,0.1524856439038304
CS2_36,945,CS2_36_2_3_11.xlsx,19,2011-02-01 05:52:03,0.17566978629289798,0.15969980572081632,0.2371474295280369,0.4934941668647754,0.805217513257919,,,,375.0,2342.0,2,4,7,67,0.15344826427195288
CS2_36,946,CS2_36_2_3_11.xlsx,20,2011-02-01 06:53:42,0.1755421583351917,0.15958378030471973,0.24028105331933036,0.4925355389654669,0.8015313713122381,,,,380.0,2320.0,2,4,7,68,0.15333678073801182
CS2_36,947,CS2_36_2_3_11.xlsx,21,2011-02-01 07:55:05,0.17662241547556734,0.16056583225051574,0.24032042508701773,0.4914415664839357,0.8085378226846871,,,,380.0,2307.0,2,4,7,67,0.15428038969124208
CS2_36,948,CS2_36_2_3_11.xlsx,22,2011-02-01 08:56:18,0.17862994469398963,0.16239085881271784,0.24406648682999738,0.4934042345301853,0.8119019181505638,,,,386.0,2314.0,2,4,7,67,0.15603397453097376
CS2_36,949,CS2_36_2_3_11.xlsx,23,2011-02-01 09:57:50,0.18085794474978467,0.16441631340889515,0.2516253399933894,0.49438121510473915,0.8130337883995912,,,,398.0,2306.0,2,4,7,69,0.15798014153313278
CS2_36,950,CS2_36_2_3_11.xlsx,24,2011-02-01 10:59:34,0.18477926072128703,0.16798114611026094,0.25917551571725483,0.49552756680722077,0.821530557340433,,,,410.0,2309.0,2,4,7,70,0.16140542679240705
CS2_36,951,CS2_36_2_3_11.xlsx,25,2011-02-01 12:01:46,0.18329421341017582,0.16663110310015983,0.2704473791239708,0.4999110616969398,0.7986346594023712,,,,428.0,2327.0,2,4,7,70,0.16010823199835292
CS2_36,952,CS2_36_2_3_11.xlsx,26,2011-02-01 13:04:29,0.18394624358224299,0.16722385780203908,0.26667700560650304,0.4972757862677089,0.8074891119814656,,,,422.0,2315.0,2,4,7,71,0.16067778297389648
CS2_36,953,CS2_36_2_3_11.xlsx,27,2011-02-01 14:06:56,0.18148442416917643,0.16498584015379675,0.26667498791782407,0.499525306477772,0.7954213838601905,,,,422.0,2326.0,2,4,7,70,0.15852737382353632
CS2_36,954,CS2_36_2_3_11.xlsx,28,2011-02-01 15:09:28,0.18258121661455373,0.16598292419504884,0.25976377179167714,0.4962062565986584,0.8108738995752763,,,,411.0,2313.0,2,4,7,69,0.15948542643213418
CS2_36,955,CS2_36_2_3_11.xlsx,29,2011-02-01 16:11:39,0.17991532457034065,0.16355938597303693,0.2647787581488795,0.4962808073518174,0.793452162832639,,,,419.0,2307.0,2,4,7,69,0.157156759018383
CS2_36,956,CS2_36_2_3_11.xlsx,30,2011-02-01 17:13:42,0.1793075535320936,0.1630068668473578,0.2547470138599501,0.4963529415960621,0.8012272124075114,,,,403.0,2317.0,2,4,7,69,0.1566258685740907
CS2_36,957,CS2_36_2_3_11.xlsx,31,2011-02-01 18:15:37,0.17381968819694205,0.1580178983608564,0.252840601245646,0.49167458800064057,0.7824371173276236,,,,400.0,2304.0,2,4,7,68,0.15183219615034693
CS2_36,958,CS2_36_2_3_11.xlsx,32,2011-02-01 19:16:59,0.17330316275541602,0.1575483297776509,0.2384033705498952,0.4863305496946723,0.8007607061350841,,,,377.0,2283.0,2,4,7,67,0.1513810091014692
CS2_36,959,CS2_36_2_3_11.xlsx,33,2011-02-01 20:17:34,0.171109366807511,0.15555396982500996,0.23712645155685988,0.48411046609730096,0.7944253678098095,,,,375.0,2276.0,2,4,7,67,0.14946471952500445
CS2_36,960,CS2_36_2_3_11.xlsx,34,2011-02-01 21:17:52,0.13419524712892716,0.12199567920811559,0.2308334203025664,,,,,,365.0,,2,,7,45,0.11722008764299464
CS2_36,961,CS2_36_2_3_11.xlsx,35,2011-02-01 21:38:06,0.1680052847438498,0.15273207703986344,0.42141133831151223,0.6033132577487089,0.5488575082374892,,,,669.0,2765.0,2,4,7,78,0.14675329136835866
CS2_36,962,CS2_36_2_3_11.xlsx,36,2011-02-01 22:51:17,0.1668759193160847,0.15170538119644061,0.22143833059087142,0.4827741388719727,0.7927532974338716,,,,350.0,2290.0,2,4,7,65,0.14576678612874755
CS2_36,963,CS2_36_2_3_11.xlsx,37,2011-02-01 23:51:10,0.16693609950325694,0.1517600904575063,0.21892077182496392,0.47658600148549035,0.8042624347965511,,,,346.0,2258.0,2,4,7,66,0.14581935376408212
CS2_36,964,CS2_36_2_3_11.xlsx,38,2011-02-02 00:50:28,0.16665936768827727,0.15150851608025206,0.22015442768953683,0.475417311730494,0.8025564988680899,,,,348.0,2248.0,2,4,7,65,0.14557762741162525
CS2_36,965,CS2_36_2_3_11.xlsx,39,2011-02-02 01:49:37,0.16545934198767576,0.15041758362515978,0.21889494401263634,0.4754673794629765,0.7978017375671583,,,,346.0,2248.0,2,4,7,65,0.14452940013973678
CS2_36,966,CS2_36_2_3_11.xlsx,40,2011-02-02 02:48:40,0.16489050272605077,0.14990045702368252,0.2164064565080892,0.47343101282529804,0.8000196105581234,,,,342.0,2240.0,2,4,7,64,0.14403251675877474
CS2_36,967,CS2_36_2_3_11.xlsx,41,2011-02-02 03:47:28,0.1641287892141552,0.14920799019468653,0.21448258445492444,0.47258756120656453,0.8004164046081425,,,,339.0,2236.0,2,4,7,65,0.1433671569451185
CS2_36,968,CS2_36_2_3_11.xlsx,42,2011-02-02 04:46:08,0.16324450134196233,0.14840409212905664,0.21195246961043765,0.47110667235602527,0.8003515879884708,,,,335.0,2230.0,2,4,7,64,0.14259472793516634
CS2_36,969,CS2_36_2_3_11.xlsx,43,2011-02-02 05:44:35,0.16251345980129717,0.14773950891027013,0.21072775016801237,0.4682513122661747,0.8004987417869219,,,,333.0,2227.0,2,4,7,64,0.141956160211638
CS2_36,970,CS2_36_2_3_11.xlsx,44,2011-02-02 06:42:54,0.16203846358448803,0.14730769416771639,0.20819988633352202,0.46756391165699535,0.8028842306007904,,,,329.0,2220.0,2,4,7,63,0.14154124910743948
CS2_36,971,CS2_36_2_3_11.xlsx,45,2011-02-02 07:41:01,0.16082502408747246,0.14620456735224768,0.20757256099136023,0.4661621954916897,0.7976275396389336,,,,328.0,2214.0,2,4,7,64,0.14048130483047877
CS2_36,972,CS2_36_2_3_11.xlsx,46,2011-02-02 08:38:57,0.1613148432093805,0.14664985746307316,0.2037789392189751,0.46552276243020557,0.8060333260831756,,,,322.0,2210.0,2,4,7,63,0.14090916380184837
CS2_36,973,CS2_36_2_3_11.xlsx,47,2011-02-02 09:36:44,0.1643515495683605,0.14941049960760044,0.2063181090126083,0.46483260394119913,0.819461845453134,,,,326.0,2212.0,2,4,7,64,0.14356173900969973
CS2_36,974,CS2_36_2_3_11.xlsx,48,2011-02-02 10:34:48,0.16663685821188245,0.15148805291989312,0.21573870840560264,0.4700506028867839,0.8138658693317633,,,,341.0,2211.0,2,4,7,66,0.14555796529353798
CS2_36,975,CS2_36_2_3_11.xlsx,49,2011-02-02 11:33:13,0.16490186201164647,0.14991078364695132,0.22204960004380028,0.47091255601839765,0.7978650137256013,,,,351.0,2213.0,2,4,7,65,0.14404243914039092
CS2_36,976,CS2_36_2_3_11.xlsx,50,2011-02-02 12:31:45,0.17015585568919,0.15468714153562726,0.2195404940610268,0.4689941957370025,0.8277064941267523,,,,347.0,2213.0,2,4,7,66,0.14863182373137943
