battery,cycle,source_file,local_cycle,start_time,capacity_Ah,SOH,HF1,HF2,HF3,HF4,HF5,HF6,HF7,HF8,cc_steps,cv_steps,discharge_steps,n_points,SOH_initial
CS2_35,1,CS2_35_8_17_10.xlsx,1,2010-08-16 13:44:57,1.138460075392183,1.0349637049019844,4.07975468436319,0.5384558112470784,0.9007349642211465,1.054488074977492,3.562528903072602,3.599999999999987,6736.0,2312.0,2,4,7,1091,1.0
CS2_35,2,CS2_35_8_18_10.xlsx,1,2010-08-17 14:30:57,1.128559536014668,1.0259632145587891,4.0001447368889895,0.5218155257227491,0.9118676513113593,1.054975178721259,3.5470934866913084,3.604999999999987,6613.0,2252.0,2,4,7,383,0.9913035691004761
CS2_35,3,CS2_35_8_19_10.xlsx,1,2010-08-18 10:59:23,1.128331882762185,1.0257562570565317,3.997364837554545,0.5178810608321938,0.9135140567917645,1.0555543865540091,3.54940411386375,3.604999999999987,6612.0,2232.0,2,4,7,383,0.9911036031487456
CS2_35,4,CS2_35_8_30_10.xlsx,1,2010-08-19 14:21:41,1.127924190617803,1.0253856278343663,3.995491530012971,0.5178451123359268,0.9136513327430333,1.0550965869280609,3.565388851308691,3.604999999999987,6608.0,2228.0,2,4,7,382,0.9907454947238703
CS2_35,5,CS2_35_8_30_10.xlsx,2,2010-08-19 17:57:41,1.1221805257538309,1.0201641143216644,3.9831855179286757,0.5193570758330069,0.91331441028605,1.0573667967010203,3.6784368735515725,3.614999999999987,6604.0,2247.0,2,4,7,381,0.9857003772110814
CS2_35,6,CS2_35_8_30_10.xlsx,3,2010-08-19 21:33:39,1.120196534445049,1.0183604858591355,3.9946939794996004,0.4847722799908945,0.9181794883423557,1.0527939257094237,3.6854089082615014,3.614999999999987,6629.0,2078.0,2,4,7,381,0.9839576799029669
CS2_35,7,CS2_35_8_30_10.xlsx,4,2010-08-20 01:07:04,1.1140515099605253,1.0127740999641137,3.988237754751369,0.4772434606170114,0.9156605813772364,1.0421371540434547,3.4397502493952192,3.614999999999987,6620.0,2043.0,2,4,7,381,0.9785600163244642
CS2_35,8,CS2_35_8_30_10.xlsx,5,2010-08-20 04:39:25,1.1018670215235868,1.0016972922941698,3.9326859971365966,0.5053229482914318,0.9082047760326561,1.0338871967286787,3.506065104334585,3.609999999999987,6520.0,2167.0,2,4,7,376,0.9678574113756335
CS2_35,9,CS2_35_8_30_10.xlsx,6,2010-08-20 08:11:30,1.0968900192215791,0.99717274474689,3.8960355878987807,0.5047619598998359,0.9117822132958061,1.0286578447393533,3.4622961275530733,3.609999999999987,6456.0,2160.0,2,4,7,375,0.9634857145462185
CS2_35,10,CS2_35_8_30_10.xlsx,7,2010-08-20 11:42:08,1.0934591701079714,0.9940537910072467,3.879801790756317,0.5031462193728441,0.912810690631479,1.0259999779808269,3.4492459932172053,3.609999999999987,6428.0,2152.0,2,4,7,372,0.9604721269924996
CS2_35,11,CS2_35_8_30_10.xlsx,8,2010-08-20 15:11:59,1.0889745712860597,0.9899768829873269,3.86689915454243,0.5015955556552779,0.9117479076573569,1.021178045226687,3.4068768459092076,3.609999999999987,6406.0,2145.0,2,4,7,371,0.9565329472892791
CS2_35,12,CS2_35_8_30_10.xlsx,9,2010-08-20 18:41:06,1.0951266725508546,0.9955697023189587,3.8607798932216353,0.4954593194625505,0.9222626065754675,1.0325241582735594,3.5949036478380205,3.614999999999987,6393.0,2105.0,2,4,7,372,0.9619368269665489
CS2_35,13,CS2_35_8_30_10.xlsx,10,2010-08-20 22:09:40,1.096629623838849,0.9969360216716809,3.89982753829298,0.4733526651188518,0.920875630686704,1.0324035780902114,3.60913948416599,3.619999999999987,6468.0,2020.0,2,4,7,375,0.9632569885782566
CS2_35,14,CS2_35_8_30_10.xlsx,11,2010-08-21 01:38:09,1.0964337765466325,0.9967579786787568,3.907703232355516,0.46563491957669256,0.921009694184189,1.0315879487723636,3.627671001829957,3.619999999999987,6483.0,1983.0,2,4,7,375,0.9630849603302312
CS2_35,15,CS2_35_8_30_10.xlsx,12,2010-08-21 05:06:16,1.0960045941027943,0.996367812820722,3.9106012958666523,0.4621510715516607,0.9212324834645438,1.0310602004983562,3.629315289385415,3.619999999999987,6489.0,1969.0,2,4,7,375,0.9627079752667098
CS2_35,16,CS2_35_8_30_10.xlsx,13,2010-08-21 08:34:13,1.095440271496269,0.9958547922693354,3.9100741597778876,0.46044110444879116,0.9214294783340213,1.0301363159575547,3.6290788323516283,3.619999999999987,6489.0,1960.0,2,4,7,375,0.9622122858536833
CS2_35,17,CS2_35_8_30_10.xlsx,14,2010-08-21 12:01:59,1.0949712373287053,0.9954283975715502,3.9113149673660357,0.455180845235677,0.9220248181158713,1.029389049588074,3.646647667656655,3.619999999999987,6492.0,1935.0,2,4,7,375,0.9618002958527145
CS2_35,18,CS2_35_8_30_10.xlsx,15,2010-08-21 15:29:21,1.0944633456725317,0.9949666778841196,3.9127849723656776,0.4514837214423935,0.9222190614023166,1.028372404060558,3.646307196143328,3.619999999999987,6495.0,1922.0,2,4,7,375,0.9613541742300492
CS2_35,19,CS2_35_8_30_10.xlsx,16,2010-08-21 18:56:32,1.0937233990850252,0.9942939991682047,3.9111867274451813,0.44951124956999666,0.9225895036624793,1.027580608633482,3.6388104909483188,3.619999999999987,6493.0,1911.0,2,4,7,375,0.9607042203111544
CS2_35,20,CS2_35_8_30_10.xlsx,17,2010-08-21 22:23:28,1.0927428287855214,0.9934025716232012,3.909168572922519,0.44916646798583937,0.9223417777590904,1.0265119188558482,3.6469162133657362,3.619999999999987,6490.0,1905.0,2,4,7,375,0.9598429074546926
CS2_35,21,CS2_35_8_30_10.xlsx,18,2010-08-22 01:50:11,1.0920279098473173,0.9927526453157429,3.907216124055965,0.44766662159908105,0.9224660882957217,1.0257700967063526,3.6492990042128026,3.619999999999987,6487.0,1900.0,2,4,7,374,0.9592149373100586
CS2_35,22,CS2_35_8_30_10.xlsx,19,2010-08-22 05:16:44,1.0912405084062158,0.9920368258238325,3.903926583838653,0.4464557861779633,0.9230089803488768,1.0247917968548057,3.639248278243945,3.619999999999987,6482.0,1898.0,2,4,7,373,0.9585233000202482
CS2_35,23,CS2_35_8_30_10.xlsx,20,2010-08-22 08:43:08,1.0905643665954408,0.9914221514504006,3.9021962092019096,0.4447635583751076,0.9230894349196036,1.0241841439563568,3.6347117280499215,3.619999999999987,6479.0,1887.0,2,4,7,373,0.9579293909096963
CS2_35,24,CS2_35_8_30_10.xlsx,21,2010-08-22 12:09:16,1.0899588406368856,0.9908716733062596,3.9009078639506667,0.4434126145790203,0.9232749628528873,1.0232753999668551,3.642013870977856,3.619999999999987,6477.0,1880.0,2,4,7,373,0.9573975093166185
CS2_35,25,CS2_35_8_30_10.xlsx,22,2010-08-22 15:35:13,1.0893160835515552,0.9902873486832319,3.9004500692888633,0.4418291285058496,0.9234675469490544,1.0223309376251388,3.64158783794718,3.619999999999987,6477.0,1871.0,2,4,7,373,0.9568329246647509
CS2_35,26,CS2_35_8_30_10.xlsx,23,2010-08-22 19:00:57,1.0884964314191485,0.9895422103810441,3.8979987434764096,0.4409805258406163,0.923459158781424,1.0213240245724213,3.6345882119086843,3.619999999999987,6473.0,1871.0,2,4,7,373,0.9561129590286048
CS2_35,27,CS2_35_8_30_10.xlsx,24,2010-08-22 22:26:35,1.0877169210905144,0.9888335646277403,3.894501505180346,0.44087755020347236,0.9235175374917588,1.020507655935253,3.640388024328478,3.619999999999987,6467.0,1871.0,2,4,7,373,0.9554282531302749
CS2_35,28,CS2_35_8_30_10.xlsx,25,2010-08-23 01:52:06,1.0769223629161004,0.9790203299237276,3.8921524527895217,0.4386027041985154,0.9131341690783668,1.008085108269079,3.4634833067769892,3.614999999999987,6463.0,1844.0,2,4,7,372,0.9459465344404953
CS2_35,29,CS2_35_8_30_10.xlsx,26,2010-08-23 05:16:29,1.0693937679740344,0.9721761527036675,3.8165829580264226,0.4746757049893783,0.9137223752447335,1.0052002496611352,3.42826149358328,3.609999999999987,6327.0,2020.0,2,4,7,367,0.9393335709253078
CS2_35,30,CS2_35_8_30_10.xlsx,27,2010-08-23 08:41:09,1.065709406940691,0.9688267335824462,3.794762547639849,0.47650164010739,0.9144661104911826,1.001496044864306,3.4090396505111094,3.609999999999987,6287.0,2029.0,2,4,7,365,0.9360973036964599
CS2_35,31,CS2_35_8_30_10.xlsx,28,2010-08-23 12:05:05,1.0629901327650906,0.9663546661500823,3.7756896184198783,0.4819017740121782,0.9147885013704171,0.999425575180924,3.3640169036274585,3.609999999999987,6254.0,2053.0,2,4,7,364,0.9337087489861301
CS2_35,32,CS2_35_8_30_10.xlsx,29,2010-08-23 15:28:43,1.0599717914517583,0.9636107195015984,3.765416281337361,0.48269174555845534,0.9137664294976219,0.9972348627021813,3.3930719316949856,3.609999999999987,6236.0,2054.0,2,4,7,363,0.9310574998307372
CS2_35,33,CS2_35_8_30_10.xlsx,30,2010-08-23 18:51:55,1.0701985733937889,0.9729077939943535,3.7707248681778553,0.471007844295058,0.9267268863565098,1.0084541971425243,3.5298238581618486,3.614999999999987,6243.0,1999.0,2,4,7,365,0.9400404955133108
CS2_35,34,CS2_35_8_30_10.xlsx,31,2010-08-23 22:14:52,1.0725840589251092,0.9750764172046447,3.818204971327135,0.45514763887688536,0.9227245544902289,1.0094874921002843,3.541058563787023,3.619999999999987,6332.0,1932.0,2,4,7,366,0.9421358571187659
CS2_35,35,CS2_35_8_30_10.xlsx,32,2010-08-24 01:38:18,1.0645397454485064,0.9677634049531876,3.8283672713743413,0.4514146736190761,0.9130131888882812,0.9958186553982085,3.3614397278713453,3.609999999999987,6351.0,1917.0,2,4,7,367,0.9350698970113536
CS2_35,36,CS2_35_8_30_10.xlsx,33,2010-08-24 05:01:22,1.056769464542846,0.9606995132207691,3.7639643932597533,0.48231023736427775,0.9118907213095624,0.9928683651743604,3.3276223711557407,3.609999999999987,6235.0,2051.0,2,4,7,362,0.9282446414985649
CS2_35,37,CS2_35_8_30_10.xlsx,34,2010-08-24 08:24:18,1.0543356739686232,0.9584869763351119,3.7404046061676963,0.4851644676163331,0.9139366513027983,0.9912972425795232,3.3409656497102302,3.604999999999987,6192.0,2066.0,2,4,7,361,0.9261068497333294
CS2_35,38,CS2_35_8_30_10.xlsx,35,2010-08-24 11:46:39,1.0529784632260402,0.9572531483873091,3.731924946412564,0.4844124362812579,0.9146405795449108,0.9907477138923094,3.3561236253997144,3.604999999999987,6178.0,2068.0,2,4,7,360,0.9249147036300807
CS2_35,39,CS2_35_8_30_10.xlsx,36,2010-08-24 15:08:43,1.0505779240942985,0.9550708400857258,3.7248936057432864,0.4858131716309695,0.9133356693467716,0.9883374525134127,3.3316818147544325,3.609999999999987,6166.0,2072.0,2,4,7,360,0.9228061192505057
CS2_35,40,CS2_35_8_30_10.xlsx,37,2010-08-24 18:30:32,1.060849450583568,0.9644085914396071,3.7303996719403707,0.47731379743520286,0.9258681177350765,0.9994728611387278,3.4775964459939765,3.614999999999987,6174.0,2018.0,2,4,7,361,0.9318284176264334
CS2_35,41,CS2_35_8_30_10.xlsx,38,2010-08-24 21:52:08,1.0632266261911596,0.9665696601737813,3.779987243598963,0.4587017468890117,0.9218904715762171,1.0006181795939713,3.497909550179509,3.614999999999987,6266.0,1951.0,2,4,7,364,0.9339164799651788
CS2_35,42,CS2_35_8_30_10.xlsx,39,2010-08-25 01:14:16,1.0579588820295385,0.9617808018450349,3.7913792692115416,0.45456024187839184,0.9151596536306011,0.9911320841256627,3.2625687162964465,3.609999999999987,6287.0,1932.0,2,4,7,365,0.9292894014443914
CS2_35,43,CS2_35_8_30_10.xlsx,40,2010-08-25 04:36:10,1.0483009619698223,0.9530008745180202,3.735825635137343,0.4864437824236485,0.9093050956324948,0.9856388588369354,3.3266945896302236,3.604999999999987,6187.0,2074.0,2,4,7,361,0.9208060823816749
CS2_35,44,CS2_35_8_30_10.xlsx,41,2010-08-25 07:58:14,1.0472601123057217,0.952054647550656,3.7084603396799545,0.4861337778818334,0.914534738994364,0.9852701806226252,3.334106451168277,3.604999999999987,6138.0,2071.0,2,4,7,358,0.9198918213666437
CS2_35,45,CS2_35_8_30_10.xlsx,42,2010-08-25 11:19:23,1.046369653048167,0.9512451391346972,3.705820270767492,0.4850714216569254,0.9146196131396898,0.9843790559002356,3.3283298336831013,3.604999999999987,6134.0,2068.0,2,4,7,358,0.9191096602028032
CS2_35,46,CS2_35_8_30_10.xlsx,43,2010-08-25 14:40:21,1.0446974382804797,0.9497249438913451,3.701592303035252,0.4853705333552196,0.9140495508432026,0.9821733943508223,3.306695109769979,3.609999999999987,6127.0,2072.0,2,4,7,358,0.9176408210192145
CS2_35,47,CS2_35_8_30_10.xlsx,44,2010-08-25 18:01:12,1.0510876393723336,0.9555342176112123,3.6904080351854334,0.49178743689315285,0.9219963742467703,0.9918095181675484,3.4467259030735176,3.614999999999987,6107.0,2107.0,2,4,7,358,0.923253842705243
CS2_35,48,CS2_35_8_30_10.xlsx,45,2010-08-25 21:22:39,1.0551797794607438,0.9592543449643125,3.742449362207825,0.4623001353965829,0.9217741632814658,0.9929778431902977,3.4447534620875198,3.614999999999987,6201.0,1969.0,2,4,7,361,0.9268482946995306
CS2_35,49,CS2_35_8_30_10.xlsx,46,2010-08-26 00:43:36,1.056437612902954,0.9603978299117762,3.757576686273594,0.45751739961484034,0.9212785352837027,0.9934660509753611,3.469765762310991,3.614999999999987,6229.0,1947.0,2,4,7,363,0.9279531498186501
CS2_35,50,CS2_35_8_30_10.xlsx,47,2010-08-26 04:04:42,1.0436224557229465,0.9487476870208604,3.733956331849509,0.48139913431762404,0.9068758898152828,0.9808888341647055,3.310512824732496,3.604999999999987,6187.0,2057.0,2,4,7,360,0.9166965783700705
CS2_35,51,CS2_35_8_30_10.xlsx,48,2010-08-26 07:26:15,1.0425812379337742,0.9478011253943401,3.6920594225321555,0.48390614735814685,0.9146053333001393,0.9802050105496946,3.302860069431228,3.609999999999987,6111.0,2061.0,2,4,7,357,0.91578199400152
CS2_35,52,CS2_35_8_30_10.xlsx,49,2010-08-26 10:46:32,1.0413929246097382,0.9467208405543074,3.6866352295092586,0.4853392797099562,0.9145707347426303,0.979860982858084,3.3094766118564807,3.609999999999987,6102.0,2066.0,2,4,7,357,0.9147382039295435
CS2_35,53,CS2_35_8_30_10.xlsx,50,2010-08-26 14:06:40,1.03942156973811,0.9449286997619181,3.6826690892956777,0.484871684811794,0.9134253931807176,0.9772900889230767,3.299772357170131,3.604999999999987,6095.0,2066.0,2,4,7,357,0.9130066062088689
CS2_35,54,CS2_35_9_7_10.xlsx,1,2010-08-31 13:30:15,1.088175646203478,0.9892505874577071,3.701244001545465,0.48323136274685025,0.9537839553420127,1.0173647493003142,3.4166508160477456,3.604999999999987,6109.0,2072.0,2,4,7,361,0.9558311878689442
CS2_35,55,CS2_35_9_7_10.xlsx,2,2010-08-31 16:53:09,1.084437407502514,0.9858521886386491,3.850902071893915,0.4944777657980983,0.9148718047458091,1.0195651883305836,3.512254161155312,3.599999999999987,6386.0,2112.0,2,4,7,369,0.9525475956009622
CS2_35,56,CS2_35_9_7_10.xlsx,3,2010-08-31 20:21:09,1.0882277214600644,0.9892979286000585,3.8632041365185463,0.4710968776209951,0.9226893301045498,1.0207591730604273,3.588153694551298,3.609999999999987,6410.0,2004.0,2,4,7,371,0.9558769297071623
CS2_35,57,CS2_35_9_7_10.xlsx,4,2010-08-31 23:47:56,1.087850365595712,0.9889548778142835,3.8759702871889212,0.46311027027915314,0.9219003551827827,1.0200635716745607,3.596120085544551,3.609999999999987,6435.0,1973.0,2,4,7,372,0.95554546804899
CS2_35,58,CS2_35_9_7_10.xlsx,5,2010-09-01 03:14:38,1.0782698373830115,0.9802453067118285,3.851150345156572,0.4803950916638545,0.9127430662125176,1.011982539625856,3.4303048231424227,3.599999999999987,6395.0,2045.0,2,4,7,370,0.9471301283987172
CS2_35,59,CS2_35_9_7_10.xlsx,6,2010-09-01 06:41:19,0.9617705049686744,0.8743368226987949,3.8128056268978527,,,,,,6321.0,,2,,7,334,0.8447995022024453
CS2_35,60,CS2_35_9_7_10.xlsx,7,2010-09-01 09:26:20,1.0728071956496121,0.9752792687723746,3.8115225714016034,0.4950701337004092,0.9128889454772338,1.0084596825344863,3.3989561605076326,3.599999999999987,6319.0,2108.0,2,4,7,366,0.942331855844875
CS2_35,61,CS2_35_9_7_10.xlsx,8,2010-09-01 12:52:30,1.0700660853414048,0.9727873503103679,3.7943075715878765,0.49093838231419135,0.9151099682386273,1.0061290335040098,3.4061417598087176,3.599999999999987,6289.0,2091.0,2,4,7,365,0.9399241207231466
CS2_35,62,CS2_35_9_7_10.xlsx,9,2010-09-01 16:17:45,1.0614991004710603,0.9649991822464185,3.760553636233613,0.510290489171604,0.9086899736767092,0.9979572432184797,3.2879204309795553,3.5949999999999873,6233.0,2176.0,2,4,7,362,0.9323990567744673
CS2_35,63,CS2_35_9_7_10.xlsx,10,2010-09-01 19:43:00,1.0635983427722397,0.9669075843383997,3.74863122527005,0.5010032621539376,0.916412997587154,1.0014550604996526,3.3792625013884523,3.599999999999987,6206.0,2128.0,2,4,7,361,0.9342429881924894
CS2_35,64,CS2_35_9_7_10.xlsx,11,2010-09-01 23:07:07,1.061220140341284,0.9647455821284399,3.7526366383606615,0.4994826148465829,0.9136008994438145,0.9993201307273125,3.3592305531365545,3.599999999999987,6216.0,2127.0,2,4,7,362,0.9321540239131434
CS2_35,65,CS2_35_9_7_10.xlsx,12,2010-09-02 02:31:15,1.0531201322255583,0.9573819383868711,3.732933541055509,0.5057464766769248,0.907679408259693,0.9890016878474046,3.2456441602116275,3.5949999999999873,6183.0,2163.0,2,4,7,361,0.9250391427760641
CS2_35,66,CS2_35_9_7_10.xlsx,13,2010-09-02 05:55:02,1.050843021108772,0.9553118373716109,3.6954213128860194,0.5208361308413021,0.9104328828823057,0.9877242355223245,3.2627985313147954,3.5949999999999873,6114.0,2208.0,2,4,7,357,0.9230389750354415
CS2_35,67,CS2_35_9_7_10.xlsx,14,2010-09-02 09:18:16,1.0488008978978343,0.9534553617253038,3.6924306143498473,0.5156463904357386,0.9106975685589684,0.9859879469937974,3.260301775245647,3.599999999999987,6109.0,2190.0,2,4,7,357,0.9212452158557581
CS2_35,68,CS2_35_9_7_10.xlsx,15,2010-09-02 12:41:00,1.0473456793209124,0.9521324357462839,3.688187728579266,0.512429479909492,0.9111443828701036,0.9842808439556547,3.2452999979045742,3.5949999999999873,6101.0,2175.0,2,4,7,357,0.9199669816792803
CS2_35,69,CS2_35_9_7_10.xlsx,16,2010-09-02 16:03:15,1.0428043583396942,0.9480039621269947,3.6732815029565913,0.5192662805223277,0.9082795637115547,0.9794801964859803,3.206659987950013,3.5949999999999873,6077.0,2213.0,2,4,7,356,0.9159779783937203
CS2_35,70,CS2_35_9_7_10.xlsx,17,2010-09-02 19:25:31,1.045017254466135,0.9500156858783044,3.6650005613736965,0.5156442050123297,0.9136704207297337,0.9843336550611934,3.2837260782936286,3.599999999999987,6060.0,2193.0,2,4,7,355,0.9179217410027678
CS2_35,71,CS2_35_9_7_10.xlsx,18,2010-09-02 22:47:16,1.04424412006804,0.9493128364254907,3.6749769584256873,0.5103200180588641,0.9123910403905164,0.9836255416200578,3.278295106915788,3.599999999999987,6080.0,2174.0,2,4,7,355,0.9172426355911629
CS2_35,72,CS2_35_9_7_10.xlsx,19,2010-09-03 02:09:01,1.038671648968954,0.9442469536081399,3.6724934602288726,0.5073890784769056,0.9075401330014377,0.975454013953104,3.182628270321054,3.5949999999999873,6076.0,2160.0,2,4,7,355,0.9123478911732119
CS2_35,73,CS2_35_9_7_10.xlsx,20,2010-09-03 05:30:09,1.0363265562819315,0.9421150511653922,3.6373442251877854,0.5243482236226154,0.9091779915356509,0.9744095107598637,3.1877638979308744,3.5949999999999873,6014.0,2237.0,2,4,7,353,0.9102880098144259
CS2_35,74,CS2_35_9_7_10.xlsx,21,2010-09-03 08:51:24,1.0353606893562812,0.941236990323892,3.637442801055338,0.5176515744815272,0.9100615619124067,0.9730217880113415,3.227902322137801,3.5949999999999873,6014.0,2216.0,2,4,7,352,0.9094396121002438
CS2_35,75,CS2_35_9_7_10.xlsx,22,2010-09-03 12:12:14,1.0343391965540647,0.9403083605036952,3.6325777596411326,0.5161152802570433,0.9107979749215421,0.9724271094874494,3.2143414198278837,3.5949999999999873,6006.0,2202.0,2,4,7,352,0.9085423537560154
CS2_35,76,CS2_35_9_7_10.xlsx,23,2010-09-03 15:32:41,1.0299574524353758,0.9363249567594325,3.625252505503068,0.5186377132088583,0.9069694147346619,0.9670938276531081,3.2123021385920953,3.5949999999999873,5994.0,2219.0,2,4,7,351,0.904693519516326
CS2_35,77,CS2_35_9_7_10.xlsx,24,2010-09-03 18:52:57,1.0337382881386468,0.9397620801260425,3.615845142112277,0.5158812274208625,0.9145883972514176,0.9738187443205419,3.26118921014377,3.5949999999999873,5975.0,2202.0,2,4,7,352,0.9080145281182029
CS2_35,78,CS2_35_9_7_10.xlsx,25,2010-09-03 22:12:50,1.0333374724450657,0.939397702222787,3.6349028415051525,0.5078043626804838,0.9118706150005527,0.9729182410677437,3.2509077842610172,3.599999999999987,6011.0,2175.0,2,4,7,353,0.9076624598267936
CS2_35,79,CS2_35_9_7_10.xlsx,26,2010-09-04 01:32:50,1.0320593784099614,0.9382357985545103,3.630091794138949,0.5090130959525601,0.9114592220967739,0.971628115226609,3.24632842554802,3.5949999999999873,6003.0,2174.0,2,4,7,353,0.9065398082180721
CS2_35,80,CS2_35_9_7_10.xlsx,27,2010-09-04 04:52:39,1.030474826612128,0.9367952969201163,3.6254386485175636,0.5103606952301897,0.9108176665627987,0.9697086548584841,3.2246419017111028,3.5949999999999873,5995.0,2176.0,2,4,7,352,0.9051479703907441
CS2_35,81,CS2_35_9_7_10.xlsx,28,2010-09-04 08:12:15,1.0293648125596206,0.9357861932360187,3.6208224652039696,0.5084856027091051,0.9111689604506404,0.968536638700349,3.2426257490228787,3.599999999999987,5987.0,2175.0,2,4,7,351,0.9041729567943078
CS2_35,82,CS2_35_9_7_10.xlsx,29,2010-09-04 11:31:38,1.0292608696450323,0.935691699677302,3.617282192734683,0.5080834128428696,0.9122801116634269,0.9688642764093199,3.25814264982949,3.599999999999987,5981.0,2168.0,2,4,7,351,0.9040816554682138
CS2_35,83,CS2_35_9_7_10.xlsx,30,2010-09-04 14:50:47,1.0281706728899742,0.9347006117181583,3.6167344871036073,0.5064739783243549,0.91175820078657,0.9675076465649683,3.2356414483523466,3.599999999999987,5981.0,2167.0,2,4,7,351,0.9031240489797452
CS2_35,84,CS2_35_9_7_10.xlsx,31,2010-09-04 18:09:53,1.026195017556784,0.9329045614152581,3.6085974766272666,0.5105875503612766,0.9106963043758644,0.9655720702890855,3.2036843769393104,3.5949999999999873,5967.0,2178.0,2,4,7,350,0.9013886738217629
CS2_35,85,CS2_35_9_7_10.xlsx,32,2010-09-04 21:28:48,1.0249085521682062,0.931735047425642,3.602147989468919,0.5103815358203884,0.9107427102820386,0.9642683571746488,3.205728978934465,3.599999999999987,5956.0,2181.0,2,4,7,350,0.9002586689877026
CS2_35,86,CS2_35_9_7_10.xlsx,33,2010-09-05 00:47:32,1.0239731757096138,0.9308847051905579,3.5965267591364936,0.5111366854906528,0.9112675546999641,0.9635257848716267,3.2218774455739863,3.5949999999999873,5946.0,2186.0,2,4,7,350,0.8994370534749494
CS2_35,87,CS2_35_9_7_10.xlsx,34,2010-09-05 04:06:07,1.0225803954319375,0.9296185413017612,3.5917717133051146,0.5117977330684026,0.9106704955928022,0.9617963140616129,3.1996100559654534,3.599999999999987,5938.0,2190.0,2,4,7,349,0.8982136638209938
CS2_35,88,CS2_35_9_7_10.xlsx,35,2010-09-05 07:24:34,1.0218005422477745,0.9289095838616132,3.587672559272407,0.5113995199722486,0.9108928877442998,0.9613129027873504,3.2069694375171505,3.599999999999987,5931.0,2190.0,2,4,7,349,0.8975286567653934
CS2_35,89,CS2_35_9_7_10.xlsx,36,2010-09-05 10:42:51,1.0209160902815597,0.9281055366195997,3.5836271548465337,0.5120738753395239,0.9110945436626122,0.9601991084662383,3.191407190241137,3.599999999999987,5924.0,2189.0,2,4,7,347,0.8967517722831597
CS2_35,90,CS2_35_9_7_10.xlsx,37,2010-09-05 14:00:58,1.0211341513140297,0.9283037739218452,3.582504603942615,0.5110395599997084,0.9120802132421743,0.9608493327728758,3.231912299198405,3.599999999999987,5922.0,2191.0,2,4,7,349,0.8969433126254022
CS2_35,91,CS2_35_9_7_10.xlsx,38,2010-09-05 17:19:05,1.0193592566289809,0.9266902332990734,3.5808879244372775,0.5121404697288702,0.9102845883387425,0.9585895407744324,3.186493654939594,3.599999999999987,5920.0,2191.0,2,4,7,347,0.8953842815066013
CS2_35,92,CS2_35_9_7_10.xlsx,39,2010-09-05 20:37:04,1.0182400087577292,0.9256727352342993,3.5746162846230427,0.5123774880471471,0.9102275859201847,0.9575429206590178,3.1927579901600347,3.599999999999987,5909.0,2190.0,2,4,7,347,0.8944011571130066
CS2_35,93,CS2_35_9_7_10.xlsx,40,2010-09-05 23:54:48,1.017626696473748,0.925115178612498,3.5688984432739237,0.5138652884005782,0.910883428980813,0.9570607403145308,3.1859302678506576,3.5949999999999873,5899.0,2196.0,2,4,7,347,0.893862436171238
CS2_35,94,CS2_35_9_7_10.xlsx,41,2010-09-06 03:12:25,1.0080430047460567,0.9164027315873242,3.548342801119125,0.5277525037584386,0.9016462526958681,0.9437638170412601,3.0965966882914193,3.5949999999999873,5865.0,2266.0,2,4,7,345,0.8854443177542265
CS2_35,95,CS2_35_9_7_10.xlsx,42,2010-09-06 06:30:08,1.0044933039434554,0.9131757308576867,3.5070530416467762,0.53825878109628,0.9044708638096667,0.9405045135808916,3.0295315575907233,3.5899999999999874,5790.0,2299.0,2,4,7,342,0.8823263333124984
CS2_35,96,CS2_35_9_7_10.xlsx,43,2010-09-06 09:46:57,1.0034222374996418,0.9122020340905833,3.4976432154875026,0.5378798961066461,0.9056329584408491,0.9400776216874093,3.079878793948531,3.5899999999999874,5773.0,2314.0,2,4,7,341,0.8813855304973934
CS2_35,97,CS2_35_9_7_10.xlsx,44,2010-09-06 13:03:40,1.0017232315211757,0.9106574832010688,3.4895615985029913,0.5413052940088741,0.9051152566893114,0.9380013204595956,3.0458046950085564,3.5849999999999875,5759.0,2315.0,2,4,7,340,0.8798931584632835
CS2_35,98,CS2_35_9_7_10.xlsx,45,2010-09-06 16:20:05,,,1.0569276448598437,,,,,,1801.0,,2,,,65,
CS2_35,99,CS2_35_9_8_10.xlsx,1,2010-09-07 10:44:17,1.020026918835027,0.9272971989409337,2.430219657424461,0.5157970719857715,1.264596942658222,0.954588430760363,3.0665186639427398,3.5899999999999874,3955.0,2218.0,2,4,7,281,0.8959707423061302
CS2_35,100,CS2_35_9_8_10.xlsx,2,2010-09-07 13:30:01,1.0188163258140972,0.9261966598309974,3.578298623619433,0.5162990684430832,0.9088148572090763,0.9555328541331068,3.137672534891667,3.5899999999999874,5914.0,2218.0,2,4,7,347,0.8949073822049752
CS2_35,101,CS2_35_9_8_10.xlsx,3,2010-09-07 16:48:19,1.0163511724023278,0.9239556112748434,3.5697269580566293,0.5164409024039129,0.9077002714575192,0.9523988966689569,3.08918704658283,3.5899999999999874,5900.0,2215.0,2,4,7,346,0.8927420419659509
CS2_35,102,CS2_35_9_8_10.xlsx,4,2010-09-07 20:06:13,1.0249322723399295,0.9317566112181176,3.584124902491883,0.4963644833849894,0.919930646936789,0.9646802333921219,3.243268702998639,3.599999999999987,5926.0,2124.0,2,4,7,348,0.9002795043004518
CS2_35,103,CS2_35_9_8_10.xlsx,5,2010-09-07 23:23:30,1.0252268917339098,0.932024447030827,3.6137917425021873,0.49169427865455595,0.9148480231241778,0.9645134259067045,3.2487557124157544,3.599999999999987,5980.0,2106.0,2,4,7,350,0.9005382919385504
CS2_35,104,CS2_35_9_8_10.xlsx,6,2010-09-08 02:41:23,1.0151026956906355,0.9228206324460322,3.5974195262391246,0.5016178478206262,0.9048325657471028,0.9523655193447119,3.1129081568382673,3.5899999999999874,5955.0,2165.0,2,4,7,348,0.8916454056071728
CS2_35,105,CS2_35_9_8_10.xlsx,7,2010-09-08 05:59:19,0.9075873213617713,0.8250793830561557,3.5506195476069085,0.5194117919838046,0.8227114078404967,,,,5867.0,2225.0,2,4,7,330,0.797206104086804
CS2_35,106,CS2_35_9_21_10.xlsx,1,2010-09-14 13:57:43,1.04442969962159,0.9494815451105363,3.1861926334248527,0.5075880402801346,1.0345358386593113,0.9731693602657941,3.1177480093058985,3.5899999999999874,5227.0,2177.0,2,4,7,327,0.9174056448679583
CS2_35,107,CS2_35_9_21_10.xlsx,2,2010-09-14 17:05:17,1.0437755096501178,0.9488868269546524,3.669648752496442,0.5154552381509986,0.9122127161161955,0.9819166401887021,3.5744570963071807,3.5899999999999874,6071.0,2209.0,2,4,7,355,0.9168310178031955
CS2_35,108,CS2_35_9_21_10.xlsx,3,2010-09-14 20:27:26,1.050990263677011,0.9554456942518281,3.7004256987912414,0.484477281604134,0.922081006902314,0.9872580656932697,3.393135013359633,3.604999999999987,6128.0,2070.0,2,4,7,358,0.9231683098899715
CS2_35,109,CS2_35_9_21_10.xlsx,4,2010-09-14 23:48:35,1.052039919305375,0.9563999266412501,3.7236616962934943,0.47778115939808813,0.9195671575797814,0.9882253616166171,3.4044938198279975,3.604999999999987,6171.0,2043.0,2,4,7,359,0.9240903058835529
CS2_35,110,CS2_35_9_21_10.xlsx,5,2010-09-15 03:10:05,1.037976612948599,0.9436151026805445,3.686437364947146,0.5107082721909786,0.9035699293409966,0.9709366506786405,3.070516260495647,3.5849999999999875,6111.0,2192.0,2,4,7,355,0.91173738577616
CS2_35,111,CS2_35_9_21_10.xlsx,6,2010-09-15 06:32:18,1.0374401709727694,0.9431274281570631,3.63555694692916,0.5228061406556557,0.911259031130071,0.9739002818345577,3.2611024608905668,3.5899999999999874,6012.0,2228.0,2,4,7,352,0.9112661861377848
CS2_35,112,CS2_35_9_21_10.xlsx,7,2010-09-15 09:53:27,1.0382883086679584,0.9438984624254166,3.6383563151510407,0.5139324381212773,0.9140929746824357,0.9758904823429523,3.2499077979949025,3.5899999999999874,6018.0,2180.0,2,4,7,352,0.9120111729085301
CS2_35,113,CS2_35_9_21_10.xlsx,8,2010-09-15 13:13:55,1.0358024433493398,0.9416385848630361,3.6386940080313646,0.5145335540250264,0.9110663875563197,0.9719267349000299,3.131869191898917,3.5849999999999875,6019.0,2196.0,2,4,7,352,0.9098276397549742
CS2_35,114,CS2_35_9_21_10.xlsx,9,2010-09-15 16:34:32,1.0339602853298189,0.9399638957543807,3.614674765754782,0.5287386956688142,0.9113268748771925,0.9713936626951706,3.163568747321522,3.5849999999999875,5978.0,2252.0,2,4,7,351,0.9082095259015864
CS2_35,115,CS2_35_9_21_10.xlsx,10,2010-09-15 19:55:19,1.0429328467616603,0.9481207697833275,3.6466516351094698,0.49504156626827733,0.9231858804211431,0.983233013730223,3.3558113539191297,3.599999999999987,6033.0,2109.0,2,4,7,354,0.916090839990489
CS2_35,116,CS2_35_9_21_10.xlsx,11,2010-09-15 23:15:07,1.0434018927645372,0.9485471752404883,3.6806599663556647,0.48668397190608126,0.9185338757309474,0.982352017341887,3.3714123209471034,3.599999999999987,6097.0,2074.0,2,4,7,356,0.9165028403873543
CS2_35,117,CS2_35_9_21_10.xlsx,12,2010-09-16 02:35:24,1.0326731781382854,0.9387937983075321,3.661570974212949,0.497708491958774,0.9072798457739334,0.9697315422180027,3.1636259219623217,3.5899999999999874,6068.0,2139.0,2,4,7,354,0.9070789573209622
CS2_35,118,CS2_35_9_21_10.xlsx,13,2010-09-16 05:55:44,1.02850327730828,0.9350029793711636,3.6043142182995913,0.5267917149263294,0.9089401107540482,0.9655839144388269,3.160330025754888,3.5849999999999875,5960.0,2239.0,2,4,7,349,0.9034162018847921
CS2_35,119,CS2_35_9_21_10.xlsx,14,2010-09-16 09:15:41,1.0259690222621636,0.9326991111474213,3.5922325772359636,0.5244478601233528,0.9096181575886526,0.9625958621241407,3.17270866938958,3.5849999999999875,5939.0,2231.0,2,4,7,348,0.9011901641862426
CS2_35,120,CS2_35_9_21_10.xlsx,15,2010-09-16 12:35:01,1.0245149845275936,0.9313772586614486,3.583767836930489,0.524366581200853,0.9104991692274796,0.9606575943514464,3.107637667928664,3.5849999999999875,5924.0,2234.0,2,4,7,348,0.8999129672374879
CS2_35,121,CS2_35_9_21_10.xlsx,16,2010-09-16 15:54:04,1.0207988172835947,0.9279989248032678,3.5755728235374256,0.5250747826137332,0.9078824603914785,0.9565409856266904,3.0917067774788745,3.5799999999999876,5911.0,2245.0,2,4,7,347,0.8966487620849983
CS2_35,122,CS2_35_9_21_10.xlsx,17,2010-09-16 19:12:54,1.0314957536975058,0.9377234124522779,3.5860444795742774,0.510256234310885,0.9224296684077257,0.9735912835464312,3.305233422227731,3.5949999999999873,5925.0,2169.0,2,4,7,349,0.9060447318208945
CS2_35,123,CS2_35_9_21_10.xlsx,18,2010-09-16 22:31:15,1.0324395833437414,0.9385814394034012,3.6339145715061245,0.49173770953788326,0.917415053508498,0.9726803044226325,3.3071223608400797,3.5949999999999873,6017.0,2095.0,2,4,7,352,0.9068737724404441
CS2_35,124,CS2_35_9_21_10.xlsx,19,2010-09-17 01:49:59,1.021750300424955,0.9288639094772319,3.640415023528454,0.48469513075194,0.9052682528511643,0.954950597867823,3.0678813869209107,3.5849999999999875,6029.0,2060.0,2,4,7,351,0.897484525377824
CS2_35,125,CS2_35_9_21_10.xlsx,20,2010-09-17 05:07:45,1.0148587231013444,0.9225988391830403,3.5523938267423354,0.5318030997251675,0.9058322693937689,0.9503246308088862,3.0588931800412764,3.5849999999999875,5872.0,2271.0,2,4,7,346,0.8914311050844188
CS2_35,126,CS2_35_9_21_10.xlsx,21,2010-09-17 08:26:01,1.015813316851819,0.9234666516834719,3.541873784600159,0.5261731433424742,0.9110574831208731,0.9526165285903356,3.0568338662030667,3.5849999999999875,5852.0,2251.0,2,4,7,344,0.8922696006725455
CS2_35,127,CS2_35_9_21_10.xlsx,22,2010-09-17 11:43:43,0.8930477956555478,0.8118616324141343,3.5410943996494866,,,,,,5851.0,,2,,7,310,0.7844348826619202
CS2_35,128,CS2_35_9_21_10.xlsx,23,2010-09-17 14:17:09,1.011400807491036,0.9194552795373053,3.5426036427339436,0.5346932398282133,0.905075377531361,0.9469285435828748,3.0633698348042846,3.5849999999999875,5853.0,2286.0,2,4,7,344,0.888393742874666
CS2_35,129,CS2_35_9_21_10.xlsx,24,2010-09-17 17:35:11,1.017040291684129,0.9245820833492081,3.5154986328319944,0.537911130394658,0.9167153801881502,0.9602569110169258,3.25034001859347,3.5899999999999874,5805.0,2298.0,2,4,7,344,0.8933473502211076
CS2_35,130,CS2_35_9_21_10.xlsx,25,2010-09-17 20:52:56,1.0217624725354923,0.9288749750322657,3.576623057165928,0.5014049410403403,0.9175949058731332,0.9632139350841815,3.246887641760779,3.5949999999999873,5915.0,2134.0,2,4,7,349,0.8974952171102795
CS2_35,131,CS2_35_9_21_10.xlsx,26,2010-09-18 00:10:01,1.0220706154071948,0.9291551049156316,3.5929035010432857,0.4947022039676549,0.9161815973381473,0.9626774508787307,3.2615507849033474,3.599999999999987,5945.0,2109.0,2,4,7,350,0.8977658834940754
CS2_35,132,CS2_35_9_21_10.xlsx,27,2010-09-18 03:27:12,1.021887094357421,0.9289882675976554,3.596149238001725,0.491309291782513,0.9161418100510774,0.962123202879602,3.2623101528018204,3.599999999999987,5951.0,2101.0,2,4,7,349,0.8976046823648126
CS2_35,133,CS2_35_9_21_10.xlsx,28,2010-09-18 06:44:20,1.0215732254610579,0.9287029322373253,3.595714510362727,0.4894577758460897,0.9164952647251838,0.9617115368467419,3.257568242269096,3.599999999999987,5951.0,2089.0,2,4,7,349,0.8973289863582969
CS2_35,134,CS2_35_9_21_10.xlsx,29,2010-09-18 10:01:15,1.0212155854569964,0.9283778049609057,3.5968187745602216,0.48790401012779633,0.9164827200989132,0.9611545543081556,3.245350910996994,3.599999999999987,5953.0,2080.0,2,4,7,349,0.8970148427077713
CS2_35,135,CS2_35_9_21_10.xlsx,30,2010-09-18 13:18:02,1.0214546460317422,0.9285951327561291,3.5978104929254218,0.4854744855763211,0.9173131903672853,0.9611683045332321,3.262332313313746,3.599999999999987,5955.0,2072.0,2,4,7,349,0.8972248286176095
CS2_35,136,CS2_35_9_21_10.xlsx,31,2010-09-18 16:34:44,1.021246444130977,0.9284058583008881,3.5998124190799077,0.4822180638379113,0.9175031218021388,0.9606567985270699,3.265162222967902,3.599999999999987,5959.0,2062.0,2,4,7,349,0.8970419483346155
CS2_35,137,CS2_35_9_21_10.xlsx,32,2010-09-18 19:51:20,1.0207873236490883,0.9279884760446256,3.600899888429046,0.4808284835816892,0.9171625662689094,0.9600780570253596,3.261922506071094,3.599999999999987,5961.0,2053.0,2,4,7,349,0.8966386663119845
CS2_35,138,CS2_35_9_21_10.xlsx,33,2010-09-18 23:07:46,1.020094848774228,0.9273589534311164,3.598567345660611,0.4809452235602043,0.9170223565255308,0.9593938660931968,3.2619045638553366,3.599999999999987,5957.0,2057.0,2,4,7,349,0.8960304105726502
CS2_35,139,CS2_35_9_21_10.xlsx,34,2010-09-19 02:24:10,1.0195665943640009,0.9268787221490916,3.596067014490727,0.48067390105936253,0.9174337921197182,0.9587899168236774,3.2465889263526253,3.599999999999987,5953.0,2058.0,2,4,7,348,0.8955664027241139
CS2_35,140,CS2_35_9_21_10.xlsx,35,2010-09-19 05:40:29,1.0191211244369711,0.9264737494881555,3.5942190868817043,0.48010422022043187,0.917387527367715,0.9583894675066975,3.2492119588067774,3.599999999999987,5950.0,2056.0,2,4,7,348,0.8951751110691332
CS2_35,141,CS2_35_9_21_10.xlsx,36,2010-09-19 08:56:42,1.0189009439429455,0.9262735854026777,3.592932048155743,0.479950368261454,0.9177953439506524,0.9580512068931694,3.2644887142917054,3.599999999999987,5948.0,2049.0,2,4,7,348,0.894981709035294
CS2_35,142,CS2_35_9_21_10.xlsx,37,2010-09-19 12:12:45,1.0187909406007734,0.9261735823643393,3.5928492515644592,0.47933699876470637,0.9178007222259217,0.9577341431351565,3.252811854400764,3.599999999999987,5948.0,2052.0,2,4,7,348,0.8948850843538054
CS2_35,143,CS2_35_9_21_10.xlsx,38,2010-09-19 15:28:51,1.018760822822415,0.9261462025658317,3.592751718554346,0.479231078607886,0.917958485926019,0.9576191801059375,3.2673456509490304,3.599999999999987,5948.0,2051.0,2,4,7,348,0.8948586295144928
CS2_35,144,CS2_35_9_21_10.xlsx,39,2010-09-19 18:44:57,1.0194519282617307,0.926774480237937,3.5931996761357423,0.47735369357744123,0.9191362251613551,0.9585127654018215,3.276103391199151,3.599999999999987,5949.0,2039.0,2,4,7,348,0.8954656823697084
CS2_35,145,CS2_35_9_21_10.xlsx,40,2010-09-19 22:00:53,1.0200498397193343,0.9273180361084856,3.6019129005651496,0.4727801381715833,0.9190344593242303,0.9581219199729346,3.2712131662748143,3.599999999999987,5965.0,2024.0,2,4,7,349,0.8959908755411927
CS2_35,146,CS2_35_9_21_10.xlsx,41,2010-09-20 01:16:52,0.9106352324709945,0.8278502113372677,3.600455865652624,,,,,,5963.0,,2,,7,317,0.79988332674494
CS2_35,147,CS2_35_9_21_10.xlsx,42,2010-09-20 03:53:07,1.0007353766205185,0.9097594332913803,3.5602788163491854,0.5173574863581978,0.8958344735488617,0.9359721897025705,3.0445857513555312,3.5849999999999875,5892.0,2223.0,2,4,7,344,0.8790254469624503
CS2_35,148,CS2_35_9_21_10.xlsx,43,2010-09-20 07:10:10,1.0021210332362571,0.9110191211238701,3.4869218466797167,0.5242329255774523,0.9123643723968564,0.9405237533718691,3.0966748367162618,3.5849999999999875,5759.0,2238.0,2,4,7,339,0.8802425793377435
CS2_35,149,CS2_35_9_21_10.xlsx,44,2010-09-20 10:25:19,0.9992108306494174,0.9083734824085612,3.4903505066671814,0.5243998774278036,0.9083131018826273,0.9359576646102395,3.0460046652049693,3.5799999999999876,5766.0,2240.0,2,4,7,340,0.8776863170236372
CS2_35,150,CS2_35_9_21_10.xlsx,45,2010-09-20 13:40:28,0.9982536090255394,0.9075032809323085,3.477654670423266,0.5271962527302104,0.9099301560169647,0.9352259382508383,3.0627699478761525,3.5849999999999875,5743.0,2253.0,2,4,7,340,0.8768455131653655
CS2_35,151,CS2_35_9_21_10.xlsx,46,2010-09-20 16:55:24,0.9952918107660764,0.9048107370600694,3.461166757512457,0.5397898296711666,0.9065452676565044,0.9323788461825242,3.0007747317163576,3.5799999999999876,5715.0,2305.0,2,4,7,338,0.8742439302697662
CS2_35,152,CS2_35_9_21_10.xlsx,47,2010-09-20 20:10:34,1.0069751561844242,0.9154319601676584,3.491509860981637,0.5040466019276331,0.9226790507118049,0.9480437480433291,3.184783070701548,3.5949999999999873,5768.0,2151.0,2,4,7,341,0.884506341460886
CS2_35,153,CS2_35_9_21_10.xlsx,48,2010-09-20 23:24:42,1.0079196426582442,0.9162905842347674,3.536023112975749,0.49547945050081443,0.9158148977128724,0.9482307374263176,3.191170979700765,3.5949999999999873,5848.0,2116.0,2,4,7,343,0.8853359590243255
CS2_35,154,CS2_35_9_21_10.xlsx,49,2010-09-21 02:39:37,0.9933594286832914,0.9030540260757194,3.517061032887353,0.5068530392773818,0.900245894870064,0.9286446404878631,2.9973728128888073,3.5799999999999876,5820.0,2187.0,2,4,7,340,0.8725465654481502
CS2_35,155,CS2_35_9_21_10.xlsx,50,2010-09-21 05:54:28,0.9909270981482976,0.9008428164984523,3.441887982202963,0.5403404139763189,0.9071440405262324,0.926530954748336,2.986480098630725,3.5799999999999876,5680.0,2302.0,2,4,7,336,0.8704100561514532
CS2_35,156,CS2_35_9_30_10.xlsx,1,2010-09-21 15:48:03,0.9966317758164259,0.9060288871058417,3.4386263423819856,0.5421570954662035,0.9125272317703572,0.931128338782554,3.01109928770513,3.5849999999999875,5664.0,2331.0,2,4,7,336,0.8754209281103694
CS2_35,157,CS2_35_9_30_10.xlsx,2,2010-09-21 19:02:51,0.885682304667873,0.8051657315162482,3.48461559034829,,,,,,5750.0,,2,,7,307,0.7779651863178147
CS2_35,158,CS2_35_9_30_10.xlsx,3,2010-09-21 21:34:13,1.0068315597491848,0.9153014179538043,3.5364055812863313,0.5112325717823443,0.9105651673814292,0.9476121534431011,3.1808895903342362,3.5949999999999873,5846.0,2190.0,2,4,7,343,0.8843802092948635
CS2_35,159,CS2_35_9_30_10.xlsx,4,2010-09-22 00:50:16,1.007219397418607,0.915653997653279,3.534904737148938,0.5010517294940136,0.9139907663330301,0.9479262160227452,3.1889226039566467,3.5949999999999873,5845.0,2141.0,2,4,7,343,0.8847208779558076
CS2_35,160,CS2_35_9_30_10.xlsx,5,2010-09-22 04:05:30,0.9925460397829093,0.9023145816208266,3.4923017044467652,0.5374966478843461,0.8977000994892281,0.9274012581250237,2.9998368244102154,3.5799999999999876,5770.0,2296.0,2,4,7,340,0.8718321013066634
CS2_35,161,CS2_35_9_30_10.xlsx,6,2010-09-22 07:21:18,0.9941792453117513,0.9037993139197739,3.4448775059351684,0.5415147826241394,0.9095435062696895,0.9307862699118311,2.9993303450236737,3.5799999999999876,5685.0,2312.0,2,4,7,337,0.8732666755742585
CS2_35,162,CS2_35_9_30_10.xlsx,7,2010-09-22 10:36:01,0.9947222895447458,0.9042929904952234,3.45891564389799,0.5325933168156088,0.9091449935442086,0.9314708784072099,3.026429137612483,3.5849999999999875,5710.0,2269.0,2,4,7,339,0.8737436745000289
CS2_35,163,CS2_35_9_30_10.xlsx,8,2010-09-22 13:50:28,0.9939368349906479,0.9035789409005889,3.459118938467788,0.5335591271032407,0.9080104552992114,0.9304676764648647,3.0204195511625764,3.5799999999999876,5711.0,2272.0,2,4,7,338,0.8730537473158653
CS2_35,164,CS2_35_9_30_10.xlsx,9,2010-09-22 17:04:56,0.9954616407621151,0.9049651279655591,3.4547170074216735,0.5352947572213776,0.9103206912841367,0.9347693481354529,3.1099717043264414,3.5749999999999877,5703.0,2279.0,2,4,7,338,0.874393105457996
CS2_35,165,CS2_35_9_30_10.xlsx,10,2010-09-22 20:19:28,1.0033977589441037,0.912179780858276,3.48947686764237,0.50826723728571,0.9187119006245167,0.944628465381592,3.167311714487265,3.5899999999999874,5765.0,2169.0,2,4,7,341,0.8813640290358428
CS2_35,166,CS2_35_9_30_10.xlsx,11,2010-09-22 23:33:38,1.0053415470294862,0.9139468609358965,3.523938094206237,0.4976584116471571,0.9159049119792936,0.9459849217777487,3.189789426820601,3.5949999999999873,5827.0,2125.0,2,4,7,343,0.8830714126563995
CS2_35,167,CS2_35_9_30_10.xlsx,12,2010-09-23 02:48:12,0.9930691001013603,0.9027900910012365,3.507719489741054,0.5120866396681399,0.9012153324886504,0.9291434645968705,3.014840678594841,3.5799999999999876,5804.0,2199.0,2,4,7,340,0.872291546771425
CS2_35,168,CS2_35_9_30_10.xlsx,13,2010-09-23 06:02:57,0.991744715576603,0.9015861050696391,3.4476411036475296,0.538497872214056,0.9073707703042391,0.9285334833597089,3.0257160592003762,3.5799999999999876,5691.0,2293.0,2,4,7,336,0.8711282345452135
CS2_35,169,CS2_35_9_30_10.xlsx,14,2010-09-23 09:17:19,0.8721324376725832,0.7928476706114392,3.4492022117035708,,,,,,5694.0,,2,,7,303,0.7660632608237459
CS2_35,170,CS2_35_9_30_10.xlsx,15,2010-09-23 11:46:59,0.9898125993813398,0.8998296358012179,3.463863981951183,0.5413790080039692,0.9010184088087362,0.9245960751044757,2.987556975408642,3.5799999999999876,5720.0,2316.0,2,4,7,338,0.8694311032737478
CS2_35,171,CS2_35_9_30_10.xlsx,16,2010-09-23 15:02:06,0.9917302895015823,0.9015729904559838,3.4387601685211826,0.5349122727941688,0.9102627690232462,0.9281651038173151,3.005617543370462,3.5799999999999876,5676.0,2284.0,2,4,7,337,0.8711155629765458
CS2_35,172,CS2_35_9_30_10.xlsx,17,2010-09-23 18:16:04,0.9994295795647457,0.9085723450588596,3.4409204251260883,0.5425542793187587,0.9176314045042251,0.9412729149099519,3.1680950789493743,3.5899999999999874,5680.0,2312.0,2,4,7,338,0.8778784615880857
CS2_35,173,CS2_35_9_30_10.xlsx,18,2010-09-23 21:30:58,1.0033129529890878,0.9121026845355343,3.5134410700470116,0.497514754246207,0.9163420929967323,0.9437197336876729,3.1799717812846198,3.5949999999999873,5808.0,2130.0,2,4,7,342,0.8812895372228675
CS2_35,174,CS2_35_9_30_10.xlsx,19,2010-09-24 00:45:13,1.0040738734950025,0.9127944304500022,3.528517413270198,0.490960012214508,0.9153087706440468,0.9443097115806102,3.1882100777271285,3.5949999999999873,5836.0,2102.0,2,4,7,343,0.8819579142018781
CS2_35,175,CS2_35_9_30_10.xlsx,20,2010-09-24 03:59:30,0.9894608721697082,0.8995098837906438,3.488983017817868,0.5302067517874484,0.8978190126098332,0.9244984515159774,2.9907259938460857,3.5749999999999877,5766.0,2257.0,2,4,7,340,0.869122153298923
CS2_35,176,CS2_35_9_30_10.xlsx,21,2010-09-24 07:14:23,0.9924971309251873,0.9022701190228974,3.442793277463184,0.5328737762439532,0.9109182657820996,0.9308619371939472,3.080550724045671,3.5799999999999876,5682.0,2265.0,2,4,7,336,0.8717891407683194
CS2_35,177,CS2_35_9_30_10.xlsx,22,2010-09-24 10:28:11,0.9967955903536279,0.9061778094123889,3.4551728549645566,0.5273802385066119,0.9141584941033435,0.9389460271831992,3.2414996292401437,3.5899999999999874,5706.0,2246.0,2,4,7,338,0.8755648194428305
CS2_35,178,CS2_35_9_30_10.xlsx,23,2010-09-24 13:42:17,0.8922621723354318,0.811147429395847,3.509234073148786,,,,,,5802.0,,2,,7,310,0.7837448072371448
CS2_35,179,CS2_35_9_30_10.xlsx,24,2010-09-24 16:14:52,1.0043340356846713,0.9130309415315193,3.545867353002272,0.4866976190087611,0.9131323652465267,0.9431954187629701,3.1906230576454933,3.5949999999999873,5867.0,2085.0,2,4,7,344,0.8821864353378337
CS2_35,180,CS2_35_9_30_10.xlsx,25,2010-09-24 19:29:22,1.0048436626832178,0.9134942388029252,3.534059922138555,0.48302681384117135,0.916983622578008,0.9440384274325683,3.1917714481361616,3.599999999999987,5847.0,2069.0,2,4,7,343,0.8826340812496773
CS2_35,181,CS2_35_9_30_10.xlsx,26,2010-09-24 22:43:19,1.0051831430957208,0.9138028573597461,3.536909976707753,0.48258447305631735,0.916757369737954,0.944554382537419,3.204391419669485,3.599999999999987,5852.0,2063.0,2,4,7,343,0.8829322738871188
CS2_35,182,CS2_35_9_30_10.xlsx,27,2010-09-25 01:57:16,1.0055428293444457,0.914129844858587,3.5378282029432366,0.4810257910523036,0.9172816642230229,0.9447708441334242,3.2065334434083455,3.5949999999999873,5854.0,2060.0,2,4,7,344,0.8832482149170237
CS2_35,183,CS2_35_9_30_10.xlsx,28,2010-09-25 05:11:14,1.0059181132960333,0.914471012087303,3.540752585262077,0.48106919595621217,0.9173022612948042,0.9451158378989087,3.204313295550722,3.599999999999987,5859.0,2058.0,2,4,7,344,0.8835778566494825
CS2_35,184,CS2_35_9_30_10.xlsx,29,2010-09-25 08:25:15,1.0062247206014767,0.9147497460013424,3.542654350185614,0.4790717893154311,0.91761981098123,0.9452938086956645,3.2107364603758533,3.599999999999987,5863.0,2047.0,2,4,7,344,0.8838471742233446
CS2_35,185,CS2_35_9_30_10.xlsx,30,2010-09-25 11:39:10,1.0074146306140541,0.9158314823764128,3.5461755116194227,0.47768291960607995,0.9185849994939216,0.9465561219970232,3.219078222968932,3.599999999999987,5869.0,2048.0,2,4,7,344,0.8848923667938152
CS2_35,186,CS2_35_9_30_10.xlsx,31,2010-09-25 14:53:15,1.0077355059048472,0.9161231871862247,3.5525214470650943,0.47405911908771536,0.9182701916021745,0.9464760280015395,3.233182983632923,3.599999999999987,5881.0,2029.0,2,4,7,344,0.8851742170736175
CS2_35,187,CS2_35_9_30_10.xlsx,32,2010-09-25 18:07:14,1.007932617062096,0.9163023791473599,3.5543768709436923,0.47342036811304405,0.9180718890630919,0.9465883747941983,3.217440305484722,3.599999999999987,5884.0,2026.0,2,4,7,345,0.885347355474787
CS2_35,188,CS2_35_9_30_10.xlsx,33,2010-09-25 21:21:14,1.008011644413564,0.9163742221941491,3.554255531260827,0.47417832826423384,0.917915954479555,0.9467353876841628,3.230592057522621,3.599999999999987,5884.0,2026.0,2,4,7,345,0.8854167714808256
CS2_35,189,CS2_35_9_30_10.xlsx,34,2010-09-26 00:35:15,1.008495016854063,0.9168136516855117,3.555360359050984,0.47357014331495145,0.9184318477503619,0.9472544061938951,3.230795322258053,3.599999999999987,5886.0,2031.0,2,4,7,345,0.8858413559269095
CS2_35,190,CS2_35_9_30_10.xlsx,35,2010-09-26 03:49:23,1.0086560356854548,0.9169600324413225,3.5577137880391496,0.4724198937500426,0.9182058178803161,0.9472826322344851,3.229237760486361,3.599999999999987,5890.0,2023.0,2,4,7,345,0.8859827915686788
CS2_35,191,CS2_35_9_30_10.xlsx,36,2010-09-26 07:03:30,1.008722780512862,0.9170207095571472,3.5589692485015445,0.47072641811221505,0.9186276843741359,0.9473822435232307,3.2302526765275585,3.599999999999987,5892.0,2015.0,2,4,7,345,0.8860414188572855
CS2_35,192,CS2_35_9_30_10.xlsx,37,2010-09-26 10:17:30,1.008812865052576,0.9171026045932509,3.5584760837115916,0.47138554679927713,0.9185635021567878,0.9472351264075849,3.232275060958847,3.599999999999987,5892.0,2015.0,2,4,7,345,0.8861205472708866
CS2_35,193,CS2_35_9_30_10.xlsx,38,2010-09-26 13:31:32,1.0089363296111458,0.9172148451010416,3.5615458954760237,0.46994774984370685,0.9186399666849244,0.9473372897713427,3.2329265242165417,3.599999999999987,5897.0,2008.0,2,4,7,345,0.8862289960090008
CS2_35,194,CS2_35_9_30_10.xlsx,39,2010-09-26 16:45:30,1.008896884236819,0.9171789856698352,3.563206844708109,0.4689625218418061,0.9181925501022616,0.9473121479780462,3.225669441122472,3.599999999999987,5901.0,2009.0,2,4,7,345,0.886194348000538
CS2_35,195,CS2_35_9_30_10.xlsx,40,2010-09-26 19:59:33,1.0089152131326813,0.9171956483024375,3.5624647479223523,0.47016054029668586,0.9183883834179594,0.9473024679621144,3.228286510507319,3.599999999999987,5900.0,2014.0,2,4,7,345,0.8862104477270533
CS2_35,196,CS2_35_9_30_10.xlsx,41,2010-09-26 23:13:40,1.0088709788301955,0.9171554353001776,3.5630959938243945,0.4690668168742293,0.9183065298824901,0.9473048891901971,3.230312686916428,3.599999999999987,5901.0,2007.0,2,4,7,345,0.886171593222234
CS2_35,197,CS2_35_9_30_10.xlsx,42,2010-09-27 02:27:41,0.9987947091444056,0.9079951901312777,3.557402172103372,0.4677578139073393,0.9078531054046208,0.9358199774154066,3.085549080413629,3.5849999999999875,5892.0,2024.0,2,4,7,344,0.8773208044211259
CS2_35,198,CS2_35_9_30_10.xlsx,43,2010-09-27 05:41:18,0.9958066367085507,0.9052787606441369,3.480340853880412,0.5161885917960911,0.9105001304697119,0.935290672486376,3.102703403642903,3.5849999999999875,5753.0,2199.0,2,4,7,339,0.8746961428274151
CS2_35,199,CS2_35_9_30_10.xlsx,44,2010-09-27 08:55:21,0.9951069243146762,0.9046426584678874,3.4795555216260974,0.5117137714378852,0.9110393939492928,0.9339193429329391,3.099225504099245,3.5849999999999875,5751.0,2173.0,2,4,7,339,0.8740815297996957
CS2_35,200,CS2_35_9_30_10.xlsx,45,2010-09-27 12:08:53,0.9917698688299623,0.901608971663602,3.4689462317557656,0.5184759661016426,0.9077305146010274,0.9280179928209825,2.9982239352633195,3.5799999999999876,5733.0,2206.0,2,4,7,338,0.871150328647504
CS2_35,201,CS2_35_9_30_10.xlsx,46,2010-09-27 15:22:31,0.989482035420636,0.8995291231096689,3.447818933276339,0.5271770376601856,0.9078643811158237,0.9248802970488359,2.9936724940674093,3.5749999999999877,5694.0,2238.0,2,4,7,336,0.8691407426648438
CS2_35,202,CS2_35_9_30_10.xlsx,47,2010-09-27 18:35:54,0.9987082762859956,0.9079166148054505,3.4413781112814252,0.533025848180633,0.9193632693236854,0.9401946393687866,3.173142681249109,3.5899999999999874,5680.0,2245.0,2,4,7,337,0.877244883569549
CS2_35,203,CS2_35_9_30_10.xlsx,48,2010-09-27 21:49:39,1.001658501260188,0.9105986375092617,3.5073956655692644,0.49304936297254043,0.9172951621781822,0.9424212089432779,3.1859194645794022,3.5899999999999874,5800.0,2101.0,2,4,7,342,0.8798363007285356
CS2_35,204,CS2_35_9_30_10.xlsx,49,2010-09-28 01:03:10,1.000567782621438,0.9096070751103982,3.5217719259970464,0.4863650446697924,0.9149599614597365,0.9384983231430367,3.1950348329271474,3.5949999999999873,5826.0,2074.0,2,4,7,342,0.8788782358281269
CS2_35,205,CS2_35_9_30_10.xlsx,50,2010-09-28 04:16:36,0.9890404589208472,0.8991276899280429,3.474151055428023,0.5256288045767317,0.9020137681619774,0.9248511404961993,3.0090340384033882,3.5799999999999876,5741.0,2236.0,2,4,7,338,0.8687528709165644
CS2_35,206,CS2_35_10_15_10.xlsx,1,2010-10-08 14:29:45,1.032388328103747,0.938534843730679,3.7155920234468582,0.5655104876286748,0.8788692712806203,0.9575660251132245,3.0858009540429934,3.569999999999988,6135.0,2443.0,2,4,7,355,0.9068287508879959
CS2_35,207,CS2_35_10_15_10.xlsx,2,2010-10-08 17:56:15,1.0351741391683562,0.9410673992439601,3.587085950519418,0.5590018747388614,0.9120920898086947,0.9713046012926022,3.263033042862654,3.5849999999999875,5926.0,2416.0,2,4,7,349,0.9092757502381045
CS2_35,208,CS2_35_10_15_10.xlsx,3,2010-10-08 21:18:57,1.0379640073014653,0.943603643001332,3.629085475211047,0.5232501738060127,0.914568238731938,0.9739138958637658,3.2908863593712514,3.5899999999999874,6004.0,2239.0,2,4,7,352,0.9117263132340427
CS2_35,209,CS2_35_10_15_10.xlsx,4,2010-10-09 00:40:09,1.0387089070508742,0.9442808245917037,3.637685765623803,0.5186167739660639,0.9147348527191138,0.9751929700369276,3.319435808069508,3.5899999999999874,6021.0,2214.0,2,4,7,352,0.9123806179088485
CS2_35,210,CS2_35_10_15_10.xlsx,5,2010-10-09 04:01:16,1.038792168891936,0.9443565171744871,3.6418107245857945,0.5153128074740378,0.9149963755253868,0.9755949727730693,3.332622873194262,3.5899999999999874,6029.0,2201.0,2,4,7,352,0.9124537534037697
CS2_35,211,CS2_35_10_15_10.xlsx,6,2010-10-09 07:22:18,1.0384423306139965,0.9440384823763603,3.643589654067645,0.5118912783994806,0.9149928296711618,0.9754850183450481,3.344383229599695,3.5899999999999874,6033.0,2180.0,2,4,7,352,0.9121464626295904
CS2_35,212,CS2_35_10_15_10.xlsx,7,2010-10-09 10:43:02,1.0383677030527894,0.9439706391388993,3.6444031503031935,0.5087275870807495,0.9157747500152794,0.9756018177570719,3.357947007274969,3.5899999999999874,6035.0,2170.0,2,4,7,353,0.912080911309153
CS2_35,213,CS2_35_10_15_10.xlsx,8,2010-10-09 14:03:38,1.0385329064395252,0.9441208240359319,3.64582979296793,0.5074059660777314,0.916332951792782,0.9760123908178678,3.371708112286259,3.5899999999999874,6038.0,2164.0,2,4,7,353,0.9122260225785833
CS2_35,214,CS2_35_10_15_10.xlsx,9,2010-10-09 17:24:11,1.0381171746477165,0.9437428860433785,3.648271971122887,0.5038475933640595,0.916125385841879,0.9755374262858605,3.374234892361477,3.5949999999999873,6043.0,2147.0,2,4,7,353,0.9118608522921633
CS2_35,215,CS2_35_10_15_10.xlsx,10,2010-10-09 20:44:30,1.037459561119995,0.9431450555636318,3.6474595020191614,0.5026136430449137,0.9159904984147946,0.974789006730272,3.3718249919811036,3.5899999999999874,6042.0,2144.0,2,4,7,353,0.9112832180457494
CS2_35,216,CS2_35_10_15_10.xlsx,11,2010-10-10 00:04:44,1.036769723194153,0.9425179301765026,3.6466124899062007,0.5005166473317554,0.9162564170038322,0.9739637723173363,3.369522795110341,3.5949999999999873,6041.0,2133.0,2,4,7,353,0.9106772785483944
CS2_35,217,CS2_35_10_15_10.xlsx,12,2010-10-10 03:24:43,1.0354956029515403,0.9413596390468547,3.6421225913502226,0.5014142608620858,0.9157688279743935,0.9724932656464063,3.3538418054262435,3.5899999999999874,6033.0,2136.0,2,4,7,353,0.9095581174375633
CS2_35,218,CS2_35_10_15_10.xlsx,13,2010-10-10 06:44:34,1.0351237752553768,0.9410216138685242,3.6380481780411285,0.5016628839042515,0.9165136572257212,0.9728370777386717,3.363430389643101,3.5949999999999873,6026.0,2133.0,2,4,7,352,0.9092315116090406
CS2_35,219,CS2_35_10_15_10.xlsx,14,2010-10-10 10:04:12,1.034579483351532,0.9405268030468472,3.6430069524566036,0.49510745553559893,0.9164426126328042,0.9716600808206978,3.363113645914522,3.5949999999999873,6036.0,2111.0,2,4,7,353,0.9087534167547636
CS2_35,220,CS2_35_10_15_10.xlsx,15,2010-10-10 13:23:36,1.0340143227683871,0.9400130206985337,3.6370287312569594,0.49785424220151914,0.9164764611204924,0.9714173051245921,3.3655059104880367,3.5949999999999873,6025.0,2119.0,2,4,7,352,0.9082569912802468
CS2_35,221,CS2_35_10_15_10.xlsx,16,2010-10-10 16:42:57,1.0338302021201375,0.9398456382910341,3.638780179961506,0.4950462910898866,0.9171696629878607,0.9709967870554187,3.367755212987916,3.5949999999999873,6028.0,2107.0,2,4,7,352,0.9080952634759705
CS2_35,222,CS2_35_10_15_10.xlsx,17,2010-10-10 20:02:07,0.9199802068533458,0.8363456425939506,3.6382184220758607,,,,,,6028.0,,2,,7,321,0.8080917607377895
CS2_35,223,CS2_35_10_15_10.xlsx,18,2010-10-10 22:39:58,1.0327049366615242,0.9388226696922947,3.6474686983170224,0.4953422948624745,0.9140484321771872,0.9693530764451831,3.361182416698532,3.5949999999999873,6044.0,2114.0,2,4,7,353,0.9071068533569544
CS2_35,224,CS2_35_10_15_10.xlsx,19,2010-10-11 01:59:27,1.0237857684519263,0.9307143349562965,3.6335887958424866,0.4899740483700582,0.9073526437109792,0.9570321706309163,3.1752256513205466,3.5799999999999876,6020.0,2067.0,2,4,7,351,0.8992724387802944
CS2_35,225,CS2_35_10_15_10.xlsx,20,2010-10-11 05:17:18,1.0147933286393922,0.9225393896721746,3.543515296311141,0.5489607339025915,0.9031869059256128,0.9475458108487035,3.1078987283374877,3.569999999999988,5859.0,2334.0,2,4,7,345,0.8913736639291551
CS2_35,226,CS2_35_10_15_10.xlsx,21,2010-10-11 08:36:24,1.0161366438519899,0.9237605853199907,3.523219996398951,0.5492303467928933,0.9099843655449057,0.9519764876687634,3.1714234948381224,3.5749999999999877,5820.0,2323.0,2,4,7,343,0.8925536044836228
CS2_35,227,CS2_35_10_15_10.xlsx,22,2010-10-11 11:54:45,1.013979689586602,0.9217997178060018,3.5313791115986435,0.5438063524331694,0.9062283024537435,0.9488993578306055,3.2002469738901658,3.5749999999999877,5835.0,2317.0,2,4,7,344,0.8906589800589193
CS2_35,228,CS2_35_10_15_10.xlsx,23,2010-10-11 15:13:08,1.0106877221137012,0.9188070201033647,3.5151169162931293,0.550902996595716,0.9051063408177036,0.9430979425939352,3.0945225378427583,3.569999999999988,5807.0,2341.0,2,4,7,342,0.8877673832923249
CS2_35,229,CS2_35_10_15_10.xlsx,24,2010-10-11 18:31:17,1.0185842028008452,0.9259856389098592,3.5086997511352465,0.5533936482063248,0.9165478117925301,0.9584903850679054,3.2686836719859977,3.5849999999999875,5793.0,2330.0,2,4,7,342,0.894703490106983
CS2_35,230,CS2_35_10_15_10.xlsx,25,2010-10-11 21:49:25,1.0211545836381397,0.9283223487619451,3.566998818602261,0.516641160657791,0.9151617448741555,0.9607854698889648,3.3001987013624037,3.5899999999999874,5901.0,2193.0,2,4,7,347,0.896961259960185
CS2_35,231,CS2_35_10_15_10.xlsx,26,2010-10-12 01:07:13,1.0176284673874463,0.925116788534042,3.5764469265419683,0.5104870045761255,0.910922900949054,0.9518307164539741,2.9805465745463136,3.5949999999999873,5919.0,2172.0,2,4,7,347,0.8938639917055397
CS2_35,232,CS2_35_10_15_10.xlsx,27,2010-10-12 04:24:47,1.0062436714318892,0.9147669740289901,3.5199061918600334,0.5503276653086405,0.8996148999257576,0.9374954965056574,3.021681337765434,3.569999999999988,5817.0,2342.0,2,4,7,342,0.8838638202444234
CS2_35,233,CS2_35_10_15_10.xlsx,28,2010-10-12 07:42:51,0.877771664545353,0.7979742404957755,3.4796183708333857,,,,,,5744.0,,2,,7,307,0.7710166421452886
CS2_35,234,CS2_35_10_15_10.xlsx,29,2010-10-12 10:13:41,1.0050403218152546,0.9136730198320495,3.4959730980793795,0.5593154888482316,0.9024391260143028,0.9376714780960211,2.9449237300826896,3.564999999999988,5772.0,2375.0,2,4,7,341,0.8828068226011639
CS2_35,235,CS2_35_10_15_10.xlsx,30,2010-10-12 13:31:29,1.0036831503807022,0.9124392276188201,3.4791919711896795,0.5561759603186356,0.9054044753462216,0.9361697732138272,2.9713951554370257,3.564999999999988,5744.0,2366.0,2,4,7,340,0.8816147110252838
CS2_35,236,CS2_35_10_15_10.xlsx,31,2010-10-12 16:48:37,1.0007494399614458,0.9097722181467689,3.46249471923394,0.5659408628094597,0.9029904263083707,0.9327082645601237,3.0628604728418205,3.564999999999988,5716.0,2407.0,2,4,7,338,0.8790377999129237
CS2_35,237,CS2_35_10_15_10.xlsx,32,2010-10-12 20:05:48,1.0106131518021257,0.9187392289110233,3.4908734290514642,0.5321319990921634,0.9176372522027132,0.9499351010345025,3.2234298636887004,3.5799999999999876,5765.0,2260.0,2,4,7,341,0.8877018822587909
CS2_35,238,CS2_35_10_15_10.xlsx,33,2010-10-12 23:21:53,1.011762663819404,0.9197842398358217,3.5286126007980965,0.5231185550708828,0.9127861253801283,0.9510648525637933,3.228490088652216,3.5849999999999875,5834.0,2224.0,2,4,7,343,0.8887115900580583
CS2_35,239,CS2_35_10_15_10.xlsx,34,2010-10-13 02:38:34,1.0021115127191251,0.9110104661082955,3.5134320202664995,0.5328724694148589,0.9019784016205743,0.936396278332028,3.089678703446507,3.569999999999988,5812.0,2286.0,2,4,7,341,0.8802342167105968
CS2_35,240,CS2_35_10_15_10.xlsx,35,2010-10-13 05:55:25,0.997058482560675,0.9064168023278862,3.4468845224770637,0.5751513348618079,0.9014827745884063,0.9299890607255327,3.021374369976113,3.564999999999988,5688.0,2442.0,2,4,7,338,0.8757957385701056
CS2_35,241,CS2_35_10_15_10.xlsx,36,2010-10-13 09:12:30,0.9954002728142655,0.9049093389220595,3.442987347385225,0.5652411939650062,0.9026947707817254,0.9260492381450014,3.036296428436956,3.564999999999988,5680.0,2397.0,2,4,7,337,0.8743392011102054
CS2_35,242,CS2_35_10_15_10.xlsx,37,2010-10-13 12:28:38,0.994328525673005,0.9039350233390954,3.4282981817776874,0.5725192727770293,0.903310014754041,0.9259541488179749,3.0471108561284415,3.564999999999988,5655.0,2417.0,2,4,7,335,0.8733978003844125
CS2_35,243,CS2_35_10_15_10.xlsx,38,2010-10-13 15:44:37,0.9918490086547465,0.9016809169588603,3.4189434857799976,0.5759075760738109,0.9015944636595252,0.9238763369706253,3.0361383563890048,3.559999999999988,5640.0,2451.0,2,4,7,334,0.8712198434477985
CS2_35,244,CS2_35_10_15_10.xlsx,39,2010-10-13 19:00:46,1.001790596975063,0.9107187245227844,3.439151638404785,0.5562144950797977,0.9149303813711582,0.9410457401392641,3.178504026869701,3.5749999999999877,5671.0,2352.0,2,4,7,337,0.8799523308974718
CS2_35,245,CS2_35_10_15_10.xlsx,40,2010-10-13 22:16:20,1.0040143710416558,0.9127403373105961,3.4897369892932177,0.5321412351853952,0.9118103491393036,0.9431541202836023,3.1730747160697357,3.5799999999999876,5766.0,2265.0,2,4,7,341,0.8819056484662297
CS2_35,246,CS2_35_10_15_10.xlsx,41,2010-10-14 01:32:08,0.9985733767247993,0.9077939788407265,3.4999684144280874,0.5254889607070569,0.9044963374572449,0.9305503043718585,3.022592220868623,3.5749999999999877,5785.0,2236.0,2,4,7,341,0.8771263905594627
CS2_35,247,CS2_35_10_15_10.xlsx,42,2010-10-14 04:47:31,0.9880159971991773,0.8981963610901611,3.4283489633427235,0.5719598747555968,0.8967586780038304,0.9168043314291792,2.946805720160546,3.559999999999988,5659.0,2439.0,2,4,7,336,0.8678530047343296
CS2_35,248,CS2_35_10_15_10.xlsx,43,2010-10-14 08:03:36,0.9887798562021288,0.8988907783655716,3.3994678614171043,0.5757913022914684,0.9040138355825746,0.919767929051277,3.0245123659743833,3.564999999999988,5605.0,2443.0,2,4,7,333,0.8685239628289192
CS2_35,249,CS2_35_10_15_10.xlsx,44,2010-10-14 11:18:52,0.9879487687814787,0.8981352443467988,3.4004837065080573,0.5730031940217696,0.9034985358462885,0.9191961859830817,2.953164496992585,3.564999999999988,5608.0,2433.0,2,4,7,334,0.867793952669921
CS2_35,250,CS2_35_10_15_10.xlsx,45,2010-10-14 14:33:59,0.9868501130041878,0.8971364663674434,3.39625107761493,0.5758668730040889,0.9025241316083156,0.9178435900947761,3.002417678031008,3.564999999999988,5601.0,2443.0,2,4,7,334,0.8668289159496719
CS2_35,251,CS2_35_10_15_10.xlsx,46,2010-10-14 17:49:05,0.9930889076792653,0.9028080978902411,3.3868120144785494,0.5820497790795227,0.9116527869271975,0.9334966788775325,3.158998828418614,3.5749999999999877,5584.0,2477.0,2,4,7,333,0.872308945341944
CS2_35,252,CS2_35_10_15_10.xlsx,47,2010-10-14 21:04:49,0.996877798608601,0.9062525441896372,3.4537068247991254,0.5400944043925169,0.9109493395533019,0.9355690709603133,3.139229709534064,3.5799999999999876,5703.0,2289.0,2,4,7,337,0.8756370294893223
CS2_35,253,CS2_35_10_15_10.xlsx,48,2010-10-15 00:19:35,0.9975061343736584,0.9068237585215075,3.4667915601379193,0.5337755712881238,0.9103636086340211,0.9362601497399696,3.1518163478852617,3.5799999999999876,5727.0,2265.0,2,4,7,338,0.8761889467489952
CS2_35,254,CS2_35_10_15_10.xlsx,49,2010-10-15 03:34:23,0.9828679986398399,0.8935163623998543,3.4283238662274083,0.5665127488642169,0.8934057830733393,0.910504596012114,2.9081151260174365,3.559999999999988,5663.0,2409.0,2,4,7,334,0.8633311082966666
CS2_35,255,CS2_35_10_15_10.xlsx,50,2010-10-15 06:49:44,0.9813819626109606,0.8921654205554186,3.366369310095677,0.586611821149334,0.9010825296150323,0.9107111293438357,2.9608312719064243,3.559999999999988,5547.0,2489.0,2,4,7,330,0.8620258047019248
CS2_35,256,CS2_35_10_22_10.xlsx,1,2010-10-15 17:12:56,0.9928756623006599,0.9026142384551453,3.3567390675086037,0.599355636130959,0.9120556055826705,0.9285013667016238,3.2682220426437234,3.564999999999988,5519.0,2565.0,2,4,7,331,0.8721216349713702
CS2_35,257,CS2_35_10_22_10.xlsx,2,2010-10-15 20:29:03,0.999258837633997,0.9084171251218154,3.447690565651027,0.5510682119597428,0.911277381782205,0.9374224838745746,3.1593024209232055,3.5749999999999877,5690.0,2341.0,2,4,7,337,0.8777284853750948
CS2_35,258,CS2_35_10_22_10.xlsx,3,2010-10-15 23:44:38,0.9999090380246551,0.90900821638605,3.4703653704861472,0.5420631499723514,0.909565536237959,0.9385416548341428,3.158276259832794,3.5799999999999876,5732.0,2303.0,2,4,7,338,0.8782996080738281
CS2_35,259,CS2_35_10_22_10.xlsx,4,2010-10-16 03:00:17,0.9997872776428465,0.9088975251298603,3.4762261470518117,0.5367453749973898,0.909523647420266,0.9384966465119569,3.1634605401959734,3.5799999999999876,5743.0,2279.0,2,4,7,340,0.8781926562496575
CS2_35,260,CS2_35_10_22_10.xlsx,5,2010-10-16 06:15:43,0.9996879061780781,0.9088071874346164,3.4784602462317467,0.5329675835947791,0.91007982267815,0.9383896420425518,3.1675264351049734,3.5799999999999876,5747.0,2263.0,2,4,7,339,0.8781053703914036
CS2_35,261,CS2_35_10_22_10.xlsx,6,2010-10-16 09:30:56,0.9998163768156001,0.9089239789232727,3.4804202319232567,0.5288518885599938,0.910924028800697,0.938730245887603,3.1708552092131423,3.5799999999999876,5751.0,2244.0,2,4,7,339,0.878218216366681
CS2_35,262,CS2_35_10_22_10.xlsx,7,2010-10-16 12:45:57,0.9997538166304434,0.9088671060276757,3.4841899488086456,0.5255634984807187,0.9109631541404899,0.9386601259748506,3.1755643105356843,3.5799999999999876,5758.0,2236.0,2,4,7,339,0.8781632647820722
CS2_35,263,CS2_35_10_22_10.xlsx,8,2010-10-16 16:00:55,0.9996920024969036,0.9088109113608214,3.485796051533201,0.5218187036955119,0.9116645433927172,0.9385032420619438,3.151814157647615,3.5849999999999875,5761.0,2218.0,2,4,7,339,0.878108968513915
CS2_35,264,CS2_35_10_22_10.xlsx,9,2010-10-16 19:15:38,0.9992772274270294,0.9084338431154813,3.4861311047853554,0.52105633405332,0.9112020781672528,0.9379984934012779,3.164768326548507,3.5799999999999876,5762.0,2215.0,2,4,7,339,0.8777446385924362
CS2_35,265,CS2_35_10_22_10.xlsx,10,2010-10-16 22:30:18,0.9988733705448798,0.9080667004953452,3.485253048807063,0.5213694539231657,0.9111767977383685,0.9375947759407822,3.152141095431516,3.5849999999999875,5761.0,2208.0,2,4,7,339,0.8773898989833108
CS2_35,266,CS2_35_10_22_10.xlsx,11,2010-10-17 01:44:48,0.9985342322051523,0.9077583929137747,3.4854040352823925,0.5185841490409765,0.9115498516321889,0.9373370518108362,3.158496281769497,3.5849999999999875,5761.0,2204.0,2,4,7,339,0.8770920068155853
CS2_35,267,CS2_35_10_22_10.xlsx,12,2010-10-17 04:59:13,0.9981991995485462,0.9074538177714055,3.4841661954716145,0.5191801412466464,0.91144624656706,0.9370996699539222,3.1588118472106417,3.5849999999999875,5759.0,2204.0,2,4,7,340,0.8767977209957767
CS2_35,268,CS2_35_10_22_10.xlsx,13,2010-10-17 08:13:35,0.9979731984333515,0.9072483622121377,3.4828840256852103,0.5175170348438743,0.911859192672869,0.9367983271713534,3.1580067565584744,3.5849999999999875,5757.0,2205.0,2,4,7,339,0.8765992062475834
CS2_35,269,CS2_35_10_22_10.xlsx,14,2010-10-17 11:27:55,0.9978562492628669,0.9071420447844244,3.483984655843093,0.5165858825689558,0.91164982738102,0.9366212507155919,3.1640396537841906,3.5849999999999875,5759.0,2198.0,2,4,7,339,0.8764964804928446
CS2_35,270,CS2_35_10_22_10.xlsx,15,2010-10-17 14:42:10,0.9978562009245042,0.9071420008404583,3.4849649762946004,0.514517850241591,0.9122835120079568,0.9367005361461764,3.1618987942672048,3.5849999999999875,5761.0,2194.0,2,4,7,339,0.8764964380334174
CS2_35,271,CS2_35_10_22_10.xlsx,16,2010-10-17 17:56:22,0.9976305409578217,0.9069368554162014,3.4861087903492316,0.5133005856190259,0.9121293020638035,0.9365487572247773,3.160345942352306,3.5849999999999875,5763.0,2182.0,2,4,7,339,0.876298222943086
CS2_35,272,CS2_35_10_22_10.xlsx,17,2010-10-17 21:10:23,0.9974804695711939,0.9068004268829034,3.4871332978472647,0.5120471118571005,0.9119735816468548,0.9364054680883181,3.1652732867430764,3.5849999999999875,5765.0,2183.0,2,4,7,340,0.8761664033124538
CS2_35,273,CS2_35_10_22_10.xlsx,18,2010-10-18 00:24:27,0.9970793681554753,0.9064357892322502,3.485705188546153,0.5128444543457176,0.9120560775694654,0.9360196115920716,3.1650703324237592,3.5849999999999875,5763.0,2184.0,2,4,7,340,0.8758140840485741
CS2_35,274,CS2_35_10_22_10.xlsx,19,2010-10-18 03:38:30,0.9819865823669858,0.8927150748790779,3.437746207238411,0.553695717753852,0.8947219828258283,0.9116075862673925,2.9271501208125787,3.564999999999988,5681.0,2357.0,2,4,7,335,0.862556890305271
CS2_35,275,CS2_35_10_22_10.xlsx,20,2010-10-18 06:53:14,0.9793002428152846,0.890272948013895,3.373365814702043,0.5758877437078482,0.900492508172243,0.9093474547445115,2.9745963355285534,3.559999999999988,5561.0,2442.0,2,4,7,332,0.860197264693652
CS2_35,276,CS2_35_10_22_10.xlsx,21,2010-10-18 10:07:15,0.9787595106450588,0.8897813733136898,3.365710589631172,0.574253696438622,0.902400419297527,0.9094531533466363,3.0268415687043837,3.559999999999988,5548.0,2429.0,2,4,7,331,0.8597222966364371
CS2_35,277,CS2_35_10_22_10.xlsx,22,2010-10-18 13:20:47,0.9765021741975097,0.8877292492704634,3.3600334527439912,0.5764822142537921,0.9003379867973087,0.9053113277010462,2.9418866055510655,3.559999999999988,5539.0,2450.0,2,4,7,330,0.8577394985600342
CS2_35,278,CS2_35_10_22_10.xlsx,23,2010-10-18 16:34:24,0.9751509579475837,0.8865008708614396,3.3401833044953277,0.58763531514511,0.900705517099404,0.9048461575633766,2.9361798082585837,3.554999999999988,5505.0,2493.0,2,4,7,329,0.8565526178962914
CS2_35,279,CS2_35_10_22_10.xlsx,24,2010-10-18 19:48:06,0.9878647300959358,0.8980588455417597,3.3817839551619637,0.5493734183051979,0.9164989756467851,0.9266898987231736,3.125204525412728,3.5799999999999876,5575.0,2328.0,2,4,7,332,0.8677201348107273
CS2_35,280,CS2_35_10_22_10.xlsx,25,2010-10-18 23:00:54,0.9894797217970712,0.8995270198155192,3.430845275978854,0.5346799481488569,0.9105989703704802,0.9282358449227803,3.125547769997028,3.5799999999999876,5666.0,2277.0,2,4,7,335,0.8691387104253171
CS2_35,281,CS2_35_10_22_10.xlsx,26,2010-10-19 02:14:28,0.9807500072620599,0.8915909156927816,3.440926981589578,0.5247493016995498,0.8998351174328126,0.9125480657253018,2.979715358739096,3.564999999999988,5684.0,2235.0,2,4,7,335,0.8614707080739794
CS2_35,282,CS2_35_10_22_10.xlsx,27,2010-10-19 05:27:10,0.9740080560580751,0.8854618691437045,3.352492488077221,0.5856862663492057,0.8970744808644195,0.9027724391726204,2.9444773503647896,3.559999999999988,5528.0,2485.0,2,4,7,329,0.8555487162977967
CS2_35,283,CS2_35_10_22_10.xlsx,28,2010-10-19 08:41:03,0.9739453268612195,0.8854048426011085,3.3358218991271866,0.5854635239526059,0.9016035129313722,0.9028256519451144,2.8856940651429914,3.554999999999988,5497.0,2484.0,2,4,7,328,0.8554936162567751
CS2_35,284,CS2_35_10_22_10.xlsx,29,2010-10-19 11:54:25,0.973848929618768,0.8853172087443345,3.3303758921684428,0.5896335047106684,0.9017594784876669,0.9046223392825306,2.946605042044799,3.559999999999988,5488.0,2506.0,2,4,7,328,0.8554089428944543
CS2_35,285,CS2_35_10_22_10.xlsx,30,2010-10-19 15:07:58,0.973113285691273,0.8846484415375209,3.334764175131427,0.584022487200331,0.9011998265773218,0.9031249168441386,2.9808079676449464,3.559999999999988,5496.0,2480.0,2,4,7,329,0.85476276834394
CS2_35,286,CS2_35_10_22_10.xlsx,31,2010-10-19 18:21:11,0.9811808320986621,0.8919825746351473,3.3260781770898595,0.5948626686866726,0.9111418143857362,0.9193888810194958,3.086420384472154,3.569999999999988,5481.0,2523.0,2,4,7,329,0.8618491357816475
CS2_35,287,CS2_35_10_22_10.xlsx,32,2010-10-19 21:35:18,0.9835035268900505,0.8940941153545913,3.4002311968395835,0.5454129063785812,0.9083335910885264,0.9210852411160695,3.1386376064992954,3.569999999999988,5612.0,2323.0,2,4,7,332,0.8638893432879039
CS2_35,288,CS2_35_10_22_10.xlsx,33,2010-10-20 00:48:25,0.9855393931490859,0.8959449028628053,3.4108956865882627,0.5399486991042537,0.9102052471086219,0.9236025561536784,3.104600700592874,3.5749999999999877,5631.0,2300.0,2,4,7,334,0.8656776064892586
CS2_35,289,CS2_35_10_22_10.xlsx,34,2010-10-20 04:01:33,0.9706052273744774,0.8823683885222521,3.3723696793440427,0.5783428307375996,0.8909600388250439,0.8973679250447447,2.888240518994562,3.554999999999988,5564.0,2464.0,2,4,7,331,0.8525597413155819
CS2_35,290,CS2_35_10_22_10.xlsx,35,2010-10-20 07:15:31,0.9689486255543045,0.8808623868675495,3.308046786754612,0.5982372918214763,0.8991299711920921,0.8961242994467957,2.846636788630724,3.554999999999988,5448.0,2538.0,2,4,7,327,0.8511046162251371
CS2_35,291,CS2_35_10_22_10.xlsx,36,2010-10-20 10:28:41,0.9686752668686438,0.8806138789714943,3.3116702372149645,0.5901871183804159,0.9000363337244901,0.8964165925003494,2.888463258424074,3.554999999999988,5456.0,2507.0,2,4,7,327,0.8508645035575352
CS2_35,292,CS2_35_10_22_10.xlsx,37,2010-10-20 13:41:26,0.9697323887453067,0.8815748988593696,3.306577175541591,0.5959334919352528,0.9012857514931166,0.8999987805064477,2.9556725510842727,3.554999999999988,5446.0,2538.0,2,4,7,326,0.851793057750618
CS2_35,293,CS2_35_10_22_10.xlsx,38,2010-10-20 16:54:36,0.9698036163319088,0.8816396512108261,3.307787814951975,0.5949357981995277,0.9013939637280514,0.8999085954816823,2.9075163960933637,3.554999999999988,5450.0,2534.0,2,4,7,326,0.8518556226030373
CS2_35,294,CS2_35_10_22_10.xlsx,39,2010-10-20 20:07:47,0.9800352411161484,0.8909411282874076,3.3505663715354097,0.5588865634774448,0.9135011791322122,0.9179505024980925,3.089377273896209,3.5749999999999877,5524.0,2382.0,2,4,7,330,0.860842872138964
CS2_35,295,CS2_35_10_22_10.xlsx,40,2010-10-20 23:20:12,0.9812248790898934,0.8920226173544485,3.390389665864936,0.5481606875093555,0.9083955723255559,0.9189763931218946,3.0795206956960244,3.5749999999999877,5596.0,2341.0,2,4,7,332,0.8618878257560992
CS2_35,296,CS2_35_10_22_10.xlsx,41,2010-10-21 02:33:13,0.9717700408088632,0.8834273098262392,3.389286444754684,0.5432559278358996,0.8974749267283783,0.9026530761892664,2.968514948209474,3.559999999999988,5596.0,2352.0,2,4,7,331,0.853582889566068
CS2_35,297,CS2_35_10_22_10.xlsx,42,2010-10-21 05:45:54,0.9668903749631141,0.8789912499664674,3.3116173320967968,0.5961914777710817,0.8969435370681087,0.8959635377941262,2.9333141329228223,3.554999999999988,5457.0,2542.0,2,4,7,325,0.8492966910851348
CS2_35,298,CS2_35_10_22_10.xlsx,43,2010-10-21 08:59:10,0.9671608097900233,0.879237099809112,3.300739938184375,0.5952477495394775,0.9003193927085839,0.8955067713512649,2.86791707771234,3.559999999999988,5437.0,2540.0,2,4,7,326,0.8495342354951274
CS2_35,299,CS2_35_10_22_10.xlsx,44,2010-10-21 12:12:04,0.9661333780741046,0.8783030709764587,3.2995050252316993,0.5944924419740989,0.8997152221027372,0.8939916916465782,2.8663350392146683,3.554999999999988,5435.0,2539.0,2,4,7,326,0.8486317605308079
CS2_35,300,CS2_35_10_22_10.xlsx,45,2010-10-21 15:24:53,0.9641456603745766,0.8764960548859787,3.295313712181241,0.5953542863825991,0.897807985050652,0.8901267685771036,2.864744476727671,3.554999999999988,5428.0,2536.0,2,4,7,324,0.8468857900374261
CS2_35,301,CS2_35_10_22_10.xlsx,46,2010-10-21 18:37:25,0.9734971141228925,0.8849973764753568,3.282013354748429,0.6089003146112932,0.9099238846144823,0.9107466379245266,3.061740976364423,3.564999999999988,5403.0,2570.0,2,4,7,325,0.8550999153725588
CS2_35,302,CS2_35_10_22_10.xlsx,47,2010-10-21 21:50:37,0.9772076352690036,0.8883705775172759,3.3604811231349903,0.5598134591854708,0.9080072563831195,0.9148199250499588,3.0811465412836627,3.569999999999988,5543.0,2387.0,2,4,7,331,0.858359161108368
CS2_35,303,CS2_35_10_22_10.xlsx,48,2010-10-22 01:03:17,0.9754336216809776,0.8867578378917977,3.3771057531672994,0.5506539334815695,0.9047443129998584,0.9092869637000024,3.0827061174251815,3.5799999999999876,5573.0,2358.0,2,4,7,330,0.8568009039271358
CS2_35,304,CS2_35_10_22_10.xlsx,49,2010-10-22 04:15:54,0.9621994430468774,0.8747267664062521,3.320353097618532,0.5939236157937463,0.8902822929327378,0.8871943902285602,2.8373413877226077,3.5499999999999883,5473.0,2535.0,2,4,7,326,0.8451762726202003
CS2_35,305,CS2_35_10_22_10.xlsx,50,2010-10-22 07:29:04,0.9627406671643399,0.875218788331218,3.2746357792499423,0.6048865360381097,0.8989165310547722,0.8895363756293805,2.8684555131123726,3.5499999999999883,5391.0,2582.0,2,4,7,323,0.8456516727937866
CS2_35,306,CS2_35_10_29_10.xlsx,1,2010-10-22 13:23:55,0.9673695025525301,0.8794268205023,3.274362919846569,0.6123941205681699,0.9018744679967133,0.8946855609610568,2.903034415176115,3.554999999999988,5381.0,2620.0,2,4,7,324,0.8497175469410162
CS2_35,307,CS2_35_10_29_10.xlsx,2,2010-10-22 16:37:15,0.966152065595871,0.87832005963261,3.288562720572031,0.6101130628481256,0.8981649530917902,0.89499064360742,2.922656790955531,3.554999999999988,5416.0,2604.0,2,4,7,325,0.8486481752669681
CS2_35,308,CS2_35_10_29_10.xlsx,3,2010-10-22 19:50:49,0.975612631905113,0.8869205744591936,3.325824146746721,0.5726845576012011,0.9106342981208121,0.912416646457279,3.0589857544616836,3.564999999999988,5479.0,2444.0,2,4,7,327,0.8569581428395973
CS2_35,309,CS2_35_10_29_10.xlsx,4,2010-10-22 23:03:18,0.9769654567849968,0.8881504152590879,3.3628898044431423,0.56081838335863,0.9066427503400463,0.9140614063685464,3.0710545354075345,3.569999999999988,5548.0,2397.0,2,4,7,330,0.8581464364909296
CS2_35,310,CS2_35_10_29_10.xlsx,5,2010-10-23 02:16:14,0.9771720088752196,0.8883381898865632,3.371244702359126,0.5566232110567852,0.9061625235114413,0.9137931644920797,3.0519412617137847,3.569999999999988,5563.0,2379.0,2,4,7,331,0.8583278676141524
CS2_35,311,CS2_35_10_29_10.xlsx,6,2010-10-23 05:29:06,0.9772551622855996,0.8884137838959996,3.3747914031607826,0.5524522530354681,0.9063929119267342,0.9138056202465886,3.0679571213437105,3.569999999999988,5569.0,2367.0,2,4,7,331,0.8584009078657847
CS2_35,312,CS2_35_10_29_10.xlsx,7,2010-10-23 08:41:53,0.9773454180304153,0.8884958345731048,3.3763140281282267,0.550962505088048,0.9068908585791252,0.9139185467378641,3.0503867397175792,3.569999999999988,5572.0,2357.0,2,4,7,331,0.8584801866624387
CS2_35,313,CS2_35_10_29_10.xlsx,8,2010-10-23 11:54:32,0.9792211219674805,0.8902010199704367,3.3842259810650677,0.5438202057208579,0.9089515121246241,0.916859261846078,3.0803105864434457,3.5749999999999877,5586.0,2330.0,2,4,7,332,0.8601277665623478
CS2_35,314,CS2_35_10_29_10.xlsx,9,2010-10-23 15:07:06,0.9796320881958263,0.8905746256325693,3.392896600391533,0.5390457901262318,0.9088402509865058,0.9175573056693543,3.096550861060609,3.5749999999999877,5602.0,2308.0,2,4,7,332,0.8604887508754817
CS2_35,315,CS2_35_10_29_10.xlsx,10,2010-10-23 18:19:34,0.9799727846238326,0.8908843496580297,3.3968911232213435,0.5381808673376608,0.9085908416234045,0.9179059323002825,3.0994866943157002,3.5749999999999877,5609.0,2298.0,2,4,7,332,0.8607880116360218
CS2_35,316,CS2_35_10_29_10.xlsx,11,2010-10-23 21:32:00,0.9801484106842988,0.8910440097129988,3.3995942860564687,0.5348807011403532,0.9088669183324422,0.9179575226261545,3.0856167309109885,3.5749999999999877,5614.0,2293.0,2,4,7,333,0.8609422779684671
CS2_35,317,CS2_35_10_29_10.xlsx,12,2010-10-24 00:44:28,0.9803070459159624,0.8911882235599657,3.4024475392873583,0.5334474600683348,0.90915786902511,0.9181258764122859,3.091478746496922,3.5749999999999877,5619.0,2287.0,2,4,7,333,0.8610816199050817
CS2_35,318,CS2_35_10_29_10.xlsx,13,2010-10-24 03:56:54,0.9804222828542439,0.8912929844129489,3.404144938380675,0.5313167375723914,0.9094037576905527,0.9183240293626114,3.083346469573699,3.5799999999999876,5622.0,2277.0,2,4,7,333,0.8611828416701417
CS2_35,319,CS2_35_10_29_10.xlsx,14,2010-10-24 07:09:13,0.9804683010766055,0.8913348191605505,3.4057858737243083,0.5303168110966604,0.909342143384101,0.918439148058603,3.1013178319722163,3.5799999999999876,5625.0,2269.0,2,4,7,333,0.8612232631336224
CS2_35,320,CS2_35_10_29_10.xlsx,15,2010-10-24 10:21:27,0.9806700980845147,0.8915182709859224,3.406285879621893,0.5292608660438124,0.9098404128903513,0.9187929695607929,3.075758361000024,3.5799999999999876,5626.0,2269.0,2,4,7,333,0.8614005174899858
CS2_35,321,CS2_35_10_29_10.xlsx,16,2010-10-24 13:33:44,0.9808837810145921,0.8917125281950836,3.408550188496062,0.5261121765408487,0.9102744101915053,0.9191910131166647,3.0981196822060904,3.5799999999999876,5631.0,2256.0,2,4,7,333,0.8615882121968061
CS2_35,322,CS2_35_10_29_10.xlsx,17,2010-10-24 16:45:53,0.9813640430406227,0.8921491300369297,3.415014340801106,0.5224462056797411,0.9101726389148526,0.9196063991485018,3.0904573533332638,3.5799999999999876,5642.0,2237.0,2,4,7,333,0.8620100645185621
CS2_35,323,CS2_35_10_29_10.xlsx,18,2010-10-24 19:57:55,0.9810443663671791,0.8918585148792536,3.4136765457588094,0.5230882461905665,0.9102234127763518,0.9191077292661003,3.1000712209681143,3.5799999999999876,5641.0,2243.0,2,4,7,333,0.8617292670796765
CS2_35,324,CS2_35_10_29_10.xlsx,19,2010-10-24 23:10:02,0.9810635759390784,0.8918759781264349,3.4144989738244678,0.5213205483050388,0.9102207184030241,0.9190621588152662,3.105271828529776,3.5799999999999876,5642.0,2237.0,2,4,7,333,0.8617461403739751
CS2_35,325,CS2_35_10_29_10.xlsx,20,2010-10-25 02:22:03,0.9689314333200372,0.88084675756367,3.414461656700035,0.5129126922337027,0.8964254932415497,0.8986605558019206,2.9336423328206145,3.559999999999988,5642.0,2214.0,2,4,7,332,0.8510895149188735
CS2_35,326,CS2_35_10_29_10.xlsx,21,2010-10-25 05:33:02,0.9638490670656452,0.8762264246051319,3.3125204080567476,0.5818047482484856,0.8974925522921262,0.8918880705576441,2.8932255359657773,3.554999999999988,5461.0,2484.0,2,4,7,326,0.8466252685528856
CS2_35,327,CS2_35_10_29_10.xlsx,22,2010-10-25 08:45:13,0.964164167348919,0.8765128794081081,3.296366091764932,0.5848603557933221,0.9012638679818211,0.8941165914809793,2.926568958084559,3.554999999999988,5432.0,2489.0,2,4,7,324,0.8469020461844289
CS2_35,328,CS2_35_10_29_10.xlsx,23,2010-10-25 11:57:01,0.9639031435115228,0.8762755850104752,3.2972885090475015,0.5862043994532512,0.9005887598915765,0.8937965176959485,2.9269918477243317,3.554999999999988,5434.0,2494.0,2,4,7,325,0.8466727681947671
CS2_35,329,CS2_35_10_29_10.xlsx,24,2010-10-25 15:08:56,0.9619885968232857,0.8745350880211687,3.2933709632549557,0.5864907859188186,0.898993556732206,0.8907291602131864,2.9133982225778743,3.554999999999988,5427.0,2496.0,2,4,7,324,0.844991069618225
CS2_35,330,CS2_35_10_29_10.xlsx,25,2010-10-25 18:20:39,0.9700563209326027,0.8818693826660025,3.2776247639326694,0.6036611723889946,0.9091218309893846,0.9073813512462461,3.0629459604672657,3.569999999999988,5399.0,2563.0,2,4,7,325,0.8520775931456642
CS2_35,331,CS2_35_10_29_10.xlsx,26,2010-10-25 21:33:28,0.9735999413537435,0.8850908557761303,3.353046776754575,0.5525006323633538,0.908547858868874,0.9106583046926283,3.049014698610573,3.569999999999988,5533.0,2363.0,2,4,7,329,0.8551902367049213
CS2_35,332,CS2_35_10_29_10.xlsx,27,2010-10-26 00:45:22,0.850854840195133,0.7735044001773936,3.3685761958172913,,,,,,5561.0,,2,,7,297,0.7473734552369137
CS2_35,333,CS2_35_10_29_10.xlsx,28,2010-10-26 03:11:40,0.963597236552328,0.8759974877748435,3.348183225399417,0.5757907844995233,0.891254712133605,0.8930553029873773,2.8986400635035277,3.559999999999988,5530.0,2484.0,2,4,7,328,0.8464040657906978
CS2_35,334,CS2_35_10_29_10.xlsx,29,2010-10-26 06:24:59,0.9614716733827038,0.8740651576206397,3.2847206442278805,0.596921432641807,0.8981846042129356,0.8905640933212301,2.9273139067254665,3.554999999999988,5412.0,2547.0,2,4,7,324,0.8445370146612219
CS2_35,335,CS2_35_10_29_10.xlsx,30,2010-10-26 09:37:16,0.9624643961358252,0.8749676328507502,3.288489781794326,0.5859551651755409,0.9014283045113517,0.8914460415030884,2.917040133419986,3.554999999999988,5417.0,2508.0,2,4,7,324,0.8454090019839038
CS2_35,336,CS2_35_10_29_10.xlsx,31,2010-10-26 12:49:04,0.9599360524373743,0.8726691385794312,3.2794780475336807,0.5964164506937358,0.8975301481525467,0.8862997734815202,2.9103414499685965,3.5499999999999883,5403.0,2539.0,2,4,7,323,0.8431881566920038
CS2_35,337,CS2_35_10_29_10.xlsx,32,2010-10-26 16:01:00,0.9574045660749064,0.870367787340824,3.266157645747545,0.5980521312232931,0.8970261133879807,0.8822937113249301,2.8490353612538986,3.5499999999999883,5380.0,2561.0,2,4,7,322,0.840964550948433
CS2_35,338,CS2_35_10_29_10.xlsx,33,2010-10-26 19:12:46,0.970156650448331,0.8819605913166645,3.290423453336083,0.575609276820822,0.9135662026254955,0.9078098806210122,3.0824776837721437,3.569999999999988,5417.0,2456.0,2,4,7,325,0.8521657205362482
CS2_35,339,CS2_35_10_29_10.xlsx,34,2010-10-26 22:24:06,0.9728082508320597,0.8843711371200542,3.349927669362282,0.5512568119681577,0.9086867673688808,0.9106089607961614,3.0697435975264518,3.569999999999988,5528.0,2367.0,2,4,7,329,0.8544948319746227
CS2_35,340,CS2_35_10_29_10.xlsx,35,2010-10-27 01:35:58,0.9664873182074061,0.8786248347340054,3.365778963890032,0.542541314688775,0.8991318765246405,0.8932443787582102,2.8704937722726034,3.554999999999988,5556.0,2331.0,2,4,7,329,0.8489426542906787
CS2_35,341,CS2_35_10_29_10.xlsx,36,2010-10-27 04:47:20,0.9584178032778183,0.8712889120707439,3.290605149359349,0.5871347094251257,0.8954646302783178,0.8836656156792034,2.8552040144012634,3.5499999999999883,5424.0,2519.0,2,4,7,323,0.8418545577434126
CS2_35,342,CS2_35_10_29_10.xlsx,37,2010-10-27 07:59:12,0.9595310025150567,0.8723009113773242,3.2700589306175787,0.5913824549742615,0.9006051590306607,0.8875442668035434,2.9085304970267467,3.554999999999988,5386.0,2527.0,2,4,7,323,0.8428323691408434
CS2_35,343,CS2_35_10_29_10.xlsx,38,2010-10-27 11:10:38,0.9606026820161162,0.8732751654691965,3.2750651937181736,0.5907680929840433,0.9014205555551572,0.8897040496397138,2.881626032271295,3.559999999999988,5395.0,2527.0,2,4,7,324,0.8437737104528699
CS2_35,344,CS2_35_10_29_10.xlsx,39,2010-10-27 14:22:16,0.9597003396718407,0.8724548542471278,3.2739187452878205,0.5943829070797654,0.8995617922742865,0.8889516502170985,2.917874332382715,3.5499999999999883,5394.0,2546.0,2,4,7,323,0.8429811114291714
CS2_35,345,CS2_35_10_29_10.xlsx,40,2010-10-27 17:34:09,0.9647828933457276,0.877075357587025,3.2715702502609503,0.5951551718587432,0.906503607536853,0.9030593317866721,3.113225298962085,3.564999999999988,5390.0,2547.0,2,4,7,323,0.8474455224206031
CS2_35,346,CS2_35_10_29_10.xlsx,41,2010-10-27 20:46:16,0.9712914437275231,0.8829922215704754,3.33694011344346,0.5547392007477471,0.9096785379850494,0.9091360146735488,3.066054796763272,3.5749999999999877,5504.0,2386.0,2,4,7,328,0.8531624996976088
CS2_35,347,CS2_35_10_29_10.xlsx,42,2010-10-27 23:57:58,0.972679682598141,0.8842542569074008,3.360409237380437,0.5450035969381536,0.9081686597044228,0.9106357951917375,3.0779460769422053,3.5749999999999877,5546.0,2348.0,2,4,7,329,0.8543819002726705
CS2_35,348,CS2_35_10_29_10.xlsx,43,2010-10-28 03:09:48,0.9615972198920844,0.8741792908109857,3.332363672256217,0.5688826929425997,0.8948668317025856,0.890544455775752,2.893731195809341,3.559999999999988,5502.0,2455.0,2,4,7,327,0.8446472921422634
CS2_35,349,CS2_35_10_29_10.xlsx,44,2010-10-28 06:22:05,0.9590437618016239,0.8718579652742035,3.277046226990068,0.5955140532072578,0.8980153162176976,0.8881803543680642,2.928469600174595,3.554999999999988,5398.0,2544.0,2,4,7,323,0.842404386883086
CS2_35,350,CS2_35_10_29_10.xlsx,45,2010-10-28 09:33:59,0.959447890879936,0.8722253553453962,3.2725032033562487,0.592193896532393,0.900255041542866,0.8895133617401357,2.9067254833746126,3.554999999999988,5390.0,2538.0,2,4,7,323,0.8427593655837426
CS2_35,351,CS2_35_10_29_10.xlsx,46,2010-10-28 12:45:40,0.9585996153386844,0.8714541957624403,3.2710248964627473,0.593495634237411,0.8995901796324443,0.8884769084633387,2.9125461083904747,3.5499999999999883,5389.0,2549.0,2,4,7,322,0.8420142577318408
CS2_35,352,CS2_35_10_29_10.xlsx,47,2010-10-28 15:57:27,0.9570725335871657,0.870065939624696,3.2615689196136,0.5991202114813752,0.8984798642587758,0.8865701097278824,2.9283782308050137,3.5499999999999883,5373.0,2566.0,2,4,7,322,0.840672900415474
CS2_35,353,CS2_35_10_29_10.xlsx,48,2010-10-28 19:09:11,0.9630688680197039,0.8755171527451853,3.279696389850278,0.5844391707802203,0.9064392931024714,0.895413876434698,2.847786567577609,3.5749999999999877,5400.0,2495.0,2,4,7,323,0.8459399576993868
CS2_35,354,CS2_35_10_29_10.xlsx,49,2010-10-28 22:20:30,0.955632974130765,0.8687572492097863,3.2650279503435278,0.604984523392807,0.894505039823228,0.884476976664333,2.9050288242803264,3.5499999999999883,5379.0,2599.0,2,4,7,322,0.8394084208895628
CS2_35,355,CS2_35_10_29_10.xlsx,50,2010-10-29 01:32:48,0.95452005900448,0.8677455081858908,3.239543207738745,0.6119432953235608,0.8972971601809372,,,,5334.0,2625.0,2,4,7,321,0.8384308590493713
CS2_35,356,CS2_35_11_01_10.xlsx,1,2010-10-29 09:58:03,0.961172011516433,0.8737927377422117,3.2348592261710185,0.6216433557817947,0.9030767085388346,0.8890782373739587,2.9229989433982095,3.554999999999988,5313.0,2684.0,2,4,7,322,0.8442737978187976
CS2_35,357,CS2_35_11_01_10.xlsx,2,2010-10-29 13:11:00,0.9600882615020929,0.872807510456448,3.267878706497658,0.6081167365763103,0.8972551910508506,0.888964353289962,2.934848881870851,3.5499999999999883,5382.0,2603.0,2,4,7,323,0.8433218540152639
CS2_35,358,CS2_35_11_01_10.xlsx,3,2010-10-29 16:23:40,0.9579455874745673,0.8708596249768793,3.253965452701723,0.6134684283349386,0.8969406973440701,,,,5359.0,2627.0,2,4,7,321,0.8414397730588566
CS2_35,359,CS2_35_11_01_10.xlsx,4,2010-10-29 19:36:13,0.9667128209026448,0.8788298371842225,3.283665293170989,0.584663339626414,0.9086317913553864,0.9029657877035451,3.0391044553429207,3.559999999999988,5407.0,2491.0,2,4,7,325,0.8491407312369968
CS2_35,360,CS2_35_11_01_10.xlsx,5,2010-10-29 22:47:47,0.9682845520395604,0.8802586836723276,3.3220141799946052,0.569554001047469,0.9056445333207889,0.9047131014158206,3.0475042166184667,3.564999999999988,5479.0,2443.0,2,4,7,327,0.8505213076585056
CS2_35,361,CS2_35_11_01_10.xlsx,6,2010-10-30 01:59:50,0.9689937136694322,0.8809033760631201,3.331528776347215,0.562892546089573,0.905728672210084,0.9054842485539807,3.0542767390796075,3.569999999999988,5496.0,2418.0,2,4,7,328,0.8511442207014839
CS2_35,362,CS2_35_11_01_10.xlsx,7,2010-10-30 05:11:47,0.9693882226046817,0.8812620205497106,3.3364520878999366,0.559096551513001,0.9059473254588573,0.90587817758214,3.060562534595822,3.569999999999988,5505.0,2402.0,2,4,7,328,0.8514907492656179
CS2_35,363,CS2_35_11_01_10.xlsx,8,2010-10-30 08:23:40,0.9695709222752393,0.8814281111593084,3.3402948153161307,0.5566830398805761,0.9060897247065183,0.9059752614557715,3.0551496852817204,3.569999999999988,5512.0,2393.0,2,4,7,328,0.8516512289122096
CS2_35,364,CS2_35_11_01_10.xlsx,9,2010-10-30 11:35:30,0.969979481537278,0.8817995286702527,3.342596134435933,0.5550970863696423,0.9063781426248534,0.9065461048742947,3.0622442657830082,3.569999999999988,5516.0,2389.0,2,4,7,328,0.8520100989954646
CS2_35,365,CS2_35_11_01_10.xlsx,10,2010-10-30 14:47:22,0.9133041645069131,0.8302765131881027,3.3458445245837356,0.5520208561566169,0.8633463950737369,0.9073278900175692,,,5522.0,2376.0,2,4,7,318,0.8022276619514243
CS2_35,366,CS2_35_11_08_10.xlsx,1,2010-11-01 14:23:58,0.971594907123571,0.8832680973850645,3.140548310722744,0.5564967823143746,0.9564347697655889,0.8966595344179891,2.9028083907337416,3.559999999999988,5152.0,2389.0,2,4,7,316,0.8534290557258853
CS2_35,367,CS2_35_11_08_10.xlsx,2,2010-11-01 17:29:50,0.9761510690848089,0.8874100628043716,3.365813023967807,0.5466231844541981,0.9091935253550206,0.9115152714248473,3.111848043427467,3.569999999999988,5552.0,2331.0,2,4,7,329,0.8574310950241615
CS2_35,368,CS2_35_11_08_10.xlsx,3,2010-11-01 20:41:39,0.9790449786499953,0.8900408896818138,3.391158465514726,0.5331519273895934,0.9100297950484344,0.9150616921989791,3.0782020845985683,3.5749999999999877,5598.0,2274.0,2,4,7,332,0.859973045881937
CS2_35,369,CS2_35_11_08_10.xlsx,4,2010-11-01 23:53:28,0.9799938826659189,0.8909035296962898,3.398175608927991,0.5336569192618984,0.9091722168920895,0.9166559079742168,3.0972395898917977,3.5749999999999877,5611.0,2277.0,2,4,7,332,0.8608065437238326
CS2_35,370,CS2_35_11_08_10.xlsx,5,2010-11-02 03:05:36,0.9708708033228843,0.8826098212026221,3.371195990109656,0.5591763841193546,0.8976326649387458,0.8996672400501752,2.9598853734214634,3.559999999999988,5568.0,2378.0,2,4,7,330,0.8527930177862701
CS2_35,371,CS2_35_11_08_10.xlsx,6,2010-11-02 06:18:11,0.9708220240629322,0.8825654764208474,3.3365527459965874,0.5707362822103379,0.9027989766424221,0.9009336685555914,2.9871048161743987,3.554999999999988,5501.0,2415.0,2,4,7,328,0.8527501710839513
CS2_35,372,CS2_35_11_08_10.xlsx,7,2010-11-02 09:30:16,0.9737368751395508,0.8852153410359551,3.3430197996454676,0.5634818315211394,0.9067398877900134,0.9068834744466533,3.0457112061431184,3.559999999999988,5513.0,2395.0,2,4,7,328,0.8553105165362189
CS2_35,373,CS2_35_11_08_10.xlsx,8,2010-11-02 12:42:23,0.9757849807208503,0.887077255200773,3.364592459157871,0.5501107813560339,0.9076471624782234,0.9097821328688017,3.0229796315882274,3.564999999999988,5552.0,2345.0,2,4,7,329,0.8571095305074327
CS2_35,374,CS2_35_11_08_10.xlsx,9,2010-11-02 15:54:27,0.9755951379301324,0.8869046708455749,3.3754012152845867,0.544453774177142,0.9063793862021783,0.9087376595404215,3.0171446567077798,3.564999999999988,5572.0,2317.0,2,4,7,330,0.8569427764904747
CS2_35,375,CS2_35_11_08_10.xlsx,10,2010-11-02 19:06:20,0.9800181445303053,0.8909255859366412,3.385461899271587,0.5359215043922332,0.9117947125607547,0.9174311235164412,3.111408758114775,3.5749999999999877,5588.0,2277.0,2,4,7,332,0.8608278548483164
CS2_35,376,CS2_35_11_08_10.xlsx,11,2010-11-02 22:18:04,0.9808424933598587,0.8916749939635079,3.403845360309519,0.5303035518309048,0.9100725109394144,0.9182953989233961,3.1129919030711823,3.5749999999999877,5623.0,2258.0,2,4,7,333,0.8615519459669877
CS2_35,377,CS2_35_11_08_10.xlsx,12,2010-11-03 01:30:07,0.9759842726737062,0.8872584297033692,3.4081999577193205,0.5270677499920496,0.9036790551526256,0.9060250025359342,2.9180022908938685,3.564999999999988,5631.0,2246.0,2,4,7,332,0.857284584474773
CS2_35,378,CS2_35_11_08_10.xlsx,13,2010-11-03 04:41:51,0.9723285766723944,0.8839350697021766,3.357778476321838,0.5564060563203583,0.9034987742448435,0.9043909874117795,3.093496399975836,3.559999999999988,5541.0,2367.0,2,4,7,329,0.854073496022635
CS2_35,379,CS2_35_11_08_10.xlsx,14,2010-11-03 07:53:55,0.972145173515699,0.8837683395597262,3.3466568012927467,0.5611495351045328,0.9048520564596144,0.9056725024864126,3.049317635659419,3.559999999999988,5521.0,2382.0,2,4,7,328,0.8539123984482364
CS2_35,380,CS2_35_11_08_10.xlsx,15,2010-11-03 11:05:52,0.9747538987242415,0.8861399079311285,3.3628232606208783,0.5460528374764658,0.9085175068302708,0.9097399756137569,3.0569322885047088,3.564999999999988,5550.0,2325.0,2,4,7,329,0.8562038492113594
CS2_35,381,CS2_35_11_08_10.xlsx,16,2010-11-03 14:17:29,0.9746785755926854,0.8860714323569867,3.370370195145878,0.5456548999412696,0.9065887453785259,0.9093205050071881,3.0306591312590037,3.564999999999988,5564.0,2330.0,2,4,7,330,0.8561376869161818
CS2_35,382,CS2_35_11_08_10.xlsx,17,2010-11-03 17:29:24,0.9761399375982194,0.8873999432711085,3.364271897238059,0.5500188827902389,0.908814283973248,0.9144691047362334,3.1598887012641694,3.5749999999999877,5553.0,2344.0,2,4,7,330,0.8574213173544565
CS2_35,383,CS2_35_11_08_10.xlsx,18,2010-11-03 20:41:27,0.9784648140866743,0.889513467351522,3.387134494371993,0.5352891734569437,0.9102303722388401,0.9164149685218973,3.124333033304605,3.5749999999999877,5594.0,2286.0,2,4,7,332,0.8594634412187071
CS2_35,384,CS2_35_11_08_10.xlsx,19,2010-11-03 23:53:21,0.9788080962299475,0.8898255420272249,3.3952655054885024,0.5305399426640768,0.9098778961191647,0.9167617529594047,3.123804597241675,3.5749999999999877,5609.0,2268.0,2,4,7,332,0.8597649732185491
CS2_35,385,CS2_35_11_08_10.xlsx,20,2010-11-04 03:05:14,0.9705578504939716,0.8823253186308831,3.3702161792877727,0.5511390329378096,0.8998822256054684,0.9021951813743156,2.995218130555674,3.559999999999988,5569.0,2360.0,2,4,7,330,0.8525181264346301
CS2_35,386,CS2_35_11_08_10.xlsx,21,2010-11-04 06:17:32,0.97035735895928,0.8821430535993454,3.3401353529569384,0.5612640694900901,0.9043689885610737,0.9035335602972484,3.013994453110167,3.564999999999988,5510.0,2393.0,2,4,7,328,0.8523420187791881
CS2_35,387,CS2_35_11_08_10.xlsx,22,2010-11-04 09:29:24,0.9698766616324512,0.881706056029501,3.3427608139767524,0.5569982459177152,0.9043663948577569,0.9023337891125092,3.020037164561171,3.564999999999988,5515.0,2374.0,2,4,7,328,0.8519197840981316
CS2_35,388,CS2_35_11_08_10.xlsx,23,2010-11-04 12:40:59,0.9689228004589552,0.880838909508141,3.339087004589832,0.5592919830944574,0.9036501250432529,0.9007623440669159,2.99710522321017,3.559999999999988,5509.0,2390.0,2,4,7,328,0.8510819319906106
CS2_35,389,CS2_35_11_08_10.xlsx,24,2010-11-04 15:52:41,0.9668822959605556,0.8789839054186869,3.3300164740077736,0.5629467358545293,0.9024575347601269,0.8975444593751654,2.9768654564204047,3.554999999999988,5494.0,2404.0,2,4,7,327,0.8492895946548488
CS2_35,390,CS2_35_11_08_10.xlsx,25,2010-11-04 19:04:16,0.973420743475323,0.88492794861393,3.3379440268384677,0.5544704075575502,0.9114570055438704,0.9108484523407909,3.094691503899005,3.569999999999988,5504.0,2365.0,2,4,7,328,0.8550328329607815
CS2_35,391,CS2_35_11_08_10.xlsx,26,2010-11-04 22:15:42,0.9748913121176557,0.8862648291978688,3.3713272397831844,0.5384447979199878,0.9094110790956853,0.9122130054477503,3.111439925192205,3.5749999999999877,5567.0,2311.0,2,4,7,330,0.8563245503201504
CS2_35,392,CS2_35_11_08_10.xlsx,27,2010-11-05 01:27:23,0.9706032911750064,0.8823666283409148,3.378044827105844,0.5351827239997441,0.9031428114426949,0.9008893923776092,2.9081242604671442,3.559999999999988,5579.0,2291.0,2,4,7,330,0.8525580405976447
CS2_35,393,CS2_35_11_08_10.xlsx,28,2010-11-05 04:38:43,0.9662191845211687,0.8783810768374261,3.3319641753895266,0.5631061339007488,0.9010896068423713,0.8970606290911464,2.961791909493957,3.554999999999988,5497.0,2413.0,2,4,7,327,0.8487071311554955
CS2_35,394,CS2_35_11_08_10.xlsx,29,2010-11-05 07:50:27,0.9671371006452141,0.8792155460411036,3.321894915539099,0.5642896469509364,0.9049290597491509,0.8990032054144415,2.9820430797234256,3.559999999999988,5479.0,2410.0,2,4,7,326,0.8495134098681936
CS2_35,395,CS2_35_11_08_10.xlsx,30,2010-11-05 11:01:54,0.968006895695126,0.8800062688137509,3.331870660809374,0.557150881031571,0.9053567070061735,0.9010191872283717,3.0043524786351945,3.559999999999988,5497.0,2386.0,2,4,7,328,0.850277420015508
CS2_35,396,CS2_35_11_08_10.xlsx,31,2010-11-05 14:13:17,0.9696314346288553,0.8814831223898684,3.3378415926017997,0.5533775352286251,0.9070726123096391,0.904191399050688,3.0269216729152815,3.564999999999988,5507.0,2368.0,2,4,7,328,0.8517043817235588
CS2_35,397,CS2_35_11_08_10.xlsx,32,2010-11-05 17:24:38,0.9704490753367416,0.8822264321243105,3.3377756085279624,0.5567524618181653,0.9072900836164539,0.9079278744734949,3.15675373523553,3.569999999999988,5508.0,2392.0,2,4,7,328,0.8524225805656259
CS2_35,398,CS2_35_11_08_10.xlsx,33,2010-11-05 20:36:27,0.9739282567131973,0.8853893242847247,3.365393021647844,0.5363201024990113,0.9106019414963007,0.9115817095947676,3.107264719951974,3.5749999999999877,5557.0,2304.0,2,4,7,330,0.8554786221885674
CS2_35,399,CS2_35_11_08_10.xlsx,34,2010-11-05 23:47:47,0.9745678553460237,0.8859707775872943,3.3781094684479442,0.5318039209628497,0.9094757126468077,0.9119971967123865,3.103542336242526,3.5749999999999877,5580.0,2285.0,2,4,7,330,0.856040432520481
CS2_35,400,CS2_35_11_08_10.xlsx,35,2010-11-06 02:59:13,0.9748180763619558,0.8861982512381416,3.3825173110578306,0.5277310342678014,0.9098739217630062,0.9123092597295585,3.112507066051084,3.5799999999999876,5588.0,2266.0,2,4,7,331,0.8562602215331487
CS2_35,401,CS2_35_11_08_10.xlsx,36,2010-11-06 06:10:30,0.9749665553292672,0.8863332321175156,3.3858545179450075,0.5262548254760925,0.9095402557714648,0.9121412330509348,3.1032840217839026,3.5749999999999877,5594.0,2264.0,2,4,7,331,0.8563906424152866
CS2_35,402,CS2_35_11_08_10.xlsx,37,2010-11-06 09:21:51,0.9749602657708749,0.886327514337159,3.386366867934837,0.5251825527314082,0.9097129015126432,0.9121632294438221,3.094358031428534,3.5749999999999877,5595.0,2260.0,2,4,7,331,0.8563851177960854
CS2_35,403,CS2_35_11_08_10.xlsx,38,2010-11-06 12:33:08,0.9760185079894441,0.8872895527176764,3.3882850497379806,0.5235643601140632,0.911301343492473,0.9134635429983742,3.103873244966348,3.5799999999999876,5598.0,2254.0,2,4,7,332,0.8573146560745399
CS2_35,404,CS2_35_11_08_10.xlsx,39,2010-11-06 15:44:27,0.9763655317205817,0.8876050288368924,3.396416686172202,0.5189462528015732,0.9109724320017079,0.9135359030800307,3.113538242256619,3.5799999999999876,5613.0,2234.0,2,4,7,333,0.8576194746084863
CS2_35,405,CS2_35_11_08_10.xlsx,40,2010-11-06 18:55:42,0.9765206850347212,0.887746077304292,3.3991081426032097,0.5170739686891415,0.9110842999232518,0.9136020863618075,3.115510281592482,3.5799999999999876,5618.0,2226.0,2,4,7,333,0.8577557581001021
CS2_35,406,CS2_35_11_08_10.xlsx,41,2010-11-06 22:06:53,0.9765177990161789,0.8877434536510717,3.4008325761052935,0.5151221549937568,0.9109964574265522,0.9135960848929169,3.112480359973135,3.5799999999999876,5621.0,2219.0,2,4,7,333,0.857753223080557
CS2_35,407,CS2_35_11_08_10.xlsx,42,2010-11-07 01:18:00,0.9765106593504029,0.8877369630458207,3.401982309147067,0.5138246194895388,0.9110789648988902,0.9135620457983225,3.109667151596451,3.5799999999999876,5623.0,2213.0,2,4,7,333,0.8577469517444511
CS2_35,408,CS2_35_11_08_10.xlsx,43,2010-11-07 04:29:04,0.9762001106698648,0.8874546460635133,3.401152475782537,0.5134886497036163,0.911325122368708,0.9133102068350154,3.1188656039655926,3.5799999999999876,5622.0,2202.0,2,4,7,333,0.8574741721474757
CS2_35,409,CS2_35_11_08_10.xlsx,44,2010-11-07 07:39:54,0.9762845078923661,0.8875313708112418,3.4023698593654657,0.5126960438624028,0.9112463282622053,0.9131467320036344,3.1086161854829704,3.5799999999999876,5624.0,2211.0,2,4,7,333,0.8575483049381861
CS2_35,410,CS2_35_11_08_10.xlsx,45,2010-11-07 10:50:55,0.9761277913563333,0.8873889012330303,3.4010630027755564,0.5134570120239151,0.911373176333982,0.9132132848402634,3.1037954575286237,3.5799999999999876,5622.0,2212.0,2,4,7,333,0.8574106483444942
CS2_35,411,CS2_35_11_08_10.xlsx,46,2010-11-07 14:01:55,0.9761637060832982,0.8874215509848165,3.401237633738843,0.5128825805748491,0.9112875406302308,0.9132166888634586,3.115569874516888,3.5799999999999876,5622.0,2210.0,2,4,7,333,0.8574421951046671
CS2_35,412,CS2_35_11_08_10.xlsx,47,2010-11-07 17:12:53,0.9761679967504975,0.8874254515913613,3.402228830977772,0.5116687578096557,0.9113943102610926,0.9130126131206602,3.110903348259608,3.5799999999999876,5624.0,2204.0,2,4,7,333,0.8574459639388072
CS2_35,413,CS2_35_11_08_10.xlsx,48,2010-11-07 20:23:47,0.9761233112469085,0.8873848284062804,3.4021410072564535,0.5113972269758645,0.9114673633967454,0.9129459040051863,3.11057104744985,3.5849999999999875,5624.0,2203.0,2,4,7,333,0.8574067131081854
CS2_35,414,CS2_35_11_08_10.xlsx,49,2010-11-07 23:34:40,0.975831522761446,0.887119566146769,3.402073984469209,0.5115255787256187,0.9111283342786181,0.9127409212436531,3.1025451602978755,3.5799999999999876,5624.0,2201.0,2,4,7,333,0.8571504120821156
CS2_35,415,CS2_35_11_08_10.xlsx,50,2010-11-08 02:45:30,0.9682121968125728,0.8801929061932479,3.3826213525776367,0.5214097487219859,0.9032724833791674,0.9021690309353761,3.03716692080541,3.569999999999988,5593.0,2256.0,2,4,7,331,0.8504577523098803
CS2_35,416,CS2_35_11_23_10.xlsx,1,2010-11-16 11:45:27,0.986550996816712,0.8968645425606472,3.3008908783764177,0.5411478305343895,0.9376678208619076,0.9129313441325773,2.915709980947885,3.5749999999999877,5426.0,2336.0,2,4,7,326,0.8665661784203188
CS2_35,417,CS2_35_11_23_10.xlsx,2,2010-11-16 14:55:49,0.9843866151455751,0.8948969228596136,3.444492098489098,0.5202827852918063,0.9060130441567043,0.9129696083813029,2.9500820354642485,3.569999999999988,5692.0,2230.0,2,4,7,335,0.8646650299146136
CS2_35,418,CS2_35_11_23_10.xlsx,3,2010-11-16 18:08:45,0.9857258106355151,0.8961143733050136,3.4193323490738767,0.5279778209161259,0.9112078018889622,0.9198986797322972,3.223040843295746,3.569999999999988,5648.0,2252.0,2,4,7,334,0.8658413517891235
CS2_35,419,CS2_35_11_23_10.xlsx,4,2010-11-16 21:21:23,0.992096001130482,0.9019054555731654,3.450576301291801,0.5070808464332269,0.9174612234154158,0.9271453255752483,3.1103976568162546,3.5849999999999875,5704.0,2160.0,2,4,7,337,0.8714367965769193
CS2_35,420,CS2_35_11_23_10.xlsx,5,2010-11-17 00:33:46,0.9934691665621243,0.9031537877837492,3.470382759924294,0.505001811962435,0.9147687645888227,0.9288362433441999,3.1467410648671317,3.5849999999999875,5740.0,2151.0,2,4,7,338,0.8726429569520816
CS2_35,421,CS2_35_11_23_10.xlsx,6,2010-11-17 03:46:39,0.9856901109567984,0.8960819190516348,3.4544847553451112,0.5177397485747771,0.9053668080562448,0.9179842944109327,3.050739381708521,3.569999999999988,5716.0,2216.0,2,4,7,336,0.8658099939229247
CS2_35,422,CS2_35_11_23_10.xlsx,7,2010-11-17 06:59:50,0.9842725011676636,0.8947931828796941,3.4160063292216636,0.5361023033864606,0.9080259558400938,0.9182419068044072,3.1146180623704667,3.569999999999988,5643.0,2283.0,2,4,7,333,0.8645647945349301
CS2_35,423,CS2_35_11_23_10.xlsx,8,2010-11-17 10:12:49,0.9848189537045631,0.8952899579132391,3.4196583266594067,0.5306632832280943,0.9094017916313827,0.9190401319136956,3.0494281044158504,3.569999999999988,5649.0,2256.0,2,4,7,334,0.8650447872450048
CS2_35,424,CS2_35_11_23_10.xlsx,9,2010-11-17 13:25:29,0.9842769732726131,0.8947972484296483,3.41886208543008,0.5316092867198454,0.908730924309589,0.9186329189701192,3.071973476683075,3.569999999999988,5648.0,2264.0,2,4,7,334,0.8645687227402717
CS2_35,425,CS2_35_11_23_10.xlsx,10,2010-11-17 16:38:14,0.9821458803532614,0.8928598912302376,3.408716354866243,0.5374756235170259,0.9071906577516451,0.9157744854525123,3.0542201892289276,3.564999999999988,5631.0,2291.0,2,4,7,333,0.8626968143919552
CS2_35,426,CS2_35_11_23_10.xlsx,11,2010-11-17 19:51:04,0.9884554268452526,0.8985958425865932,3.4154104977451105,0.5303673572032536,0.9157135851561976,0.9270309739097115,3.174731102277063,3.5799999999999876,5639.0,2245.0,2,4,7,334,0.8682389907303021
CS2_35,427,CS2_35_11_23_10.xlsx,12,2010-11-17 23:03:34,0.9895321033832314,0.8995746394393012,3.4484366653449836,0.5149789373309839,0.9129185857761695,0.9274341517982462,3.179550460761628,3.5849999999999875,5702.0,2190.0,2,4,7,336,0.8691847213371553
CS2_35,428,CS2_35_11_23_10.xlsx,13,2010-11-18 02:16:16,0.9863854477065921,0.8967140433696291,3.4531904078429028,0.5119322946811912,0.9092314362337266,0.9199218241249955,2.9446413944217613,3.5749999999999877,5711.0,2175.0,2,4,7,337,0.8664207634745528
CS2_35,429,CS2_35_11_23_10.xlsx,14,2010-11-18 05:28:42,0.9789382780179654,0.8899438891072412,3.4079413772794784,0.541051205808608,0.9027537616104199,0.9120935194562937,3.037963657252572,3.564999999999988,5630.0,2305.0,2,4,7,333,0.8598793222333557
CS2_35,430,CS2_35_11_23_10.xlsx,15,2010-11-18 08:41:33,0.9797798935205737,0.8907089941096124,3.383541238060943,0.5478741557772547,0.9082761400131921,0.9150476853881505,3.1154097234216582,3.569999999999988,5585.0,2324.0,2,4,7,332,0.8606185800437962
CS2_35,431,CS2_35_11_23_10.xlsx,16,2010-11-18 11:54:00,0.9796478814422453,0.8905889831293139,3.3960340616552487,0.5364098082248558,0.9080639790811206,0.9148260365744655,3.097439210512653,3.569999999999988,5609.0,2287.0,2,4,7,332,0.8605026233394886
CS2_35,432,CS2_35_11_23_10.xlsx,17,2010-11-18 15:06:15,0.971788904353005,0.8834444585027318,3.3651374291133105,0.5615332295889794,0.8992172926702463,0.9027665073280275,2.9934959513761545,3.554999999999988,5557.0,2392.0,2,4,7,330,0.8535994589166755
CS2_35,433,CS2_35_11_23_10.xlsx,18,2010-11-18 18:18:56,0.9725104634805604,0.8841004213459639,3.320346323400067,0.5849101699550834,0.9046572590952674,0.9100375106572138,3.2118856199163455,3.559999999999988,5474.0,2494.0,2,4,7,327,0.8542332616675596
CS2_35,434,CS2_35_11_23_10.xlsx,19,2010-11-18 21:32:00,0.9800962444450292,0.8909965858591173,3.3779358326375504,0.5376532325266342,0.9133228782823837,0.9185652741711293,3.1637435955907964,3.5749999999999877,5576.0,2284.0,2,4,7,331,0.8608964562129245
CS2_35,435,CS2_35_11_23_10.xlsx,20,2010-11-19 00:43:40,0.9811571019841843,0.8919610018038038,3.405083532640893,0.5282065463748099,0.9107021847384935,0.919464240941685,3.1572232984695923,3.5799999999999876,5626.0,2251.0,2,4,7,333,0.8618282917353864
CS2_35,436,CS2_35_11_23_10.xlsx,21,2010-11-19 03:55:41,0.9700526011451771,0.88186600104107,3.3753565590605845,0.5484078524941755,0.8985632789225697,0.9029482425918909,3.0262590246652654,3.559999999999988,5580.0,2356.0,2,4,7,330,0.8520743257606184
CS2_35,437,CS2_35_11_23_10.xlsx,22,2010-11-19 07:08:05,0.964070462054913,0.8764276927771936,3.3047422609112984,0.5907460761319734,0.8974503388391096,0.8945509739553376,3.0302527707709337,3.5499999999999883,5449.0,2520.0,2,4,7,325,0.846819737374457
CS2_35,438,CS2_35_11_23_10.xlsx,23,2010-11-19 10:20:42,0.9629290943904252,0.8753900858094774,3.28857641703288,0.5935997341050876,0.8991123889897207,0.8912852909140776,2.9161182261703233,3.5499999999999883,5420.0,2528.0,2,4,7,324,0.8458171834077801
CS2_35,439,CS2_35_11_23_10.xlsx,24,2010-11-19 13:32:54,0.9609181297304694,0.8735619361186084,3.2742955033429584,0.6010243357306524,0.8984076901798684,0.8903517113748173,2.9381837287667594,3.5499999999999883,5394.0,2565.0,2,4,7,323,0.8440507932607536
CS2_35,440,CS2_35_11_23_10.xlsx,25,2010-11-19 16:45:11,0.9589919146979149,0.8718108315435589,3.264703101694323,0.6045879931192841,0.8975489005080172,0.8884071873665015,3.023987328593012,3.5449999999999884,5378.0,2585.0,2,4,7,322,0.84235884544968
CS2_35,441,CS2_35_11_23_10.xlsx,26,2010-11-19 19:57:25,0.9697095211759503,0.8815541101599548,3.2899246701095297,0.5823688084541099,0.9117892112424753,0.9080352221027914,3.119796604852687,3.569999999999988,5417.0,2459.0,2,4,7,325,0.8517729713463158
CS2_35,442,CS2_35_11_23_10.xlsx,27,2010-11-19 23:08:48,0.9722104712493405,0.883827701135764,3.354221809062705,0.5450168413364048,0.9089749106079823,0.9102378540707406,3.1192275822621407,3.5749999999999877,5537.0,2326.0,2,4,7,329,0.8539697546393342
CS2_35,443,CS2_35_11_23_10.xlsx,28,2010-11-20 02:20:06,0.9731382550138328,0.8846711409216661,3.3668351871084115,0.5386676711758462,0.9090930882731195,0.911067675523459,3.1309118718830797,3.5749999999999877,5560.0,2296.0,2,4,7,330,0.8547847008851854
CS2_35,444,CS2_35_11_23_10.xlsx,29,2010-11-20 05:31:18,0.8520080113010202,0.774552737546382,3.374628366011481,,,,,,5574.0,,2,,7,298,0.7483863771046304
CS2_35,445,CS2_35_11_23_10.xlsx,30,2010-11-20 07:57:52,0.9733217518230113,0.8848379562027374,3.3868054034603934,0.5360910259765459,0.9055905023262575,0.9109367241047219,3.1233794959365624,3.5749999999999877,5595.0,2298.0,2,4,7,331,0.8549458807220061
CS2_35,446,CS2_35_11_23_10.xlsx,31,2010-11-20 11:09:43,0.9739944518301478,0.8854495016637707,3.38067693837234,0.5283001963337204,0.9099141943981403,0.9118070196717247,3.125992995638327,3.5799999999999876,5584.0,2259.0,2,4,7,331,0.855536766622774
CS2_35,447,CS2_35_11_23_10.xlsx,32,2010-11-20 14:20:45,0.9745168294087172,0.885924390371561,3.388357758377823,0.5212557086341885,0.9104726892814845,0.9120690686433436,3.1199295737752375,3.5799999999999876,5598.0,2230.0,2,4,7,331,0.8559956123828149
CS2_35,448,CS2_35_11_23_10.xlsx,33,2010-11-20 17:31:35,0.9745384812726456,0.8859440738842232,3.392081923521083,0.5190411649827678,0.9102029294373009,0.9120056490187299,3.120833856724281,3.5799999999999876,5605.0,2217.0,2,4,7,331,0.8560146309363824
CS2_35,449,CS2_35_11_23_10.xlsx,34,2010-11-20 20:42:18,0.9740788820471877,0.8855262564065343,3.3937769628364096,0.5164823721763454,0.9098887691633919,0.9111241483783983,3.1036402653928703,3.5799999999999876,5608.0,2211.0,2,4,7,331,0.8556109283952111
CS2_35,450,CS2_35_11_23_10.xlsx,35,2010-11-20 23:52:57,0.9725713849373818,0.8841558044885288,3.3835063294736054,0.5234956478948205,0.9089907298079777,0.9100656358152771,3.110759341700508,3.5799999999999876,5590.0,2236.0,2,4,7,331,0.854286773826781
CS2_35,451,CS2_35_11_23_10.xlsx,36,2010-11-21 03:03:37,0.9719741689591999,0.8836128808719999,3.379059025420209,0.5239451781960641,0.9090386098457662,0.9096171689778384,3.112153984749588,3.5799999999999876,5582.0,2239.0,2,4,7,330,0.8537621915501682
CS2_35,452,CS2_35_11_23_10.xlsx,37,2010-11-21 06:14:12,0.9713924155328328,0.8830840141207571,3.377278466090036,0.5234194023254649,0.909270218264447,0.9090410141649422,3.1059954769678595,3.5799999999999876,5579.0,2239.0,2,4,7,330,0.8532511912621988
CS2_35,453,CS2_35_11_23_10.xlsx,38,2010-11-21 09:24:41,0.9707899811779725,0.8825363465254296,3.374928714885946,0.5230939156647242,0.90898363266214,0.9084014274285398,3.1055275307093395,3.5749999999999877,5575.0,2238.0,2,4,7,330,0.8527220252704509
CS2_35,454,CS2_35_11_23_10.xlsx,39,2010-11-21 12:35:03,0.9706452983073461,0.8824048166430418,3.3744084024457686,0.5221509956920702,0.9097290418750026,0.9081193398535189,3.098461387097617,3.5799999999999876,5574.0,2232.0,2,4,7,330,0.8525949388018486
CS2_35,455,CS2_35_11_23_10.xlsx,40,2010-11-21 15:45:17,0.9703811841665697,0.8821647128786997,3.3735176082177025,0.521765961840808,0.9098048580802036,0.9080448211856531,3.1105271839822586,3.5799999999999876,5573.0,2230.0,2,4,7,330,0.8523629463530265
CS2_35,456,CS2_35_11_23_10.xlsx,41,2010-11-21 18:55:28,0.9700627504661341,0.8818752276964855,3.374084400321161,0.5205066847973017,0.9094148330920704,0.907778362099026,3.1105775767665262,3.5799999999999876,5574.0,2224.0,2,4,7,330,0.8520832407161592
CS2_35,457,CS2_35_11_23_10.xlsx,42,2010-11-21 22:05:33,0.9696497883776445,0.8814998076160404,3.372907330354902,0.520553682969388,0.9094739130428511,0.9070925661094703,3.097752811447873,3.5799999999999876,5572.0,2224.0,2,4,7,330,0.8517205032803756
CS2_35,458,CS2_35_11_23_10.xlsx,43,2010-11-22 01:15:34,0.9692852133337411,0.8811683757579464,3.370916121785703,0.5196805652813861,0.9098729315587687,0.9066314790114796,3.112518789530527,3.5799999999999876,5569.0,2224.0,2,4,7,330,0.8514002680329711
CS2_35,459,CS2_35_11_23_10.xlsx,44,2010-11-22 04:25:32,0.9516097517383528,0.8650997743075934,3.3069504055837853,0.5704234705362768,0.8897307813111075,0.877910530836143,2.8465043049967607,3.5499999999999883,5463.0,2447.0,2,4,7,325,0.835874504787124
CS2_35,460,CS2_35_11_23_10.xlsx,45,2010-11-22 07:36:30,0.9496041985216976,0.8632765441106341,3.229171684774912,0.602182755870537,0.8979616179314827,0.8800914909590262,3.002021012766118,3.5499999999999883,5318.0,2568.0,2,4,7,319,0.8341128679409973
CS2_35,461,CS2_35_11_23_10.xlsx,46,2010-11-22 10:46:56,0.9431446194597015,0.8574041995088195,3.2223529463817138,0.6061382715941286,0.8907194854903048,0.864036900325216,2.806878052431976,3.5399999999999885,5307.0,2597.0,2,4,7,318,0.8284389060677441
CS2_35,462,CS2_35_11_23_10.xlsx,47,2010-11-22 13:57:19,0.9421779355302107,0.8565253959365551,3.195568274865667,0.6068619524932681,0.8961572556481934,0.8645932507343657,2.8066302580731883,3.5399999999999885,5259.0,2593.0,2,4,7,317,0.8275897907141312
CS2_35,463,CS2_35_11_23_10.xlsx,48,2010-11-22 17:06:47,0.9395681519885954,0.8541528654441776,3.1851736762344722,0.612832089078718,0.8939764302330878,0.861809700261888,2.7992460428994432,3.5399999999999885,5242.0,2621.0,2,4,7,315,0.8252974103329253
CS2_35,464,CS2_35_11_23_10.xlsx,49,2010-11-22 20:16:17,0.9541731898215815,0.867430172565074,3.222525792642222,0.5771144971557981,0.9133596518674444,0.8903694603205897,3.0338927612882243,3.564999999999988,5302.0,2469.0,2,4,7,319,0.838126176267431
CS2_35,465,CS2_35_11_23_10.xlsx,50,2010-11-22 23:25:03,0.9569277514357708,0.8699343194870643,3.2846017046925327,0.5547639395995239,0.9077328761175961,0.8938664198809382,3.054784435921208,3.569999999999988,5418.0,2375.0,2,4,7,323,0.8405457267406792
CS2_35,466,CS2_35_11_24_10.xlsx,1,2010-11-23 12:25:25,0.950100778159442,0.8637279801449472,3.2116410582492145,0.6394569150336596,0.8932249320705417,0.8733491179269545,2.8622709060425686,3.5499999999999883,5274.0,2781.0,2,4,7,318,0.8345490533184892
CS2_35,467,CS2_35_11_24_10.xlsx,2,2010-11-23 15:38:42,0.9468792863113099,0.8607993511920998,3.2206549497188957,0.6146534369173757,0.8931750654585028,0.8711237929911078,2.884150985232309,3.5399999999999885,5302.0,2633.0,2,4,7,318,0.8317193608964493
CS2_35,468,CS2_35_11_24_10.xlsx,3,2010-11-23 18:49:49,0.951695318044798,0.8651775618589073,3.1855148253979606,0.6326326995569402,0.9040273617491839,0.8881561816426922,3.0803864483352696,3.554999999999988,5242.0,2711.0,2,4,7,318,0.8359496644772131
CS2_35,469,CS2_35_11_24_10.xlsx,4,2010-11-23 22:01:30,0.957137513152392,0.87012501195672,3.267419878651027,0.5732913525745753,0.9067781353801974,0.8934713210939424,3.0424843694287977,3.564999999999988,5386.0,2446.0,2,4,7,322,0.8407299771339563
CS2_35,470,CS2_35_11_24_10.xlsx,5,2010-11-24 01:11:26,0.9578060624745182,0.8707327840677437,3.288369707013493,0.5627068251018185,0.905214035227118,0.8940436279976256,3.0450651932985777,3.564999999999988,5424.0,2408.0,2,4,7,323,0.8413172171580702
CS2_35,471,CS2_35_11_24_10.xlsx,6,2010-11-24 04:21:24,0.9434851534386945,0.8577137758533586,3.2408945793999577,0.5996602879230475,0.8893783131020296,0.86995011886654,2.8359913968954924,3.5449999999999884,5347.0,2576.0,2,4,7,320,0.8287380241363999
CS2_35,472,CS2_35_11_24_10.xlsx,7,2010-11-24 07:32:07,0.9383603340295128,0.8530548491177389,3.174461477167192,0.6279154801008002,0.891601344111626,,,,5223.0,2690.0,2,4,7,315,0.8242364877892282
CS2_35,473,CS2_35_11_24_10.xlsx,8,2010-11-24 10:42:23,0.9365665960769016,0.8514241782517287,3.156731465416553,0.6297361023950527,0.8935678160572882,,,,5193.0,2698.0,2,4,7,314,0.8226609051303516
CS2_35,474,CS2_35_11_24_10.xlsx,9,2010-11-24 13:52:11,,,2.586983969014651,,,,,,4292.0,,2,,,148,
CS2_35,475,CS2_35_12_06_10.xlsx,1,2010-11-29 10:34:08,0.936271657476368,0.8511560522512436,0.6279272793446355,0.5607035304992968,2.8563621571512825,0.8638226216768072,2.7913538007170042,3.5499999999999883,993.0,2448.0,2,4,7,174,0.822401837107758
CS2_35,476,CS2_35_12_06_10.xlsx,2,2010-11-29 12:29:45,0.9301582797160349,0.8455984361054862,3.1863327675342843,0.5832922858354495,0.8927383003184622,0.8536088924062265,2.666608356114554,3.5349999999999886,5248.0,2520.0,2,4,7,314,0.8170319713632548
CS2_35,477,CS2_35_12_06_10.xlsx,3,2010-11-29 15:37:10,0.93285117542296,0.8480465231117817,3.14983628616038,0.5993985897206558,0.9003727146157192,,,,5182.0,2567.0,2,4,7,313,0.8193973557672687
CS2_35,478,CS2_35_12_06_10.xlsx,4,2010-11-29 18:44:25,0.938691237120191,0.8533556701092645,3.1414589449572428,0.6213978584238932,0.9046502099731305,,,,5168.0,2644.0,2,4,7,313,0.824527146282952
CS2_35,479,CS2_35_12_06_10.xlsx,5,2010-11-29 21:53:01,0.9465364588425982,0.8604876898569074,3.220123298311549,0.5707028661130434,0.9081355273753552,0.8838549122136757,2.9941149981531496,3.559999999999988,5306.0,2436.0,2,4,7,318,0.8314182282734246
CS2_35,480,CS2_35_12_06_10.xlsx,6,2010-11-30 01:00:53,0.9488684950683917,0.8626077227894469,3.2451003833763328,0.5635208213152109,0.9067445758239427,0.8863679425989357,3.022156705075405,3.564999999999988,5351.0,2403.0,2,4,7,320,0.8334666411042304
CS2_35,481,CS2_35_12_06_10.xlsx,7,2010-11-30 04:09:05,0.9378847069207552,0.8526224608370501,3.206470101092771,0.5988768254787977,0.8925038260429596,0.8682980929046727,2.904591948345942,3.5449999999999884,5290.0,2572.0,2,4,7,317,0.8238187066838225
CS2_35,482,CS2_35_12_06_10.xlsx,8,2010-11-30 07:18:28,0.9351130632372264,0.8501027847611149,3.149773063333435,0.6304304835385104,0.8946405623787876,,,,5182.0,2703.0,2,4,7,313,0.8213841516709258
CS2_35,483,CS2_35_12_06_10.xlsx,9,2010-11-30 10:28:05,0.9347840666591898,0.8498036969628997,3.1498404958636,0.6246015605634772,0.8954704766980967,,,,5182.0,2672.0,2,4,7,313,0.8210951678188365
CS2_35,484,CS2_35_12_06_10.xlsx,10,2010-11-30 13:37:12,0.9324914266243773,0.8477194787494339,3.1367680337367396,0.6340600755379232,0.8935696340746572,,,,5160.0,2716.0,2,4,7,312,0.8190813597948506
CS2_35,485,CS2_35_12_06_10.xlsx,11,2010-11-30 16:46:32,0.9311278559911713,0.846479869082883,3.1302645551833153,0.6327036804263393,0.8936418438344667,,,,5148.0,2711.0,2,4,7,311,0.8178836272940105
CS2_35,486,CS2_35_12_06_10.xlsx,12,2010-11-30 19:55:30,0.9404097200033146,0.8549179272757405,3.1408578127184965,0.6273608912361672,0.9055723032817564,0.8769300856890895,3.019615675298546,3.554999999999988,5163.0,2674.0,2,4,7,312,0.826036626430977
CS2_35,487,CS2_35_12_06_10.xlsx,13,2010-11-30 23:04:36,0.9436867461695542,0.8578970419723219,3.205242030506584,0.5868953139575758,0.9045217278384847,0.880283251722566,3.0207529954692203,3.559999999999988,5281.0,2519.0,2,4,7,317,0.8289150990599893
CS2_35,488,CS2_35_12_06_10.xlsx,14,2010-12-01 02:13:17,0.9416055363451239,0.8560050330410216,3.222418802942588,0.5775938261736506,0.9003578272682167,0.8736078252552424,2.734669107890644,3.569999999999988,5312.0,2481.0,2,4,7,318,0.8270870070000078
CS2_35,489,CS2_35_12_06_10.xlsx,15,2010-12-01 05:21:43,0.9307596599442878,0.846145145403898,3.163266328574066,0.618965383761717,0.8894479806427976,,,,5208.0,2662.0,2,4,7,313,0.8175602114317927
CS2_35,490,CS2_35_12_06_10.xlsx,16,2010-12-01 08:30:51,0.9303961342431908,0.8458146674938097,3.116904288637571,0.6408899400710375,0.8949784526868011,,,,5126.0,2765.0,2,4,7,310,0.8172408979056054
CS2_35,491,CS2_35_12_06_10.xlsx,17,2010-12-01 11:40:20,0.9276246548922273,0.8432951408111157,3.1169455293874986,0.6371349577018776,0.8926158344118195,,,,5127.0,2749.0,2,4,7,310,0.8148064872390665
CS2_35,492,CS2_35_12_06_10.xlsx,18,2010-12-01 14:49:24,0.9262869715203266,0.8420790650184786,3.101572868030124,0.6441801571195164,0.893024402158873,,,,5100.0,2783.0,2,4,7,310,0.8136314935780546
CS2_35,493,CS2_35_12_06_10.xlsx,19,2010-12-01 17:58:31,0.9259193747224543,0.841744886111322,3.086868219493678,0.654263025069634,0.8932934529451676,,,,5075.0,2828.0,2,4,7,310,0.813308604083888
CS2_35,494,CS2_35_12_06_10.xlsx,20,2010-12-01 21:07:57,0.9353694676598217,0.8503358796907469,3.1391194053967126,0.6080015572503099,0.9055724610987848,0.870562043268583,2.982689065801022,3.554999999999988,5165.0,2636.0,2,4,7,313,0.8216093720612911
CS2_35,495,CS2_35_12_06_10.xlsx,21,2010-12-02 00:16:11,0.937153294341158,0.8519575403101436,3.176697805821021,0.5949434910274666,0.9022835248670367,0.8724648343627748,2.971355839176989,3.554999999999988,5233.0,2579.0,2,4,7,315,0.8231762488625896
CS2_35,496,CS2_35_12_06_10.xlsx,22,2010-12-02 03:24:42,0.9269496677533162,0.8426815161393784,3.1873708567073753,0.5783510300009181,0.8898278890499594,,,,5252.0,2521.0,2,4,7,314,0.8142135923686173
CS2_35,497,CS2_35_12_06_10.xlsx,23,2010-12-02 06:32:01,0.924684182541089,0.8406219841282626,3.1021426810582398,0.6391060667667692,0.8930046725387657,,,,5101.0,2767.0,2,4,7,309,0.8122236365843121
CS2_35,498,CS2_35_12_06_10.xlsx,24,2010-12-02 09:40:48,0.9261267233688741,0.8419333848807946,3.111830988244691,0.6253282102479579,0.8965386738628457,0.8539218538031754,2.8431472391999995,3.5499999999999883,5118.0,2712.0,2,4,7,310,0.8134907348857507
CS2_35,499,CS2_35_12_06_10.xlsx,25,2010-12-02 12:49:01,0.9252501223037193,0.841136474821563,3.1162219724172884,0.6222864067196611,0.895314533668236,0.8529540295664908,2.8743291881948854,3.5449999999999884,5127.0,2703.0,2,4,7,310,0.8127207464741212
CS2_35,500,CS2_35_12_06_10.xlsx,26,2010-12-02 15:57:11,0.9245785901279291,0.84052599102539,3.111777763214002,0.6234393603937032,0.8955772324285383,0.8517525906832718,2.8369652638989544,3.5399999999999885,5120.0,2720.0,2,4,7,311,0.8121308863724758
CS2_35,501,CS2_35_12_06_10.xlsx,27,2010-12-02 19:05:29,0.9298286040639923,0.8452987309672656,3.0983438589687347,0.6319874905894637,0.9038140414394322,0.8655466663193763,2.9922055327250203,3.554999999999988,5097.0,2766.0,2,4,7,309,0.8167423910264747
CS2_35,502,CS2_35_12_06_10.xlsx,28,2010-12-02 22:14:28,0.933375875370249,0.8485235230638627,3.161869629187312,0.5934193189457391,0.9024886670891767,0.8686596879939764,2.9752018345105737,3.559999999999988,5208.0,2581.0,2,4,7,314,0.8198582414484009
CS2_35,503,CS2_35_12_06_10.xlsx,29,2010-12-03 01:22:24,0.9341961816017275,0.8492692560015703,3.174280091464768,0.5856685606891479,0.9027350601723138,0.8695664156849732,2.971252380935049,3.559999999999988,5230.0,2550.0,2,4,7,315,0.8205787816317673
CS2_35,504,CS2_35_12_06_10.xlsx,30,2010-12-03 04:30:14,0.922954777632139,0.839049797847399,3.143953634000077,0.6117703710764525,0.8890921495101407,0.8490215928181732,2.813102901808533,3.5449999999999884,5181.0,2665.0,2,4,7,311,0.8107045627526239
CS2_35,505,CS2_35_12_06_10.xlsx,31,2010-12-03 07:38:32,0.9224732142248584,0.8386120129316894,3.10403787224848,0.6221258493005328,0.8957203182181476,0.8502487321572797,2.8407731184191536,3.5449999999999884,5106.0,2708.0,2,4,7,309,0.8102815673242469
CS2_35,506,CS2_35_12_06_10.xlsx,32,2010-12-03 10:46:18,0.9224094990005653,0.8385540900005138,3.106945537782259,0.6165355883283306,0.896553522065115,0.8509306391527409,2.841940797011771,3.5449999999999884,5112.0,2688.0,2,4,7,309,0.8102256011769308
CS2_35,507,CS2_35_12_06_10.xlsx,33,2010-12-03 13:53:48,0.9216780059536553,0.8378890963215048,3.1054913434289872,0.6156749816927632,0.8961920964044979,0.8495975568244571,2.8252795906479826,3.5449999999999884,5110.0,2695.0,2,4,7,310,0.8095830726748592
CS2_35,508,CS2_35_12_06_10.xlsx,34,2010-12-03 17:01:23,0.9191100326057686,0.8355545750961533,3.099635365837653,0.6168826904353037,0.8944457220847909,,,,5100.0,2700.0,2,4,7,309,0.8073274175110169
CS2_35,509,CS2_35_12_06_10.xlsx,35,2010-12-03 20:08:43,0.927661006446364,0.8433281876785126,3.1103094748399136,0.6065577211348963,0.9058628627562276,0.8623861647614258,2.9494118168980807,3.559999999999988,5115.0,2632.0,2,4,7,310,0.8148384176992752
CS2_35,510,CS2_35_12_06_10.xlsx,36,2010-12-03 23:15:39,0.9291051643085595,0.8446410584623267,3.1519879969398548,0.5897327566251974,0.9017151423712877,0.8638876991769098,2.9437134322807217,3.559999999999988,5192.0,2572.0,2,4,7,313,0.8161069363706024
CS2_35,511,CS2_35_12_06_10.xlsx,37,2010-12-04 02:22:56,0.9295929729865833,0.8450845208968938,3.1573838937987917,0.585734747389657,0.902230346842484,0.8646408399683693,2.951860164685068,3.559999999999988,5202.0,2556.0,2,4,7,313,0.8165354175168171
CS2_35,512,CS2_35_12_06_10.xlsx,38,2010-12-04 05:30:09,0.9295370672875762,0.8450336975341601,3.1623997675041977,0.5828661645908905,0.9017969269044837,0.8644021554911697,2.957207656457735,3.559999999999988,5211.0,2546.0,2,4,7,313,0.8164863110964732
CS2_35,513,CS2_35_12_06_10.xlsx,39,2010-12-04 08:37:20,0.9294357127699087,0.8449415570635532,3.1623537372262662,0.5824349777650102,0.9017457106869333,0.8643459650073056,2.9570903391283507,3.564999999999988,5211.0,2547.0,2,4,7,313,0.8163972833651909
CS2_35,514,CS2_35_12_06_10.xlsx,40,2010-12-04 11:44:33,0.9292559417391644,0.8447781288537857,3.163634587725058,0.5794634163731891,0.9022047718363705,0.8642683548690557,2.9495945670898602,3.559999999999988,5213.0,2532.0,2,4,7,313,0.8162393761757953
CS2_35,515,CS2_35_12_06_10.xlsx,41,2010-12-04 14:51:30,0.9291245411255318,0.8446586737504833,3.1640035380758156,0.5788450978582166,0.9023853406487518,0.8641489607713891,2.9554477892702233,3.564999999999988,5214.0,2534.0,2,4,7,313,0.8161239565695458
CS2_35,516,CS2_35_12_06_10.xlsx,42,2010-12-04 17:58:31,0.8003143144889009,0.7275584677171826,3.169299410130498,,,,,,5223.0,,2,,7,281,0.7029796931729945
CS2_35,517,CS2_35_12_06_10.xlsx,43,2010-12-04 20:16:25,0.9285962921058442,0.8441784473689492,3.183349024319685,0.5829478710703762,0.8964484454139012,0.8630067002619686,2.938724041529746,3.564999999999988,5247.0,2553.0,2,4,7,314,0.815659953455949
CS2_35,518,CS2_35_12_06_10.xlsx,44,2010-12-04 23:24:15,0.9287212112212018,0.8442920102010925,3.1684049846585145,0.5733986890146779,0.9027575374578083,0.8634506757440011,2.9340397040424087,3.564999999999988,5222.0,2510.0,2,4,7,313,0.8157696798469378
CS2_35,519,CS2_35_12_06_10.xlsx,45,2010-12-05 02:30:59,0.7999316421616101,0.7272105837832818,3.168883940872171,,,,,,5223.0,,2,,7,280,0.7026435616427262
CS2_35,520,CS2_35_12_06_10.xlsx,46,2010-12-05 04:48:51,0.9278654434679154,0.8435140395162867,3.180870786169524,0.5804437089046839,0.8972694699166479,0.8624894551480148,2.9352532552230097,3.564999999999988,5243.0,2554.0,2,4,7,314,0.8150179909895209
CS2_35,521,CS2_35_12_06_10.xlsx,47,2010-12-05 07:56:37,0.9276678552394131,0.8433344138540119,3.1659818439602576,0.5729142059436317,0.902399260984446,0.8624847715048098,2.9494649500184287,3.564999999999988,5218.0,2509.0,2,4,7,313,0.8148444335387387
CS2_35,522,CS2_35_12_06_10.xlsx,48,2010-12-05 11:03:11,0.9272499307880722,0.842954482534611,3.164090829498864,0.572267711164066,0.9023305691095983,0.8619193513381045,2.932435022507181,3.564999999999988,5215.0,2505.0,2,4,7,313,0.8144773372651193
CS2_35,523,CS2_35_12_06_10.xlsx,49,2010-12-05 14:09:38,0.9258733508241406,0.8417030462037641,3.157340444679517,0.5752593058836769,0.9017201041884724,0.860677501307386,2.9337335626146115,3.564999999999988,5204.0,2514.0,2,4,7,313,0.8132681776347674
CS2_35,524,CS2_35_12_06_10.xlsx,50,2010-12-05 17:15:58,0.9254017891454467,0.8412743537685878,3.153008924916865,0.5766163118160849,0.9020591655482415,0.8602216218677635,2.937585273861994,3.564999999999988,5196.0,2526.0,2,4,7,313,0.8128539675198176
CS2_35,525,CS2_35_12_13_10.xlsx,1,2010-12-06 12:33:56,0.922833839967952,0.8389398545163199,3.0956124719249156,0.6300662246217811,0.8973484437715677,0.8496107643405656,2.8603132804766505,3.5499999999999883,5079.0,2754.0,2,4,7,308,0.8105983335867524
CS2_35,526,CS2_35_12_13_10.xlsx,2,2010-12-06 15:42:01,0.919948146582949,0.8363164968935899,3.1210291833081345,0.6103591412353513,0.8925307769078843,0.8474265932992798,2.8625255695994443,3.5449999999999884,5137.0,2630.0,2,4,7,310,0.8080635996532775
CS2_35,527,CS2_35_12_13_10.xlsx,3,2010-12-06 18:48:51,0.9221063854797689,0.8382785322543352,3.088742286958579,0.6233918454268288,0.9003205183358935,,,,5081.0,2692.0,2,4,7,309,0.8099593524719052
CS2_35,528,CS2_35_12_13_10.xlsx,4,2010-12-06 21:55:53,0.9261300786860858,0.8419364351691688,3.139242349247555,0.5880825095021032,0.9023453580320439,0.860637502892369,2.935365050241208,3.559999999999988,5169.0,2542.0,2,4,7,313,0.8134936821276296
CS2_35,529,CS2_35_12_13_10.xlsx,5,2010-12-07 01:02:07,0.9261791097239582,0.841981008839962,3.1507246821315267,0.5815224494281622,0.9013405030091423,0.8607413032504765,2.9431424186587023,3.559999999999988,5190.0,2515.0,2,4,7,313,0.813536749986514
CS2_35,530,CS2_35_12_13_10.xlsx,6,2010-12-07 04:08:16,0.9157804004263959,0.8325276367512688,3.1180377653314566,0.6050698105721816,0.8899049226232736,0.8445105803777173,2.8325628629233983,3.5449999999999884,5138.0,2617.0,2,4,7,310,0.8044027368381125
CS2_35,531,CS2_35_12_13_10.xlsx,7,2010-12-07 07:14:40,0.9132156623004093,0.8301960566367357,3.07266180610925,0.6230598165346268,0.8937300855290246,,,,5054.0,2695.0,2,4,7,306,0.8021499234268885
CS2_35,532,CS2_35_12_13_10.xlsx,8,2010-12-07 10:20:51,0.9128654118995856,0.8298776471814414,3.069436163948199,0.6191269081535186,0.8950673591236029,0.8422196144799747,2.8398025481194127,3.5449999999999884,5048.0,2683.0,2,4,7,307,0.8018422706524133
CS2_35,533,CS2_35_12_13_10.xlsx,9,2010-12-07 13:26:42,0.9108806088872088,0.8280732808065534,3.0647874593540556,0.6203437296930906,0.8937860709175902,0.839448107967387,2.8417166577038127,3.5449999999999884,5042.0,2676.0,2,4,7,305,0.8000988603604949
CS2_35,534,CS2_35_12_13_10.xlsx,10,2010-12-07 16:32:13,0.9092347924086788,0.8265770840078898,3.0545622446702287,0.6226265109104598,0.8936465087580657,,,,5024.0,2704.0,2,4,7,305,0.7986532088931275
CS2_35,535,CS2_35_12_13_10.xlsx,11,2010-12-07 19:37:50,0.9152635168348269,0.8320577425771153,3.0500084389102016,0.6275975908717324,0.9020794521645716,0.8489774741486702,2.9069066694258527,3.5499999999999883,5016.0,2703.0,2,4,7,306,0.8039487168836658
CS2_35,536,CS2_35_12_13_10.xlsx,12,2010-12-07 22:43:36,0.9170916197157517,0.833719654287047,3.098631361965125,0.5950590781181658,0.9006959272121616,0.8512781215292893,2.9132351300177284,3.554999999999988,5102.0,2598.0,2,4,7,308,0.8055544849913396
CS2_35,537,CS2_35_12_13_10.xlsx,13,2010-12-08 01:49:10,0.9176514633200465,0.8342286030182241,3.107666404806141,0.5938395430215221,0.899760152842067,0.8518899402961327,2.9183984128817464,3.559999999999988,5117.0,2596.0,2,4,7,309,0.8060462401405942
CS2_35,538,CS2_35_12_13_10.xlsx,14,2010-12-08 04:54:58,0.9060395550300537,0.8236723227545942,3.071217405867466,0.6213576229653152,0.8866421770196699,,,,5055.0,2721.0,2,4,7,307,0.7958465778590753
CS2_35,539,CS2_35_12_13_10.xlsx,15,2010-12-08 08:01:11,0.9041973006632329,0.8219975460574844,3.030089513724603,0.6321440315555842,0.8921010767783017,,,,4981.0,2760.0,2,4,7,302,0.7942283793761938
CS2_35,540,CS2_35_12_13_10.xlsx,16,2010-12-08 11:06:44,0.9039118442413212,0.8217380402193828,3.031969625867723,0.6243071089641501,0.8936198905812479,,,,4985.0,2732.0,2,4,7,303,0.7939776403049854
CS2_35,541,CS2_35_12_13_10.xlsx,17,2010-12-08 14:11:52,0.9020286898110772,0.8200260816464338,3.0246971559622646,0.6287044195914459,0.8920895294681532,,,,4972.0,2753.0,2,4,7,303,0.7923235160445494
CS2_35,542,CS2_35_12_13_10.xlsx,18,2010-12-08 17:17:01,0.9025929239601798,0.8205390217819816,3.0184002179123683,0.628665550291128,0.8946801163273501,,,,4961.0,2755.0,2,4,7,303,0.7928191277583886
CS2_35,543,CS2_35_12_13_10.xlsx,19,2010-12-08 20:22:03,0.909508324768602,0.8268257497896381,3.0394342028533123,0.6162288335425006,0.901788577374923,0.8428967826069464,2.8729383917960485,3.554999999999988,4995.0,2699.0,2,4,7,304,0.7988934741126426
CS2_35,544,CS2_35_12_13_10.xlsx,20,2010-12-08 23:27:05,0.9101536863396866,0.8274124421269877,3.0716908967323646,0.6001810887660325,0.898855516538453,0.8432470994854534,2.883266819220004,3.554999999999988,5055.0,2644.0,2,4,7,307,0.7994603464914234
CS2_35,545,CS2_35_12_13_10.xlsx,21,2010-12-09 02:32:14,0.9063011579653626,0.823910143604875,3.075476159849927,0.5980048563087199,0.893691338828393,0.8343171779735247,2.7531197678032946,3.5499999999999883,5062.0,2631.0,2,4,7,307,0.7960763645164763
CS2_35,546,CS2_35_12_13_10.xlsx,22,2010-12-09 05:37:06,0.8990380963594831,0.8173073603268027,3.0238446686262535,0.6260064637844034,0.8898907064504791,,,,4972.0,2758.0,2,4,7,303,0.7896966400422759
CS2_35,547,CS2_35_12_13_10.xlsx,23,2010-12-09 08:42:11,0.8959978983934427,0.8145435439940387,2.994532052788438,0.641008222562126,0.8891589708444019,,,,4921.0,2816.0,2,4,7,300,0.7870261924510479
CS2_35,548,CS2_35_12_13_10.xlsx,24,2010-12-09 11:47:12,0.8988423733648361,0.8171294303316691,2.99974199208525,0.6265989248264816,0.8958304615581203,,,,4930.0,2758.0,2,4,7,301,0.7895247209746885
CS2_35,549,CS2_35_12_13_10.xlsx,25,2010-12-09 14:51:33,0.8951492003690937,0.8137720003355396,3.003212244810763,0.6294778708099144,0.8897139515829711,,,,4937.0,2778.0,2,4,7,301,0.7862807134986511
CS2_35,550,CS2_35_12_13_10.xlsx,26,2010-12-09 17:56:11,0.8925485933498436,0.8114078121362214,2.9779242403280604,0.639488387431991,0.8903573008286964,,,,4893.0,2818.0,2,4,7,300,0.7839963935866381
CS2_35,551,CS2_35_12_13_10.xlsx,27,2010-12-09 21:00:35,0.9027624354571415,0.8206931231428558,3.004716974910218,0.6149104777659223,0.9036005855450153,0.8351760732354429,2.85447545452539,3.554999999999988,4938.0,2712.0,2,4,7,302,0.7929680231835561
CS2_35,552,CS2_35_12_13_10.xlsx,28,2010-12-10 00:04:31,0.9040329622219474,0.8218481474744975,3.0416339698081347,0.605874898395489,0.8981701841103378,0.8365494133748572,2.8474198938495174,3.554999999999988,5004.0,2679.0,2,4,7,304,0.794084027857122
CS2_35,553,CS2_35_12_13_10.xlsx,29,2010-12-10 03:09:05,0.8958642101596617,0.814422009236056,3.048787378612146,0.5959372268333968,0.8883162297695593,0.8214271427099485,2.737514549705658,3.5449999999999884,5017.0,2608.0,2,4,7,305,0.7869087634461397
CS2_35,554,CS2_35_12_13_10.xlsx,30,2010-12-10 06:12:15,0.8906879775284153,0.8097163432076503,2.9768349381071513,0.637693297742967,0.8889511685137647,,,,4892.0,2819.0,2,4,7,299,0.7823620667783069
CS2_35,555,CS2_35_12_13_10.xlsx,31,2010-12-10 09:16:33,0.8931271478225113,0.8119337707477375,2.968855402053366,0.635606918969969,0.8949953636239062,,,,4877.0,2798.0,2,4,7,299,0.7845045839792335
CS2_35,556,CS2_35_12_13_10.xlsx,32,2010-12-10 12:20:24,0.8928932952471591,0.8117211774974173,2.980530222612048,0.631607200579267,0.8928767864155452,,,,4898.0,2795.0,2,4,7,300,0.7842991726693361
CS2_35,557,CS2_35_12_13_10.xlsx,33,2010-12-10 15:24:31,0.8913237079546974,0.8102942799588158,2.9784806377313027,0.6305696247307125,0.8919043848272894,,,,4895.0,2790.0,2,4,7,300,0.7829204793568623
CS2_35,558,CS2_35_12_13_10.xlsx,34,2010-12-10 18:28:27,0.8931286541737435,0.8119351401579487,2.964116336382844,0.6399537153858771,0.8952471863921466,,,,4870.0,2825.0,2,4,7,299,0.7845059071272865
CS2_35,559,CS2_35_12_13_10.xlsx,35,2010-12-10 21:32:37,0.8978290064489158,0.8162081876808325,3.004787879609033,0.6124181844820348,0.8992147779597325,0.8296264964519939,2.8224929170566004,3.554999999999988,4941.0,2711.0,2,4,7,302,0.7886346002424607
CS2_35,560,CS2_35_12_13_10.xlsx,36,2010-12-11 00:36:19,0.8981564426126383,0.8165058569205802,3.0206578994963724,0.6078031880190686,0.8969514579533294,0.8299000849859629,2.8218255673770276,3.554999999999988,4969.0,2688.0,2,4,7,303,0.7889222134585936
CS2_35,561,CS2_35_12_13_10.xlsx,37,2010-12-11 03:40:07,0.8985420653884475,0.8168564230804067,3.0241048330587423,0.6043448633373965,0.8974720891027197,0.8305620278392576,2.8203235687589134,3.554999999999988,4975.0,2678.0,2,4,7,303,0.7892609366023774
CS2_35,562,CS2_35_12_13_10.xlsx,38,2010-12-11 06:43:52,0.8986382969393176,0.8169439063084705,3.0267868473483945,0.6000435658382333,0.8980401035529487,0.8308017350903466,2.8302583152856102,3.554999999999988,4980.0,2660.0,2,4,7,303,0.7893454644246086
CS2_35,563,CS2_35_12_13_10.xlsx,39,2010-12-11 09:47:26,0.765849099662347,0.6962264542384973,3.0302515394775926,,,,,,4986.0,,2,,7,269,0.6727061547577969
CS2_35,564,CS2_35_12_13_10.xlsx,40,2010-12-11 11:59:31,0.8983552993027217,0.816686635729747,3.0468375663364946,0.6095329326412484,0.8907986093586429,0.8306182851162308,2.8270849145966164,3.559999999999988,5014.0,2723.0,2,4,7,305,0.7890968851000343
CS2_35,565,CS2_35_12_13_10.xlsx,41,2010-12-11 15:04:40,0.8990505895226093,0.8173187177478266,3.0324147497523986,0.5977386178160163,0.8984319034994181,0.8319786788470865,2.8260638827038935,3.559999999999988,4990.0,2650.0,2,4,7,304,0.7897076137807463
CS2_35,566,CS2_35_12_13_10.xlsx,42,2010-12-11 18:08:15,0.8993518784946417,0.8175926168133105,3.035850074914107,0.5945825025948798,0.8985314652286618,0.8324961523710075,2.833797904115048,3.559999999999988,4996.0,2637.0,2,4,7,304,0.7899722598395276
CS2_35,567,CS2_35_12_13_10.xlsx,43,2010-12-11 21:11:44,0.8994310969876338,0.8176646336251215,3.038640009360945,0.5917276266293519,0.898677851070004,0.8325430867449306,2.8386768673941125,3.559999999999988,5001.0,2624.0,2,4,7,304,0.7900418437403638
CS2_35,568,CS2_35_12_13_10.xlsx,44,2010-12-12 00:15:05,0.8993969635996564,0.8176336032724149,3.039052753422623,0.5908723914652012,0.8991949960626604,0.8324833414512302,2.8373563816294904,3.559999999999988,5002.0,2619.0,2,4,7,304,0.7900118616718528
CS2_35,569,CS2_35_12_13_10.xlsx,45,2010-12-12 03:18:22,0.8995373828178757,0.8177612571071596,3.0407405905572116,0.5892012291014851,0.8990795853468132,0.8329380728699749,2.8472891097739814,3.559999999999988,5005.0,2611.0,2,4,7,304,0.790135203035555
CS2_35,570,CS2_35_12_13_10.xlsx,46,2010-12-12 06:21:34,0.8998008881033144,0.8180008073666494,3.0434922394420867,0.5863755254031457,0.8995628877947044,0.8332992164838925,2.8492788708607883,3.559999999999988,5010.0,2605.0,2,4,7,304,0.7903666606783255
CS2_35,571,CS2_35_12_13_10.xlsx,47,2010-12-12 09:24:46,0.8991572251125604,0.8174156591932367,3.0450850996241994,0.5839578473480991,0.8993339998877563,0.832389261696295,2.841471835424785,3.559999999999988,5013.0,2588.0,2,4,7,305,0.7898012802976984
CS2_35,572,CS2_35_12_13_10.xlsx,48,2010-12-12 12:27:43,0.8991196938754555,0.8173815398867776,3.0432785741697965,0.5840753427802807,0.8999191360921203,0.8325086271968981,2.8445288942542,3.559999999999988,5010.0,2588.0,2,4,7,304,0.7897683136281454
CS2_35,573,CS2_35_12_13_10.xlsx,49,2010-12-12 15:30:36,0.899125102862449,0.8173864571476808,3.0460996810279606,0.5811883007400138,0.9000730447289405,0.8326143004859807,2.839156854727292,3.559999999999988,5015.0,2578.0,2,4,7,305,0.7897730647714751
CS2_35,574,CS2_35_12_13_10.xlsx,50,2010-12-12 18:33:23,0.899215164115013,0.8174683310136481,3.0472110301636484,0.5812421594556997,0.8999369570699625,0.8326830154666818,2.840824896519039,3.564999999999988,5017.0,2574.0,2,4,7,305,0.789852172730121
CS2_35,575,CS2_35_12_20_10.xlsx,1,2010-12-13 12:36:53,0.886002710925802,0.8054570099325472,2.930498260304192,0.6825107509358318,0.8838677725645874,,,,4796.0,3017.0,2,4,7,295,0.778246624608761
CS2_35,576,CS2_35_12_20_10.xlsx,2,2010-12-13 15:42:39,0.8817799781653549,0.8016181619685044,2.939511030322466,0.6559256988154815,0.8831606328873308,,,,4826.0,2869.0,2,4,7,296,0.7745374626875646
CS2_35,577,CS2_35_12_20_10.xlsx,3,2010-12-13 18:46:12,0.8836674727755001,0.8033340661595455,2.907568268196982,0.6614677331372314,0.8926080053734479,,,,4772.0,2885.0,2,4,7,294,0.7761953992730833
CS2_35,578,CS2_35_12_20_10.xlsx,4,2010-12-13 21:49:13,0.8892920456683586,0.8084473142439623,2.9621678892631826,0.6273459484916899,0.8958935813040733,,,,4866.0,2746.0,2,4,7,298,0.7811359088389731
CS2_35,579,CS2_35_12_20_10.xlsx,5,2010-12-14 00:51:47,0.8899963480755471,0.8090875891595882,2.9799039299313557,0.6167680960602474,0.8949299162036254,0.8198624393348188,2.7826670486231593,3.5499999999999883,4898.0,2712.0,2,4,7,300,0.7817545536403253
CS2_35,580,CS2_35_12_20_10.xlsx,6,2010-12-14 03:54:23,0.8811943134564579,0.8010857395058708,2.9664244701559226,0.6234928495679808,0.8850698963857406,,,,4878.0,2758.0,2,4,7,298,0.774023026809174
CS2_35,581,CS2_35_12_20_10.xlsx,7,2010-12-14 06:56:55,0.8789403595225433,0.7990366904750393,2.915029529677738,0.6503377135541072,0.8888320498383209,,,,4786.0,2852.0,2,4,7,295,0.7720431998634306
CS2_35,582,CS2_35_12_20_10.xlsx,8,2010-12-14 09:59:22,0.8782698126510002,0.7984271024100001,2.917602394210771,0.6431864499309748,0.8892904445997332,,,,4790.0,2827.0,2,4,7,295,0.771454205232844
CS2_35,583,CS2_35_12_20_10.xlsx,9,2010-12-14 13:01:25,0.8792808727590273,0.7993462479627521,2.9184798549373148,0.6386342838980414,0.891841909512803,,,,4792.0,2820.0,2,4,7,295,0.7723422997122915
CS2_35,584,CS2_35_12_20_10.xlsx,10,2010-12-14 16:03:28,0.8784639485101273,0.7986035895546612,2.9214703348514393,0.6387095995425426,0.89017139964994,,,,4798.0,2816.0,2,4,7,295,0.7716247301931157
CS2_35,585,CS2_35_12_20_10.xlsx,11,2010-12-14 19:05:29,0.8821825606492801,0.8019841460448001,2.9177354806373175,0.6395238157292009,0.8963565277866004,,,,4792.0,2841.0,2,4,7,295,0.7748910828914057
CS2_35,586,CS2_35_12_20_10.xlsx,12,2010-12-14 22:08:01,0.8848464857216172,0.804405896110561,2.955626439930667,0.6180723265999476,0.8957396798736634,0.8155677628084288,2.783268977435442,3.5499999999999883,4858.0,2733.0,2,4,7,297,0.7772310200836866
CS2_35,587,CS2_35_12_20_10.xlsx,13,2010-12-15 01:10:00,0.8851283623255402,0.8046621475686728,2.9635277235436073,0.6147550318680511,0.8951220238320955,0.8159417614735409,2.779342767605978,3.5499999999999883,4872.0,2722.0,2,4,7,298,0.7774786147161342
CS2_35,588,CS2_35_12_20_10.xlsx,14,2010-12-15 04:12:03,0.8753365037077554,0.7957604579161413,2.936437144770174,0.6324108265624455,0.8846923538704743,,,,4829.0,2816.0,2,4,7,295,0.7688776467687852
CS2_35,589,CS2_35_12_20_10.xlsx,15,2010-12-15 07:14:26,0.8724543962555718,0.7931403602323379,2.9026216494605657,0.6398941928261331,0.8875625480355965,,,,4766.0,2836.0,2,4,7,293,0.766346062645213
CS2_35,590,CS2_35_12_20_10.xlsx,16,2010-12-15 10:15:56,0.8737622382785819,0.7943293075259835,2.8964275162841364,0.6390433684507626,0.8915984340692257,,,,4755.0,2836.0,2,4,7,293,0.7674948442768917
CS2_35,591,CS2_35_12_20_10.xlsx,17,2010-12-15 13:17:19,0.8733488916582637,0.7939535378711488,2.904696421594361,0.6324461880480307,0.8908854431917135,,,,4770.0,2815.0,2,4,7,293,0.7671317690762302
CS2_35,592,CS2_35_12_20_10.xlsx,18,2010-12-15 16:18:36,0.8718730080112884,0.7926118254648076,2.8965403284469904,0.6392668353779674,0.8895854777753206,,,,4756.0,2841.0,2,4,7,293,0.7658353831257023
CS2_35,593,CS2_35_12_20_10.xlsx,19,2010-12-15 19:19:58,0.8765184759417615,0.796834978128874,2.892594486886812,0.6398595387531473,0.8968543371897018,,,,4750.0,2851.0,2,4,7,293,0.769915866957226
CS2_35,594,CS2_35_12_20_10.xlsx,20,2010-12-15 22:21:40,0.8776837589177902,0.7978943262889001,2.9299503146439085,0.6173040669549122,0.8945408076500988,0.8068692246128609,2.72824685894755,3.5499999999999883,4815.0,2749.0,2,4,7,295,0.770939427643469
CS2_35,595,CS2_35_12_20_10.xlsx,21,2010-12-16 01:22:50,0.8778263172215013,0.7980239247468193,2.933189362648126,0.6158904562475398,0.8945339781087726,0.807180384896948,2.7488822755542017,3.5499999999999883,4821.0,2741.0,2,4,7,296,0.7710646479360314
CS2_35,596,CS2_35_12_20_10.xlsx,22,2010-12-16 04:23:58,0.8671279267870737,0.788298115260976,2.902839110187404,0.6385371002555611,0.8823593808466091,,,,4772.0,2848.0,2,4,7,292,0.7616674010183104
CS2_35,597,CS2_35_12_20_10.xlsx,23,2010-12-16 07:25:28,0.8642704759992661,0.7857004327266055,2.86174684730308,0.6487286149415723,0.8866069990500062,,,,4697.0,2890.0,2,4,7,290,0.7591574748034422
CS2_35,598,CS2_35_12_20_10.xlsx,24,2010-12-16 10:26:15,0.8643387144535595,0.785762467685054,2.8589340206585394,0.6440713320421363,0.888992276762702,,,,4693.0,2863.0,2,4,7,290,0.7592174140632971
CS2_35,599,CS2_35_12_20_10.xlsx,25,2010-12-16 13:26:33,0.8625606432894308,0.7841460393540279,2.856466599322568,0.6467626169512438,0.8867971867926212,,,,4688.0,2878.0,2,4,7,290,0.7576555927903674
CS2_35,600,CS2_35_12_20_10.xlsx,26,2010-12-16 16:26:53,0.8608993501361901,0.7826357728510819,2.846491220301638,0.6484248497410147,0.8867463870178025,,,,4671.0,2891.0,2,4,7,289,0.7561963469290943
CS2_35,601,CS2_35_12_20_10.xlsx,27,2010-12-16 19:27:06,0.8711675238635976,0.7919704762396341,2.848368519844102,0.64750706869927,0.900556069709119,,,,4674.0,2887.0,2,4,7,290,0.76521570030771
CS2_35,602,CS2_35_12_20_10.xlsx,28,2010-12-16 22:27:50,0.8736684154098953,0.7942440140089956,2.914746776529707,0.6132094057917832,0.8961273477201401,0.8029443729925183,2.721285686075628,3.554999999999988,4790.0,2739.0,2,4,7,294,0.7674124321917298
CS2_35,603,CS2_35_12_20_10.xlsx,29,2010-12-17 01:28:10,0.8745158703995273,0.7950144276359338,2.924968417778462,0.6087711316277683,0.8956249633907174,0.8037980405602363,2.719916630408761,3.5499999999999883,4808.0,2719.0,2,4,7,295,0.7681568192879046
CS2_35,604,CS2_35_12_20_10.xlsx,30,2010-12-17 04:28:32,0.728464567889823,0.6622405162634754,2.9029147798321064,,,,,,4772.0,,2,,7,256,0.6398683481622115
CS2_35,605,CS2_35_12_20_10.xlsx,31,2010-12-17 06:35:00,0.8624322504633604,0.7840293186030548,2.8961972852677818,0.645641028364167,0.878283071484886,,,,4757.0,2906.0,2,4,7,292,0.7575428151630745
CS2_35,606,CS2_35_12_20_10.xlsx,32,2010-12-17 09:36:57,0.8641456652859034,0.7855869684417304,2.866281931783205,0.6331289305771913,0.891123424883656,,,,4706.0,2838.0,2,4,7,290,0.7590478436305443
CS2_35,607,CS2_35_12_20_10.xlsx,33,2010-12-17 12:37:01,0.8656096114257217,0.7869178285688379,2.8799218528771164,0.6209239807999793,0.8929895002019886,0.7899537033452206,2.628917411075971,3.5449999999999884,4730.0,2778.0,2,4,7,291,0.7603337439194183
CS2_35,608,CS2_35_12_20_10.xlsx,34,2010-12-17 15:36:34,0.8652975614781013,0.7866341467982739,2.885097678762034,0.6196355021546895,0.8916955965179183,0.7895598880700312,2.6189900961356876,3.5449999999999884,4739.0,2767.0,2,4,7,291,0.760059645640203
CS2_35,609,CS2_35_12_20_10.xlsx,35,2010-12-17 18:36:05,0.8700526736664465,0.7909569760604058,2.8821296825711316,0.6209577338836034,0.8980272390706366,0.800059203503278,2.7816021600018543,3.554999999999988,4734.0,2770.0,2,4,7,292,0.7642364387409246
CS2_35,610,CS2_35_12_20_10.xlsx,36,2010-12-17 21:35:49,0.8741371600294237,0.7946701454812942,2.9256146462292554,0.5986149656478926,0.8986137295540141,0.8045014979452628,2.721661046157678,3.554999999999988,4810.0,2670.0,2,4,7,295,0.767824167859638
CS2_35,611,CS2_35_12_20_10.xlsx,37,2010-12-18 00:35:22,0.8753122763885379,0.795738433080489,2.9423249888710603,0.5912943506167804,0.8979654892240875,0.8060857312116176,2.723102388441559,3.559999999999988,4839.0,2643.0,2,4,7,296,0.76885636598807
CS2_35,612,CS2_35_12_20_10.xlsx,38,2010-12-18 03:35:00,0.8757288207733538,0.7961171097939579,2.9472983558082366,0.5880026947773713,0.8979471595864316,0.8065107753962071,2.726805605406682,3.559999999999988,4848.0,2630.0,2,4,7,296,0.7692222500395351
CS2_35,613,CS2_35_12_20_10.xlsx,39,2010-12-18 06:34:37,0.8757422765714722,0.7961293423377019,2.951350599812616,0.5861315758724164,0.8974976754107478,0.8066432161136201,2.721336806340005,3.559999999999988,4855.0,2609.0,2,4,7,296,0.7692340693368555
CS2_35,614,CS2_35_12_20_10.xlsx,40,2010-12-18 09:33:59,0.8759914093667973,0.7963558266970884,2.953110328521703,0.5854405621788262,0.8973739167127879,0.8069863336707693,2.7266678104333057,3.559999999999988,4858.0,2612.0,2,4,7,296,0.7694529024788428
CS2_35,615,CS2_35_12_20_10.xlsx,41,2010-12-18 12:33:28,0.8760752668723129,0.7964320607930117,2.9553740954400687,0.5828323965913085,0.897966354913829,0.8072496925275474,2.722304888726726,3.559999999999988,4862.0,2603.0,2,4,7,296,0.7695265611932133
CS2_35,616,CS2_35_12_20_10.xlsx,42,2010-12-18 15:32:52,0.8758278057475621,0.7962070961341473,2.955632458771584,0.5807590195510747,0.8981107173172453,0.8069632987434809,2.7272154668058683,3.559999999999988,4863.0,2595.0,2,4,7,297,0.7693091964124014
CS2_35,617,CS2_35_12_20_10.xlsx,43,2010-12-18 18:32:08,0.8756723147122969,0.7960657406475425,2.957433387386604,0.579494554280327,0.8980488569407308,0.8068068285013118,2.7303990963902485,3.559999999999988,4866.0,2585.0,2,4,7,297,0.7691726162734697
CS2_35,618,CS2_35_12_20_10.xlsx,44,2010-12-18 21:31:17,0.8755278056120659,0.7959343687382416,2.957970151595463,0.5771767712792655,0.8983141559815803,0.8066905443172782,2.7353955063385365,3.559999999999988,4867.0,2567.0,2,4,7,297,0.7690456824412215
CS2_35,619,CS2_35_12_20_10.xlsx,45,2010-12-19 00:30:09,0.875381207036817,0.7958010973061972,2.958473937984883,0.5781025608584376,0.8979198554321391,0.8065913694817126,2.7236300640752247,3.559999999999988,4868.0,2575.0,2,4,7,297,0.7689169132569369
CS2_35,620,CS2_35_12_20_10.xlsx,46,2010-12-19 03:29:08,0.8750803931722828,0.7955276301566206,2.9578421674984368,0.5769771550571213,0.898106400565978,0.8062488802303548,2.7150389349552295,3.559999999999988,4867.0,2574.0,2,4,7,297,0.7686526845228457
CS2_35,621,CS2_35_12_20_10.xlsx,47,2010-12-19 06:28:05,0.8746691648261162,0.7951537862055601,2.9582882365448375,0.5750019486785033,0.8982472399053498,0.8057675523790966,2.716789904072938,3.559999999999988,4868.0,2562.0,2,4,7,297,0.7682914699707897
CS2_35,622,CS2_35_12_20_10.xlsx,48,2010-12-19 09:26:49,0.8741788451305297,0.7947080410277542,2.9565585494660565,0.5764644956002989,0.8973322231175327,0.8052488226664151,2.7126487124309118,3.559999999999988,4865.0,2564.0,2,4,7,297,0.7678607831982055
CS2_35,623,CS2_35_12_20_10.xlsx,49,2010-12-19 12:25:31,0.7483976177177567,0.6803614706525061,2.9554488386822064,,,,,,4863.0,,2,,7,262,0.6573771306472426
CS2_35,624,CS2_35_12_20_10.xlsx,50,2010-12-19 14:34:35,0.8733980154193048,0.7939981958357316,2.9767806474140968,0.5887726086294759,0.888751033062075,0.804384414828932,2.7084580567493655,3.564999999999988,4899.0,2644.0,2,4,7,298,0.7671749183812457
CS2_35,625,CS2_35_12_23_10.xlsx,1,2010-12-20 12:10:10,0.874649649624066,0.7951360451127872,2.9155445468367525,0.6136694463597864,0.897491363039489,0.7961620479525324,2.562047965206792,3.5449999999999884,4779.0,2719.0,2,4,7,294,0.7682743282172296
CS2_35,626,CS2_35_12_23_10.xlsx,2,2010-12-20 15:10:03,0.869973009749743,0.7908845543179481,2.9476848003265315,0.5955875299340322,0.8883521150549574,0.7929690529012922,2.586991371866531,3.5449999999999884,4846.0,2616.0,2,4,7,296,0.7641664635890283
CS2_35,627,CS2_35_12_23_10.xlsx,3,2010-12-20 18:09:04,0.8676086713000981,0.7887351557273619,2.917063708692597,0.600018854268594,0.8912808648968317,0.7906498298777985,2.5814442087863205,3.5449999999999884,4794.0,2632.0,2,4,7,293,0.7620896771467541
CS2_35,628,CS2_35_12_23_10.xlsx,4,2010-12-20 21:07:22,0.8748615429625923,0.7953286754205384,2.93589273704605,0.5764723709052582,0.9031269389900618,0.8053077586389213,2.7084077116887117,3.559999999999988,4827.0,2533.0,2,4,7,295,0.7684604509835052
CS2_35,629,CS2_35_12_23_10.xlsx,5,2010-12-21 00:04:57,0.8747914100484082,0.7952649182258256,2.9582381013014585,0.574782551538162,0.8980690326589608,0.8054635712464348,2.7100336684967163,3.559999999999988,4867.0,2526.0,2,4,7,297,0.7683988476689051
CS2_35,630,CS2_35_12_23_10.xlsx,6,2010-12-21 03:03:05,0.8660721266138554,0.7873382969216867,2.960451852827335,0.5700810953050367,0.8876515992927434,0.790877111659095,2.5726578159768967,3.5499999999999883,4871.0,2495.0,2,4,7,295,0.7607400077824478
CS2_35,631,CS2_35_12_23_10.xlsx,7,2010-12-21 06:00:17,0.8589005543977128,0.7808186858161025,2.9026747887685898,0.5927173243763191,0.8875532595276773,0.7814234144334695,2.519108286897685,3.5449999999999884,4771.0,2616.0,2,4,7,291,0.7544406457133195
CS2_35,632,CS2_35_12_23_10.xlsx,8,2010-12-21 08:57:27,0.8587505913424067,0.7806823557658242,2.871840794199378,0.6013323706801844,0.8930271437882903,0.7828282319497069,2.5916241138289937,3.5449999999999884,4717.0,2647.0,2,4,7,290,0.7543089212387001
CS2_35,633,CS2_35_12_23_10.xlsx,9,2010-12-21 11:54:13,0.8590063267335593,0.7809148424850538,2.8772378013630746,0.5966488086841837,0.8935375179311607,0.7834047782680156,2.5581662047129186,3.5449999999999884,4727.0,2629.0,2,4,7,290,0.7545335539655565
CS2_35,634,CS2_35_12_23_10.xlsx,10,2010-12-21 14:50:52,0.8567927356087246,0.7789024869170224,2.879927523062178,0.593287073857087,0.8909513665738437,0.7796510962844835,2.5230294340527797,3.5449999999999884,4732.0,2618.0,2,4,7,290,0.7525891808841623
CS2_35,635,CS2_35_12_23_10.xlsx,11,2010-12-21 17:47:19,0.8560581400948575,0.7782346728135068,2.867300342341912,0.597318233039295,0.8924161277625127,0.7788868606844991,2.555914081929144,3.5449999999999884,4710.0,2640.0,2,4,7,289,0.7519439272386937
CS2_35,636,CS2_35_12_23_10.xlsx,12,2010-12-21 20:43:43,0.8683712379353921,0.7894283981230836,2.89778789273946,0.5719581032573364,0.9075513004589427,0.7996499360751539,2.6888257506832898,3.559999999999988,4761.0,2521.0,2,4,7,292,0.7627595000520776
CS2_35,637,CS2_35_12_23_10.xlsx,13,2010-12-21 23:39:40,0.8690608965217166,0.7900553604742877,2.940921643659397,0.5658444961498632,0.8992557213377746,0.8001059868518899,2.6760204240881893,3.559999999999988,4839.0,2500.0,2,4,7,295,0.7633652820212757
CS2_35,638,CS2_35_12_23_10.xlsx,14,2010-12-22 02:36:35,0.8631869578683702,0.7847154162439728,2.94648114699208,0.5600492316627285,0.8918917219957648,0.7873688974333601,2.4931424596435248,3.554999999999988,4849.0,2478.0,2,4,7,295,0.7582057346815739
CS2_35,639,CS2_35_12_23_10.xlsx,15,2010-12-22 05:33:00,0.8555989199841836,0.7778171999856214,2.8967947681520227,0.5823926439995405,0.888695974478368,0.7785512875574898,2.5263242470433416,3.5449999999999884,4762.0,2574.0,2,4,7,291,0.7515405577041796
CS2_35,640,CS2_35_12_23_10.xlsx,16,2010-12-22 08:29:09,0.8540710032263163,0.7764281847511966,2.8662469762822864,0.5917358768984562,0.89232334613869,0.7772913831241005,2.525543066601797,3.5449999999999884,4709.0,2619.0,2,4,7,289,0.750198466935348
CS2_35,641,CS2_35_12_23_10.xlsx,17,2010-12-22 11:25:05,0.8557675047483819,0.7779704588621653,2.8679464980471647,0.5854595381460684,0.8961467168282317,0.7813428882280001,2.578299394721572,3.5499999999999883,4712.0,2588.0,2,4,7,289,0.7516886391062791
CS2_35,642,CS2_35_12_23_10.xlsx,18,2010-12-22 14:20:38,0.8537546993925851,0.7761406358114409,2.8675066931843736,0.5899352984145657,0.8924660658679034,0.7791256134566882,2.564392655299429,3.5449999999999884,4712.0,2607.0,2,4,7,289,0.7499206321297468
CS2_35,643,CS2_35_12_23_10.xlsx,19,2010-12-22 17:16:24,0.852907311955688,0.77537028359608,2.8596179742383283,0.5924194541931154,0.8928653056213214,0.7788356420419497,2.572478682959655,3.5499999999999883,4698.0,2620.0,2,4,7,289,0.7491763043705102
CS2_35,644,CS2_35_12_23_10.xlsx,20,2010-12-22 20:12:06,0.8625437497290918,0.7841306815719016,2.881294076563541,0.5765431029557451,0.9042704384328881,0.7935929105337568,2.661870790405242,3.559999999999988,4733.0,2538.0,2,4,7,291,0.7576407538331619
CS2_35,645,CS2_35_12_23_10.xlsx,21,2010-12-22 23:07:32,0.8642283522416925,0.7856621384015385,2.922141462484612,0.563149785052756,0.8996159448274007,0.7953881050060495,2.6622078419742525,3.559999999999988,4807.0,2482.0,2,4,7,293,0.759120474158023
CS2_35,646,CS2_35_12_23_10.xlsx,22,2010-12-23 02:03:21,0.8623125280833221,0.7839204800757473,2.9289931177787527,0.5609005561525053,0.8966019838175617,0.793893355470525,2.662428802838325,3.559999999999988,4819.0,2476.0,2,4,7,294,0.7574376534778947
CS2_35,647,CS2_35_12_23_10.xlsx,23,2010-12-23 04:59:09,0.8481458403303144,0.7710416730275584,2.8964876082049873,0.5800111053848326,0.8819226717736253,0.7729965975440418,2.502611142425979,3.5499999999999883,4763.0,2565.0,2,4,7,290,0.7449939252706252
CS2_35,648,CS2_35_12_23_10.xlsx,24,2010-12-23 07:54:45,0.8441537272750779,0.7674124793409798,2.839407422453659,0.5890137038596792,0.8892326543022407,0.7685430674624556,2.5119041977479144,3.5499999999999883,4664.0,2600.0,2,4,7,287,0.7414873349724443
CS2_35,649,CS2_35_12_23_10.xlsx,25,2010-12-23 10:49:03,,,2.8233379108495487,0.505077690367624,,,,,4636.0,1629.0,2,4,,183,
CS2_35,650,CS2_35_1_10_11.xlsx,1,2011-01-03 10:38:25,0.8748873664775909,0.7953521513432644,,0.2026354066268053,,0.8000089600127127,2.502135887316257,3.569999999999988,,1236.0,,4,7,125,0.7684831338298841
CS2_35,651,CS2_35_1_10_11.xlsx,2,2011-01-03 11:53:26,0.860782378580833,0.7825294350734845,2.971799876114027,0.5280955053109767,0.8940608876901017,0.7878076350168721,2.543541937014736,3.564999999999988,4895.0,2277.0,2,4,7,296,0.7560936015119423
CS2_35,652,CS2_35_1_10_11.xlsx,3,2011-01-03 14:47:08,0.8350851147995091,0.7591682861813719,2.8772538887920556,0.5709042314840492,0.8746698791538674,0.7557327704031369,2.447416980047142,3.5399999999999885,4738.0,2506.0,2,4,7,287,0.7335216516150858
CS2_35,653,CS2_35_1_10_11.xlsx,4,2011-01-03 17:40:36,0.8212595704588272,0.7465996095080247,2.751794417458837,0.6171185205786761,0.8772316655308735,,,,4516.0,2701.0,2,4,7,279,0.7213775767902227
CS2_35,654,CS2_35_1_10_11.xlsx,5,2011-01-03 20:32:52,0.8324595586893575,0.756781416990325,2.737207120118627,0.5996688275271839,0.9020559532577342,0.7596943090636727,2.545015515753478,3.5499999999999883,4487.0,2609.0,2,4,7,279,0.7312154169329015
CS2_35,655,CS2_35_1_10_11.xlsx,6,2011-01-03 23:23:43,0.8331680068173695,0.757425460743063,2.788313169146561,0.5800670416218991,0.8951003723079742,0.7607950306289,2.534485849538991,3.5499999999999883,4580.0,2528.0,2,4,7,282,0.7318377032504677
CS2_35,656,CS2_35_1_10_11.xlsx,7,2011-01-04 02:14:49,0.8311807396224049,0.7556188542021862,2.7907055866016384,0.5769564002255382,0.8936108745113215,0.759851027767154,2.5351959703691516,3.5499999999999883,4585.0,2518.0,2,4,7,282,0.7300921284710623
CS2_35,657,CS2_35_1_10_11.xlsx,8,2011-01-04 05:05:44,0.806904310075585,0.7335493727959863,2.7205727707865295,0.626257403357378,0.8663308954971989,,,,4466.0,2746.0,2,4,7,276,0.7087682102489349
CS2_35,658,CS2_35_1_10_11.xlsx,9,2011-01-04 07:57:09,0.6621046808589268,0.601913346235388,2.6143619354731147,,,,,,4282.0,,2,,7,234,0.5815791832935743
CS2_35,659,CS2_35_1_10_11.xlsx,10,2011-01-04 09:51:50,0.7938743202856342,0.7217039275323947,2.620646054296271,0.6873998782182951,0.859931039335698,,,,4291.0,3061.0,2,4,7,268,0.6973229342383008
CS2_35,660,CS2_35_1_10_11.xlsx,11,2011-01-04 12:44:51,0.7894465329651457,0.7176786663319505,2.5506357016742216,0.6774836222383539,0.875180402730411,,,,4173.0,2996.0,2,4,7,265,0.6934336565937043
CS2_35,661,CS2_35_1_10_11.xlsx,12,2011-01-04 15:34:32,0.7861001268742953,0.7146364789766321,2.5330167245701936,0.6744170877744943,0.8768493229547886,,,,4143.0,2974.0,2,4,7,263,0.6904942420607022
CS2_35,662,CS2_35_1_10_11.xlsx,13,2011-01-04 18:23:10,0.7834564748438346,0.7122331589489405,2.506232776754879,0.6845153467333972,0.8775904562026837,,,,4098.0,3034.0,2,4,7,261,0.6881721122929544
CS2_35,663,CS2_35_1_10_11.xlsx,14,2011-01-04 21:11:51,0.7947643458818252,0.7225130417107501,2.5458712608708285,0.6450972765006738,0.895395748930935,,,,4165.0,2850.0,2,4,7,264,0.6981047144828864
CS2_35,664,CS2_35_1_10_11.xlsx,15,2011-01-04 23:59:19,0.7980328029385095,0.7254843663077358,2.601047866015324,0.6289657602144126,0.8892472357906338,,,,4261.0,2778.0,2,4,7,268,0.7009756601816702
CS2_35,665,CS2_35_1_10_11.xlsx,16,2011-01-05 02:47:22,0.7910983511663634,0.7191803192421485,2.6182718033652823,0.6221822515585497,0.8779618125673337,,,,4291.0,2745.0,2,4,7,268,0.6948845798512886
CS2_35,666,CS2_35_1_10_11.xlsx,17,2011-01-05 05:35:00,0.7757779359815,0.7052526690740909,2.528163277767875,0.6704179925838568,0.8668872878908379,,,,4137.0,2972.0,2,4,7,261,0.6814274411109724
CS2_35,667,CS2_35_1_10_11.xlsx,18,2011-01-05 08:22:55,0.773130148452946,0.7028455895026782,2.4659778337417295,0.685530706228066,0.8766668236034171,,,,4030.0,3047.0,2,4,7,258,0.6791016788064473
CS2_35,668,CS2_35_1_10_11.xlsx,19,2011-01-05 11:10:08,0.7691529829653891,0.6992299845139901,2.45535200280765,0.6855452231047301,0.8744265888257,,,,4013.0,3049.0,2,4,7,256,0.6756082181453988
CS2_35,669,CS2_35_1_10_11.xlsx,20,2011-01-05 13:56:53,0.7667246913223593,0.6970224466566902,2.4338609109177227,0.6929946260602977,0.8753880749813531,,,,3976.0,3075.0,2,4,7,255,0.6734752565286348
CS2_35,670,CS2_35_1_10_11.xlsx,21,2011-01-05 16:43:19,0.7569144523305553,0.6881040475732321,2.4205019111228587,0.6931837104200094,0.8652775121740084,,,,3953.0,3082.0,2,4,7,253,0.6648581436374124
CS2_35,671,CS2_35_1_10_11.xlsx,22,2011-01-05 19:28:54,0.7692014320378675,0.699274029125334,2.370183972139618,0.7145610608273951,0.8924130312239276,,,,3867.0,3210.0,2,4,7,252,0.6756507748178071
CS2_35,672,CS2_35_1_10_11.xlsx,23,2011-01-05 22:15:54,0.7743616086060072,0.7039650987327338,2.4751805475707576,0.6590227814408984,0.8861349812345688,,,,4047.0,2931.0,2,4,7,258,0.6801833681688406
CS2_35,673,CS2_35_1_10_11.xlsx,24,2011-01-06 01:01:37,0.7775683365331858,0.7068803059392598,2.5073140408489536,0.6459037273843143,0.8856167755646344,,,,4102.0,2874.0,2,4,7,260,0.6830000922652688
CS2_35,674,CS2_35_1_10_11.xlsx,25,2011-01-06 03:47:29,0.7592423911214858,0.6902203555649871,2.5245263955357102,0.6255682545735064,0.8602472312184338,,,,4132.0,2830.0,2,4,7,259,0.6669029573654024
CS2_35,675,CS2_35_1_10_11.xlsx,26,2011-01-06 06:32:02,0.750340801423409,0.6821280012940081,2.3790855485107825,0.7040926396079978,0.8662067752828667,,,,3884.0,3137.0,2,4,7,250,0.6590839833930298
CS2_35,676,CS2_35_1_10_11.xlsx,27,2011-01-06 09:17:02,0.7507526492565688,0.6825024084150625,2.34747984199448,0.705857033965327,0.8757026777075113,,,,3829.0,3146.0,2,4,7,248,0.6594457420897658
CS2_35,677,CS2_35_1_10_11.xlsx,28,2011-01-06 12:01:19,0.7479821126359347,0.6799837387599406,2.3480780574417652,0.7063832270969072,0.8717651497374695,,,,3831.0,3150.0,2,4,7,248,0.657012159498229
CS2_35,678,CS2_35_1_10_11.xlsx,29,2011-01-06 14:45:31,0.7454817543500134,0.6777106857727394,2.3369083501158485,0.7078901318543331,0.8718242841848953,,,,3812.0,3135.0,2,4,7,248,0.6548158960191958
CS2_35,679,CS2_35_1_10_11.xlsx,30,2011-01-06 17:29:01,0.7434805971113967,0.6758914519194514,2.317497429797825,0.713692066330058,0.8721603822768554,,,,3780.0,3182.0,2,4,7,246,0.653058120510092
CS2_35,680,CS2_35_1_10_11.xlsx,31,2011-01-06 20:12:38,0.7382070819552773,0.6710973472320703,2.3041902122721067,0.7194292481609899,0.8675754758560243,,,,3757.0,3216.0,2,4,7,245,0.6484259728660012
CS2_35,681,CS2_35_1_10_11.xlsx,32,2011-01-06 22:56:08,0.7362064981323044,0.6692786346657312,2.280457989990417,0.7231383413271798,0.8706025973846475,,,,3717.0,3232.0,2,4,7,243,0.6466687010334482
CS2_35,682,CS2_35_1_10_11.xlsx,33,2011-01-07 01:39:08,0.7375445405740138,0.670495036885467,2.2708804279342405,0.7265078559118873,0.8738052690942415,,,,3701.0,3238.0,2,4,7,243,0.6478440100940214
CS2_35,683,CS2_35_1_10_11.xlsx,34,2011-01-07 04:22:01,0.732951580482041,0.6663196186200372,2.2756463288934654,0.7268962577897359,0.8665988694394621,,,,3709.0,3246.0,2,4,7,242,0.6438096480718042
CS2_35,684,CS2_35_1_10_11.xlsx,35,2011-01-07 07:04:55,0.7321515182178437,0.6655922892889488,2.257221290423155,0.7265203393374784,0.8711560716871037,,,,3678.0,3246.0,2,4,7,241,0.6431068897744422
CS2_35,685,CS2_35_1_10_11.xlsx,36,2011-01-07 09:47:15,0.7375709838173528,0.6705190761975933,2.269226413863043,0.7149048208557692,0.8790730387914406,,,,3698.0,3200.0,2,4,7,243,0.6478672372970745
CS2_35,686,CS2_35_1_10_11.xlsx,37,2011-01-07 12:29:28,0.7448041213190315,0.6770946557445741,2.311844702772245,0.6998430109626816,0.8828911607539843,,,,3769.0,3125.0,2,4,7,246,0.6542206770513733
CS2_35,687,CS2_35_1_10_11.xlsx,38,2011-01-07 15:12:07,0.7473504014142911,0.6794094558311736,2.3628182858960494,0.6758599303089915,0.878751069486757,,,,3857.0,3021.0,2,4,7,249,0.6564572773066634
CS2_35,688,CS2_35_1_10_11.xlsx,39,2011-01-07 17:54:39,0.7423994872634196,0.6749086247849269,2.369894828190737,0.6735813451426921,0.8705507477117997,,,,3869.0,3016.0,2,4,7,249,0.6521084957745873
CS2_35,689,CS2_35_1_10_11.xlsx,40,2011-01-07 20:37:04,0.7450204780869427,0.6772913437154024,2.351665947460795,0.6737339250972745,0.8791228851077321,,,,3838.0,3010.0,2,4,7,248,0.6544107204025525
CS2_35,690,CS2_35_1_10_11.xlsx,41,2011-01-07 23:18:58,0.7422777419000539,0.6747979471818671,2.3653082928995395,0.669898792875273,0.8731206337838334,,,,3861.0,2990.0,2,4,7,249,0.6520015571423091
CS2_35,691,CS2_35_1_10_11.xlsx,42,2011-01-08 02:00:47,0.7462465814067016,0.6784059830970014,2.35807089352586,0.6686579081618582,0.8807917129558408,,,,3849.0,2981.0,2,4,7,249,0.6554877044323496
CS2_35,692,CS2_35_1_10_11.xlsx,43,2011-01-08 04:42:29,0.7472714718303521,0.6793377016639565,2.3769238545362725,0.6632852744989164,0.878652761801604,,,,3881.0,2964.0,2,4,7,250,0.6563879471776188
CS2_35,693,CS2_35_1_10_11.xlsx,44,2011-01-08 07:24:30,0.7444926667056322,0.6768115151869383,2.383336013153134,0.6624669138533958,0.8736421854813309,,,,3892.0,2951.0,2,4,7,250,0.6539471017015377
CS2_35,694,CS2_35_1_10_11.xlsx,45,2011-01-08 10:06:19,0.7482100665583431,0.6801909695984937,2.3745240720312246,0.6607775973000035,0.8814104919640131,,,,3877.0,2946.0,2,4,7,250,0.6572123895522604
CS2_35,695,CS2_35_1_10_11.xlsx,46,2011-01-08 12:48:00,0.7451355689967869,0.6773959718152608,2.3922475105291,0.6559239405062316,0.8738201520548092,,,,3907.0,2919.0,2,4,7,251,0.6545118138992256
CS2_35,696,CS2_35_1_10_11.xlsx,47,2011-01-08 15:29:35,0.7446323434907356,0.6769384940824869,2.380803107483232,0.6550522147437252,0.8769192492424481,,,,3888.0,2921.0,2,4,7,250,0.6540697909272054
CS2_35,697,CS2_35_1_10_11.xlsx,48,2011-01-08 18:10:53,0.7436530500993896,0.6760482273630815,2.379113165135078,0.6562260176708962,0.8757318605451536,,,,3885.0,2924.0,2,4,7,250,0.653209599680702
CS2_35,698,CS2_35_1_10_11.xlsx,49,2011-01-08 20:52:05,0.7423640685921882,0.6748764259928983,2.373249668186241,0.6566993397882899,0.87535242547677,,,,3875.0,2925.0,2,4,7,250,0.652077384739605
CS2_35,699,CS2_35_1_10_11.xlsx,50,2011-01-08 23:33:06,0.7405465998765237,0.6732241817059306,2.3667927900922,0.6583622183167996,0.8741993329473166,,,,3864.0,2926.0,2,4,7,248,0.650480957464772
CS2_35,700,CS2_35_1_18_11.xlsx,1,2011-01-10 11:47:49,0.773645927439909,0.7033144794908263,2.376228397727772,0.647920528416399,0.9201549269834518,0.6863153609045168,2.2011046242295134,3.519999999999989,3869.0,2893.0,2,4,7,252,0.6795547284988446
CS2_35,701,CS2_35_1_18_11.xlsx,2,2011-01-10 14:29:55,0.7643173409991969,0.6948339463629062,2.5250516299364083,0.6308898249491274,0.8692397766096444,,,,4132.0,2786.0,2,4,7,260,0.6713606893380962
CS2_35,702,CS2_35_1_18_11.xlsx,3,2011-01-10 17:14:08,0.6299520226294761,0.5726836569358873,2.472676503294904,,,,,,4044.0,,2,,7,222,0.553336947202533
CS2_35,703,CS2_35_1_18_11.xlsx,4,2011-01-10 19:03:06,0.7503029421025103,0.6820935837295548,2.493064256673639,0.6733870249775568,0.8479309088518686,,,,4077.0,2994.0,2,4,7,256,0.6590507285413956
CS2_35,704,CS2_35_1_18_11.xlsx,5,2011-01-10 21:49:04,0.7471112857383679,0.6791920779439709,2.4078891288088724,0.6559029952321801,0.8714991672938803,,,,3933.0,2888.0,2,4,7,252,0.65624724299708
CS2_35,705,CS2_35_1_18_11.xlsx,6,2011-01-11 00:30:41,0.7442396649890028,0.6765815136263662,2.388340428595919,0.6570637583808976,0.8730318845821198,,,,3900.0,2894.0,2,4,7,250,0.6537248701783619
CS2_35,706,CS2_35_1_18_11.xlsx,7,2011-01-11 03:11:42,0.7423479814871374,0.6748618013519431,2.374875231206751,0.6583533355711566,0.8741837838899595,,,,3877.0,2899.0,2,4,7,250,0.652063254156198
CS2_35,707,CS2_35_1_18_11.xlsx,8,2011-01-11 05:52:19,0.7409435336226986,0.6735850305660895,2.3677420300115037,0.657076000240627,0.8750758276354293,,,,3865.0,2896.0,2,4,7,248,0.6508296159331317
CS2_35,708,CS2_35_1_18_11.xlsx,9,2011-01-11 08:32:35,0.6126368996912008,0.5569426360829098,2.374339031626992,,,,,,3876.0,,2,,7,216,0.5381276980487492
CS2_35,709,CS2_35_1_18_11.xlsx,10,2011-01-11 10:17:48,0.7394788147959428,0.6722534679963116,2.4354607313375265,0.6761219406708423,0.8497639684468762,,,,3980.0,3024.0,2,4,7,252,0.6495430369318863
CS2_35,710,CS2_35_1_18_11.xlsx,11,2011-01-11 13:02:04,0.7380144642436157,0.6709222402214687,2.372877617641189,0.6499043336397125,0.8729855874233081,,,,3874.0,2874.0,2,4,7,249,0.6482567814153521
CS2_35,711,CS2_35_1_18_11.xlsx,12,2011-01-11 15:42:00,0.7326788892053138,0.6660717174593761,2.3677636927801076,0.6432996647601754,0.8696495660741363,,,,3866.0,2843.0,2,4,7,247,0.6435701216425324
CS2_35,712,CS2_35_1_18_11.xlsx,13,2011-01-11 18:20:58,0.7290333838624363,0.6627576216931239,2.3361945700689604,0.6518832471178049,0.8709407183333168,,,,3812.0,2871.0,2,4,7,245,0.6403679844559282
CS2_35,713,CS2_35_1_18_11.xlsx,14,2011-01-11 20:59:17,0.7263267571455572,0.6602970519505065,2.318681393210652,0.656356072698134,0.8714093732656787,,,,3782.0,2895.0,2,4,7,244,0.6379905390141575
CS2_35,714,CS2_35_1_18_11.xlsx,15,2011-01-11 23:37:21,0.7243101925895719,0.6584638114450653,2.3075015452160588,0.6571492404214253,0.8717011343904745,,,,3763.0,2893.0,2,4,7,244,0.6362192300332161
CS2_35,715,CS2_35_1_18_11.xlsx,16,2011-01-12 02:14:58,0.7228458294547089,0.6571325722315535,2.301066086854749,0.6564981642970027,0.871903689002849,,,,3752.0,2896.0,2,4,7,242,0.6349329634644403
CS2_35,716,CS2_35_1_18_11.xlsx,17,2011-01-12 04:52:21,0.587299856732292,0.53390896066572,2.2931729899548254,,,,,,3739.0,,2,,7,208,0.515872158740372
CS2_35,717,CS2_35_1_18_11.xlsx,18,2011-01-12 06:33:54,0.7190858089710908,0.6537143717919006,2.335778268978879,0.6893982592722585,0.8478038483104934,,,,3810.0,3070.0,2,4,7,244,0.6316302385249445
CS2_35,718,CS2_35_1_18_11.xlsx,19,2011-01-12 09:14:57,0.7245996438506843,0.6587269489551675,2.2874440617626544,0.656920443753848,0.8789188496905761,,,,3729.0,2907.0,2,4,7,243,0.6364734780893131
CS2_35,719,CS2_35_1_18_11.xlsx,20,2011-01-12 11:52:16,0.7302903241309391,0.6639002946644901,2.36896610858027,0.5955510407167728,0.8819335066161648,,,,3865.0,2586.0,2,4,7,247,0.6414720550295667
CS2_35,720,CS2_35_1_18_11.xlsx,21,2011-01-12 14:26:49,0.7181974847682149,0.6529068043347408,2.307264738361007,0.6576329499536245,0.8637296024460804,,,,3765.0,2908.0,2,4,7,243,0.6308499527493806
CS2_35,721,CS2_35_1_18_11.xlsx,22,2011-01-12 17:04:21,0.7141496140785204,0.649226921889564,2.26463444275641,0.6615960038156073,0.8690563073124979,,,,3692.0,2925.0,2,4,7,240,0.6272943860877214
CS2_35,722,CS2_35_1_18_11.xlsx,23,2011-01-12 19:40:42,0.7107638409145594,0.646148946285963,2.2337285257117268,0.6764758419180377,0.8690508362329273,,,,3640.0,2979.0,2,4,7,238,0.6243203923244401
CS2_35,723,CS2_35_1_18_11.xlsx,24,2011-01-12 22:16:54,0.7081663578332247,0.6437875980302042,2.2153528727678093,0.6820529621082427,0.8694291896239488,,,,3609.0,3007.0,2,4,7,237,0.6220388164154739
CS2_35,724,CS2_35_1_18_11.xlsx,25,2011-01-13 00:52:53,0.7058436421398113,0.6416760383089193,2.203001328033079,0.6842524540376003,0.8691588233256463,,,,3588.0,3018.0,2,4,7,235,0.6199985905493071
CS2_35,725,CS2_35_1_18_11.xlsx,26,2011-01-13 03:28:34,0.7035782214218642,0.6396165649289675,2.1904066054922735,0.6877094707317745,0.8685387955011382,,,,3567.0,3027.0,2,4,7,234,0.6180086914154559
CS2_35,726,CS2_35_1_18_11.xlsx,27,2011-01-13 06:03:56,0.55924854296698,0.5084077663336182,2.1783997691103,,,,,,3547.0,,2,,7,198,0.49123245957863476
CS2_35,727,CS2_35_1_18_11.xlsx,28,2011-01-13 07:40:41,0.7001782876813714,0.6365257160739739,2.2166507975128136,0.7269737086524912,0.844788090609106,,,,3610.0,3237.0,2,4,7,236,0.6150222592919388
CS2_35,728,CS2_35_1_18_11.xlsx,29,2011-01-13 10:20:03,0.70082982847034,0.6371180258821273,2.1813256456842107,0.6851949619943289,0.8690989764214799,,,,3552.0,3035.0,2,4,7,234,0.6155945593690796
CS2_35,729,CS2_35_1_18_11.xlsx,30,2011-01-13 12:55:08,0.7020266917400768,0.6382060834000698,2.1779314556805507,0.6839052045307772,0.8723091094152847,,,,3546.0,3023.0,2,4,7,234,0.6166458595381474
CS2_35,730,CS2_35_1_18_11.xlsx,31,2011-01-13 15:30:00,0.6994194957484794,0.6358359052258903,2.185941902794832,0.6791474891337881,0.8679198532506798,,,,3560.0,2999.0,2,4,7,234,0.6143557520078511
CS2_35,731,CS2_35_1_18_11.xlsx,32,2011-01-13 18:04:34,0.6953498867984855,0.6321362607258959,2.164005129875091,0.6889396211313937,0.8656030466281278,,,,3523.0,3039.0,2,4,7,232,0.6107810909038225
CS2_35,732,CS2_35_1_18_11.xlsx,33,2011-01-13 20:38:55,0.6927664510768778,0.6297876827971616,2.1449337596286226,0.6922271532649056,0.8665141999689608,,,,3491.0,3052.0,2,4,7,231,0.6085118539077708
CS2_35,733,CS2_35_1_18_11.xlsx,34,2011-01-13 23:12:48,0.6860511737872024,0.6236828852610931,2.128775589381556,0.6955942132654495,0.8602772108283149,,,,3464.0,3060.0,2,4,7,229,0.6026132919512945
CS2_35,734,CS2_35_1_18_11.xlsx,35,2011-01-14 01:45:59,0.6829526915398851,0.6208660832180773,2.0843706090806395,0.7126148892785962,0.8641781806739302,,,,3389.0,3133.0,2,4,7,226,0.5998916486418006
CS2_35,735,CS2_35_1_18_11.xlsx,36,2011-01-14 04:18:57,0.6805089213665241,0.6186444739695673,2.0688899681752764,0.7174960318395719,0.8639069766282477,,,,3363.0,3154.0,2,4,7,226,0.5977450910011918
CS2_35,736,CS2_35_1_18_11.xlsx,37,2011-01-14 06:51:41,0.6799583886498475,0.6181439896816795,2.0579672137711245,0.7191036134303133,0.8661305730850596,,,,3345.0,3158.0,2,4,7,225,0.597261514344815
CS2_35,737,CS2_35_1_18_11.xlsx,38,2011-01-14 09:24:09,0.6810268710398546,0.6191153373089586,2.066413428074436,0.7122561020852565,0.8677997029321224,,,,3359.0,3131.0,2,4,7,225,0.5982000473800109
CS2_35,738,CS2_35_1_18_11.xlsx,39,2011-01-14 11:56:30,0.5348918190374796,0.4862652900340723,2.072742741190858,,,,,,3370.0,,2,,7,190,0.46983801241621687
CS2_35,739,CS2_35_1_18_11.xlsx,40,2011-01-14 13:28:54,0.6789867172729664,0.6172606520663331,2.1167588335103664,0.744970520913419,0.8403929998965832,,,,3443.0,3325.0,2,4,7,228,0.5964080181196213
CS2_35,740,CS2_35_1_18_11.xlsx,41,2011-01-14 16:05:44,0.6769527089657892,0.6154115536052629,2.0661149010301196,0.7126063590472117,0.8621448013211457,,,,3359.0,3144.0,2,4,7,224,0.594621386905104
CS2_35,741,CS2_35_1_18_11.xlsx,42,2011-01-14 18:38:03,0.6738954782167106,0.6126322529242823,2.0468855743382037,0.7168870239664995,0.86210419569827,,,,3327.0,3161.0,2,4,7,223,0.5919359780663045
CS2_35,742,CS2_35_1_18_11.xlsx,43,2011-01-14 21:09:56,0.6724765681130513,0.6113423346482284,2.028388010527204,0.7209101627060367,0.8648414343251144,,,,3296.0,3170.0,2,4,7,222,0.5906896365086786
CS2_35,743,CS2_35_1_18_11.xlsx,44,2011-01-14 23:41:23,0.670577341874175,0.609615765340159,2.024867923932432,0.7203618273533237,0.8634376508904806,,,,3290.0,3175.0,2,4,7,222,0.5890213951008961
CS2_35,744,CS2_35_1_18_11.xlsx,45,2011-01-15 02:12:42,0.6694021645799566,0.608547422345415,2.0140804397358365,0.7239517306315111,0.8635329261810192,,,,3272.0,3189.0,2,4,7,221,0.5879891434483174
CS2_35,745,CS2_35_1_18_11.xlsx,46,2011-01-15 04:43:53,0.6682137228771836,0.6074670207974396,2.0068791157629877,0.725297307083078,0.8640472663410862,,,,3260.0,3190.0,2,4,7,220,0.5869452406110892
CS2_35,746,CS2_35_1_18_11.xlsx,47,2011-01-15 07:14:49,0.6668203538344954,0.6062003216677231,2.0013845225493885,0.7267485421445558,0.863085323122068,,,,3251.0,3200.0,2,4,7,220,0.5857213337980126
CS2_35,747,CS2_35_1_18_11.xlsx,48,2011-01-15 09:45:42,0.6680001368010267,0.6072728516372969,1.9967058156505442,0.727024590705649,0.8668184519236243,,,,3243.0,3199.0,2,4,7,220,0.5867576309787678
CS2_35,748,CS2_35_1_18_11.xlsx,49,2011-01-15 12:16:29,0.6678981780850677,0.607180161895516,2.0097119613678327,0.720949454188792,0.8647631959118485,,,,3265.0,3168.0,2,4,7,220,0.5866680725320881
CS2_35,749,CS2_35_1_18_11.xlsx,50,2011-01-15 14:47:09,0.6686196923252794,0.6078360839320721,2.0089207958347792,0.7182157529162814,0.8674955217376266,,,,3264.0,3164.0,2,4,7,220,0.5873018358548495
CS2_35,750,CS2_35_1_24_11.xlsx,1,2011-01-18 13:17:53,0.6977874972329261,0.634352270211751,2.029822255888693,0.7074985777908781,0.9079105226054397,,,,3290.0,3170.0,2,4,7,225,0.6129222379559937
CS2_35,751,CS2_35_1_24_11.xlsx,2,2011-01-18 15:50:46,0.6856831088965719,0.6233482808150653,2.1741813355481177,0.6932409376082759,0.848776195589099,,,,3541.0,3062.0,2,4,7,231,0.6022899912940417
CS2_35,752,CS2_35_1_24_11.xlsx,3,2011-01-18 18:25:19,0.6775060405830662,0.6159145823482419,2.09439302645793,0.7076762407583361,0.855801036782783,,,,3407.0,3111.0,2,4,7,226,0.5951074220584109
CS2_35,753,CS2_35_1_24_11.xlsx,4,2011-01-18 20:57:56,0.6720776092935741,0.61097964481234,2.0510845635146415,0.7180880082030267,0.8578529027532447,,,,3334.0,3149.0,2,4,7,224,0.5903391992574295
CS2_35,754,CS2_35_1_24_11.xlsx,5,2011-01-18 23:29:40,0.667580984231495,0.6068918038468136,2.022544522815606,0.7224847701011917,0.8592192065778275,,,,3286.0,3163.0,2,4,7,221,0.5863894559512972
CS2_35,755,CS2_35_1_24_11.xlsx,6,2011-01-19 02:00:33,0.6649841013610396,0.6045310012373086,2.000348830169508,0.7268981810215456,0.8609329560322987,,,,3249.0,3181.0,2,4,7,220,0.5841084072552674
CS2_35,756,CS2_35_1_24_11.xlsx,7,2011-01-19 04:31:00,0.661405995243987,0.6012781774945336,1.9863707385649674,0.7296276728845302,0.8592861996569141,,,,3226.0,3190.0,2,4,7,219,0.5809654721674296
CS2_35,757,CS2_35_1_24_11.xlsx,8,2011-01-19 07:01:00,0.6605463414881259,0.6004966740801143,1.9715515409475515,0.7296755954832115,0.8633662741463516,,,,3201.0,3193.0,2,4,7,218,0.580210369924986
CS2_35,758,CS2_35_1_24_11.xlsx,9,2011-01-19 09:30:36,0.6610235552119006,0.6009305047380914,1.977070354279385,0.7235386334365174,0.8647464365490882,,,,3210.0,3162.0,2,4,7,218,0.5806295446805085
CS2_35,759,CS2_35_1_24_11.xlsx,10,2011-01-19 11:59:53,0.661559950317435,0.6014181366522136,2.00598449762213,0.6997396892398076,0.8647076289314223,,,,3258.0,3038.0,2,4,7,220,0.5811007031489771
CS2_35,760,CS2_35_1_24_11.xlsx,11,2011-01-19 14:27:56,0.6546584982328953,0.5951440893026321,1.9816809692592894,0.7191377466132932,0.8554625694064922,,,,3218.0,3142.0,2,4,7,218,0.5750386090679332
CS2_35,761,CS2_35_1_24_11.xlsx,12,2011-01-19 16:56:40,0.6489831943755133,0.5899847221595576,1.9531462397132757,0.720788992261176,0.8552527977142443,,,,3170.0,3145.0,2,4,7,215,0.5700535384624252
CS2_35,762,CS2_35_1_24_11.xlsx,13,2011-01-19 19:24:17,0.6436159510910109,0.5851054100827371,1.9190848418846767,0.7331739568988361,0.8544457345592004,,,,3113.0,3198.0,2,4,7,213,0.5653390619511137
CS2_35,763,CS2_35_1_24_11.xlsx,14,2011-01-19 21:51:34,0.638411377219823,0.5803739792907481,1.8831622967531234,0.7466066371242033,0.8533056621433447,,,,3053.0,3259.0,2,4,7,210,0.5607674709189073
CS2_35,764,CS2_35_1_24_11.xlsx,15,2011-01-20 00:18:32,0.6343127905715935,0.5766479914287214,1.8571154393058291,0.7512664907411691,0.8536508329045118,,,,3010.0,3279.0,2,4,7,209,0.5571673563985825
CS2_35,765,CS2_35_1_24_11.xlsx,16,2011-01-20 02:44:55,0.6318533484275175,0.5744121349341068,1.8374923816145619,0.7552654927938774,0.8551292546815203,,,,2977.0,3293.0,2,4,7,207,0.5550070328200603
CS2_35,766,CS2_35_1_24_11.xlsx,17,2011-01-20 05:10:50,0.6294334840331643,0.5722122582119675,1.826727365855001,0.7580161485921906,0.8541196031549961,,,,2959.0,3300.0,2,4,7,206,0.5528814735258359
CS2_35,767,CS2_35_1_24_11.xlsx,18,2011-01-20 07:36:25,0.6301018263086,0.5728198420987273,1.8169653629550382,0.7576146543476844,0.8587839021527576,,,,2943.0,3311.0,2,4,7,206,0.5534685316843799
CS2_35,768,CS2_35_1_24_11.xlsx,19,2011-01-20 10:01:58,0.6315205510152495,0.5741095918320449,1.833604696902517,0.7465029650288907,0.8604768849395081,,,,2971.0,3260.0,2,4,7,206,0.5547147103930719
CS2_35,769,CS2_35_1_24_11.xlsx,20,2011-01-20 12:27:13,0.6307313509370935,0.5733921372155395,1.842022892040467,0.7434661689061461,0.8577536194685276,,,,2985.0,3245.0,2,4,7,207,0.554021493217332
CS2_35,770,CS2_35_1_24_11.xlsx,21,2011-01-20 14:52:24,0.6325466350108844,0.5750423954644402,1.842630724058287,0.7396937164590074,0.8622099883475083,,,,2986.0,3234.0,2,4,7,208,0.5556160015475126
CS2_35,771,CS2_35_1_24_11.xlsx,22,2011-01-20 17:17:33,0.6241311165319416,0.5673919241199469,1.854925259871269,0.7294312669439426,0.8473601215900599,,,,3007.0,3210.0,2,4,7,208,0.5482239825730714
CS2_35,772,CS2_35_1_24_11.xlsx,23,2011-01-20 19:42:10,0.6187520418458554,0.5625018562235049,1.7957998593217637,0.7556580958419027,0.8501366834677269,,,,2908.0,3296.0,2,4,7,203,0.5434991136010671
CS2_35,773,CS2_35_1_24_11.xlsx,24,2011-01-20 22:06:15,0.6168163527877262,0.5607421388979329,1.7741959896517563,0.7586813867247598,0.8534559794122238,,,,2872.0,3313.0,2,4,7,202,0.5417988440000778
CS2_35,774,CS2_35_1_24_11.xlsx,25,2011-01-21 00:29:54,0.6144200371635087,0.5585636701486442,1.763356290078495,0.7615537268148361,0.8525817483108895,,,,2854.0,3318.0,2,4,7,202,0.5396939694629607
CS2_35,775,CS2_35_1_24_11.xlsx,26,2011-01-21 02:53:13,0.612590214624614,0.5569001951132855,1.754086708304372,0.7622662134291576,0.8529200117452711,,,,2839.0,3326.0,2,4,7,200,0.5380866908429667
CS2_35,776,CS2_35_1_24_11.xlsx,27,2011-01-21 05:16:18,0.6110031199312473,0.5554573817556794,1.7438409212879151,0.7644328915817533,0.8532344383969969,,,,2822.0,3338.0,2,4,7,200,0.5366926193883134
CS2_35,777,CS2_35_1_24_11.xlsx,28,2011-01-21 07:39:13,0.6128988032963463,0.5571807302694056,1.7363427273703325,0.7662310713156859,0.8587280262750007,,,,2810.0,3349.0,2,4,7,199,0.5383577488083731
CS2_35,778,CS2_35_1_24_11.xlsx,29,2011-01-21 10:02:14,0.6142527507305005,0.5584115915731822,1.762804729653712,0.7489442929735618,0.8585136904460354,,,,2854.0,3279.0,2,4,7,202,0.5395470284883721
CS2_35,779,CS2_35_1_24_11.xlsx,30,2011-01-21 12:24:55,0.6118892130017706,0.5562629209107005,1.767659474804567,0.7480771284333788,0.8536371862430677,,,,2862.0,3268.0,2,4,7,201,0.5374709453829407
CS2_35,780,CS2_35_1_24_11.xlsx,31,2011-01-21 14:47:25,0.6086035581907723,0.5532759619916111,1.754363812893366,0.7535079499516398,0.8509289170570625,,,,2840.0,3275.0,2,4,7,200,0.5345848935291975
CS2_35,781,CS2_35_1_24_11.xlsx,32,2011-01-21 17:09:28,0.6013352979545026,0.5466684526859114,1.7332186519937038,0.7571361855593385,0.8448743697224446,,,,2805.0,3312.0,2,4,7,198,0.5282006026845968
CS2_35,782,CS2_35_1_24_11.xlsx,33,2011-01-21 19:31:09,0.5991194753858373,0.5446540685325794,1.6953091871804913,0.7677224350032381,0.8506242734854814,,,,2742.0,3348.0,2,4,7,196,0.5262542695486703
CS2_35,783,CS2_35_1_24_11.xlsx,34,2011-01-21 21:52:14,0.5947829418149126,0.5407117652862842,1.6832299939301707,0.7716540040355176,0.8465678833799745,,,,2722.0,3363.0,2,4,7,194,0.5224451473276466
CS2_35,784,CS2_35_1_24_11.xlsx,35,2011-01-22 00:13:00,0.5927337607400567,0.5388488734000515,1.6639551523956717,0.7724272531934251,0.8495928894914745,,,,2690.0,3370.0,2,4,7,193,0.5206451886649328
CS2_35,785,CS2_35_1_24_11.xlsx,36,2011-01-22 02:33:15,0.5904839321355482,0.5368035746686801,1.652406748960308,0.777474699517866,0.848377290793799,,,,2671.0,3384.0,2,4,7,192,0.5186689853240001
CS2_35,786,CS2_35_1_24_11.xlsx,37,2011-01-22 04:53:16,0.5885635339700634,0.5350577581546031,1.642117559631867,0.7783712892485248,0.8485311974035,,,,2654.0,3391.0,2,4,7,192,0.5169821469297567
CS2_35,787,CS2_35_1_24_11.xlsx,38,2011-01-22 07:13:01,0.5862313247591366,0.5329375679628514,1.632249571121679,0.7785324173157054,0.8483790017287921,,,,2638.0,3395.0,2,4,7,190,0.5149335821523547
CS2_35,788,CS2_35_1_24_11.xlsx,39,2011-01-22 09:32:28,0.5841074299589231,0.5310067545081119,1.621951730361444,0.7837744089409617,0.8468847822932061,,,,2621.0,3404.0,2,4,7,190,0.5130679964843796
CS2_35,789,CS2_35_1_24_11.xlsx,40,2011-01-22 11:51:38,0.5819323850350351,0.529029440940941,1.6128249527975844,0.7832924865523815,0.8467391733864525,,,,2606.0,3409.0,2,4,7,189,0.5111574815959776
CS2_35,790,CS2_35_1_24_11.xlsx,41,2011-01-22 14:10:30,0.4187318312547852,0.3806653011407138,1.602484281121492,,,,,,2589.0,,2,,7,150,0.3678054595902611
CS2_35,791,CS2_35_1_24_11.xlsx,42,2011-01-22 15:23:26,0.6000454459685223,0.5454958599713838,1.6668815932186403,0.8130972938302903,0.8494263733775932,,,,2693.0,3589.0,2,4,7,194,0.527067623132779
CS2_35,792,CS2_35_1_24_11.xlsx,43,2011-01-22 17:47:49,0.6056363373863398,0.5505784885330361,1.7314687873242613,0.7340158928157264,0.8639787553539877,,,,2804.0,3229.0,2,4,7,199,0.5319785475812201
CS2_35,793,CS2_35_1_24_11.xlsx,44,2011-01-22 20:08:22,0.6074368814149977,0.552215346740907,1.7595972090811036,0.722345977929206,0.8614496198815741,,,,2851.0,3178.0,2,4,7,200,0.5335601085578205
CS2_35,794,CS2_35_1_24_11.xlsx,45,2011-01-22 22:28:58,0.608462404817061,0.5531476407427828,1.7704179008180416,0.7189357064951737,0.8608064201360027,,,,2869.0,3159.0,2,4,7,201,0.5344609072983562
CS2_35,795,CS2_35_1_24_11.xlsx,46,2011-01-23 00:49:35,0.6081083497790729,0.5528257725264298,1.7751204124919862,0.7187113655314644,0.8585230461544234,,,,2877.0,3150.0,2,4,7,201,0.5341499126085633
CS2_35,796,CS2_35_1_24_11.xlsx,47,2011-01-23 03:10:10,0.6080498624001827,0.5527726021819842,1.7745734515700962,0.7160669145945862,0.859265208612685,,,,2876.0,3147.0,2,4,7,201,0.5340985384935157
CS2_35,797,CS2_35_1_24_11.xlsx,48,2011-01-23 05:30:42,0.6074907821605926,0.5522643474187205,1.7752700390767804,0.7141375973829718,0.8591715947642663,,,,2877.0,3140.0,2,4,7,201,0.5336074538681744
CS2_35,798,CS2_35_1_24_11.xlsx,49,2011-01-23 07:51:06,0.6068994668032879,0.5517267880029889,1.7751327246761195,0.7146534646195865,0.8581595800775392,,,,2877.0,3137.0,2,4,7,201,0.53308805457602
CS2_35,799,CS2_35_1_24_11.xlsx,50,2011-01-23 10:11:25,0.6059911228105719,0.5509010207368835,1.7740119101554153,0.7106845310325363,0.8585565503127913,,,,2875.0,3119.0,2,4,7,201,0.532290183827322
CS2_35,800,CS2_35_1_28_11.xlsx,1,2011-01-24 10:54:44,0.601656245569937,0.5469602232453973,1.6517133933449797,0.8111842711411756,0.8561528649432958,,,,2666.0,3659.0,2,4,7,194,0.528482516492882
CS2_35,801,CS2_35_1_28_11.xlsx,2,2011-01-24 13:19:56,0.5884714151748531,0.534974013795321,1.7255336257193132,0.7615324130264978,0.8266410093811978,,,,2793.0,3357.0,2,4,7,197,0.5169012316678152
CS2_35,802,CS2_35_1_28_11.xlsx,3,2011-01-24 15:41:28,0.5792184229528701,0.5265622026844273,1.6519564188209042,0.7623875040186134,0.8364443899809604,,,,2671.0,3339.0,2,4,7,191,0.5087735929196618
CS2_35,803,CS2_35_1_28_11.xlsx,4,2011-01-24 18:00:09,0.572515312100061,0.52046846554551,1.5986629738064901,0.7764792509821992,0.838329173667677,,,,2583.0,3388.0,2,4,7,188,0.5028857177120047
CS2_35,804,CS2_35_1_28_11.xlsx,5,2011-01-24 20:17:47,0.567154350687693,0.5155948642615391,1.5651038680202591,0.7819308574886757,0.8399332996355582,,,,2528.0,3412.0,2,4,7,185,0.49817675906844305
CS2_35,805,CS2_35_1_28_11.xlsx,6,2011-01-24 22:34:37,0.562288350452012,0.5111712276836472,1.5403346231205617,0.7852814490261331,0.8397272617250565,,,,2487.0,3428.0,2,4,7,183,0.4939025641793471
CS2_35,806,CS2_35_1_28_11.xlsx,7,2011-01-25 00:50:46,0.5575647625952143,0.5068770569047402,1.5190439375208615,0.7869322323170989,0.8388923398568496,,,,2452.0,3426.0,2,4,7,181,0.48975346140543513
CS2_35,807,CS2_35_1_28_11.xlsx,8,2011-01-25 03:06:01,0.5553844942477584,0.5048949947706894,1.4983311068821945,0.7893744229556758,0.8417698699975514,,,,2418.0,3439.0,2,4,7,180,0.4878383583688137
CS2_35,808,CS2_35_1_28_11.xlsx,9,2011-01-25 05:20:49,0.5518286099740086,0.5016623727036441,1.4904534037006323,0.7891849855030906,0.838944667223097,,,,2405.0,3440.0,2,4,7,180,0.48471494249274544
CS2_35,809,CS2_35_1_28_11.xlsx,10,2011-01-25 07:35:13,0.5537231840949195,0.5033847128135631,1.47707100110111,0.7908642721187276,0.8472744217279957,,,,2383.0,3443.0,2,4,7,179,0.4863790975754419
CS2_35,810,CS2_35_1_28_11.xlsx,11,2011-01-25 09:49:24,0.5514262982314602,0.5012966347558728,1.4970586050506205,0.7758319158961755,0.842042610292009,,,,2416.0,3386.0,2,4,7,180,0.4843615601025814
CS2_35,811,CS2_35_1_28_11.xlsx,12,2011-01-25 12:03:04,0.5455376152508871,0.4959432865917155,1.4838712597822454,0.779730474852698,0.8346706938397179,,,,2394.0,3399.0,2,4,7,178,0.47918906164799613
CS2_35,812,CS2_35_1_28_11.xlsx,13,2011-01-25 14:16:15,0.5477093970412055,0.49791763367382313,1.453540848609812,0.7882725350549382,0.8472951546378816,,,,2344.0,3436.0,2,4,7,177,0.4810967102667413
CS2_35,813,CS2_35_1_28_11.xlsx,14,2011-01-25 16:29:21,0.5467861094042865,0.49707828127662407,1.4796760382586227,0.7703324972893266,0.8427057609384677,,,,2387.0,3347.0,2,4,7,178,0.4802857133272123
CS2_35,814,CS2_35_1_28_11.xlsx,15,2011-01-25 18:41:38,0.5344857130864353,0.48589610280585027,1.4660447211304017,0.7746817261613852,0.8239866468837833,,,,2365.0,3375.0,2,4,7,176,0.46948129727106397
CS2_35,815,CS2_35_1_28_11.xlsx,16,2011-01-25 20:53:19,0.53125458948006,0.4829587177091454,1.3974458973651538,0.7962212179058421,0.8362775989330025,,,,2252.0,3468.0,2,4,7,172,0.4666431445099649
CS2_35,816,CS2_35_1_28_11.xlsx,17,2011-01-25 23:04:29,0.5312326224269324,0.48293874766084754,1.3864539354763714,0.7963112842446478,0.8400794382728954,,,,2234.0,3475.0,2,4,7,171,0.46662384910066385
CS2_35,817,CS2_35_1_28_11.xlsx,18,2011-01-26 01:15:28,0.5362865685904286,0.48753324417311683,1.3992440102403605,0.7849240307978144,0.8500376636984032,,,,2255.0,3419.0,2,4,7,173,0.47106313184121595
CS2_35,818,CS2_35_1_28_11.xlsx,19,2011-01-26 03:26:10,0.5378272561050128,0.4889338691863752,1.4276640525723392,0.7773970743549664,0.8449146348005605,,,,2302.0,3385.0,2,4,7,174,0.4724164401810394
CS2_35,819,CS2_35_1_28_11.xlsx,20,2011-01-26 05:37:10,0.5374596497677242,0.48859968160702194,1.4360869036062711,0.7734404759171442,0.8423188200224675,,,,2316.0,3369.0,2,4,7,175,0.47209354230764494
CS2_35,820,CS2_35_1_28_11.xlsx,21,2011-01-26 07:48:07,0.537697322901721,0.4888157480924736,1.4384831005055514,0.7695812802994978,0.8439328934733633,,,,2320.0,3353.0,2,4,7,175,0.47230230951796187
CS2_35,821,CS2_35_1_28_11.xlsx,22,2011-01-26 09:58:53,0.5433438789045457,0.49394898082231425,1.4482785367632454,0.7648056690626153,0.853063720728186,,,,2336.0,3327.0,2,4,7,176,0.47726212859715056
CS2_35,822,CS2_35_1_28_11.xlsx,23,2011-01-26 12:09:48,0.5396183938645418,0.49056217624049253,1.4801265460536357,0.7519144189199924,0.8392214077601207,,,,2389.0,3274.0,2,4,7,177,0.47398973888359774
CS2_35,823,CS2_35_1_28_11.xlsx,24,2011-01-26 14:20:31,0.5345169516756414,0.4859245015233103,1.4652293298460792,0.7530219550229793,0.8359357341092664,,,,2364.0,3274.0,2,4,7,176,0.4695087366076567
CS2_35,824,CS2_35_1_28_11.xlsx,25,2011-01-26 16:30:32,0.5298170329272907,0.48165184811571876,1.434163955622362,0.7585663627171263,0.8369422767676955,,,,2313.0,3292.0,2,4,7,174,0.46538042429355847
CS2_35,825,CS2_35_1_28_11.xlsx,26,2011-01-26 18:39:44,0.5274349636383402,0.4794863305803092,1.4165031950402673,0.7599844004513618,0.8390428438700751,,,,2284.0,3307.0,2,4,7,173,0.4632880634453927
CS2_35,826,CS2_35_1_28_11.xlsx,27,2011-01-26 20:48:35,0.5243606248836592,0.47669147716696286,1.4067615894435295,0.7615868516517286,0.8366127622596357,,,,2268.0,3308.0,2,4,7,172,0.46058762728506275
CS2_35,827,CS2_35_1_28_11.xlsx,28,2011-01-26 22:57:00,0.5172303792840101,0.4702094357127364,1.3928186857216418,0.7622067698345295,0.8290154138409335,,,,2245.0,3310.0,2,4,7,170,0.45432456566896445
CS2_35,828,CS2_35_1_28_11.xlsx,29,2011-01-27 01:04:41,0.507962059631776,0.46178369057434177,1.346558103084621,0.7776533734498077,0.8233313793242757,,,,2169.0,3362.0,2,4,7,167,0.44618346362018046
CS2_35,829,CS2_35_1_28_11.xlsx,30,2011-01-27 03:11:26,0.5041695450254373,0.45833595002312477,1.3082504121063248,0.7815034928346446,0.8300684948686299,,,,2106.0,3386.0,2,4,7,163,0.4428521965091821
CS2_35,830,CS2_35_1_28_11.xlsx,31,2011-01-27 05:17:19,0.5041760993779043,0.4583419085253675,1.293680986605426,0.7819285508278622,0.8364266485742036,,,,2082.0,3389.0,2,4,7,163,0.4428579537180722
CS2_35,831,CS2_35_1_28_11.xlsx,32,2011-01-27 07:22:52,0.5017729011903569,0.4561571829003244,1.2989866847008433,0.7753214391895962,0.8326225559958439,,,,2091.0,3361.0,2,4,7,163,0.4407470336783689
CS2_35,832,CS2_35_1_28_11.xlsx,33,2011-01-27 09:27:58,0.4967428872309121,0.4515844429371928,1.2892225134593185,0.7740334459992667,0.8276386062427319,,,,2075.0,3360.0,2,4,7,163,0.4363287724954179
CS2_35,833,CS2_35_1_28_11.xlsx,34,2011-01-27 11:32:30,0.49536056292756925,0.45032778447960836,1.2671800138637777,0.7757287102285205,0.8333609145949179,,,,2039.0,3365.0,2,4,7,160,0.4351145671550447
CS2_35,834,CS2_35_1_28_11.xlsx,35,2011-01-27 13:36:27,0.49065806979439586,0.446052790722178,1.2621631050937516,0.7759387098281876,0.8266676506225514,,,,2031.0,3369.0,2,4,7,159,0.4309839935540746
CS2_35,835,CS2_35_1_28_11.xlsx,36,2011-01-27 15:40:04,0.4876458525634426,0.44331441142131145,1.2456145028634187,0.772871507287709,0.8290572658809524,,,,2004.0,3359.0,2,4,7,158,0.4283381236671437
CS2_35,836,CS2_35_1_28_11.xlsx,37,2011-01-27 17:42:54,,,1.2352338015889535,0.5177895974770017,,,,,1987.0,1296.0,2,4,,93,
CS2_35,837,CS2_35_2_10_11.xlsx,1,2011-01-31 10:51:35,0.497122279391268,0.4519293449011527,,0.2603408875571633,,,,,,1656.0,,4,7,84,0.43666202279427024
CS2_35,838,CS2_35_2_10_11.xlsx,2,2011-01-31 11:52:40,0.47124454321662,0.42840413019692725,1.3161527261866806,0.7038406501840808,0.7976057353714224,,,,2119.0,3017.0,2,4,7,160,0.41393154964550083
CS2_35,839,CS2_35_2_10_11.xlsx,3,2011-01-31 13:50:52,0.461115687136056,0.41919607921459634,1.2156216288475166,0.7144844898794931,0.8148115699858067,,,,1954.0,3083.0,2,4,7,154,0.4050345700328651
CS2_35,840,CS2_35_2_10_11.xlsx,4,2011-01-31 15:46:51,0.45684991785822193,0.4153181071438381,1.178331807004765,0.7138595308017958,0.8233243312765107,,,,1893.0,3085.0,2,4,7,151,0.40128760571673433
CS2_35,841,CS2_35_2_10_11.xlsx,5,2011-01-31 17:41:38,0.4395397738452298,0.3995816125865725,1.1580742611073342,0.7181882051015617,0.7959835594691339,,,,1860.0,3113.0,2,4,7,147,0.3860827299488871
CS2_35,842,CS2_35_2_10_11.xlsx,6,2011-01-31 19:35:21,0.42951609588592987,0.39046917807811804,1.0844254344641489,0.7216783568920717,0.8072662977677093,,,,1740.0,3141.0,2,4,7,142,0.3772781366425764
CS2_35,843,CS2_35_2_10_11.xlsx,7,2011-01-31 21:26:59,0.4218872680582617,0.3835338800529652,1.04572772830296,0.7220818249085095,0.8086461049563739,,,,1677.0,3140.0,2,4,7,140,0.3705771306147277
CS2_35,844,CS2_35_2_10_11.xlsx,8,2011-01-31 23:17:07,0.41552612232491404,0.3777510202953764,1.0174952510837252,0.7190948139020408,0.810708176050365,,,,1631.0,3133.0,2,4,7,138,0.36498963056018574
CS2_35,845,CS2_35_2_10_11.xlsx,9,2011-02-01 01:06:02,0.41007435090723554,0.3727948644611232,0.9953764479021608,0.7176269852104182,0.8104905320670839,,,,1595.0,3137.0,2,4,7,136,0.36020090626890966
CS2_35,846,CS2_35_2_10_11.xlsx,10,2011-02-01 02:54:06,0.4047108774483297,0.3679189794984815,0.9743846321521797,0.7153871743401228,0.8101185157589447,,,,1561.0,3131.0,2,4,7,134,0.3554897410951479
CS2_35,847,CS2_35_2_10_11.xlsx,11,2011-02-01 04:41:12,0.39578679417841567,0.3598061765258324,0.9553119280704827,0.7130467736527369,0.8011655765010325,,,,1530.0,3127.0,2,4,7,132,0.34765100923022957
CS2_35,848,CS2_35_2_10_11.xlsx,12,2011-02-01 06:27:15,0.394842172619013,0.3589474296536482,0.9220013552320726,0.7097807751892258,0.817651771601371,,,,1476.0,3116.0,2,4,7,131,0.34682127301038257
CS2_35,849,CS2_35_2_10_11.xlsx,13,2011-02-01 08:12:10,0.3949160286064197,0.3590145714603815,0.9201276944496989,0.708818296010523,0.819572322508088,,,,1473.0,3117.0,2,4,7,131,0.3468861465962053
CS2_35,850,CS2_35_2_10_11.xlsx,14,2011-02-01 09:57:04,0.39953131817382204,0.3632102892489291,0.9263687046616655,0.7052259294272919,0.8290507478943784,,,,1483.0,3096.0,2,4,7,131,0.3509401223720466
CS2_35,851,CS2_35_2_10_11.xlsx,15,2011-02-01 11:42:01,0.39841517201018206,0.3621956109183473,0.9471916359692,0.7030758538851571,0.8175392609080022,,,,1517.0,3085.0,2,4,7,132,0.34995972245485535
CS2_35,852,CS2_35_2_10_11.xlsx,16,2011-02-01 13:27:18,0.3949152780555094,0.35901388914137217,0.9418118249330811,0.7022904341981541,0.813833643811031,,,,1508.0,3082.0,2,4,7,132,0.34688548732766655
CS2_35,853,CS2_35_2_10_11.xlsx,17,2011-02-01 15:12:12,0.39208952896792315,0.35644502633447556,0.9300621254253164,0.7008488933441704,0.8139544130579751,,,,1489.0,3071.0,2,4,7,130,0.34440340723661655
CS2_35,854,CS2_35_2_10_11.xlsx,18,2011-02-01 16:56:28,0.3841163360389812,0.3491966691263465,0.9165412068762547,0.7021150259008001,0.803412037528232,,,,1467.0,3083.0,2,4,7,128,0.337399917960811
CS2_35,855,CS2_35_2_10_11.xlsx,19,2011-02-01 18:40:06,0.3768175691580744,0.34256142650734034,0.8855730342968339,0.6997444338049894,0.802526392956588,,,,1417.0,3075.0,2,4,7,127,0.33098883070472734
CS2_35,856,CS2_35_2_10_11.xlsx,20,2011-02-01 20:22:22,0.37126076989972834,0.3375097908179348,0.8591998289993827,0.698016141281857,0.8053155450228552,,,,1374.0,3072.0,2,4,7,124,0.3261078521105225
CS2_35,857,CS2_35_2_10_11.xlsx,21,2011-02-01 22:03:33,0.26391273117423,0.2399206647038454,0.8412029245787107,,,,,,1345.0,,2,,7,91,0.23181553475497668
CS2_35,858,CS2_35_2_10_11.xlsx,22,2011-02-01 22:47:14,0.3660156978001332,0.33274154345466656,1.0015017295152608,0.7599459870994626,0.7012543264000517,,,,1605.0,3382.0,2,4,7,131,0.321500688264405
CS2_35,859,CS2_35_2_10_11.xlsx,23,2011-02-02 00:37:10,0.3626165037521556,0.32965136704741416,0.8226713647019637,0.6931713374510847,0.8069134264822044,,,,1315.0,3081.0,2,4,7,120,0.31851490587163495
CS2_35,860,CS2_35_2_10_11.xlsx,24,2011-02-02 02:17:02,0.3581217360531497,0.3255652145937724,0.810208814348841,0.6892628125024899,0.8051550475060817,,,,1295.0,3058.0,2,4,7,121,0.31456679403516363
CS2_35,861,CS2_35_2_10_11.xlsx,25,2011-02-02 03:55:57,0.2552988440663544,0.23208985824214035,0.7947677493641434,,,,,,1270.0,,2,,7,88,0.2242492728420078
CS2_35,862,CS2_35_2_10_11.xlsx,26,2011-02-02 04:37:55,0.24281422329619318,0.22074020299653924,0.9625762237759163,,,,,,1542.0,,2,,7,96,0.2132830378022235
CS2_35,863,CS2_35_2_10_11.xlsx,27,2011-02-02 05:23:45,0.3508965183046904,0.3189968348224458,0.9589663821596727,0.7820993806341942,0.6791977205322078,,,,1536.0,3522.0,2,4,7,128,0.3082203108297949
CS2_35,864,CS2_35_2_10_11.xlsx,28,2011-02-02 07:14:01,0.3481916512604517,0.3165378647822288,0.7687719003039137,0.6887165844682763,0.8046474736645347,,,,1228.0,3092.0,2,4,7,116,0.3058444110484109
CS2_35,865,CS2_35_2_10_11.xlsx,29,2011-02-02 08:51:50,0.35184819925628474,0.3198619993238952,0.7602321515694112,0.680696506917812,0.8224484827744702,,,,1214.0,3045.0,2,4,7,117,0.30905624787507646
CS2_35,866,CS2_35_2_10_11.xlsx,30,2011-02-02 10:28:50,0.3541309983755081,0.3219372712504619,0.7787167864553427,0.6778116467257923,0.8207142910267116,,,,1244.0,3013.0,2,4,7,118,0.3110614118404768
CS2_35,867,CS2_35_2_10_11.xlsx,31,2011-02-02 12:05:56,0.25258175799929994,0.22961977999936356,0.7861560104573766,,,,,,1256.0,,2,,7,87,0.22186264012138432
CS2_35,868,CS2_35_2_10_11.xlsx,32,2011-02-02 12:47:32,0.3587399630351893,0.3261272391228993,0.9590173754082791,0.7466296766428295,0.7107778730227718,,,,1536.0,3329.0,2,4,7,129,0.3151098319469908
CS2_35,869,CS2_35_2_10_11.xlsx,33,2011-02-02 14:35:02,0.3587177737439635,0.32610706703996684,0.8084264444357789,0.6795977276569619,0.8134902000483639,,,,1292.0,3023.0,2,4,7,121,0.3150903413282986
CS2_35,870,CS2_35_2_10_11.xlsx,34,2011-02-02 16:13:22,0.35525201800767015,0.32295638000697285,0.8071540743435588,0.6775471052344779,0.8071547769242874,,,,1290.0,3007.0,2,4,7,119,0.31204609251254684
CS2_35,871,CS2_35_2_10_11.xlsx,35,2011-02-02 17:51:13,0.34479601489303313,0.3134509226300301,0.791666577581302,0.6760812191254394,0.7912403780599434,,,,1265.0,3010.0,2,4,7,117,0.30286175364933715
CS2_35,872,CS2_35_2_10_11.xlsx,36,2011-02-02 19:28:07,0.3333927017229321,0.30308427429357465,0.748322840914364,0.6755084555144192,0.7859628053402257,,,,1195.0,3016.0,2,4,7,113,0.292845317046435
CS2_35,873,CS2_35_2_10_11.xlsx,37,2011-02-02 21:03:18,0.33011900850750386,0.3001081895522762,0.7087539365565028,0.6682054377089409,0.8044500634179869,,,,1131.0,3000.0,2,4,7,111,0.28996977201311397
CS2_35,874,CS2_35_2_10_11.xlsx,38,2011-02-02 22:36:59,0.32638473332789886,0.2967133939344535,0.6975254560260047,0.6659701594014666,0.8029314052571731,,,,1113.0,2993.0,2,4,7,110,0.2866896612210701
CS2_35,875,CS2_35_2_10_11.xlsx,39,2011-02-03 00:10:02,0.32307507731149876,0.2937046157377261,0.6858961573531088,0.6618707909114204,0.8025272001167191,,,,1094.0,2970.0,2,4,7,109,0.2837825272003536
CS2_35,876,CS2_35_2_10_11.xlsx,40,2011-02-03 01:42:12,0.3206164809187726,0.29146952810797505,0.6753013725144767,0.6603958793779621,0.8040253217315146,,,,1077.0,2968.0,2,4,7,107,0.2816229465124852
CS2_35,877,CS2_35_2_10_11.xlsx,41,2011-02-03 03:13:54,0.31789297987674914,0.2889936180697719,0.6672052173236849,0.6579916926633413,0.8033735398408259,,,,1064.0,2964.0,2,4,7,107,0.2792306790093097
CS2_35,878,CS2_35_2_10_11.xlsx,42,2011-02-03 04:45:11,0.31454639702459275,0.28595127002235704,0.6572916441319637,0.6554844704833132,0.8016020908077454,,,,1048.0,2952.0,2,4,7,106,0.27629110921279876
CS2_35,879,CS2_35_2_10_11.xlsx,43,2011-02-03 06:15:48,0.31145842897752374,0.28314402634320335,0.6467104110445507,0.6525905870390674,0.8017182830500873,,,,1031.0,2946.0,2,4,7,105,0.27357870136133744
CS2_35,880,CS2_35_2_10_11.xlsx,44,2011-02-03 07:45:52,0.3126562074381187,0.28423291585283517,0.6368314448889028,0.6515517254507915,0.8119939496380734,,,,1015.0,2940.0,2,4,7,105,0.2746308054153003
CS2_35,881,CS2_35_2_10_11.xlsx,45,2011-02-03 09:15:38,0.31417790938538914,0.28561628125944466,0.6424474279893133,0.6505968393576194,0.8132822377084484,,,,1024.0,2932.0,2,4,7,106,0.2759674372218625
CS2_35,882,CS2_35_2_10_11.xlsx,46,2011-02-03 10:45:30,0.3146242947107254,0.28602208610065943,0.6498469816201009,0.6490241040324998,0.8115290628797077,,,,1036.0,2927.0,2,4,7,106,0.27635953294395665
CS2_35,883,CS2_35_2_10_11.xlsx,47,2011-02-03 12:15:33,0.31149685914192204,0.28317896285629274,0.6511479843046625,0.6483531054532123,0.8026706004905224,,,,1038.0,2918.0,2,4,7,105,0.2736124576302036
CS2_35,884,CS2_35_2_10_11.xlsx,48,2011-02-03 13:45:18,0.30637183101504206,0.2785198463773109,0.6368470998902598,0.6490660384730597,0.7966751960478167,,,,1015.0,2924.0,2,4,7,104,0.269110737949683
CS2_35,885,CS2_35_2_10_11.xlsx,49,2011-02-03 15:14:29,0.30776050544882594,0.2797822776807508,0.6206880949800173,0.6465741771413374,0.8118473003103088,,,,989.0,2915.0,2,4,7,103,0.2703305211145037
CS2_35,886,CS2_35_2_10_11.xlsx,50,2011-02-03 16:43:09,0.30154331344661855,0.2741302849514714,0.6275036665688527,0.6438604731493098,0.7932385599074885,,,,1000.0,2897.0,2,4,7,103,0.26486946706738157
