battery,cycle,source_file,local_cycle,start_time,capacity_Ah,SOH,HF1,HF2,HF3,HF4,HF5,HF6,HF7,HF8,cc_steps,cv_steps,discharge_steps,n_points,SOH_initial
CS2_38,1,CS2_38_8_17_10.xlsx,1,2010-08-16 13:45:26,1.139523063063385,1.03593005733035,4.0754926351841405,0.5628873025742119,0.8942985844843073,1.0469303032901822,3.559691370520244,3.5949999999999873,6729.0,2412.0,2,4,7,1089,1.0
CS2_38,2,CS2_38_8_18_10.xlsx,1,2010-08-17 14:31:24,1.129033245001774,1.0263938590925217,3.984837279512198,0.5498317442589344,0.9056856252784349,1.0477802738529214,3.518820042998358,3.5899999999999874,6586.0,2359.0,2,4,7,381,0.9907945539659274
CS2_38,3,CS2_38_8_19_10.xlsx,1,2010-08-18 10:59:55,1.1286148027460459,1.0260134570418598,3.976126447385665,0.5508511744735441,0.9073946900571324,1.0503225888568408,3.524762055903305,3.5899999999999874,6572.0,2362.0,2,4,7,380,0.9904273457282958
CS2_38,4,CS2_38_8_30_10.xlsx,1,2010-08-19 14:22:08,1.1274100456477258,1.0249182233161143,3.973789353114028,0.5519010710312182,0.9064968404040329,1.0478681647216714,3.525820773984975,3.5899999999999874,6567.0,2363.0,2,4,7,380,0.9893700989402568
CS2_38,5,CS2_38_8_30_10.xlsx,2,2010-08-19 17:59:40,1.1257331182493708,1.0233937438630643,3.960513308663314,0.5539581568079371,0.9106464072511808,1.0608388370358388,3.6869940962663725,3.599999999999987,6560.0,2381.0,2,4,7,379,0.9878984943253868
CS2_38,6,CS2_38_8_30_10.xlsx,3,2010-08-19 21:37:18,1.124467239466052,1.0222429449691381,3.987745992373568,0.5147474666680321,0.9135187603363466,1.0600023765952615,3.7150052108690392,3.599999999999987,6613.0,2195.0,2,4,7,381,0.9867876095839092
CS2_38,7,CS2_38_8_30_10.xlsx,4,2010-08-20 01:12:38,1.116334646829734,1.0148496789361217,3.9858759167222404,0.5037572646958799,0.9085801424562236,1.0434114185199517,3.403538033279413,3.5949999999999873,6612.0,2146.0,2,4,7,380,0.9796507705852714
CS2_38,8,CS2_38_8_30_10.xlsx,5,2010-08-20 04:46:43,1.104969064819926,1.004517331654478,3.9215693977738706,0.5351721341891228,0.9034497229500503,1.0329980638081853,3.5104191155915427,3.5949999999999873,6496.0,2284.0,2,4,7,374,0.9696767890326262
CS2_38,9,CS2_38_8_30_10.xlsx,6,2010-08-20 08:20:33,1.1005563134282914,1.0005057394802648,3.8898114865983846,0.5336605975003046,0.9064763046314485,1.0288711053100796,3.462029401184737,3.5949999999999873,6440.0,2272.0,2,4,7,372,0.9658043343762266
CS2_38,10,CS2_38_8_30_10.xlsx,7,2010-08-20 11:52:59,1.0974650888915543,0.9976955353559583,3.8752693487527954,0.5313964047549384,0.9078845059352795,1.0272266140829582,3.4485293910043695,3.5949999999999873,6415.0,2259.0,2,4,7,371,0.9630915989898737
CS2_38,11,CS2_38_8_30_10.xlsx,8,2010-08-20 15:24:38,1.0930459310092822,0.9936781190993473,3.86399370715255,0.5294803750587646,0.9064714630806415,1.0229528004650752,3.4629446910441635,3.5949999999999873,6396.0,2250.0,2,4,7,370,0.9592135222527588
CS2_38,12,CS2_38_8_30_10.xlsx,9,2010-08-20 18:55:33,1.1007197243392408,1.0006542948538553,3.866177593056126,0.5160323616467074,0.918270014361737,1.038612561414046,3.5869421591879656,3.599999999999987,6397.0,2183.0,2,4,7,371,0.9659477372754273
CS2_38,13,CS2_38_8_30_10.xlsx,10,2010-08-20 22:25:49,1.1029090075866979,1.0026445523515435,3.9024410304650665,0.49893548419067896,0.9170794444590992,1.0413970954724054,3.64050875140729,3.604999999999987,6468.0,2111.0,2,4,7,373,0.9678689649525325
CS2_38,14,CS2_38_8_30_10.xlsx,11,2010-08-21 01:56:11,1.1032418419264047,1.0029471290240042,3.9140007392984533,0.49379868701118623,0.9164968741637056,1.0414073047804742,3.6626436260222777,3.604999999999987,6490.0,2089.0,2,4,7,375,0.9681610470968044
CS2_38,15,CS2_38_8_30_10.xlsx,12,2010-08-21 05:26:33,1.1029174841701685,1.0026522583365167,3.917376276506187,0.48928372677715926,0.9167587709076023,1.041007769246776,3.6715729342036045,3.604999999999987,6497.0,2066.0,2,4,7,375,0.9678764036641703
CS2_38,16,CS2_38_8_30_10.xlsx,13,2010-08-21 08:56:38,1.1023856830539707,1.002168802776337,3.9179618663253204,0.4849938907804729,0.9175156321437821,1.040311923400073,3.660958499613665,3.604999999999987,6499.0,2050.0,2,4,7,374,0.9674097162109403
CS2_38,17,CS2_38_8_30_10.xlsx,14,2010-08-21 12:26:29,1.1020789451600788,1.001889950145526,3.9186101747285536,0.4833591861006427,0.9177495502512453,1.039674124019925,3.6766936685151634,3.604999999999987,6501.0,2035.0,2,4,7,374,0.9671405352668817
CS2_38,18,CS2_38_8_30_10.xlsx,15,2010-08-21 15:56:04,1.1014209816750622,1.0012918015227836,3.919361910170328,0.47851682663447553,0.9179825009331772,1.0384803375496772,3.678050638398845,3.604999999999987,6503.0,2019.0,2,4,7,374,0.9665631327496849
CS2_38,19,CS2_38_8_30_10.xlsx,16,2010-08-21 19:25:25,1.10085960624831,1.0007814602257363,3.9190065895500266,0.47632708348822816,0.9184661070080526,1.0379954972783085,3.6742593439586972,3.604999999999987,6503.0,2007.0,2,4,7,374,0.9660704920608313
CS2_38,20,CS2_38_8_30_10.xlsx,17,2010-08-21 22:54:30,1.1000497315835212,1.0000452105304738,3.9176799030582523,0.4757952159708913,0.9182077227844747,1.0369863576634526,3.67449543111309,3.604999999999987,6501.0,2002.0,2,4,7,374,0.9653597783499462
CS2_38,21,CS2_38_8_30_10.xlsx,18,2010-08-22 02:23:26,1.0993089330484231,0.9993717573167482,3.9149267216773396,0.47336289909661433,0.918611801250227,1.036235167410535,3.683162920242223,3.604999999999987,6497.0,1994.0,2,4,7,374,0.9647096830959664
CS2_38,22,CS2_38_8_30_10.xlsx,19,2010-08-22 05:52:10,1.0986335629346904,0.9987577844860821,3.9136681399308073,0.47280376958738374,0.9185759297888764,1.035454819931292,3.66744174336372,3.609999999999987,6495.0,1987.0,2,4,7,374,0.964117005215523
CS2_38,23,CS2_38_8_30_10.xlsx,20,2010-08-22 09:20:40,1.0980514693118657,0.9982286084653323,3.9115596328988858,0.4720002017398695,0.9189928589268912,1.0348490300723547,3.68485577791542,3.604999999999987,6492.0,1984.0,2,4,7,374,0.9636061830639645
CS2_38,24,CS2_38_8_30_10.xlsx,21,2010-08-22 12:49:02,1.097503035525456,0.997730032295869,3.911320434703671,0.4697039243158288,0.9188887186871071,1.034045471493467,3.6794800962342675,3.604999999999987,6492.0,1974.0,2,4,7,374,0.9631248994426086
CS2_38,25,CS2_38_8_30_10.xlsx,22,2010-08-22 16:17:13,1.096879269190044,0.9971629719909489,3.909822983295077,0.46775522893833554,0.9194831402124363,1.0335031427445054,3.6705333670685407,3.604999999999987,6490.0,1964.0,2,4,7,374,0.9625775069802435
CS2_38,26,CS2_38_8_30_10.xlsx,23,2010-08-22 19:45:09,1.0961192644943836,0.9964720586312578,3.9085829810084833,0.4671754265846482,0.9191110280359525,1.0325656870520628,3.6773992252715613,3.609999999999987,6488.0,1962.0,2,4,7,374,0.9619105571656279
CS2_38,27,CS2_38_8_30_10.xlsx,24,2010-08-22 23:12:59,1.0953962490697293,0.9958147718815721,3.905484684573635,0.4671727810399747,0.9192824329874844,1.0319967711609315,3.672776869758932,3.604999999999987,6483.0,1962.0,2,4,7,373,0.9612760676602461
CS2_38,28,CS2_38_8_30_10.xlsx,25,2010-08-23 02:40:41,1.080959771282437,0.9826907011658518,3.8773531268404797,0.4849451350353019,0.9061719291792397,1.0165372836735989,3.478810697046194,3.599999999999987,6438.0,2054.0,2,4,7,370,0.9486071904297294
CS2_38,29,CS2_38_8_30_10.xlsx,26,2010-08-23 06:08:24,1.0754425466937363,0.9776750424488511,3.818249401985437,0.5034723479123232,0.9089772978442039,1.0112206338155012,3.415487338756213,3.5949999999999873,6325.0,2122.0,2,4,7,365,0.9437654941380644
CS2_38,30,CS2_38_8_30_10.xlsx,27,2010-08-23 09:35:03,1.0723105583921146,0.9748277803564678,3.797333140061328,0.5052961428291147,0.9100861375131416,1.0078824505908517,3.3960358708349294,3.5949999999999873,6288.0,2135.0,2,4,7,364,0.9410169860971636
CS2_38,31,CS2_38_8_30_10.xlsx,28,2010-08-23 13:01:10,1.0697887255765117,0.972535205069556,3.7838402139416716,0.509726735757778,0.9097561526319402,1.0052159163601777,3.3709851387849152,3.5949999999999873,6264.0,2149.0,2,4,7,363,0.9388039261799527
CS2_38,32,CS2_38_8_30_10.xlsx,29,2010-08-23 16:26:56,1.0673491959751225,0.9703174508864749,3.7685777921565906,0.5137832598973225,0.9098061134485779,1.0035916804603708,3.3704477081590243,3.5949999999999873,6238.0,2168.0,2,4,7,362,0.9366630922815751
CS2_38,33,CS2_38_8_30_10.xlsx,30,2010-08-23 19:52:29,1.079708495997501,0.9815531781795462,3.792951238966741,0.4856760761584422,0.9245544431256271,1.0199911803753652,3.5725058300743555,3.604999999999987,6280.0,2045.0,2,4,7,365,0.9475091211360968
CS2_38,34,CS2_38_8_30_10.xlsx,31,2010-08-23 23:17:20,1.0818130116830176,0.9834663742572887,3.837620772185554,0.47865985926967425,0.9186480271486844,1.0215070738900205,3.6048519184275087,3.604999999999987,6363.0,2011.0,2,4,7,367,0.9493559601810733
CS2_38,35,CS2_38_8_30_10.xlsx,32,2010-08-24 02:43:07,1.0679169647924738,0.9708336043567942,3.821248728362704,0.49348731832245196,0.9039487266256558,1.0040500153828729,3.3810783971580602,3.5949999999999873,6339.0,2090.0,2,4,7,366,0.9371613435550727
CS2_38,36,CS2_38_8_30_10.xlsx,33,2010-08-24 06:09:05,1.0618750821264058,0.965340983751278,3.7654041719047484,0.5096052450878743,0.9058027282984805,0.9966894099955604,3.4982470839807625,3.5899999999999874,6233.0,2146.0,2,4,7,362,0.9318592282562164
CS2_38,37,CS2_38_8_30_10.xlsx,34,2010-08-24 09:33:52,1.0618284185388234,0.9652985623080211,3.741489964345011,0.512320511861624,0.911234774814355,0.9985629709571654,3.343574908418583,3.5949999999999873,6191.0,2156.0,2,4,7,360,0.9318182781525327
CS2_38,38,CS2_38_8_30_10.xlsx,35,2010-08-24 12:58:06,1.0601132229653984,0.9637392936049076,3.7435543111454415,0.5111143306073075,0.9094015863764786,0.9969300423396216,3.367967706485547,3.5949999999999873,6194.0,2154.0,2,4,7,360,0.9303130909132206
CS2_38,39,CS2_38_8_30_10.xlsx,36,2010-08-24 16:22:17,1.0595536604346876,0.9632306003951704,3.730792949234577,0.5174542999853909,0.9104907069288438,0.997199531021175,3.3518966722470394,3.5949999999999873,6172.0,2181.0,2,4,7,359,0.9298220411496408
CS2_38,40,CS2_38_8_30_10.xlsx,37,2010-08-24 19:46:30,1.071209802064132,0.9738270927855746,3.76065317646957,0.4879031878161794,0.9233720712169702,1.0120867447836848,3.52316658590964,3.599999999999987,6225.0,2053.0,2,4,7,362,0.9400510062379904
CS2_38,41,CS2_38_8_30_10.xlsx,38,2010-08-24 23:10:06,1.073171478373439,0.9756104348849445,3.8020410344580595,0.4808062601059052,0.9181151500753304,1.013651060169571,3.538639557920007,3.604999999999987,6301.0,2024.0,2,4,7,364,0.9417724951423336
CS2_38,42,CS2_38_8_30_10.xlsx,39,2010-08-25 02:34:36,1.0593619712392552,0.963056337490232,3.78665499553468,0.49451480267396686,0.9034992370033459,0.9961963910141566,3.3626008592289307,3.5949999999999873,6279.0,2099.0,2,4,7,363,0.9296538223556158
CS2_38,43,CS2_38_8_30_10.xlsx,40,2010-08-25 05:59:15,1.0560603258740926,0.9600548417037205,3.7279799294896887,0.5144876829088717,0.9083506690733761,0.9930971324216202,3.3518121758151325,3.5949999999999873,6168.0,2168.0,2,4,7,358,0.9267564300410742
CS2_38,44,CS2_38_8_30_10.xlsx,41,2010-08-25 09:23:01,1.0558011561676537,0.9598192328796851,3.7068426905757628,0.5239100759426457,0.9095589797544156,0.9951368044863581,3.430455729186539,3.5899999999999874,6133.0,2205.0,2,4,7,357,0.9265289930414735
CS2_38,45,CS2_38_8_30_10.xlsx,42,2010-08-25 12:46:47,1.0558151932352615,0.9598319938502377,3.7016637753624186,0.5309949729219456,0.9083351541683846,0.9932868029182014,3.226975554088787,3.5799999999999876,6122.0,2226.0,2,4,7,356,0.9265413114122576
CS2_38,46,CS2_38_8_30_10.xlsx,43,2010-08-25 16:10:43,1.0523243216087863,0.9566584741898057,3.708608560443155,0.5195917133998298,0.9073167669782777,0.9906630118518358,3.3271099453466557,3.5899999999999874,6136.0,2202.0,2,4,7,357,0.9234778616764614
CS2_38,47,CS2_38_8_30_10.xlsx,44,2010-08-25 19:34:19,1.06395970497163,0.9672360954287545,3.7153169470259715,0.5068220106784741,0.9211671870047129,1.0064617147349062,3.502103730740022,3.5949999999999873,6145.0,2129.0,2,4,7,358,0.9336886101378084
CS2_38,48,CS2_38_8_30_10.xlsx,45,2010-08-25 22:57:28,1.0663700252387187,0.9694272956715624,3.7506900207349454,0.5076613926345829,0.9154109153302145,1.009218464405348,3.5313917716239684,3.5949999999999873,6212.0,2128.0,2,4,7,361,0.9358038110891685
CS2_38,49,CS2_38_8_30_10.xlsx,46,2010-08-26 02:21:51,1.0554849225347311,0.9595317477588464,3.745906842657245,0.5145920347308081,0.9020588752140218,0.9944432517136031,3.381535403060348,3.5849999999999875,6205.0,2186.0,2,4,7,358,0.9262514790154981
CS2_38,50,CS2_38_8_30_10.xlsx,47,2010-08-26 05:46:30,1.0518560937826322,0.9562328125296656,3.6738386990533924,0.5567796873195935,0.9039111306868568,,,,6073.0,2344.0,2,4,7,354,0.9230669636074962
CS2_38,51,CS2_38_8_30_10.xlsx,48,2010-08-26 09:11:23,1.0504205838617082,0.9549278035106438,3.6512809286315595,0.5706037483617036,0.9020583902722791,,,,6033.0,2399.0,2,4,7,352,0.9218072173439454
CS2_38,52,CS2_38_8_30_10.xlsx,49,2010-08-26 12:36:25,1.0502175100038258,0.9547431909125689,3.622767330041488,0.5976551388139185,0.9027102392544738,,,,5982.0,2467.0,2,4,7,350,0.9216290078241341
CS2_38,53,CS2_38_8_30_10.xlsx,50,2010-08-26 16:01:44,1.0498268954460883,0.9543880867691711,3.6053448812716704,0.6113336403260097,0.9010840986144677,,,,5954.0,2536.0,2,4,7,349,0.921286220064589
CS2_38,54,CS2_38_9_7_10.xlsx,1,2010-08-31 13:30:16,1.093874574017694,0.9944314309251764,3.6767456891534347,0.5647020942653583,0.9377550929186508,1.020147700980383,3.2489312792812224,3.5749999999999877,6043.0,2379.0,2,4,7,357,0.9599407063135923
CS2_38,55,CS2_38_9_7_10.xlsx,2,2010-08-31 16:57:30,1.0949895335484818,0.9954450304986198,3.749173027099114,0.6342765798567106,0.905137542364339,,,,6205.0,2650.0,2,4,7,361,0.960919150337174
CS2_38,56,CS2_38_9_7_10.xlsx,3,2010-08-31 20:31:53,1.097634486012025,0.9978495327382045,3.7791286091431924,0.5996954442951777,0.90946937400904,,,,6262.0,2530.0,2,4,7,364,0.9632402551478417
CS2_38,57,CS2_38_9_7_10.xlsx,4,2010-09-01 00:05:22,1.0986338948270697,0.9987580862064269,3.777658913053081,0.6073775515625918,0.9078630554121361,,,,6260.0,2539.0,2,4,7,364,0.9641172964710405
CS2_38,58,CS2_38_9_7_10.xlsx,5,2010-09-01 03:38:55,1.0890372220550155,0.9900338382318322,3.7296107797503524,0.6469697218273065,0.8973260193754188,,,,6179.0,2693.0,2,4,7,359,0.9556956391276117
CS2_38,59,CS2_38_9_7_10.xlsx,6,2010-09-01 07:13:03,1.0842869189607578,0.9857153808734161,3.690672875625526,0.6564939643593091,0.9024707162126648,,,,6099.0,2752.0,2,4,7,357,0.9515269625573566
CS2_38,60,CS2_38_9_7_10.xlsx,7,2010-09-01 10:46:39,1.0837745175193279,0.985249561381207,3.695091125202416,0.6245218802553759,0.9055365331242476,,,,6123.0,2671.0,2,4,7,358,0.9510772994851125
CS2_38,61,CS2_38_9_7_10.xlsx,8,2010-09-01 14:19:09,1.0794254500890128,0.9812958637172843,3.6668386567404814,0.6480481667722877,0.9010696290178656,,,,6073.0,2739.0,2,4,7,356,0.947260731333676
CS2_38,62,CS2_38_9_7_10.xlsx,9,2010-09-01 17:51:43,1.079764983651966,0.9816045305926964,3.6221380602104496,0.6882585852593176,0.9005614975218673,,,,5976.0,2886.0,2,4,7,352,0.9475586924491277
CS2_38,63,CS2_38_9_7_10.xlsx,10,2010-09-01 21:25:02,1.0789338906073969,0.9808489914612698,3.636782752650857,0.6695991018595507,0.9002291644422376,,,,6004.0,2840.0,2,4,7,353,0.9468293583342613
CS2_38,64,CS2_38_9_7_10.xlsx,11,2010-09-02 00:58:00,1.0734162491354624,0.9758329537595112,3.62840385685363,0.6781179253825538,0.8957132157790081,,,,5985.0,2846.0,2,4,7,351,0.9419872962024942
CS2_38,65,CS2_38_9_7_10.xlsx,12,2010-09-02 04:30:27,1.0679682952672689,0.9708802684247898,3.5995266181467045,0.6853201250365611,0.8931919608738443,,,,5932.0,2905.0,2,4,7,348,0.9372063891328754
CS2_38,66,CS2_38_9_7_10.xlsx,13,2010-09-02 08:02:43,1.066344383537631,0.9694039850342099,3.5719524255183943,0.6978202478836172,0.8950201621507836,,,,5883.0,2939.0,2,4,7,346,0.9357813089547942
CS2_38,67,CS2_38_9_7_10.xlsx,14,2010-09-02 11:34:37,1.0629536203786767,0.9663214730715242,3.573605043955875,0.6892078470168633,0.9005408054780338,,,,5887.0,2909.0,2,4,7,347,0.9328057104181232
CS2_38,68,CS2_38_9_7_10.xlsx,15,2010-09-02 15:05:55,1.0547130610895596,0.9588300555359632,3.552168791070842,0.6936483935231254,0.8950322735293061,,,,5864.0,2794.0,2,4,7,345,0.9255741241903167
CS2_38,69,CS2_38_9_7_10.xlsx,16,2010-09-02 18:34:46,0.8970778688169467,0.8155253352881333,3.510463701015931,,,,,,5793.0,,2,,7,310,0.7872397653851149
CS2_38,70,CS2_38_9_7_10.xlsx,17,2010-09-02 21:06:58,1.062092203169886,0.9655383665180781,3.5335734647326635,0.7323051994950328,0.8941397110566097,,,,5817.0,3004.0,2,4,7,344,0.9320497650259564
CS2_38,71,CS2_38_9_7_10.xlsx,18,2010-09-03 00:38:40,1.0593638491118433,0.9630580446471302,3.5277700595561217,0.7072136058060327,0.8961863908113344,,,,5824.0,2957.0,2,4,7,345,0.9296554703017161
CS2_38,72,CS2_38_9_7_10.xlsx,19,2010-09-03 04:09:31,1.0524608330451208,0.9567825754955643,3.502705584599187,0.726184254921957,0.8901753561281011,,,,5773.0,3008.0,2,4,7,342,0.9235976586693959
CS2_38,73,CS2_38_9_7_10.xlsx,20,2010-09-03 07:39:59,1.0524468305199726,0.9567698459272477,3.4842235952454113,0.7248224248670726,0.8946794264919725,,,,5737.0,2976.0,2,4,7,341,0.923585370611697
CS2_38,74,CS2_38_9_7_10.xlsx,21,2010-09-03 11:09:20,1.0519338351458245,0.956303486496204,3.502449836136857,0.7083669656198004,0.8941367368460306,,,,5767.0,2946.0,2,4,7,342,0.9231351863277835
CS2_38,75,CS2_38_9_7_10.xlsx,22,2010-09-03 14:38:39,1.0483335814481585,0.9530305285892349,3.503626985095042,0.7033379596595989,0.8917670886814059,,,,5765.0,2931.0,2,4,7,341,0.9199757472480798
CS2_38,76,CS2_38_9_7_10.xlsx,23,2010-09-03 18:07:29,1.0544346460802458,0.9585769509820415,3.4870855923649793,0.7137989258617544,0.901448676479822,,,,5734.0,2941.0,2,4,7,341,0.9253297982803476
CS2_38,77,CS2_38_9_7_10.xlsx,24,2010-09-03 21:36:19,1.05442028455197,0.9585638950472453,3.5324492544259622,0.6833989286013243,0.8980692704936517,,,,5815.0,2834.0,2,4,7,344,0.9253171951758195
CS2_38,78,CS2_38_9_7_10.xlsx,25,2010-09-04 01:04:43,1.0532137165955824,0.957467015086893,3.5301132382119658,0.6867433854064328,0.8974209414805776,,,,5811.0,2820.0,2,4,7,343,0.9242583592509511
CS2_38,79,CS2_38_9_7_10.xlsx,26,2010-09-04 04:32:45,1.0523988123491819,0.9567261930447107,3.521375691590662,0.688921434182647,0.8977304738778693,,,,5797.0,2854.0,2,4,7,343,0.9235432317798057
CS2_38,80,CS2_38_9_7_10.xlsx,27,2010-09-04 08:01:05,1.0514651766807006,0.9558774333460914,3.526160606144186,0.6819271856160855,0.8977073907913379,,,,5805.0,2820.0,2,4,7,344,0.9227239103472307
CS2_38,81,CS2_38_9_7_10.xlsx,28,2010-09-04 11:28:54,1.0516654985687772,0.9560595441534337,3.524241833263149,0.6805558074817052,0.8988097534318858,,,,5802.0,2817.0,2,4,7,343,0.9228997048480793
CS2_38,82,CS2_38_9_7_10.xlsx,29,2010-09-04 14:56:39,1.0507074396907363,0.9551885815370329,3.5283654360573684,0.6770079999371896,0.8976726464172933,,,,5808.0,2820.0,2,4,7,343,0.9220589505807059
CS2_38,83,CS2_38_9_7_10.xlsx,30,2010-09-04 18:24:28,1.049151151485752,0.9537737740779564,3.5191002901118207,0.6827521147557185,0.8970746826803931,,,,5792.0,2819.0,2,4,7,342,0.9206932141112741
CS2_38,84,CS2_38_9_7_10.xlsx,31,2010-09-04 21:51:56,1.0482654812695564,0.9529686193359603,3.5137625323542974,0.6832250340160139,0.8971529295417109,,,,5781.0,2825.0,2,4,7,341,0.9199159852469326
CS2_38,85,CS2_38_9_7_10.xlsx,32,2010-09-05 01:19:16,1.0475165334321943,0.9522877576656311,3.4981294642837555,0.6937401949939433,0.8967992594357704,,,,5755.0,2860.0,2,4,7,340,0.9192587384902512
CS2_38,86,CS2_38_9_7_10.xlsx,33,2010-09-05 04:46:42,1.0465014563224884,0.9513649602931712,3.4976684960569573,0.6930510049430825,0.8965035356806026,,,,5754.0,2854.0,2,4,7,340,0.9183679472964538
CS2_38,87,CS2_38_9_7_10.xlsx,34,2010-09-05 08:13:58,1.0456590487404966,0.9505991352186333,3.5042139247200743,0.6812740476819444,0.8965835348558838,,,,5765.0,2830.0,2,4,7,341,0.9176286839947291
CS2_38,88,CS2_38_9_7_10.xlsx,35,2010-09-05 11:40:58,0.8883344826119881,0.8075768023745346,3.498901823141683,,,,,,5756.0,,2,,7,308,0.7795669183069226
CS2_38,89,CS2_38_9_7_10.xlsx,36,2010-09-05 14:12:08,1.0452740627998054,0.950249147999823,3.5229847047772695,0.6793095978607543,0.8931481625139155,,,,5797.0,2837.0,2,4,7,342,0.9172908356850544
CS2_38,90,CS2_38_9_7_10.xlsx,37,2010-09-05 17:39:45,1.0436747934500943,0.9487952667728129,3.4936879054909853,0.6842092478243682,0.8966654950865033,,,,5752.0,2828.0,2,4,7,341,0.9158873806769462
CS2_38,91,CS2_38_9_7_10.xlsx,38,2010-09-05 21:06:24,1.042645073243044,0.9478591574936762,3.487872425802892,0.6842506303175908,0.896298226562381,,,,5741.0,2850.0,2,4,7,340,0.9149837392848341
CS2_38,92,CS2_38_9_7_10.xlsx,39,2010-09-06 00:33:11,1.0420534046116217,0.947321276919656,3.484985695276259,0.686512003779489,0.8963533309350973,,,,5732.0,2864.0,2,4,7,339,0.9144645144875477
CS2_38,93,CS2_38_9_7_10.xlsx,40,2010-09-06 04:00:01,1.0288021550978144,0.9352746864525584,3.4484088190946234,0.7173734192966936,0.8822261147150782,,,,5672.0,2988.0,2,4,7,336,0.9028357463271351
CS2_38,94,CS2_38_9_7_10.xlsx,41,2010-09-06 07:27:10,1.027488165772894,0.9340801507026308,3.3991423617460965,0.7233604430330007,0.8902401473115383,,,,5583.0,3032.0,2,4,7,332,0.9016826416928262
CS2_38,95,CS2_38_9_7_10.xlsx,42,2010-09-06 10:53:31,1.0262558470826022,0.9329598609841837,3.3958382446368804,0.7218099311879831,0.8900710829311512,,,,5578.0,3036.0,2,4,7,332,0.9006012079507315
CS2_38,96,CS2_38_9_7_10.xlsx,43,2010-09-06 14:19:48,0.06416436724076391,0.058331242946149005,3.389990739142541,0.7228339900054495,0.060383377834445244,,,,5568.0,3028.0,2,4,7,223,0.056308090042750475
CS2_38,97,CS2_38_9_14_10.xlsx,1,2010-09-07 10:44:17,1.0414573761049901,0.9467794328227183,,0.3318302146915545,,,,,,1910.0,,4,7,142,0.9139414636376341
CS2_38,98,CS2_38_9_14_10.xlsx,2,2010-09-07 12:19:08,1.038267217665553,0.9438792887868662,3.5061275719647615,0.650033160291162,0.9016974668433959,,,,5794.0,2667.0,2,4,7,342,0.9111419078034054
CS2_38,99,CS2_38_9_14_10.xlsx,3,2010-09-07 15:43:47,1.0391244021074089,0.9446585473703716,3.481537422342833,0.681005624559016,0.8973572481845232,,,,5739.0,2764.0,2,4,7,340,0.9118941386880982
CS2_38,100,CS2_38_9_14_10.xlsx,4,2010-09-07 19:09:00,1.047984047091436,0.9527127700831236,3.4757907147094507,0.6832492473721542,0.9055628829426904,,,,5724.0,2798.0,2,4,7,339,0.9196690098348127
CS2_38,101,CS2_38_9_14_10.xlsx,5,2010-09-07 22:34:55,1.0487055178506468,0.9533686525914971,3.504004984160463,0.6807270194961617,0.9006773672698515,,,,5774.0,2784.0,2,4,7,341,0.920302143803397
CS2_38,102,CS2_38_9_14_10.xlsx,6,2010-09-08 02:01:28,1.0410095382430402,0.9463723074936728,3.5032524486234324,0.6802969015141326,0.8917508006999051,,,,5774.0,2774.0,2,4,7,341,0.9135484589881748
CS2_38,103,CS2_38_9_14_10.xlsx,7,2010-09-08 05:27:27,1.0379241872135712,0.9435674429214282,3.45223711327969,0.7081162849582954,0.8927506575185614,,,,5679.0,2923.0,2,4,7,337,0.910840877957586
CS2_38,104,CS2_38_9_14_10.xlsx,8,2010-09-08 08:54:08,1.0369052026459888,0.9426410933145353,3.451591395137153,0.7017112339951407,0.8934531147569427,,,,5676.0,2902.0,2,4,7,337,0.9099466577345717
CS2_38,105,CS2_38_9_14_10.xlsx,9,2010-09-08 12:20:22,1.0358574111528345,0.9416885555934859,3.460015742860869,0.6917198149050101,0.8954579673499127,,,,5691.0,2882.0,2,4,7,337,0.9090271577023937
CS2_38,106,CS2_38_9_14_10.xlsx,10,2010-09-08 15:46:29,1.0334995181435698,0.9395450164941542,3.4236863163489275,0.7115838149591075,0.8948751181280121,,,,5640.0,2956.0,2,4,7,335,0.9069579648218864
CS2_38,107,CS2_38_9_14_10.xlsx,11,2010-09-08 19:12:50,1.0430055770869533,0.9481868882608665,3.4480426638292476,0.6882966117776875,0.9059737125675595,,,,5671.0,2831.0,2,4,7,337,0.9153001030826323
CS2_38,108,CS2_38_9_14_10.xlsx,12,2010-09-08 22:38:11,1.0437592707485202,0.9488720643168365,3.4974093605274765,0.6668846666515312,0.9020048847595391,,,,5764.0,2748.0,2,4,7,341,0.9159615145853892
CS2_38,109,CS2_38_9_14_10.xlsx,13,2010-09-09 02:03:43,1.0344566146304022,0.9404151042094564,3.502124830986616,0.6573163507005692,0.8920175070432347,,,,5774.0,2699.0,2,4,7,340,0.9077978745331119
CS2_38,110,CS2_38_9_14_10.xlsx,14,2010-09-09 05:28:05,1.0308896065434574,0.9371723695849612,3.4383030363289517,0.6936587944489728,0.893659273391607,,,,5657.0,2886.0,2,4,7,335,0.90466761047566
CS2_38,111,CS2_38_9_14_10.xlsx,15,2010-09-09 08:53:24,1.0276332735579938,0.9342120668709034,3.431741637218959,0.6912475462017325,0.892269081982845,,,,5643.0,2852.0,2,4,7,334,0.9018099824986452
CS2_38,112,CS2_38_9_14_10.xlsx,16,2010-09-09 12:17:45,1.0278685639370515,0.9344259672155013,3.430238616147495,0.6813982009503429,0.8952410609704372,,,,5638.0,2838.0,2,4,7,334,0.9020164639527591
CS2_38,113,CS2_38_9_14_10.xlsx,17,2010-09-09 15:41:47,1.0239179304491017,0.930834482226456,3.410996035226583,0.6994843173980624,0.8903305679306075,,,,5607.0,2894.0,2,4,7,333,0.8985495455410077
CS2_38,114,CS2_38_9_14_10.xlsx,18,2010-09-09 19:06:01,1.03618382615387,0.9419852965035181,3.423960339795545,0.6804047223945797,0.9082056946491208,,,,5626.0,2790.0,2,4,7,335,0.9093136064910282
CS2_38,115,CS2_38_9_14_10.xlsx,19,2010-09-09 22:29:34,1.036928192986064,0.9426619936236945,3.4778139113260083,0.6640851352309813,0.9012582868635282,,,,5728.0,2731.0,2,4,7,338,0.9099668331402484
CS2_38,116,CS2_38_9_14_10.xlsx,20,2010-09-10 01:53:53,1.0273870358688804,0.9339882144262548,3.4918127454509076,0.6468769841471297,0.8918709956114756,,,,5754.0,2648.0,2,4,7,338,0.9015938941217663
CS2_38,117,CS2_38_9_14_10.xlsx,21,2010-09-10 05:16:46,1.0238439028884798,0.9307671844440725,3.4111334429822415,0.6973536875716067,0.8937223735875038,,,,5611.0,2878.0,2,4,7,334,0.898484581905763
CS2_38,118,CS2_38_9_14_10.xlsx,22,2010-09-10 08:40:49,1.0233862422442819,0.9303511293129835,3.401235063744603,0.6965999809708135,0.8950935808686169,,,,5592.0,2881.0,2,4,7,334,0.8980829571743006
CS2_38,119,CS2_38_9_14_10.xlsx,23,2010-09-10 12:04:35,1.021573243628744,0.9287029487534035,3.4230554479018793,0.6765306395912818,0.8963632750491193,,,,5625.0,2750.0,2,4,7,334,0.896491941885269
CS2_38,120,CS2_38_9_14_10.xlsx,24,2010-09-10 15:26:46,1.012388967824073,0.9203536071127936,3.526094007586883,0.5732251557204617,0.8934188122666187,,,,5794.0,2415.0,2,4,7,341,0.8884321876754852
CS2_38,121,CS2_38_9_14_10.xlsx,25,2010-09-10 18:46:01,0.878267619796425,0.7984251089058408,3.431029803239837,,,,,,5653.0,,2,,7,304,0.7707326409308243
CS2_38,122,CS2_38_9_14_10.xlsx,26,2010-09-10 21:15:05,1.0280377022866354,0.9345797293514866,3.479419887317228,0.6558102888148893,0.8982991970826776,,,,5734.0,2696.0,2,4,7,339,0.9021648930237155
CS2_38,123,CS2_38_9_14_10.xlsx,27,2010-09-11 00:38:38,1.030664851509698,0.9369680468269982,3.4573026442895443,0.6609227258199738,0.9018961958539958,,,,5701.0,2718.0,2,4,7,336,0.9044703744204677
CS2_38,124,CS2_38_9_14_10.xlsx,28,2010-09-11 04:02:00,1.0344409807269983,0.9404008915699984,3.461739898894937,0.660582003516846,0.9044083023018368,,,,5706.0,2734.0,2,4,7,338,0.9077841548429094
CS2_38,125,CS2_38_9_14_10.xlsx,29,2010-09-11 07:25:52,1.0354807585172274,0.9413461441065704,3.4626839477300306,0.6705179749547374,0.9031368114392785,,,,5708.0,2760.0,2,4,7,338,0.9086966223689583
CS2_38,126,CS2_38_9_14_10.xlsx,30,2010-09-11 10:50:17,1.036622662658015,0.9423842387800136,3.4731635867883113,0.6622450067110139,0.9031746899856677,,,,5727.0,2736.0,2,4,7,338,0.9096987119078201
CS2_38,127,CS2_38_9_14_10.xlsx,31,2010-09-11 14:14:38,1.0372977603922742,0.9429979639929764,3.481120672562748,0.6583479493587198,0.9027751360834857,,,,5739.0,2719.0,2,4,7,339,0.910291150758899
CS2_38,128,CS2_38_9_14_10.xlsx,32,2010-09-11 17:38:56,1.038122319398358,0.9437475630894162,3.480729649452297,0.6616693988560335,0.9035163953758678,,,,5738.0,2716.0,2,4,7,339,0.9110147508621449
CS2_38,129,CS2_38_9_14_10.xlsx,33,2010-09-11 21:03:15,1.0382925843440205,0.9439023494036549,3.4932463671783274,0.6520479866334851,0.9024031832551357,,,,5760.0,2696.0,2,4,7,339,0.9111641685888953
CS2_38,130,CS2_38_9_14_10.xlsx,34,2010-09-12 00:27:35,1.0387369923061058,0.9443063566419143,3.48679935146881,0.6568185403939729,0.9028018163271639,,,,5749.0,2705.0,2,4,7,339,0.9115541632950056
CS2_38,131,CS2_38_9_14_10.xlsx,35,2010-09-12 03:51:54,1.039256744807311,0.9447788589157371,3.4815654235858187,0.6636506605158711,0.9022994116812795,,,,5740.0,2738.0,2,4,7,339,0.912010277364174
CS2_38,132,CS2_38_9_14_10.xlsx,36,2010-09-12 07:16:36,1.03944991112958,0.9449544646632545,3.487192381413841,0.6574062071923336,0.9029001359609011,,,,5750.0,2737.0,2,4,7,339,0.9121797924258085
CS2_38,133,CS2_38_9_14_10.xlsx,37,2010-09-12 10:41:31,1.0396858072820692,0.9451689157109718,3.4920252535394147,0.6531580923054656,0.9022576428536355,,,,5758.0,2729.0,2,4,7,339,0.9123868054825297
CS2_38,134,CS2_38_9_14_10.xlsx,38,2010-09-12 14:06:24,1.039797922934433,0.9452708390313026,3.501998233416369,0.6441833952739662,0.9028537268530296,,,,5775.0,2712.0,2,4,7,340,0.9124851937082691
CS2_38,135,CS2_38_9_14_10.xlsx,39,2010-09-12 17:31:19,1.0396452886431788,0.945132080584708,3.500736855204074,0.6462072947186074,0.9023749348507153,,,,5773.0,2718.0,2,4,7,340,0.9123512479407795
CS2_38,136,CS2_38_9_14_10.xlsx,40,2010-09-12 20:56:16,1.039828146292244,0.9452983148111309,3.496910593194924,0.6501641367207248,0.9020497189180805,,,,5766.0,2720.0,2,4,7,340,0.9125117165218836
CS2_38,137,CS2_38_9_14_10.xlsx,41,2010-09-13 00:21:10,1.0398178879061817,0.9452889890056196,3.4854312288126574,0.6627446792519902,0.9020462676220043,,,,5746.0,2768.0,2,4,7,339,0.9125027141713433
CS2_38,138,CS2_38_9_14_10.xlsx,42,2010-09-13 03:46:31,1.0221576662675886,0.9292342420614441,3.433167747046858,0.7086708827614915,0.8826087361416329,,,,5656.0,2946.0,2,4,7,334,0.8970048078884139
CS2_38,139,CS2_38_9_14_10.xlsx,43,2010-09-13 07:12:22,1.0216353722980642,0.9287594293618765,3.3800201291806955,0.7137885497709182,0.8935298306758531,,,,5554.0,2948.0,2,4,7,331,0.8965464635279932
CS2_38,140,CS2_38_9_14_10.xlsx,44,2010-09-13 10:36:31,1.0197247376090317,0.9270224887354833,3.3723219134341385,0.7153688996867956,0.8917740528919105,,,,5543.0,2979.0,2,4,7,330,0.8948697667142437
CS2_38,141,CS2_38_9_14_10.xlsx,45,2010-09-13 14:00:54,1.00974312469247,0.9179482951749727,3.4343061756467037,0.6639900171277587,0.8885179023394372,,,,5630.0,2684.0,2,4,7,333,0.8861103012500449
CS2_38,142,CS2_38_9_14_10.xlsx,46,2010-09-13 17:21:45,1.0239772939672207,0.9308884490611097,3.3533018110975625,0.7127078937025562,0.9051634664143564,,,,5520.0,2924.0,2,4,7,330,0.8986016405973021
CS2_38,143,CS2_38_9_14_10.xlsx,47,2010-09-13 20:45:09,1.030505995767804,0.9368236325161854,3.4108775172251122,0.6897348657016037,0.9050764267948751,,,,5624.0,2832.0,2,4,7,334,0.9043309689559859
CS2_38,144,CS2_38_9_14_10.xlsx,48,2010-09-14 00:09:03,1.0319518447837694,0.9381380407125176,3.440463285936316,0.6749594853626707,0.9026203863112174,,,,5673.0,2796.0,2,4,7,337,0.9055997883970586
CS2_38,145,CS2_38_9_14_10.xlsx,49,2010-09-14 03:33:13,1.0154330369062805,0.9231209426420731,3.400726206512253,0.708124582172741,0.8833841597502591,,,,5609.0,2966.0,2,4,7,332,0.8911035413153353
CS2_38,146,CS2_38_9_14_10.xlsx,50,2010-09-14 06:58:15,1.0191194450958534,0.9264722228144121,3.3466626388709404,0.7108764068043794,0.8992041365666044,,,,5505.0,2977.0,2,4,7,329,0.8943385861416003
CS2_38,147,CS2_38_9_21_10.xlsx,1,2010-09-14 13:57:43,1.012351796198985,0.9203198147263499,3.5362966612153937,0.5520297318878189,0.900774096235271,0.9432815709180274,3.075287708263307,3.569999999999988,5807.0,2337.0,2,4,7,342,0.8883995673395807
CS2_38,148,CS2_38_9_21_10.xlsx,2,2010-09-14 17:15:53,1.0155615190479308,0.923237744589028,3.5052459017579034,0.5621344820118186,0.908450148947004,0.9548554145154599,3.329999004962285,3.5749999999999877,5785.0,2376.0,2,4,7,342,0.8912162921194348
CS2_38,149,CS2_38_9_21_10.xlsx,3,2010-09-14 20:34:30,1.022019088893333,0.9291082626303026,3.556749265030812,0.5260576570080295,0.9133667033874374,0.9607472896931583,3.1853640407203745,3.5799999999999876,5876.0,2217.0,2,4,7,345,0.896883197910742
CS2_38,150,CS2_38_9_21_10.xlsx,4,2010-09-14 23:52:21,1.022746326257769,0.9297693875070626,3.5766522978304804,0.5209112373037192,0.9109666042319357,0.9615434252018903,3.2003752560339955,3.5799999999999876,5912.0,2198.0,2,4,7,346,0.8975213924221204
CS2_38,151,CS2_38_9_21_10.xlsx,5,2010-09-15 03:10:31,1.0078123967177266,0.9161930879252059,3.537500767489236,0.55425958284415,0.8940560354006469,0.9368939534392338,2.988542653841805,3.559999999999988,5848.0,2347.0,2,4,7,342,0.8844159713700045
CS2_38,152,CS2_38_9_21_10.xlsx,6,2010-09-15 06:29:18,1.0063722837943363,0.9148838943584875,3.479701949936296,0.5699051853915078,0.9008946075638864,,,,5738.0,2405.0,2,4,7,339,0.8831521856950408
CS2_38,153,CS2_38_9_21_10.xlsx,7,2010-09-15 09:47:09,1.0086198317736512,0.9169271197942284,3.4749938970429795,0.569209909567571,0.9052998579194549,0.9408478959446868,3.1133981710707355,3.559999999999988,5729.0,2385.0,2,4,7,338,0.8851245441774332
CS2_38,154,CS2_38_9_21_10.xlsx,8,2010-09-15 13:04:37,1.0044532624509088,0.9131393295008261,3.520339634163541,0.5312081864081972,0.9029373633493606,0.9336686769521095,2.8272156542113285,3.5849999999999875,5803.0,2257.0,2,4,7,342,0.8814681290878243
CS2_38,155,CS2_38_9_21_10.xlsx,9,2010-09-15 16:20:56,1.0027928159496895,0.9116298326815359,3.48167658592335,0.5454113238933473,0.9061292782681131,0.9338473435220412,2.9539474078504067,3.5749999999999877,5747.0,2319.0,2,4,7,339,0.8800109874510806
CS2_38,156,CS2_38_9_21_10.xlsx,10,2010-09-15 19:37:17,1.015892361436375,0.9235385103967045,3.517439110284696,0.509577902772308,0.9222188081904543,0.9560936671211787,3.1885355328014855,3.5899999999999874,5807.0,2159.0,2,4,7,343,0.8915066262067106
CS2_38,157,CS2_38_9_21_10.xlsx,11,2010-09-15 22:52:43,1.0173786005573895,0.924889636870354,3.565391838833941,0.5010438142881094,0.9152873816183138,0.9572058039506481,3.185880934867681,3.5899999999999874,5897.0,2119.0,2,4,7,346,0.8928108903933598
CS2_38,158,CS2_38_9_21_10.xlsx,12,2010-09-16 02:09:01,1.0052030851222558,0.9138209864747779,3.5719619652718904,0.4913583466638618,0.9009685806379,0.9364006806165364,2.9990196845141455,3.5749999999999877,5909.0,2081.0,2,4,7,345,0.8821261435639255
CS2_38,159,CS2_38_9_21_10.xlsx,13,2010-09-16 05:24:16,1.0021391055419961,0.9110355504927237,3.4823163654086824,0.5453484840139394,0.9052614192464615,0.9338407881969895,2.970026364751307,3.5749999999999877,5749.0,2309.0,2,4,7,339,0.8794373172649451
CS2_38,160,CS2_38_9_21_10.xlsx,14,2010-09-16 08:40:27,1.004584744149776,0.913258858317978,3.48598655953708,0.5344768930949478,0.9102730431798249,0.939798932979913,3.032783768681367,3.5749999999999877,5754.0,2262.0,2,4,7,340,0.8815835121837255
CS2_38,161,CS2_38_9_21_10.xlsx,15,2010-09-16 11:56:03,1.0030662766793927,0.9118784333449024,3.4954178429550775,0.5325819200810494,0.9071405775684988,0.9373363402880511,3.0092181753532317,3.5799999999999876,5771.0,2263.0,2,4,7,340,0.8802509656828227
CS2_38,162,CS2_38_9_21_10.xlsx,16,2010-09-16 15:11:53,0.9963700458986349,0.9057909508169407,3.4891695058118324,0.5325750530911731,0.9007947657026898,0.9230421345226529,2.896020179886389,3.569999999999988,5761.0,2258.0,2,4,7,339,0.8743746205716002
CS2_38,163,CS2_38_9_21_10.xlsx,17,2010-09-16 18:27:05,1.0091201527480003,0.9173819570436366,3.452670103062526,0.5495664256651961,0.9209561093952408,0.9495540845060861,3.1443950886742016,3.5849999999999875,5697.0,2304.0,2,4,7,338,0.8855636059134933
CS2_38,164,CS2_38_9_21_10.xlsx,18,2010-09-16 21:42:41,1.012848514458888,0.9207713767808071,3.5400821207170523,0.5035699258144949,0.9160813901455479,0.9529102202155956,3.170512625392475,3.5899999999999874,5854.0,2133.0,2,4,7,345,0.8888354674771063
CS2_38,165,CS2_38_9_21_10.xlsx,19,2010-09-17 00:58:15,1.0098776428470693,0.9180705844064265,3.5564378848514004,0.49614794669101797,0.9118057587316781,0.9453416789011898,3.19813653779565,3.5899999999999874,5884.0,2106.0,2,4,7,345,0.8862283490184135
CS2_38,166,CS2_38_9_21_10.xlsx,20,2010-09-17 04:13:43,0.9956094381322877,0.9050994892111706,3.5019422626923253,0.5360318745891366,0.8962644803337283,0.922170473271848,2.8901861717232142,3.569999999999988,5786.0,2271.0,2,4,7,340,0.8737071415261981
CS2_38,167,CS2_38_9_21_10.xlsx,21,2010-09-17 07:29:31,0.996178476833439,0.905616797121308,3.4549259858970234,0.5397743024939544,0.9068126262542584,0.9253376979516601,2.944029441119718,3.569999999999988,5702.0,2295.0,2,4,7,337,0.8742065071990801
CS2_38,168,CS2_38_9_21_10.xlsx,22,2010-09-17 10:44:21,0.9967010177599676,0.9060918343272432,3.459882262982045,0.5359964036609008,0.9072367569286055,0.9262194128081782,2.931973659948979,3.569999999999988,5711.0,2273.0,2,4,7,338,0.8746650682791199
CS2_38,169,CS2_38_9_21_10.xlsx,23,2010-09-17 13:59:00,0.9961539478508428,0.9055944980462206,3.4572668672530362,0.5383648961460082,0.9070544048724645,0.9250347435948667,2.8469448809269546,3.569999999999988,5706.0,2283.0,2,4,7,338,0.8741849815420827
CS2_38,170,CS2_38_9_21_10.xlsx,24,2010-09-17 17:13:42,1.0003577488336504,0.9094161353033184,3.450012651965634,0.5461482272269297,0.9114835309538619,0.9390400267520828,3.3687080312688353,3.5799999999999876,5692.0,2315.0,2,4,7,337,0.8778740696518981
CS2_38,171,CS2_38_9_21_10.xlsx,25,2010-09-17 20:28:55,1.0085682902528355,0.916880263866214,3.5073043800512713,0.5072490031602039,0.9182686961230487,0.9479325196949235,3.1359343343515316,3.5899999999999874,5795.0,2152.0,2,4,7,342,0.8850793133940587
CS2_38,172,CS2_38_9_21_10.xlsx,26,2010-09-17 23:43:37,1.0100253813209612,0.9182048921099647,3.5360174273648184,0.5019654420771313,0.9148560542251272,0.9493806229889801,3.142057447294089,3.5899999999999874,5847.0,2126.0,2,4,7,343,0.886357998411814
CS2_38,173,CS2_38_9_21_10.xlsx,27,2010-09-18 02:58:48,1.0110141554721217,0.9191037777019287,3.542605883400436,0.4976161530019222,0.91583179671674,0.9506280549726605,3.1643996659861737,3.5899999999999874,5859.0,2105.0,2,4,7,345,0.8872257071780607
CS2_38,174,CS2_38_9_21_10.xlsx,28,2010-09-18 06:13:54,1.011503053553021,0.9195482305027463,3.5481021546148286,0.4943406123097156,0.9158484820788498,0.9510350527063492,3.164320551321765,3.5899999999999874,5869.0,2095.0,2,4,7,345,0.8876547446383338
CS2_38,175,CS2_38_9_21_10.xlsx,29,2010-09-18 09:29:02,1.0119369932538156,0.9199427211398323,3.551299093279608,0.49309311429903496,0.9161392663851173,0.951275666605242,3.1683669182849603,3.5899999999999874,5875.0,2085.0,2,4,7,345,0.8880355528157726
CS2_38,176,CS2_38_9_21_10.xlsx,30,2010-09-18 12:44:06,0.8998927850680261,0.8180843500618418,3.556172321960393,,,,,,5884.0,,2,,7,313,0.7897100236381703
CS2_38,177,CS2_38_9_21_10.xlsx,31,2010-09-18 15:18:28,1.0128524629196534,0.9207749662905939,3.5683325062743814,0.49186907414270803,0.9137615884833233,0.9519171469667684,3.1752491015074056,3.5899999999999874,5905.0,2089.0,2,4,7,346,0.8888389324888234
CS2_38,178,CS2_38_9_21_10.xlsx,32,2010-09-18 18:34:09,1.0132373732790931,0.9211248847991755,3.5620973646878915,0.48633461999178096,0.9168800895409444,0.9520325457604664,3.1602634453320575,3.5949999999999873,5895.0,2054.0,2,4,7,346,0.8891767144714057
CS2_38,179,CS2_38_9_21_10.xlsx,33,2010-09-18 21:49:07,1.0132924904635487,0.9211749913304987,3.5628913789397068,0.4859593170621939,0.916779994143013,0.9518626443681913,3.176034977770171,3.5949999999999873,5897.0,2060.0,2,4,7,346,0.8892250831146058
CS2_38,180,CS2_38_9_21_10.xlsx,34,2010-09-19 01:04:14,1.0133722920275545,0.9212475382068677,3.5642535368227914,0.4851035997594953,0.9170237142288742,0.9518488545143973,3.1822744396395444,3.5949999999999873,5899.0,2058.0,2,4,7,346,0.8892951137849735
CS2_38,181,CS2_38_9_21_10.xlsx,35,2010-09-19 04:19:20,1.013356980947485,0.921233619043168,3.564767757911026,0.48433333630456155,0.9168805080668695,0.9516676138496045,3.1820534657023183,3.5949999999999873,5900.0,2054.0,2,4,7,346,0.8892816773916561
CS2_38,182,CS2_38_9_21_10.xlsx,36,2010-09-19 07:34:24,1.0135603495499907,0.9214184995909006,3.5646937086321886,0.4841681444075081,0.9172797200344655,0.9517753535597778,3.173357190450555,3.5949999999999873,5900.0,2054.0,2,4,7,346,0.8894601455675955
CS2_38,183,CS2_38_9_21_10.xlsx,37,2010-09-19 10:49:28,1.0138592584883455,0.9216902349894049,3.566266264785944,0.4830319682910656,0.9174736279487488,0.9520759314124553,3.1718021645525627,3.5949999999999873,5903.0,2048.0,2,4,7,346,0.8897224561324656
CS2_38,184,CS2_38_9_21_10.xlsx,38,2010-09-19 14:04:30,1.0145602959731832,0.9223275417938028,3.5679137554187026,0.4828540869513261,0.9178979803462098,0.9527330641452204,3.196967907685423,3.5949999999999873,5906.0,2042.0,2,4,7,346,0.8903376586742668
CS2_38,185,CS2_38_9_21_10.xlsx,39,2010-09-19 17:19:31,1.0150351883747533,0.9227592621588665,3.5724723993917875,0.4801688554988551,0.9181084457401337,0.9531139720156249,3.2020986131059543,3.5949999999999873,5914.0,2034.0,2,4,7,347,0.8907544053088575
CS2_38,186,CS2_38_9_21_10.xlsx,40,2010-09-19 20:34:35,1.0165421145821725,0.9241291950747021,3.579174126333637,0.4756694130892724,0.9195737983341679,0.9541721129876028,3.2109291085473797,3.5949999999999873,5926.0,2017.0,2,4,7,347,0.8920768236576079
CS2_38,187,CS2_38_9_21_10.xlsx,41,2010-09-19 23:49:38,1.016887768685784,0.9244434260779854,3.586238727160155,0.47320399263845087,0.9185711377801188,0.9540560744902129,3.2052986022627534,3.5949999999999873,5939.0,2006.0,2,4,7,347,0.8923801559154757
CS2_38,188,CS2_38_9_21_10.xlsx,42,2010-09-20 03:04:44,1.0013731812826023,0.9103392557114566,3.544787745156148,0.5071158973952963,0.9014719126964769,0.93269263005612,2.9606033105043137,3.5799999999999876,5871.0,2157.0,2,4,7,343,0.8787651726772482
CS2_38,189,CS2_38_9_21_10.xlsx,43,2010-09-20 06:20:22,0.9995908783728922,0.9087189803389928,3.4844146897507127,0.5241077144896843,0.9092033269655986,0.9322729580480836,2.973806966109124,3.5749999999999877,5755.0,2224.0,2,4,7,339,0.877201094715615
CS2_38,190,CS2_38_9_21_10.xlsx,44,2010-09-20 09:35:06,0.9990848788107272,0.9082589807370246,3.4780397944952104,0.5265050970695928,0.9094687945807668,0.9316249431603512,2.9878932193416388,3.5749999999999877,5745.0,2228.0,2,4,7,339,0.8767570496773297
CS2_38,191,CS2_38_9_21_10.xlsx,45,2010-09-20 12:49:41,0.9988850757089835,0.9080773415536213,3.476157493046641,0.5281172427731178,0.9092664288020806,0.9328033190963776,2.9742242076243954,3.5749999999999877,5741.0,2234.0,2,4,7,339,0.8765817104426796
CS2_38,192,CS2_38_9_21_10.xlsx,46,2010-09-20 16:04:18,0.9950318859361644,0.9045744417601495,3.4667019962709533,0.5345199553915189,0.9050590341636191,0.926173188176501,2.942584823178647,3.569999999999988,5725.0,2258.0,2,4,7,338,0.8732003047496166
CS2_38,193,CS2_38_9_21_10.xlsx,47,2010-09-20 19:18:51,1.0075555728792338,0.9159596117083944,3.4874289261020315,0.5104069905334632,0.9220743112879879,0.9474213063707957,3.163354785058082,3.5899999999999874,5756.0,2155.0,2,4,7,340,0.8841905930105685
CS2_38,194,CS2_38_9_21_10.xlsx,48,2010-09-20 22:32:53,1.0092979735043883,0.9175436122767165,3.5368145693682678,0.49652387784500707,0.9160590656279596,0.9484299732211697,3.1568209037326054,3.5899999999999874,5850.0,2102.0,2,4,7,343,0.8857196543184374
CS2_38,195,CS2_38_9_21_10.xlsx,49,2010-09-21 01:47:41,0.9995732274891438,0.9087029340810397,3.5467451019557097,0.4890022578232493,0.9036295694950548,0.9279291789160783,2.929988906289767,3.5749999999999877,5868.0,2070.0,2,4,7,343,0.8771856050038922
CS2_38,196,CS2_38_9_21_10.xlsx,50,2010-09-21 05:01:44,0.9945382472801114,0.9041256793455558,3.4561897104572945,0.5414254109336768,0.9057632113095394,0.9262997230512819,2.9518276225068494,3.5749999999999877,5706.0,2304.0,2,4,7,337,0.872767107149626
CS2_38,197,CS2_38_9_28_10.xlsx,1,2010-09-21 15:48:03,1.000627161108464,0.909661055553149,3.446033303789814,0.5469720435541336,0.9116847010196231,0.930086177575711,2.971111963349168,3.569999999999988,5677.0,2335.0,2,4,7,337,0.8781104951210672
CS2_38,198,CS2_38_9_28_10.xlsx,2,2010-09-21 19:03:23,1.011861186955762,0.91987380632342,3.5032585622619568,0.5203619230966644,0.919499551511953,0.9506713094278908,3.1689342064046175,3.5849999999999875,5781.0,2198.0,2,4,7,342,0.8879690282314876
CS2_38,199,CS2_38_9_28_10.xlsx,3,2010-09-21 22:18:46,1.0137378410908697,0.9215798555371543,3.5501133310632516,0.502716015419123,0.9153769161849281,0.9528512356726158,3.184847361181632,3.5899999999999874,5871.0,2129.0,2,4,7,345,0.8896159050661367
CS2_38,200,CS2_38_9_28_10.xlsx,4,2010-09-22 01:34:36,1.0045833422522819,0.9132575838657107,3.5590040452382334,0.4975145266941845,0.9037888311828142,0.9310972019052155,2.9146153663885466,3.5749999999999877,5888.0,2113.0,2,4,7,345,0.8815822819343875
CS2_38,201,CS2_38_9_28_10.xlsx,5,2010-09-22 04:49:58,0.9992165684614198,0.9083786986012907,3.478985860811603,0.5399305971839333,0.9050178391382326,0.9302914683389312,2.938818225992286,3.569999999999988,5745.0,2290.0,2,4,7,339,0.8768726152634606
CS2_38,202,CS2_38_9_28_10.xlsx,6,2010-09-22 08:05:35,1.0010093165407206,0.9100084695824732,3.475471711331602,0.5342733419112127,0.9094069481564092,0.9325013882910096,2.9515638835837374,3.5749999999999877,5737.0,2262.0,2,4,7,339,0.8784458594894101
CS2_38,203,CS2_38_9_28_10.xlsx,7,2010-09-22 11:20:42,1.0018635603221435,0.9107850548383122,3.4807143116359747,0.5324464001182169,0.9101544658776023,0.9348489067673874,3.033485919894539,3.5749999999999877,5749.0,2258.0,2,4,7,339,0.8791955097677701
CS2_38,204,CS2_38_9_28_10.xlsx,8,2010-09-22 14:36:02,0.9997226180472225,0.9088387436792931,3.4846778518862336,0.5318143025732861,0.9062832445417279,0.9307735953470386,2.9541977807176676,3.5749999999999877,5755.0,2254.0,2,4,7,339,0.8773167042004957
CS2_38,205,CS2_38_9_28_10.xlsx,9,2010-09-22 17:51:16,1.0064685812392735,0.9149714374902486,3.4749346771286547,0.5344091272182916,0.9165126219049914,0.9459924713630773,3.144404578899163,3.5849999999999875,5738.0,2273.0,2,4,7,340,0.8832366924927166
CS2_38,206,CS2_38_9_28_10.xlsx,10,2010-09-22 21:06:54,1.011008155271501,0.9190983229740917,3.5330884568655376,0.5017870481426493,0.916832686824874,0.949353470845506,3.161243619312238,3.5849999999999875,5842.0,2121.0,2,4,7,343,0.8872204416412627
CS2_38,207,CS2_38_9_28_10.xlsx,11,2010-09-23 00:21:59,1.0128705309634611,0.9207913917849646,3.551134347153364,0.4949353707552603,0.9165408076609582,0.9517052358256125,3.189318690306288,3.5899999999999874,5875.0,2093.0,2,4,7,345,0.8888547882835796
CS2_38,208,CS2_38_9_28_10.xlsx,12,2010-09-23 03:37:15,0.9989594515290072,0.9081449559354611,3.5174134918327136,0.5283425732092117,0.8990751523493777,0.9288431585610025,2.954972828228671,3.569999999999988,5819.0,2240.0,2,4,7,341,0.8766469796964881
CS2_38,209,CS2_38_9_28_10.xlsx,13,2010-09-23 06:53:16,0.9994072077347287,0.9085520070315715,3.4743567043913988,0.5302926726732683,0.909152421263468,0.9313926527815627,2.9680337404889587,3.569999999999988,5736.0,2248.0,2,4,7,339,0.8770399126876974
CS2_38,210,CS2_38_9_28_10.xlsx,14,2010-09-23 10:08:05,0.8803507006986777,0.8003188188169796,3.482631840504489,,,,,,5751.0,,2,,7,307,0.7725606696647516
CS2_38,211,CS2_38_9_28_10.xlsx,15,2010-09-23 12:39:10,0.9985837283913117,0.907803389446647,3.4906778500177786,0.5368702344230528,0.9029160613352873,0.9295724452852115,3.0040318246040894,3.569999999999988,5765.0,2279.0,2,4,7,340,0.8763172600533548
CS2_38,212,CS2_38_9_28_10.xlsx,16,2010-09-23 15:54:55,0.9977845963948528,0.9070769058135025,3.4742081154919724,0.5289009072841719,0.9079347972105029,0.9287939208541435,2.950504227505831,3.569999999999988,5737.0,2240.0,2,4,7,339,0.8756159736798165
CS2_38,213,CS2_38_9_28_10.xlsx,17,2010-09-23 19:09:30,1.0095745317072407,0.9177950288247642,3.4975608211368034,0.5083443324647835,0.9221778496623313,0.9486558608616619,3.173545876897289,3.5899999999999874,5774.0,2145.0,2,4,7,341,0.8859623507690988
CS2_38,214,CS2_38_9_28_10.xlsx,18,2010-09-23 22:23:47,1.0124961224453202,0.9204510204048364,3.5501650480639535,0.49017372894400235,0.917948342921004,0.9509646237493222,3.181505882195791,3.5899999999999874,5874.0,2077.0,2,4,7,345,0.8885262222981448
CS2_38,215,CS2_38_9_28_10.xlsx,19,2010-09-24 01:38:44,1.0043295914960986,0.9130269013600896,3.559137993221999,0.4885643182164635,0.9061682614526877,0.9326649626565353,2.987936216757422,3.5749999999999877,5891.0,2072.0,2,4,7,345,0.8813596003894426
CS2_38,216,CS2_38_9_28_10.xlsx,20,2010-09-24 04:53:27,0.9983635485503157,0.9076032259548324,3.4864039628468255,0.5276046258203851,0.9059135415026244,0.9300481606782333,3.0067847171901114,3.569999999999988,5760.0,2239.0,2,4,7,339,0.876124039004889
CS2_38,217,CS2_38_9_28_10.xlsx,21,2010-09-24 08:08:26,1.0024788543702066,0.9113444130638241,3.481003886981569,0.5225797191282469,0.913718090585288,0.9379090755687403,3.049212847032266,3.5749999999999877,5749.0,2209.0,2,4,7,339,0.8797354672886024
CS2_38,218,CS2_38_9_28_10.xlsx,22,2010-09-24 11:22:58,1.0096581843598003,0.9178710766907274,3.495661279703911,0.5245971312920605,0.9188642924229806,0.9494068382268852,3.2058833193383447,3.5899999999999874,5776.0,2210.0,2,4,7,341,0.8860357610012136
CS2_38,219,CS2_38_9_28_10.xlsx,23,2010-09-24 14:38:21,1.0131702302296084,0.9210638456632803,3.5569555600503207,0.4837547092735318,0.918564431551186,0.9506709905920523,3.198770852986012,3.5899999999999874,5887.0,2051.0,2,4,7,346,0.8891177924086049
CS2_38,220,CS2_38_9_28_10.xlsx,24,2010-09-24 17:53:08,0.9025875285689118,0.8205341168808288,3.565124343182924,,,,,,5903.0,,2,,7,315,0.7920748230777196
CS2_38,221,CS2_38_9_28_10.xlsx,25,2010-09-24 20:27:57,1.0135326853650177,0.9213933503318342,3.578779925580747,0.48383950411688026,0.9141857627509111,0.9508406329764896,3.199498647349665,3.5949999999999873,5926.0,2056.0,2,4,7,347,0.889435868582013
CS2_38,222,CS2_38_9_28_10.xlsx,26,2010-09-24 23:43:29,1.0139691424045907,0.9217901294587187,3.5693990733230194,0.4810945038345221,0.9176048959601708,0.9513195094437161,3.207601563951436,3.5899999999999874,5910.0,2032.0,2,4,7,346,0.889818885875581
CS2_38,223,CS2_38_9_28_10.xlsx,27,2010-09-25 02:58:22,1.0145587191747438,0.9223261083406762,3.5721480923545825,0.4794639198423445,0.9180561381823203,0.9516391085158514,3.2091718381963137,3.5949999999999873,5915.0,2034.0,2,4,7,347,0.8903362749388336
CS2_38,224,CS2_38_9_28_10.xlsx,28,2010-09-25 06:13:24,1.014986463310244,0.9227149666456762,3.5749086632632214,0.4776952231872275,0.9179613552324581,0.9517652314687084,3.215567712805702,3.5949999999999873,5920.0,2028.0,2,4,7,347,0.8907116461352271
CS2_38,225,CS2_38_9_28_10.xlsx,29,2010-09-25 09:28:28,1.0154350848654374,0.9231228044231249,3.577228004720746,0.47728838819927993,0.9182234573654199,0.952193897533731,3.2207990952162113,3.5949999999999873,5924.0,2025.0,2,4,7,347,0.8911053385226261
CS2_38,226,CS2_38_9_28_10.xlsx,30,2010-09-25 12:43:33,1.016714928230062,0.9242862983909654,3.584019557451597,0.47265031175584543,0.9193225531860761,0.9530368771110719,3.219083348523446,3.5949999999999873,5936.0,2005.0,2,4,7,347,0.8922284780237995
CS2_38,227,CS2_38_9_28_10.xlsx,31,2010-09-25 15:58:34,1.0164193346642243,0.9240175769674766,3.5864435701335524,0.4728214978364014,0.9183193251890318,0.9526302965831107,3.2345206077197175,3.5949999999999873,5941.0,2004.0,2,4,7,347,0.8919690768976448
CS2_38,228,CS2_38_9_28_10.xlsx,32,2010-09-25 19:13:38,1.0164629413253792,0.9240572193867083,3.5865500738242018,0.4716171581347795,0.918558119297242,0.9524237521385238,3.2248759764872648,3.5949999999999873,5941.0,1996.0,2,4,7,347,0.8920073443645952
CS2_38,229,CS2_38_9_28_10.xlsx,33,2010-09-25 22:28:35,0.9081075628787545,0.8255523298897768,3.586377877528907,,,,,,5941.0,,2,,7,316,0.796918985068617
CS2_38,230,CS2_38_9_28_10.xlsx,34,2010-09-26 01:04:21,1.0165423538192613,0.9241294125629648,3.5961117850863955,0.47557341973898287,0.9157874282890214,0.9523944591190939,3.2200197182457613,3.5949999999999873,5958.0,2019.0,2,4,7,348,0.8920770336025371
CS2_38,231,CS2_38_9_28_10.xlsx,35,2010-09-26 04:19:57,1.0167960590883993,0.9243600537167266,3.5880424235223596,0.4709875463328338,0.9190121880736938,0.9524389761679061,3.228949703141717,3.5949999999999873,5944.0,2001.0,2,4,7,348,0.8922996752298649
CS2_38,232,CS2_38_9_28_10.xlsx,36,2010-09-26 07:35:03,1.0170033092654052,0.9245484629685501,3.587864389134015,0.47180949567770497,0.918875359215912,0.9527357233068781,3.2288457785433233,3.5949999999999873,5944.0,2002.0,2,4,7,348,0.8924815497208021
CS2_38,233,CS2_38_9_28_10.xlsx,37,2010-09-26 10:50:11,1.0172392207463403,0.9247629279512184,3.5888748696812662,0.47048526851493305,0.919333109918614,0.9530347384257974,3.241275817621561,3.5949999999999873,5946.0,1996.0,2,4,7,348,0.8926885762291563
CS2_38,234,CS2_38_9_28_10.xlsx,38,2010-09-26 14:05:16,1.01727130256873,0.9247920932443,3.5904457134495114,0.4701271718018741,0.9190477409474315,0.9529413975244844,3.228582295867235,3.5949999999999873,5949.0,1994.0,2,4,7,348,0.8927167299571762
CS2_38,235,CS2_38_9_28_10.xlsx,39,2010-09-26 17:20:21,1.0172046395794965,0.9247314905268149,3.5913346682598104,0.4684806514409714,0.9193525617677538,0.9525611613574324,3.224762176906051,3.5949999999999873,5951.0,1989.0,2,4,7,348,0.8926582291761087
CS2_38,236,CS2_38_9_28_10.xlsx,40,2010-09-26 20:35:23,1.0172706589525475,0.9247915081386795,3.590364108033392,0.46971704833595673,0.9193104319356211,0.9527518972847159,3.226685020161837,3.5949999999999873,5950.0,1988.0,2,4,7,348,0.8927161651452795
CS2_38,237,CS2_38_9_28_10.xlsx,41,2010-09-26 23:50:23,1.0172430249670086,0.924766386333644,3.5913166477567957,0.46900591483746995,0.919271454453617,0.9526890463940441,3.2266804278632955,3.5949999999999873,5952.0,1991.0,2,4,7,348,0.892691914661516
CS2_38,238,CS2_38_9_28_10.xlsx,42,2010-09-27 03:05:28,1.0035774271668743,0.9123431156062493,3.553947345469861,0.49772236891900684,0.9040137699156372,0.9343103367873216,2.985288191527621,3.5749999999999877,5891.0,2120.0,2,4,7,344,0.8806995309677651
CS2_38,239,CS2_38_9_28_10.xlsx,43,2010-09-27 06:20:56,1.0044624714397088,0.913147701308826,3.4979594281641018,0.5195313614165165,0.9130593583692275,0.9388139228957131,3.0748856064651267,3.5799999999999876,5783.0,2189.0,2,4,7,341,0.8814762105291732
CS2_38,240,CS2_38_9_28_10.xlsx,44,2010-09-27 09:35:48,1.0030558146557098,0.9118689224142815,3.5014208061136936,0.5180225396437435,0.9108403356786063,0.9365089696629083,3.038727141297957,3.5799999999999876,5791.0,2187.0,2,4,7,340,0.880241784628027
CS2_38,241,CS2_38_9_28_10.xlsx,45,2010-09-27 12:50:42,0.9990614709209069,0.908237700837188,3.4930276795209223,0.5213913465187032,0.9070915492875414,0.9295088081916689,2.984378726188405,3.569999999999988,5775.0,2202.0,2,4,7,340,0.8767365078466473
CS2_38,242,CS2_38_9_28_10.xlsx,46,2010-09-27 16:05:21,0.9963578067871524,0.9057798243519566,3.475404538319069,0.5256114975507447,0.9067589125800698,0.926361891487098,2.9342091879592873,3.5749999999999877,5742.0,2226.0,2,4,7,339,0.8743638800154155
CS2_38,243,CS2_38_9_28_10.xlsx,47,2010-09-27 19:19:43,1.0083251931109984,0.916659266464544,3.4980444851455537,0.5009011322186661,0.9228789966265362,0.9465964074923169,3.17607534822102,3.5849999999999875,5777.0,2118.0,2,4,7,341,0.8848659810362357
CS2_38,244,CS2_38_9_28_10.xlsx,48,2010-09-27 22:33:32,1.0104471833421158,0.9185883484928324,3.544562972891118,0.487518571356555,0.9180327761131715,0.9478773949781876,3.1968938160459106,3.5899999999999874,5866.0,2065.0,2,4,7,344,0.8867281550456083
CS2_38,245,CS2_38_9_28_10.xlsx,49,2010-09-28 01:48:03,1.0030784682049472,0.9118895165499519,3.555388817825742,0.48323687328458254,0.9072691477910421,0.9316284346076781,2.9964786651861726,3.5749999999999877,5886.0,2044.0,2,4,7,344,0.8802616644794944
CS2_38,246,CS2_38_9_28_10.xlsx,50,2010-09-28 05:02:10,0.9964179807030291,0.9058345279118446,3.481283899829636,0.5248511688380555,0.9057805219542882,0.9266861320073613,3.0147348756470937,3.569999999999988,5753.0,2228.0,2,4,7,339,0.8744166862444663
CS2_38,247,CS2_38_10_04_10.xlsx,1,2010-09-28 09:39:06,1.000842857937891,0.9098571435799008,3.4689222456296225,0.530627840212652,0.9123360081079805,0.9333145364606416,3.0490396587739537,3.5749999999999877,5722.0,2241.0,2,4,7,339,0.8782997820573465
CS2_38,248,CS2_38_10_04_10.xlsx,2,2010-09-28 12:53:37,1.000733274148568,0.9097575219532436,3.4895518723814556,0.5221048394446647,0.909805956302491,0.9340410666098462,3.0268059139510117,3.5749999999999877,5766.0,2209.0,2,4,7,340,0.87820361569365
CS2_38,249,CS2_38_10_04_10.xlsx,3,2010-09-28 16:08:20,0.994428710439236,0.9040261003993053,3.4710607543484073,0.5353887330908185,0.9030056999129569,0.9229579375947821,2.940663319353894,3.564999999999988,5736.0,2263.0,2,4,7,338,0.8726709819860151
CS2_38,250,CS2_38_10_04_10.xlsx,4,2010-09-28 19:23:06,1.0064880032481636,0.9149890938619668,3.4853204723519107,0.5095138051902457,0.9215062759405357,0.9453538084994974,3.182413948186448,3.5849999999999875,5755.0,2151.0,2,4,7,340,0.8832537364732376
CS2_38,251,CS2_38_10_04_10.xlsx,5,2010-09-28 22:36:58,1.008225068150601,0.9165682437732736,3.5323053280630807,0.49465730443326134,0.9163066496434951,0.9460532306145482,3.188949769182482,3.5849999999999875,5845.0,2091.0,2,4,7,343,0.8847781153636198
CS2_38,252,CS2_38_10_04_10.xlsx,6,2010-09-29 01:51:27,1.00079548160865,0.9098140741896817,3.5421970137653775,0.4893404060510345,0.9058548630659818,0.9295622643919452,2.9919969865119884,3.569999999999988,5863.0,2056.0,2,4,7,343,0.8782582064800049
CS2_38,253,CS2_38_10_04_10.xlsx,7,2010-09-29 05:05:14,0.9938122804385419,0.9034657094895835,3.4656019088791923,0.5356591833087438,0.9038133902296216,0.9239175350859359,2.977326861200299,3.569999999999988,5726.0,2273.0,2,4,7,337,0.8721300275984514
CS2_38,254,CS2_38_10_04_10.xlsx,8,2010-09-29 08:19:57,0.9958322205763261,0.905302018705751,3.4520558301718482,0.5350103424331483,0.9099224287647526,0.9301250630190626,3.104956381580803,3.569999999999988,5700.0,2264.0,2,4,7,337,0.8739026465153112
CS2_38,255,CS2_38_10_04_10.xlsx,9,2010-09-29 11:34:12,0.9925432479949485,0.9023120436317713,3.457725562257461,0.5350797328453606,0.904474251629722,0.922678602518885,2.9834109579825654,3.564999999999988,5712.0,2266.0,2,4,7,337,0.8710163753304738
CS2_38,256,CS2_38_10_04_10.xlsx,10,2010-09-29 14:48:31,0.9936609093130251,0.9033280993754773,3.4412768116932195,0.54226987366622,0.9083462169303514,0.9258170081058568,3.0170168155716803,3.564999999999988,5681.0,2279.0,2,4,7,336,0.8719971903348424
CS2_38,257,CS2_38_10_04_10.xlsx,11,2010-09-29 18:02:35,0.997860114545599,0.9071455586778172,3.4376321267794445,0.5500717337172278,0.9130959974749576,0.935747142430159,3.109368901871578,3.5799999999999876,5675.0,2338.0,2,4,7,337,0.8756822453975149
CS2_38,258,CS2_38_10_04_10.xlsx,12,2010-09-29 21:17:47,1.0023491436437002,0.9112264942215456,3.4955527728292553,0.5066898919722046,0.9154787718522384,0.9396691865183902,3.1334246784575304,3.5799999999999876,5779.0,2143.0,2,4,7,340,0.8796216383274249
CS2_38,259,CS2_38_10_04_10.xlsx,13,2010-09-30 00:31:43,1.0039826480214682,0.9127114982013347,3.5135325255041043,0.4995451928212868,0.914935740201241,0.9415059415368318,3.1546117279094514,3.5849999999999875,5812.0,2112.0,2,4,7,342,0.8810551366309841
CS2_38,260,CS2_38_10_04_10.xlsx,14,2010-09-30 03:45:46,0.9913170617561082,0.9011973288691892,3.478116032256425,0.5346690432097978,0.8987088056105174,0.9204086755019111,3.031473484587375,3.569999999999988,5752.0,2267.0,2,4,7,338,0.8699403231832326
CS2_38,261,CS2_38_10_04_10.xlsx,15,2010-09-30 07:00:42,0.9908657700389121,0.9007870636717382,3.435606514397707,0.5418099869268511,0.9065587928877109,0.9211645125274583,3.0077366684736124,3.564999999999988,5671.0,2294.0,2,4,7,335,0.8695442875681367
CS2_38,262,CS2_38_10_04_10.xlsx,16,2010-09-30 10:14:43,0.9930604420819158,0.9027822200744688,3.4419743811517605,0.5348618308012215,0.9097180499660921,0.9254784906450969,2.8314158947529138,3.569999999999988,5683.0,2261.0,2,4,7,336,0.8714702442373276
CS2_38,263,CS2_38_10_04_10.xlsx,17,2010-09-30 13:28:29,0.9902608721068304,0.9002371564607549,3.4516158236334515,0.5322010308184951,0.9047860496450575,0.9200542918984131,2.9626056557729172,3.569999999999988,5701.0,2249.0,2,4,7,336,0.8690134532641294
CS2_38,264,CS2_38_10_04_10.xlsx,18,2010-09-30 16:42:12,0.9904966521897336,0.9004515019906668,3.440422205436377,0.5330154393048806,0.9075824112150428,0.9205213174961409,2.969354762772866,3.569999999999988,5681.0,2261.0,2,4,7,336,0.8692203644628104
CS2_38,265,CS2_38_10_04_10.xlsx,19,2010-09-30 19:55:50,1.001161445023591,0.9101467682032646,3.47378923322932,0.5050472470910861,0.9199813414603226,0.9387423824122141,3.1331150216554082,3.5849999999999875,5738.0,2140.0,2,4,7,339,0.8785793613796321
CS2_38,266,CS2_38_10_04_10.xlsx,20,2010-09-30 23:08:58,1.0032978761712172,0.9120889783374702,3.5167878950372686,0.4938911019750475,0.9154336398589269,0.9402790579265535,3.1444734733768525,3.5899999999999874,5818.0,2096.0,2,4,7,342,0.8804542081614803
CS2_38,267,CS2_38_10_04_10.xlsx,21,2010-10-01 02:22:48,0.99249459698839,0.9022678154439909,3.520470176527657,0.4875162238816493,0.9020804244005414,0.9223426353143707,2.966277799162472,3.569999999999988,5825.0,2097.0,2,4,7,341,0.8709736811471479
CS2_38,268,CS2_38_10_04_10.xlsx,22,2010-10-01 05:36:10,0.9892613058302082,0.8993284598456438,3.4377307665497887,0.5423422635202418,0.9044070787825744,0.9194004211863429,3.02773154226482,3.559999999999988,5676.0,2297.0,2,4,7,336,0.8681362737589291
CS2_38,269,CS2_38_10_04_10.xlsx,23,2010-10-01 08:50:14,0.988688355531071,0.8988075959373373,3.4360232566339115,0.5373707232648259,0.9053324945323711,0.9168793762218307,2.902362036279022,3.564999999999988,5672.0,2269.0,2,4,7,335,0.8676334754236352
CS2_38,270,CS2_38_10_04_10.xlsx,24,2010-10-01 12:03:43,0.9894236251989312,0.8994760229081192,3.4255455189965183,0.5430528351113527,0.9074406496146707,0.921381911427469,2.9937098012534387,3.564999999999988,5654.0,2298.0,2,4,7,335,0.8682787187641988
CS2_38,271,CS2_38_10_04_10.xlsx,25,2010-10-01 15:17:27,,,3.4331938056956317,0.42947404998724603,,,,,5668.0,1228.0,2,4,,216,
CS2_38,272,CS2_38_10_05_10.xlsx,1,2010-10-04 14:14:51,0.997809848517712,0.9070998622888291,,0.14883253395319224,,0.9243578141710187,2.9694565749806303,3.5749999999999877,,1057.0,,4,7,136,0.8756381339358725
CS2_38,273,CS2_38_10_05_10.xlsx,2,2010-10-04 15:33:37,0.9918342643917231,0.9016675130833846,3.4487851836378196,0.5437855840183519,0.9031698259786889,0.917048567141027,2.937815138657725,3.559999999999988,5695.0,2296.0,2,4,7,336,0.8703941995920386
CS2_38,274,CS2_38_10_05_10.xlsx,3,2010-10-04 18:48:07,0.8778078689901458,0.7980071536274053,3.452120656819948,,,,,,5695.0,,2,,7,305,0.7703291819564678
CS2_38,275,CS2_38_10_05_10.xlsx,4,2010-10-04 21:18:07,1.0023889147479919,0.9112626497709017,3.503210900757165,0.5194312066945914,0.9107940877878214,0.9375017453815829,3.0929759874014797,3.5799999999999876,5793.0,2194.0,2,4,7,340,0.8796565398626204
CS2_38,276,CS2_38_10_05_10.xlsx,5,2010-10-05 00:33:08,1.0028457395977188,0.9116779450888353,3.501551847313836,0.5123872954398104,0.9131733736759743,0.9381332771622707,3.1078256956231005,3.5799999999999876,5791.0,2162.0,2,4,7,340,0.8800574311341836
CS2_38,277,CS2_38_10_05_10.xlsx,6,2010-10-05 03:47:35,0.9897047796561829,0.899731617869257,3.455187433767289,0.5539322774713563,0.8970859708346287,0.9164555676294194,2.891839284056214,3.559999999999988,5711.0,2334.0,2,4,7,337,0.8685254487044387
CS2_38,278,CS2_38_10_05_10.xlsx,7,2010-10-05 07:02:51,0.9896833549780082,0.8997121408890982,3.4081133548208187,0.5658347385384334,0.9049530027953612,0.9206064729975852,3.0312472098440546,3.559999999999988,5622.0,2384.0,2,4,7,334,0.8685066472612128
CS2_38,279,CS2_38_10_05_10.xlsx,8,2010-10-05 10:17:29,0.9867149181980368,0.8970135619982152,3.412088693852432,0.562219297852978,0.9014680122208262,0.9137900406484973,2.9129636672742554,3.554999999999988,5630.0,2367.0,2,4,7,334,0.8659016655138568
CS2_38,280,CS2_38_10_05_10.xlsx,9,2010-10-05 13:31:48,0.8249705913563403,0.7499732648694002,3.397881376729367,0.5658426663087005,0.7680689083949893,,,,5605.0,2388.0,2,4,7,311,0.7239612940685625
CS2_38,281,CS2_38_10_14_10.xlsx,1,2010-10-06 09:37:04,0.9888542907623039,0.8989584461475489,2.8001578785415404,0.5558869803741269,1.0711375736745534,0.9153713093801876,2.92001851453086,3.559999999999988,4577.0,2367.0,2,4,7,299,0.8677790935656559
CS2_38,282,CS2_38_10_14_10.xlsx,2,2010-10-06 12:33:57,0.98779015899997,0.8979910536363364,3.420498485081033,0.5595034718626889,0.9023445665776448,0.9177249991574583,2.9124467189881775,3.559999999999988,5646.0,2375.0,2,4,7,335,0.8668452539648379
CS2_38,283,CS2_38_10_14_10.xlsx,3,2010-10-06 15:48:43,0.987433873501665,0.8976671577287862,3.4170924887460137,0.5576307343567647,0.903097791234926,0.9174649231657709,2.9778811614752234,3.559999999999988,5639.0,2360.0,2,4,7,334,0.8665325920189294
CS2_38,284,CS2_38_10_14_10.xlsx,4,2010-10-06 19:03:06,0.9977830961655973,0.9070755419687248,3.44717138492449,0.5308824410408253,0.9160493038045261,0.9361134477390006,3.1404967289091816,3.5799999999999876,5688.0,2234.0,2,4,7,337,0.8756146571384458
CS2_38,285,CS2_38_10_14_10.xlsx,5,2010-10-06 22:16:47,1.000250554501573,0.9093186859105208,3.490950586877374,0.5127400053423052,0.9132909587101097,0.9381481669994778,3.14683042170727,3.5799999999999876,5773.0,2170.0,2,4,7,340,0.8777800001805973
CS2_38,286,CS2_38_10_14_10.xlsx,6,2010-10-07 01:30:57,0.9946245753311684,0.9042041593919712,3.5011538003143015,0.5089790880549643,0.9049079100293687,0.9236196065548912,2.9165143149951733,3.564999999999988,5792.0,2153.0,2,4,7,339,0.8728428652047767
CS2_38,287,CS2_38_10_14_10.xlsx,7,2010-10-07 04:44:50,0.9852170431276752,0.8956518573887956,3.427537551374814,0.5577280299145729,0.8977322219478024,0.9136222749730979,2.9289133325619403,3.554999999999988,5660.0,2363.0,2,4,7,334,0.864587190082061
CS2_38,288,CS2_38_10_14_10.xlsx,8,2010-10-07 07:59:30,0.9879029675876128,0.8980936068978297,3.4018435440904367,0.5622597094543853,0.9063877210037379,0.9217179414794412,3.0611063088120214,3.564999999999988,5612.0,2371.0,2,4,7,333,0.8669442502829462
CS2_38,289,CS2_38_10_14_10.xlsx,9,2010-10-07 11:13:38,0.984883599419053,0.8953487267445935,3.4088233855812278,0.5633009144463788,0.9008014800208592,0.9150391072689374,2.9783093457254908,3.554999999999988,5626.0,2374.0,2,4,7,333,0.8642945731799284
CS2_38,290,CS2_38_10_14_10.xlsx,10,2010-10-07 14:27:54,0.9850426682206734,0.8954933347460667,3.405915650619124,0.5548831511665007,0.9036760459573133,0.9164014332916219,2.9682720946323258,3.559999999999988,5620.0,2349.0,2,4,7,333,0.86443416561713
CS2_38,291,CS2_38_10_14_10.xlsx,11,2010-10-07 17:41:40,0.9881515528658795,0.8983195935144359,3.387620602207829,0.5727234040163017,0.9078563940637869,0.9277055130832899,3.139337094190842,3.569999999999988,5589.0,2421.0,2,4,7,333,0.8671623988104525
CS2_38,292,CS2_38_10_14_10.xlsx,12,2010-10-07 20:56:18,0.9928259681423857,0.9025690619476232,3.4430321018385106,0.5336818606692214,0.9104483735229193,0.9303097637151229,3.1055292384685846,3.5749999999999877,5687.0,2256.0,2,4,7,336,0.8712644792579863
CS2_38,293,CS2_38_10_14_10.xlsx,13,2010-10-08 00:10:04,0.9940626921386624,0.903693356489693,3.459365918543312,0.5266657905236847,0.9102476854994497,0.9316535685589642,3.1259646969006294,3.5749999999999877,5717.0,2225.0,2,4,7,337,0.8723497789209453
CS2_38,294,CS2_38_10_14_10.xlsx,14,2010-10-08 03:23:51,0.9821787943984184,0.8928898130894711,3.421376286988758,0.5605837497779881,0.8956691188793561,0.9116330827432779,2.9469132902093036,3.554999999999988,5655.0,2376.0,2,4,7,334,0.8619209441518653
CS2_38,295,CS2_38_10_14_10.xlsx,15,2010-10-08 06:38:30,0.9807560125800112,0.8915963750727374,3.3795489045629385,0.5733415733852214,0.9005458017201707,0.9107390390345597,2.944942898827714,3.559999999999988,5573.0,2417.0,2,4,7,331,0.8606723675635317
CS2_38,296,CS2_38_10_14_10.xlsx,16,2010-10-08 09:52:22,0.9807096597684399,0.8915542361531271,3.3819467393554885,0.5654614073446916,0.902078227060427,0.9114296839523448,2.9590806751758922,3.554999999999988,5578.0,2391.0,2,4,7,331,0.8606316901844827
CS2_38,297,CS2_38_10_14_10.xlsx,17,2010-10-08 13:05:53,0.9793400094325175,0.8903090994841067,3.3825862525853654,0.5648645047146146,0.9007864463303965,0.9081448474970194,2.9143303829505984,3.554999999999988,5579.0,2385.0,2,4,7,331,0.8594297396664824
CS2_38,298,CS2_38_10_14_10.xlsx,18,2010-10-08 16:19:14,0.9772799779461998,0.8884363435874543,3.3651231667312036,0.5749629172289132,0.8995625782630177,0.9062655440666848,2.9298163378861557,3.554999999999988,5550.0,2431.0,2,4,7,329,0.8576219381808505
CS2_38,299,CS2_38_10_14_10.xlsx,19,2010-10-08 19:32:47,0.9872393241832533,0.8974902947120484,3.397736522120245,0.5422104359853488,0.913078173102612,0.9239260025452338,3.05569442929544,3.5749999999999877,5603.0,2285.0,2,4,7,333,0.8663618632950292
CS2_38,300,CS2_38_10_14_10.xlsx,20,2010-10-08 22:45:19,0.9891076369454161,0.8991887608594692,3.4354892751881714,0.5300671952612086,0.9095766620477169,0.9262463039527492,3.0822541743004686,3.5749999999999877,5675.0,2239.0,2,4,7,336,0.8680014200734065
CS2_38,301,CS2_38_10_14_10.xlsx,21,2010-10-09 01:58:24,0.9898075791056336,0.8998250719142122,3.4459392884566133,0.5257006589287236,0.9092957525026943,0.9268785507841488,3.089351875103007,3.5749999999999877,5694.0,2223.0,2,4,7,336,0.8686156614019986
CS2_38,302,CS2_38_10_14_10.xlsx,22,2010-10-09 05:11:33,0.9902946396101164,0.9002678541910148,3.450791218767888,0.522344811410863,0.9097981047393597,0.9274917415903348,3.089597920864128,3.5749999999999877,5703.0,2207.0,2,4,7,336,0.8690430862784847
CS2_38,303,CS2_38_10_14_10.xlsx,23,2010-10-09 08:24:36,0.991049565204495,0.9009541501859045,3.455171403550248,0.5191226160622401,0.9104219779060992,0.9286248514115916,3.119786913679834,3.5799999999999876,5711.0,2190.0,2,4,7,337,0.869705578876352
CS2_38,304,CS2_38_10_14_10.xlsx,24,2010-10-09 11:37:33,0.992022518753295,0.9018386534120862,3.4619326617972788,0.5145469349550389,0.911227113658196,0.9298214550805016,3.119524030764176,3.5799999999999876,5723.0,2177.0,2,4,7,337,0.8705594041128367
CS2_38,305,CS2_38_10_14_10.xlsx,25,2010-10-09 14:50:33,0.9930168966138773,0.9027426332853429,3.4679932983761663,0.5117093303089831,0.911939139625355,0.931141181021079,3.1349425341223647,3.5799999999999876,5734.0,2164.0,2,4,7,338,0.871432030471016
CS2_38,306,CS2_38_10_14_10.xlsx,26,2010-10-09 18:03:33,0.992954108376253,0.9026855530693209,3.473260419265976,0.5091868155370352,0.9110917349728611,0.9307191848732779,3.1264369727538766,3.5799999999999876,5744.0,2155.0,2,4,7,338,0.8713769300174495
CS2_38,307,CS2_38_10_14_10.xlsx,27,2010-10-09 21:16:34,0.9933534772567221,0.903048615687929,3.472527070857296,0.5078937455734325,0.91232424430065,0.9314406980990086,3.1354669740959467,3.5849999999999875,5743.0,2151.0,2,4,7,338,0.8717274002215325
CS2_38,308,CS2_38_10_14_10.xlsx,28,2010-10-10 00:29:33,0.9931826559048211,0.9028933235498373,3.47639373573439,0.5058442570742486,0.9115389982700673,0.9308161997190415,3.129858591227741,3.5799999999999876,5750.0,2140.0,2,4,7,338,0.8715774942148549
CS2_38,309,CS2_38_10_14_10.xlsx,29,2010-10-10 03:42:27,0.9927029473796871,0.9024572248906246,3.4753720248707407,0.5064751896791568,0.9112713627172273,0.9297835125133741,3.119594173381046,3.5799999999999876,5748.0,2145.0,2,4,7,338,0.8711565211422745
CS2_38,310,CS2_38_10_14_10.xlsx,30,2010-10-10 06:55:21,0.9934534233228902,0.903139475748082,3.473101629871274,0.5075190419834007,0.9124389881502469,0.9313660815255543,3.150603477029657,3.5849999999999875,5744.0,2149.0,2,4,7,338,0.8718151089037065
CS2_38,311,CS2_38_10_14_10.xlsx,31,2010-10-10 10:08:17,0.9934802730307908,0.9031638845734461,3.4826191828503656,0.49937202345385895,0.9121447239619966,0.9308267068481058,3.1366099543411967,3.5849999999999875,5762.0,2117.0,2,4,7,338,0.8718386711366888
CS2_38,312,CS2_38_10_14_10.xlsx,32,2010-10-10 13:21:00,0.9936416361547238,0.9033105783224761,3.4803849262520825,0.5019507556010551,0.912222165069203,0.9312536024602995,3.1439031276616296,3.5849999999999875,5757.0,2127.0,2,4,7,338,0.8719802769796624
CS2_38,313,CS2_38_10_14_10.xlsx,33,2010-10-10 16:33:48,0.9943379328336839,0.9039435753033489,3.4831193252386794,0.4994986417376604,0.9132522809291298,0.9319395681759594,3.1537832053989527,3.5849999999999875,5762.0,2117.0,2,4,7,339,0.872591319179272
CS2_38,314,CS2_38_10_14_10.xlsx,34,2010-10-10 19:46:33,0.9947272119244275,0.9042974653858431,3.4867021689049964,0.4980114918007561,0.9133118677416815,0.9322772819001709,3.1571237458060573,3.5849999999999875,5769.0,2113.0,2,4,7,340,0.8729329349862369
CS2_38,315,CS2_38_10_14_10.xlsx,35,2010-10-10 22:59:23,0.9948562348817447,0.9044147589834042,3.4911531952169153,0.49435693891971627,0.9131717852510572,0.9319321369126363,3.1544805382469403,3.5849999999999875,5777.0,2096.0,2,4,7,340,0.8730461603886
CS2_38,316,CS2_38_10_14_10.xlsx,36,2010-10-11 02:12:05,0.9820505723048569,0.8927732475498699,3.4882707515617435,0.48948232057190355,0.8984895683971509,0.911163553318113,2.946054570978081,3.559999999999988,5772.0,2069.0,2,4,7,338,0.8618084215555988
CS2_38,317,CS2_38_10_14_10.xlsx,37,2010-10-11 05:23:33,0.9750925167214319,0.8864477424740289,3.382497302180955,0.5591030487940244,0.8982115121011393,0.9023290805780012,2.8967984238251927,3.559999999999988,5583.0,2359.0,2,4,7,331,0.8557023094382016
CS2_38,318,CS2_38_10_14_10.xlsx,38,2010-10-11 08:36:18,0.9792596767132693,0.8902360697393357,3.371809152598597,0.553699216620495,0.9076229105392034,0.9125602572901113,2.9933196579508854,3.564999999999988,5561.0,2332.0,2,4,7,331,0.8593592428754545
CS2_38,319,CS2_38_10_14_10.xlsx,39,2010-10-11 11:48:29,0.9755767957654484,0.8868879961504076,3.38897885452079,0.5486833333584625,0.8997879896956692,0.9060086331344508,2.9029995746019894,3.554999999999988,5592.0,2315.0,2,4,7,331,0.8561272934158971
CS2_38,320,CS2_38_10_14_10.xlsx,40,2010-10-11 15:00:41,0.9727263396382355,0.8842966723983958,3.3660989381566884,0.5585578116624325,0.8996090669810309,0.8996204505394827,2.8980624533706263,3.554999999999988,5553.0,2356.0,2,4,7,330,0.8536258467847512
CS2_38,321,CS2_38_10_14_10.xlsx,41,2010-10-11 18:12:46,0.9823299414015807,0.8930272194559824,3.3508978736666384,0.5675550006536318,0.9137978165218328,0.9202613422505598,3.103563031539191,3.5749999999999877,5525.0,2401.0,2,4,7,330,0.8620535847346333
CS2_38,322,CS2_38_10_14_10.xlsx,42,2010-10-11 21:25:40,0.9862809842543712,0.8966190765948828,3.4294381215330727,0.5190078151745646,0.9117717345407013,0.923685090591045,3.0875838231838473,3.5749999999999877,5666.0,2195.0,2,4,7,335,0.8655208623886449
CS2_38,323,CS2_38_10_14_10.xlsx,43,2010-10-12 00:37:42,0.9871664449962125,0.8974240409056476,3.443439493402263,0.5147896536305367,0.9106735557520087,0.9244991283270367,3.107061181213177,3.5799999999999876,5692.0,2179.0,2,4,7,336,0.8662979074266461
CS2_38,324,CS2_38_10_14_10.xlsx,44,2010-10-12 03:49:57,0.9713217031566046,0.8830197301423678,3.3972326783491775,0.5578013186994369,0.8909057416819245,0.8968295998739089,2.858539274920618,3.554999999999988,5612.0,2363.0,2,4,7,331,0.8523931938204007
CS2_38,325,CS2_38_10_14_10.xlsx,45,2010-10-12 07:03:04,0.9723298504087126,0.883936227644284,3.3401444881775113,0.5696086125388115,0.902856054183935,0.9030202793480724,2.9737466137817106,3.559999999999988,5507.0,2406.0,2,4,7,328,0.8532779036475083
CS2_38,326,CS2_38_10_14_10.xlsx,46,2010-10-12 10:15:13,0.9711473716400434,0.882861246945494,3.355391454124944,0.5599176548209451,0.9008107478897416,0.8983373633862779,2.7413901329072874,3.564999999999988,5533.0,2359.0,2,4,7,330,0.8522402074331901
CS2_38,327,CS2_38_10_14_10.xlsx,47,2010-10-12 13:26:56,0.9709870576027058,0.8827155069115507,3.3495617017412007,0.560009787694459,0.9020525226873669,0.8997546779788781,2.7699547510362557,3.564999999999988,5523.0,2372.0,2,4,7,328,0.8520995222267786
CS2_38,328,CS2_38_10_14_10.xlsx,48,2010-10-12 16:38:41,0.9668162918182333,0.8789239016529392,3.3390063368128353,0.5675337706037061,0.8970405906233286,0.8935874774097486,2.8588399289998288,3.5499999999999883,5506.0,2401.0,2,4,7,327,0.8484394244896953
CS2_38,329,CS2_38_10_14_10.xlsx,49,2010-10-12 19:50:25,0.8560425633764766,0.7782205121604332,3.3611194636742496,,,,,,5542.0,,2,,7,297,0.7512288176732232
CS2_38,330,CS2_38_10_14_10.xlsx,50,2010-10-12 22:16:41,0.9797383049387491,0.8906711863079537,3.4131545976031896,0.5359718641907113,0.9045204344115723,0.9155689714101561,3.0300061848354076,3.569999999999988,5637.0,2273.0,2,4,7,333,0.8597792679201369
CS2_38,331,CS2_38_10_21_10.xlsx,1,2010-10-14 11:21:51,0.983412615351545,0.8940114685014044,3.3535697353370577,0.5933172842388572,0.904408265688578,0.9053701852136405,2.904413797824385,3.5499999999999883,5515.0,2560.0,2,4,7,329,0.8630036962199189
CS2_38,332,CS2_38_10_21_10.xlsx,2,2010-10-14 14:37:18,0.9810842747096391,0.8918947951905809,3.385368377593323,0.5810435307403202,0.897273239468627,0.9054517894346183,2.91550826268135,3.5499999999999883,5583.0,2485.0,2,4,7,331,0.8609604373185619
CS2_38,333,CS2_38_10_21_10.xlsx,3,2010-10-14 17:52:29,0.9876750286174432,0.897886389652221,3.368848310882705,0.5856473503387541,0.9089219824498433,0.9229823632694651,3.0673855783520985,3.564999999999988,5554.0,2508.0,2,4,7,332,0.8667442201321243
CS2_38,334,CS2_38_10_21_10.xlsx,4,2010-10-14 21:07:55,0.990745773840918,0.9006779762190162,3.4278123057758183,0.5481690487670011,0.9080463776703057,0.9251704796895012,3.06476842771055,3.569999999999988,5660.0,2328.0,2,4,7,335,0.8694389836898005
CS2_38,335,CS2_38_10_21_10.xlsx,5,2010-10-15 00:22:18,0.9914148721262701,0.9012862473875182,3.438885558296669,0.5416089896400665,0.9079213467092757,0.9263618765561178,3.073845974068933,3.569999999999988,5680.0,2300.0,2,4,7,336,0.8700261576637554
CS2_38,336,CS2_38_10_21_10.xlsx,6,2010-10-15 03:36:36,0.9775996760054833,0.8887269781868029,3.396985086952599,0.5789941139450184,0.8914340121862561,0.9024942098202798,2.9207893570386734,3.5499999999999883,5610.0,2460.0,2,4,7,331,0.8579024924492512
CS2_38,337,CS2_38_10_21_10.xlsx,7,2010-10-15 06:51:38,0.9773318026898172,0.8884834569907428,3.3462633860134123,0.5916877096135135,0.8999358652801768,0.9060335554340597,2.9384181137513803,3.5499999999999883,5514.0,2508.0,2,4,7,328,0.8576674175092619
CS2_38,338,CS2_38_10_21_10.xlsx,8,2010-10-15 10:05:52,0.9761559004214746,0.8874144549286132,3.355009860546191,0.5821291282403991,0.8990563014662696,0.9039909011068809,2.929369066919603,3.5499999999999883,5531.0,2464.0,2,4,7,329,0.8566354925693828
CS2_38,339,CS2_38_10_21_10.xlsx,9,2010-10-15 13:19:34,0.9748672524593998,0.8862429567812724,3.3452936592815896,0.5868364020766834,0.8989147533411224,0.9023797106348255,2.923699469918124,3.5499999999999883,5514.0,2481.0,2,4,7,329,0.8555046265045831
CS2_38,340,CS2_38_10_21_10.xlsx,10,2010-10-15 16:33:12,0.9711962841515103,0.8829057128650093,3.328608231022701,0.5974995529915574,0.8957780136143104,0.896609022080755,2.8916970060713094,3.5449999999999884,5486.0,2532.0,2,4,7,328,0.8522831311027956
CS2_38,341,CS2_38_10_21_10.xlsx,11,2010-10-15 19:47:00,0.9821920749510387,0.892901886319126,3.359557610281496,0.5591283470447074,0.9121419866796014,0.917305761624194,3.048058338107416,3.564999999999988,5537.0,2361.0,2,4,7,330,0.8619325986352635
CS2_38,342,CS2_38_10_21_10.xlsx,12,2010-10-15 22:59:26,0.9832532703498131,0.8938666094089209,3.40087289176536,0.5480492899372363,0.9065851163798528,0.9184979449241932,3.0646287166427575,3.564999999999988,5614.0,2318.0,2,4,7,333,0.8628638614005134
CS2_38,343,CS2_38_10_21_10.xlsx,13,2010-10-16 02:12:30,0.9837923715128873,0.8943567013753521,3.407273824385699,0.5440882769729255,0.9069210720558907,0.9194430266667059,3.055012630504138,3.564999999999988,5626.0,2297.0,2,4,7,333,0.863336955083782
CS2_38,344,CS2_38_10_21_10.xlsx,14,2010-10-16 05:25:27,0.983980799206881,0.8945279992789826,3.4127767715292023,0.5400660382670233,0.907046709045246,0.9194481778371651,3.064541422243293,3.569999999999988,5636.0,2282.0,2,4,7,333,0.8635023117142017
CS2_38,345,CS2_38_10_21_10.xlsx,15,2010-10-16 08:38:18,0.984988807670728,0.8954443706097527,3.4167436986982143,0.5364038862974474,0.9082500453406223,0.9211276272807939,3.0833663953895964,3.5749999999999877,5643.0,2267.0,2,4,7,334,0.8643868997462659
CS2_38,346,CS2_38_10_21_10.xlsx,16,2010-10-16 11:51:04,0.9859094313524963,0.8962813012295421,3.424818390155529,0.5314270476885408,0.9091858310999488,0.9224314334873589,3.0912304993049524,3.5749999999999877,5658.0,2244.0,2,4,7,335,0.8651948023781735
CS2_38,347,CS2_38_10_21_10.xlsx,17,2010-10-16 15:03:45,0.9862696635824122,0.8966087850749201,3.429872538325257,0.5291930778652468,0.9090817181878762,0.9230630092027863,3.092721420078847,3.5749999999999877,5667.0,2234.0,2,4,7,335,0.865510927818362
CS2_38,348,CS2_38_10_21_10.xlsx,18,2010-10-16 18:16:26,0.9853519065647696,0.8957744605134268,3.4312929490567927,0.5284374949393066,0.9078186291374012,0.9212983557882881,3.0896253114489616,3.5749999999999877,5670.0,2231.0,2,4,7,334,0.8647055408565787
CS2_38,349,CS2_38_10_21_10.xlsx,19,2010-10-16 21:29:04,0.9851249846551511,0.895568167868319,3.428480942396805,0.5264136890579106,0.9087291534020057,0.9209357310146894,3.0698437118474406,3.569999999999988,5665.0,2228.0,2,4,7,334,0.8645064032375397
CS2_38,350,CS2_38_10_21_10.xlsx,20,2010-10-17 00:41:34,0.9848184778056641,0.8952895252778764,3.4284153092232237,0.5262118952628615,0.9085593336754815,0.9204763883406452,3.066953568652263,3.569999999999988,5665.0,2225.0,2,4,7,334,0.8642374250488376
CS2_38,351,CS2_38_10_21_10.xlsx,21,2010-10-17 03:53:59,0.9844295479908283,0.8949359527189347,3.4265505823555134,0.525731688094082,0.9087960099765097,0.9202281456323863,3.065656695394546,3.5749999999999877,5662.0,2218.0,2,4,7,334,0.8638961157524815
CS2_38,352,CS2_38_10_21_10.xlsx,22,2010-10-17 07:06:14,0.9842535250425257,0.8947759318568415,3.426449682204786,0.525146642313333,0.9087449833243133,0.9200649007975454,3.0730328804168363,3.5749999999999877,5662.0,2215.0,2,4,7,334,0.863741645032223
CS2_38,353,CS2_38_10_21_10.xlsx,23,2010-10-17 10:18:25,0.9842091286584242,0.8947355715076584,3.4263878146153335,0.5229407323392445,0.909050973256761,0.9200537181345023,3.0589816784522093,3.5749999999999877,5662.0,2210.0,2,4,7,334,0.863702684535906
CS2_38,354,CS2_38_10_21_10.xlsx,24,2010-10-17 13:30:32,0.9843542321924623,0.8948674838113293,3.42806863293213,0.5223586441438152,0.9092206972773264,0.9202798601542302,3.078864547938286,3.5749999999999877,5665.0,2203.0,2,4,7,334,0.8638300216111628
CS2_38,355,CS2_38_10_21_10.xlsx,25,2010-10-17 16:42:34,0.9843571286683641,0.8948701169712401,3.430753465530977,0.5187903623876853,0.9095329367522518,0.9203769454263219,3.0865615122879766,3.5749999999999877,5670.0,2194.0,2,4,7,334,0.863832563442913
CS2_38,356,CS2_38_10_21_10.xlsx,26,2010-10-17 19:54:33,0.9842897301809579,0.8948088456190526,3.431903386522398,0.5182215721824706,0.9095075968556,0.9202978729714427,3.073577212944633,3.5749999999999877,5672.0,2191.0,2,4,7,334,0.8637734172179783
CS2_38,357,CS2_38_10_21_10.xlsx,27,2010-10-17 23:06:29,0.984005004882615,0.8945500044387409,3.431784504681523,0.5176841717540638,0.9093324078864281,0.9197850717139624,3.071411320630267,3.5749999999999877,5672.0,2187.0,2,4,7,334,0.8635235536499892
CS2_38,358,CS2_38_10_21_10.xlsx,28,2010-10-18 02:18:21,0.9718370383731951,0.8834882167029046,3.430552629344346,0.5097690802814778,0.8959562228687383,0.8997344817567959,2.8945773326913233,3.554999999999988,5670.0,2172.0,2,4,7,333,0.852845431456737
CS2_38,359,CS2_38_10_21_10.xlsx,29,2010-10-18 05:29:16,0.9657566651593541,0.8779606046903219,3.3290023033184726,0.5776666833754783,0.8961334099888664,0.8928674765886474,2.894384930301403,3.5499999999999883,5489.0,2427.0,2,4,7,326,0.8475095383880218
CS2_38,360,CS2_38_10_21_10.xlsx,30,2010-10-18 08:41:06,0.9658036343457326,0.878003303950666,3.312619273692608,0.5781931122739985,0.8998620517159663,0.8941965585281718,2.880212257136711,3.5499999999999883,5459.0,2435.0,2,4,7,326,0.8475507566730227
CS2_38,361,CS2_38_10_21_10.xlsx,31,2010-10-18 11:52:33,0.9633497131018878,0.8757724664562615,3.307877694220431,0.5841045015500261,0.8971315533847621,0.8896459834794118,2.862101412972989,3.5499999999999883,5451.0,2452.0,2,4,7,325,0.8453972932431139
CS2_38,362,CS2_38_10_21_10.xlsx,32,2010-10-18 15:04:01,0.9604780567488476,0.8731618697716795,3.296698739949645,0.5853718146899035,0.8959490102726005,0.8851812274870393,2.846753186352929,3.5449999999999884,5431.0,2464.0,2,4,7,324,0.8428772421391718
CS2_38,363,CS2_38_10_21_10.xlsx,33,2010-10-18 18:15:12,0.9708803253151856,0.8826184775592596,3.279453774608552,0.5985034313640162,0.9105442032420275,0.9071219455972791,3.028545776326683,3.564999999999988,5400.0,2519.0,2,4,7,324,0.8520058582273566
CS2_38,364,CS2_38_10_21_10.xlsx,34,2010-10-18 21:27:21,0.9742364460774553,0.8856694964340502,3.3642873755784715,0.5462307895718774,0.9073486012866984,0.909829818732289,3.0284782957654777,3.564999999999988,5552.0,2305.0,2,4,7,329,0.8549510559781134
CS2_38,365,CS2_38_10_21_10.xlsx,35,2010-10-19 00:38:38,0.9754738877011775,0.8867944433647067,3.377436883376701,0.5380884346668043,0.9077264138114813,0.9113724629728663,3.035021298999139,3.569999999999988,5576.0,2276.0,2,4,7,330,0.8560369854023021
CS2_38,366,CS2_38_10_21_10.xlsx,36,2010-10-19 03:49:57,0.9607482045077802,0.8734074586434365,3.336619267027834,0.5786855433782335,0.8888144212885105,0.885738864107314,2.8327890651610725,3.5499999999999883,5506.0,2441.0,2,4,7,327,0.8431143130398752
CS2_38,367,CS2_38_10_21_10.xlsx,37,2010-10-19 07:02:02,0.9594963788512132,0.8722694353192847,3.281946168295949,0.590868764443883,0.8972214583286715,0.8861957542063675,2.85565992958669,3.5499999999999883,5405.0,2491.0,2,4,7,323,0.8420157607620461
CS2_38,368,CS2_38_10_21_10.xlsx,38,2010-10-19 10:13:12,0.9580767772329608,0.8709788883936007,3.280793834272181,0.587813421283391,0.8968151172353624,0.8831703314004782,2.8358306822338024,3.5449999999999884,5404.0,2477.0,2,4,7,323,0.8407699749905532
CS2_38,369,CS2_38_10_21_10.xlsx,39,2010-10-19 13:24:01,0.9587407570536044,0.8715825064123676,3.268751424566911,0.5955621314019696,0.8988025595078303,0.8855530211524059,2.8709343482447527,3.5499999999999883,5383.0,2511.0,2,4,7,322,0.8413526572039861
CS2_38,370,CS2_38_10_21_10.xlsx,40,2010-10-19 16:35:05,0.9575271886763588,0.8704792624330534,3.2792236430961657,0.584468102880362,0.8977305796977849,0.8837290969170116,2.8671521676071956,3.5449999999999884,5401.0,2472.0,2,4,7,322,0.8402876779889247
CS2_38,371,CS2_38_10_21_10.xlsx,41,2010-10-19 19:45:45,0.9681435109056338,0.880130464459667,3.307322721514989,0.5575620607743209,0.9112102366396704,0.9035073237037111,2.984137129741479,3.564999999999988,5448.0,2356.0,2,4,7,326,0.8496041390360008
CS2_38,372,CS2_38_10_21_10.xlsx,42,2010-10-19 22:55:50,0.9701828323907691,0.8819843930825173,3.3380987840490213,0.5572626052422902,0.906896056925482,0.905925516362703,3.0206877707078283,3.564999999999988,5508.0,2349.0,2,4,7,328,0.8513937662504365
CS2_38,373,CS2_38_10_21_10.xlsx,43,2010-10-20 02:06:56,0.9604972151703635,0.8731792865185122,3.3590178462677027,0.5374822091844347,0.8940102070298382,0.8872830540400052,2.8629434048649314,3.5499999999999883,5544.0,2253.0,2,4,7,328,0.8428940548059242
CS2_38,374,CS2_38_10_21_10.xlsx,44,2010-10-20 05:16:28,0.9553073372735383,0.8684612157032165,3.2709158907392686,0.5945185695327447,0.894504846493889,0.8817878300863198,2.8558500244679483,3.5449999999999884,5388.0,2509.0,2,4,7,323,0.8383396249176224
CS2_38,375,CS2_38_10_21_10.xlsx,45,2010-10-20 08:27:24,0.9571159127457278,0.8701053752233888,3.2626032729357566,0.5919178832742221,0.8994861363486406,0.886932819595168,3.028900378428354,3.5449999999999884,5372.0,2501.0,2,4,7,321,0.8399267586324306
CS2_38,376,CS2_38_10_21_10.xlsx,46,2010-10-20 11:38:02,0.952429082837746,0.8658446207615872,3.257329073448568,0.6020949536823924,0.8925724246522468,0.8771453920137967,2.8284543779046483,3.5449999999999884,5364.0,2539.0,2,4,7,321,0.8358137835993653
CS2_38,377,CS2_38_10_21_10.xlsx,47,2010-10-20 14:48:54,0.9539421145966429,0.8672201041787662,3.251020493559106,0.5940198682189483,0.898294639530326,0.8806718892589143,2.848373595464487,3.5449999999999884,5351.0,2510.0,2,4,7,321,0.8371415599366248
CS2_38,378,CS2_38_10_21_10.xlsx,48,2010-10-20 17:59:09,0.9604776062875118,0.8731614602613743,3.247641740302194,0.6033204930548561,0.9055203986960619,0.8958987417996856,2.974040691365939,3.554999999999988,5346.0,2565.0,2,4,7,323,0.8428768468322664
CS2_38,379,CS2_38_10_21_10.xlsx,49,2010-10-20 21:10:35,0.9646909629772864,0.8769917845248058,3.3144184495036897,0.5587035889798865,0.905827166302234,0.8991306072787092,2.982004367846366,3.559999999999988,5465.0,2369.0,2,4,7,326,0.8465743206494684
CS2_38,380,CS2_38_10_21_10.xlsx,50,2010-10-21 00:20:59,0.9661962919169298,0.878360265379027,3.3306976013414755,0.5519129132784608,0.9053975015723381,0.9013482398433029,3.0074676129350415,3.564999999999988,5494.0,2338.0,2,4,7,327,0.847895337299712
CS2_38,381,CS2_38_10_28_10.xlsx,1,2010-10-21 10:03:20,0.960285247092173,0.8729865882656117,3.276022589891169,0.6180190551765042,0.8926555483622699,0.883832592992447,2.8805260658891165,3.5499999999999883,5384.0,2644.0,2,4,7,323,0.8427080400730406
CS2_38,382,CS2_38_10_28_10.xlsx,2,2010-10-21 13:16:43,0.959403512924248,0.8721850117493163,3.274169758661847,0.6026045114123749,0.895972180466789,0.8850142130583506,2.92252349589724,3.5449999999999884,5391.0,2556.0,2,4,7,322,0.8419342653277058
CS2_38,383,CS2_38_10_28_10.xlsx,3,2010-10-21 16:28:43,0.8196624724322699,0.7451477022111543,3.262375297809545,,,,,,5372.0,,2,,7,287,0.7193031005697835
CS2_38,384,CS2_38_10_28_10.xlsx,4,2010-10-21 18:50:10,0.9653829206416571,0.8776208369469609,3.2796336757941815,0.6098432332088445,0.9014324358151994,0.8995522612096274,2.9868151379993737,3.554999999999988,5397.0,2566.0,2,4,7,323,0.8471815551028987
CS2_38,385,CS2_38_10_28_10.xlsx,5,2010-10-21 22:02:44,0.9682895343974898,0.880263213088627,3.3253218173377364,0.5657778490324495,0.9051769950424531,0.9032365056031784,3.0230502407956306,3.559999999999988,5483.0,2393.0,2,4,7,327,0.849732283429554
CS2_38,386,CS2_38_10_28_10.xlsx,6,2010-10-22 01:14:02,0.963677193548401,0.8760701759530918,3.33941620526862,0.5569307060228673,0.899017875003262,0.8908581313444387,2.5665773941113903,3.569999999999988,5509.0,2358.0,2,4,7,327,0.8456846770242132
CS2_38,387,CS2_38_10_28_10.xlsx,7,2010-10-22 04:24:56,0.9525862279046482,0.8659874799133165,3.274069421832924,0.6007401333007265,0.8890280206977161,,,,5393.0,2542.0,2,4,7,322,0.8359516878436899
CS2_38,388,CS2_38_10_28_10.xlsx,8,2010-10-22 07:36:21,0.9534903456217299,0.8668094051106634,3.2393870248391123,0.6072634202535057,0.8971350244630069,0.8793605400936092,2.8560007525900097,3.5449999999999884,5331.0,2557.0,2,4,7,321,0.8367451054991879
CS2_38,389,CS2_38_10_28_10.xlsx,9,2010-10-22 10:47:02,0.9528769134200505,0.8662517394727731,3.241405617819919,0.6052632224648404,0.8965157686616384,0.8798854652195914,2.828059732726345,3.5449999999999884,5336.0,2556.0,2,4,7,320,0.836206781860498
CS2_38,390,CS2_38_10_28_10.xlsx,10,2010-10-22 13:57:44,0.9515082235518371,0.8650074759562154,3.240352040837445,0.6040002884853399,0.8956348616945904,0.8772784245926115,2.848648986396568,3.5449999999999884,5334.0,2552.0,2,4,7,320,0.835005674210659
CS2_38,391,CS2_38_10_28_10.xlsx,11,2010-10-22 17:08:17,0.9533710692393846,0.8667009720358041,3.2272155247940373,0.6121981684420612,0.8985120793069876,,,,5311.0,2585.0,2,4,7,319,0.8366404333023615
CS2_38,392,CS2_38_10_28_10.xlsx,12,2010-10-22 20:19:06,0.8305462851120176,0.7550420773745613,3.276968380185135,,,,,,5399.0,,2,,7,288,0.7288543005696227
CS2_38,393,CS2_38_10_28_10.xlsx,13,2010-10-22 22:41:36,0.9614611277598311,0.8740555706907555,3.3145568577429003,0.5742870199378051,0.8987702258169504,0.895529671352193,2.97745127770371,3.559999999999988,5465.0,2438.0,2,4,7,326,0.8437399460570203
CS2_38,394,CS2_38_10_28_10.xlsx,14,2010-10-23 01:52:58,0.9620588361819387,0.8745989419835806,3.3088218470803326,0.5638006506047154,0.9030660984065807,0.8960372799845899,2.96802793369458,3.559999999999988,5456.0,2390.0,2,4,7,325,0.8442644711337667
CS2_38,395,CS2_38_10_28_10.xlsx,15,2010-10-23 05:03:25,0.9627103902830605,0.8751912638936913,3.3137905793795026,0.5586172590790757,0.9042638325254373,0.8968231888683551,2.980079353889961,3.559999999999988,5465.0,2374.0,2,4,7,326,0.844836249031241
CS2_38,396,CS2_38_10_28_10.xlsx,16,2010-10-23 08:13:48,0.9632683351295128,0.8756984864813753,3.3183163293823936,0.5560253097039835,0.9044340542888666,0.8977848622098104,2.976889491181175,3.559999999999988,5473.0,2359.0,2,4,7,326,0.8453258791796229
CS2_38,397,CS2_38_10_28_10.xlsx,17,2010-10-23 11:24:05,0.9653755736057725,0.8776141578234296,3.328134140949732,0.5485520431455089,0.9066640518142031,0.9014006664269436,3.0274743487915012,3.564999999999988,5490.0,2325.0,2,4,7,326,0.8471751076371803
CS2_38,398,CS2_38_10_28_10.xlsx,18,2010-10-23 14:34:12,0.9662030999491442,0.8783664544992219,3.338236675849853,0.5442634013002934,0.9064814458883158,0.902408314643359,3.014882574011599,3.569999999999988,5509.0,2310.0,2,4,7,327,0.8479013117573031
CS2_38,399,CS2_38_10_28_10.xlsx,19,2010-10-23 17:44:25,0.9664788291926634,0.8786171174478757,3.3432036729431234,0.5414983481345201,0.9063860108556477,0.9024418317953139,3.024977471599708,3.569999999999988,5518.0,2300.0,2,4,7,327,0.8481432807463097
CS2_38,400,CS2_38_10_28_10.xlsx,20,2010-10-23 20:54:38,0.9667674038411711,0.8788794580374282,3.3460091696055345,0.538711371969929,0.9068300709893826,0.9026746746962954,3.0225475699447424,3.569999999999988,5523.0,2290.0,2,4,7,328,0.848396522350505
CS2_38,401,CS2_38_10_28_10.xlsx,21,2010-10-24 00:04:48,0.9670160332615438,0.8791054847832216,3.348782372221934,0.5368097702589337,0.9067566902139749,0.9029070617128679,2.9952050734203235,3.569999999999988,5528.0,2278.0,2,4,7,328,0.8486147096153633
CS2_38,402,CS2_38_10_28_10.xlsx,22,2010-10-24 03:14:51,0.9671509646383605,0.8792281496712367,3.350917438875425,0.5355219072074869,0.9066767571952301,0.903042036311928,3.008899236738913,3.569999999999988,5532.0,2275.0,2,4,7,328,0.8487331200110722
CS2_38,403,CS2_38_10_28_10.xlsx,23,2010-10-24 06:24:56,0.9673289424985931,0.8793899477259937,3.3513449881448096,0.5341008043469572,0.9075877164485149,0.9032313722137342,3.0050692047719125,3.569999999999988,5533.0,2268.0,2,4,7,328,0.8488893062840855
CS2_38,404,CS2_38_10_28_10.xlsx,24,2010-10-24 09:34:56,0.9675198293975491,0.8795634812704991,3.354270538877641,0.5328194828778564,0.9073599849675534,0.9035693964870674,3.0203809264650805,3.569999999999988,5538.0,2263.0,2,4,7,328,0.8490568210147157
CS2_38,405,CS2_38_10_28_10.xlsx,25,2010-10-24 12:44:56,0.9678769655567017,0.8798881505060924,3.356431907717619,0.5310517237452154,0.9076773777416882,0.9040194237410426,3.0221461907480296,3.569999999999988,5542.0,2256.0,2,4,7,329,0.8493702294666626
CS2_38,406,CS2_38_10_28_10.xlsx,26,2010-10-24 15:54:54,0.9684224952953215,0.8803840866321104,3.357913201356022,0.5314785983627023,0.9079818386408265,0.9046258989575412,3.0319052308750076,3.5749999999999877,5545.0,2253.0,2,4,7,329,0.8498489646114814
CS2_38,407,CS2_38_10_28_10.xlsx,27,2010-10-24 19:04:54,0.9682677240672213,0.8802433855156556,3.3624731318809817,0.5267195945810297,0.908066576254562,0.9045138698446302,3.0261023171872603,3.569999999999988,5553.0,2241.0,2,4,7,329,0.8497131435534291
CS2_38,408,CS2_38_10_28_10.xlsx,28,2010-10-24 22:14:49,0.9683272177188265,0.8802974706534785,3.3623569648888667,0.5270445517436041,0.908052185492093,0.9044514632624723,3.034723977128016,3.5749999999999877,5553.0,2240.0,2,4,7,329,0.8497653528096816
CS2_38,409,CS2_38_10_28_10.xlsx,29,2010-10-25 01:24:43,0.9610160838608124,0.8736509853280112,3.362812618481932,0.5251542991395459,0.9001264983920174,0.8882688371974159,2.682485356165067,3.559999999999988,5554.0,2229.0,2,4,7,329,0.8433493932780163
CS2_38,410,CS2_38_10_28_10.xlsx,30,2010-10-25 04:34:05,0.9504613656268681,0.8640557869335164,3.273548760008213,0.584665963430983,0.8925707457059934,0.878046633343216,2.839249036821439,3.5449999999999884,5395.0,2470.0,2,4,7,322,0.834086993440693
CS2_38,411,CS2_38_10_28_10.xlsx,31,2010-10-25 07:44:13,0.9481931665616692,0.8619937877833356,3.239706000370194,0.5926866335817355,0.8958404892102126,0.8738902861006802,2.822908503127801,3.5449999999999884,5335.0,2502.0,2,4,7,319,0.832096512388821
CS2_38,412,CS2_38_10_28_10.xlsx,32,2010-10-25 10:53:47,0.9474090743236729,0.8612809766578844,3.229594121712085,0.5955149927158861,0.8968907132866625,0.8738935421482174,2.8853127170231865,3.5499999999999883,5317.0,2504.0,2,4,7,319,0.8314084243075772
CS2_38,413,CS2_38_10_28_10.xlsx,33,2010-10-25 14:03:01,0.9468105449181259,0.860736859016478,3.2258909650780168,0.595516322805106,0.8971860802092152,0.8733415490301415,2.823513704326313,3.5449999999999884,5311.0,2522.0,2,4,7,319,0.8308831787685024
CS2_38,414,CS2_38_10_28_10.xlsx,34,2010-10-25 17:12:25,0.9490233934641168,0.8627485395128334,3.21277973169011,0.6060006289969836,0.8995728854958825,0.8819319179240763,3.1714118833941383,3.5399999999999885,5288.0,2562.0,2,4,7,318,0.8328250864119001
CS2_38,415,CS2_38_10_28_10.xlsx,35,2010-10-25 20:22:14,0.9567585348037895,0.869780486185263,3.269451245309113,0.5630538460125474,0.9076897981979639,0.8906455909834932,2.963006162347622,3.559999999999988,5388.0,2385.0,2,4,7,322,0.8396131380015524
CS2_38,416,CS2_38_10_28_10.xlsx,36,2010-10-25 23:31:11,0.9588229074768577,0.8716571886153252,3.299778528944205,0.5520977781273962,0.9055475678292539,0.8938446449812085,2.9867292107983525,3.564999999999988,5442.0,2340.0,2,4,7,325,0.8414247491395652
CS2_38,417,CS2_38_10_28_10.xlsx,37,2010-10-26 02:40:24,0.9477461802735263,0.8615874366122965,3.294185484535301,0.5545255796267679,0.892423411240286,0.8745932195931948,2.8345129773979676,3.5499999999999883,5436.0,2385.0,2,4,7,323,0.8317042550465771
CS2_38,418,CS2_38_10_28_10.xlsx,38,2010-10-26 05:49:39,0.9445064938551866,0.8586422671410786,3.218814649014978,0.6010795324894491,0.8949163432544758,0.8704972137988012,2.828926697845851,3.5449999999999884,5299.0,2550.0,2,4,7,319,0.828861235433064
CS2_38,419,CS2_38_10_28_10.xlsx,39,2010-10-26 08:59:12,0.9473902018081546,0.861263819825595,3.2206938802964222,0.592938711854128,0.9004173095807269,0.8768587719438582,2.8703304093966655,3.5499999999999883,5302.0,2513.0,2,4,7,318,0.8313918625405274
CS2_38,420,CS2_38_10_28_10.xlsx,40,2010-10-26 12:08:20,0.9458768987182751,0.8598880897438863,3.2298505636266217,0.5916840251598312,0.8964644874709242,0.8743415741886807,2.852829378758864,3.5449999999999884,5318.0,2504.0,2,4,7,319,0.8300638480940175
CS2_38,421,CS2_38_10_28_10.xlsx,41,2010-10-26 15:17:30,0.9436561891444484,0.8578692628585893,3.2221855608283843,0.5933695324470806,0.895108772853484,0.8703939134355473,2.8187159898897463,3.5449999999999884,5305.0,2513.0,2,4,7,318,0.8281150419260609
CS2_38,422,CS2_38_10_28_10.xlsx,42,2010-10-26 18:26:29,0.9519123291781924,0.8653748447074475,3.205343458305954,0.6085674723492586,0.9064344778971848,0.8866687108283186,2.9624609603056093,3.554999999999988,5275.0,2564.0,2,4,7,319,0.835360301194047
CS2_38,423,CS2_38_10_28_10.xlsx,43,2010-10-26 21:36:16,0.9552612028721583,0.8684192753383256,3.2780009024406516,0.5606667581208998,0.9049666355258441,0.8897417119142276,2.9697826206618174,3.559999999999988,5404.0,2383.0,2,4,7,323,0.8382991392066478
CS2_38,424,CS2_38_10_28_10.xlsx,44,2010-10-27 00:45:22,0.9568178748308327,0.8698344316643933,3.2946279536334506,0.5516553044388399,0.905138510721083,0.8914154611563442,2.963687126219635,3.564999999999988,5434.0,2346.0,2,4,7,324,0.8396652124430153
CS2_38,425,CS2_38_10_28_10.xlsx,45,2010-10-27 03:54:26,0.9449913656773319,0.8590830597066653,3.2599042252748243,0.5848431694439283,0.8902912436945155,0.8720499456423256,2.8444141583587377,3.5499999999999883,5375.0,2486.0,2,4,7,321,0.8292867396092075
CS2_38,426,CS2_38_10_28_10.xlsx,46,2010-10-27 07:04:12,0.9451250335224088,0.8592045759294625,3.217488758368185,0.5949190003979075,0.8983082876577709,0.8739804128360461,2.859846861033005,3.5499999999999883,5297.0,2525.0,2,4,7,318,0.8294040411798467
CS2_38,427,CS2_38_10_28_10.xlsx,47,2010-10-27 10:13:19,0.9447667669501243,0.8588788790455675,3.2212508295656708,0.5927199848232568,0.8976339123674438,0.8727314382121261,2.861533486247064,3.5499999999999883,5304.0,2512.0,2,4,7,318,0.829089640722412
CS2_38,428,CS2_38_10_28_10.xlsx,48,2010-10-27 13:22:19,0.9446581829167897,0.8587801662879906,3.216399102803106,0.590218838452249,0.8991509509190954,0.8738165980264888,2.8675506257556496,3.5449999999999884,5295.0,2502.0,2,4,7,318,0.8289943517047043
CS2_38,429,CS2_38_10_28_10.xlsx,49,2010-10-27 16:31:01,0.943317306541168,0.857561187764698,3.2146000118622506,0.5917314190674243,0.8974771451316902,0.8716365931916101,2.865469001339266,3.5499999999999883,5292.0,2502.0,2,4,7,318,0.8278176520668601
CS2_38,430,CS2_38_10_28_10.xlsx,50,2010-10-27 19:39:36,0.9536652369442677,0.8669683972220615,3.242082221467109,0.5666243257913445,0.9105219427218496,0.8888468451654292,2.982631887993078,3.564999999999988,5337.0,2403.0,2,4,7,320,0.8368985831498006
CS2_38,431,CS2_38_11_01_10.xlsx,1,2010-10-28 13:50:12,0.950612708466575,0.8641933713332499,3.2185984700512966,0.6220523096787707,0.8959728173884641,0.8720213198410184,2.8016899410771607,3.5449999999999884,5285.0,2666.0,2,4,7,318,0.8342198058818033
CS2_38,432,CS2_38_11_01_10.xlsx,2,2010-10-28 17:01:47,0.950880682650446,0.8644369842276781,3.2257932356896575,0.6118514142018426,0.896408680944607,0.8765008762960012,2.8105052533432917,3.5399999999999885,5309.0,2591.0,2,4,7,320,0.8344549693397071
CS2_38,433,CS2_38_11_01_10.xlsx,3,2010-10-28 20:12:31,0.9489492071858172,0.8626810974416519,3.267735632943458,0.5647857061663407,0.8962496435383007,0.8727646760319071,2.8261449920480235,3.5399999999999885,5382.0,2363.0,2,4,7,321,0.8327599834923505
CS2_38,434,CS2_38_11_01_10.xlsx,4,2010-10-28 23:20:34,0.945390241279318,0.859445673890289,3.2090654706282593,0.6136953606015693,0.8940539969762554,,,,5280.0,2584.0,2,4,7,317,0.8296367769317641
CS2_38,435,CS2_38_11_01_10.xlsx,5,2010-10-29 02:30:25,0.9437661328576437,0.8579692116887669,3.194316287554051,0.6189181392800472,0.8943029159937499,,,,5254.0,2614.0,2,4,7,317,0.8282115241445951
CS2_38,436,CS2_38_11_01_10.xlsx,6,2010-10-29 05:40:14,0.9438251989600728,0.8580229081455206,3.189429897054266,0.619100717649368,0.8956541047720366,,,,5245.0,2605.0,2,4,7,316,0.8282633582007399
CS2_38,437,CS2_38_11_01_10.xlsx,7,2010-10-29 08:49:46,0.9437667002272105,0.8579697274792822,3.193933530982773,0.6144757880164206,0.8958887605918257,,,,5254.0,2590.0,2,4,7,318,0.8282120220455023
CS2_38,438,CS2_38_11_01_10.xlsx,8,2010-10-29 11:59:12,0.9427559136579653,0.8570508305981502,3.1946550053258145,0.6122652379950912,0.8952334748415179,,,,5255.0,2585.0,2,4,7,317,0.8273249960589216
CS2_38,439,CS2_38_11_01_10.xlsx,9,2010-10-29 15:08:30,0.9408597018477733,0.8553270016797939,3.1882434628818843,0.6155132103035714,0.8938039579622999,,,,5244.0,2593.0,2,4,7,315,0.8256609561885092
CS2_38,440,CS2_38_11_01_10.xlsx,10,2010-10-29 18:17:39,0.9489642423662179,0.8626947657874707,3.1726683750190885,0.6276334993626382,0.9054922396858637,0.882409185740818,2.9393225002128447,3.5499999999999883,5217.0,2652.0,2,4,7,315,0.8327731777671205
CS2_38,441,CS2_38_11_01_10.xlsx,11,2010-10-29 21:27:46,0.951984719046493,0.8654406536786299,3.245257697965349,0.5809410324429091,0.9031849060957414,0.8855592442296808,2.9524092575505443,3.554999999999988,5345.0,2461.0,2,4,7,321,0.835423827655816
CS2_38,442,CS2_38_11_01_10.xlsx,12,2010-10-30 00:37:00,0.9532977369148359,0.8666343062862144,3.2608950088528035,0.572054545694292,0.9036164072658227,0.8874982057604094,2.965252167327533,3.554999999999988,5373.0,2421.0,2,4,7,321,0.836576079778571
CS2_38,443,CS2_38_11_01_10.xlsx,13,2010-10-30 03:46:06,0.9541563382042781,0.86741485291298,3.2686580246137305,0.569274287692258,0.9036571729910811,0.8885825071978145,2.9646943975363014,3.559999999999988,5387.0,2410.0,2,4,7,322,0.8373295540322065
CS2_38,444,CS2_38_11_01_10.xlsx,14,2010-10-30 06:55:19,0.9545486475116292,0.8677714977378446,3.2742021039079288,0.5645006440862899,0.9039904415859358,0.8889897150583503,2.9706734412046267,3.559999999999988,5397.0,2397.0,2,4,7,322,0.8376738290364318
CS2_38,445,CS2_38_11_01_10.xlsx,15,2010-10-30 10:04:30,0.9549774166574547,0.8681612878704134,3.276916180249304,0.5626172970214631,0.9043509277447246,0.8897229774488719,2.9832760838332275,3.559999999999988,5402.0,2387.0,2,4,7,322,0.8380500997410132
CS2_38,446,CS2_38_11_01_10.xlsx,16,2010-10-30 13:13:38,0.9553459132446829,0.8684962847678934,3.2807631092084244,0.560230424158159,0.9047432924406346,0.8900647227036365,2.966963954240461,3.564999999999988,5409.0,2378.0,2,4,7,323,0.8383734776516257
CS2_38,447,CS2_38_11_01_10.xlsx,17,2010-10-30 16:22:44,,,3.257161937269936,,,,,,5373.0,,2,,,184,
CS2_38,448,CS2_38_11_08_10.xlsx,1,2010-11-01 14:23:58,0.9482045987936529,0.8620041807215026,0.10348202042663403,0.45819060199544603,6.137655316237532,0.8742779637027177,2.8041925346193253,3.564999999999988,162.0,2101.0,2,4,7,146,0.832106544859733
CS2_38,449,CS2_38_11_08_10.xlsx,2,2010-11-01 16:00:38,0.8292809614934511,0.7538917831758646,3.2805195315991256,,,,,,5409.0,,2,,7,290,0.7277439030185938
CS2_38,450,CS2_38_11_08_10.xlsx,3,2010-11-01 18:23:14,0.9524361714539522,0.8658510649581384,3.2867235736094536,0.5489126919115039,0.9037910405623032,0.886696083758928,2.946089870278064,3.564999999999988,5419.0,2341.0,2,4,7,323,0.835820004286279
CS2_38,451,CS2_38_11_08_10.xlsx,4,2010-11-01 21:31:43,0.9545572587005742,0.867779326091431,3.2945123166616783,0.5366376370260448,0.9071519335401238,0.8895497998409037,2.9644292652629987,3.564999999999988,5434.0,2281.0,2,4,7,324,0.8376813858724663
CS2_38,452,CS2_38_11_08_10.xlsx,5,2010-11-02 00:39:34,0.955505411178859,0.8686412828898717,3.2988845530896262,0.5377085919486487,0.9064954126493642,0.8910042422257507,2.9642284713680653,3.564999999999988,5442.0,2279.0,2,4,7,324,0.8385134466784459
CS2_38,453,CS2_38_11_08_10.xlsx,6,2010-11-02 03:47:35,0.948697601614807,0.86245236510437,3.2720086475776724,0.564063620170891,0.8974775731569767,0.8799112794221725,2.8927974574004263,3.554999999999988,5396.0,2384.0,2,4,7,321,0.8325391844763711
CS2_38,454,CS2_38_11_08_10.xlsx,7,2010-11-02 06:56:14,0.9502059775635043,0.863823615966822,3.252692224648404,0.5655057777351232,0.9036169369118181,0.8837281985753486,2.9414622864837163,3.554999999999988,5359.0,2390.0,2,4,7,321,0.8338628750602566
CS2_38,455,CS2_38_11_08_10.xlsx,8,2010-11-02 10:04:26,0.9503291458032148,0.8639355870938316,3.265488868821282,0.5598111037579767,0.9024321535404297,0.8816987434239703,2.8937991700550287,3.554999999999988,5382.0,2361.0,2,4,7,322,0.8339709625959133
CS2_38,456,CS2_38_11_08_10.xlsx,9,2010-11-02 13:12:33,0.9528968262446647,0.8662698420406042,3.2720945162549855,0.5534742327943217,0.9055735426455405,0.8868034383117094,3.1227382821738536,3.559999999999988,5394.0,2330.0,2,4,7,322,0.8362242565613265
CS2_38,457,CS2_38_11_08_10.xlsx,10,2010-11-02 16:20:28,0.9517844593632798,0.8652585994211635,3.2825238036193682,0.5486084349504968,0.9027729457007599,0.8838751020541181,2.9152168324810446,3.554999999999988,5413.0,2322.0,2,4,7,323,0.8352480877434751
CS2_38,458,CS2_38_11_08_10.xlsx,11,2010-11-02 19:28:32,0.9575389828766969,0.8704899844333608,3.290483925687982,0.5374305114607743,0.9113685994613215,0.894192015815151,3.0098257679227665,3.569999999999988,5426.0,2273.0,2,4,7,323,0.8402980281088305
CS2_38,459,CS2_38_11_08_10.xlsx,12,2010-11-02 22:36:18,0.9587023385157352,0.8715475804688501,3.3131951104416797,0.5340722093808845,0.9079819894685732,0.8954211079385777,3.011809384755335,3.569999999999988,5468.0,2261.0,2,4,7,326,0.8413189426271472
CS2_38,460,CS2_38_11_08_10.xlsx,13,2010-11-03 01:44:37,0.9544112523403037,0.8676465930366396,3.319354892281474,0.5316547884399153,0.901690275383567,0.8855504559705047,2.9023515091798853,3.559999999999988,5479.0,2255.0,2,4,7,325,0.8375532565129095
CS2_38,461,CS2_38_11_08_10.xlsx,14,2010-11-03 04:52:48,0.8231133478534698,0.7482848616849724,3.2712513575140494,,,,,,5394.0,,2,,7,289,0.7223314512307372
CS2_38,462,CS2_38_11_08_10.xlsx,15,2010-11-03 07:14:48,0.9492957060098579,0.862996096372598,3.2703003309462657,0.5717314911972086,0.897322842405319,0.8809283444632978,2.9044479872844704,3.554999999999988,5391.0,2424.0,2,4,7,321,0.8330640570431825
CS2_38,463,CS2_38_11_08_10.xlsx,16,2010-11-03 10:24:02,0.9502531242361432,0.863866476578312,3.267424393803573,0.5561553763983103,0.9028127362477439,0.8816773595507905,2.8969512556674633,3.554999999999988,5386.0,2358.0,2,4,7,322,0.8339042491001221
CS2_38,464,CS2_38_11_08_10.xlsx,17,2010-11-03 13:32:09,0.9508041267202874,0.8643673879275339,3.270322149180168,0.5528575337753853,0.9037139923872474,0.8825854776090093,2.91362290078387,3.559999999999988,5392.0,2343.0,2,4,7,322,0.8343877869081792
CS2_38,465,CS2_38_11_08_10.xlsx,18,2010-11-03 16:40:08,0.9495293351791396,0.8632084865264905,3.2640828486217686,0.5581283567557777,0.9024345451057999,0.8813433013651899,2.9000429177477756,3.554999999999988,5382.0,2367.0,2,4,7,321,0.8332690806858403
CS2_38,466,CS2_38_11_08_10.xlsx,19,2010-11-03 19:48:18,0.9555255814812575,0.8686596195284159,3.2794972510329115,0.5428923150710824,0.9102970145037315,0.8920113464147764,3.0151939858112797,3.564999999999988,5407.0,2301.0,2,4,7,323,0.8385311473315106
CS2_38,467,CS2_38_11_08_10.xlsx,20,2010-11-03 22:56:06,0.9566916664575729,0.8697196967796116,3.301404829046401,0.5380418970525329,0.9076225921491394,0.8933065236868927,3.0191984957596207,3.569999999999988,5448.0,2285.0,2,4,7,324,0.8395544570073854
CS2_38,468,CS2_38_11_08_10.xlsx,21,2010-11-04 02:04:23,0.9498512567091417,0.863501142462856,3.307815800900734,0.5318770916988885,0.8987083571884994,0.8810045263501012,2.89934544987342,3.554999999999988,5459.0,2241.0,2,4,7,323,0.8335515861834795
CS2_38,469,CS2_38_11_08_10.xlsx,22,2010-11-04 05:11:44,0.9461031912528384,0.860093810229853,3.251597692552862,0.566117794114688,0.8992615217489635,0.8762953826350547,2.8977990287398954,3.554999999999988,5360.0,2395.0,2,4,7,320,0.8302624333986053
CS2_38,470,CS2_38_11_08_10.xlsx,23,2010-11-04 08:19:48,0.9471116927854162,0.8610106298049237,3.2495208497672743,0.5591728554779868,0.903310409600529,0.8777411427227749,2.8361433588805767,3.559999999999988,5355.0,2375.0,2,4,7,320,0.8311474541281257
CS2_38,471,CS2_38_11_08_10.xlsx,24,2010-11-04 11:27:30,0.9465574530893832,0.8605067755358029,3.2478611779458433,0.5629066197373198,0.9019941806083371,0.8777710277521058,2.902577301624016,3.554999999999988,5353.0,2389.0,2,4,7,320,0.8306610754720036
CS2_38,472,CS2_38_11_08_10.xlsx,25,2010-11-04 14:35:22,0.8186436063951561,0.7442214603592328,3.246092733215451,,,,,,5350.0,,2,,7,286,0.718408984364382
CS2_38,473,CS2_38_11_08_10.xlsx,26,2010-11-04 16:56:24,0.9437625737431041,0.8579659761300946,3.248014054075854,0.5794479337779663,0.8944544671195747,0.8723099996851338,2.8729513809976184,3.5499999999999883,5353.0,2467.0,2,4,7,320,0.8282084008076
CS2_38,474,CS2_38_11_08_10.xlsx,27,2010-11-04 20:05:25,0.9524253145964892,0.8658411950877174,3.2531716926839893,0.5505169699482426,0.9115576784020215,0.8887725155247881,3.0065163629289433,3.564999999999988,5362.0,2341.0,2,4,7,321,0.8358104767411024
CS2_38,475,CS2_38_11_08_10.xlsx,28,2010-11-04 23:12:59,0.9531457747913521,0.8664961589012291,3.285530267849374,0.5443958295597027,0.9061646911323405,0.8886887521182761,2.9778507239643894,3.564999999999988,5420.0,2319.0,2,4,7,323,0.8364427238787129
CS2_38,476,CS2_38_11_08_10.xlsx,29,2010-11-05 02:21:10,0.9453310347972668,0.8593918498156969,3.28977142229802,0.5350102277480829,0.8973949633538303,0.8748068474327226,2.8687723386326027,3.554999999999988,5428.0,2291.0,2,4,7,322,0.8295848196840607
CS2_38,477,CS2_38_11_08_10.xlsx,30,2010-11-05 05:28:36,0.9433347837890018,0.8575770761718198,3.2320880046465814,0.571734629565174,0.8997817048373844,0.873181415458695,2.874297856469893,3.554999999999988,5326.0,2427.0,2,4,7,319,0.8278329894026284
CS2_38,478,CS2_38_11_08_10.xlsx,31,2010-11-05 08:36:28,0.944903110038986,0.859002827308169,3.2348596046572298,0.5641457523014688,0.9034351053556774,0.8761750793391802,2.8974049853488677,3.554999999999988,5330.0,2390.0,2,4,7,319,0.8292092899803174
CS2_38,479,CS2_38_11_08_10.xlsx,32,2010-11-05 11:43:54,0.9445906693459669,0.8587187903145153,3.2400543343490704,0.5621395688106271,0.9023242581610771,0.8756295694559734,2.8937276189491663,3.554999999999988,5340.0,2395.0,2,4,7,319,0.8289351044871524
CS2_38,480,CS2_38_11_08_10.xlsx,33,2010-11-05 14:51:34,0.9460476374456697,0.8600433067687905,3.2472223978191708,0.5548385921520076,0.9041032442157564,0.8784516776946028,2.9071826021022162,3.554999999999988,5352.0,2365.0,2,4,7,320,0.8302136815927231
CS2_38,481,CS2_38_11_08_10.xlsx,34,2010-11-05 17:59:00,0.9496490049622786,0.863317277238435,3.2410421410639842,0.5644950970165952,0.907767531123862,0.8863987833804441,3.009954962471559,3.564999999999988,5342.0,2415.0,2,4,7,320,0.8333740981155158
CS2_38,482,CS2_38_11_08_10.xlsx,35,2010-11-05 21:07:19,0.9520446915118583,0.8654951741016893,3.280601288598363,0.5408810006991702,0.9071640322586955,0.8875961443660393,2.981982211521558,3.564999999999988,5412.0,2308.0,2,4,7,323,0.8354764570999311
CS2_38,483,CS2_38_11_08_10.xlsx,36,2010-11-06 00:15:08,0.952786869618258,0.8661698814711436,3.289520267938591,0.5364173302673587,0.9072669298126117,0.8885598189280219,2.998018968624547,3.569999999999988,5428.0,2288.0,2,4,7,323,0.8361277630106728
CS2_38,484,CS2_38_11_08_10.xlsx,37,2010-11-06 03:22:55,0.9532563985589633,0.8665967259626938,3.2945418895040173,0.5330366069038263,0.9074030685788338,0.889100311484604,2.9923958606669605,3.569999999999988,5437.0,2275.0,2,4,7,324,0.8365398028858844
CS2_38,485,CS2_38_11_08_10.xlsx,38,2010-11-06 06:30:40,0.953575883829366,0.8668871671176054,3.298486989557028,0.5308538147095203,0.9073836439520538,0.8893416619013339,2.994934045717576,3.569999999999988,5444.0,2267.0,2,4,7,324,0.8368201704192486
CS2_38,486,CS2_38_11_08_10.xlsx,39,2010-11-06 09:38:25,0.9539622357670012,0.8672383961518192,3.2999582028029453,0.5298882128505611,0.9080356463949126,0.8898778003011033,2.990540890799595,3.569999999999988,5447.0,2262.0,2,4,7,324,0.8371592174733702
CS2_38,487,CS2_38_11_08_10.xlsx,40,2010-11-06 12:46:08,0.9551549057471718,0.8683226415883379,3.3060226294087274,0.5246427541663604,0.9094814047088637,0.8913105251948891,3.005543500615135,3.5749999999999877,5457.0,2240.0,2,4,7,324,0.8382058570885126
CS2_38,488,CS2_38_11_08_10.xlsx,41,2010-11-06 15:53:45,0.9556789476709184,0.8687990433371985,3.3134275492771565,0.521857352877295,0.9088978698185182,0.8917166026860041,3.0031898138127318,3.5749999999999877,5471.0,2229.0,2,4,7,325,0.8386657353838565
CS2_38,489,CS2_38_11_08_10.xlsx,42,2010-11-06 19:01:25,0.9558246712206611,0.86893151929151,3.316874887295244,0.5192679629794056,0.9089893210641368,0.8918558151798682,3.004578395688515,3.5749999999999877,5477.0,2219.0,2,4,7,325,0.8387936165601715
CS2_38,490,CS2_38_11_08_10.xlsx,43,2010-11-06 22:09:02,0.9559891181311926,0.8690810164829023,3.317793989076393,0.518775775418642,0.9090558879365143,0.8918591874113992,3.003063831469041,3.5749999999999877,5479.0,2215.0,2,4,7,325,0.8389379286112935
CS2_38,491,CS2_38_11_08_10.xlsx,44,2010-11-07 01:16:37,0.955955869553101,0.869050790502819,3.3182250682815333,0.5175102652955605,0.9092444891900283,0.8918544667462708,3.0026405215462044,3.5749999999999877,5480.0,2209.0,2,4,7,325,0.8389087509849958
CS2_38,492,CS2_38_11_08_10.xlsx,45,2010-11-07 04:24:08,0.9559275132418179,0.8690250120380162,3.319415431802451,0.5167180946968756,0.9091542020608018,0.8917785947061533,3.0196604251252124,3.5749999999999877,5482.0,2208.0,2,4,7,325,0.8388838666169631
CS2_38,493,CS2_38_11_08_10.xlsx,46,2010-11-07 07:31:39,0.9557030219563387,0.868820929051217,3.318882234467713,0.5165686068437564,0.9089910533457091,0.8915628608807882,3.0188534300341274,3.5749999999999877,5481.0,2207.0,2,4,7,325,0.838686862016744
CS2_38,494,CS2_38_11_08_10.xlsx,47,2010-11-07 10:39:09,0.9556134246742971,0.8687394769766337,3.31839785804536,0.5168226056352438,0.9093487734396009,0.8914794473685063,3.0025360675012465,3.5749999999999877,5480.0,2206.0,2,4,7,325,0.8386082350148466
CS2_38,495,CS2_38_11_08_10.xlsx,48,2010-11-07 13:46:35,0.9556895291089518,0.8688086628263197,3.3188672592112773,0.5165634485661954,0.9091081322964994,0.8915609764176526,3.0015581417898813,3.5749999999999877,5481.0,2200.0,2,4,7,325,0.8386750212319243
CS2_38,496,CS2_38_11_08_10.xlsx,49,2010-11-07 16:53:57,0.8388457707831094,0.7625870643482812,3.3210754338283066,,,,,,5485.0,,2,,7,292,0.7361375982404749
CS2_38,497,CS2_38_11_08_10.xlsx,50,2010-11-07 19:18:20,0.9557033301307527,0.8688212092097751,3.331049182435653,0.5210828273130218,0.9055488893273183,0.8915942220277681,3.015661574092585,3.5749999999999877,5502.0,2233.0,2,4,7,326,0.8386871324583208
CS2_38,498,CS2_38_11_15_10.xlsx,1,2010-11-08 12:42:15,0.953992671009666,0.8672660645542417,3.2592347895346725,0.5845348779581692,0.9024713789195153,0.8818803185467365,2.857860552896357,3.554999999999988,5362.0,2500.0,2,4,7,321,0.837185926228683
CS2_38,499,CS2_38_11_15_10.xlsx,2,2010-11-08 15:52:31,0.9519659374754619,0.8654235795231471,3.2844032253354745,0.5571386083346334,0.9008127584100658,0.8805176513259808,2.883900546971624,3.554999999999988,5417.0,2359.0,2,4,7,323,0.8354073456980217
CS2_38,500,CS2_38_11_15_10.xlsx,3,2010-11-08 19:01:17,0.9563833809373798,0.8694394372157997,3.2638861983381986,0.5666168947162512,0.9091901425010784,0.892265440964208,2.998154424550545,3.569999999999988,5381.0,2397.0,2,4,7,322,0.8392839179281989
CS2_38,501,CS2_38_11_15_10.xlsx,4,2010-11-08 22:10:17,0.9581000624370639,0.8710000567609671,3.306167823401223,0.5392569171302816,0.9078863256832553,0.8935103475703082,3.0139456652589636,3.569999999999988,5456.0,2278.0,2,4,7,324,0.8407904091571426
CS2_38,502,CS2_38_11_15_10.xlsx,5,2010-11-09 01:18:39,0.9584132486412442,0.8712847714920401,3.314536723980792,0.5329011937003126,0.9079791432849158,0.8941088818402583,2.9938616850466144,3.569999999999988,5471.0,2257.0,2,4,7,325,0.8410652488811745
CS2_38,503,CS2_38_11_15_10.xlsx,6,2010-11-09 04:26:58,0.948405751615625,0.8621870469232954,3.285799467354248,0.5580959831755212,0.8964232397782773,0.8784159946777482,2.8993985469887913,3.554999999999988,5424.0,2356.0,2,4,7,322,0.8322830685550335
CS2_38,504,CS2_38_11_15_10.xlsx,7,2010-11-09 07:35:34,0.948779400569415,0.8625267277903772,3.256723755382543,0.5585178507117223,0.9036983425045806,0.8799946693673192,2.875332279874682,3.559999999999988,5368.0,2359.0,2,4,7,320,0.8326109679770825
CS2_38,505,CS2_38_11_15_10.xlsx,8,2010-11-09 10:43:19,0.9492734969434631,0.8629759063122391,3.265147439882858,0.5506691573480931,0.9046054956323346,0.8814395716409468,2.91954210065682,3.559999999999988,5384.0,2327.0,2,4,7,321,0.8330445672521334
CS2_38,506,CS2_38_11_15_10.xlsx,9,2010-11-09 13:50:50,0.9486095807571813,0.862372346142892,3.2686572696595726,0.5475997120152699,0.9038463212674812,0.8803423762984275,2.91143554761943,3.559999999999988,5391.0,2316.0,2,4,7,321,0.8324619408816789
CS2_38,507,CS2_38_11_15_10.xlsx,10,2010-11-09 16:58:14,0.9455353955849102,0.8595776323499182,3.259850590121771,0.5516399467678105,0.9010970413786277,0.8761957336694723,2.8943552812741586,3.554999999999988,5376.0,2338.0,2,4,7,321,0.829764158562112
CS2_38,508,CS2_38_11_15_10.xlsx,11,2010-11-09 20:05:36,0.9523971095517734,0.8658155541379757,3.2645566138849063,0.5425975312797418,0.9110859302639381,0.8881180051127135,2.9982143701215076,3.569999999999988,5381.0,2293.0,2,4,7,322,0.8357857251185772
CS2_38,509,CS2_38_11_15_10.xlsx,12,2010-11-09 23:12:40,0.953291918467313,0.8666290167884663,3.294526719812302,0.5319051620827496,0.9077174336450625,0.8889371105398628,3.00285463177897,3.569999999999988,5437.0,2255.0,2,4,7,324,0.8365709737410439
CS2_38,510,CS2_38_11_15_10.xlsx,13,2010-11-10 02:20:04,0.9501905623979052,0.8638096021799138,3.300113397405495,0.5283292728921766,0.9040470888378958,0.8824342206168314,2.743040362755514,3.564999999999988,5447.0,2239.0,2,4,7,324,0.8338493473256291
CS2_38,511,CS2_38_11_15_10.xlsx,14,2010-11-10 05:27:13,0.9432886443393045,0.8575351312175494,3.2597730834318503,0.5528698969331325,0.8984773672826062,0.8733993608905014,2.8934361615761746,3.554999999999988,5376.0,2343.0,2,4,7,321,0.8277924992614518
CS2_38,512,CS2_38_11_15_10.xlsx,15,2010-11-10 08:34:33,0.9450738888981203,0.8591580808164729,3.2418620585403066,0.5541502718951652,0.9048027094541509,0.8772444908421448,2.9084815710279055,3.559999999999988,5344.0,2346.0,2,4,7,320,0.8293591586970376
CS2_38,513,CS2_38_11_15_10.xlsx,16,2010-11-10 11:41:29,0.9448012393512393,0.8589102175920357,3.2545416900911945,0.5463323358726321,0.9037565076162205,0.8763824221970312,2.9151341455993696,3.559999999999988,5367.0,2319.0,2,4,7,320,0.8291198923269932
CS2_38,514,CS2_38_11_15_10.xlsx,17,2010-11-10 14:48:19,0.9451458195449209,0.8592234723135644,3.2539699939785494,0.5436936524060889,0.9049038441178004,0.8778344221024075,2.9077292176832814,3.559999999999988,5366.0,2304.0,2,4,7,320,0.8294222821643303
CS2_38,515,CS2_38_11_15_10.xlsx,18,2010-11-10 17:54:56,0.9430558696888198,0.857323517898927,3.2437400302345454,0.5542194263195195,0.9024219254434416,0.8753929163729809,2.9176829868194987,3.559999999999988,5350.0,2349.0,2,4,7,320,0.8275882255104152
CS2_38,516,CS2_38_11_15_10.xlsx,19,2010-11-10 21:01:53,0.9494535832074114,0.8631396210976466,3.2633988689951723,0.5328408737869257,0.9109536206752603,0.8848975369730888,2.988778912626552,3.569999999999988,5383.0,2266.0,2,4,7,321,0.833202603776172
CS2_38,517,CS2_38_11_15_10.xlsx,20,2010-11-11 00:08:22,0.9505800834934632,0.8641637122667847,3.2857356378543128,0.5277379756555068,0.9086725119586606,0.886027833880436,3.0038190515034286,3.569999999999988,5424.0,2250.0,2,4,7,323,0.8341911755063689
CS2_38,518,CS2_38_11_15_10.xlsx,21,2010-11-11 03:15:20,0.9439765197267356,0.8581604724788504,3.291915567193086,0.5206066756951849,0.9002921255596245,0.8756997282160252,2.8968798107277878,3.559999999999988,5435.0,2209.0,2,4,7,323,0.8283961512714269
CS2_38,519,CS2_38_11_15_10.xlsx,22,2010-11-11 06:21:27,0.940318623418662,0.8548351121987836,3.2339009882469965,0.5571537362099153,0.9009214691498229,0.8718316991101436,2.9161733658450273,3.559999999999988,5333.0,2372.0,2,4,7,318,0.8251861273354127
CS2_38,520,CS2_38_11_15_10.xlsx,23,2010-11-11 09:28:22,0.9415798393677726,0.8559816721525204,3.233198230037623,0.5510350501696621,0.9041465131788743,0.8741483252806888,2.9163681027523047,3.559999999999988,5330.0,2351.0,2,4,7,319,0.8262929201595264
CS2_38,521,CS2_38_11_15_10.xlsx,24,2010-11-11 12:34:58,0.940615443919512,0.8551049490177381,3.2343447411421353,0.5541905815884358,0.9022147916921905,0.8721398338888622,2.9222272871297483,3.554999999999988,5332.0,2355.0,2,4,7,318,0.8254466051708083
CS2_38,522,CS2_38_11_15_10.xlsx,25,2010-11-11 15:41:36,0.9401250818345055,0.8546591653040958,3.232509496089673,0.5515186471231521,0.9028959281328054,0.8716679568680893,2.896341502359607,3.559999999999988,5329.0,2348.0,2,4,7,318,0.8250162829589099
CS2_38,523,CS2_38_11_15_10.xlsx,26,2010-11-11 18:48:02,0.9431463321694515,0.8574057565176831,3.2197618656847657,0.5609771650231199,0.9072490980623499,0.8798975817919458,3.011085330653782,3.564999999999988,5307.0,2388.0,2,4,7,318,0.8276676117760943
CS2_38,524,CS2_38_11_15_10.xlsx,27,2010-11-11 21:54:57,0.9467619011349484,0.8606926373954076,3.2608260581370345,0.5367413583694037,0.9084125371011721,0.8825684176348342,2.9860114337085544,3.569999999999988,5379.0,2293.0,2,4,7,321,0.8308404909241276
CS2_38,525,CS2_38_11_15_10.xlsx,28,2010-11-12 01:01:40,0.9475736342609551,0.8614305766008682,3.273575726989006,0.5313035467294417,0.9076252462423147,0.8831778986166965,2.981086241648109,3.569999999999988,5402.0,2269.0,2,4,7,321,0.8315528355464685
CS2_38,526,CS2_38_11_15_10.xlsx,29,2010-11-12 04:08:24,0.93849384810731,0.8531762255520999,3.250117256357365,0.549890861715971,0.8970899051118723,0.869538695254057,2.898836442167891,3.559999999999988,5365.0,2356.0,2,4,7,319,0.8235847772877476
CS2_38,527,CS2_38_11_15_10.xlsx,30,2010-11-12 07:15:29,0.9367379864579526,0.8515799876890477,3.210594456998911,0.5655417227124079,0.9004590412662153,0.8680910474063773,2.9198672795968617,3.554999999999988,5290.0,2410.0,2,4,7,317,0.8220439031218163
CS2_38,528,CS2_38_11_15_10.xlsx,31,2010-11-12 10:22:07,0.9372072979388548,0.8520066344898679,3.2104628758996423,0.5617075177347883,0.9024184246537251,0.8686611958869869,2.907723343923103,3.554999999999988,5290.0,2395.0,2,4,7,317,0.8224557521629762
CS2_38,529,CS2_38_11_15_10.xlsx,32,2010-11-12 13:28:31,0.9376396281908903,0.8523996619917183,3.2181806070215306,0.5548739082093194,0.9028230244118264,0.8688562590895359,2.8685488137351447,3.559999999999988,5304.0,2368.0,2,4,7,317,0.822835147952363
CS2_38,530,CS2_38_11_15_10.xlsx,33,2010-11-12 16:34:44,0.9356761707305061,0.8506147006640964,3.219646563997506,0.5527273368807851,0.9005720064177815,0.8665351578968987,2.8955431132956018,3.554999999999988,5307.0,2369.0,2,4,7,317,0.8211120959808603
CS2_38,531,CS2_38_11_15_10.xlsx,34,2010-11-12 19:40:55,0.941782559663686,0.8561659633306236,3.209120161605007,0.5616799736715389,0.9088289979312896,0.8770625070439102,2.9665956385541556,3.569999999999988,5287.0,2384.0,2,4,7,318,0.8264708194074525
CS2_38,532,CS2_38_11_15_10.xlsx,35,2010-11-12 22:47:21,0.9435469047518197,0.857769913410745,3.250115329411469,0.5386044381387104,0.906829479678045,0.878694626832542,2.9719252444875024,3.569999999999988,5361.0,2305.0,2,4,7,320,0.8280191383009645
CS2_38,533,CS2_38_11_15_10.xlsx,36,2010-11-13 01:53:48,0.9442354155094606,0.8583958322813277,3.2583747031653063,0.5345351040892843,0.9069588699271864,0.879328575961024,2.9717539909968695,3.569999999999988,5376.0,2288.0,2,4,7,321,0.8286233478864993
CS2_38,534,CS2_38_11_15_10.xlsx,37,2010-11-13 05:00:15,0.9446125988924265,0.8587387262658422,3.262860358652956,0.5317262152082233,0.9069930569160465,0.8798310271546123,2.971232596782133,3.569999999999988,5384.0,2278.0,2,4,7,321,0.8289543489826526
CS2_38,535,CS2_38_11_15_10.xlsx,38,2010-11-13 08:06:41,0.94487948482098,0.8589813498372545,3.265074329740357,0.5303280168181393,0.9072814384248167,0.8801080014248958,2.9780522568546544,3.569999999999988,5388.0,2272.0,2,4,7,321,0.8291885574310854
CS2_38,536,CS2_38_11_15_10.xlsx,39,2010-11-13 11:13:07,0.9452265628052388,0.8592968752774897,3.2678571692529386,0.5283033321376879,0.9077942648559058,0.880556695451223,2.961724981928323,3.5749999999999877,5393.0,2262.0,2,4,7,321,0.8294931392298299
CS2_38,537,CS2_38_11_15_10.xlsx,40,2010-11-13 14:19:28,0.9459041232534986,0.8599128393213623,3.2711828414067106,0.5254911831725054,0.9082418201773934,0.8814804279833255,2.9878973597099647,3.5749999999999877,5399.0,2254.0,2,4,7,321,0.8300877392605115
CS2_38,538,CS2_38_11_15_10.xlsx,41,2010-11-13 17:25:50,0.9459551706070073,0.8599592460063702,3.2750436043549063,0.5243804646876457,0.9076633134564279,0.8814349856551629,2.980068024910806,3.5749999999999877,5406.0,2244.0,2,4,7,322,0.8301325363823631
CS2_38,539,CS2_38_11_15_10.xlsx,42,2010-11-13 20:32:09,0.9457158326508406,0.8597416660462186,3.2749882932638603,0.5229614941442166,0.9079738944878957,0.8811342812430858,2.979510938551674,3.5749999999999877,5406.0,2243.0,2,4,7,322,0.8299225029359814
CS2_38,540,CS2_38_11_15_10.xlsx,43,2010-11-13 23:38:26,0.9456193733270979,0.859653975751907,3.2748534026918668,0.5235155764279323,0.9078710523036592,0.8809822203879206,2.979902626359018,3.5749999999999877,5406.0,2243.0,2,4,7,322,0.829837854079921
CS2_38,541,CS2_38_11_15_10.xlsx,44,2010-11-14 02:44:42,0.9454007612961277,0.8594552375419342,3.2749045126683884,0.5229800505650238,0.907720126957579,0.8806108247882757,2.980035334359862,3.5749999999999877,5406.0,2244.0,2,4,7,322,0.8296460088790152
CS2_38,542,CS2_38_11_15_10.xlsx,45,2010-11-14 05:50:58,0.9450302673450253,0.8591184248591138,3.273215261852748,0.5224740906255892,0.9075989037418154,0.8802602821461761,2.971438777965737,3.5749999999999877,5403.0,2238.0,2,4,7,322,0.8293208781615145
CS2_38,543,CS2_38_11_15_10.xlsx,46,2010-11-14 08:57:06,0.9448379835454759,0.858943621404978,3.2714305691148122,0.5240195377168675,0.907711488331956,0.8801034541451948,2.979953913991037,3.5749999999999877,5400.0,2243.0,2,4,7,321,0.8291521375666269
CS2_38,544,CS2_38_11_15_10.xlsx,47,2010-11-14 12:03:13,0.9448627583137679,0.8589661439216071,3.272637032377178,0.5219803368227138,0.907975574838501,0.8800820233257021,2.980584183434806,3.5749999999999877,5402.0,2235.0,2,4,7,321,0.8291738789153499
CS2_38,545,CS2_38_11_15_10.xlsx,48,2010-11-14 15:09:15,0.944824885045449,0.8589317136776808,3.273670811941392,0.5202240253198448,0.9081325150234317,0.8800942613583852,2.9704145456370203,3.5749999999999877,5404.0,2225.0,2,4,7,322,0.8291406428453252
CS2_38,546,CS2_38_11_15_10.xlsx,49,2010-11-14 18:15:09,0.9446645933312752,0.8587859939375229,3.2736535483575233,0.520711759680646,0.90776809724272,0.8798097772035383,2.9781293980689485,3.5749999999999877,5404.0,2223.0,2,4,7,322,0.8289999772288321
CS2_38,547,CS2_38_11_15_10.xlsx,50,2010-11-14 21:21:01,0.9446326083132774,0.858756916648434,3.2731493554791813,0.5191856813478108,0.9083196710281705,0.8797845632010448,2.9693653478963546,3.5749999999999877,5404.0,2226.0,2,4,7,322,0.8289719084524866
CS2_38,548,CS2_38_11_22_10.xlsx,1,2010-11-15 12:55:15,0.943704452847081,0.8579131389518918,3.2183593877171437,0.5809851748278045,0.9032856116890762,0.8727316023859091,2.838770709814314,3.559999999999988,5294.0,2491.0,2,4,7,318,0.8281573962269058
CS2_38,549,CS2_38_11_22_10.xlsx,2,2010-11-15 16:03:41,0.9412362966857021,0.8556693606233654,3.245087569911383,0.5553293062663406,0.9001402068908619,0.8708792150343891,2.8759614455936724,3.554999999999988,5351.0,2355.0,2,4,7,320,0.825991440801007
CS2_38,550,CS2_38_11_22_10.xlsx,3,2010-11-15 19:10:41,0.945532375677969,0.8595748869799718,3.2204613861880595,0.5677154209142953,0.908680362702157,0.8806398845484559,2.977918480949812,3.564999999999988,5308.0,2415.0,2,4,7,318,0.8297615084122036
CS2_38,551,CS2_38_11_22_10.xlsx,4,2010-11-15 22:18:11,0.9468367335561831,0.8607606668692573,3.26661255017766,0.5350680808483084,0.9073182699141276,0.8813838683860409,2.9710168798727423,3.569999999999988,5390.0,2272.0,2,4,7,321,0.8309061608729512
CS2_38,552,CS2_38_11_22_10.xlsx,5,2010-11-16 01:24:46,0.9469377266941907,0.8608524788129006,3.271544133106633,0.5313317714024522,0.9075379905093096,0.8816368612725934,2.9685392109585615,3.569999999999988,5399.0,2256.0,2,4,7,321,0.830994788423618
CS2_38,553,CS2_38_11_22_10.xlsx,6,2010-11-16 04:31:12,0.9373800277135649,0.8521636615577862,3.2430143257110853,0.5542245448440645,0.8967217878503676,0.8684608593806683,2.8778174713063933,3.559999999999988,5352.0,2354.0,2,4,7,319,0.82260733292541
CS2_38,554,CS2_38_11_22_10.xlsx,7,2010-11-16 07:37:58,0.9353906716566271,0.8503551560514792,3.2040737310003453,0.5647969052691643,0.9013785683709177,0.8671794022618272,2.8934044067564564,3.554999999999988,5280.0,2395.0,2,4,7,316,0.8208615533783161
CS2_38,555,CS2_38_11_22_10.xlsx,8,2010-11-16 10:44:09,0.9331899751192019,0.848354522835638,3.2044455370280027,0.5611932847276466,0.8994435716753887,0.8630410241580758,2.8432962889098405,3.554999999999988,5281.0,2383.0,2,4,7,316,0.8189303098530565
CS2_38,556,CS2_38_11_22_10.xlsx,9,2010-11-16 13:50:00,0.9329685192019967,0.8481531992745425,3.194890222628826,0.5613334029348043,0.9018768574486354,0.8631353823111437,2.9278118864836404,3.554999999999988,5264.0,2388.0,2,4,7,316,0.818735968970995
CS2_38,557,CS2_38_11_22_10.xlsx,10,2010-11-16 16:55:38,0.9312030908454183,0.8465482644049257,3.19500604856615,0.5586161190066175,0.9006391334665099,0.8613810601744172,2.855733584256864,3.5499999999999883,5265.0,2378.0,2,4,7,315,0.8171866994442928
CS2_38,558,CS2_38_11_22_10.xlsx,11,2010-11-16 20:01:02,0.9392813242946776,0.8538921129951613,3.205527294366168,0.5491362043634128,0.9108763046028716,0.8745291962099196,2.9588219642073663,3.569999999999988,5280.0,2334.0,2,4,7,316,0.8242758349880197
CS2_38,559,CS2_38_11_22_10.xlsx,12,2010-11-16 23:06:22,0.9408641199285714,0.8553310181168831,3.2439063804025277,0.53304440369574,0.9075124776932044,0.8756143081980426,2.958183120702836,3.569999999999988,5351.0,2276.0,2,4,7,320,0.8256648333200401
CS2_38,560,CS2_38_11_22_10.xlsx,13,2010-11-17 02:12:02,0.9384285289049252,0.8531168444590229,3.251363064424976,0.529494899445405,0.9042618385088912,0.8706827035927385,2.8667430373942984,3.5799999999999876,5365.0,2261.0,2,4,7,319,0.8235274557604333
CS2_38,561,CS2_38_11_22_10.xlsx,14,2010-11-17 05:17:32,0.9306754495355136,0.8460685904868305,3.2141616935097574,0.5530642339594256,0.8969183480164906,0.8606985357480524,2.8539635542788098,3.554999999999988,5299.0,2361.0,2,4,7,316,0.8167236624711873
CS2_38,562,CS2_38_11_22_10.xlsx,15,2010-11-17 08:23:12,0.9311119798073566,0.8464654361885059,3.1872947163944496,0.5608142490237148,0.9023415800745813,0.8632046930481833,2.9167106096686557,3.554999999999988,5251.0,2384.0,2,4,7,315,0.8171067440304753
CS2_38,563,CS2_38_11_22_10.xlsx,16,2010-11-17 11:28:27,0.929988634578331,0.8454442132530281,3.193558655345966,0.5544745471916802,0.9014636937991497,0.8601315326814696,2.8583042791160027,3.559999999999988,5263.0,2372.0,2,4,7,315,0.8161209410525122
CS2_38,564,CS2_38_11_22_10.xlsx,17,2010-11-17 14:33:39,0.9286678478908357,0.8442434980825778,3.188292017258607,0.5547668791690151,0.9008791397640755,0.8587208586566478,2.859490980535467,3.554999999999988,5254.0,2373.0,2,4,7,315,0.8149618713238622
CS2_38,565,CS2_38_11_22_10.xlsx,18,2010-11-17 17:38:38,0.926283419738759,0.8420758361261446,3.1742540567927824,0.5635115235859035,0.8992790308970742,0.8557393542860268,2.833488633119479,3.5499999999999883,5230.0,2410.0,2,4,7,314,0.8128693922601506
CS2_38,566,CS2_38_11_22_10.xlsx,19,2010-11-17 20:43:42,0.9357920519651195,0.8507200472410177,3.1957965810941085,0.5394095373159541,0.912521835064488,0.8706515302960166,2.9620872263803575,3.569999999999988,5265.0,2311.0,2,4,7,316,0.8212137887314237
CS2_38,567,CS2_38_11_22_10.xlsx,20,2010-11-17 23:48:13,0.9370251643154717,0.8518410584686106,3.229285557998068,0.5339276805164007,0.9072974525509853,0.8718234312282878,2.9404995638213265,3.569999999999988,5327.0,2289.0,2,4,7,318,0.822295918957939
CS2_38,568,CS2_38_11_22_10.xlsx,21,2010-11-18 02:53:28,0.929885642052735,0.8453505836843045,3.2365484482949474,0.530179567548337,0.8972562457531821,0.8581728730296249,2.8125752480405097,3.559999999999988,5340.0,2266.0,2,4,7,317,0.8160305589190264
CS2_38,569,CS2_38_11_22_10.xlsx,22,2010-11-18 05:58:09,0.9229892209783088,0.8390811099802806,3.1698113028631583,0.5650192367098631,0.896001743313622,0.8509149478746844,2.8150394728684014,3.5499999999999883,5223.0,2421.0,2,4,7,313,0.8099785347889605
CS2_38,570,CS2_38_11_22_10.xlsx,23,2010-11-18 09:03:06,0.9252165929672422,0.8411059936065838,3.1537493585721497,0.565315607217325,0.9032957273074562,0.856447251192077,2.8500495914713317,3.554999999999988,5193.0,2423.0,2,4,7,313,0.8119331876267412
CS2_38,571,CS2_38_11_22_10.xlsx,24,2010-11-18 12:07:44,0.924411840013363,0.840374400012148,3.1669927578292594,0.5604769343425261,0.9003213244439344,0.8543665897668643,2.8354886382372095,3.554999999999988,5218.0,2401.0,2,4,7,313,0.8112269685251148
CS2_38,572,CS2_38_11_22_10.xlsx,25,2010-11-18 15:12:20,0.9139846407264258,0.8308951279331143,3.128990374032876,0.5872855244489866,0.8895899587582519,0.837722171828257,2.7228593315850063,3.5399999999999885,5154.0,2518.0,2,4,7,309,0.802076474230681
CS2_38,573,CS2_38_11_22_10.xlsx,26,2010-11-18 18:17:16,0.9141683719973415,0.8310621563612195,3.074241722824624,0.6109020361741182,0.8967132151082833,,,,5055.0,2620.0,2,4,7,308,0.8022377094674841
CS2_38,574,CS2_38_11_22_10.xlsx,27,2010-11-18 21:22:15,0.9262295280208228,0.8420268436552933,3.1378857656484627,0.5608310284392594,0.9103001976238186,0.8599641596390646,2.9046931984227538,3.564999999999988,5166.0,2408.0,2,4,7,312,0.8128220990375006
CS2_38,575,CS2_38_11_22_10.xlsx,28,2010-11-19 00:26:13,0.9280615208023661,0.8436922916385146,3.1809812637651076,0.5494800645773746,0.9048646288195333,0.8616559441113658,2.914222196186651,3.564999999999988,5243.0,2364.0,2,4,7,314,0.8144297828491984
CS2_38,576,CS2_38_11_22_10.xlsx,29,2010-11-19 03:30:50,0.9132244546107664,0.8302040496461512,3.1894068011322627,0.5332974630648071,0.8877340102870276,0.8378775041186488,2.7458696282559623,3.5399999999999885,5258.0,2340.0,2,4,7,313,0.8014093652091085
CS2_38,577,CS2_38_11_22_10.xlsx,30,2010-11-19 06:34:30,0.9060272362135109,0.8236611238304644,3.0622334964736466,0.6150976020986055,0.8892340280795277,,,,5036.0,2643.0,2,4,7,306,0.7950933733432597
CS2_38,578,CS2_38_11_22_10.xlsx,31,2010-11-19 09:39:07,0.9078262938217918,0.8252966307470834,3.0487332345647045,0.6141026270117861,0.895683210070018,,,,5011.0,2635.0,2,4,7,304,0.7966721545602405
CS2_38,579,CS2_38_11_22_10.xlsx,32,2010-11-19 12:43:17,0.9037005810168672,0.8215459827426065,3.0439485775996644,0.6231211684761675,0.8895587634311336,,,,5004.0,2676.0,2,4,7,303,0.7930515935214553
CS2_38,580,CS2_38_11_22_10.xlsx,33,2010-11-19 15:47:47,0.9008462725252926,0.818951156841175,3.0308659682816343,0.6224648797983747,0.8893705377002911,,,,4980.0,2675.0,2,4,7,302,0.7905467662089641
CS2_38,581,CS2_38_11_22_10.xlsx,34,2010-11-19 18:51:43,0.9095958476603627,0.8269053160548752,3.012526308968363,0.6284753606834936,0.9041679930460476,,,,4948.0,2719.0,2,4,7,303,0.7982250444454297
CS2_38,582,CS2_38_11_22_10.xlsx,35,2010-11-19 21:56:20,0.9178414087571838,0.8344012806883488,3.1066688544559935,0.5780451156462418,0.9043372225071977,0.8502319558088984,2.8677752310290408,3.554999999999988,5113.0,2491.0,2,4,7,309,0.8054610200602229
CS2_38,583,CS2_38_11_22_10.xlsx,36,2010-11-20 01:00:20,0.9204917718693579,0.8368107016994162,3.1360286534612816,0.5647156516699886,0.9039469911239666,0.8532313757276936,2.8870241483475785,3.559999999999988,5165.0,2440.0,2,4,7,311,0.8077868730403716
CS2_38,584,CS2_38_11_22_10.xlsx,37,2010-11-20 04:04:31,0.9219454849729232,0.8381322590662937,3.1506372571251138,0.5582335410852737,0.9037368070521851,0.8552806355474568,2.8922874125395355,3.564999999999988,5191.0,2410.0,2,4,7,311,0.8090625936911298
CS2_38,585,CS2_38_11_22_10.xlsx,38,2010-11-20 07:08:42,0.9227895580037568,0.8388995981852334,3.159682323926286,0.5525872090060316,0.9040221348596928,0.8560203889521777,2.881538336498385,3.564999999999988,5207.0,2385.0,2,4,7,313,0.8098033185243461
CS2_38,586,CS2_38_11_22_10.xlsx,39,2010-11-20 10:12:47,0.7994556831143171,0.7267778937402882,3.165788296144638,,,,,,5218.0,,2,,7,279,0.701570428039549
CS2_38,587,CS2_38_11_22_10.xlsx,40,2010-11-20 12:30:34,0.9251869487117403,0.8410790442834002,3.1835592920743174,0.5549667548589066,0.9006998571405501,0.858845179107211,2.9004058955988072,3.564999999999988,5249.0,2405.0,2,4,7,314,0.8119071730102206
CS2_38,588,CS2_38_11_22_10.xlsx,41,2010-11-20 15:35:48,0.9254621299286683,0.841329209026062,3.1825822420525016,0.5415384866137569,0.9045260570030196,0.8588955368128591,2.884783347444947,3.569999999999988,5249.0,2340.0,2,4,7,314,0.8121486610729441
CS2_38,589,CS2_38_11_22_10.xlsx,42,2010-11-20 18:39:58,0.9258859356133797,0.8417144869212543,3.1855772324316747,0.5373035252510552,0.9055873996672583,0.8593235084750683,2.8890844572085523,3.569999999999988,5254.0,2325.0,2,4,7,315,0.812520576041977
CS2_38,590,CS2_38_11_22_10.xlsx,43,2010-11-20 21:43:59,0.9246332363976606,0.8405756694524187,3.1883515457644678,0.5342636941021847,0.9038554987359932,0.8578027261348078,2.8890608147299552,3.564999999999988,5259.0,2307.0,2,4,7,315,0.8114212571634706
CS2_38,591,CS2_38_11_22_10.xlsx,44,2010-11-21 00:47:44,0.9241380736373941,0.84012552148854,3.177632805393259,0.5412613753936403,0.9044034108986985,0.8575952445408516,2.8925720537296535,3.569999999999988,5240.0,2334.0,2,4,7,314,0.810986722070398
CS2_38,592,CS2_38_11_22_10.xlsx,45,2010-11-21 03:51:35,0.9238003160536437,0.839818469139676,3.1763926013158814,0.5407348676631876,0.9044806063218034,0.8573103160157916,2.886680062967912,3.564999999999988,5238.0,2333.0,2,4,7,314,0.810690319483475
CS2_38,593,CS2_38_11_22_10.xlsx,46,2010-11-21 06:55:21,0.9235033368341732,0.8395484880310664,3.1747430680445863,0.5404138263776229,0.9046376277746458,0.8569769472647056,2.8933475931358705,3.569999999999988,5235.0,2334.0,2,4,7,314,0.8104297023629473
CS2_38,594,CS2_38_11_22_10.xlsx,47,2010-11-21 09:59:07,0.922991525546017,0.8390832050418336,3.173356842001454,0.5407858957582012,0.9042707170737524,0.8563708084957339,2.8732926768132385,3.564999999999988,5233.0,2334.0,2,4,7,314,0.8099805571856832
CS2_38,595,CS2_38_11_22_10.xlsx,48,2010-11-21 13:02:47,0.9233364396906367,0.8393967633551243,3.1745152837838493,0.538562892516036,0.9052408054588029,0.8567979774034098,2.8956294900467534,3.569999999999988,5235.0,2327.0,2,4,7,314,0.8102832400850468
CS2_38,596,CS2_38_11_22_10.xlsx,49,2010-11-21 16:06:23,0.8022931117831291,0.7293573743482992,3.1762016605339096,,,,,,5238.0,,2,,7,281,0.7040604422926912
CS2_38,597,CS2_38_11_22_10.xlsx,50,2010-11-21 18:24:39,0.923119940002401,0.8391999454567282,3.190130343200226,0.5444638867311207,0.8996263704530826,0.8563838937077752,2.8702458476464967,3.564999999999988,5262.0,2362.0,2,4,7,315,0.810093248591892
CS2_38,598,CS2_38_11_24_10.xlsx,1,2010-11-22 13:15:42,0.910652312245597,0.827865738405088,3.071817871433768,0.641474818868477,0.8868088119775753,0.8306609601613091,2.6651852032124403,3.5349999999999886,5039.0,2771.0,2,4,7,305,0.7991521556373649
CS2_38,599,CS2_38_11_24_10.xlsx,2,2010-11-22 16:22:46,0.906141149658482,0.8237646815077109,3.0671459648625494,0.6167478082391366,0.888650876342538,0.8274033922278704,2.6868765349968977,3.5349999999999886,5043.0,2637.0,2,4,7,306,0.7951933392401016
CS2_38,600,CS2_38_11_24_10.xlsx,3,2010-11-22 19:27:25,0.916487121737523,0.8331701106704754,3.0394732831854374,0.6310141793391619,0.9055251936995087,0.8475659468026018,2.841558434491547,3.5499999999999883,4995.0,2671.0,2,4,7,306,0.804272551775939
CS2_38,601,CS2_38_11_24_10.xlsx,4,2010-11-22 22:32:23,0.9201234518683568,0.8364758653348697,3.1276871014549807,0.570160142195881,0.9037587759420288,0.8523465022537869,2.855723501824897,3.559999999999988,5150.0,2434.0,2,4,7,310,0.8074636500947903
CS2_38,602,CS2_38_11_24_10.xlsx,5,2010-11-23 01:36:12,0.9217821693200619,0.8379837902909653,3.1460437915400017,0.5611386734168601,0.9039110291510336,0.8550921212630328,2.8828763998271447,3.564999999999988,5183.0,2395.0,2,4,7,311,0.8089192743866286
CS2_38,603,CS2_38_11_24_10.xlsx,6,2010-11-23 04:39:59,0.9021738617165989,0.8201580561059989,3.0918756622710952,0.6096212722799946,0.8800092109526917,0.8237486667776422,2.674325637407772,3.5349999999999886,5093.0,2606.0,2,4,7,307,0.7917118055436989
CS2_38,604,CS2_38_11_24_10.xlsx,7,2010-11-23 07:44:43,0.7608340091112993,0.691667281010272,3.020541858560475,,,,,,4963.0,,2,,7,268,0.6676775870300912
CS2_38,605,CS2_38_11_24_10.xlsx,8,2010-11-23 09:56:08,0.8981232490051871,0.8164756809138064,3.0361951689575006,0.6293914286883399,0.8844837620310565,,,,4990.0,2711.0,2,4,7,303,0.7881571493522548
CS2_38,606,CS2_38_11_24_10.xlsx,9,2010-11-23 13:00:43,0.8962309733147018,0.8147554302860924,3.0068063253566732,0.6263998317084019,0.8900234419615579,,,,4940.0,2690.0,2,4,7,300,0.7864965636635384
CS2_38,607,CS2_38_11_24_10.xlsx,10,2010-11-23 16:03:58,0.8924936829914412,0.8113578936285828,3.00186497751317,0.6208800410769324,0.8881342457085938,,,,4932.0,2655.0,2,4,7,300,0.7832168667057482
CS2_38,608,CS2_38_11_24_10.xlsx,11,2010-11-23 19:06:18,0.9024844067246391,0.8204403697496718,2.96867551714213,0.6462638894358752,0.9032432427279723,,,,4874.0,2799.0,2,4,7,299,0.7919843274593199
CS2_38,609,CS2_38_11_24_10.xlsx,12,2010-11-23 22:10:37,0.908829045799445,0.8262082234540409,3.0673692091193545,0.5863048444921244,0.9022524922529036,0.8408351248555983,2.8356911045217696,3.554999999999988,5046.0,2526.0,2,4,7,306,0.7975521297096311
CS2_38,610,CS2_38_11_24_10.xlsx,13,2010-11-24 01:13:36,0.9106242966019344,0.8278402696381222,3.092677426865796,0.575300218884481,0.9010724508877764,0.8426767594890986,2.843212187688809,3.554999999999988,5091.0,2481.0,2,4,7,307,0.7991275702256513
CS2_38,611,CS2_38_11_24_10.xlsx,14,2010-11-24 04:16:41,0.8931220488829101,0.8119291353481001,3.0486293739575903,0.6093865632241788,0.8810794600741971,,,,5021.0,2630.0,2,4,7,304,0.7837682955550949
CS2_38,612,CS2_38_11_24_10.xlsx,15,2010-11-24 07:20:07,0.8883016456284043,0.8075469505712766,2.968419721387982,0.6410975328651414,0.886771576421872,,,,4874.0,2761.0,2,4,7,299,0.7795381018795521
CS2_38,613,CS2_38_11_24_10.xlsx,16,2010-11-24 10:23:03,0.8873861996296384,0.8067147269360349,2.9573514229275033,0.6377768455855548,0.889378266360242,,,,4855.0,2755.0,2,4,7,298,0.7787347429757797
CS2_38,614,CS2_38_11_24_10.xlsx,17,2010-11-24 13:25:29,,,2.945462033360131,0.3400025576738507,,,,,4835.0,724.0,2,4,,187,
CS2_38,615,CS2_38_12_06_10.xlsx,1,2010-11-29 10:34:08,0.893048415431561,0.8118621958468736,,0.28610894900181666,,,,,,1607.0,,4,7,129,0.7837036777744322
CS2_38,616,CS2_38_12_06_10.xlsx,2,2010-11-29 11:56:35,0.8892602950530341,0.8084184500482127,3.0117658837049035,0.5853457963032778,0.8919705501349728,,,,4950.0,2442.0,2,4,7,301,0.780379374387063
CS2_38,617,CS2_38_12_06_10.xlsx,3,2010-11-29 14:55:30,0.88805447832272,0.8073222530206545,2.982630101398494,0.6062756618974319,0.8923590396531309,,,,4899.0,2540.0,2,4,7,300,0.7793211977082404
CS2_38,618,CS2_38_12_06_10.xlsx,4,2010-11-29 17:55:08,0.886792822810222,0.8061752934638381,2.960294551235829,0.6274296872085593,0.890422527068653,,,,4860.0,2642.0,2,4,7,297,0.7782140191408262
CS2_38,619,CS2_38_12_06_10.xlsx,5,2010-11-29 20:55:44,0.9007216133067031,0.818837830278821,3.0055041832865665,0.5859911380328479,0.9085180441067563,0.8335183890351678,2.815594679379656,3.5499999999999883,4937.0,2468.0,2,4,7,301,0.7904373702496982
CS2_38,620,CS2_38_12_06_10.xlsx,6,2010-11-29 23:55:30,0.9038120172254365,0.8216472883867604,3.056614705977266,0.5764392068842221,0.9023300383173687,0.837055325123904,2.816240231294691,3.554999999999988,5029.0,2438.0,2,4,7,304,0.7931493854944143
CS2_38,621,CS2_38_12_06_10.xlsx,7,2010-11-30 02:56:27,0.8945811359887124,0.8132555781715566,3.071506425718473,0.5716913787016262,0.8868330350022123,0.8162862459472018,2.6685078493780336,3.5299999999999887,5055.0,2405.0,2,4,7,304,0.7850487322159201
CS2_38,622,CS2_38_12_06_10.xlsx,8,2010-11-30 05:56:47,0.8869075357136822,0.8062795779215292,2.9691218536699227,0.6324785511130272,0.886752103802629,,,,4877.0,2695.0,2,4,7,298,0.7783146866105585
CS2_38,623,CS2_38_12_06_10.xlsx,9,2010-11-30 08:58:35,0.8871673342578639,0.8065157584162398,2.9507046695293306,0.6390460100974259,0.8904472987793046,,,,4843.0,2720.0,2,4,7,297,0.7785426754530864
CS2_38,624,CS2_38_12_06_10.xlsx,10,2010-11-30 12:00:13,0.8840178593872885,0.8036525994429895,2.9492304035943633,0.6385724507926515,0.8869064985412224,,,,4842.0,2729.0,2,4,7,296,0.7757788218965742
CS2_38,625,CS2_38_12_06_10.xlsx,11,2010-11-30 15:01:50,0.8830855824991843,0.8028050749992585,2.928451792409223,0.6478929059147412,0.888804146770884,,,,4806.0,2774.0,2,4,7,295,0.7749606928754749
CS2_38,626,CS2_38_12_06_10.xlsx,12,2010-11-30 18:03:33,0.8817502899347076,0.8015911726679159,2.9176487204620107,0.6552702202698308,0.8872776512527151,,,,4788.0,2815.0,2,4,7,295,0.773788893367629
CS2_38,627,CS2_38_12_06_10.xlsx,13,2010-11-30 21:05:33,0.8941273624630295,0.8128430567845721,2.962687784631665,0.6138843256074606,0.9043876666698631,,,,4865.0,2630.0,2,4,7,298,0.7846505186646621
CS2_38,628,CS2_38_12_06_10.xlsx,14,2010-12-01 00:06:26,0.8969382417525491,0.8153984015932264,3.0137901428523897,0.5988401472768313,0.8990757636744388,0.8281169092900292,2.8105828710848035,3.5499999999999883,4956.0,2568.0,2,4,7,302,0.7871172342412325
CS2_38,629,CS2_38_12_06_10.xlsx,15,2010-12-01 03:07:59,0.887041896527295,0.8064017241157228,3.0309642931462277,0.5852793235058622,0.884928661630788,,,,4986.0,2478.0,2,4,7,301,0.7784325963027516
CS2_38,630,CS2_38_12_06_10.xlsx,16,2010-12-01 06:07:58,0.8797845195757326,0.7998041087052113,2.934507345684139,0.6447425132466967,0.8845653618107361,,,,4819.0,2781.0,2,4,7,295,0.7720638116885531
CS2_38,631,CS2_38_12_06_10.xlsx,17,2010-12-01 09:09:49,0.8794523555550882,0.7995021414137164,2.9176338966420916,0.6446519764935348,0.8887886484480637,,,,4787.0,2774.0,2,4,7,295,0.7717723177895605
CS2_38,632,CS2_38_12_06_10.xlsx,18,2010-12-01 12:11:01,0.8758552336452432,0.7962320305865846,2.909636107121872,0.6495459800655513,0.8850302695327192,,,,4775.0,2807.0,2,4,7,294,0.7686156270419641
CS2_38,633,CS2_38_12_06_10.xlsx,19,2010-12-01 15:12:22,0.874849042449874,0.7953173113180673,2.8895192688272617,0.6567093326905793,0.8872630620965364,,,,4740.0,2833.0,2,4,7,292,0.7677326337722498
CS2_38,634,CS2_38_12_06_10.xlsx,20,2010-12-01 18:13:31,0.8760842486597191,0.7964402260542901,2.8783003416682162,0.6646661416219862,0.888856704165129,,,,4721.0,2869.0,2,4,7,291,0.7688166014863603
CS2_38,635,CS2_38_12_06_10.xlsx,21,2010-12-01 21:15:01,0.8869808425557295,0.8063462205052085,2.935052986639968,0.6206946091228106,0.9014878292078177,,,,4819.0,2686.0,2,4,7,297,0.778379017771922
CS2_38,636,CS2_38_12_06_10.xlsx,22,2010-12-02 00:15:41,0.889576274099614,0.8087057037269217,2.979756718487977,0.6075439060064763,0.8971776917613994,0.819043012919186,2.7742479224068397,3.5499999999999883,4898.0,2628.0,2,4,7,299,0.7806566649982161
CS2_38,637,CS2_38_12_06_10.xlsx,23,2010-12-02 03:16:52,0.8758856286445678,0.7962596624041525,2.9933740836245377,0.592065652642517,0.8794418128496376,,,,4922.0,2537.0,2,4,7,297,0.7686423004813263
CS2_38,638,CS2_38_12_06_10.xlsx,24,2010-12-02 06:16:10,0.8722344420776693,0.7929404018887902,2.888168940886846,0.6556695095535968,0.8853037498484414,,,,4738.0,2835.0,2,4,7,292,0.7654381647466068
CS2_38,639,CS2_38_12_06_10.xlsx,25,2010-12-02 09:17:10,0.8753178514027411,0.7957435012752191,2.8977455719915137,0.639254709282736,0.8915640079913725,,,,4754.0,2775.0,2,4,7,293,0.768144041814845
CS2_38,640,CS2_38_12_06_10.xlsx,26,2010-12-02 12:17:36,0.8736342924624374,0.7942129931476704,2.90982219252464,0.6334005323454909,0.8880745724538701,,,,4777.0,2753.0,2,4,7,294,0.7666666176232031
CS2_38,641,CS2_38_12_06_10.xlsx,27,2010-12-02 15:17:57,0.8735687908800429,0.7941534462545844,2.9058772851895625,0.6309977086499996,0.8894311094247379,,,,4770.0,2742.0,2,4,7,293,0.7666091360464649
CS2_38,642,CS2_38_12_06_10.xlsx,28,2010-12-02 18:18:02,0.874535105571141,0.7950319141555827,2.898372411995982,0.6350521930966039,0.8911521079025337,,,,4758.0,2769.0,2,4,7,292,0.7674571352861647
CS2_38,643,CS2_38_12_06_10.xlsx,29,2010-12-02 21:18:23,0.8846664426038586,0.8042422205489623,2.9402459887444143,0.6048030933836274,0.902921788497762,0.813545665411066,2.7510287176989254,3.5499999999999883,4830.0,2636.0,2,4,7,295,0.7763479926642343
CS2_38,644,CS2_38_12_06_10.xlsx,30,2010-12-03 00:18:18,0.8864280219668466,0.8058436563334969,2.9760210914944323,0.599196818761642,0.897510311976972,0.8158763133290997,2.765265309972879,3.5499999999999883,4893.0,2612.0,2,4,7,299,0.7778938844676457
CS2_38,645,CS2_38_12_06_10.xlsx,31,2010-12-03 03:18:56,0.8762320455324648,0.7965745868476952,2.9856884941140844,0.5900020813953365,0.8839555748613692,0.7964652667750824,2.5967555039602686,3.5349999999999886,4910.0,2551.0,2,4,7,298,0.7689463021282661
CS2_38,646,CS2_38_12_06_10.xlsx,32,2010-12-03 06:18:17,0.8712429257815657,0.792039023437787,2.9084852673412174,0.6296125707776734,0.8869354347892829,,,,4776.0,2748.0,2,4,7,294,0.7645680495833049
CS2_38,647,CS2_38_12_06_10.xlsx,33,2010-12-03 09:18:26,0.8721950856249663,0.7929046232954239,2.903348686627012,0.6251691066899975,0.8911672696824742,,,,4766.0,2725.0,2,4,7,292,0.7654036270931106
CS2_38,648,CS2_38_12_06_10.xlsx,34,2010-12-03 12:18:05,0.8714967159822713,0.7922697418020648,2.903986047839538,0.6251573233586226,0.890161469442821,,,,4768.0,2724.0,2,4,7,293,0.7647907657431897
CS2_38,649,CS2_38_12_06_10.xlsx,35,2010-12-03 15:17:42,0.8706151992282649,0.7914683629347862,2.902782747876954,0.6239353100703626,0.8898244481700598,,,,4766.0,2725.0,2,4,7,293,0.7640171817916402
CS2_38,650,CS2_38_12_06_10.xlsx,36,2010-12-03 18:17:15,0.8725418485887175,0.7932198623533795,2.887595094179914,0.6338071419431411,0.8925906851549182,,,,4740.0,2763.0,2,4,7,292,0.7657079324424196
CS2_38,651,CS2_38_12_06_10.xlsx,37,2010-12-03 21:17:06,0.881177872023045,0.8010707927482227,2.933598449256888,0.6039979760899369,0.9013500745146003,0.8098228164303856,2.7372579076608643,3.5499999999999883,4820.0,2639.0,2,4,7,295,0.7732865622343531
CS2_38,652,CS2_38_12_06_10.xlsx,38,2010-12-04 00:16:41,0.8825570167190833,0.802324560653712,2.9633459815837555,0.5984582740133081,0.8968428982783498,0.8115522550248164,2.733817005477071,3.5499999999999883,4872.0,2614.0,2,4,7,298,0.7744968446241898
CS2_38,653,CS2_38_12_06_10.xlsx,39,2010-12-04 03:16:48,0.8833500360374771,0.8030454873067973,2.971980246255671,0.594054696998648,0.8970000201749447,0.8126600000211621,2.7311983534056754,3.5499999999999883,4887.0,2594.0,2,4,7,297,0.77519276675521
CS2_38,654,CS2_38_12_06_10.xlsx,40,2010-12-04 06:16:52,0.8835530886432466,0.8032300805847695,2.9752770864483256,0.5928391519767998,0.8966100986126111,0.8131899091441547,2.739221064507616,3.5499999999999883,4893.0,2585.0,2,4,7,299,0.7753709576250144
CS2_38,655,CS2_38_12_06_10.xlsx,41,2010-12-04 09:16:54,0.8836047474724467,0.8032770431567696,2.9775459713798194,0.5905645030346419,0.8970009782311099,0.8131670300797299,2.7353649960077857,3.5499999999999883,4897.0,2578.0,2,4,7,299,0.7754162913535493
CS2_38,656,CS2_38_12_06_10.xlsx,42,2010-12-04 12:16:54,0.88377810010968,0.8034346364633455,2.9799786029212227,0.5883752744931621,0.8970075293925295,0.8134954243059038,2.7382037115559448,3.5499999999999883,4901.0,2568.0,2,4,7,298,0.775568418715296
CS2_38,657,CS2_38_12_06_10.xlsx,43,2010-12-04 15:16:48,0.8837512562937633,0.8034102329943302,2.9815055395796017,0.5863127848068366,0.8972264524977265,0.8136266345492984,2.7401564816971122,3.554999999999988,4904.0,2563.0,2,4,7,299,0.7755448616528837
CS2_38,658,CS2_38_12_06_10.xlsx,44,2010-12-04 18:16:40,0.88585268400643,0.8053206218240272,2.9891670630422924,0.5800238816239125,0.8998297653431355,0.8163230648268335,2.762477483448026,3.554999999999988,4917.0,2533.0,2,4,7,299,0.7773889908160246
CS2_38,659,CS2_38_12_06_10.xlsx,45,2010-12-04 21:16:22,0.885713019364168,0.8051936539674254,2.996319855592764,0.5782151185879867,0.8984981836916018,0.8160291416959977,2.7450582845112956,3.554999999999988,4930.0,2525.0,2,4,7,299,0.7772664266953068
CS2_38,660,CS2_38_12_06_10.xlsx,46,2010-12-05 00:16:09,0.8858638924590991,0.8053308113264537,2.998021051244436,0.5762122070274149,0.8986443535198312,0.8164871593327938,2.74619364622222,3.554999999999988,4933.0,2516.0,2,4,7,300,0.7773988269071336
CS2_38,661,CS2_38_12_06_10.xlsx,47,2010-12-05 03:15:49,0.7571102920989148,0.6882820837262861,2.9985684916074105,,,,,,4934.0,,2,,7,265,0.6644098014686703
CS2_38,662,CS2_38_12_06_10.xlsx,48,2010-12-05 05:26:33,0.8852251642694711,0.8047501493358827,3.0110680750670737,0.5887654980458759,0.8917115248836236,0.815704873704603,2.738882558940994,3.554999999999988,4955.0,2587.0,2,4,7,301,0.7768383045181343
CS2_38,663,CS2_38_12_06_10.xlsx,49,2010-12-05 08:27:45,0.8853841928204176,0.8048947207458341,2.9967704179405517,0.5763286796882181,0.898328131028274,0.8159400042710709,2.7491629015433703,3.559999999999988,4931.0,2528.0,2,4,7,300,0.7769778616329496
CS2_38,664,CS2_38_12_06_10.xlsx,50,2010-12-05 11:27:35,0.885313033521804,0.8048300304743672,2.9959934806256814,0.5760724907702034,0.8984762304691644,0.816134402883381,2.7517396250463153,3.559999999999988,4930.0,2514.0,2,4,7,300,0.7769154150700671
CS2_38,665,CS2_38_12_13_10.xlsx,1,2010-12-06 12:33:56,0.878844437127383,0.7989494882976209,2.9287806839738235,0.6420884526964177,0.8886984916417839,0.796328982029329,2.551269560110646,3.5349999999999886,4799.0,2802.0,2,4,7,294,0.7712388328190406
CS2_38,666,CS2_38_12_13_10.xlsx,2,2010-12-06 15:35:45,0.874580729339029,0.7950733903082081,2.9445564211385826,0.6171788197982849,0.8852609673071343,,,,4837.0,2652.0,2,4,7,295,0.7674971728855489
CS2_38,667,CS2_38_12_13_10.xlsx,3,2010-12-06 18:35:31,0.8782693879239749,0.7984267162945226,2.9048411820652027,0.6318880618008217,0.8962273956977252,,,,4769.0,2709.0,2,4,7,293,0.7707341925690554
CS2_38,668,CS2_38_12_13_10.xlsx,4,2010-12-06 21:35:17,0.884524329522586,0.8041130268387144,2.961950582135897,0.5965427209610046,0.9000654845325158,0.8135153760188433,2.726861835383279,3.5499999999999883,4868.0,2560.0,2,4,7,297,0.7762232798910759
CS2_38,669,CS2_38_12_13_10.xlsx,5,2010-12-07 00:34:33,0.8847547654198489,0.8043225140180443,2.985174560517481,0.5875065757032515,0.8966097030781872,0.8136421383229618,2.7238227594341273,3.5499999999999883,4909.0,2534.0,2,4,7,298,0.7764255012455462
CS2_38,670,CS2_38_12_13_10.xlsx,6,2010-12-07 03:34:04,0.871410254570014,0.7921911405181945,2.985007513614946,0.579518372299105,0.8813008489249665,,,,4909.0,2531.0,2,4,7,297,0.7647148906555676
CS2_38,671,CS2_38_12_13_10.xlsx,7,2010-12-07 06:32:49,0.8660304580256852,0.7873004163869866,2.891398556335973,0.6297756830293691,0.8857299469841271,,,,4747.0,2710.0,2,4,7,292,0.7599937957354997
CS2_38,672,CS2_38_12_13_10.xlsx,8,2010-12-07 09:31:33,0.8658290349250226,0.7871173044772932,2.877948811233676,0.6288323964946839,0.8894681531506473,,,,4723.0,2706.0,2,4,7,291,0.7598170348543982
CS2_38,673,CS2_38_12_13_10.xlsx,9,2010-12-07 12:29:48,0.8652615130108829,0.786601375464439,2.8795921557392505,0.6249885829659205,0.8893239393937842,,,,4726.0,2709.0,2,4,7,291,0.7593190002533134
CS2_38,674,CS2_38_12_13_10.xlsx,10,2010-12-07 15:28:07,0.862789892607494,0.7843544478249944,2.8722129544357187,0.6296924243255152,0.8873529394197884,,,,4714.0,2729.0,2,4,7,291,0.7571500047467683
CS2_38,675,CS2_38_12_13_10.xlsx,11,2010-12-07 18:26:26,0.8678431946088736,0.7889483587353395,2.8598325941799563,0.634309487430296,0.8951676538422175,,,,4693.0,2757.0,2,4,7,290,0.7615845810753903
CS2_38,676,CS2_38_12_13_10.xlsx,12,2010-12-07 21:25:09,0.8742678173727345,0.7947889248843041,2.9121416112110032,0.606103677467804,0.8985532427959017,0.8017848506058125,2.6853718165348224,3.5449999999999884,4784.0,2642.0,2,4,7,294,0.76722257382175
CS2_38,677,CS2_38_12_13_10.xlsx,13,2010-12-08 00:23:50,0.8750105623742428,0.7954641476129479,2.9367103671628807,0.5984738646133682,0.8952129302623767,0.8024862499504879,2.687456345520369,3.5499999999999883,4827.0,2616.0,2,4,7,295,0.7678743772170332
CS2_38,678,CS2_38_12_13_10.xlsx,14,2010-12-08 03:22:49,0.8623939239440972,0.7839944763128156,2.940599223896959,0.5869004478713262,0.880974402695104,,,,4834.0,2560.0,2,4,7,295,0.7568025184375994
CS2_38,679,CS2_38_12_13_10.xlsx,15,2010-12-08 06:20:19,0.8565437779454825,0.7786761617686204,2.8526580609218755,0.6322433693661051,0.8842466031157211,,,,4683.0,2761.0,2,4,7,288,0.7516686635923208
CS2_38,680,CS2_38_12_13_10.xlsx,16,2010-12-08 09:18:18,0.860661946990426,0.7824199518094781,2.83855562566233,0.6368299424179146,0.8926316198918426,,,,4658.0,2789.0,2,4,7,289,0.7552826045281651
CS2_38,681,CS2_38_12_13_10.xlsx,17,2010-12-08 12:16:34,0.8569838284761477,0.7790762077055888,2.8576185428373577,0.6321083803678459,0.8842099550757522,,,,4691.0,2767.0,2,4,7,289,0.7520548343903758
CS2_38,682,CS2_38_12_13_10.xlsx,18,2010-12-08 15:14:49,0.8576347911919413,0.7796679919926739,2.840231481601883,0.6322138982934907,0.889476378532163,,,,4661.0,2776.0,2,4,7,288,0.7526260933116683
CS2_38,683,CS2_38_12_13_10.xlsx,19,2010-12-08 18:12:45,0.8573950495871951,0.7794500450792683,2.842254467667555,0.6330900168293612,0.8879154591436054,,,,4665.0,2774.0,2,4,7,288,0.7524157056393893
CS2_38,684,CS2_38_12_13_10.xlsx,20,2010-12-08 21:10:43,0.8668642862112073,0.7880584420101884,2.8724122888627126,0.6094435833823147,0.8999542945236015,0.7935127807524168,2.663558896372932,3.5449999999999884,4717.0,2683.0,2,4,7,291,0.7607255301009986
CS2_38,685,CS2_38_12_13_10.xlsx,21,2010-12-09 00:08:32,0.7333423539308654,0.6666748672098777,2.904870026442096,,,,,,4774.0,,2,,7,258,0.6435520067135964
CS2_38,686,CS2_38_12_13_10.xlsx,22,2010-12-09 02:15:18,0.8633759989479124,0.7848872717708294,2.923137035990924,0.6158077799858549,0.8821461750883182,0.78689617327823,2.623954622139169,3.559999999999988,4805.0,2735.0,2,4,7,294,0.7576643482992742
CS2_38,687,CS2_38_12_13_10.xlsx,23,2010-12-09 05:15:17,0.8523874737653614,0.7748977034230558,2.8541762115774434,0.637231025379393,0.8784772196197128,,,,4686.0,2810.0,2,4,7,289,0.7480212567825387
CS2_38,688,CS2_38_12_13_10.xlsx,24,2010-12-09 08:13:54,0.8518224704724595,0.7743840640658722,2.8077998033269003,0.6481947441048284,0.887002391223976,,,,4606.0,2864.0,2,4,7,286,0.7475254324230185
CS2_38,689,CS2_38_12_13_10.xlsx,25,2010-12-09 11:12:06,0.8526933675750392,0.775175788704581,2.8208376095344314,0.6361097051614486,0.8881320524994399,,,,4629.0,2803.0,2,4,7,287,0.7482896969919501
CS2_38,690,CS2_38_12_13_10.xlsx,26,2010-12-09 14:09:42,0.847702374266202,0.7706385220601836,2.829571680337856,0.6207990356158589,0.8839133699377049,,,,4644.0,2700.0,2,4,7,286,0.7439098002872534
CS2_38,691,CS2_38_12_13_10.xlsx,27,2010-12-09 17:05:32,0.8457866155998097,0.7688969232725542,2.80321764783689,0.6377477589513698,0.883372862346219,,,,4599.0,2817.0,2,4,7,285,0.742228606875299
CS2_38,692,CS2_38_12_13_10.xlsx,28,2010-12-09 20:02:28,0.8574945491451729,0.7795404992228844,2.8003407264038866,0.6388736721048847,0.8998336159554873,,,,4591.0,2816.0,2,4,7,285,0.7525030224837805
CS2_38,693,CS2_38_12_13_10.xlsx,29,2010-12-09 22:59:54,0.8598089960761612,0.7816445418874193,2.8620101444832056,0.6152130897041012,0.893075521114441,0.7853858362948615,2.6212271034727457,3.5449999999999884,4701.0,2715.0,2,4,7,289,0.7545340888184683
CS2_38,694,CS2_38_12_13_10.xlsx,30,2010-12-10 01:57:36,0.8611049228795302,0.7828226571632092,2.8747072747399054,0.6077663810973626,0.8935954086300857,0.7874078379632332,2.637095655807576,3.5449999999999884,4723.0,2689.0,2,4,7,291,0.7556713425041333
CS2_38,695,CS2_38_12_13_10.xlsx,31,2010-12-10 04:55:18,0.7058512551346396,0.6416829592133088,2.839501585457292,,,,,,4663.0,,2,,7,252,0.619426914657696
CS2_38,696,CS2_38_12_13_10.xlsx,32,2010-12-10 06:58:43,0.8431122550851917,0.7664656864410834,2.8004869409667212,0.6669105146335756,0.8738869370244835,,,,4594.0,2973.0,2,4,7,285,0.739881694731697
CS2_38,697,CS2_38_12_13_10.xlsx,33,2010-12-10 09:58:02,0.8452158346895615,0.768378031535965,2.7898496019193697,0.6400699929125313,0.8868726442653896,,,,4576.0,2852.0,2,4,7,284,0.7417277123091865
CS2_38,698,CS2_38_12_13_10.xlsx,34,2010-12-10 12:55:08,0.8454855555944114,0.7686232323585558,2.792531507680089,0.6387236351699801,0.8871365235439933,,,,4581.0,2832.0,2,4,7,284,0.7419644086197683
CS2_38,699,CS2_38_12_13_10.xlsx,35,2010-12-10 15:52:00,0.8431858633994089,0.7665326030903717,2.792516749005385,0.6381269172327048,0.8842756051582364,,,,4581.0,2828.0,2,4,7,284,0.7399462904530151
CS2_38,700,CS2_38_12_13_10.xlsx,36,2010-12-10 18:48:41,0.8492360995380359,0.7720328177618507,2.773250177572003,0.6458206426962869,0.894843734434054,,,,4548.0,2866.0,2,4,7,283,0.7452557364262823
CS2_38,701,CS2_38_12_13_10.xlsx,37,2010-12-10 21:45:48,0.8541828991826677,0.7765299083478796,2.8313828666941174,0.6193609109024093,0.8935238960325035,0.7797201888755754,2.5921401157834807,3.5449999999999884,4649.0,2743.0,2,4,7,287,0.7495968505335591
CS2_38,702,CS2_38_12_13_10.xlsx,38,2010-12-11 00:42:48,0.8554318236813501,0.7776652942557727,2.8479315045016746,0.6125361439092598,0.8929526369596553,0.781595791255606,2.601521310984567,3.5449999999999884,4678.0,2718.0,2,4,7,288,0.7506928568709165
CS2_38,703,CS2_38_12_13_10.xlsx,39,2010-12-11 03:39:56,0.8563022717103976,0.778456610645816,2.855431988516057,0.6088976995872816,0.8931781448550477,0.7829981281107387,2.6212879614310185,3.5449999999999884,4691.0,2693.0,2,4,7,289,0.7514567273508237
CS2_38,704,CS2_38_12_13_10.xlsx,40,2010-12-11 06:36:54,0.8565438291498708,0.7786762083180643,2.859871334396294,0.6064499358807866,0.8930704184549804,0.7831987489666798,2.6073966536360516,3.5449999999999884,4699.0,2685.0,2,4,7,289,0.7516687085272501
CS2_38,705,CS2_38_12_13_10.xlsx,41,2010-12-11 09:33:55,0.8567533353957018,0.778866668541547,2.8627146869202686,0.6044396651631444,0.893037586064663,0.7835985813625422,2.6114244596414204,3.5449999999999884,4704.0,2674.0,2,4,7,289,0.7518525628542242
CS2_38,706,CS2_38_12_13_10.xlsx,42,2010-12-11 12:30:49,0.857003068983353,0.7790936990757754,2.866153561530253,0.6017405186655475,0.8933253056157018,0.784011524937065,2.613418265254075,3.5499999999999883,4710.0,2665.0,2,4,7,289,0.7520717190922558
CS2_38,707,CS2_38_12_13_10.xlsx,43,2010-12-11 15:27:41,0.8569201683155825,0.7790183348323476,2.868494868120391,0.5993020192876652,0.8933892978456472,0.7838357597131931,2.610185008922772,3.5449999999999884,4714.0,2652.0,2,4,7,290,0.7519989687720054
CS2_38,708,CS2_38_12_13_10.xlsx,44,2010-12-11 18:24:23,0.8572038005214395,0.7792761822922177,2.8702142024431274,0.5980429252231089,0.893756634318766,0.7845659021699206,2.6097008919605535,3.5499999999999883,4717.0,2645.0,2,4,7,290,0.7522478730856177
CS2_38,709,CS2_38_12_13_10.xlsx,45,2010-12-11 21:21:03,0.8573155543801647,0.7793777767092406,2.872375726625024,0.5957772235663292,0.8940396277430983,0.7849723058683553,2.600863512851359,3.5499999999999883,4721.0,2633.0,2,4,7,290,0.7523459438156868
CS2_38,710,CS2_38_12_13_10.xlsx,46,2010-12-12 00:17:35,0.8573475747720423,0.779406886156402,2.875246111979695,0.5926017013267444,0.8941800383861483,0.7854697368190228,2.614687007179451,3.5499999999999883,4726.0,2616.0,2,4,7,290,0.7523740436347386
CS2_38,711,CS2_38_12_13_10.xlsx,47,2010-12-12 03:13:56,0.8577103055057975,0.7797366413689067,2.8773175578517556,0.5906264097152445,0.8946296289291211,0.7859790326430114,2.619197795003914,3.5499999999999883,4730.0,2611.0,2,4,7,290,0.752692361662265
CS2_38,712,CS2_38_12_13_10.xlsx,48,2010-12-12 06:10:17,0.8580544973250852,0.7800495430228047,2.879611493475558,0.5902073945413394,0.8946723197773911,0.7864430683026319,2.6200468909777235,3.5499999999999883,4734.0,2603.0,2,4,7,290,0.7529944106777211
CS2_38,713,CS2_38_12_13_10.xlsx,49,2010-12-12 09:06:34,0.8578353302271964,0.7798503002065421,2.882352325002483,0.5861573666488883,0.8948189287390746,0.7862683612970159,2.6082590736731137,3.5499999999999883,4740.0,2590.0,2,4,7,290,0.7528020783722216
CS2_38,714,CS2_38_12_13_10.xlsx,50,2010-12-12 12:02:43,0.8579512345949567,0.7799556678135969,2.882098358449546,0.5861151523600412,0.8953002345566365,0.7864416157207278,2.6222453814815587,3.5499999999999883,4740.0,2584.0,2,4,7,290,0.7529037914235123
CS2_38,715,CS2_38_12_20_10.xlsx,1,2010-12-13 12:36:53,0.845878728975235,0.768980662704759,2.767287695180317,0.692295406731071,0.8781348385191415,,,,4524.0,3049.0,2,4,7,282,0.7423094419004169
CS2_38,716,CS2_38_12_20_10.xlsx,2,2010-12-13 15:36:28,0.840030225401221,0.7636638412738371,2.776185395417968,0.665909615930506,0.8757268181224239,,,,4550.0,2892.0,2,4,7,282,0.7371770283814738
CS2_38,717,CS2_38_12_20_10.xlsx,3,2010-12-13 18:33:31,0.688272606638938,0.6257023696717617,2.7384829492649954,,,,,,4486.0,,2,,7,244,0.6040005937121199
CS2_38,718,CS2_38_12_20_10.xlsx,4,2010-12-13 20:33:02,0.8484666317937211,0.7713333016306555,2.782140489572529,0.661262195251091,0.8877955611930245,,,,4556.0,2892.0,2,4,7,283,0.7445804822175204
CS2_38,719,CS2_38_12_20_10.xlsx,5,2010-12-13 23:30:39,0.8508090652331197,0.7734627865755633,2.817159305037185,0.6289636756760523,0.8903890111392586,,,,4623.0,2735.0,2,4,7,287,0.7466361083959862
CS2_38,720,CS2_38_12_20_10.xlsx,6,2010-12-14 02:26:54,0.844728148040689,0.76793468003699,2.8284047143471334,0.6207934905378569,0.8826752576527103,,,,4643.0,2704.0,2,4,7,286,0.7412997379533526
CS2_38,721,CS2_38_12_20_10.xlsx,7,2010-12-14 05:22:38,0.8335622255253874,0.7577838413867157,2.7632216604605038,0.6546345664881268,0.8750079760953594,,,,4530.0,2843.0,2,4,7,281,0.7315009696113726
CS2_38,722,CS2_38_12_20_10.xlsx,8,2010-12-14 08:18:11,0.8347147787945399,0.7588316170859454,2.7338993012725283,0.6480822300697767,0.886388839330961,,,,4479.0,2822.0,2,4,7,280,0.7325124044006379
CS2_38,723,CS2_38_12_20_10.xlsx,9,2010-12-14 11:12:37,0.8336863500409031,0.7578966818553664,2.733650490458155,0.6565294906229604,0.8831075483038465,,,,4480.0,2879.0,2,4,7,280,0.731609896336543
CS2_38,724,CS2_38_12_20_10.xlsx,10,2010-12-14 14:07:57,0.8333880281675254,0.7576254801522958,2.740069535815512,0.6385072240868721,0.8862934799161868,,,,4491.0,2736.0,2,4,7,280,0.7313481009564867
CS2_38,725,CS2_38_12_20_10.xlsx,11,2010-12-14 17:01:05,0.832910701995841,0.7571915472689463,2.7434263632782656,0.6426443429516527,0.883863607330799,,,,4497.0,2834.0,2,4,7,279,0.7309292185422939
CS2_38,726,CS2_38_12_20_10.xlsx,12,2010-12-14 19:55:54,0.8430721713274405,0.7664292466613095,2.741896960374583,0.6435839609781052,0.8977504852671835,,,,4493.0,2817.0,2,4,7,281,0.7398465188242929
CS2_38,727,CS2_38_12_20_10.xlsx,13,2010-12-14 22:50:55,0.8447394901586254,0.7679449910532957,2.793788492499177,0.6240989503947808,0.8913380565012495,,,,4585.0,2746.0,2,4,7,284,0.74130969134377
CS2_38,728,CS2_38_12_20_10.xlsx,14,2010-12-15 01:46:25,0.8451650789236318,0.7683318899305743,2.802522738982652,0.6200854598900011,0.8906472538302852,,,,4600.0,2731.0,2,4,7,285,0.7416831710729669
CS2_38,729,CS2_38_12_20_10.xlsx,15,2010-12-15 04:41:55,0.8294297337235719,0.7540270306577925,2.7670884730132577,0.6499429701006703,0.8715793021014171,,,,4541.0,2866.0,2,4,7,281,0.7278744595952381
CS2_38,730,CS2_38_12_20_10.xlsx,16,2010-12-15 07:37:49,0.8292677794460435,0.753879799496403,2.7217256475084413,0.6462982550964405,0.8843392712263709,,,,4460.0,2848.0,2,4,7,278,0.7277323349794423
CS2_38,731,CS2_38_12_20_10.xlsx,17,2010-12-15 10:32:03,0.829753919472207,0.7543217449747336,2.721924678854912,0.6445757262818089,0.885653217741903,,,,4461.0,2850.0,2,4,7,278,0.7281589520808607
CS2_38,732,CS2_38_12_20_10.xlsx,18,2010-12-15 13:26:23,0.8309506583836566,0.7554096894396877,2.7270691874333766,0.6402442442066518,0.8868378406444081,,,,4470.0,2829.0,2,4,7,278,0.729209162427839
CS2_38,733,CS2_38_12_20_10.xlsx,19,2010-12-15 16:20:35,0.8268176783407029,0.7516524348551844,2.7331170792310067,0.6376998550009126,0.8811050318052687,,,,4481.0,2816.0,2,4,7,279,0.7255822239507511
CS2_38,734,CS2_38_12_20_10.xlsx,20,2010-12-15 19:14:30,0.8359264536377804,0.7599331396707094,2.707462140168142,0.6487210194690263,0.8973101285819446,,,,4437.0,2885.0,2,4,7,278,0.7335757219257638
CS2_38,735,CS2_38_12_20_10.xlsx,21,2010-12-15 22:09:22,0.8377507219004023,0.7615915653640021,2.7658788372156597,0.6256269610417101,0.8905345640025899,,,,4538.0,2765.0,2,4,7,282,0.7351766270076827
CS2_38,736,CS2_38_12_20_10.xlsx,22,2010-12-16 01:04:00,0.8379148733135509,0.7617407939214098,2.7720779719716195,0.6230568909319992,0.8896269489020312,,,,4549.0,2757.0,2,4,7,282,0.7353206797420848
CS2_38,737,CS2_38_12_20_10.xlsx,23,2010-12-16 03:58:41,0.8217067879494202,0.7470061708631092,2.7472942400255578,0.6392773842001546,0.8701452548512778,,,,4510.0,2843.0,2,4,7,279,0.7210971103475713
CS2_38,738,CS2_38_12_20_10.xlsx,24,2010-12-16 06:53:16,0.8217623524875357,0.7470566840795778,2.6827335719774617,0.6528047308830655,0.8839709216986271,,,,4394.0,2887.0,2,4,7,275,0.7211458715705045
CS2_38,739,CS2_38_12_20_10.xlsx,25,2010-12-16 09:46:38,0.8208045444220673,0.7461859494746066,2.686095436952911,0.6507789413160548,0.8827470830587488,,,,4400.0,2880.0,2,4,7,275,0.7203053374062433
CS2_38,740,CS2_38_12_20_10.xlsx,26,2010-12-16 12:39:57,0.8209456598694835,0.7463142362449849,2.678704209617,0.6549423255149338,0.8839276830381176,,,,4388.0,2897.0,2,4,7,275,0.7204291746957113
CS2_38,741,CS2_38_12_20_10.xlsx,27,2010-12-16 15:33:21,0.8197505726422882,0.7452277933111711,2.682071709593061,0.652110017570489,0.8823530732106927,,,,4394.0,2888.0,2,4,7,275,0.7193804138009713
CS2_38,742,CS2_38_12_20_10.xlsx,28,2010-12-16 18:26:38,0.8252961627086108,0.7502692388260098,2.679393385834036,0.6515057416692682,0.8900607938240271,,,,4389.0,2887.0,2,4,7,276,0.7242470025046824
CS2_38,743,CS2_38_12_20_10.xlsx,29,2010-12-16 21:20:08,0.8322115171415483,0.7565559246741348,2.727625393752463,0.6249880289084017,0.8949179204513217,,,,4473.0,2773.0,2,4,7,279,0.7303156417951825
CS2_38,744,CS2_38_12_20_10.xlsx,30,2010-12-17 00:13:31,0.8342787511936613,0.7584352283578739,2.756417004718998,0.6177835383543469,0.8917761101535326,,,,4523.0,2737.0,2,4,7,281,0.7321297639653436
CS2_38,745,CS2_38_12_20_10.xlsx,31,2010-12-17 03:07:14,0.8264428570279421,0.75131168820722,2.7679554341617223,0.6099117911376969,0.8803201343101652,,,,4543.0,2685.0,2,4,7,281,0.7252532957132188
CS2_38,746,CS2_38_12_20_10.xlsx,32,2010-12-17 05:59:59,0.8235030512303396,0.7486391374821268,2.7205119876156916,0.6272802890053444,0.8843953097455155,,,,4461.0,2784.0,2,4,7,277,0.7226734393742875
CS2_38,747,CS2_38_12_20_10.xlsx,33,2010-12-17 08:52:52,0.8230274000876925,0.7482067273524476,2.706644032963472,0.632946186474074,0.886129617046261,,,,4437.0,2805.0,2,4,7,276,0.7222560268987835
CS2_38,748,CS2_38_12_20_10.xlsx,34,2010-12-17 11:45:41,0.8239203456384452,0.7490184960349501,2.715938945157669,0.6252857629721293,0.8872520709453012,,,,4453.0,2764.0,2,4,7,277,0.7230396403066177
CS2_38,749,CS2_38_12_20_10.xlsx,35,2010-12-17 14:38:07,0.8226374004501018,0.7478521822273653,2.7167640715090764,0.6255613774370283,0.8854125215153837,,,,4455.0,2768.0,2,4,7,277,0.7219137787686385
CS2_38,750,CS2_38_12_20_10.xlsx,36,2010-12-17 17:30:35,0.8223893589066158,0.7476266899151052,2.7115062860198162,0.6238813961245094,0.8869254986752458,,,,4446.0,2761.0,2,4,7,277,0.7216961074010936
CS2_38,751,CS2_38_12_20_10.xlsx,37,2010-12-17 20:22:46,0.8330736999886454,0.7573397272624048,2.733500805863643,0.6066841502372281,0.9001341149172396,0.7585059075768508,2.5543842123166396,3.5449999999999884,4482.0,2686.0,2,4,7,279,0.7310722590809963
CS2_38,752,CS2_38_12_20_10.xlsx,38,2010-12-17 23:14:54,0.8342328927628166,0.7583935388752878,2.772676362724956,0.6007314824861939,0.8929012338096665,0.7602211082106785,2.541903936121613,3.5449999999999884,4552.0,2662.0,2,4,7,282,0.732089520435106
CS2_38,753,CS2_38_12_20_10.xlsx,39,2010-12-18 02:07:51,0.8349470713873686,0.759042792170335,2.780093091983125,0.5975940445821128,0.8926473338229489,0.7609737363433122,2.5582135347971593,3.5449999999999884,4565.0,2647.0,2,4,7,283,0.7327162551170984
CS2_38,754,CS2_38_12_20_10.xlsx,40,2010-12-18 05:00:48,0.8350903311633928,0.759173028330357,2.783973679622414,0.5964504382799762,0.892331328902489,0.7611999318495802,2.5537325784050537,3.5499999999999883,4572.0,2633.0,2,4,7,283,0.7328419741838447
CS2_38,755,CS2_38_12_20_10.xlsx,41,2010-12-18 07:53:39,0.8350100742356616,0.7591000674869651,2.786310731553059,0.5936882654065971,0.892323963621524,0.7612710954779742,2.548453153661466,3.5449999999999884,4576.0,2625.0,2,4,7,283,0.7327715439044299
CS2_38,756,CS2_38_12_20_10.xlsx,42,2010-12-18 10:46:26,0.8349377467694907,0.7590343152449915,2.7869872542698837,0.5930107773835793,0.8924251017209004,0.7613204041582782,2.562082384201624,3.5449999999999884,4577.0,2620.0,2,4,7,283,0.7327080722042815
CS2_38,757,CS2_38_12_20_10.xlsx,43,2010-12-18 13:39:08,0.8351842700858896,0.7592584273508086,2.7885851008743803,0.5909976454843648,0.8929618829249104,0.7614383088528712,2.5421459478760275,3.5499999999999883,4580.0,2610.0,2,4,7,283,0.7329244112362763
CS2_38,758,CS2_38_12_20_10.xlsx,44,2010-12-18 16:31:43,0.8351938733954967,0.7592671576322696,2.789626984029738,0.5888969433014932,0.89323395864466,0.761290026205844,2.5542708192837873,3.5499999999999883,4582.0,2605.0,2,4,7,283,0.7329328387178414
CS2_38,759,CS2_38_12_20_10.xlsx,45,2010-12-18 19:24:17,0.8351447070904854,0.7592224609913503,2.7918724323866466,0.5884204975794863,0.8929307360672082,0.7613018965795003,2.5518485460881966,3.5499999999999883,4586.0,2595.0,2,4,7,283,0.7328896923291417
CS2_38,760,CS2_38_12_20_10.xlsx,46,2010-12-18 22:16:43,0.7080794703094426,0.6437086093722205,2.792410569485712,,,,,,4587.0,,2,,7,249,0.6213823074417725
CS2_38,761,CS2_38_12_20_10.xlsx,47,2010-12-19 00:19:01,0.8342981090449442,0.7584528264044946,2.8167304407645903,0.6026085384195456,0.8819665767900899,0.7605335718526934,2.544024879753025,3.5499999999999883,4628.0,2681.0,2,4,7,285,0.7321467516437068
CS2_38,762,CS2_38_12_20_10.xlsx,48,2010-12-19 03:13:33,0.7072885657025054,0.6429896051840958,2.792289965422417,,,,,,4587.0,,2,,7,249,0.6206882410971993
CS2_38,763,CS2_38_12_20_10.xlsx,49,2010-12-19 05:15:47,0.8334305358621208,0.7576641235110189,2.8135101731299144,0.6034689898747317,0.8818149477036458,0.7596860680014333,2.536161261811752,3.5499999999999883,4624.0,2677.0,2,4,7,285,0.7313854040142073
CS2_38,764,CS2_38_12_20_10.xlsx,50,2010-12-19 08:10:08,0.8335627138153185,0.7577842852866532,2.787740567023868,0.5867763193341495,0.8928760135285598,0.7599278219478558,2.543516228206698,3.5499999999999883,4581.0,2589.0,2,4,7,283,0.7315013981151449
CS2_38,765,CS2_38_12_23_10.xlsx,1,2010-12-20 12:10:10,0.841974854390564,0.7654316858096035,2.75561483546052,0.6244342262603607,0.8993856578863824,0.7564411695532148,2.3795474388720934,3.5349999999999886,4511.0,2751.0,2,4,7,280,0.7388835572376036
CS2_38,766,CS2_38_12_23_10.xlsx,2,2010-12-20 15:04:19,0.8366313437829079,0.7605739488935526,2.816244204130259,0.6014709655977475,0.8835060545960313,0.7551613075895441,2.434998294668774,3.5349999999999886,4625.0,2612.0,2,4,7,285,0.734194305408605
CS2_38,767,CS2_38_12_23_10.xlsx,3,2010-12-20 17:57:47,0.8326341771150132,0.7569401610136482,2.7833869744762363,0.604755653943373,0.8859121473977934,0.7521667826657503,2.456032008048156,3.5349999999999886,4569.0,2626.0,2,4,7,282,0.7306865513337123
CS2_38,768,CS2_38_12_23_10.xlsx,4,2010-12-20 20:50:21,0.8415007038230118,0.7650006398391016,2.7953285192463126,0.582547287338919,0.9009272338255965,0.7679723692419829,2.5502127256527993,3.5499999999999883,4588.0,2534.0,2,4,7,282,0.7384674616069653
CS2_38,769,CS2_38_12_23_10.xlsx,5,2010-12-20 23:42:09,0.841864757409053,0.7653315976445936,2.8244587209502385,0.5795395137377065,0.8948622946799737,0.768888039948012,2.5596760729752135,3.5499999999999883,4641.0,2523.0,2,4,7,285,0.7387869405169073
CS2_38,770,CS2_38_12_23_10.xlsx,6,2010-12-21 02:34:41,0.8362965651142646,0.7602696046493315,2.826505214711216,0.5788873617934585,0.8880454378948216,0.7588655425310122,2.370211501754744,3.5449999999999884,4645.0,2523.0,2,4,7,284,0.7339005169987914
CS2_38,771,CS2_38_12_23_10.xlsx,7,2010-12-21 05:26:58,0.8275341026750436,0.752303729704585,2.7837902386011644,0.5950481355933296,0.8828792171199048,0.7469856587925137,2.425107527834132,3.5349999999999886,4571.0,2598.0,2,4,7,282,0.726210929378103
CS2_38,772,CS2_38_12_23_10.xlsx,8,2010-12-21 08:18:48,0.8251004866663081,0.7500913515148254,2.7426072992410373,0.6089044934893408,0.8870497971992503,,,,4500.0,2661.0,2,4,7,278,0.7240752850128251
CS2_38,773,CS2_38_12_23_10.xlsx,9,2010-12-21 11:10:22,0.8255891704683016,0.7505356095166378,2.7402775704210973,0.6040845205910774,0.889887942522177,,,,4496.0,2643.0,2,4,7,279,0.7245041344304752
CS2_38,774,CS2_38_12_23_10.xlsx,10,2010-12-21 14:01:36,0.8228620935974993,0.7480564487249993,2.742347642462299,0.6032242319286361,0.8864598136554972,0.7431941387661635,2.377932615116147,3.5399999999999885,4500.0,2639.0,2,4,7,278,0.7221109605148275
CS2_38,775,CS2_38_12_23_10.xlsx,11,2010-12-21 16:52:41,0.819952438046677,0.7454113073151608,2.7295847134261684,0.6045569199500409,0.885850733163804,,,,4478.0,2650.0,2,4,7,278,0.7195575628301853
CS2_38,776,CS2_38_12_23_10.xlsx,12,2010-12-21 19:43:24,0.8311639234056987,0.7556035667324533,2.7196707309688106,0.6097958885801078,0.9023506370027072,0.7581793038955957,2.5471615338915496,3.5499999999999883,4461.0,2653.0,2,4,7,278,0.7293963153069293
CS2_38,777,CS2_38_12_23_10.xlsx,13,2010-12-21 22:34:31,0.8328071093279661,0.7570973721163328,2.787399076771907,0.5797975152756373,0.8945377315284014,0.7600327489389986,2.536915415367734,3.5499999999999883,4579.0,2546.0,2,4,7,282,0.7308383097478756
CS2_38,778,CS2_38_12_23_10.xlsx,14,2010-12-22 01:25:54,0.8329767280227394,0.757251570929763,2.7931805469343938,0.5768920099512088,0.8942483480854421,0.7604279311237346,2.5300969108022247,3.5499999999999883,4589.0,2531.0,2,4,7,283,0.7309871603506157
CS2_38,779,CS2_38_12_23_10.xlsx,15,2010-12-22 04:17:12,0.8209519147980799,0.7463199225437089,2.7735593035039683,0.59048679439363,0.8800780121906312,0.7424055516329721,2.4043837910777532,3.5399999999999885,4558.0,2595.0,2,4,7,280,0.7204346637716231
CS2_38,780,CS2_38_12_23_10.xlsx,16,2010-12-22 07:08:25,0.8146564507056464,0.7405967733687694,2.7255634507218818,0.597895508259205,0.8832366488975373,,,,4472.0,2632.0,2,4,7,276,0.7149100155249177
CS2_38,781,CS2_38_12_23_10.xlsx,17,2010-12-22 09:58:27,0.8104555507573252,0.7367777734157501,2.7018431767968014,0.5997195261184083,0.8839825755352658,,,,4432.0,2623.0,2,4,7,275,0.7112234732472846
CS2_38,782,CS2_38_12_23_10.xlsx,18,2010-12-22 12:47:26,0.8121043578385496,0.738276688944136,2.6837871929052683,0.6035493099538248,0.8895325078537191,,,,4401.0,2648.0,2,4,7,274,0.7126704005931795
CS2_38,783,CS2_38_12_23_10.xlsx,19,2010-12-22 15:36:26,0.8113366207710122,0.7375787461554656,2.689116944705783,0.604490530554388,0.8871956011031946,,,,4411.0,2662.0,2,4,7,274,0.7119966651573443
CS2_38,784,CS2_38_12_23_10.xlsx,20,2010-12-22 18:25:46,0.8146777926810653,0.7406161751646048,2.6846583914372633,0.6057525175950594,0.8920764675632835,,,,4403.0,2664.0,2,4,7,274,0.714928744391503
CS2_38,785,CS2_38_12_23_10.xlsx,21,2010-12-22 21:15:13,0.6983461313748975,0.6348601194317249,2.7242635417276437,,,,,,4472.0,,2,,7,243,0.6128407173239043
CS2_38,786,CS2_38_12_23_10.xlsx,22,2010-12-22 23:15:03,0.8211530854190521,0.746502804926411,2.7809317065978254,0.5960699809905924,0.8787719551466904,0.7473117630387717,2.4620107209295385,3.5499999999999883,4569.0,2640.0,2,4,7,281,0.7206112030866163
CS2_38,787,CS2_38_12_23_10.xlsx,23,2010-12-23 02:07:12,0.8218869608615051,0.7471699644195501,2.7483318464409785,0.5813174412012443,0.892737959842276,0.7483854728767211,2.4552953117267875,3.5499999999999883,4514.0,2565.0,2,4,7,279,0.7212552229105593
CS2_38,788,CS2_38_12_23_10.xlsx,24,2010-12-23 04:57:13,0.8111276472377966,0.7373887702161787,2.727694888543557,0.5970477178635337,0.8796154627596618,0.7323004983048188,2.3634980393379137,3.5399999999999885,4479.0,2631.0,2,4,7,276,0.7118132783177187
CS2_38,789,CS2_38_12_23_10.xlsx,25,2010-12-23 07:47:09,0.8068532853317691,0.7335029866652446,2.681008573959194,0.6055704331981716,0.8841366487467907,,,,4398.0,2665.0,2,4,7,274,0.7080622687554052
CS2_38,790,CS2_38_12_23_10.xlsx,26,2010-12-23 10:36:06,0.055000840743225865,0.05000076431202351,2.6636231806962445,0.6077069632817953,0.06606603842482266,,,,4368.0,2682.0,2,4,7,187,0.04826654459749753
CS2_38,791,CS2_38_1_10_11.xlsx,1,2011-01-03 10:38:25,0.835795222879227,0.7598138389811154,,0.4920549678901664,,0.7576411823604502,2.3629200125877827,3.554999999999988,,1841.0,,2;4,7,128,0.7334605590450753
CS2_38,792,CS2_38_1_10_11.xlsx,2,2011-01-03 11:59:53,0.8234323442516429,0.7485748584105844,2.829141234703911,0.5277526689536165,0.8893764356483285,0.7481702454449586,2.3921413490495103,3.5499999999999883,4654.0,2269.0,2,4,7,284,0.7226113897493273
CS2_38,793,CS2_38_1_10_11.xlsx,3,2011-01-03 14:47:23,0.7933075153366531,0.7211886503060482,2.723732889279183,0.5837675950744788,0.8628035052264446,,,,4479.0,2555.0,2,4,7,274,0.6961750411650299
CS2_38,794,CS2_38_1_10_11.xlsx,4,2011-01-03 17:35:05,0.7777608770841771,0.7070553428037972,2.5816308584803203,0.6320258178420572,0.8666695733812193,,,,4228.0,2765.0,2,4,7,263,0.682531931379536
CS2_38,795,CS2_38_1_10_11.xlsx,5,2011-01-03 20:21:14,0.7940022648788125,0.7218202407989204,2.5563334604407597,0.6148230070395296,0.9021462637097819,,,,4180.0,2677.0,2,4,7,264,0.6967847256590776
CS2_38,796,CS2_38_1_10_11.xlsx,6,2011-01-03 23:06:03,0.7967177560726837,0.7242888691569851,2.630565691842184,0.5919108228110211,0.8917245567614508,0.7192032673200113,2.3695006207663134,3.5349999999999886,4313.0,2599.0,2,4,7,269,0.6991677324466463
CS2_38,797,CS2_38_1_10_11.xlsx,7,2011-01-04 01:51:55,0.7961102901841981,0.7237366274401801,2.639590469765546,0.5916220374815508,0.8885479886540533,0.7189302997654985,2.3536318202655395,3.5399999999999885,4329.0,2591.0,2,4,7,269,0.6986346446064998
CS2_38,798,CS2_38_1_10_11.xlsx,8,2011-01-04 04:37:53,0.7673001231040804,0.6975455664582548,2.572075354291519,0.6424148137476927,0.8538616629134999,,,,4218.0,2834.0,2,4,7,263,0.6733519908244279
CS2_38,799,CS2_38_1_10_11.xlsx,9,2011-01-04 07:24:25,0.7552982876688299,0.6866348069716635,2.448901025213836,0.66783253446669,0.8645900204566412,,,,4002.0,2954.0,2,4,7,254,0.6628196586371478
CS2_38,800,CS2_38_1_10_11.xlsx,10,2011-01-04 10:08:40,0.7496971825018406,0.6815428931834914,2.3841232331587445,0.6870804142472097,0.8699462914636582,,,,3893.0,3028.0,2,4,7,250,0.6579043520948371
CS2_38,801,CS2_38_1_10_11.xlsx,11,2011-01-04 12:51:58,0.7412520426707907,0.6738654933370825,2.350571322880324,0.7007077351743177,0.8642327797522185,,,,3835.0,3079.0,2,4,7,247,0.6504932341413779
CS2_38,802,CS2_38_1_10_11.xlsx,12,2011-01-04 15:34:42,0.7393860119793061,0.6721691017993692,2.319550604591686,0.7012742264183813,0.871205133406887,,,,3783.0,3082.0,2,4,7,245,0.6488556800172269
CS2_38,803,CS2_38_1_10_11.xlsx,13,2011-01-04 18:16:30,0.7318256572671089,0.6652960520610081,2.3013595775129225,0.7072904612260277,0.8637960949147729,,,,3753.0,3123.0,2,4,7,244,0.6422210142019755
CS2_38,804,CS2_38_1_10_11.xlsx,14,2011-01-04 20:58:03,0.7527100518698457,0.6842818653362234,2.326826727064142,0.6661592302235224,0.9001682853944781,,,,3795.0,2936.0,2,4,7,247,0.6605483261096374
CS2_38,805,CS2_38_1_10_11.xlsx,15,2011-01-04 23:38:26,0.622989171498352,0.5663537922712291,2.416612089056654,,,,,,3950.0,,2,,7,218,0.5467104543049505
CS2_38,806,CS2_38_1_10_11.xlsx,16,2011-01-05 01:25:27,0.7596171321044984,0.6905610291859076,2.4807193830758147,0.6759234117410762,0.8629872896684875,,,,4058.0,3029.0,2,4,7,257,0.6666097042936685
CS2_38,807,CS2_38_1_10_11.xlsx,17,2011-01-05 04:12:13,0.7337880405941792,0.6670800369037992,2.417314621272255,0.6686864889403017,0.846285777002519,,,,3956.0,3008.0,2,4,7,251,0.6439431235569147
CS2_38,808,CS2_38_1_10_11.xlsx,18,2011-01-05 06:55:22,0.7265816748807001,0.660528795346091,2.273336274217241,0.7137043424606017,0.8645163285277836,,,,3706.0,3178.0,2,4,7,242,0.6376191043711106
CS2_38,809,CS2_38_1_10_11.xlsx,19,2011-01-05 09:36:46,0.7255196305365263,0.6595633004877511,2.2496463416838126,0.713525026258664,0.8703599107729386,,,,3666.0,3159.0,2,4,7,241,0.6366870966052312
CS2_38,810,CS2_38_1_10_11.xlsx,20,2011-01-05 12:17:08,0.7201109286733303,0.6546462987939365,2.23925665578431,0.7174707822901212,0.8646222804118247,,,,3649.0,3185.0,2,4,7,239,0.631940635529967
CS2_38,811,CS2_38_1_10_11.xlsx,21,2011-01-05 14:57:21,0.718096701950909,0.6528151835917354,2.2178106647372338,0.7189892761529882,0.8676510436300753,,,,3613.0,3185.0,2,4,7,238,0.630173030478599
CS2_38,812,CS2_38_1_10_11.xlsx,22,2011-01-05 17:36:50,0.7098671972753792,0.6453338157048901,2.195336318015489,0.7296038365196051,0.8598281719441693,,,,3576.0,3251.0,2,4,7,236,0.6229511453388578
CS2_38,813,CS2_38_1_10_11.xlsx,23,2011-01-05 20:16:19,0.7271618018300678,0.6610561834818798,2.187992371256676,0.7183911702871129,0.8920501824054297,,,,3560.0,3167.0,2,4,7,237,0.6381282006484673
CS2_38,814,CS2_38_1_10_11.xlsx,24,2011-01-05 22:55:12,0.7330853511974844,0.6664412283613494,2.2885377889043834,0.6804377098890935,0.8821285959409194,,,,3734.0,3026.0,2,4,7,243,0.64332647136314
CS2_38,815,CS2_38_1_10_11.xlsx,25,2011-01-06 01:34:59,0.7367560187063731,0.6697781988239755,2.322072964841377,0.6691543900373347,0.8808836573439799,,,,3791.0,2970.0,2,4,7,246,0.6465477027957193
CS2_38,816,CS2_38_1_10_11.xlsx,26,2011-01-06 04:14:59,0.7126612064325251,0.6478738240295682,2.3042051442285074,0.6849599324908766,0.8460868818811365,,,,3765.0,3079.0,2,4,7,242,0.6254030563599781
CS2_38,817,CS2_38_1_10_11.xlsx,27,2011-01-06 06:54:57,0.7077141144562624,0.6433764676875112,2.175433002283768,0.7279915829673029,0.8638736291000579,,,,3542.0,3236.0,2,4,7,234,0.6210616857141191
CS2_38,818,CS2_38_1_10_11.xlsx,28,2011-01-06 09:33:31,0.7066501010729311,0.6424091827935737,2.1607717729098868,0.7267456991773729,0.8674311234735108,,,,3517.0,3234.0,2,4,7,234,0.6201279499979935
CS2_38,819,CS2_38_1_10_11.xlsx,29,2011-01-06 12:11:36,0.7031839063305902,0.6392580966641729,2.1538361803869392,0.7289424046310568,0.8644662944247123,,,,3506.0,3238.0,2,4,7,232,0.6170861557116868
CS2_38,820,CS2_38_1_10_11.xlsx,30,2011-01-06 14:49:21,0.7016220610658088,0.6378382373325534,2.1395916218224533,0.7278254697400997,0.8667497929315992,,,,3482.0,3226.0,2,4,7,232,0.6157155425881728
CS2_38,821,CS2_38_1_10_11.xlsx,31,2011-01-06 17:26:26,0.6965592492602681,0.6332356811456983,2.119656531146603,0.7405356468887793,0.8612174414889,,,,3449.0,3290.0,2,4,7,229,0.6112726208346365
CS2_38,822,CS2_38_1_10_11.xlsx,32,2011-01-06 20:03:43,0.6936054962133298,0.630550451103027,2.094367559692805,0.7473760473355737,0.8625188907497052,,,,3406.0,3316.0,2,4,7,228,0.608680524945855
CS2_38,823,CS2_38_1_10_11.xlsx,33,2011-01-06 22:40:32,0.6908750137290056,0.628068194299096,2.079946097381501,0.7490322448406886,0.8631672405939412,,,,3382.0,3329.0,2,4,7,227,0.6062843623995843
CS2_38,824,CS2_38_1_10_11.xlsx,34,2011-01-07 01:17:03,0.6882841525998948,0.6257128659999044,2.0673594146013192,0.7513643233875015,0.8624707769299788,,,,3361.0,3333.0,2,4,7,226,0.6040107259870436
CS2_38,825,CS2_38_1_10_11.xlsx,35,2011-01-07 03:53:08,0.6867690689955346,0.6243355172686678,2.055388127052841,0.7542715886545988,0.8630800245244116,,,,3341.0,3347.0,2,4,7,225,0.6026811490320259
CS2_38,826,CS2_38_1_10_11.xlsx,36,2011-01-07 06:29:00,0.6852284715935681,0.622934974175971,2.0488642403004733,0.7551960343121386,0.862810794726003,,,,3330.0,3350.0,2,4,7,224,0.6013291821856289
CS2_38,827,CS2_38_1_10_11.xlsx,37,2011-01-07 09:04:39,0.6888648421985941,0.6262407656350855,2.0504200618082886,0.7512463591151409,0.8693467356472846,,,,3332.0,3322.0,2,4,7,225,0.6045203160230173
CS2_38,828,CS2_38_1_10_11.xlsx,38,2011-01-07 11:40:06,0.6968988469149195,0.6335444062862905,2.068919402177278,0.7511221934431785,0.8765968865485608,,,,3364.0,3336.0,2,4,7,228,0.6115706381944067
CS2_38,829,CS2_38_1_10_11.xlsx,39,2011-01-07 14:16:47,0.7017999595750624,0.6379999632500566,2.15589513931538,0.6960453318215963,0.8750485878601435,,,,3510.0,3086.0,2,4,7,232,0.6158716592259312
CS2_38,830,CS2_38_1_10_11.xlsx,40,2011-01-07 16:52:05,0.6988026708001023,0.6352751552728202,2.1725454879880046,0.6931644851574527,0.8662300546102791,,,,3539.0,3081.0,2,4,7,233,0.6132413581182884
CS2_38,831,CS2_38_1_10_11.xlsx,41,2011-01-07 19:27:36,0.6981143416893119,0.634649401535738,2.1582328785442657,0.6948857270854811,0.8692009294840981,,,,3514.0,3079.0,2,4,7,233,0.6126373079387861
CS2_38,832,CS2_38_1_10_11.xlsx,42,2011-01-07 22:02:39,0.6975277942206866,0.6341161765642604,2.1563091923180315,0.6939228622864683,0.8694127834692803,,,,3511.0,3073.0,2,4,7,232,0.6121225772697565
CS2_38,833,CS2_38_1_10_11.xlsx,43,2011-01-08 00:37:30,0.6979890086830629,0.634535462439148,2.158775635676726,0.6906641807286777,0.8707101350711028,,,,3515.0,3052.0,2,4,7,233,0.6125273206903386
CS2_38,834,CS2_38_1_10_11.xlsx,44,2011-01-08 03:12:07,0.6982971032866452,0.6348155484424046,2.163378690318482,0.6875558290145753,0.8709179539474521,,,,3523.0,3035.0,2,4,7,233,0.6127976922287206
CS2_38,835,CS2_38_1_10_11.xlsx,45,2011-01-08 05:46:36,0.5599371728319582,0.5090337934835983,2.1681159191408272,,,,,,3531.0,,2,,7,198,0.4913785345657477
CS2_38,836,CS2_38_1_10_11.xlsx,46,2011-01-08 07:23:07,0.6968045593374228,0.633458690306748,2.222560724717061,0.7163789655165426,0.84294269561054,,,,3622.0,3203.0,2,4,7,236,0.6114878951762502
CS2_38,837,CS2_38_1_10_11.xlsx,47,2011-01-08 10:01:57,0.6974621731506403,0.6340565210460366,2.166571865638768,0.6857895759050613,0.8694652055092051,,,,3529.0,3038.0,2,4,7,233,0.6120649908354199
CS2_38,838,CS2_38_1_10_11.xlsx,48,2011-01-08 12:36:33,0.6957323610814754,0.632483964619523,2.1687377171010866,0.6807638692833623,0.8681163079281135,,,,3533.0,3006.0,2,4,7,232,0.6105469767423004
CS2_38,839,CS2_38_1_10_11.xlsx,49,2011-01-08 15:10:34,0.6960105424610816,0.6327368567828014,2.163618033067031,0.6774211788403739,0.8714976070139007,,,,3525.0,2988.0,2,4,7,232,0.6107910976281544
CS2_38,840,CS2_38_1_10_11.xlsx,50,2011-01-08 17:44:11,0.6951246120352295,0.6319314654865722,2.1637224821431182,0.6782655377923802,0.8697880597286758,,,,3525.0,2991.0,2,4,7,232,0.6100136404141947
CS2_38,841,CS2_38_1_18_11.xlsx,1,2011-01-10 11:47:49,0.7279233516163229,0.6617485014693845,2.1648104326712656,0.6759490143547173,0.917027831375566,,,,3517.0,3036.0,2,4,7,236,0.6387965063729761
CS2_38,842,CS2_38_1_18_11.xlsx,2,2011-01-10 14:23:56,0.719597370502869,0.6541794277298808,2.3362209582073894,0.6497785197433408,0.8613573013472672,,,,3815.0,2868.0,2,4,7,244,0.6314899573584515
CS2_38,843,CS2_38_1_18_11.xlsx,3,2011-01-10 17:01:46,0.7121736121873512,0.6474305565339555,2.2916469583701082,0.6504165609650242,0.8638174828754092,,,,3740.0,2854.0,2,4,7,241,0.6249751630939453
CS2_38,844,CS2_38_1_18_11.xlsx,4,2011-01-10 19:37:41,0.7056584985317951,0.6415077259379954,2.2426583983585804,0.6662603673408497,0.8642473778234908,,,,3657.0,2922.0,2,4,7,238,0.6192577591494902
CS2_38,845,CS2_38_1_18_11.xlsx,5,2011-01-10 22:12:59,0.701517474084203,0.6377431582583662,2.2117522071199116,0.6708344704605519,0.8662464040224784,,,,3605.0,2940.0,2,4,7,236,0.615623761223674
CS2_38,846,CS2_38_1_18_11.xlsx,6,2011-01-11 00:47:27,0.6982214536239462,0.6347467760217692,2.191726495416379,0.6732711896938582,0.8669281305449342,,,,3571.0,2956.0,2,4,7,234,0.6127313051013766
CS2_38,847,CS2_38_1_18_11.xlsx,7,2011-01-11 03:21:26,0.6955809354188993,0.6323463049262721,2.174335333904461,0.675417649019568,0.8679404878523282,,,,3542.0,2960.0,2,4,7,233,0.6104140916191427
CS2_38,848,CS2_38_1_18_11.xlsx,8,2011-01-11 05:54:52,0.6936943814609728,0.6306312558736116,2.166656145631715,0.6754768178133453,0.8683109020808062,,,,3529.0,2969.0,2,4,7,232,0.6087585270947576
CS2_38,849,CS2_38_1_18_11.xlsx,9,2011-01-11 08:28:06,0.7002670435482337,0.6366064032256669,2.174220173380015,0.6632118836449623,0.8798300011863023,,,,3541.0,2918.0,2,4,7,233,0.614526433248049
CS2_38,850,CS2_38_1_18_11.xlsx,10,2011-01-11 11:01:06,0.6963668603233657,0.6330607821121506,2.1947329789286822,0.6656973498628007,0.8675406353916039,,,,3577.0,2931.0,2,4,7,235,0.6111037879754004
CS2_38,851,CS2_38_1_18_11.xlsx,11,2011-01-11 13:34:40,0.6980034376158102,0.6345485796507365,2.184799971921675,0.6614098296572916,0.8739573078511269,,,,3560.0,2910.0,2,4,7,234,0.6125399829463428
CS2_38,852,CS2_38_1_18_11.xlsx,12,2011-01-11 16:07:43,0.6919883907581008,0.629080355234637,2.189781835652357,0.6598002447039024,0.8646290429006848,,,,3569.0,2899.0,2,4,7,233,0.607261417682785
CS2_38,853,CS2_38_1_18_11.xlsx,13,2011-01-11 18:40:25,0.6874431475135481,0.6249483159214073,2.1582975123532124,0.6681708558121509,0.8649506757250115,,,,3515.0,2932.0,2,4,7,232,0.6032726934595704
CS2_38,854,CS2_38_1_18_11.xlsx,14,2011-01-11 21:12:28,0.6857008158978157,0.6233643780889233,2.135343717385999,0.6732061730965013,0.8682749030728254,,,,3477.0,2963.0,2,4,7,229,0.6017436927116184
CS2_38,855,CS2_38_1_18_11.xlsx,15,2011-01-11 23:44:19,0.6847471578239617,0.6224974162036014,2.1289166618826316,0.6721643205389309,0.8693622620034482,,,,3466.0,2961.0,2,4,7,229,0.6009068004145109
CS2_38,856,CS2_38_1_18_11.xlsx,16,2011-01-12 02:15:54,0.6835840950413044,0.6214400864011858,2.123445866591108,0.6739311179037796,0.8686405177210886,,,,3457.0,2966.0,2,4,7,229,0.599886142895276
CS2_38,857,CS2_38_1_18_11.xlsx,17,2011-01-12 04:47:21,0.6813086538579274,0.6193715035072067,2.1189083662155346,0.6742824892765333,0.8669502574552876,,,,3450.0,2968.0,2,4,7,228,0.5978893064492808
CS2_38,858,CS2_38_1_18_11.xlsx,18,2011-01-12 07:18:35,0.6820197919511166,0.6200179926828332,2.1093312039457923,0.6750119919636686,0.8707982928246932,,,,3434.0,2964.0,2,4,7,228,0.5985133728821949
CS2_38,859,CS2_38_1_18_11.xlsx,19,2011-01-12 09:49:31,0.6906681585833727,0.6278801441667025,2.1243026048091456,0.6653160091087109,0.8813323254429218,,,,3459.0,2924.0,2,4,7,230,0.6061028345724275
CS2_38,860,CS2_38_1_18_11.xlsx,20,2011-01-12 12:20:41,0.686652858236739,0.6242298711243082,2.2248949852497137,0.5972750119422937,0.8669141633502591,,,,3628.0,2684.0,2,4,7,234,0.6025791671041805
CS2_38,861,CS2_38_1_18_11.xlsx,21,2011-01-12 14:50:30,0.6791699918496512,0.6174272653178647,2.1211276838954864,0.6795540234063683,0.8613963004896205,,,,3454.0,2990.0,2,4,7,229,0.5960125019530851
CS2_38,862,CS2_38_1_18_11.xlsx,22,2011-01-12 17:22:01,0.673609234413652,0.6123720312851381,2.091002067189111,0.6804178737289419,0.8620113553217411,,,,3403.0,3000.0,2,4,7,226,0.5911326029705667
CS2_38,863,CS2_38_1_18_11.xlsx,23,2011-01-12 19:52:32,0.6710956332533975,0.6100869393212704,2.0571796616947613,0.6934117632655252,0.8650023613677899,,,,3346.0,3053.0,2,4,7,224,0.5889267668258403
CS2_38,864,CS2_38_1_18_11.xlsx,24,2011-01-12 22:22:50,0.6690996398736004,0.6082723998850913,2.0442102960862876,0.6974671305315743,0.8647399079938168,,,,3324.0,3067.0,2,4,7,222,0.5871751626288781
CS2_38,865,CS2_38_1_18_11.xlsx,25,2011-01-13 00:52:53,0.6660589547647966,0.6055081406952696,2.035270905366467,0.6993667564589942,0.8629609093967454,,,,3309.0,3077.0,2,4,7,222,0.5845067786291462
CS2_38,866,CS2_38_1_18_11.xlsx,26,2011-01-13 03:22:40,0.6627083916554461,0.6024621742322237,2.021021827117286,0.7017078271493363,0.8615140576659239,,,,3285.0,3085.0,2,4,7,221,0.5815664580529719
CS2_38,867,CS2_38_1_18_11.xlsx,27,2011-01-13 05:51:59,0.6620414755960127,0.601855886905466,2.0049130469782255,0.7038156726580135,0.8648017995810166,,,,3258.0,3097.0,2,4,7,220,0.5809811991134638
CS2_38,868,CS2_38_1_18_11.xlsx,28,2011-01-13 08:21:02,0.664811062697158,0.6043736933610526,2.0045050923882557,0.7031145517015647,0.8698850172925797,,,,3257.0,3092.0,2,4,7,220,0.583411678312103
CS2_38,869,CS2_38_1_18_11.xlsx,29,2011-01-13 10:50:08,0.6637597735365688,0.6034179759423353,2.0316300052190837,0.6874106338717858,0.8645852574178365,,,,3303.0,3028.0,2,4,7,222,0.5824891088664589
CS2_38,870,CS2_38_1_18_11.xlsx,30,2011-01-13 13:18:55,0.6655618787022917,0.6050562533657197,2.025248342687352,0.6893073946271255,0.8690229788222759,,,,3292.0,3043.0,2,4,7,221,0.584070564498325
CS2_38,871,CS2_38_1_18_11.xlsx,31,2011-01-13 15:47:52,0.6637316889378155,0.6033924444889232,2.032856489457152,0.687844372478844,0.8644686675664471,,,,3305.0,3033.0,2,4,7,222,0.5824644629425074
CS2_38,872,CS2_38_1_18_11.xlsx,32,2011-01-13 18:16:45,0.6579622287535223,0.5981474806850202,2.01377461903439,0.6977534579621923,0.8587406204938666,,,,3273.0,3071.0,2,4,7,220,0.5774014147504127
CS2_38,873,CS2_38_1_18_11.xlsx,33,2011-01-13 20:45:24,0.6553646776389073,0.5957860705808248,1.9880394318594399,0.7010144728432324,0.8618366947670352,,,,3230.0,3075.0,2,4,7,218,0.5751219074733664
CS2_38,874,CS2_38_1_18_11.xlsx,34,2011-01-13 23:13:16,0.6488490804991365,0.5898628004537604,1.9756088938802694,0.7010185425610613,0.8556329152671591,,,,3209.0,3086.0,2,4,7,216,0.5694040792424443
CS2_38,875,CS2_38_1_18_11.xlsx,35,2011-01-14 01:40:34,0.644557665999649,0.5859615145451355,1.9325410085835342,0.7198671657115394,0.8569632089430302,,,,3137.0,3164.0,2,4,7,214,0.5656381050041074
CS2_38,876,CS2_38_1_18_11.xlsx,36,2011-01-14 04:07:42,0.640411586104598,0.58219235100418,1.913305903321313,0.7221371480633318,0.8565346111398167,,,,3105.0,3177.0,2,4,7,212,0.5619996706191945
CS2_38,877,CS2_38_1_18_11.xlsx,37,2011-01-14 06:34:19,0.6381003725603165,0.5800912477821059,1.8947531082263998,0.7247366740393505,0.8582511937408883,,,,3074.0,3188.0,2,4,7,211,0.5599714417757446
CS2_38,878,CS2_38_1_18_11.xlsx,38,2011-01-14 09:00:28,0.6429031394691478,0.584457399517407,1.8954840362407595,0.7190800215952493,0.8677997170935532,,,,3075.0,3161.0,2,4,7,212,0.5641861584975985
CS2_38,879,CS2_38_1_18_11.xlsx,39,2011-01-14 11:26:28,0.6395136359880844,0.5813760327164403,1.9171577704806164,0.7122050060730075,0.8576910189173628,,,,3112.0,3142.0,2,4,7,212,0.561211665404013
CS2_38,880,CS2_38_1_18_11.xlsx,40,2011-01-14 13:52:35,0.6383969885194176,0.580360898654016,1.8980735486374805,0.7198511146035843,0.8598201980535084,,,,3080.0,3163.0,2,4,7,211,0.5602317401134578
CS2_38,881,CS2_38_1_18_11.xlsx,41,2011-01-14 16:18:26,0.6352442663037934,0.577494787548903,1.8970477231637066,0.7156793882945384,0.8569159738805618,,,,3078.0,3142.0,2,4,7,211,0.5574650368164233
CS2_38,882,CS2_38_1_18_11.xlsx,42,2011-01-14 18:43:43,0.6309969367998711,0.5736335789089737,1.8729337255964373,0.7249644160068353,0.8548118808341194,,,,3038.0,3185.0,2,4,7,209,0.5537377498122409
CS2_38,883,CS2_38_1_18_11.xlsx,43,2011-01-14 21:08:49,0.6244946780235026,0.5677224345668205,1.8519879428784825,0.730958994339031,0.8502512452081863,,,,3003.0,3207.0,2,4,7,208,0.5480316267971538
CS2_38,884,CS2_38_1_18_11.xlsx,44,2011-01-14 23:33:20,0.619547743536998,0.5632252213972709,1.8263923792702161,0.7290270288625635,0.8516794099937867,,,,2961.0,3206.0,2,4,7,205,0.5436903943580265
CS2_38,885,CS2_38_1_18_11.xlsx,45,2011-01-15 01:56:53,0.6170703266241553,0.5609730242037775,1.804078572218694,0.7329250714510239,0.8541178573581958,,,,2924.0,3221.0,2,4,7,204,0.541516312065929
CS2_38,886,CS2_38_1_18_11.xlsx,46,2011-01-15 04:19:54,0.6147683392364165,0.5588803083967422,1.793847647769303,0.7329787734461758,0.8540132248281793,,,,2907.0,3222.0,2,4,7,203,0.5394961797295545
CS2_38,887,CS2_38_1_18_11.xlsx,47,2011-01-15 06:42:33,0.6122910180221304,0.5566281982019367,1.7833738038486822,0.7352314516646928,0.8535473710618329,,,,2890.0,3226.0,2,4,7,202,0.5373221814186943
CS2_38,888,CS2_38_1_18_11.xlsx,48,2011-01-15 09:04:49,0.6110576663731955,0.5555069694301776,1.7744444158848907,0.7338264166691119,0.8550679129503177,,,,2875.0,3226.0,2,4,7,201,0.5362398411932852
CS2_38,889,CS2_38_1_18_11.xlsx,49,2011-01-15 11:26:46,0.6111664496409333,0.5556058633099393,1.7793320884545514,0.7265652522245147,0.8566786299665966,,,,2883.0,3183.0,2,4,7,202,0.5363353050511603
CS2_38,890,CS2_38_1_18_11.xlsx,50,2011-01-15 13:48:09,0.6104352725289814,0.5549411568445285,1.7799033796361825,0.7260507480331277,0.8557933150377455,,,,2884.0,3175.0,2,4,7,202,0.5356936531744654
CS2_38,891,CS2_38_1_24_11.xlsx,1,2011-01-18 13:17:53,0.635779191365024,0.5779810830591127,1.7652880724740978,0.7432729187887921,0.8959905346441802,,,,2854.0,3331.0,2,4,7,204,0.5579344657192422
CS2_38,892,CS2_38_1_24_11.xlsx,2,2011-01-18 15:42:45,0.6237967493347,0.5670879539406363,1.9171252290825003,0.7048031777664852,0.8387155382805078,,,,3112.0,3116.0,2,4,7,210,0.5474191524107852
CS2_38,893,CS2_38_1_24_11.xlsx,3,2011-01-18 18:07:37,0.6109125006210601,0.5553750005646,1.842797738002678,0.7160952963136009,0.8388940291088217,,,,2988.0,3144.0,2,4,7,204,0.5361124495179073
CS2_38,894,CS2_38_1_24_11.xlsx,4,2011-01-18 20:30:09,0.46924348589759,0.42658498717962723,1.7839719771361364,,,,,,2890.0,,2,,7,167,0.4117893714552127
CS2_38,895,CS2_38_1_24_11.xlsx,5,2011-01-18 21:50:56,0.6019996883775041,0.5472724439795491,1.849928664609684,0.7650609240275912,0.8072339785635765,,,,2999.0,3406.0,2,4,7,204,0.5282909209043524
CS2_38,896,CS2_38_1_24_11.xlsx,6,2011-01-19 00:17:30,0.5976451894384329,0.5433138085803936,1.7417018830429816,0.7326263484813891,0.846275366517568,,,,2820.0,3216.0,2,4,7,197,0.5244695862774209
CS2_38,897,CS2_38_1_24_11.xlsx,7,2011-01-19 02:37:40,0.5941015111787684,0.5400922828897894,1.7212095236539657,0.7325238531743553,0.848217808207287,,,,2786.0,3209.0,2,4,7,195,0.5213597955460793
CS2_38,898,CS2_38_1_24_11.xlsx,8,2011-01-19 04:56:57,0.591584183543449,0.5378038032213173,1.705578207360836,0.7324072551069118,0.8495072825072009,,,,2760.0,3209.0,2,4,7,195,0.5191506891954346
CS2_38,899,CS2_38_1_24_11.xlsx,9,2011-01-19 07:15:40,0.5900478644669489,0.536407149515408,1.6946340386819394,0.7334596995173701,0.8507909780115825,,,,2742.0,3215.0,2,4,7,195,0.5178024768368624
CS2_38,900,CS2_38_1_24_11.xlsx,10,2011-01-19 09:34:06,0.5947168517720964,0.5406516834291786,1.7001215634773519,0.7257181274564819,0.8604371634508715,,,,2751.0,3169.0,2,4,7,194,0.5218997939131802
CS2_38,901,CS2_38_1_24_11.xlsx,11,2011-01-19 11:52:11,0.5984453557276472,0.5440412324796793,1.7426031897792038,0.704749703982937,0.8594311349944963,,,,2821.0,3082.0,2,4,7,197,0.5251717803050373
CS2_38,902,CS2_38_1_24_11.xlsx,12,2011-01-19 14:10:14,0.5925621600348281,0.5386928727589346,1.7345947085435711,0.7180605815456632,0.8474809051363466,,,,2809.0,3141.0,2,4,7,197,0.5200089223660297
CS2_38,903,CS2_38_1_24_11.xlsx,13,2011-01-19 16:28:42,0.45017097933028527,0.40924634484571387,1.7107039160320123,,,,,,2769.0,,2,,7,161,0.3950521002357676
CS2_38,904,CS2_38_1_24_11.xlsx,14,2011-01-19 17:46:27,0.5815513958489378,0.5286830871353979,1.7679217345024234,0.7662842036477738,0.8029148486352203,,,,2864.0,3416.0,2,4,7,198,0.5103463147867763
CS2_38,905,CS2_38_1_24_11.xlsx,15,2011-01-19 20:09:47,0.5746505504236978,0.5224095912942707,1.652532538582433,0.7387928218223531,0.839531329088655,,,,2673.0,3241.0,2,4,7,191,0.5042904080228636
CS2_38,906,CS2_38_1_24_11.xlsx,16,2011-01-19 22:26:39,0.5701525161677612,0.5183204692434192,1.6128745177948736,0.7457954628118433,0.8433268579076457,,,,2607.0,3275.0,2,4,7,188,0.5003431125255312
CS2_38,907,CS2_38_1_24_11.xlsx,17,2011-01-20 00:42:42,0.5657965802212921,0.5143605274739018,1.588579560374271,0.7523479436546036,0.8427115840421372,,,,2567.0,3298.0,2,4,7,186,0.49652051683820997
CS2_38,908,CS2_38_1_24_11.xlsx,18,2011-01-20 02:58:13,0.5619005276468805,0.510818661497164,1.5692663285092396,0.7544929304196554,0.8423791228200188,,,,2535.0,3294.0,2,4,7,185,0.49310149645968615
CS2_38,909,CS2_38_1_24_11.xlsx,19,2011-01-20 05:12:57,0.5601776485636467,0.5092524077851334,1.5541166371722626,0.7538919378281007,0.8454503504759838,,,,2510.0,3307.0,2,4,7,184,0.4915895664785569
CS2_38,910,CS2_38_1_24_11.xlsx,20,2011-01-20 07:27:21,0.557906703092776,0.5071879119025237,1.5462076165382939,0.7554637703235162,0.8439336075044575,,,,2497.0,3312.0,2,4,7,183,0.4895966752905842
CS2_38,911,CS2_38_1_24_11.xlsx,21,2011-01-20 09:41:30,0.5614756200768873,0.5104323818880794,1.5475972468618497,0.748502943395954,0.8531499685631693,,,,2499.0,3268.0,2,4,7,184,0.4927286145200694
CS2_38,912,CS2_38_1_24_11.xlsx,22,2011-01-20 11:55:09,0.5609779677391646,0.5099799706719678,1.5679627044054154,0.7407441818367939,0.8477411903477889,,,,2533.0,3237.0,2,4,7,184,0.49229189467309686
CS2_38,913,CS2_38_1_24_11.xlsx,23,2011-01-20 14:08:51,0.5588856806178768,0.5080778914707971,1.5667486474330015,0.7406857114428992,0.8448093726557055,,,,2531.0,3232.0,2,4,7,183,0.49045578692845576
CS2_38,914,CS2_38_1_24_11.xlsx,24,2011-01-20 16:22:20,0.5586890177717159,0.5078991070651963,1.568667590587997,0.7307971437613006,0.8475803536971768,,,,2534.0,3192.0,2,4,7,184,0.49028320345688275
CS2_38,915,CS2_38_1_24_11.xlsx,25,2011-01-20 18:35:11,0.5501561158229649,0.5001419234754225,1.5429014794058604,0.7495432065809317,0.8349397321881552,,,,2492.0,3272.0,2,4,7,183,0.48279506896857155
CS2_38,916,CS2_38_1_24_11.xlsx,26,2011-01-20 20:48:09,0.5473581936420704,0.4975983578564276,1.505261803275487,0.7562100708211611,0.8418230178240703,,,,2430.0,3295.0,2,4,7,179,0.480339724033847
CS2_38,917,CS2_38_1_24_11.xlsx,27,2011-01-20 23:00:19,0.5431820112515773,0.4938018284105248,1.4954976538550404,0.7530707198653713,0.8393125280998163,,,,2414.0,3294.0,2,4,7,179,0.4766748728993151
CS2_38,918,CS2_38_1_24_11.xlsx,28,2011-01-21 01:12:00,0.5414696249895954,0.4922451136269049,1.4756321854564804,0.7577708487404418,0.8420889098500525,,,,2381.0,3298.0,2,4,7,177,0.47517215099969995
CS2_38,919,CS2_38_1_24_11.xlsx,29,2011-01-21 03:23:04,0.538722814432802,0.4897480131207291,1.4719101063792273,0.7542154755459873,0.8404084286233697,,,,2375.0,3294.0,2,4,7,177,0.47276165958813593
CS2_38,920,CS2_38_1_24_11.xlsx,30,2011-01-21 05:33:49,0.5363332722290153,0.4875757020263775,1.4600435320142962,0.7547300156344761,0.8405865379054984,,,,2356.0,3291.0,2,4,7,175,0.47066469263657384
CS2_38,921,CS2_38_1_24_11.xlsx,31,2011-01-21 07:44:04,0.5384010903494492,0.48945553668131736,1.4496500128938759,0.7563484713921501,0.8482237059684481,,,,2339.0,3305.0,2,4,7,175,0.47247932736180265
CS2_38,922,CS2_38_1_24_11.xlsx,32,2011-01-21 09:54:26,0.5397383003375218,0.49067118212501976,1.4711445956401585,0.7453691285010371,0.8471842884659094,,,,2374.0,3245.0,2,4,7,176,0.47365280952413624
CS2_38,923,CS2_38_1_24_11.xlsx,33,2011-01-21 12:04:26,0.537676083134869,0.4887964392135173,1.4795211218586508,0.738979155843829,0.8425535258615742,,,,2388.0,3227.0,2,4,7,177,0.47184308994100743
CS2_38,924,CS2_38_1_24_11.xlsx,34,2011-01-21 14:14:16,0.5366140228206291,0.4878309298369355,1.4686530981322719,0.7423887784431891,0.84391965335574,,,,2370.0,3233.0,2,4,7,175,0.47091106816043476
CS2_38,925,CS2_38_1_24_11.xlsx,35,2011-01-21 16:23:51,0.5325614276802355,0.4841467524365777,1.466878969859953,0.7398471331717421,0.8381613423239812,,,,2367.0,3212.0,2,4,7,175,0.4673546722683683
CS2_38,926,CS2_38_1_24_11.xlsx,36,2011-01-21 18:32:47,0.5273520787964578,0.4794109807240525,1.4374814881201474,0.7513079686229821,0.8354684120380251,,,,2319.0,3269.0,2,4,7,173,0.46278315541835097
CS2_38,927,CS2_38_1_24_11.xlsx,37,2011-01-21 20:41:34,0.5246787330465033,0.476980666405912,1.413747677967864,0.7540929652509125,0.8387278200729836,,,,2280.0,3277.0,2,4,7,171,0.46043713379175233
CS2_38,928,CS2_38_1_24_11.xlsx,38,2011-01-21 22:49:42,0.522884220106338,0.47534929100576173,1.4022903929957267,0.7560026936780084,0.839234645850428,,,,2261.0,3286.0,2,4,7,171,0.4588623407942845
CS2_38,929,CS2_38_1_24_11.xlsx,39,2011-01-22 00:57:33,0.5205021573495294,0.4731837794086631,1.3950251738496464,0.7556633970783599,0.8378966558588504,,,,2249.0,3289.0,2,4,7,169,0.4567719375071366
CS2_38,930,CS2_38_1_24_11.xlsx,40,2011-01-22 03:05:07,0.5178983676285398,0.47081669784412705,1.3834064726885231,0.7585310598546621,0.8369628930257307,,,,2230.0,3292.0,2,4,7,170,0.45448695547790957
CS2_38,931,CS2_38_1_24_11.xlsx,41,2011-01-22 05:12:17,0.516214235931642,0.4692856690287654,1.3742741297764087,0.7554421136008196,0.8383897937993317,,,,2215.0,3290.0,2,4,7,168,0.45300902865792014
CS2_38,932,CS2_38_1_24_11.xlsx,42,2011-01-22 07:19:03,0.5142016724269887,0.46745606584271693,1.3667617890167456,0.7565599565295643,0.8376866038689453,,,,2203.0,3290.0,2,4,7,168,0.45124288318014205
CS2_38,933,CS2_38_1_24_11.xlsx,43,2011-01-22 09:25:30,0.5122085347978569,0.46564412254350623,1.3587067138156643,0.7578908073124305,0.8368268136014655,,,,2190.0,3289.0,2,4,7,166,0.44949378507608645
CS2_38,934,CS2_38_1_24_11.xlsx,44,2011-01-22 11:31:38,0.5100726259553099,0.4637023872320999,1.3512806039376475,0.7557950026157931,0.8369865063272677,,,,2178.0,3283.0,2,4,7,167,0.44761939664834804
CS2_38,935,CS2_38_1_24_11.xlsx,45,2011-01-22 13:37:20,0.5081259287049384,0.4619326624590349,1.3439031446985408,0.753991555960566,0.8373477219150632,,,,2166.0,3278.0,2,4,7,166,0.4459110527688147
CS2_38,936,CS2_38_1_24_11.xlsx,46,2011-01-22 15:42:39,0.5313849982273275,0.48307727111575227,1.3700965892535153,0.726517932369581,0.8829958896719183,,,,2208.0,3150.0,2,4,7,169,0.46632228469233683
CS2_38,937,CS2_38_1_24_11.xlsx,47,2011-01-22 17:47:52,0.5357380297947394,0.4870345725406721,1.4779244917460967,0.7078407593106264,0.8551862441223309,,,,2387.0,3078.0,2,4,7,176,0.4701423316124137
CS2_38,938,CS2_38_1_24_11.xlsx,48,2011-01-22 19:55:07,0.5378486137235505,0.4889532852032277,1.499648480516744,0.7027948082706298,0.8528413532671413,,,,2423.0,3050.0,2,4,7,177,0.4719944959057254
CS2_38,939,CS2_38_1_24_11.xlsx,49,2011-01-22 22:02:36,0.5385770875428584,0.4896155341298712,1.5117645899770848,0.6979215181533631,0.8517878994435248,,,,2443.0,3027.0,2,4,7,178,0.47263377548059377
CS2_38,940,CS2_38_1_24_11.xlsx,50,2011-01-23 00:10:07,0.5389112692723863,0.48991933570216933,1.518475449116952,0.6953966667667343,0.8504668271762572,,,,2454.0,3014.0,2,4,7,178,0.4729270400404435
CS2_38,941,CS2_38_1_28_11.xlsx,1,2011-01-24 10:54:44,0.535525374183638,0.48684124925785266,1.3998482731667505,0.8044496604344562,0.8459200092334901,,,,2252.0,3579.0,2,4,7,174,0.4699557135280638
CS2_38,942,CS2_38_1_28_11.xlsx,2,2011-01-24 13:08:04,0.523347402322176,0.4757703657474327,1.4928026721046508,0.7284367210740675,0.8183972122494256,,,,2409.0,3168.0,2,4,7,176,0.4592688110368375
CS2_38,943,CS2_38_1_28_11.xlsx,3,2011-01-24 15:16:30,0.5151013104072859,0.46827391855207806,1.4295553937157717,0.7280363157152493,0.8276150463587877,,,,2305.0,3141.0,2,4,7,171,0.45203236959727405
CS2_38,944,CS2_38_1_28_11.xlsx,4,2011-01-24 17:22:19,0.5061459740094818,0.46013270364498343,1.383099596761302,0.7365293644150567,0.825255734596523,,,,2229.0,3181.0,2,4,7,168,0.4441735234816637
CS2_38,945,CS2_38_1_28_11.xlsx,5,2011-01-24 19:26:59,0.4997975612609351,0.4543614193281228,1.3399441630625217,0.7435781988721851,0.8280386974391944,,,,2158.0,3210.0,2,4,7,165,0.43860240960575825
CS2_38,946,CS2_38_1_28_11.xlsx,6,2011-01-24 21:30:36,0.49474087690993285,0.44976443355448437,1.3106188718390344,0.7474092013421174,0.8288766287525828,,,,2110.0,3237.0,2,4,7,162,0.43416486506198365
CS2_38,947,CS2_38_1_28_11.xlsx,7,2011-01-24 23:33:35,0.4904023564799367,0.4458203240726697,1.287415719015609,0.7507456477270874,0.8291342984363863,,,,2072.0,3248.0,2,4,7,161,0.43035755253745
CS2_38,948,CS2_38_1_28_11.xlsx,8,2011-01-25 01:35:53,0.48707260987950285,0.4427932817086389,1.2697443354751694,0.7505202836893271,0.8301268181911888,,,,2043.0,3255.0,2,4,7,160,0.42743549969941225
CS2_38,949,CS2_38_1_28_11.xlsx,9,2011-01-25 03:37:38,0.4839020762628117,0.43991097842073784,1.2562318213746804,0.7500336936555606,0.82975306980772,,,,2021.0,3262.0,2,4,7,158,0.4246531658270571
CS2_38,950,CS2_38_1_28_11.xlsx,10,2011-01-25 05:38:57,0.4816619812932297,0.4378745284483906,1.2434672992138636,0.7498294803573292,0.8310082452383418,,,,2000.0,3264.0,2,4,7,157,0.4226873478088066
CS2_38,951,CS2_38_1_28_11.xlsx,11,2011-01-25 07:39:49,0.48377373432548065,0.4397943039322551,1.2341723098166915,0.7536887446189571,0.8382638069195104,,,,1985.0,3264.0,2,4,7,158,0.4245405380606774
CS2_38,952,CS2_38_1_28_11.xlsx,12,2011-01-25 09:40:35,0.48364062368049066,0.43967329425499146,1.256820413358982,0.7392886080299074,0.8354854907411401,,,,2022.0,3199.0,2,4,7,158,0.4244237254666153
CS2_38,953,CS2_38_1_28_11.xlsx,13,2011-01-25 11:40:52,0.4809065197759761,0.4371877452508873,1.2554914052776884,0.7375579796469957,0.8313203243206181,,,,2020.0,3212.0,2,4,7,158,0.4220243849063949
CS2_38,954,CS2_38_1_28_11.xlsx,14,2011-01-25 13:41:11,0.4802720142308683,0.43661092202806207,1.2415082711397027,0.7410300872117233,0.8342819437092208,,,,1997.0,3218.0,2,4,7,157,0.4214675681418425
CS2_38,955,CS2_38_1_28_11.xlsx,15,2011-01-25 15:41:11,0.4836688520063932,0.43969895636944833,1.250736834915334,0.7313011113087982,0.8425196854058438,,,,2012.0,3179.0,2,4,7,158,0.4244484975197817
CS2_38,956,CS2_38_1_28_11.xlsx,16,2011-01-25 17:40:59,0.4744708283587018,0.43133711668972885,1.2582573502620107,0.7343257593969409,0.8195702964857683,,,,2025.0,3193.0,2,4,7,157,0.41637667875117834
CS2_38,957,CS2_38_1_28_11.xlsx,17,2011-01-25 19:40:42,0.466233005134546,0.4238481864859509,1.2052017176980627,0.7471966767472137,0.8191323523438412,,,,1938.0,3258.0,2,4,7,153,0.4091474935848773
CS2_38,958,CS2_38_1_28_11.xlsx,18,2011-01-25 21:39:36,0.4603708301688929,0.4185189365171753,1.1698606871183168,0.7514675854702513,0.8214422856655984,,,,1880.0,3280.0,2,4,7,151,0.4040030825977983
CS2_38,959,CS2_38_1_28_11.xlsx,19,2011-01-25 23:37:35,0.4576044525531522,0.41600404777559286,1.1470850008534494,0.7519228585412163,0.8252944077952638,,,,1843.0,3291.0,2,4,7,149,0.40157541991556717
CS2_38,960,CS2_38_1_28_11.xlsx,20,2011-01-26 01:34:59,0.4608740378296776,0.4189763980269796,1.144246236237925,0.7449801888949543,0.8370024770980613,,,,1838.0,3251.0,2,4,7,150,0.4044446775747635
CS2_38,961,CS2_38_1_28_11.xlsx,21,2011-01-26 03:31:49,0.4617052727222628,0.419732066111148,1.1612548875664548,0.7402198165265241,0.8338514182310958,,,,1866.0,3229.0,2,4,7,151,0.4051741361697923
CS2_38,962,CS2_38_1_28_11.xlsx,22,2011-01-26 05:28:47,0.46106698165349336,0.41915180150317577,1.1673305115004051,0.7374082888898403,0.8313057344742479,,,,1876.0,3215.0,2,4,7,151,0.40461399738062775
CS2_38,963,CS2_38_1_28_11.xlsx,23,2011-01-26 07:25:40,0.4608599888394842,0.4189636262177129,1.166062486720742,0.7371295118582605,0.8317990510543304,,,,1874.0,3212.0,2,4,7,151,0.4044323487411937
CS2_38,964,CS2_38_1_28_11.xlsx,24,2011-01-26 09:22:27,0.4639669155821764,0.42178810507470577,1.1698630250415014,0.732413832121356,0.8392683827026911,,,,1880.0,3188.0,2,4,7,151,0.4071588637573443
CS2_38,965,CS2_38_1_28_11.xlsx,25,2011-01-26 11:19:08,0.4645288627268318,0.4222989661153016,1.1912845644587446,0.7247204175852366,0.8346222868482167,,,,1915.0,3145.0,2,4,7,152,0.4076520061630317
CS2_38,966,CS2_38_1_28_11.xlsx,26,2011-01-26 13:15:42,0.4634050370320697,0.4212773063927906,1.1948323764049034,0.7217599979384017,0.832202805196896,,,,1921.0,3139.0,2,4,7,152,0.40666578154749744
CS2_38,967,CS2_38_1_28_11.xlsx,27,2011-01-26 15:12:12,0.4562929730462493,0.41481179367840837,1.18746135887314,0.7221199965305668,0.820092886593937,,,,1909.0,3138.0,2,4,7,151,0.4004245177974676
CS2_38,968,CS2_38_1_28_11.xlsx,28,2011-01-26 17:08:06,0.4539850639431009,0.4127136944937281,1.1514595266517937,0.730059258405711,0.8278502859930807,,,,1850.0,3184.0,2,4,7,149,0.3983991887997868
CS2_38,969,CS2_38_1_28_11.xlsx,29,2011-01-26 19:03:38,0.45086653542706934,0.409878668570063,1.1408333728998987,0.7320984450273574,0.825031163040049,,,,1833.0,3189.0,2,4,7,149,0.39566249252999125
CS2_38,970,CS2_38_1_28_11.xlsx,30,2011-01-26 20:58:48,0.44835937993676467,0.40759943630614964,1.1286398319981203,0.7298581416084172,0.8263862594601168,,,,1813.0,3186.0,2,4,7,147,0.3934623128481824
CS2_38,971,CS2_38_1_28_11.xlsx,31,2011-01-26 22:53:29,0.44594482981974615,0.4054043907452237,1.1170167582143262,0.7344506960016587,0.825268701002573,,,,1794.0,3201.0,2,4,7,146,0.3913433999491951
CS2_38,972,CS2_38_1_28_11.xlsx,32,2011-01-27 00:47:56,0.43601132855594926,0.39637393505086294,1.096725570116762,0.7405660432449174,0.8094776897523943,,,,1761.0,3239.0,2,4,7,144,0.3826261553529404
CS2_38,973,CS2_38_1_28_11.xlsx,33,2011-01-27 02:41:54,0.2932530784492364,0.266593707681124,1.0568655647578906,,,,,,1696.0,,2,,7,107,0.2573472077527618
CS2_38,974,CS2_38_1_28_11.xlsx,34,2011-01-27 03:33:04,0.42994125057814436,0.39085568234376755,1.1457013208609077,0.7843939470962709,0.7584867221657895,,,,1840.0,3476.0,2,4,7,146,0.37729929697283293
CS2_38,975,CS2_38_1_28_11.xlsx,35,2011-01-27 05:31:57,0.42993679560036924,0.390851632363972,1.0365844720875357,0.7425208098996547,0.8233513047024276,,,,1663.0,3275.0,2,4,7,140,0.37729538746198626
CS2_38,976,CS2_38_1_28_11.xlsx,36,2011-01-27 07:24:33,0.42643244345843456,0.3876658576894859,1.0382387828791106,0.736119176728082,0.8184009801375797,,,,1666.0,3246.0,2,4,7,140,0.37422010776337805
CS2_38,977,CS2_38_1_28_11.xlsx,37,2011-01-27 09:16:32,0.42161074513033014,0.38328249557302735,1.024838830365274,0.7349594589868976,0.8139811498295209,,,,1644.0,3236.0,2,4,7,138,0.3699887775828881
CS2_38,978,CS2_38_1_28_11.xlsx,38,2011-01-27 11:07:43,0.4179902767319206,0.3799911606653823,1.0058386949266191,0.7344296953287159,0.8153826844799357,,,,1613.0,3237.0,2,4,7,137,0.36681159888790266
CS2_38,979,CS2_38_1_28_11.xlsx,39,2011-01-27 12:58:12,0.41545978518401583,0.3776907138036507,0.9910227941630074,0.7346281556976638,0.8173149791522383,,,,1589.0,3245.0,2,4,7,136,0.3645909404125033
CS2_38,980,CS2_38_1_28_11.xlsx,40,2011-01-27 14:48:16,0.4118447265494538,0.3744042968631398,0.9811990775333874,0.7316974050280826,0.815614327614476,,,,1573.0,3232.0,2,4,7,135,0.3614185091105482
CS2_38,981,CS2_38_1_28_11.xlsx,41,2011-01-27 16:37:40,0.40990138330623793,0.372637621187489,0.9687880041651972,0.7317119508642501,0.8167802863450164,,,,1553.0,3238.0,2,4,7,134,0.3597131085739486
CS2_38,982,CS2_38_1_28_11.xlsx,42,2011-01-27 18:26:42,,,0.6678742172376912,,,,,,1080.0,,2,,,41,
CS2_38,983,CS2_38_2_10_11.xlsx,1,2011-01-31 10:51:35,0.437224522255158,0.39747683841377995,0.34474699928719776,0.6721504260768147,1.4618860606546913,,,,543.0,3026.0,2,4,7,103,0.38369080576549747
CS2_38,984,CS2_38_2_10_11.xlsx,2,2011-01-31 12:21:44,0.420433342162881,0.3822121292389827,1.0650173204767397,0.7381318407056217,0.7900392302974008,,,,1708.0,3219.0,2,4,7,139,0.3689555356893156
CS2_38,985,CS2_38_2_10_11.xlsx,3,2011-01-31 14:13:38,0.4103590649994979,0.373053695454089,0.9923111524109177,0.7428393886284825,0.8007594440645754,,,,1590.0,3241.0,2,4,7,134,0.36011475177722846
CS2_38,986,CS2_38_2_10_11.xlsx,4,2011-01-31 16:03:22,0.40379521281888686,0.3670865571080789,0.9598016279954624,0.7343644836961247,0.8064533797263311,,,,1537.0,3219.0,2,4,7,134,0.35435457684670496
CS2_38,987,CS2_38_2_10_11.xlsx,5,2011-01-31 17:51:29,0.3909175515255501,0.35537959229595456,0.9276550114846264,0.7369318591018132,0.7917568245150373,,,,1485.0,3245.0,2,4,7,129,0.34305365481120204
CS2_38,988,CS2_38_2_10_11.xlsx,6,2011-01-31 19:38:27,0.38304488126352876,0.34822261933048065,0.8757574609009705,0.738525494336721,0.7994027633977777,,,,1401.0,3256.0,2,4,7,125,0.33614491332346313
CS2_38,989,CS2_38_2_10_11.xlsx,7,2011-01-31 21:23:47,0.37804855296517026,0.3436805026956093,0.848709067452153,0.7324212209080315,0.804686688476963,,,,1357.0,3244.0,2,4,7,124,0.331760334844703
CS2_38,990,CS2_38_2_10_11.xlsx,8,2011-01-31 23:07:53,0.37551692934968806,0.3413790266815346,0.8301058891775811,0.7309911479396785,0.8096106112415109,,,,1327.0,3242.0,2,4,7,122,0.32953868291194055
CS2_38,991,CS2_38_2_10_11.xlsx,9,2011-02-01 00:51:21,0.3714584520669879,0.33768950187907987,0.8201534643395008,0.7308993504993041,0.8049686236673305,,,,1311.0,3241.0,2,4,7,121,0.32597712508634485
CS2_38,992,CS2_38_2_10_11.xlsx,10,2011-02-01 02:34:17,0.36712117422206214,0.33374652202005645,0.8071448226170086,0.7276740317650375,0.8035977196008697,,,,1290.0,3235.0,2,4,7,120,0.32217090300491913
CS2_38,993,CS2_38_2_10_11.xlsx,11,2011-02-01 04:16:32,0.3624364850171551,0.32948771365195917,0.790525014986338,0.726067903993434,0.8022936101575561,,,,1263.0,3226.0,2,4,7,119,0.31805980656750854
CS2_38,994,CS2_38_2_10_11.xlsx,12,2011-02-01 05:57:55,0.3594936841042786,0.3268124400947987,0.773154890518433,0.7253669375081376,0.8049092571431943,,,,1235.0,3229.0,2,4,7,118,0.3154773218348474
CS2_38,995,CS2_38_2_10_11.xlsx,13,2011-02-01 07:38:45,0.3593168311864652,0.3266516647149683,0.7644389469984818,0.7210649371211345,0.8121657753465841,,,,1221.0,3212.0,2,4,7,117,0.3153221227664424
CS2_38,996,CS2_38_2_10_11.xlsx,14,2011-02-01 09:19:02,0.36984594911573954,0.33622359010521774,0.7681706959048191,0.7196566187176642,0.8347209963399314,,,,1227.0,3206.0,2,4,7,118,0.3245620567972367
CS2_38,997,CS2_38_2_10_11.xlsx,15,2011-02-01 10:59:54,0.36909854330944203,0.3355441302813109,0.811298086672756,0.7194962566055437,0.8119131643052673,,,,1297.0,3193.0,2,4,7,121,0.32390616326552685
CS2_38,998,CS2_38_2_10_11.xlsx,16,2011-02-01 12:41:41,0.3614937546175563,0.32863068601596024,0.8076875992271726,0.7174293524394835,0.7979067762817804,,,,1291.0,3190.0,2,4,7,120,0.31723250396157054
CS2_38,999,CS2_38_2_10_11.xlsx,17,2011-02-01 14:22:55,0.3606807122367801,0.32789155657889096,0.7806225443273552,0.7140262657894363,0.8110271376860405,,,,1247.0,3179.0,2,4,7,118,0.31651901038945235
CS2_38,1000,CS2_38_2_10_11.xlsx,18,2011-02-01 16:03:12,0.35559196481096933,0.3232654225554266,0.7799323066808365,0.7106232343803199,0.8015808039024607,,,,1246.0,3162.0,2,4,7,117,0.3120533285697876
CS2_38,1001,CS2_38_2_10_11.xlsx,19,2011-02-01 17:42:53,0.3494567438190197,0.3176879489263815,0.7658003657200925,0.7035442076029432,0.7967961672847554,,,,1223.0,3143.0,2,4,7,116,0.3066693032781395
CS2_38,1002,CS2_38_2_10_11.xlsx,20,2011-02-01 19:21:30,0.3447842866005706,0.31344026054597324,0.7347234267238015,0.7086369282520237,0.7998490583244651,,,,1173.0,3169.0,2,4,7,114,0.3025689411442761
CS2_38,1003,CS2_38_2_10_11.xlsx,21,2011-02-01 20:59:29,0.34132739062027095,0.3102976278366099,0.7185841527325479,0.7063700173835394,0.801757685335389,,,,1147.0,3164.0,2,4,7,113,0.29953530708073517
CS2_38,1004,CS2_38_2_10_11.xlsx,22,2011-02-01 22:36:45,0.3388166425970045,0.3080151296336404,0.7079920037072418,0.701925706036995,0.8035347134157095,,,,1130.0,3149.0,2,4,7,111,0.2973319747352565
CS2_38,1005,CS2_38_2_10_11.xlsx,23,2011-02-02 00:13:21,0.3364768332766914,0.30588803025153766,0.7000002100756587,0.7019039916399953,0.8024964188936788,,,,1117.0,3153.0,2,4,7,111,0.2952786513790596
CS2_38,1006,CS2_38_2_10_11.xlsx,24,2011-02-02 01:49:40,0.3328719609891344,0.3026108736264858,0.6912965703521147,0.6995295213370128,0.7997472891234582,,,,1103.0,3147.0,2,4,7,110,0.2921151592090407
CS2_38,1007,CS2_38_2_10_11.xlsx,25,2011-02-02 03:25:28,0.3307059828841652,0.3006418026219683,0.6819680217408722,0.6947809694933161,0.8025517206859561,,,,1088.0,3134.0,2,4,7,110,0.29021438319565623
CS2_38,1008,CS2_38_2_10_11.xlsx,26,2011-02-02 05:00:41,0.32640628022298124,0.296732982020892,0.6739413452702272,0.6929105227818158,0.7976525455132516,,,,1075.0,3131.0,2,4,7,108,0.28644113559711704
CS2_38,1009,CS2_38_2_10_11.xlsx,27,2011-02-02 06:35:24,0.32393291649350076,0.2944844695395461,0.6615164367835601,0.6877814797297678,0.8018420852144353,,,,1055.0,3103.0,2,4,7,108,0.28427061021711175
CS2_38,1010,CS2_38_2_10_11.xlsx,28,2011-02-02 08:09:09,0.3252587107217977,0.29568973701981605,0.6515114805208886,0.6913076326230877,0.8085343406738685,,,,1039.0,3122.0,2,4,7,107,0.28543407436388624
CS2_38,1011,CS2_38_2_10_11.xlsx,29,2011-02-02 09:43:04,0.3323456813136083,0.3021324375578257,0.6602266027503975,0.6875867731437824,0.8247837868680983,,,,1053.0,3097.0,2,4,7,109,0.29165331715196874
CS2_38,1012,CS2_38_2_10_11.xlsx,30,2011-02-02 11:17:11,0.32832433119459203,0.29847666472235634,0.6887224376655997,0.6875261564548723,0.7990414857225769,,,,1099.0,3088.0,2,4,7,109,0.2881243406447222
CS2_38,1013,CS2_38_2_10_11.xlsx,31,2011-02-02 12:51:41,0.33363380715756286,0.30330346105232986,0.6808385137627307,0.6815846732547864,0.8206697178261407,,,,1086.0,3049.0,2,4,7,110,0.29278372502672617
CS2_38,1014,CS2_38_2_10_11.xlsx,32,2011-02-02 14:25:38,0.33390279452648564,0.3035479950240778,0.7024058489820835,0.6781012407009581,0.8098624592178745,,,,1121.0,3043.0,2,4,7,111,0.2930197776154291
CS2_38,1015,CS2_38_2_10_11.xlsx,33,2011-02-02 16:00:05,0.3274664555952871,0.2976967778138973,0.7043007752128855,0.6767510990639518,0.7942108373802544,,,,1124.0,3040.0,2,4,7,110,0.2873715032278132
CS2_38,1016,CS2_38_2_10_11.xlsx,34,2011-02-02 17:34:10,0.3274565608063398,0.29768778255121797,0.6762164089470409,0.6767587745415341,0.808745411737308,,,,1079.0,3041.0,2,4,7,108,0.28736281995560214
CS2_38,1017,CS2_38_2_10_11.xlsx,35,2011-02-02 19:07:30,0.30789859819044274,0.2799078165367661,0.6661108347352885,0.6842619700798076,0.7596726736873269,,,,1063.0,3092.0,2,4,7,106,0.2701995318661805
CS2_38,1018,CS2_38_2_10_11.xlsx,36,2011-02-02 20:40:19,0.3084650272815974,0.28042275207417944,0.603625306926322,0.6678056369479748,0.8078430546564965,,,,962.0,3036.0,2,4,7,103,0.27069660744939156
CS2_38,1019,CS2_38_2_10_11.xlsx,37,2011-02-02 22:10:35,0.3048211601376227,0.277110145579657,0.604781479994258,0.6695398491850783,0.7961808617417644,,,,964.0,3044.0,2,4,7,103,0.26749889494835727
CS2_38,1020,CS2_38_2_10_11.xlsx,38,2011-02-02 23:40:49,0.3036444572273105,0.2760404156611913,0.5949100839366916,0.6650152379320984,0.8012301746465699,,,,948.0,3026.0,2,4,7,102,0.2664662673970123
CS2_38,1021,CS2_38_2_10_11.xlsx,39,2011-02-03 01:10:23,0.30139522125578466,0.27399565568707696,0.5905192655780411,0.6637699600830393,0.7985238071369574,,,,941.0,3026.0,2,4,7,101,0.2644924275999667
CS2_38,1022,CS2_38_2_10_11.xlsx,40,2011-02-03 02:39:44,0.29893047419561825,0.2717549765414711,0.5830722988192112,0.662943810114123,0.7980264137156129,,,,929.0,3026.0,2,4,7,100,0.26232946386534917
CS2_38,1023,CS2_38_2_10_11.xlsx,41,2011-02-03 04:08:45,0.2963423448216229,0.26940213165602084,0.5762556763557724,0.6589748017908243,0.797247625616388,,,,918.0,3008.0,2,4,7,100,0.2600582247321651
CS2_38,1024,CS2_38_2_10_11.xlsx,42,2011-02-03 05:37:07,0.29256416300651544,0.265967420915014,0.5669407180765427,0.6583926029457612,0.7935703067561442,,,,903.0,3009.0,2,4,7,99,0.2567426430317381
CS2_38,1025,CS2_38_2_10_11.xlsx,43,2011-02-03 07:05:02,0.291881948818709,0.26534722619882634,0.5550583545131407,0.654656747226886,0.8024805010198751,,,,884.0,2997.0,2,4,7,98,0.2561439590648051
CS2_38,1026,CS2_38_2_10_11.xlsx,44,2011-02-03 08:32:26,0.2956876904175765,0.2688069912887059,0.5563694037502155,0.6530230190724093,0.8125060646895714,,,,886.0,2975.0,2,4,7,99,0.2594837261324733
CS2_38,1027,CS2_38_2_10_11.xlsx,45,2011-02-03 09:59:41,0.20288054840393777,0.18443686218539795,0.5719808867986869,,,,,,911.0,,2,,7,71,0.1780398791214748
CS2_38,1028,CS2_38_2_10_11.xlsx,46,2011-02-03 10:32:47,0.29834413649329505,0.2712219422666318,0.7494549665516254,0.7270024798191236,0.6731540946376435,,,,1197.0,3306.0,2,4,7,110,0.2618149172788615
CS2_38,1029,CS2_38_2_10_11.xlsx,47,2011-02-03 12:10:54,0.2972020900589225,0.27018371823538406,0.5806445399754666,0.6563228169153481,0.7988659524043185,,,,925.0,3005.0,2,4,7,100,0.26081270286882374
CS2_38,1030,CS2_38_2_10_11.xlsx,48,2011-02-03 13:39:24,0.28944553498383385,0.26313230453075803,0.57123759589571,0.6574236451055698,0.7829155285202711,,,,910.0,3005.0,2,4,7,99,0.25400585943887444
CS2_38,1031,CS2_38_2_10_11.xlsx,49,2011-02-03 15:07:14,0.2933764983469338,0.2667059075881216,0.5495040447874066,0.6493844686008169,0.813810211504758,,,,875.0,2969.0,2,4,7,99,0.25745551613343254
CS2_38,1032,CS2_38_2_10_11.xlsx,50,2011-02-03 16:34:06,0.28801467204510445,0.261831520041004,0.5638159559951236,0.6490883016342133,0.7889604237129784,,,,898.0,2950.0,2,4,7,98,0.2527501911815925
