battery,cycle,current_soh,soh_slope,mean_degradation_rate,recent_degradation_rate,volatility,state_soh_level,dynamics_score,state_degradation_dynamics,normalized_cycle_position,state_cycle_position
CS2_36,1,1.0407403855529054,,,,,Early,,,0.001,Early-life
CS2_36,2,1.0313045421926346,,,,,Early,,,0.002,Early-life
CS2_36,3,1.0308740471946525,,,,,Early,,,0.003,Early-life
CS2_36,4,1.0298812498548062,,,,,Early,,,0.004,Early-life
CS2_36,5,1.027243794778177,,,,,Early,,,0.005,Early-life
CS2_36,6,1.0269473718239237,,,,,Early,,,0.006,Early-life
CS2_36,7,1.0231287392924973,,,,,Early,,,0.007,Early-life
CS2_36,8,1.0143437830470692,,,0.0037709432151194567,,Early,,,0.008,Early-life
CS2_36,9,1.0113709733701717,,,0.0028476526889232696,,Early,,,0.009,Early-life
CS2_36,10,1.009132495279101,,,0.0031059359879359277,,Early,,,0.01,Early-life
CS2_36,11,1.0058885220132432,,,0.003427532548794719,,Early,,,0.011,Early-life
CS2_36,12,1.0106209623310634,,,0.002374690349587657,,Early,,,0.012,Early-life
CS2_36,13,1.0119050417664013,,,0.002148904293931775,,Early,,,0.013,Early-life
CS2_36,14,1.012006939730772,,,0.0015888285088178872,,Early,,,0.014,Early-life
CS2_36,15,1.0118473333466953,,,0.0003566356714819831,,Early,,,0.015,Early-life
CS2_36,16,1.0114635807254626,,,-1.3229622184418588e-05,,Early,,,0.016,Early-life
CS2_36,17,1.011187522269097,,,-0.00029357528428513343,,Early,,,0.017,Early-life
CS2_36,18,1.0109954043762557,,,-0.0007295546232874983,,Early,,,0.018,Early-life
CS2_36,19,1.0104018260784835,,,3.130517893997923e-05,,Early,,,0.019,Early-life
CS2_36,20,1.009712373545581,,,0.00031323831726002915,,Early,,,0.02,Early-life
CS2_36,21,1.0091218668916628,,,0.0004121532627298879,,Early,,,0.021,Early-life
CS2_36,22,1.0085318207371976,,,0.0004736446584996707,,Early,,,0.022,Early-life
CS2_36,23,1.0081544793264414,,,0.00047272877128874083,,Early,,,0.023,Early-life
CS2_36,24,1.0078956666521288,,,0.0004702650881382997,,Early,,,0.024,Early-life
CS2_36,25,1.007139641891047,,,0.0005508232121726701,,Early,,,0.025,Early-life
CS2_36,26,1.006528864308271,,,0.0005532802528874939,,Early,,,0.026,Early-life
CS2_36,27,1.0059947348160814,,,0.0005310912470713866,,Early,,,0.027,Early-life
CS2_36,28,0.996552699591614,,,0.0017955953285784096,,Early,,,0.028,Early-life
CS2_36,29,0.9929302276109132,,,0.002228799018040628,,Early,,,0.029,Early-life
CS2_36,30,0.9908312847695748,,,0.0024747420795523706,,Early,,,0.03,Early-life
CS2_36,31,0.9893333796890016,,,0.002651755280446747,,Early,,,0.031,Early-life
CS2_36,32,0.9874319133128944,-0.0011975605859144986,0.0017196281367745487,0.0028153897968789454,0.002952697378090718,Early,0.002006475191396722,,0.032,Early-life
CS2_36,33,0.994785156011088,-0.0011132706989537239,0.0011780447155337612,0.0016776726138832965,0.003028954557506406,Early,0.0013954716564185102,,0.033,Early-life
CS2_36,34,0.9959875673980824,-0.00106237480371005,0.0011253703160183908,0.0014295953454284297,0.0030564614597914986,Early,0.00124598507456924,,0.034,Early-life
CS2_36,35,0.9872886010588644,-0.0010505625488366362,0.001373956412772317,0.0013234426475356522,0.0033450701752073737,Early,0.0011870025981861442,,0.035,Early-life
CS2_36,36,0.983810518011862,-0.0010485398823796767,0.001401073444074675,0.0013028156570073105,0.0033590323953790542,Early,0.0011756777696934936,,0.036,Early-life
CS2_36,37,0.9833874288532356,-0.00104798538266769,0.0014051594506673583,0.001063407988048461,0.003357720665348014,Early,0.0010556966853580755,,0.037,Early-life
CS2_36,38,0.9820226324013184,-0.0010409019085513343,0.0013260034481025447,0.001044392469669031,0.003327717851622787,Early,0.0010426471891101827,,0.038,Early-life
CS2_36,39,0.9825851260210008,-0.0010372510027050997,0.0010244728072925288,0.0006923981845562263,0.003040411621227215,Early,0.000864824593630663,,0.039,Early-life
CS2_36,40,0.9889219857977204,-0.0010358679994391122,0.0007241608894339124,0.0008375957447667963,0.003291000258085355,Early,0.0009367318721029542,,0.04,Early-life
CS2_36,41,0.9898200171798714,-0.0010380444081951286,0.0006229831644912753,0.0008810786026015593,0.0032911066388455193,Early,0.000959561505398344,,0.041,Early-life
CS2_36,42,0.980668243935076,-0.0010978587999448466,0.0008135573573602316,0.0009457653033983414,0.0036041008317258443,Early,0.001021812051671594,,0.042,Early-life
CS2_36,43,0.9791406092192224,-0.0011755396307115392,0.0010154952616722884,0.0006671298275199458,0.0034553048779380666,Early,0.0009213347291157425,Slow,0.043,Early-life
CS2_36,44,0.9787772067605518,-0.001216856663850432,0.0010686398388983704,0.000658603156097686,0.0034313436653539003,Early,0.000937729909974059,Slow,0.044,Early-life
CS2_36,45,0.9781695675600588,-0.0012421866520311237,0.0010915281345391372,0.0005504378344656542,0.003425637182755254,Early,0.0008963122432483889,Slow,0.045,Early-life
CS2_36,46,0.9769852107854988,-0.0012612632455590424,0.0011245845987482733,0.0007999878907859946,0.0034212861500663634,Early,0.0010306255681725184,Medium,0.046,Early-life
CS2_36,47,0.984077995526798,-0.0012281674097987807,0.000883405974150472,0.0006919986101317736,0.0037252700728630395,Early,0.0009600830099652771,Medium,0.047,Early-life
CS2_36,48,0.9853231608557552,-0.0011801384794020132,0.0008343342391400547,0.0006424080463023182,0.003743511761112549,Early,0.0009112732628521657,Slow,0.048,Early-life
CS2_36,49,0.9776945305197736,-0.0011675414826079005,0.001074221737305873,0.0004248162021860561,0.0039343889844069314,Early,0.0007961788423969783,Slow,0.049,Early-life
CS2_36,50,0.9764133642014626,-0.0011511083536350373,0.0010964019960329314,0.00038960643110854044,0.00393352707495502,Early,0.0007703573923717889,Slow,0.05,Early-life
CS2_36,51,0.9754342745126816,-0.0011311517246308533,0.0011057451300935312,0.00047756174969574135,0.003932872172154595,Early,0.0008043567371632973,Slow,0.051,Early-life
CS2_36,52,0.9744554704793918,-0.001108108540547168,0.0011182708520087413,0.000530585297238135,0.003931794693372531,Early,0.0008193469188926515,Slow,0.052,Early-life
CS2_36,53,0.9724812557622572,-0.0010869300136625319,0.0011629214508045295,0.0006434221461773763,0.003933455223841443,Early,0.0008651760799199542,Slow,0.053,Early-life
CS2_36,54,1.004633412477787,-0.0008732062966490678,0.00011358280156949991,-0.002936488135855564,0.007163111375988499,Early,-0.001031640919603248,Slow,0.054,Early-life
CS2_36,55,1.0023420009579072,-0.0006733552349054722,0.00017915050626521502,-0.0024312628717359903,0.007173779828686232,Early,-0.000878953818415259,Slow,0.055,Early-life
CS2_36,56,1.0053682007725433,-0.00045574458138430876,5.714326188721586e-05,-0.0039533814646813825,0.0071957708386933645,Early,-0.0017488184416485368,Slow,0.056,Early-life
CS2_36,57,1.0050340587587454,-0.00024367870201713805,4.821953385566565e-05,-0.004088670651040397,0.007195232883922537,Early,-0.0019224959745116294,Slow,0.057,Early-life
CS2_36,58,0.9974273068194396,-7.775538204980696e-05,0.00027636864505296084,-0.0031418617581082824,0.0073221649319671735,Early,-0.0015320531880292378,Slow,0.058,Early-life
CS2_36,59,0.8916850381607337,-0.0005125346806096775,0.0033828277880929105,0.011824347474094015,0.020288187745536444,Early,0.0061684410773518465,Fast,0.059,Early-life
CS2_36,60,0.993807181244954,-0.0003822812323744644,-2.8288826904543015e-05,-0.0030465607832424074,0.02776019398105748,Early,-0.0013321397754339716,Slow,0.06,Early-life
CS2_36,61,0.9918455799444764,-0.000284076937178931,-3.271919919037392e-05,0.0018268332190443579,0.027759854127650314,Early,0.0010554550781116444,Fast,0.061,Early-life
CS2_36,62,0.9856226090200708,-0.00023352805200684885,0.0001197022796429282,0.0023884845625480483,0.02778150204864493,Early,0.0013110063072774485,Fast,0.062,Early-life
CS2_36,63,0.9874902304986318,-0.00017951825230480632,-1.881199539917915e-06,0.002553995753415924,0.02778169193070359,Early,0.0013667570028603653,Fast,0.063,Early-life
CS2_36,64,0.9858545814183484,-0.00014562707678155416,0.0002880830513786969,0.002739925334342435,0.027749297125175352,Early,0.0014427762055619947,Fast,0.064,Early-life
CS2_36,65,0.9802227873549216,-9.868127206784606e-05,0.0005085412917148623,0.0024577884949311363,0.027764204619761583,Early,0.001278234883499491,Fast,0.065,Early-life
CS2_36,66,0.9789886202782744,-4.613701909400969e-05,0.0002677413155029039,-0.012471940302505804,0.027723141772338776,Early,-0.0062129016417058975,Slow,0.066,Early-life
CS2_36,67,0.9775700697618848,-4.803614239635512e-05,0.0002013047822573313,0.0023195873547241824,0.027717659191364055,Early,0.0011838117485602688,Fast,0.067,Early-life
CS2_36,68,0.9766333764626416,-7.273166786761343e-05,0.00021787265776109717,0.0021731719259764043,0.027717949677714925,Early,0.001122951796922009,Fast,0.068,Early-life
CS2_36,69,0.9735983424495066,-0.00011459979479476569,0.0002717512887681216,0.001717752367223459,0.02772187644195432,Early,0.0009161760810091124,Medium,0.069,Early-life
CS2_36,70,0.9750485218072376,-0.0001528947087483542,0.00024311626496010424,0.0017773869559134672,0.027723225320761467,Early,0.0009651408323309108,Medium,0.07,Early-life
CS2_36,71,0.9745189254949628,-0.00018824002135348284,0.00046461484847605224,0.0016193794176265128,0.027696318492645814,Early,0.0009038097194899978,Medium,0.071,Early-life
CS2_36,72,0.9704224768185068,-0.0002055760112471547,0.0006257271084311178,0.0014000443623449765,0.027702653592280597,Early,0.0008028101867960656,Slow,0.072,Early-life
CS2_36,73,0.9697709736103248,-0.00021440073755656878,0.0003515248491855221,0.0013168066668499362,0.027657480537253434,Early,0.0007656037022032525,Slow,0.073,Early-life
CS2_36,74,0.9691384865635104,-0.0002748232513275648,0.0003226491179261931,0.0012045118854820483,0.0276566789687115,Early,0.0007396675684048066,Slow,0.074,Early-life
CS2_36,75,0.9683868958478278,-0.0003445294423467563,0.000335171319765291,0.0011780686592591158,0.027656785916201992,Early,0.0007612990508029361,Slow,0.075,Early-life
CS2_36,76,0.9668856808889744,-0.00042102128551363004,0.0003639963442285282,0.0009589516515045979,0.027657545009224276,Early,0.000689986468509114,Slow,0.076,Early-life
CS2_36,77,0.9689838775842348,-0.00048490772991218687,0.0002581075226214213,0.0008663777461432558,0.027660583083591036,Early,0.0006756427380277214,Slow,0.077,Early-life
CS2_36,78,0.9683641503061352,-0.000556111611852894,0.0005068982329246055,0.000879253598403938,0.027626926506674324,Early,0.000717682605128416,Slow,0.078,Early-life
CS2_36,79,0.9676643368127488,-0.0005852315863290403,0.0005696394852582725,0.00039402000082257505,0.027625023381782743,Early,0.0004896257935758076,Slow,0.079,Early-life
CS2_36,80,0.9671967703668244,-0.000603460209364576,0.0003386374242886849,0.00036774332050006276,0.02759395124049153,Early,0.0004856017649323194,Slow,0.08,Early-life
CS2_36,81,0.9668314044583388,-0.0006632611130585656,0.00030909547558463917,0.0003295831578816585,0.027593398758305576,Early,0.0004964221354701121,Slow,0.081,Early-life
CS2_36,82,0.8613754159611178,-0.0013260106750727987,0.0036793180177923817,0.01528735426953,0.033439088639594314,Early,0.008306682472301399,Fast,0.082,Early-life
CS2_36,83,0.860724784177326,-0.0019562095861608213,0.0036687318161956724,0.015165842387378345,0.033440024004090914,Early,0.008561025986769583,Fast,0.083,Early-life
CS2_36,84,0.965232159271171,-0.0019564878455843727,0.00023384182229310265,0.0005359597590091081,0.038678375669298846,Early,0.0012462238022967404,Fast,0.084,Early-life
CS2_36,85,0.9644973844938094,-0.00196950079733698,0.0012947105801283073,0.0005523951160465446,0.038208642847238114,Early,0.0012609479566917624,Fast,0.085,Early-life
CS2_36,86,0.963990762939372,-0.0017879969518091853,0.0012371367102753266,0.0005247962676252493,0.0382084356135823,Early,0.0011563966097172173,Fast,0.086,Early-life
CS2_36,87,0.9634512114534872,-0.0016085197516519166,0.0013521609457760025,0.0005350798447624523,0.03820053969955627,Early,0.0010717997982071844,Fast,0.087,Early-life
CS2_36,88,0.8564418740170767,-0.002004490368143637,0.004793296281989313,0.0157699329201803,0.04265120388964507,Early,0.00888721164416197,Fast,0.088,Early-life
CS2_36,89,0.9624465632504228,-0.0017455908722289566,0.0011284110828715102,-0.01443873532704357,0.047055166549274524,Early,-0.0063465722274073065,Slow,0.089,Early-life
CS2_36,90,0.9626663881695984,-0.0015158396993505757,-0.002289720968027891,-0.014563086284610338,0.042864603534299425,Early,-0.006523623292629881,Slow,0.09,Early-life
CS2_36,91,0.9614741862561518,-0.0019196903020870092,0.0010429998383484603,0.0005368532878598906,0.03865338299070181,Early,0.0012282717949734499,Fast,0.091,Early-life
CS2_36,92,0.9608571857889038,-0.0017349548690639613,0.000999625617921698,0.0005200283864150881,0.038653072247270465,Early,0.0011274916277395249,Fast,0.092,Early-life
CS2_36,93,0.9598562739606368,-0.00155569251497785,0.0008311720986914207,0.0005906412826764644,0.038640926841805305,Early,0.0010731668988271572,Fast,0.093,Early-life
CS2_36,94,0.9540276141247906,-0.0014354601981807643,0.0010794392378658446,0.0013462281898137965,0.03864773278342844,Early,0.0013908441939972805,Fast,0.094,Early-life
CS2_36,95,0.9527044126599225,-0.0012998682308755934,0.001069360282529868,-0.013751791234692248,0.03864762363564226,Early,-0.006225961501908327,Slow,0.095,Early-life
CS2_36,96,0.9516271029617616,-0.0011675389806919151,0.0009224414320374217,0.0015456371840944585,0.03863835723821957,Early,0.0013565880823931868,Fast,0.096,Early-life
CS2_36,97,0.0833647505848101,-0.005990035091737235,0.028891092570756914,0.12561451965496975,0.16050093401649318,Late,0.0658022773733535,Fast,0.097,Early-life
CS2_36,98,0.958793864492967,-0.005517206589299479,0.0006056840409328312,0.00038290310902639694,0.22840423197170018,Early,0.002950054849162938,Fast,0.098,Early-life
CS2_36,99,0.9585754577997716,-0.005046796206905574,0.0005825135052538705,0.0003259611413045966,0.22840423370645566,Early,0.0026863786741050857,Fast,0.099,Early-life
CS2_36,100,0.9579645126785548,-0.0045785597529773014,0.0005043170893855435,0.0002702516117260023,0.22840378102879183,Early,0.002424405682351652,Fast,0.1,Early-life
CS2_36,101,0.962861127704012,-0.004094015258190558,0.00039314174526534055,-0.001261930511317336,0.22840560285744047,Early,0.0014160423734366108,Fast,0.101,Early-life
CS2_36,102,0.9638737718301718,-0.0035910099283218444,0.00034339205370293607,-0.0015956227386070435,0.22840574010505996,Early,0.0009976935948574003,Medium,0.102,Early-life
CS2_36,103,0.9591769697760156,-0.003113797861288536,0.0003627582916932634,-0.0010785524020362955,0.22840609438061832,Early,0.00101762272962612,Medium,0.103,Early-life
CS2_36,104,0.9564755134605948,-0.00267108800112164,0.00042888581128161426,-0.12473010898225496,0.2284064775119672,Early,-0.06102951049056666,Slow,0.104,Early-life
CS2_36,105,0.9563600813649864,-0.002227862025507168,0.00041220661930722657,0.0003476833039972276,0.22840648102731623,Early,0.001287772664752198,Fast,0.105,Early-life
CS2_36,106,0.9559677297035596,-0.0017857748309701113,0.0004006182627183287,0.0003725325851731449,0.2284064723475904,Early,0.001079153708071628,Medium,0.106,Early-life
CS2_36,107,0.9535046267316956,-0.0013574004612177876,0.0004316469082993181,0.0006371265638370284,0.22840669218101026,Early,0.000997263512527408,Medium,0.107,Early-life
CS2_36,108,0.95955636006604,-0.0008982657949194707,0.00030411346832886506,0.0004721096625674358,0.2284092555695228,Early,0.0006851877287434532,Slow,0.108,Early-life
CS2_36,109,0.9609415290009482,-0.00041588344358239914,0.0002394393969415163,0.00041889183274622176,0.22840944706767768,Early,0.0004173876381643104,Slow,0.109,Early-life
CS2_36,110,0.8588794696867309,-0.0005141994320091403,0.0035091892621296086,0.014328214298469246,0.2291406024028165,Early,0.007421206865239193,Fast,0.11,Early-life
CS2_36,111,0.9519619018888228,-4.773702706676449e-05,0.0004914473702581159,0.0006448016531102845,0.2297970735383428,Early,0.00034626934008852447,Slow,0.111,Early-life
CS2_36,112,0.9519141433392648,0.00042138202415419436,0.00048120197158303186,0.0006351340036745105,0.22979708642719388,Early,0.00010687598976015809,Slow,0.112,Early-life
CS2_36,113,0.9517265689542642,0.0008928275733847233,-0.0029145533223595625,0.0006058801070421957,0.2289704451488129,Early,-0.0001434737331712638,Slow,0.113,Early-life
CS2_36,114,0.9493256405772078,0.0007183298071663916,-0.002858092141931671,0.0005969980220696788,0.2289715693797238,Early,-6.066589254835641e-05,Slow,0.114,Early-life
CS2_36,115,0.9523727420246074,0.0005249700260602513,0.00041481991117947055,0.0010262311487760753,0.22819398005306513,Early,0.000250630561357912,Slow,0.115,Early-life
CS2_36,116,0.9566148186909116,0.0009542187198547297,0.00025427631622251004,0.0006181014728623742,0.22819549815065407,Early,-0.00016805862349617777,Slow,0.116,Early-life
CS2_36,117,0.8547545260619154,0.0008034303978883182,0.00352374957669215,0.0005892776606879321,0.22892414369845737,Early,-0.00010707636860019301,Slow,0.117,Early-life
CS2_36,118,0.9484846132782788,0.0012223634669180177,0.00048279348952285164,0.0004967555157919959,0.22959026115693126,Early,-0.0003628039755630109,Slow,0.118,Early-life
CS2_36,119,0.9473434565179352,0.00163723334692962,-0.002932309112930918,0.0006529552601899516,0.22873868778738335,Early,-0.0004921390433698343,Slow,0.119,Early-life
CS2_36,120,0.9476053985865815,0.0014122622406137905,0.0004787472472206846,0.000588738623954667,0.22793742851690893,Early,-0.0004117618083295617,Slow,0.12,Early-life
CS2_36,121,0.9458907429892348,0.0017852884532209366,0.0005411498445278569,0.0004906996554247137,0.22793749569540614,Early,-0.0006472943988981115,Slow,0.121,Early-life
CS2_36,122,0.9440951214450036,0.0021555107059644434,0.0005606149939080048,0.001182517225657685,0.227937578911537,Early,-0.00048649674015337923,Slow,0.122,Early-life
CS2_36,123,0.9519954443884514,0.0025702179076728103,0.00028586262582104425,0.0006599106146371682,0.22794264194736036,Early,-0.0009551536465178211,Slow,0.123,Early-life
CS2_36,124,0.952899479294774,0.002989804425805718,0.00022441273115686265,-0.014020707604694094,0.2279426995277742,Early,-0.008505256015249906,Slow,0.124,Early-life
CS2_36,125,0.9544950487958784,0.0034153198253883406,-1.5078537777025331e-05,-0.0008586336453713729,0.2279405152484514,Early,-0.002136976735379857,Slow,0.125,Early-life
CS2_36,126,0.955648290803052,0.0038140990039242217,-9.496381106869596e-05,-0.0011864048978738368,0.22794046454745148,Early,-0.002500251950899029,Slow,0.126,Early-life
CS2_36,127,0.9564159680823212,0.004208642660825232,-0.00015447952001805318,-0.0012586527851056659,0.22794038912661366,Early,-0.002733647722965449,Slow,0.127,Early-life
CS2_36,128,0.9569519057989851,0.004598354891467536,-0.028180230813360487,-0.0015801661156786193,0.1612666794104208,Early,-0.0030892605035730777,Slow,0.128,Early-life
CS2_36,129,0.9574407082119116,-0.0002626943073830256,4.365020261468928e-05,-0.0019065123952725718,0.035800461214746865,Early,-0.0008219090439447731,Slow,0.129,Early-life
CS2_36,130,0.9581643735252628,-0.00014510669017257167,1.3260783048669519e-05,-0.000881275590973063,0.03580070776763424,Early,-0.00036808445040024566,Slow,0.13,Early-life
CS2_36,131,0.9582212545608568,-2.828614166386635e-05,-8.281996203292565e-06,-0.0007602536094403993,0.0358005370566707,Early,-0.00036598373388826646,Slow,0.131,Early-life
CS2_36,132,0.9584274086979666,8.61403444782997e-05,0.00014302319374339965,-0.0005617657002983112,0.035789098558492716,Early,-0.00032395302238830544,Slow,0.132,Early-life
CS2_36,133,0.9586371292328008,0.00023120536441464652,0.0001689239547539032,-0.00042697691853553287,0.03578852485259154,Early,-0.00032909114147508967,Slow,0.133,Early-life
CS2_36,134,0.9587654093346936,0.0003846724987689514,1.327614326845379e-05,-0.00033563446462462184,0.035778667280204506,Early,-0.0003601534816967866,Slow,0.134,Early-life
CS2_36,135,0.9588570530421752,0.0005121248259633759,-7.682385747033494e-05,-0.0002721638918842885,0.03577518879877985,Early,-0.0003921443589238322,Slow,0.135,Early-life
CS2_36,136,0.9589853783441138,0.0006240840922008778,-8.468699932668998e-05,-0.00022066716174316627,0.03577517192178517,Early,-0.00042237562697202205,Slow,0.136,Early-life
CS2_36,137,0.958989432076778,0.0007344481745656478,-9.747427010381985e-05,-0.00011786550735930807,0.03577506657244927,Early,-0.00042615684096247795,Slow,0.137,Early-life
CS2_36,138,0.9589824531814498,0.0008414356711522194,-0.00017670407902433075,-0.00010874266008471205,0.035771926331648086,Early,-0.0004750891656184657,Slow,0.138,Early-life
CS2_36,139,0.952631496875036,0.0008963352845778567,0.0002233826835807722,0.0008279874032757999,0.035773385653637586,Early,-3.4173940651028396e-05,Medium,0.139,Early-life
CS2_36,140,0.9457577000236096,0.0009491025221516607,0.0004898009347528583,0.0018399184584558803,0.03579175597107513,Early,0.0004454079681521098,Medium,0.14,Early-life
CS2_36,141,0.9453144529702034,0.0010127875083107332,-0.0027882252672087916,0.0019215651949271598,0.030431049511174046,Early,0.0004543888433082133,Medium,0.141,Early-life
CS2_36,142,0.9446933190932972,0.00046136088239287623,0.00023447041275888897,0.002023390564125419,0.02540131610103126,Early,0.0007810148408662714,Medium,0.142,Early-life
CS2_36,143,0.9427110640615474,0.0004302133359969633,0.0002968735250876601,0.0023249020403666326,0.025403218274520876,Early,0.0009473443521848346,Medium,0.143,Early-life
CS2_36,144,0.9496914699953152,0.00044182939434185347,6.56483535144853e-05,0.0013282802973518329,0.025436846236401345,Early,0.0004432254515049897,Medium,0.144,Early-life
CS2_36,145,0.9522380156642898,0.00046759470263563934,-9.394758345425727e-05,0.0009634910738800041,0.025437226540182226,Early,0.0002479481856221824,Medium,0.145,Early-life
CS2_36,146,0.9502450055192472,0.0004673268649691437,6.86366614632337e-05,0.0003409273365412619,0.025433828951336557,Early,-6.319976421394088e-05,Slow,0.146,Early-life
CS2_36,147,0.94137722630978,0.00043476695662572867,0.0004915352381010173,0.0006257819591185067,0.025468731269651337,Early,9.5507501246389e-05,Slow,0.147,Early-life
CS2_36,148,0.9491462859504118,0.0004760377686410156,-0.0030448954802740793,-0.000547404711458342,0.01718972950955112,Early,-0.0005117212400496788,Slow,0.148,Early-life
CS2_36,149,0.9506286162401384,-8.762183581988962e-05,-6.916138586643774e-05,-0.0008478995924058795,0.0035058847323235333,Early,-0.00038013887829299494,Slow,0.149,Early-life
CS2_36,150,0.955752017836808,-9.039981504616039e-05,-0.00027124391351202574,-0.0018629933964658,0.0036127152715386755,Early,-0.0008862967907098197,Slow,0.15,Early-life
CS2_36,151,0.956429484123118,-9.889471643753238e-05,-0.0002846479205334343,-0.0009625734468289769,0.0036134503797090097,Early,-0.00043183936519572224,Slow,0.151,Early-life
CS2_36,152,0.9449831729674942,-0.0001741718049200646,2.9276452314212193e-05,0.0010364060995422214,0.004172424921715354,Early,0.0006052889522311429,Medium,0.152,Early-life
CS2_36,153,0.944973783935183,-0.0002589119145675199,-2.8343951296110553e-05,0.0007530316548663033,0.0041595327818878805,Early,0.0005059717847169116,Medium,0.153,Early-life
CS2_36,154,0.9453167926139904,-0.0003522275967605626,0.00021544037982132357,-0.0005627951863157613,0.003895895253309611,Early,-0.00010528379477759933,Slow,0.154,Early-life
CS2_36,155,0.9442259399281334,-0.00040440492090109976,0.0002797915924722779,0.000702906574611203,0.0038932623128357844,Early,0.0005536557477561514,Medium,0.155,Early-life
CS2_36,156,0.9438906611971828,-0.000450171225948929,0.00034207701931276264,0.0009625650061365144,0.0038776736109053874,Early,0.0007063681160427217,Medium,0.156,Early-life
CS2_36,157,0.9511810724777204,-0.00044156176497253994,0.00014410381694618033,0.0006529921941553615,0.004106476521233374,Early,0.0005472769795639508,Medium,0.157,Early-life
CS2_36,158,0.9523585424953636,-0.0004180720786625546,0.00013088469635347266,0.0005815630896792077,0.004110167385547119,Early,0.0004998175841708812,Medium,0.158,Early-life
CS2_36,159,0.9436916115097946,-0.0004379771895889076,0.00042775142868356486,0.000184508779671371,0.0043836502547454255,Early,0.0003112429846301393,Medium,0.159,Early-life
CS2_36,160,0.941970183096622,-0.0004597572314194696,0.000499049197267409,0.0004290858340801578,0.004386219447875203,Early,0.00044442153274981374,Medium,0.16,Early-life
CS2_36,161,0.9418573021614404,-0.0004737303421575282,0.0005260345601233058,0.0004942129217928581,0.004381016442165229,Early,0.00048397163197519313,Medium,0.161,Early-life
CS2_36,162,0.9415912498146348,-0.00047912571376607376,0.0005364517660071614,0.00037638430192837066,0.004379967991099334,Early,0.0004277550078472222,Medium,0.162,Early-life
CS2_36,163,0.9389042596892172,-0.00049336884422582,0.000629779000282239,0.0007123430725665125,0.004394416649367745,Early,0.0006028559583961663,Medium,0.163,Early-life
CS2_36,164,0.947514158652635,-0.00045036418433845067,0.0003588055025859922,0.0005238448321550626,0.00469651499987161,Early,0.00048710450824675667,Medium,0.164,Early-life
CS2_36,165,0.9493182872057624,-0.0003918398648310233,0.00030474587512681204,0.0004343221842287383,0.0047119282320542384,Early,0.00041308102452988077,Medium,0.165,Early-life
CS2_36,166,0.941886757569993,-0.00037134826000324677,0.000547428886199426,0.0002578362771145252,0.004881516859989631,Early,0.000314592268558886,Medium,0.166,Early-life
CS2_36,167,0.9385509142811992,-0.00036306882454431713,0.0006591762600940195,0.0004884669736318229,0.004905125567696025,Early,0.00042576789908807,Medium,0.167,Early-life
CS2_36,168,0.9396504995975036,-0.0003403219848897404,0.0006238365315894977,0.0003152575091338277,0.004914001619578301,Early,0.000327789747011784,Medium,0.168,Early-life
CS2_36,169,0.9388049399295894,-0.00031526737746283176,0.0006508875242535631,0.00039804426929220975,0.004912800697768994,Early,0.0003566558233775208,Medium,0.169,Early-life
CS2_36,170,0.9365974811284838,-0.0002953983532627998,0.0005172263144049085,0.0003295397943904797,0.004807794456258794,Early,0.0003124690738266398,Medium,0.17,Early-life
CS2_36,171,0.9442467164157168,-0.0002622751721898611,4.8741406706219775e-05,0.00046677746241688807,0.004874860376588217,Early,0.00036452631730337455,Medium,0.171,Early-life
CS2_36,172,0.9462751539485512,-0.00025612856216909236,-3.0990354140250734e-05,0.00043473332245873894,0.0048883871798858485,Early,0.0003454309423139157,Medium,0.172,Early-life
CS2_36,173,0.8437375305602272,-0.0008354526973188382,0.003256638339776454,0.014021318144252257,0.019062809831669005,Early,0.007428385420785548,Fast,0.173,Early-life
CS2_36,174,0.9472814264652482,-0.0007929811579931926,-0.00014743104528067063,-0.0012472160262927095,0.027047632849464473,Early,-0.00022711743414975845,Slow,0.174,Early-life
CS2_36,175,0.9476969795494384,-0.0007610866870659486,6.433840147989483e-05,-0.0011494971359906942,0.02701803434197729,Early,-0.00019420522446237276,Slow,0.175,Early-life
CS2_36,176,0.9482224860122104,-0.000685813868414309,0.0001295332145832067,-0.0013453637260887172,0.027013962335052547,Early,-0.0003297749288372041,Slow,0.176,Early-life
CS2_36,177,0.9486889561124008,-0.0005919496736357646,5.0195142156335284e-05,-0.0017273535691309913,0.02701191858818879,Early,-0.0005677019477476133,Slow,0.177,Early-life
CS2_36,178,0.9490143599897974,-0.0005069901151261493,-0.00024635915096830305,-0.00068109193915438,0.02696230540487693,Early,-8.705091201411535e-05,Slow,0.178,Early-life
CS2_36,179,0.9490337800216702,-0.00047510486047751277,3.6292235077961175e-06,-0.0003940894390169917,0.0269261338611603,Early,4.0507710730260544e-05,Slow,0.179,Early-life
CS2_36,180,0.9489897665662864,-0.0003992860567819189,5.2866118511353934e-05,-0.015036033715151323,0.026924721567151005,Early,-0.007318373829184702,Slow,0.18,Early-life
CS2_36,181,0.9489287082900494,-0.0003147910925720797,0.0002201067595728575,-0.00023532597497160395,0.026907593854596585,Early,3.973255880023787e-05,Slow,0.181,Early-life
CS2_36,182,0.948965853845006,-0.00019847362455101142,0.000240762267035872,-0.0001812677565096494,0.026907127634729494,Early,8.602934020681012e-06,Slow,0.182,Early-life
CS2_36,183,0.9490760994587852,-7.494458588131005e-05,-0.00013202988681583887,-0.00012194477808212336,0.026826638634944805,Early,-2.3500096100406653e-05,Slow,0.183,Early-life
CS2_36,184,0.9492132501636776,-1.7172480304576504e-05,-0.00013675697511272844,-7.489915018240747e-05,0.026826625795841472,Early,-2.8863334938915485e-05,Slow,0.184,Early-life
CS2_36,185,0.94931404808237,3.956493740939683e-05,-0.0001289437247864384,-4.281258465321791e-05,0.026826598994616254,Early,-4.1188761031307376e-05,Slow,0.185,Early-life
CS2_36,186,0.9502948374536724,0.00010235866535372143,-0.00019577088792061172,-0.0001801510617146031,0.026826039404714428,Early,-0.00014125486353416225,Slow,0.186,Early-life
CS2_36,187,0.9504463805419048,0.00015759073776696258,-0.00021147481757167704,-0.00020808771080262276,0.026825860658255183,Early,-0.00018283922428479269,Slow,0.187,Early-life
CS2_36,188,0.9409794349985842,0.00015472523114943743,0.0003290850799721378,0.001135610470209317,0.026847287961003503,Early,0.0004904426195299398,Medium,0.188,Early-life
CS2_36,189,0.9387406278715362,0.00018430162404007772,0.0004392875685105591,0.0014607465676385362,0.026847909275288313,Early,0.0006382224717992293,Medium,0.189,Early-life
CS2_36,190,0.9383010522716196,0.000223062503037216,0.0001738890076830644,0.0015392924553093712,0.02680449547447175,Early,0.0006581149761360776,Medium,0.19,Early-life
CS2_36,191,0.9374497393902006,0.00020971846242288992,0.0001458207647232694,0.0016805015390681482,0.026803276498411105,Early,0.0007353915383226292,Medium,0.191,Early-life
CS2_36,192,0.9347114121009912,0.00017269195491688397,0.00023051258259513513,0.002086090854482684,0.0268073165278505,Early,0.0009566994497828999,Fast,0.192,Early-life
CS2_36,193,0.9424825999515332,0.00018179801605035668,-2.8753230222527065e-05,0.0011160339288770313,0.02684579963909019,Early,0.0004671179564133373,Medium,0.193,Early-life
CS2_36,194,0.9439654403106088,0.00019749090418284734,-0.00016326389101263235,0.0009258486044708533,0.026842185062953914,Early,0.000364178850144003,Medium,0.194,Early-life
CS2_36,195,0.9377041613829816,0.00016048608302515578,0.00031645152482752804,0.00046789623080036236,0.02681907414615706,Early,0.0001537050738876033,Medium,0.195,Early-life
CS2_36,196,0.9339196025854204,0.00015449400741015073,0.000496731761946516,0.0006887178980165474,0.02682312778183503,Early,0.00026711194530319835,Medium,0.196,Early-life
CS2_36,197,0.9345213187187794,0.00016781618299047227,0.00023759480165204988,0.0005399619361200322,0.026792684931623605,Early,0.00018607287656477998,Medium,0.197,Early-life
CS2_36,198,0.9375851391442134,0.00015902176989447678,3.115403667696173e-05,-1.9342822001825306e-05,0.02679267189780216,Early,-8.918229594815104e-05,Slow,0.198,Early-life
CS2_36,199,0.94463364195579,0.00017167603632202118,-0.00016074652768665974,-0.0014174614078284067,0.026822328628512894,Early,-0.0007945687220752139,Slow,0.199,Early-life
CS2_36,200,0.946140738297441,0.00019731432890056808,-0.00023663865702747413,-0.0005225911922725558,0.02682271478260317,Early,-0.00035995276058656197,Slow,0.2,Early-life
CS2_36,201,0.9408695239055148,0.0001855091477638049,-0.0001378078315171281,0.0004422737721562843,0.026837660658482747,Early,0.0001283823121962397,Medium,0.201,Early-life
CS2_36,202,0.9365788077988312,0.00013521652020190782,0.0002473518908672774,0.00016076479773577797,0.02681193290438715,Early,1.2774138766935073e-05,Medium,0.202,Early-life
CS2_36,203,0.937880878057682,0.00013859440018445558,0.00027078309325384396,-0.0005658964960373801,0.02681019510927336,Early,-0.00035224544811091784,Slow,0.203,Early-life
CS2_36,204,0.937311986243686,0.0001533422341746126,-0.0030185308284986704,-0.00039866678927236165,0.01894709470291796,Early,-0.00027600451172348715,Slow,0.204,Early-life
CS2_36,205,0.8270930427889004,-0.0010750555483130877,0.0038770446347208957,0.01578458519361614,0.020010939257226273,Early,0.008429820370964614,Fast,0.205,Early-life
CS2_36,206,0.938688216614198,-0.001037014927393051,0.0002906052559754982,0.0008493464773702909,0.028826954151542464,Early,0.0009431807023816709,Fast,0.206,Early-life
CS2_36,207,0.9424892427732442,-0.0009717141374094586,0.0001849433302892316,0.0005216422177424082,0.028836046817154695,Early,0.0007466781775759334,Medium,0.207,Early-life
CS2_36,208,0.9435418838060352,-0.0008953449715387045,0.00016603459052792174,-0.0003817657000743419,0.028836680387473425,Early,0.0002567896357321813,Medium,0.208,Early-life
CS2_36,209,0.93477587241289,-0.0008642455335764553,0.0004593060508679835,0.00025756219799160415,0.028877716847472368,Early,0.0005609038657840297,Medium,0.209,Early-life
CS2_36,210,0.9348748797926472,-0.0008255152810750757,0.00045673871706525796,0.00042942832357641326,0.028877764364403806,Early,0.0006274718023257445,Medium,0.21,Early-life
CS2_36,211,0.93437991666608,-0.0007842967652814309,0.00047128548065181994,0.00041886708251513493,0.02887766310933447,Early,0.0006015819238982829,Medium,0.211,Early-life
CS2_36,212,0.9341941866713052,-0.0007390280931744623,0.0004753071489917491,-0.01530016341177211,0.02887761275560157,Early,-0.007280567659298824,Slow,0.212,Early-life
CS2_36,213,0.934367148485122,-0.0006877223879108956,0.00047092597935109503,0.0006172954470108508,0.028877703396516123,Early,0.0006525089174608731,Medium,0.213,Early-life
CS2_36,214,0.9412090100905308,-0.0005919799831071632,0.0002537770763953039,0.0001828903832447683,0.028907513407720506,Early,0.00038743518317596576,Medium,0.214,Early-life
CS2_36,215,0.9423210498061768,-0.00048640894488176546,0.0002223290437903491,0.00017440485712262786,0.0289084831350961,Early,0.0003304069010021967,Medium,0.215,Early-life
CS2_36,216,0.9346350350146404,-0.0004212027134692021,0.0004735165505719214,2.0119628321364174e-05,0.02893939538587542,Early,0.00022066117089528312,Medium,0.216,Early-life
CS2_36,217,0.9342116753071265,-0.00035244834960028465,0.0005188116821466428,9.474349793152965e-05,0.028938142112604065,Early,0.00022359592376590715,Medium,0.217,Early-life
CS2_36,218,0.934699917997131,-0.00026945162535863015,0.0005079504046701207,-4.5714475864433446e-05,0.028938465286351175,Early,0.00011186857474709835,Medium,0.218,Early-life
CS2_36,219,0.941620296562788,-0.0001405013643940618,-2.0672953683994932e-05,-0.0010608728416404065,0.028919023121452232,Early,-0.00046018573862317234,Slow,0.219,Early-life
CS2_36,220,0.9426211079373816,-5.9889058407322566e-05,-0.0001251767763175937,-0.0011791370646085137,0.0289164392791507,Early,-0.0005596240031005955,Slow,0.22,Early-life
CS2_36,221,0.942602726205518,6.475847513780832e-06,-0.00013876367528704365,-0.0001991023021410251,0.028916264027143715,Early,-0.00010278907482740298,Slow,0.221,Early-life
CS2_36,222,0.9427505172414448,6.960602664763402e-05,-0.0001709928339111021,-6.135249075256421e-05,0.028915680514357046,Early,-6.547925870009912e-05,Slow,0.222,Early-life
CS2_36,223,0.942884332538602,0.00012671641457645376,-0.0002636425947616408,-0.001178471074851663,0.028910648859037925,Early,-0.0006525937447140584,Slow,0.223,Early-life
CS2_36,224,0.942979666400522,0.0001658138558188305,-1.603440158028505e-05,-0.0012525701561993635,0.02887705722036235,Early,-0.000709192006009097,Slow,0.224,Early-life
CS2_36,225,0.943178522292611,0.0002500134273991175,2.5384452193477266e-05,-0.0012112291850685678,0.028875804020008403,Early,-0.0007306213062338426,Slow,0.225,Early-life
CS2_36,226,0.943997277731612,0.0003475787075161124,-0.0002030037531816255,-0.0003395687384034301,0.02885282824378584,Early,-0.00034357372295977127,Slow,0.226,Early-life
CS2_36,227,0.943854071365971,0.00040644800581703306,-0.0003204667348564709,-0.00017613763265562316,0.028843463969155117,Early,-0.0002912928192363281,Slow,0.227,Early-life
CS2_36,228,0.9439111223913504,0.00044049661524355464,-0.0003028968926635816,-0.00018691374083320715,0.02884345282678568,Early,-0.00031370517803838086,Slow,0.228,Early-life
CS2_36,229,0.8440504454107608,-9.286815392401364e-05,0.003017248184950083,0.014100010261526281,0.03398123879339437,Early,0.007096439207725147,Fast,0.229,Early-life
CS2_36,230,0.9436408769242308,-8.683216791560465e-06,3.202467843739375e-05,-0.00010807776937553954,0.03864043475733733,Early,-4.969727629198954e-05,Slow,0.23,Early-life
CS2_36,231,0.9436463312168928,0.00011594493886996979,8.046474453381505e-05,-9.523783091011253e-05,0.0386393822063276,Early,-0.00010559138489004116,Slow,0.231,Early-life
CS2_36,232,0.9436824328609558,0.0002502556370018195,-9.073899856261134e-05,-7.198722404925093e-05,0.03862737232932534,Early,-0.00016112143052553522,Slow,0.232,Early-life
CS2_36,233,0.9435822478644372,0.000353015895442945,-0.00022591742147116283,5.928998102496966e-05,0.038618859652504785,Early,-0.00014686295720898766,Slow,0.233,Early-life
CS2_36,234,0.9436559813173772,0.0004292487817438024,-0.0001862936535385517,2.8298578370547895e-05,0.03861834883812538,Early,-0.00020047510168662725,Slow,0.234,Early-life
CS2_36,235,0.9436611819834893,0.0005107923704190269,-0.00020481276580010659,3.5705772551599046e-05,0.03861811227364297,Early,-0.0002375432989337139,Slow,0.235,Early-life
CS2_36,236,0.9435635744750988,0.0005862216133329568,-0.0037571139253612376,-0.014216161294905423,0.03273950683714042,Early,-0.00740119145411919,Slow,0.236,Early-life
CS2_36,237,0.943472325824805,-7.806075320183785e-06,-0.00015432610356796815,2.407872848940253e-05,0.02590986908943621,Early,1.5942401904793155e-05,Medium,0.237,Early-life
CS2_36,238,0.9354546185557084,-1.507913698998069e-05,0.00022692336185599213,0.001170244665883478,0.02594135521344218,Early,0.0005926619014367294,Medium,0.238,Early-life
CS2_36,239,0.934739348016384,-2.240821708464025e-06,0.0002839527674081025,0.0012775835492245338,0.02594039172428408,Early,0.0006399121854664989,Medium,0.239,Early-life
CS2_36,240,0.9338725585965916,1.4880204640184968e-05,2.9139155364463838e-05,0.0013870984668350936,0.025893048767979366,Early,0.0006861091310974544,Medium,0.24,Early-life
CS2_36,241,0.9314285840339211,-3.136074426733334e-05,0.00011117083092664563,0.0017467710404937156,0.02589665720929311,Early,0.0008890658923805245,Fast,0.241,Early-life
CS2_36,242,0.9293519765604814,-8.75747524466156e-05,0.00016219161630963205,0.0020441722032868348,0.025898996496905535,Early,0.001065873477866725,Fast,0.242,Early-life
CS2_36,243,0.9364343417268824,-0.00010451725339604352,-7.226306630894473e-05,0.0010184618211737581,0.025931653499394747,Early,0.0005614895372849008,Medium,0.243,Early-life
CS2_36,244,0.9381904784057,-0.00011335816030328022,-0.00012333322324445127,0.0007545496313007113,0.02593341733073147,Early,0.0004339538958019958,Medium,0.244,Early-life
CS2_36,245,0.9334043052008344,-0.00014981200946926896,0.00025176467386117495,0.00029290190783914927,0.025917090250667546,Early,0.0002213569586542091,Medium,0.245,Early-life
CS2_36,246,0.9291696341671112,-0.00016859131363860925,0.0004242392141634075,0.0007956734070389786,0.025925501230138485,Early,0.00048213236033879393,Medium,0.246,Early-life
CS2_36,247,0.9294557334707966,-0.00017460574594626866,0.00016707424334980092,0.0006309750179707141,0.025890583531986137,Early,0.0004027903819584914,Medium,0.247,Early-life
CS2_36,248,0.9429578515750052,-0.00014567556575748974,-0.00028213471831867,-0.001647038220154868,0.02600653453561843,Early,-0.0007506813271986892,Slow,0.248,Early-life
CS2_36,249,0.947525091504558,-9.640668792437812e-05,-0.00041371527443312764,-0.0025961592777252263,0.026017928489165315,Early,-0.001249876294900424,Slow,0.249,Early-life
CS2_36,250,0.949838802272898,-3.591892992378801e-05,-0.00026511308742290185,-0.001914922935145074,0.025992670018553054,Early,-0.000939502002610643,Slow,0.25,Early-life
CS2_36,251,0.9459351818593672,3.869685067500092e-05,-0.00010690561038663136,-0.00110638620766674,0.02600296650387819,Early,-0.0005725415291708704,Slow,0.251,Early-life
CS2_36,252,0.9389346336644576,7.800838104030421e-05,0.00011832556584065725,-0.0007900469233747463,0.026034307884767197,Early,-0.00043402765220752526,Slow,0.252,Early-life
CS2_36,253,0.9385981125186792,0.00011664802648540818,0.00013394853944405057,-0.0013469254787954307,0.026034288183108625,Early,-0.0007317867526404195,Slow,0.253,Early-life
CS2_36,254,0.9379172329184484,0.0001537809021269811,0.00016022902000495566,-0.0012087856353788348,0.026034420076489845,Early,-0.0006812832687529079,Slow,0.254,Early-life
CS2_36,255,0.1253880566849272,-0.004423148170506155,0.026373922894051445,0.11679568498429685,0.14820875837860092,Late,0.0606094165774015,Fast,0.255,Early-life
CS2_36,256,0.9312730302722044,-0.004120940008836462,0.0003840481296905313,0.0023217230331933508,0.2105535686949535,Early,0.0032213315210149066,Fast,0.256,Early-life
CS2_36,257,0.9287389385697044,-0.003827636049161276,0.000492204489093792,0.003014266243313357,0.21055379138711122,Early,0.0034209511462373167,Fast,0.257,Early-life
CS2_36,258,0.9368509292753362,-0.0034779959808336797,0.0002259078093753124,0.0012977503691472706,0.21055946777322418,Early,0.0023878731749904752,Fast,0.258,Early-life
CS2_36,259,0.9384949306023068,-0.0031172615342101636,0.00017471586416269394,6.281472316438386e-05,0.21055973177253892,Early,0.0015900381286872737,Fast,0.259,Early-life
CS2_36,260,0.934004328098157,-0.0027797323134414703,-0.002901738151206334,0.0006562549172174359,0.20974984733478116,Early,0.001717993615329453,Fast,0.26,Early-life
CS2_36,261,0.9286652602672638,-0.0030729032126380865,0.00048308440828925467,0.0013217103787406417,0.20898277388591274,Early,0.0021973067956893642,Fast,0.261,Early-life
CS2_36,262,0.928919820479392,-0.002793283426935979,0.00047504873346776265,-0.11479025197063784,0.20898279808629425,Early,-0.05599848427185093,Slow,0.262,Early-life
CS2_36,263,0.9295160316011536,-0.002504846806680681,0.0004569806858000666,0.00025099981015011937,0.20898286796467228,Early,0.0013779233084154,Fast,0.263,Early-life
CS2_36,264,,,,,,,,,0.264,Early-life
CS2_36,265,0.9288768348604252,,,,,Early,,,0.265,Early-life
CS2_36,266,0.9274071302017955,,,,,Early,,,0.266,Early-life
CS2_36,267,0.9276708969496256,,,,,Early,,,0.267,Early-life
CS2_36,268,0.9341025827186908,,,,,Early,,,0.268,Early-life
CS2_36,269,0.936926200831435,,,,,Early,,,0.269,Early-life
CS2_36,270,0.9365605998385386,,,,,Early,,,0.27,Early-life
CS2_36,271,0.9276199212475577,,,,,Early,,,0.271,Early-life
CS2_36,272,0.9284841221380544,,,5.610181748153372e-05,,Early,,,0.272,Early-life
CS2_36,273,0.9266887895989436,,,0.00010262008612170272,,Early,,,0.273,Early-life
CS2_36,274,0.9255006411775794,,,0.00031003653886374494,,Early,,,0.274,Early-life
CS2_36,275,0.9277705320194471,,,0.0009045786713205281,,Early,,,0.275,Early-life
CS2_36,276,0.932295159850944,,,0.0006615772829272773,,Early,,,0.276,Early-life
CS2_36,277,0.9332115675782726,,,0.00047843318003799277,,Early,,,0.277,Early-life
CS2_36,278,0.923236866404932,,,0.0006261506918036698,,Early,,,0.278,Early-life
CS2_36,279,0.9234500900914016,,,0.0007191474352361242,,Early,,,0.279,Early-life
CS2_36,280,0.9231256535060306,,,0.000509019441844719,,Early,,,0.28,Early-life
CS2_36,281,0.9231367417331592,,,0.00033769992063145286,,Early,,,0.281,Early-life
CS2_36,282,0.922823597755182,,,0.0007067048948950257,,Early,,,0.282,Early-life
CS2_36,283,0.9282786623314978,,,0.000573785359920888,,Early,,,0.283,Early-life
CS2_36,284,0.9293859868697848,,,0.0005465115297839741,,Early,,,0.284,Early-life
CS2_36,285,0.9299024952239484,,,-0.0009522326884309207,,Early,,,0.285,Early-life
CS2_36,286,0.9302348305975916,,,-0.0009692486437414351,,Early,,,0.286,Early-life
CS2_36,287,0.930619486219558,,,-0.0010705475305039197,,Early,,,0.287,Early-life
CS2_36,288,0.9309670546151368,,,-0.0011186161259968091,,Early,,,0.288,Early-life
CS2_36,289,0.9315923455930432,,,-0.0012526782625515986,,Early,,,0.289,Early-life
CS2_36,290,0.9315302532311908,,,-0.00046451298567042255,,Early,,,0.29,Early-life
CS2_36,291,0.9318658859972796,,,-0.00035427130392782857,,Early,,,0.291,Early-life
CS2_36,292,0.9313509751500636,,,-0.000206925703730741,,Early,,,0.292,Early-life
CS2_36,293,0.9310261542603856,,,-0.00011304623754199954,,Early,,,0.293,Early-life
CS2_36,294,0.9320506376257852,,,-0.00020445020088959747,,Early,,,0.294,Early-life
CS2_36,295,0.931551556276579,,,-8.350023734888483e-05,,Early,,,0.295,Early-life
CS2_36,296,0.9318756360928726,5.272437603672984e-05,-9.673552362733695e-05,-4.047007140420674e-05,0.0031456308607866854,Early,-4.659722372046829e-05,Medium,0.296,Early-life
CS2_36,297,0.9319807735121024,6.410629540911825e-05,-0.00014753688097764037,-6.436004013023387e-05,0.0031321778206337544,Early,-6.423316776967606e-05,Medium,0.297,Early-life
CS2_36,298,0.932441204855979,6.807715184565734e-05,-0.00015388090020495052,-8.218840838563375e-05,0.0031326202180766934,Early,-7.513278011564554e-05,Slow,0.298,Early-life
CS2_36,299,0.9290589127251664,5.258046746747015e-05,0.00016269903204917607,0.0003274374892710303,0.002968647616879943,Early,0.00013742851090178007,Medium,0.299,Early-life
CS2_36,300,0.9189484789580794,1.8030658464718692e-05,0.0005799265120437277,0.0017253821860437415,0.00341090874789334,Early,0.0008536757637895114,Fast,0.3,Early-life
CS2_36,301,0.9202615023560604,1.357456840977452e-05,0.0005257773381444565,0.0016841621813892577,0.003427707603259605,Early,0.0008352938064897416,Fast,0.301,Early-life
CS2_36,302,0.918422226015791,2.5655087134826144e-06,0.00029669984618601973,0.0018756186086839996,0.003064655105771419,Early,0.0009365265499852585,Fast,0.302,Early-life
CS2_36,303,0.916728880629798,-6.54925525998799e-05,0.00037920133897601497,0.0021638222090106635,0.003066785800463123,Early,0.0011146573808052717,Fast,0.303,Early-life
CS2_36,304,0.9204671213863492,-0.00010309127115755575,0.00020069897459981935,0.0016448074465361673,0.003141737312883683,Early,0.0008739493588468615,Fast,0.304,Early-life
CS2_36,305,0.9249654592575752,-0.00012305133470775392,1.7263932903358843e-05,0.0010679636569148293,0.0032464246503566205,Early,0.0005955074958112917,Medium,0.305,Early-life
CS2_36,306,0.9257091365786024,-0.00014534062118141258,6.649662712402308e-05,0.0004785394495091363,0.003222064583140656,Early,0.0003119400353452744,Medium,0.306,Early-life
CS2_36,307,0.9150877498203028,-0.00021432594550841255,0.0005550777429239094,0.0005515327339680821,0.003625733169610056,Early,0.00038292933973824736,Medium,0.307,Early-life
CS2_36,308,0.9145448556261728,-0.00025438008163529674,0.0006021519984548319,0.0008166638185553696,0.003615450243581782,Early,0.0005355219500953331,Medium,0.308,Early-life
CS2_36,309,0.9147476338892344,-0.0002812325701070925,0.00027384621018379204,0.0005249417323652329,0.0031707324243027235,Early,0.0004030871512361627,Medium,0.309,Early-life
CS2_36,310,0.9144569766746712,-0.0003632990697580695,0.00029010043279775386,0.0003245577078752536,0.003169443581708756,Early,0.00034392838881666156,Medium,0.31,Early-life
CS2_36,311,0.9119837600358236,-0.00045490984262939896,0.00035941591839377414,0.0012119087643608045,0.003193624128342506,Early,0.0008334093034951017,Fast,0.311,Early-life
CS2_36,312,0.9195725625905026,-0.0005011615370570111,0.00011497352073085836,0.0007704138095818079,0.0034983883961464193,Early,0.0006357876733194095,Medium,0.312,Early-life
CS2_36,313,0.9208453184810268,-0.0005388121453532594,6.381546045661839e-05,0.0006948311567965192,0.003506978903731021,Early,0.0006168216510748894,Medium,0.313,Early-life
CS2_36,314,0.8037390078706672,-0.0012428935699417354,0.00401740820841389,0.01590696313566223,0.021254722534747812,Early,0.008574928352801983,Fast,0.314,Early-life
CS2_36,315,0.9224380283783292,-0.001195901690548332,0.00022412769327276048,-0.0011275961074509139,0.03062672993911968,Early,3.415279154870903e-05,Medium,0.315,Early-life
CS2_36,316,0.9215236856342272,-0.001145266418082601,0.000270284180313589,-0.0009680073921418199,0.030626654738922298,Early,8.862951297039051e-05,Medium,0.316,Early-life
CS2_36,317,0.9262167427803134,-0.0010619599304982315,0.00012961573604123203,-0.0016799665865203175,0.03063952654429811,Early,-0.000309003328011043,Slow,0.317,Early-life
CS2_36,318,0.92836874172451,-0.0009630650009256836,7.26046611305816e-05,-0.0023407116698123437,0.030642159485551563,Early,-0.0006888233344433301,Slow,0.318,Early-life
CS2_36,319,0.9287420055219728,-0.0008590386580480874,7.177577719883907e-05,-0.001309920418781466,0.030642171577813914,Early,-0.00022544088036668925,Slow,0.319,Early-life
CS2_36,320,0.9172629362893782,-0.0008174438451853681,0.00046223900979564507,0.0005117688845212338,0.030710038806241485,Early,0.000664606364853301,Medium,0.32,Early-life
CS2_36,321,0.917152763198764,-0.0007676695101244409,0.00046379000104602324,-0.016201965046870975,0.03071001913758469,Early,-0.007717147768373267,Slow,0.321,Early-life
CS2_36,322,0.91614446585949,-0.0007187065938080078,0.0005071425850899853,0.0008990803598341669,0.03070980159035139,Early,0.0008088934768210874,Fast,0.322,Early-life
CS2_36,323,0.9154951204610272,-0.0006657631517086073,0.0005114791835173028,0.00086122359617142,0.030709812215787554,Early,0.0007634933739400136,Fast,0.323,Early-life
CS2_36,324,0.9163662695595964,-0.0006049833651865478,0.0004728995064770697,0.0014072104601024244,0.03071080573640702,Early,0.0010060969126444862,Fast,0.324,Early-life
CS2_36,325,0.921210480463894,-0.0005131513682805356,0.0003496824890932658,0.0010226087515165755,0.030724673321616037,Early,0.0007678800598985556,Fast,0.325,Early-life
CS2_36,326,0.9220821499033685,-0.0004065721112435081,0.0003054647217164706,0.0009514079455149117,0.03072543750194358,Early,0.00067899002837921,Medium,0.326,Early-life
CS2_36,327,0.9223621148031228,-0.0002977666440133984,0.0003068877835403163,-0.0007284540733920915,0.030725408393984143,Early,-0.00021534371468934652,Slow,0.327,Early-life
CS2_36,328,0.9225272999790348,-0.00018269390087827478,0.0003049507591312123,-0.0007677909686101111,0.030725437127951328,Early,-0.00029254853386591817,Slow,0.328,Early-life
CS2_36,329,0.9231343940750716,-6.01090382344283e-05,0.0003002197026099177,-0.0009985611736545044,0.030725570199913923,Early,-0.00046922606771003804,Slow,0.329,Early-life
CS2_36,330,0.9230991661338368,6.830334036316402e-05,0.0001922498900428898,-0.0010862922389727986,0.030720259108924015,Early,-0.0005772977896679813,Slow,0.33,Early-life
CS2_36,331,0.92297460693805,0.00017897508517373962,-0.0001298750961280837,-0.000944048196921938,0.030665098022826055,Early,-0.0005615116410478388,Slow,0.331,Early-life
CS2_36,332,0.922663993123549,0.000228960478996562,-7.749970217705006e-05,-0.0002076446656649982,0.030664396431053113,Early,-0.00021830257233078012,Slow,0.332,Early-life
CS2_36,333,0.9224598977822944,0.000284365921980614,-0.00013024747633881876,-5.39639827037102e-05,0.03066239568137549,Early,-0.0001691649523421621,Slow,0.333,Early-life
CS2_36,334,0.9221596864579464,0.0003261351000936395,-0.00017518728477898313,2.8918335025194886e-05,0.030660654735513344,Early,-0.0001486083825342223,Slow,0.334,Mid-life
CS2_36,335,0.813084705796127,-0.00026345197530111086,0.0034639488900071683,0.01563465631184397,0.036384352697082206,Early,0.007949054143572542,Fast,0.335,Mid-life
CS2_36,336,0.921692654452241,-0.00017534537346471175,0.00010557434855916794,0.0002059628032615089,0.04157792153627946,Early,0.00019065408836311032,Medium,0.336,Mid-life
CS2_36,337,0.921711794185178,-6.0371576734677785e-05,0.00012894652882014255,0.00019819599266554126,0.0415776318747998,Early,0.00012928378470010953,Medium,0.337,Mid-life
CS2_36,338,0.921652306531177,5.9954962749131694e-05,-0.00021175989389916747,0.00018890005812471116,0.04153203550080195,Early,6.447254768778974e-05,Medium,0.338,Mid-life
CS2_36,339,0.8136247139101047,-0.0004962667884896122,0.00325548844245381,0.015577039887634894,0.04585840925190626,Early,0.008036653338062253,Fast,0.339,Mid-life
CS2_36,340,0.9213714741582084,-0.0004063814775756189,-0.00021367226674109683,0.00015548908915514431,0.05000875364120455,Early,0.0002809352833653816,Medium,0.34,Mid-life
CS2_36,341,0.9211327016540108,-0.00031912877333559127,-0.00021534596707547288,0.0001467121148479419,0.050008737067838545,Early,0.00023292044409176657,Medium,0.341,Mid-life
CS2_36,342,0.9100120764254236,-0.00029916001442114123,6.360269710967774e-05,-0.013846767232756654,0.050048335698134334,Early,-0.006773803609167756,Slow,0.342,Mid-life
CS2_36,343,0.907322088348653,-0.00030780488801462316,0.0003951765884467597,0.0020529380147982857,0.05002999353721439,Early,0.0011803714514064545,Fast,0.343,Mid-life
CS2_36,344,0.9064399729435476,-0.0002738529415713662,0.000464688565725135,0.002181688748804343,0.05002909584142134,Early,0.0012277708451878546,Fast,0.344,Mid-life
CS2_36,345,0.904754427031956,-0.0002369658410918634,-0.0032585619084286696,0.0024139827856030083,0.045112376352049025,Early,0.0013254743133474358,Fast,0.345,Mid-life
CS2_36,346,0.9024143082530758,-0.0009157807474651803,0.0006459264556533368,-0.012684227763281581,0.03970140418875286,Early,-0.005884223507908201,Slow,0.346,Mid-life
CS2_36,347,0.9117712977679752,-0.0008596646144415035,0.00031459315697587056,0.0013714537700333215,0.03974192911060582,Early,0.0011155591922374125,Fast,0.347,Mid-life
CS2_36,348,0.913214787756344,-0.0007969670407461293,0.00041941790399901264,0.001131130556809547,0.039732564957351835,Early,0.0009640487987778382,Fast,0.348,Mid-life
CS2_36,349,0.906636166011442,-0.000740216789725876,0.0007010508294538055,0.00048227291628307904,0.039744671055713617,Early,0.0006112448530044775,Medium,0.349,Mid-life
CS2_36,350,0.9016630793591284,-0.0006915289594397618,0.0008735137471885311,0.0008084298556463786,0.03975145297586105,Early,0.0007499794075430702,Fast,0.35,Mid-life
CS2_36,351,0.9018498037333634,-0.0006297330855963907,0.000497197824387572,0.0006557384585977401,0.03970289522801266,Early,0.0006427357720970654,Medium,0.351,Mid-life
CS2_36,352,0.900195648489211,-0.0006369078300937763,0.0005470037003081638,0.0006512540775350002,0.039703361968284896,Early,0.0006440809538143883,Medium,0.352,Mid-life
CS2_36,353,0.9005344811746531,-0.0006365674212079558,0.0005035478930592576,0.00026854672548895904,0.039703577471556985,Early,0.00045255707334845743,Medium,0.353,Mid-life
CS2_36,354,0.9056613164475764,-0.0006071040934598311,0.00031721948430486443,0.0008728544743426785,0.039716422133389544,Early,0.0007399792839012548,Fast,0.354,Mid-life
CS2_36,355,0.907244150639812,-0.0005687320852436012,0.00029426190063820733,0.0008529481595045725,0.03971733763225775,Early,0.0007108401223740869,Medium,0.355,Mid-life
CS2_36,356,0.907870600165336,-0.0005185071087014233,0.0004303187193083202,-0.0001763477362705736,0.03970637111321508,Early,0.00017107968621542485,Medium,0.356,Mid-life
CS2_36,357,0.8977242228443315,-0.000493518092262008,0.0007857395825495788,0.0005626937878281232,0.039743623298715475,Early,0.0005281059400450656,Medium,0.357,Mid-life
CS2_36,358,0.8972309485585066,-0.000457450244466115,0.0008106827820843935,0.0006598364535509755,0.039743174806144546,Early,0.0005586433490085453,Medium,0.358,Mid-life
CS2_36,359,0.8954479112144688,-0.00042071027667082316,0.0008735286698247116,0.000678248182106029,0.03974312059023624,Early,0.0005494792293884261,Medium,0.359,Mid-life
CS2_36,360,0.8959326361542578,-0.00037035117560651386,0.0008774760619617357,0.0006574064314850414,0.03974297470562396,Early,0.0005138788035457776,Medium,0.36,Mid-life
CS2_36,361,0.8974264028127136,-0.00029808404682393205,0.0008281536555201041,0.0011764162335518341,0.03974500352245766,Early,0.0007372501401878831,Fast,0.361,Mid-life
CS2_36,362,0.9033735820072762,-0.00018281544892562323,0.0006322911267991535,0.0005529383760765379,0.03976354277225808,Early,0.00036787691250108056,Medium,0.362,Mid-life
CS2_36,363,0.904268675083092,-5.598369117715824e-05,0.0005933973561437712,0.0005145607260348564,0.039764457557705905,Early,0.00028527220860600735,Medium,0.363,Mid-life
CS2_36,364,0.8954920888827124,2.595940007929348e-05,0.0008699293193413567,0.0003188762802313061,0.03979145846436254,Early,0.00014645844007600632,Medium,0.364,Mid-life
CS2_36,365,0.8989026957028898,0.00013600686700396676,0.0007502255082276325,-0.00023882102062617555,0.03979881037317839,Early,-0.00018741394381507117,Slow,0.365,Mid-life
CS2_36,366,0.8974232910115881,0.0002444681691605011,-0.0027205995230793908,-0.0002821971138741957,0.03435655828633276,Early,-0.0002633326415173484,Slow,0.366,Mid-life
CS2_36,367,0.8937374319391871,-0.00031867302175332213,0.0009017813713888366,0.0003136006021529557,0.02818589125791896,Early,0.0003161368119531389,Medium,0.367,Mid-life
CS2_36,368,0.9021410445019872,-0.00020672828106662298,0.0006313145059093818,-0.0006735202413248002,0.028235207642588137,Early,-0.00023339598012908863,Slow,0.368,Mid-life
CS2_36,369,0.903468378188938,-7.995909474521544e-05,0.0005865783336206139,-1.3542311665964185e-05,0.028237242425750677,Early,3.320839153962563e-05,Medium,0.369,Mid-life
CS2_36,370,0.8954067606015927,7.333111041500974e-06,-0.002638130538435098,0.00126598778307133,0.02009162287161143,Early,0.0006293273360149145,Medium,0.37,Mid-life
CS2_36,371,0.8914576775213702,-0.0005715845512295395,0.0009649611818334917,0.000576344480191742,0.004841887593286573,Early,0.0005739645157106408,Medium,0.371,Mid-life
CS2_36,372,0.8916798447219856,-0.0005260769304756372,0.0009500921590975891,0.0010318358544148928,0.004844898808914423,Early,0.000778956392445265,Fast,0.372,Mid-life
CS2_36,373,0.8908018567966457,-0.00047611803762712086,0.0006196845041541256,0.0009459191735632049,0.004462333262579688,Early,0.0007110186055951629,Fast,0.373,Mid-life
CS2_36,374,0.8887427368935521,-0.0004940021909341347,0.0005993339179064814,0.0007135278636621413,0.00445400764569582,Early,0.000603765027298138,Medium,0.374,Mid-life
CS2_36,375,0.8955194059828773,-0.0004818559530572371,0.000352276353570011,0.0009459483598728438,0.004646069369505513,Early,0.0007139021564650405,Fast,0.375,Mid-life
CS2_36,376,0.8975626852874993,-0.0004591090526424871,0.00023199166917602234,0.0008436704144912456,0.004658652796036556,Early,0.0006513897335668664,Medium,0.376,Mid-life
CS2_36,377,0.8981030731576437,-0.00044023246304080127,0.0001390720998526476,-0.00038518750800728023,0.004643906728267366,Early,2.752247751676052e-05,Medium,0.377,Mid-life
CS2_36,378,0.8982577579416218,-0.000432192747275461,0.00043592063955978687,-0.0009714400600359425,0.004297889044712238,Early,-0.00026962365638024077,Slow,0.378,Mid-life
CS2_36,379,0.8985353952441486,-0.0003644571900524627,0.000473528790715981,-0.0009793643603090033,0.004285979632414014,Early,-0.0003074535851282703,Slow,0.379,Mid-life
CS2_36,380,0.8999170087008403,-0.00027528889972440793,0.00021674701001940926,-0.0013021645577420931,0.004144128342981468,Early,-0.0005134378290088426,Slow,0.38,Mid-life
CS2_36,381,0.9003635756143052,-0.00021849879582475264,4.1919475639455715e-05,-0.0016601198172504494,0.004050035825319737,Early,-0.0007208105107128484,Slow,0.381,Mid-life
CS2_36,382,0.9006755697887668,-0.00018771581423515738,3.787851434182555e-05,-0.0007365948294127955,0.004050334044834769,Early,-0.0002744395075888191,Slow,0.382,Mid-life
CS2_36,383,0.9008971390707416,-0.00015418254466321546,-2.262872843647367e-05,-0.0004763505404631964,0.00403937967190849,Early,-0.00016108399789999047,Slow,0.383,Mid-life
CS2_36,384,0.9009826373979216,-0.00012981924312450115,-1.4456652363501537e-05,-0.0004113663200397014,0.004038974875679877,Early,-0.00014077353845760014,Slow,0.384,Mid-life
CS2_36,385,0.9009775212302754,-0.00010372410514788154,0.0001510901683000323,-0.0003885376126648061,0.003926040970586605,Early,-0.00014240675375846228,Slow,0.385,Mid-life
CS2_36,386,0.9009601601851874,-4.6880929873346215e-05,0.0002027093695040186,-0.0003463949915769752,0.003912981472279815,Early,-0.0001497570308518145,Slow,0.386,Mid-life
CS2_36,387,0.9009794628814466,2.1368811466557946e-05,0.00022229475109320835,-0.00015177916865803467,0.003910211476608231,Early,-8.65739900622963e-05,Slow,0.387,Mid-life
CS2_36,388,0.9010808028140812,9.627979689934238e-05,-0.00010827677321773212,-0.00010246102853942293,0.0034492624080848192,Early,-9.937041271938266e-05,Slow,0.388,Mid-life
CS2_36,389,0.9015174358302082,0.00011479136272236859,-0.0001382737829581147,-0.0001202665773487599,0.003447899817289942,Early,-0.00011752897003556423,Slow,0.389,Mid-life
CS2_36,390,0.7925669506706869,-0.0004901079067458688,0.0033187406627026394,0.015475741200007815,0.01990211619440084,Middle,0.007982924553376841,Fast,0.39,Mid-life
CS2_36,391,0.901001970398428,-0.0004513170415032366,-0.00016352691110226519,-2.7618572151975684e-06,0.028273280478310004,Early,0.0002242775921440195,Medium,0.391,Mid-life
CS2_36,392,0.9004911982008065,-0.00041453243239721174,-9.886436735783548e-05,6.947471849556257e-05,0.028272428968329245,Early,0.00024200357544638715,Medium,0.392,Mid-life
CS2_36,393,0.8868947909788812,-0.00044763628521266757,0.0005315739041417743,0.0020093384580437412,0.028355448533349804,Early,0.0012284873716282045,Fast,0.393,Mid-life
CS2_36,394,0.885338329608768,-0.0004497522651148789,0.0006106563056233562,0.002234447610382654,0.02835475561915305,Early,0.0013420999377487663,Fast,0.394,Mid-life
CS2_36,395,0.8846351674013063,-0.00044383845251934486,0.0003502232735937434,0.002349376487539269,0.02831430059567262,Early,0.001396607470029307,Fast,0.395,Mid-life
CS2_36,396,0.8835811257926482,-0.0004898006698207015,0.0004942441906529543,0.0025623300053657016,0.028305886938442503,Early,0.0015260653375932015,Fast,0.396,Mid-life
CS2_36,397,0.8827615521290609,-0.000515424696565827,0.00047295931879119994,-0.012884943065482,0.02830536952287306,Early,-0.006184759184458087,Slow,0.397,Mid-life
CS2_36,398,0.8908324351844175,-0.0004982226039834735,9.370957273450416e-05,0.0014527907448586483,0.0283396271976261,Early,0.0009755066744210609,Fast,0.398,Mid-life
CS2_36,399,0.8924487813292358,-0.0004917142260722033,0.0003126536507339162,0.0011489166959386715,0.02829797864766253,Early,0.0008203154610054374,Fast,0.399,Mid-life
CS2_36,400,0.8835675044089699,-0.0004843669677973082,0.0006419636703215508,0.000475326652844475,0.02833762976139401,Early,0.0004798468103208916,Medium,0.4,Mid-life
CS2_36,401,0.8803836208401091,-0.0004802732466886841,0.00048461741166076186,0.0007078155383798412,0.028308585514020854,Early,0.0005940443925342626,Medium,0.401,Mid-life
CS2_36,402,0.8813707933181805,-0.0005108682203866132,0.0003253833613932163,0.00046633915473226484,0.02830233090358702,Early,0.0004886036875594391,Medium,0.402,Mid-life
CS2_36,403,0.8789434884952901,-0.0005739951326091199,0.00041085020086114335,0.0006625196139083014,0.02830462262452098,Early,0.0006182573732587107,Medium,0.403,Mid-life
CS2_36,404,0.8763252349918169,-0.0006460674192699102,0.00046698780015576714,0.0009194738767491455,0.0283073056382102,Early,0.0007827706480095279,Fast,0.404,Mid-life
CS2_36,405,0.8854811674769794,-0.0006657992504753795,0.0001052119166636368,0.0007644668153483002,0.028357900104174157,Early,0.0007151330329118399,Fast,0.405,Mid-life
CS2_36,406,0.8885462500930946,-0.0006786197944857068,0.0002249405125736337,0.0005575044623058785,0.028335702478061466,Early,0.0006180621283957926,Medium,0.406,Mid-life
CS2_36,407,0.8865156901409224,-0.0006619176671192922,0.0003563546821476426,-0.0004211693902789193,0.028334279079103217,Early,0.00012037413842018647,Medium,0.407,Mid-life
CS2_36,408,0.876305423419255,-0.0006875693923253509,0.0007031499915609263,0.0005825996315505907,0.02838867631449033,Early,0.0006350845119379708,Medium,0.408,Mid-life
CS2_36,409,0.8767234780573832,-0.0006997850806484696,0.0006946541898141489,0.0006639021801139019,0.02838898100111413,Early,0.0006818436303811857,Medium,0.409,Mid-life
CS2_36,410,0.8781235552525081,-0.0006952730964788005,0.0006584464513432431,0.00011713332039743816,0.028390978130542022,Early,0.0004062032084381193,Medium,0.41,Mid-life
CS2_36,411,0.8765939201170427,-0.0006903923903219356,0.0007523576962515359,-3.838358931797435e-05,0.028388819925329115,Early,0.00032600440050198066,Medium,0.411,Mid-life
CS2_36,412,0.8779744982215605,-0.0006612678946553393,0.0007222283029917664,0.0010723813222026962,0.028390630353635357,Early,0.0008668246084290178,Fast,0.412,Mid-life
CS2_36,413,0.8855943035567357,-0.000578104598678366,0.00048649245909777736,0.00042170664805126927,0.028429816479862178,Early,0.0004999056233648176,Medium,0.413,Mid-life
CS2_36,414,0.8868248962353351,-0.0004806482812738104,0.0004539433172711785,-4.41722992018231e-05,0.028431231735220674,Early,0.00021823799103599367,Medium,0.414,Mid-life
CS2_36,415,0.8820599882966571,-0.00040384794126790334,0.0006104080355246617,-0.0008220806967717305,0.028441508774256934,Early,-0.00020911637775191357,Slow,0.415,Mid-life
CS2_36,416,0.8819705984527262,-0.0003201332572034759,0.0006131265412112654,-0.0007495886279061471,0.0284414530180253,Early,-0.0002147276853513356,Slow,0.416,Mid-life
CS2_36,417,0.8792587904688762,-0.00024488829512241367,0.0007000441843971356,-0.0001621764594811654,0.028443688711551878,Early,4.1355917820624135e-05,Medium,0.417,Mid-life
CS2_36,418,0.875753146490138,-0.00018170535949041034,0.0008137521416551151,0.00012011051812924453,0.028447762619331685,Early,0.00015090793880982744,Medium,0.418,Mid-life
CS2_36,419,0.873569770019553,-0.00012157111414825975,0.0008874526707912309,0.0006292468860010622,0.028448272375117076,Early,0.000375409000074661,Medium,0.419,Mid-life
CS2_36,420,0.8737684446047695,-4.964755142294703e-05,0.0008951287492076972,0.0016894084217094565,0.028447935295194883,Early,0.0008695279865662018,Fast,0.42,Mid-life
CS2_36,421,0.8734401599341388,3.306354450637953e-05,-0.0026088132020468347,0.0019121051858851854,0.020184404916425598,Early,0.0009395208206894029,Fast,0.421,Mid-life
CS2_36,422,0.8723936312273766,-0.0005388539974641433,0.0009228496506790785,0.001380908152754363,0.004654136776722178,Early,0.0009598810751092531,Fast,0.422,Mid-life
CS2_36,423,0.8701277820199436,-0.0004970506881752148,0.000979465038092352,0.001691830918968946,0.004659628560698836,Early,0.0010944408035720803,Fast,0.423,Mid-life
CS2_36,424,0.8783457312572599,-0.00040032631572786947,0.0002757761200523014,0.0001304370302309042,0.004325963584756486,Early,0.0002653816729793868,Medium,0.424,Mid-life
CS2_36,425,0.8803694091312795,-0.00036622226775667087,0.0001602877573383399,-0.0006594660915916364,0.00433840484372122,Early,-0.0001466219119174828,Slow,0.425,Mid-life
CS2_36,426,0.8811068437306135,-0.0003349503291951433,0.00011381689260299287,-0.0010767248158657847,0.0043401111530406615,Early,-0.0003708872433353207,Slow,0.426,Mid-life
CS2_36,427,0.8814688123206402,-0.0003043236169530992,6.813914425832324e-05,-0.0011000525308386688,0.004337336409109972,Early,-0.0003978644569427848,Slow,0.427,Mid-life
CS2_36,428,0.881636438377428,-0.00027795904825284095,3.629399198815914e-05,-0.0011708969204698835,0.004335258960513963,Early,-0.0004464689361085213,Slow,0.428,Mid-life
CS2_36,429,0.8818298019265811,-0.00025474005983927887,0.0002904075244463337,-0.00134802438560065,0.004066770816597937,Early,-0.0005466421628806855,Slow,0.429,Mid-life
CS2_36,430,0.8820161910670569,-0.00018130466662612225,0.0003365351697477067,-0.0016983441495876145,0.004052507089020793,Early,-0.0007585197414807461,Slow,0.43,Mid-life
CS2_36,431,,,,,,,,,0.431,Mid-life
CS2_36,432,0.8687792388932872,,,,,Early,,,0.432,Mid-life
CS2_36,433,0.8663480871200508,,,,,Early,,,0.433,Mid-life
CS2_36,434,0.8709174579354809,,,,,Early,,,0.434,Mid-life
CS2_36,435,0.8725165286924398,,,,,Early,,,0.435,Mid-life
CS2_36,436,0.8725803764898303,,,,,Early,,,0.436,Mid-life
CS2_36,437,0.8598036980441335,,,,,Early,,,0.437,Mid-life
CS2_36,438,0.8588944045029001,,,,,Early,,,0.438,Mid-life
CS2_36,439,0.8604275060810805,,,0.0011931046874580989,,Early,,,0.439,Mid-life
CS2_36,440,0.8591067648626537,,,0.0010344746081995934,,Early,,,0.44,Mid-life
CS2_36,441,0.8569802164478187,,,0.001991034498237454,,Early,,,0.441,Mid-life
CS2_36,442,0.8649166682509087,,,0.0010856943487901497,,Early,,,0.442,Mid-life
CS2_36,443,0.865584850755632,,,0.0009993608191711959,,Early,,,0.443,Mid-life
CS2_36,444,0.8593919142366213,,,5.8826258216023876e-05,,Early,,,0.444,Mid-life
CS2_36,445,0.8531229814467005,,,0.000824489008028514,,Early,,,0.445,Mid-life
CS2_36,446,0.8524901044246617,,,0.0011339145223455535,,Early,,,0.446,Mid-life
CS2_36,447,0.8538227655633288,,,0.0007548570427606974,,Early,,,0.447,Mid-life
CS2_36,448,0.8539164684418035,,,0.00043767828657361097,,Early,,,0.448,Mid-life
CS2_36,449,0.8536228812336235,,,0.0016133981453264612,,Early,,,0.449,Mid-life
CS2_36,450,0.8613426678723743,,,0.0006060261261796596,,Early,,,0.45,Mid-life
CS2_36,451,0.8622988670649498,,,-0.000415278975475505,,Early,,,0.451,Mid-life
CS2_36,452,0.8509575151096141,,,0.0003093523338694805,,Early,,,0.452,Mid-life
CS2_36,453,0.8442160970241309,,,0.0011820010572186782,,Early,,,0.453,Mid-life
CS2_36,454,0.8470381819045675,,,0.0009692262369659048,,Early,,,0.454,Mid-life
CS2_36,455,0.8486116078949282,,,0.0007578372209821842,,Early,,,0.455,Mid-life
CS2_36,456,0.8447885944491902,,,0.0012620409692047601,,Early,,,0.456,Mid-life
CS2_36,457,0.8527727256294846,,,0.0012242774632699658,,Early,,,0.457,Mid-life
CS2_36,458,0.8559739474389066,,,0.0009035599465776002,,Early,,,0.458,Mid-life
CS2_36,459,0.8567763319444923,,,-0.0008312595478397387,,Early,,,0.459,Mid-life
CS2_36,460,0.8427802804602534,,,0.000205116651982497,,Early,,,0.46,Mid-life
CS2_36,461,0.8396950451661408,,,0.0010490195340609545,,Early,,,0.461,Mid-life
CS2_36,462,0.841680164583513,,,0.0009902061873450219,,Early,,,0.462,Mid-life
CS2_36,463,0.8447469320529065,-0.0008163417838036188,0.0007752357045284101,5.951770897667201e-06,0.005415391980493338,Early,0.00041114677735064304,Medium,0.463,Mid-life
CS2_36,464,0.8413029003980457,-0.0008243511218202846,0.0008079092490969411,0.0016385464616341303,0.005428755009188563,Early,0.0012314487917272075,Fast,0.464,Mid-life
CS2_36,465,0.8506118255766411,-0.0007841014149303846,0.0006550203986722537,0.0007660174088950843,0.005647571753773383,Early,0.0007750594119127344,Fast,0.465,Mid-life
CS2_36,466,0.8524800144185462,-0.0006998312509116507,0.0006463391701256011,0.0006137596465637385,0.005651357722054668,Early,0.0006567954487376945,Medium,0.466,Mid-life
CS2_36,467,0.8531358514324305,-0.0005954043476253079,0.0006272427437870903,-0.0014793672817395853,0.005654836618582111,Early,-0.0004419814670571387,Slow,0.467,Mid-life
CS2_36,468,0.8535328040487334,-0.0004812315017181605,0.00020228690307742063,-0.0019768226975132347,0.0051870264194538085,Early,-0.0007477955978975371,Slow,0.468,Mid-life
CS2_36,469,0.8536018837703354,-0.00043696220648108087,0.00017072647524402253,-0.0017031027409746269,0.0051855574945007645,Early,-0.000633070267246773,Slow,0.469,Mid-life
CS2_36,470,0.8539436467949715,-0.00039397744286966526,0.00020915675116480844,-0.0013138163917235657,0.005176916803934284,Early,-0.00045991947442695024,Slow,0.47,Mid-life
CS2_36,471,0.854749595328476,-0.0003353258405422333,0.00014055385594121422,-0.0019209564186329115,0.005175786412010564,Early,-0.0007928152890453391,Slow,0.471,Mid-life
CS2_36,472,0.8545031488469201,-0.00028398151087446577,7.990540648060027e-05,-0.0005559033243255827,0.005162738172312952,Early,-0.00013596090672555848,Slow,0.472,Mid-life
CS2_36,473,0.8541826974290438,-0.00024563257336438193,0.0003462571232859642,-0.00024324043007109948,0.0049437253234090655,Early,1.1960716466412227e-06,Medium,0.473,Mid-life
CS2_36,474,0.8540328422192867,-0.00015910686971846915,0.00037264543665630016,-0.00012814154097944602,0.004940312073532353,Early,1.5482664369511565e-05,Medium,0.474,Mid-life
CS2_36,475,0.8535496267535271,-6.729560975278461e-05,0.00018846088655142686,-2.403243541948541e-06,0.004821083199728982,Early,3.2446183105418036e-05,Medium,0.475,Mid-life
CS2_36,476,0.8532233703662486,-1.0383617589313139e-05,-3.238352243487456e-06,5.4073343440969825e-05,0.004687547116388401,Early,3.222848051514148e-05,Medium,0.476,Mid-life
CS2_36,477,0.8527665840227107,8.277261858568483e-06,-8.918696711257915e-06,0.0001681518246086882,0.004686857222583364,Early,7.993728137505985e-05,Medium,0.477,Mid-life
CS2_36,478,0.8526531342756271,2.2596299473794093e-05,3.773004153876631e-05,0.0002994944361212853,0.004680434949452407,Early,0.0001384490683237456,Medium,0.478,Mid-life
CS2_36,479,0.8525306510457591,4.42200984065139e-05,4.4703786969173396e-05,0.0002817854001658634,0.004680393645642961,Early,0.00011878265087967474,Medium,0.479,Mid-life
CS2_36,480,0.8523039558818174,6.559625693279226e-05,4.25459790905197e-05,0.00026839164960377825,0.004680290496358137,Early,0.00010139769633549299,Medium,0.48,Mid-life
CS2_36,481,0.8519775875583622,8.393341788265304e-05,0.00030209936496813466,0.0002936078087034983,0.00445305855414167,Early,0.00010483719541042264,Medium,0.481,Mid-life
CS2_36,482,0.8461474638311272,0.00011644024724985713,0.0005210130075426675,0.001057451846057132,0.004554785154165767,Early,0.00047050579940363744,Medium,0.482,Mid-life
CS2_36,483,0.8424590336701127,0.00013934363938207528,0.0002741445625645643,0.001537762385162281,0.004137010053949365,Early,0.0006992093728901028,Fast,0.483,Mid-life
CS2_36,484,0.8500181875857873,0.00014387254904538538,-0.00018716421166633452,0.0003926280624176247,0.004188808599441408,Early,0.00012437775668611964,Medium,0.484,Mid-life
CS2_36,485,0.8521214720268875,0.0001199215605966726,-0.00016397710072000018,7.595174981993897e-05,0.004175705798145694,Early,-2.1984905388366816e-05,Medium,0.485,Mid-life
CS2_36,486,0.8522364597998401,0.00011079510880675333,-0.00011693070661006154,4.202732084557237e-05,0.004167504476712618,Early,-3.438389398059048e-05,Slow,0.486,Mid-life
CS2_36,487,0.8358160898098467,1.598226262561427e-05,0.0002894356335272102,0.0023554094388529606,0.005078985527427559,Early,0.0011697135881136732,Fast,0.487,Mid-life
CS2_36,488,0.8343643452260561,-0.00010551175834229724,0.0005938187226912424,0.002516177476043729,0.004843930060373188,Early,0.001310844617193013,Fast,0.488,Mid-life
CS2_36,489,0.8346396017483255,-0.00017332950006050386,0.0006882046996961654,0.0016439802975430906,0.004795784753101138,Early,0.0009086548988017973,Fast,0.489,Mid-life
CS2_36,490,0.8343737496790689,-0.0002166484966676053,0.0007226639440459183,0.0011550405701491145,0.004788549734810812,Early,0.0006858445334083599,Fast,0.49,Mid-life
CS2_36,491,0.8312620095754428,-0.0002648767416266654,0.0003715571253164713,0.00267945400147778,0.004137670717702241,Early,0.0014721653715522227,Fast,0.491,Mid-life
CS2_36,492,0.8414259695440988,-0.0003306559937729711,-5.583627025670856e-05,0.0015279289261126744,0.004515085904408076,Early,0.0009292924599428227,Fast,0.492,Mid-life
CS2_36,493,0.8439860574298937,-0.0004000535410830777,-7.438364020582966e-05,0.0011786289099923344,0.0045244465601324245,Early,0.0007893412255377061,Fast,0.493,Mid-life
CS2_36,494,0.840925115917694,-0.0004764089825706616,0.0001232843914584673,-0.0007298608725496227,0.004523211067821707,Early,-0.00012672594498948052,Slow,0.494,Mid-life
CS2_36,495,0.8290932766508438,-0.0006011650093681472,0.0003938588305549005,0.0007530097964589018,0.0049584154709098605,Early,0.0006770874029135244,Medium,0.495,Mid-life
CS2_36,496,0.8304400685371052,-0.0007333615026854442,0.0006507018399850286,0.0005999333158886218,0.0046347144772833325,Early,0.000666647409287033,Medium,0.496,Mid-life
CS2_36,497,0.829233785051393,-0.0008121259200206409,0.0007498783666823597,0.0007342806610965504,0.004611855352563533,Early,0.0007732032905585956,Fast,0.497,Mid-life
CS2_36,498,0.8275347406631764,-0.0008814079442475888,0.0008258422828791641,0.0005324669874666256,0.0046073213048395695,Early,0.0007069374658571072,Fast,0.498,Mid-life
CS2_36,499,0.8244564760642509,-0.0009550691901749803,0.0009379460640155666,0.0024242133542639837,0.00461884142080067,Early,0.001689641272219482,Fast,0.499,Mid-life
CS2_36,500,0.8366047402016233,-0.0009467923174563295,0.0005482949538294216,0.0010544738897529144,0.005181824038564618,Early,0.001000633103604622,Fast,0.5,Mid-life
CS2_36,501,0.8382855633222809,-0.0009223421904767683,0.000505099466860987,0.00037707894220187895,0.005195055129099307,Early,0.0006497105663393236,Medium,0.501,Mid-life
CS2_36,502,0.8303804459709595,-0.0009351259009572341,0.0007861015921779533,-0.0001838813314451063,0.005354909036373663,Early,0.00037562228475606393,Medium,0.502,Mid-life
CS2_36,503,0.8207565666423862,-0.0009890785183167476,0.0010885994259527086,0.0013833574135312862,0.005583397884777106,Early,0.0011862179659240168,Fast,0.503,Mid-life
CS2_36,504,0.8220852781765973,-0.001024511454400352,0.0010354006210466639,0.001021215267827962,0.005598796196831582,Early,0.001022863361114157,Fast,0.504,Mid-life
CS2_36,505,0.8222198260560953,-0.0010492347444401122,0.0010262263278448813,0.0007592735152973017,0.005600528383497449,Early,0.0009042541298687069,Fast,0.505,Mid-life
CS2_36,506,0.8085060959876761,-0.0011410667425621902,0.0014530171214790642,0.0022786257252249698,0.006044305236540437,Early,0.00170984623389358,Fast,0.506,Mid-life
CS2_36,507,0.8028056406978543,-0.0012515216754150809,0.0016263783763998164,0.004828442786252718,0.00608782456260013,Early,0.0030399822308338994,Fast,0.507,Mid-life
CS2_36,508,0.823261834595515,-0.0012291203908635284,0.0009517661105546971,0.002146246960966547,0.007266388687832053,Early,0.0016876836759150376,Fast,0.508,Mid-life
CS2_36,509,0.8260829159843781,-0.0011824700877526909,0.0008571038158467402,0.0006139328552259135,0.00729672518178986,Early,0.0008982014714893022,Fast,0.509,Mid-life
CS2_36,510,0.8125135959205241,-0.0012038229788421029,0.001290872745975323,0.001177567245980298,0.007643066369506967,Early,0.0011906951124112004,Fast,0.51,Mid-life
CS2_36,511,0.7980908365991658,-0.0012931502850410303,0.0017488102994403741,0.0034277773682044954,0.007994387543925618,Middle,0.002360463826622763,Fast,0.511,Mid-life
CS2_36,512,0.7982664371634678,-0.001362895057153356,0.0017326177546740122,0.0034219126989467924,0.007997872329392676,Middle,0.002392403878050074,Fast,0.512,Mid-life
CS2_36,513,0.7953754544217161,-0.001431231394923984,0.0016378067551422926,0.0018758059379942857,0.007965032842098993,Middle,0.001653518666459135,Fast,0.513,Mid-life
CS2_36,514,0.7939124331315318,-0.0015223946162578623,0.0015660193722122852,0.0012704582237603576,0.007955958317719558,Middle,0.00139642642000911,Fast,0.514,Mid-life
CS2_36,515,0.7971945239338137,-0.0015980709092639632,0.001703989150063663,0.0037239015231001877,0.00782850232990787,Middle,0.0026609862161820754,Fast,0.515,Mid-life
CS2_36,516,0.8132276147567228,-0.001520336844095562,0.0012546405571020871,0.0018364716039507606,0.008430920860643381,Early,0.0016784042240231612,Fast,0.516,Mid-life
CS2_36,517,0.816819444041069,-0.0013959868991564226,0.0011424843793151967,-0.000615121160077844,0.008472770573352108,Early,0.0003904328695392893,Medium,0.517,Mid-life
CS2_36,518,0.8187007139781405,-0.0012473118038271824,0.000552108897796974,-0.0029442681969963835,0.007996998807069703,Early,-0.0008484781965846005,Slow,0.518,Mid-life
CS2_36,519,0.8198172615394514,-0.0011793162802768986,0.0004692607640840201,-0.003078689196569094,0.008000670783145177,Early,-0.0009496864581460976,Slow,0.519,Mid-life
CS2_36,520,0.8206223388831352,-0.001109662493726234,0.00045216976984484964,-0.003606697780202728,0.008002879827218052,Early,-0.001248517643238247,Slow,0.52,Mid-life
CS2_36,521,0.8229065909342251,-0.0010203277519877853,0.00036990834660786194,-0.004142022543241903,0.008017950862011654,Early,-0.001560847395627059,Slow,0.521,Mid-life
CS2_36,522,0.8233582132534164,-0.0009257339935268925,0.00025496117167827175,-0.003737669902800381,0.008002861474864901,Early,-0.0014059679546367444,Slow,0.522,Mid-life
CS2_36,523,0.823809836991232,-0.0008433572465572307,0.0005682623404150568,-0.0015117460335013172,0.007768046111667632,Early,-0.00033419439347204326,Slow,0.523,Mid-life
CS2_36,524,0.8226156985559575,-0.0007035580779159083,0.0006893664152882656,-0.0008280363592697888,0.007746884761916989,Early,-6.223914067694027e-05,Slow,0.524,Mid-life
CS2_36,525,0.8216955965949844,-0.0005466070981643544,0.0006203070749261182,-0.0004278403738348408,0.007734571160094941,Early,5.93833621647568e-05,Medium,0.525,Mid-life
CS2_36,526,0.8212494431371004,-0.0004025338503459634,0.00025302688754010977,-0.00020459737109270102,0.007449514233584885,Early,9.896823962663119e-05,Medium,0.526,Mid-life
CS2_36,527,0.8208206000644677,-0.0003252482648252852,0.0003103054346012098,-2.8323025904640276e-05,0.0074436273749718075,Early,0.00014846261946032248,Medium,0.527,Mid-life
CS2_36,528,0.8202440019387518,-0.00024006038027195902,0.0002899930036335872,0.0003803698564961909,0.00744195986644144,Early,0.000310215118384075,Medium,0.528,Mid-life
CS2_36,529,0.8203930791283911,-0.00015758397463231204,0.00023037617854146286,0.00042359058928932914,0.007437697173411321,Early,0.0002905872819608206,Medium,0.529,Mid-life
CS2_36,530,0.8204412650461795,-8.186953554573125e-05,0.00012952293606681745,0.00048122456357892397,0.007418966668873389,Early,0.0002815470495623276,Medium,0.53,Mid-life
CS2_36,531,0.820299851611165,-2.297687010581231e-05,0.0005259641480793003,0.00033083527782749666,0.007060726932138649,Early,0.00017690607396665447,Medium,0.531,Mid-life
CS2_36,532,0.8026658123509564,1.0723483818914291e-05,0.0011490242248814364,0.002718540606289716,0.007684178439410852,Early,0.0013539085612354008,Fast,0.532,Mid-life
CS2_36,533,0.7955529344691455,2.661698370164506e-05,0.0011234681129617405,0.0036709298097078297,0.007662246098477018,Middle,0.0018221564130030924,Fast,0.533,Mid-life
CS2_36,534,0.8093256133929316,8.861558471157716e-05,0.00036874042740175916,0.0016421409530765763,0.007944139629636495,Early,0.0007767626841824996,Fast,0.534,Mid-life
CS2_36,535,0.6958336939130619,-0.0005447171662878113,0.004072631750436624,0.017772901146527124,0.021803646323884398,Middle,0.009158809156407467,Fast,0.535,Mid-life
CS2_36,536,0.8152006340055423,-0.0004459992631532959,0.00022642555001783915,0.0007417778746926824,0.031103593018928927,Early,0.0005938885689229891,Medium,0.536,Mid-life
CS2_36,537,0.7966402789311223,-0.0004494004287397339,0.00038276829214689556,0.0034001408735796013,0.031185719389171848,Middle,0.0019247706511596675,Fast,0.537,Mid-life
CS2_36,538,0.7860001102555794,-0.0005868263793242885,0.0005421138852346759,0.004899963050797952,0.031226389566447372,Middle,0.0027433947150611203,Fast,0.538,Mid-life
CS2_36,539,0.78575155176394,-0.0007518931595167457,0.0012100091235991966,0.002416322941002342,0.030982764456042096,Middle,0.0015841080502595438,Fast,0.539,Mid-life
CS2_36,540,0.7845540700513934,-0.0007937853349801632,0.0013396401913866023,0.0015712663453931583,0.030973741747781634,Middle,0.0011825258401866607,Fast,0.54,Mid-life
CS2_36,541,0.7824421742277101,-0.000816424863012019,0.0009700458610585149,0.0038404913093173587,0.030891194562899515,Middle,0.002328458086164689,Fast,0.541,Mid-life
CS2_36,542,0.7878437682374714,-0.0008744486770210037,0.0003305505923127233,-0.013144296332058492,0.030808506271658518,Middle,-0.006134923827518744,Slow,0.542,Mid-life
CS2_36,543,0.7988409942366202,-0.0009481794918117277,-1.8534099133950312e-05,0.0023370913955602962,0.030875668106380854,Middle,0.001642635443686012,Fast,0.543,Mid-life
CS2_36,544,0.8015233034262921,-0.0010058827977632205,-0.00019831770982503192,-0.0006975749278813932,0.030874387904000208,Early,0.00015415393494091367,Medium,0.544,Mid-life
CS2_36,545,0.7850023967298175,-0.0011761345404071623,0.0002874205290875575,0.00014253050368026203,0.031019506271665297,Middle,0.0006593325220437122,Medium,0.545,Mid-life
CS2_36,546,0.7755185781261628,-0.0014053180946174085,0.0006992240583113218,0.0014618533768253142,0.03105525632373715,Middle,0.0014335857357213612,Fast,0.546,Mid-life
CS2_36,547,0.7722153342613792,-0.0016266761087474105,0.0013229767901723729,0.0017626765414306014,0.030901789498491858,Middle,0.001694676325089006,Fast,0.547,Mid-life
CS2_36,548,0.241753620195929,-0.00475589020050353,0.018550510446617416,0.07724122200454016,0.09990175847641457,Late,0.040998556102521844,Fast,0.548,Mid-life
CS2_36,549,0.8002947238703955,-0.004480365918100296,0.0005937416163788679,-0.0017787079475606,0.1439944792793721,Early,0.0013508289852698482,Fast,0.549,Mid-life
CS2_36,550,0.7885915559159582,-0.004253900810609572,0.0010072808265642948,0.0014642054743802774,0.14400781167441182,Middle,0.002859053142494925,Fast,0.55,Mid-life
CS2_36,551,0.7878812240648091,-0.004013681286282012,0.0010561649941395477,0.001948868480211839,0.14400743315938308,Middle,0.002981274883246925,Fast,0.551,Mid-life
CS2_36,552,0.7909226257010573,-0.003739604892816883,0.0010317408139731519,-0.0008457469958914134,0.1440080827972423,Middle,0.0014469289484627349,Fast,0.552,Mid-life
CS2_36,553,0.80204567936399,-0.0033776262985451026,0.000687501093207301,-0.0037895858911181873,0.1440245005152673,Early,-0.00020597979628654236,Slow,0.553,Mid-life
CS2_36,554,0.8038334816638856,-0.0029951111883329824,0.0006443985589466554,-0.004516878200358065,0.14402505272683083,Early,-0.0007608835060125415,Slow,0.554,Mid-life
CS2_36,555,0.7875038918927288,-0.0026954890833222585,0.0011326389246202758,-0.07796432452811428,0.14405263015765327,Middle,-0.03763441772239601,Slow,0.555,Mid-life
CS2_36,556,0.7780119267155347,-0.002443712579238959,0.0014091506412725679,0.0031832567364086873,0.14406043530441803,Middle,0.002813484657823823,Fast,0.556,Mid-life
CS2_36,557,0.7783445044991948,-0.00217926120523959,0.0013840302786421114,0.0014638644881090584,0.1440606767182116,Middle,0.0018215628466743243,Fast,0.557,Mid-life
CS2_36,558,0.7734731557105488,-0.001929295295383653,0.0015273369146425418,0.0020582954791800484,0.14406190447888648,Middle,0.0019937953872818507,Fast,0.558,Mid-life
CS2_36,559,0.7722102763079276,-0.0016715853437434557,0.001549475020349164,0.002673192770447102,0.14406180623874343,Middle,0.002172389057095279,Fast,0.559,Mid-life
CS2_36,560,0.7753046516026609,-0.0013819621693207556,0.0014544654040558084,0.003820146823047004,0.14406393498924633,Middle,0.00260105449618388,Fast,0.56,Mid-life
CS2_36,561,0.7875103523631598,-0.0010056133769534806,0.0010622875059038586,0.0023318756143893954,0.14408470832668818,Middle,0.0016687444956714381,Fast,0.561,Mid-life
CS2_36,562,0.7905328819065053,-0.0005997458887172077,0.000960224829182569,-0.0004327128591109191,0.14408650295434638,Middle,8.351651480314432e-05,Medium,0.562,Mid-life
CS2_36,563,0.776568486684195,-0.0002631133947932163,0.0008418492150568149,0.00020620571876281017,0.14407385466858688,Middle,0.00023465955677801322,Medium,0.563,Mid-life
CS2_36,564,0.7666626994722668,-7.339071928979583e-05,0.0009319430644154386,0.0016688292895611356,0.14407878001513294,Middle,0.0008711100044254658,Fast,0.564,Mid-life
CS2_36,565,0.7663412263926906,8.468158784681152e-05,0.0013865931290400282,0.0010188470454083015,0.14405306711742719,Middle,0.00046708272878074496,Medium,0.565,Mid-life
CS2_36,566,0.7620967410964609,0.00031264809887909177,-0.0021375176510773884,0.0014447907444952485,0.14254755319647383,Middle,0.0005660713228080784,Medium,0.566,Mid-life
CS2_36,567,0.7600294281417015,-0.0001402619113203598,0.0017797163181884105,0.0021821747801370633,0.14087741768436557,Middle,0.0011612183457287116,Fast,0.567,Mid-life
CS2_36,568,0.7606178384014777,0.00010861661818833931,0.0011620142106336948,0.003841787708811733,0.1408433638664094,Middle,0.0018665855453116969,Fast,0.568,Mid-life
CS2_36,569,0.775519576356051,0.00034991225736420034,0.0003380817386944613,0.0021447579357791896,0.14086077739757444,Middle,0.0008974228392074947,Fast,0.569,Mid-life
CS2_36,570,0.7788465006700627,0.0005534972096983334,0.0002227435836734574,-0.0003254305694096698,0.14086231695487086,Middle,-0.0004394638895540016,Slow,0.57,Mid-life
CS2_36,571,0.7659470579105393,0.0006849087865562574,0.0006002261980920655,0.00010223450881822036,0.14088069437619435,Middle,-0.0002913371388690185,Slow,0.571,Mid-life
CS2_36,572,0.759137875998225,0.0007776487087057725,0.0007517515557898384,0.001029050056352232,0.14088490049985364,Middle,0.00012570067382322976,Medium,0.572,Mid-life
CS2_36,573,0.7627748982367292,0.0008875967531643953,0.0008086732258303901,-9.687959146690137e-05,0.14088268794721917,Middle,-0.0004922381723156483,Slow,0.573,Mid-life
CS2_36,574,0.7602374650171645,0.0010230079069517512,0.0012452751361114725,-2.9719553637571776e-05,0.1408658526155933,Middle,-0.0005263637302946615,Slow,0.574,Mid-life
CS2_36,575,0.7588487126155579,0.0012271635145445958,0.0013765997035720678,0.00025273225513140166,0.14086396665225506,Middle,-0.0004872156297065971,Slow,0.575,Mid-life
CS2_36,576,0.7562447228609058,0.0014474072973769893,0.0009276668989971482,0.002753550499306447,0.14083626683986825,Middle,0.0006530716009647288,Medium,0.576,Mid-life
CS2_36,577,0.7726196919620549,0.0016773635586336498,9.351245690670054e-05,0.0008895441011439623,0.14086047765781648,Middle,-0.0003939097287448438,Slow,0.577,Mid-life
CS2_36,578,0.7748591340545891,0.0018672212312692486,-8.528386429709498e-05,-0.0012731537348642519,0.14085978539775015,Middle,-0.0015701874830667502,Slow,0.578,Mid-life
CS2_36,579,0.769056776170784,0.0020043733955117556,-0.017009779224995327,-0.0014169857389370044,0.1008165539883291,Middle,-0.00171067956722438,Slow,0.579,Mid-life
CS2_36,580,0.7571895251055883,-0.0011331819605902632,0.0013904902827357134,0.0007979104473058321,0.00816775531008221,Middle,0.0009655462039480476,Fast,0.58,Mid-life
CS2_36,581,0.7585337227457503,-0.001073769806009874,0.0009696075216196108,0.00024339175305917608,0.007951944395722279,Middle,0.0006585807795345251,Medium,0.581,Mid-life
CS2_36,582,0.7569606579890733,-0.0010787725245424518,0.0009974376153463157,0.0002697220894977941,0.007952516408876273,Middle,0.000674247307020123,Medium,0.582,Mid-life
CS2_36,583,0.7565119456276389,-0.0010790262031993671,0.0011100219378522068,-3.817468096186819e-05,0.007918062603498312,Middle,0.0005204257611187494,Medium,0.583,Mid-life
CS2_36,584,0.7533689421553545,-0.0010672432793581838,0.0015702173293108198,0.002750107115242912,0.007591203600888917,Middle,0.0019086751973005477,Fast,0.584,Mid-life
CS2_36,585,0.766625294328885,-0.0008990976254313097,0.0012002641075806622,0.0011762628179577167,0.008027243619330757,Middle,0.0010376802216945133,Fast,0.585,Mid-life
CS2_36,586,0.7694949539546381,-0.00069084975479527,0.000580933481873896,-6.259682626486018e-05,0.00754735340973049,Middle,0.0003141264642652049,Medium,0.586,Mid-life
CS2_36,587,0.7712350468096928,-0.0005588952361612435,0.00021860902922070515,-0.0020065031005863493,0.007372894802007606,Middle,-0.0007238039322125529,Slow,0.587,Mid-life
CS2_36,588,0.771823104644046,-0.0004750469066431181,0.00021036773726286348,-0.0018984831283279657,0.00737367419017261,Middle,-0.0007117181108424239,Slow,0.588,Mid-life
CS2_36,589,0.7721064827534265,-0.0003853082852638297,4.408622442329768e-05,-0.0021636892520504603,0.007323009483123216,Middle,-0.0008891904833933153,Slow,0.589,Mid-life
CS2_36,590,0.7721164740359076,-0.0003226900335283972,3.025879742582236e-06,-0.0022292183440383783,0.0073195155571796405,Middle,-0.0009532641552549906,Slow,0.59,Mid-life
CS2_36,591,0.771821228894861,-0.00026889037715762396,0.00011236847444515767,-0.002636040962786642,0.007296985925529735,Middle,-0.001183575292814509,Slow,0.591,Mid-life
CS2_36,592,0.7725860639545926,-0.00019188647474507666,0.00048142865834087704,-0.0008515385179582248,0.0069334753101298755,Middle,-0.0003298260216065741,Slow,0.592,Mid-life
CS2_36,593,0.7726485166432827,-3.970637479918186e-05,0.0005769150084910505,-0.00045050895552066283,0.00690393084455246,Middle,-0.0002054012903607405,Slow,0.593,Mid-life
CS2_36,594,0.7724872558562558,0.0001352867863586816,0.00013165260735287769,-0.00017888700665185425,0.006441350682285555,Middle,-0.00015708689650526794,Slow,0.594,Mid-life
CS2_36,595,0.7722794082542349,0.00023125189291637224,-0.00018118415425703456,-6.518623002698438e-05,0.006181068367071673,Middle,-0.0001482190614716783,Slow,0.595,Mid-life
CS2_36,596,0.7724747220571582,0.00026998494426091,-0.00019785469885379113,-5.26056148188062e-05,0.006180364350063021,Middle,-0.0001612952795398581,Slow,0.596,Mid-life
CS2_36,597,0.7727733403279883,0.00030633978988694734,-0.0003444064268234651,-9.383804172581809e-05,0.006125131492393497,Middle,-0.00020008891580638273,Slow,0.597,Mid-life
CS2_36,598,0.7722381687322543,0.0003116237846856515,-0.00039383034163073446,-5.956283391331648e-05,0.006111188145992508,Middle,-0.00018559330929948398,Slow,0.598,Mid-life
CS2_36,599,0.7666947069547426,0.00026918939644154585,-0.00019602801784725636,0.0008416224285499993,0.006203223072180425,Middle,0.00028621651605422675,Medium,0.599,Mid-life
CS2_36,600,0.7583767873977953,0.00018060975062434526,0.0005529931922017938,0.0020388184636410517,0.005753945536452848,Middle,0.0009291043565083533,Fast,0.6,Mid-life
CS2_36,601,0.7577906834004644,0.00017965294765741926,0.0006792199119225247,0.0020995103508273383,0.005708736243210777,Middle,0.0009599287015849595,Fast,0.601,Mid-life
CS2_36,602,0.7672952226542846,0.00025932059577956317,-4.348918528210736e-05,0.0007120265142786123,0.005525316363559707,Middle,0.00022635295924952454,Medium,0.602,Mid-life
CS2_36,603,0.7674109341039611,0.00026585921162665025,-0.0002668728421205189,0.0007233982790281519,0.005377027786190198,Middle,0.00022876953370075083,Medium,0.603,Mid-life
CS2_36,604,0.7516112494283699,0.00014090571229106704,0.0003601177034954611,0.003023155842802629,0.0060607000873023256,Middle,0.001441125065255781,Fast,0.604,Mid-life
CS2_36,605,0.7445172808423967,4.027189755204288e-07,0.0005071027153150915,0.003960126841408229,0.00616954041749474,Middle,0.0019798620612163542,Fast,0.605,Mid-life
CS2_36,606,0.744108531378796,-0.00015107741782035595,0.00047548971731490024,0.0032265965108495237,0.006167382630297612,Middle,0.0016888369643349398,Fast,0.606,Mid-life
CS2_36,607,0.7421213232654431,-0.00031633585620902805,0.000455593535337507,0.002322209161764605,0.0061612789899368045,Middle,0.0013192725089868167,Fast,0.607,Mid-life
CS2_36,608,0.7390656892099389,-0.0005085740487992818,0.0010823871855521311,0.0026749991700750764,0.005323389137014375,Middle,0.001591786609437179,Fast,0.608,Mid-life
CS2_36,609,0.7366596066406523,-0.0006091437135317664,0.0012322428198044107,0.004376516573376042,0.0052920557404283405,Middle,0.0024928301434539043,Fast,0.609,Mid-life
CS2_36,610,0.7490429746309343,-0.0006126264707504739,0.0006456065012854765,0.0026239942104324043,0.005756173837863664,Middle,0.0016183103405914391,Fast,0.61,Mid-life
CS2_36,611,0.7517669657835102,-0.0006262635105183791,0.0001749212684541334,-2.2245193591476286e-05,0.005393103982373493,Middle,0.00030200915846345145,Medium,0.611,Mid-life
CS2_36,612,0.7525098186896754,-0.0007011196163210827,0.0001943194856798352,-0.0011417911210398163,0.005388537337416932,Middle,-0.0002203357523593668,Slow,0.612,Mid-life
CS2_36,613,0.7340732262059743,-0.000870883425942968,0.0007383042510677111,0.0014336150246888138,0.006305542859368342,Middle,0.0011522492253158909,Fast,0.613,Mid-life
CS2_36,614,0.732294269671629,-0.001051302990047173,0.0007812153534196734,0.0014038647991162975,0.006308032271129207,Middle,0.0012275838945817353,Fast,0.614,Mid-life
CS2_36,615,0.7328518159656204,-0.0012222267323366211,0.0006618427803140037,0.0008876961777597765,0.006296852731036587,Middle,0.0010549614550481989,Fast,0.615,Mid-life
CS2_36,616,0.7292738505719691,-0.0014238168570425973,0.0012048852824811582,0.0010551080098118845,0.005759503739848088,Middle,0.001239462433427241,Fast,0.616,Mid-life
CS2_36,617,0.7294871079800509,-0.0015351832309157584,0.0012905756765995862,0.0027936952358404827,0.005716461855053158,Middle,0.0021644392333781204,Fast,0.617,Mid-life
CS2_36,618,0.7360623679133966,-0.0015782196564236004,0.0011346025450418116,0.002243513981444797,0.005865919496411601,Middle,0.0019108668189341987,Fast,0.618,Mid-life
CS2_36,619,0.6256379680832937,-0.0022258873426414536,0.00471564956647588,0.018124550086625946,0.020474391930015958,Middle,0.0101752187146337,Fast,0.619,Mid-life
CS2_36,620,0.7425000684515514,-0.0021526376576345265,0.0009550456226411343,-0.0012038346065110148,0.029940927588565536,Middle,0.00047440152556175585,Medium,0.62,Mid-life
CS2_36,621,0.7352147491384448,-0.0021083189383005667,0.0011903782224988,-0.00041721135240224694,0.02996175261355187,Middle,0.0008455537929491599,Fast,0.621,Mid-life
CS2_36,622,0.7250633201188866,-0.002108094999035253,0.0015083196379346584,0.0011126422638191144,0.030004201966486465,Middle,0.0016103686314271836,Fast,0.622,Mid-life
CS2_36,623,0.7197997947282465,-0.002122314987359806,0.0017027828782692292,0.0013534365491032327,0.03000851329918998,Middle,0.0017378757682315195,Fast,0.623,Mid-life
CS2_36,624,0.7257740136565163,-0.002078895090772195,0.0015120807415085946,0.0005304420462192308,0.030038874272352863,Middle,0.001304668568495713,Fast,0.624,Mid-life
CS2_36,625,0.7227246720537875,-0.002035263418224486,0.0016052446387892977,0.0019053851228012983,0.030039023740266173,Middle,0.0019703242705128923,Fast,0.625,Mid-life
CS2_36,626,0.5982814685748006,-0.002681370239929265,0.00561283676385272,0.003908071358356168,0.03726464597878664,Middle,0.0032947207991427165,Fast,0.626,Mid-life
CS2_36,627,0.7227813932555481,-0.002557489842279291,0.0016030106065035496,0.0028169535994290334,0.04399120040617407,Middle,0.002687221720854162,Fast,0.627,Mid-life
CS2_36,628,0.7319796713481351,-0.0023620207337854897,0.0013159248058017144,0.0004621539700442323,0.04403304368104071,Middle,0.001412087351914861,Fast,0.628,Mid-life
CS2_36,629,0.7390203055720431,-0.002109897636051091,0.0010715439729100367,-0.0019938550647366415,0.044058536515261586,Middle,5.802128565722477e-05,Medium,0.629,Mid-life
CS2_36,630,0.6206770770661374,-0.002521043357383857,0.004710246125438878,0.01416038823744416,0.048838797550839,Middle,0.008340715797414008,Fast,0.63,Mid-life
CS2_36,631,0.7213795836085362,-0.0023379871638543256,0.0011934581867502965,0.0006277757211400178,0.05236801688823709,Middle,0.0014828814424971718,Fast,0.631,Mid-life
CS2_36,632,0.7243718926470776,-0.002171628096148123,0.0010780255081737687,-0.00023531722761286185,0.052373343883618154,Middle,0.0009681554342676306,Fast,0.632,Mid-life
CS2_36,633,0.7240167183154094,-0.001998366910900151,0.0013960807851250083,-0.017962178534372684,0.05233686093933484,Middle,-0.007981905811736266,Slow,0.633,Mid-life
CS2_36,634,0.7242360083090914,-0.001753992141460431,0.0013927395417699902,-0.0002078021505061819,0.05233696397716401,Middle,0.0007730949954771246,Medium,0.634,Mid-life
CS2_36,635,0.7214832956624984,-0.0015087737476648703,0.0009718694763184361,0.001499482240805253,0.052269663709521484,Middle,0.0015041279942350615,Fast,0.635,Mid-life
CS2_36,636,0.7302668332726789,-0.0012923758545100778,0.0004596918570876683,0.001250496042766312,0.052285462637265315,Middle,0.001271435948638195,Fast,0.636,Mid-life
CS2_36,637,0.7340716639998716,-0.0010894424735405572,0.0003237699154491741,-0.016199226704819165,0.05229107601861259,Middle,-0.007554892115639304,Slow,0.637,Mid-life
CS2_36,638,0.7349012701466344,-0.0008804386578320293,0.00023290493931640933,-0.0019316695054426094,0.05229053650374088,Middle,-0.00052561542380529,Slow,0.638,Mid-life
CS2_36,639,0.7360331305222961,-0.0006736481254136307,9.782447379492707e-05,-0.0016658911250312222,0.05228841024276673,Middle,-0.0004961214998087958,Slow,0.639,Mid-life
CS2_36,640,0.7360648250986398,-0.0004829274255609649,1.9186501355243053e-05,-0.0017211581118900612,0.05228665616559453,Middle,-0.0006191153431645482,Slow,0.64,Mid-life
CS2_36,641,0.7372828391656453,-0.0002987390865013202,0.000379359208557709,-0.0018638329795076989,0.05223680638558475,Middle,-0.0007825469465031893,Slow,0.641,Mid-life
CS2_36,642,0.7378125420911241,-3.687012623213858e-05,0.0004501426997543899,-0.002332749489803681,0.052233947624149,Middle,-0.0011479396817857712,Slow,0.642,Mid-life
CS2_36,643,0.7387785445459049,0.00025107996475785246,0.0004429443272184036,-0.0012159587533179886,0.05223413288720305,Middle,-0.0007335193590379205,Slow,0.643,Mid-life
CS2_36,644,0.7382843781877826,0.0005454765057619458,-0.00013584361231639758,-0.0006018163125587181,0.0521274033959776,Middle,-0.000573646409160332,Slow,0.644,Mid-life
CS2_36,645,0.7382548278908596,0.0007334081035543456,-0.00019227607158808332,-0.0004790796777464555,0.052126208288619594,Middle,-0.0006062438906504006,Slow,0.645,Mid-life
CS2_36,646,0.7385553758051214,0.000910754697010047,-0.0001839858012742256,-0.0003603207546893282,0.052126168695556085,Middle,-0.0006355377258496876,Slow,0.646,Mid-life
CS2_36,647,0.7392886569805573,0.0010933447897093925,-0.00032305827124478085,-0.00046054741170250705,0.05212154824997469,Middle,-0.0007769461007059498,Slow,0.647,Mid-life
CS2_36,648,0.7397335437403155,0.0012544621825429055,-0.00033053018581498796,-0.000350100653524318,0.05212154858740274,Middle,-0.0008022814180336118,Slow,0.648,Mid-life
CS2_36,649,0.72339249742685,0.0013201883863024867,0.0004087054995660214,0.002060006380610594,0.05219248958629535,Middle,0.0003699089971540536,Medium,0.649,Mid-life
CS2_36,650,0.7135339247654371,0.0013719037847840232,-0.0028353534413594625,0.0036063742543525385,0.04809063824212037,Middle,0.0011172352347842576,Fast,0.65,Mid-life
CS2_36,651,0.708891483722707,0.0007376103891999292,0.0010841478944788488,0.00419898492358222,0.04318906720428189,Middle,0.0017306872671911451,Fast,0.651,Mid-life
CS2_36,652,0.721900775613794,0.0008535424938902926,0.0004294830169242194,0.0023362931824379507,0.04324571274633147,Middle,0.0007413753442738291,Medium,0.652,Mid-life
CS2_36,653,0.7231928302130546,0.0009403024469897309,6.0338384059098425e-05,0.0021946493702952635,0.04320878509642575,Middle,0.0006271734616527663,Medium,0.653,Mid-life
CS2_36,654,0.7157594078335611,0.0009278341351407,0.0001303350611188853,0.0033613213067137542,0.043219251347932364,Middle,0.001216743585786527,Fast,0.654,Mid-life
CS2_36,655,0.7042760858770569,0.0008216943617865086,0.0006934815412728825,0.005065351123322658,0.04325078195501542,Middle,0.0021218283807680747,Fast,0.655,Mid-life
CS2_36,656,0.7052151533746679,0.0007627150970029267,0.0005648231831974081,0.002596763436026011,0.04324947251669768,Middle,0.0009170241695115422,Fast,0.656,Mid-life
CS2_36,657,0.704022172770825,0.0006860501740365315,-0.0034109904579362723,0.0013588217135160102,0.03664242884454884,Middle,0.00033638576973973937,Medium,0.657,Mid-life
CS2_36,658,0.704026183263596,-0.00013641687337355887,0.0006050067739339396,0.0006950429227301491,0.028941970690413942,Middle,0.000415729898051854,Medium,0.658,Mid-life
CS2_36,659,0.7030506717304171,-0.0002501655872868491,0.0009331935360554193,0.002692871983339546,0.028884727221532413,Middle,0.0014715187853131975,Fast,0.659,Mid-life
CS2_36,660,0.7107863646519712,-0.0002570940848009684,0.0009107722877442555,0.0017723522230119113,0.02889139207391236,Middle,0.0010147231539064398,Fast,0.66,Mid-life
CS2_36,661,0.7144076010656503,-0.00019309408678626594,-0.003023565290306867,0.00019311525255868593,0.01896635972010718,Middle,0.00019310466967247593,Medium,0.661,Mid-life
CS2_36,662,0.7153526445418944,-0.0008304879274662905,0.00019441738924650827,-0.001582365523548211,0.005579160425111679,Middle,-0.0003759387980409602,Slow,0.662,Mid-life
CS2_36,663,0.700649970768825,-0.000977037066170069,0.0007652232863952457,0.0006521689436918475,0.006121124104030603,Middle,0.0008146030049309583,Fast,0.663,Mid-life
CS2_36,664,0.6972717018320941,-0.0011170834396772426,0.000862742467203719,0.0009643529912472763,0.006138430490563546,Middle,0.0010407182154622595,Fast,0.664,Mid-life
CS2_36,665,0.6976702572148015,-0.0012470794382671124,0.0008569597127190302,0.0009079894355420766,0.006139568138982996,Middle,0.0010775344369045945,Fast,0.665,Mid-life
CS2_36,666,0.6989247513020463,-0.0013589634851162698,0.0007276949793694198,0.0005894172040529698,0.0061405083270839435,Middle,0.0009741903445846197,Fast,0.666,Mid-life
CS2_36,667,0.6972663191832672,-0.0014876415933667588,0.001064532712561669,0.0019314350669577143,0.0058823486020642335,Middle,0.0017095383301622366,Fast,0.667,Late-life
CS2_36,668,0.6967210526049685,-0.0015574143808388028,0.0012048584320936463,0.0025266497800973914,0.005813803284028912,Middle,0.002042032080468097,Fast,0.668,Late-life
CS2_36,669,0.70514279035046,-0.0015440264561695255,0.0009599509611669165,0.0014585505987763409,0.0060571781022091134,Middle,0.0015012885274729333,Fast,0.669,Late-life
CS2_36,670,0.7071325392845844,-0.0015037109348910475,0.0009322771367003779,-0.0009260812165370653,0.006069001869067835,Middle,0.0002888148591769911,Medium,0.67,Late-life
CS2_36,671,0.7076306113384169,-0.0014435403755279335,0.000917232701942675,-0.0014798442151889698,0.006072048395613688,Middle,-1.8151919830518173e-05,Slow,0.671,Late-life
CS2_36,672,0.69058137930725,-0.0014696372709996919,0.001506498705109524,0.0010126968439359166,0.006710715332106039,Middle,0.0012411670574678042,Fast,0.672,Late-life
CS2_36,673,0.6881663247014557,-0.0014854162297019604,0.0016014908835376921,0.001536918085798668,0.006701767517772984,Middle,0.0015111671577503142,Fast,0.673,Late-life
CS2_36,674,0.6902273786443915,-0.0014682762188843927,0.0015661666419843005,0.0010055629341250943,0.006718616342096662,Middle,0.0012369195765047436,Fast,0.674,Late-life
CS2_36,675,0.6891926515695765,-0.0014337293406581249,0.0015836040844582596,0.001075485862198855,0.006716442470974252,Middle,0.00125460760142849,Fast,0.675,Late-life
CS2_36,676,0.6866817362707487,-0.0013982612890684081,0.0016636481167777717,0.0026372934399587606,0.006712089064840483,Middle,0.0020177773645135844,Fast,0.676,Late-life
CS2_36,677,0.6874209881632511,-0.0013398557498131474,0.0016494963755442026,0.0028159358744761815,0.006716829218243791,Middle,0.0020778958121446646,Fast,0.677,Late-life
CS2_36,678,0.7014320090684607,-0.0011813902016342382,0.0012211821907127949,0.000885514609993738,0.007274065737917082,Middle,0.0010334524058139881,Fast,0.678,Late-life
CS2_36,679,0.5863810434514087,-0.0016585798810700638,0.0049468548480292515,0.014885762265120188,0.021688326384403194,Middle,0.008272171073095125,Fast,0.679,Late-life
CS2_36,680,0.5843668048241213,-0.0020884720728437966,0.004484699761378345,0.014828502839619197,0.021589856007232882,Middle,0.008458487456231498,Fast,0.68,Late-life
CS2_36,681,0.69338845479911,-0.0019408074283431916,0.0006498538698815176,-0.00045158230781692864,0.02965500635618592,Middle,0.0007446125602631314,Medium,0.681,Late-life
CS2_36,682,0.6914038574592173,-0.0018530488194195686,0.0005641169762416053,-0.0003158865556629634,0.029646919442047653,Middle,0.0007685811318783026,Medium,0.682,Late-life
CS2_36,683,0.6923176991377614,-0.0017800650139714745,0.0009542927895494365,-0.0008051375524303905,0.02954173463282044,Middle,0.000487463730770542,Medium,0.683,Late-life
CS2_36,684,0.6953094487039089,-0.0016053219639988099,0.0008994639196498617,-0.0011269229343796752,0.0295476194950947,Middle,0.00023919951480956732,Medium,0.684,Late-life
CS2_36,685,0.6959958659414605,-0.0014091164158663856,0.0006375336094226004,0.0007765918752857497,0.029523747565074303,Middle,0.0010928541455760676,Fast,0.685,Late-life
CS2_36,686,0.6947903488260174,-0.0012547510511208648,0.00030599151777546777,-0.015487043624944099,0.02945552243867908,Middle,-0.007116146286911617,Slow,0.686,Late-life
CS2_36,687,0.7047193104292533,-0.0011057401029532848,1.5994933723051744e-05,-0.017193215086447427,0.02951238786166564,Middle,-0.00804373749174707,Slow,0.687,Late-life
CS2_36,688,0.7078017698508241,-0.0009336978094071109,-0.00012192248645158343,-0.0020590450073877226,0.029516693912308583,Middle,-0.0005626735989903058,Slow,0.688,Late-life
CS2_36,689,0.709175696078991,-0.0007620128985233373,-0.00016611331662564504,-0.0025388340885391025,0.0295175369669201,Middle,-0.0008884105950078827,Slow,0.689,Late-life
CS2_36,690,0.7102530312866535,-0.0005860716293033145,-0.00023233417923343167,-0.0025621903069845847,0.02951719314487737,Middle,-0.0009880593388406351,Slow,0.69,Late-life
CS2_36,691,0.7105558346095557,-0.0004165927269511409,7.436452981144084e-06,-0.0021780551293781236,0.029484381808796034,Middle,-0.0008807312012134913,Slow,0.691,Late-life
CS2_36,692,0.7106477922446107,-0.00020255403219798261,0.00012128415551740469,-0.0020931323290214665,0.029476716196311523,Middle,-0.000945289148411742,Slow,0.692,Late-life
CS2_36,693,0.7111631094679505,3.6366037260011534e-05,0.00013514629270786865,-0.0023389658059904356,0.02947629905608338,Middle,-0.0011876659216252235,Slow,0.693,Late-life
CS2_36,694,0.7115168671456666,0.0002842014120553887,-0.00035054504441424785,-0.0009710795309161936,0.029352046818570957,Middle,-0.0006276404714857912,Slow,0.694,Late-life
CS2_36,695,0.711736281800477,0.000445762075446842,-0.00046659935381880346,-0.000562073135664698,0.029343923384564572,Middle,-0.00050391760555577,Slow,0.695,Late-life
CS2_36,696,0.7117824997669621,0.0005830883656685048,-0.0004552336307148578,-0.00037240052685300854,0.02934401885332862,Middle,-0.00047774444626075665,Slow,0.696,Late-life
CS2_36,697,0.7115477581396137,0.0007161723064238605,-0.00040719376895378517,-0.00018496097899431012,0.02934388577985578,Middle,-0.0004505666427090853,Slow,0.697,Late-life
CS2_36,698,0.7113240254532952,0.0008504856441281797,-0.0004534743958073549,-0.00010974154910563845,0.029341650623264465,Middle,-0.0004801135966169091,Slow,0.698,Late-life
CS2_36,699,0.7145087902038636,0.0009883182081971385,-0.0005737979870611313,-0.0005515711370361252,0.029345066304028663,Middle,-0.0007699446726166319,Slow,0.699,Late-life
CS2_36,700,0.7059433774359563,0.0010678651170369527,-2.5825389854717435e-05,0.0007456760045706025,0.029352236719666962,Middle,-0.0001610945562331751,Slow,0.7,Late-life
CS2_36,701,0.699504969597818,0.0011583874754656498,0.0002460506350569796,0.0017159853639783704,0.02937246551630656,Middle,0.0002787989442563603,Medium,0.701,Late-life
CS2_36,702,0.7116470177677782,0.0013320001655659464,-0.00012956149772133215,1.2752004671260206e-05,0.029456628891712577,Middle,-0.0006596240804473432,Slow,0.702,Late-life
CS2_36,703,0.7120525638804029,0.0015092747600469905,-0.0006926188571984804,-3.858058763441173e-05,0.029283628389158493,Middle,-0.0007739276738407011,Slow,0.703,Late-life
CS2_36,704,0.7115464001057049,0.001578932118617444,-0.0007541959807822337,1.9400484411021983e-07,0.02927888240721699,Middle,-0.0007893690568866669,Slow,0.704,Late-life
CS2_36,705,0.6962582292544619,0.001539432560036771,-0.0001945435680667858,0.0021522565998333292,0.02941854787419802,Middle,0.00030641201989827914,Medium,0.705,Late-life
CS2_36,706,0.6887697691425629,0.001466884744040776,1.3641368613342078e-05,0.003677003008757237,0.029450355198776843,Middle,0.0011050591323582305,Fast,0.706,Late-life
CS2_36,707,0.6899404597995245,0.001395264463950307,-0.00010512011383147626,0.0022861310909188287,0.02944737207986866,Middle,0.00044543331348426086,Medium,0.707,Late-life
CS2_36,708,0.6859596793621814,0.00128556500224714,4.7138993582895506e-05,0.0019350414622338091,0.02945618523875685,Middle,0.0003247382299933346,Medium,0.708,Late-life
CS2_36,709,0.6851269249908293,0.0011758699468412345,0.0005259704541171428,0.00378858468242127,0.029340463033033955,Middle,0.0013063573677900178,Fast,0.709,Late-life
CS2_36,710,0.683532736031354,0.0011427020099237773,-0.0031339255670950086,0.004074261121292706,0.020245007366444107,Middle,0.0014657795556844643,Fast,0.71,Late-life
CS2_36,711,0.6990877557525332,0.0005086034080627833,-0.003700675836400385,0.0017798063361673824,0.02034177335888975,Middle,0.0006356014640522996,Medium,0.711,Late-life
CS2_36,712,0.7003078906896268,-0.00017206028108795036,-0.0002232076093715097,-0.0005785230621664203,0.005634422324175975,Middle,-0.00020323139053923496,Slow,0.712,Late-life
CS2_36,713,0.7004906831341886,-0.0002347806338704619,-0.00029312340887004265,-0.0016744162845179528,0.005619540739589324,Middle,-0.0007198178253237454,Slow,0.713,Late-life
CS2_36,714,0.683824922560795,-0.00040679987717017575,0.0002739605347408534,0.000873648176961355,0.006389122235744532,Middle,0.0006402240270657653,Medium,0.714,Late-life
CS2_36,715,0.6780362621767627,-0.0006034037661290003,0.0005571995653918115,0.0011319167407740954,0.006433989393474524,Middle,0.0008676602534515479,Fast,0.715,Late-life
CS2_36,716,0.6780429603905347,-0.000776639206731566,0.0005791259855137344,0.0010119949428992272,0.006430767397462977,Middle,0.0008943170748153967,Fast,0.716,Late-life
CS2_36,717,0.674127144431265,-0.0009616425265994083,0.0006665549804758852,0.0013436559428698608,0.006457933764080503,Middle,0.0011526492347346345,Fast,0.717,Late-life
CS2_36,718,0.6718907395737568,-0.0011586277328990912,0.0010589861566289197,0.003885288025539494,0.006155140515400425,Middle,0.0025219578792192924,Fast,0.718,Late-life
CS2_36,719,0.6712119368356232,-0.0012910212847762708,0.001180317194038739,0.004156564836286236,0.006107670731804981,Middle,0.0027237930605312536,Fast,0.719,Late-life
CS2_36,720,0.6869013936025422,-0.0013033435265592842,0.0007185258863370578,0.0019413270759494855,0.006808239076076402,Middle,0.0016223353012543849,Fast,0.72,Late-life
CS2_36,721,0.6883034523140645,-0.001291728059749366,0.0007080509345996445,-0.0006397899647527952,0.006811343333036727,Middle,0.0003259690474982854,Medium,0.721,Late-life
CS2_36,722,0.6882659897222092,-0.001266158192456428,0.0007190272544305333,-0.0014613896493494982,0.006809934085689628,Middle,-9.761572844653509e-05,Slow,0.722,Late-life
CS2_36,723,0.6707959139618777,-0.0013299588815758212,0.0012855444607333248,0.0010352923469510048,0.007441430872717619,Middle,0.001182625614263413,Fast,0.723,Late-life
CS2_36,724,0.6640489527186814,-0.001416963631414942,0.001519811508040939,0.001439741673226231,0.007496953738989749,Middle,0.0014283526523205866,Fast,0.724,Late-life
CS2_36,725,0.6610131751386722,-0.0015010185934165175,0.001629151355064337,0.001553937776440655,0.007493434329036657,Middle,0.0015274781849285864,Fast,0.725,Late-life
CS2_36,726,,,,,,,,,0.726,Late-life
CS2_36,727,0.6810514428101191,,,,,Middle,,,0.727,Late-life
CS2_36,728,0.6665435579113517,,,,,Middle,,,0.728,Late-life
CS2_36,729,0.6319976543253016,,,,,Middle,,,0.729,Late-life
CS2_36,730,0.6212489132488836,,,,,Middle,,,0.73,Late-life
CS2_36,731,0.6431874727781544,,,,,Middle,,,0.731,Late-life
CS2_36,732,0.6458382735624492,,,,,Middle,,,0.732,Late-life
CS2_36,733,0.6458623153258075,,,,,Middle,,,0.733,Late-life
CS2_36,734,0.6119750232609008,,,0.009868059935602611,,Middle,,,0.734,Late-life
CS2_36,735,0.5991074342174124,,,0.009633731956277036,,Middle,,,0.735,Late-life
CS2_36,736,0.5922050567673627,,,0.00568465679399128,,Middle,,,0.736,Late-life
CS2_36,737,0.5839038175450921,,,0.005335013671970217,,Middle,,,0.737,Late-life
CS2_36,738,0.4552233832384253,,,0.02685201279138986,,Late,,,0.738,Late-life
CS2_36,739,0.5780968030764926,,,0.009677352926565226,,Middle,,,0.739,Late-life
CS2_36,740,0.5774183798758465,,,0.009777705064280138,,Middle,,,0.74,Late-life
CS2_36,741,0.59723996714931,,,0.0021050080159415374,,Middle,,,0.741,Late-life
CS2_36,742,0.6028670735139178,,,-0.0005370913280721938,,Middle,,,0.742,Late-life
CS2_36,743,0.6060762995240506,,,-0.001981606108098277,,Middle,,,0.743,Late-life
CS2_36,744,0.5762694964902659,,,0.0010906172935466,,Middle,,,0.744,Late-life
CS2_36,745,0.5684973545876074,,,-0.016181995907026014,,Middle,,,0.745,Late-life
CS2_36,746,0.567146860607122,,,0.0015642774956243618,,Middle,,,0.746,Late-life
CS2_36,747,0.5612637161494647,,,0.002307809103768837,,Middle,,,0.747,Late-life
CS2_36,748,0.5590193909557263,,,0.005460082313369109,,Middle,,,0.748,Late-life
CS2_36,749,0.5521188316715998,,,0.0072497488346168525,,Middle,,,0.749,Late-life
CS2_36,750,0.5633365945213678,,,0.00610567214324041,,Middle,,,0.75,Late-life
CS2_36,751,0.5775529142848722,,,-0.00018334539922946837,,Middle,,,0.751,Late-life
CS2_36,752,0.581812456796381,,,-0.0019021574583962333,,Middle,,,0.752,Late-life
CS2_36,753,0.5849965316291322,,,-0.002549953003144312,,Middle,,,0.753,Late-life
CS2_36,754,0.5562472168200342,,,0.0007166427613472129,,Middle,,,0.754,Late-life
CS2_36,755,0.5457645228958473,,,0.0018935525799827094,,Middle,,,0.755,Late-life
CS2_36,756,0.5491396449599635,,,0.0004255981016623326,,Middle,,,0.756,Late-life
CS2_36,757,0.5461701708167445,,,0.002452346243517613,,Middle,,,0.757,Late-life
CS2_36,758,0.5446424837551075,-0.0032040347742100365,0.004400289001774567,0.004701490075680674,0.03525288094477459,Middle,0.003952762424945355,Fast,0.758,Late-life
CS2_36,759,0.5384823995177805,-0.002907112140844767,0.004131005109470036,0.006190008182657215,0.03520494941689943,Middle,0.004548560161750991,Fast,0.759,Late-life
CS2_36,760,0.5336150428325613,-0.0026733328675081765,0.0031736326287980744,0.007340212685224413,0.03475088327108951,Middle,0.005006772776366295,Fast,0.76,Late-life
CS2_36,761,0.5311620280953506,-0.0026137107138628603,0.002906028553339775,0.0035835983892405104,0.03472253528358871,Middle,0.0030986545515516856,Fast,0.761,Late-life
CS2_36,762,0.3898578024264958,-0.003385002819527733,0.008171924850053502,0.022272388638478784,0.04236618994960966,Late,0.012828695729003258,Fast,0.762,Late-life
CS2_36,763,0.525039250686858,-0.003170704825819084,0.0038967426734061675,0.003442913467586501,0.04956924014461006,Middle,0.0033068091467027922,Fast,0.763,Late-life
CS2_36,764,0.5229492378948692,-0.0029089393699563535,0.0039649379816431695,0.0033172761316964594,0.04956512033311444,Middle,0.0031131077508264066,Fast,0.764,Late-life
CS2_36,765,0.5183910520941543,-0.0026278799826962903,0.0030188377795724694,0.0037502045229933184,0.04925386313268939,Middle,0.0031890422528448046,Fast,0.765,Late-life
CS2_36,766,0.5193254597390053,-0.0024997479185095853,0.0025736120799486153,0.0027367056826821706,0.049224240725177414,Middle,0.002618226800595878,Fast,0.766,Late-life
CS2_36,767,0.5204197535083598,-0.0024092639856537717,0.002315654943838803,0.0018850413320287934,0.04922175290607132,Middle,0.0021471526588412826,Fast,0.767,Late-life
CS2_36,768,0.5366691129718504,-0.00223935793972342,0.0015237001475239273,-0.0007867264109285367,0.04931964393991464,Middle,0.0007263157643974418,Medium,0.768,Late-life
CS2_36,769,0.5368127887100339,-0.002098486911912612,-0.002631916305535761,-0.02099356946907687,0.043309513912407636,Middle,-0.00944754127858213,Slow,0.769,Late-life
CS2_36,770,0.5355631400003217,-0.002725763131985034,0.0013720536476184162,-0.001503412759066244,0.03711759789197756,Middle,0.000611175186459395,Medium,0.77,Late-life
CS2_36,771,0.5349146411258748,-0.002642988055132146,0.001371088346773281,-0.0017093433187150842,0.037117616921323204,Middle,0.0004668223682085309,Medium,0.771,Late-life
CS2_36,772,0.534191184107765,-0.002552597657399759,0.002033831711017582,-0.0022571617162301066,0.03690943800356213,Middle,0.00014771797058482617,Medium,0.772,Late-life
CS2_36,773,0.5336559903758794,-0.0023295137541923016,0.0022326155850980116,-0.0020472186624105803,0.0368833880357501,Middle,0.00014114754589086061,Medium,0.773,Late-life
CS2_36,774,0.5346656307908016,-0.002043350430815943,0.0023035699591370637,-0.0020351253260631236,0.0368746850398637,Middle,4.112552376409713e-06,Slow,0.774,Late-life
CS2_36,775,0.5347253175447909,-0.0017124368081077933,0.0013401348046927425,0.00027768506100849563,0.03652061273226705,Middle,0.0009950609345581445,Fast,0.775,Late-life
CS2_36,776,0.5342692426260307,-0.0015382425509857724,0.0011041326439218293,0.00036336372628617157,0.036501296264271614,Middle,0.000950803138635972,Fast,0.776,Late-life
CS2_36,777,0.5673100338746045,-0.0012079294607173917,-5.263653789757969e-06,-0.004535270553468981,0.03701261066104064,Middle,-0.0016636705463757946,Slow,0.777,Late-life
CS2_36,778,0.5561722956035219,-0.0009486320497623498,0.00016423937244976788,-0.0030368077825210066,0.037052486605998566,Middle,-0.0010440878663793285,Slow,0.778,Late-life
CS2_36,779,0.5457059089056827,-0.0007803633456857074,0.00042946716290463124,-0.0016449606854168155,0.037097272888949435,Middle,-0.00043229866986555404,Slow,0.779,Late-life
CS2_36,780,0.5373825199390719,-0.000667258163396214,0.0004753648945976733,-0.0005323613661703609,0.03710642502202827,Middle,6.744839861292653e-05,Medium,0.78,Late-life
CS2_36,781,0.5307202869891474,-0.0006258124268161235,0.001052138952652269,0.0005636205430934618,0.037057540267182124,Middle,0.0005947164849547926,Medium,0.781,Late-life
CS2_36,782,0.5262701996930972,-0.0005339578637643338,0.0016542811158637104,0.0012078739788133896,0.036952681053055735,Middle,0.0008709159212888617,Fast,0.782,Late-life
CS2_36,783,0.522463293507589,-0.00036416025633909766,0.00191448913834813,0.0016865641597773834,0.03693804752121981,Middle,0.0010253622080582405,Fast,0.783,Late-life
CS2_36,784,0.5208987676747826,-0.00015729449575819092,0.0020676698049790204,0.006630180885688849,0.036926043368842504,Middle,0.00339373769072352,Fast,0.784,Late-life
CS2_36,785,0.5183161682275461,7.648498638790324e-05,0.0012235822126609058,0.0054080181965679664,0.03659337296058359,Middle,0.0026657666050900314,Fast,0.785,Late-life
CS2_36,786,0.5323558534608465,0.00024059137108810706,0.00043253772370970494,0.0019071507778337501,0.03665155123116575,Middle,0.0008332797033728215,Medium,0.786,Late-life
CS2_36,787,0.5262486084012769,0.00031535194024094197,0.0007384205341511816,0.0015905587911135832,0.03665828226867949,Middle,0.0006376034254363207,Medium,0.787,Late-life
CS2_36,788,0.525353902989933,0.0004125969282635157,0.0006714925105423049,0.0007666262856020582,0.03665596710463889,Middle,0.00017701467866927128,Medium,0.788,Late-life
CS2_36,789,0.521794072651743,0.00048037419207970955,0.0007370455194633691,0.0006394467201934484,0.036659366217690316,Middle,7.953626405686942e-05,Medium,0.789,Late-life
CS2_36,790,0.516109346479058,0.0005155473525129652,0.0007217113883458871,0.0009077067183615688,0.03665712156829827,Middle,0.0001960796829243018,Medium,0.79,Late-life
CS2_36,791,0.5097423679041168,0.0004877452854713733,0.0007700862880143413,0.0015937713958094069,0.03666376366060094,Middle,0.0005530130551690168,Medium,0.791,Late-life
CS2_36,792,0.5066662654379218,0.000423560908342347,0.000790185892175123,0.0016642718270891857,0.03666488779538459,Middle,0.0006203554593734194,Medium,0.792,Late-life
CS2_36,793,0.5042385882341998,0.0003406247121418255,-0.00368970276799045,0.004016752175235243,0.025797774090184244,Middle,0.0018380637315467089,Fast,0.793,Late-life
CS2_36,794,0.5030120320648814,-0.0005940739123209127,0.0007105554394185981,0.003319510905199346,0.008365832232968946,Middle,0.001956792408760129,Fast,0.794,Late-life
CS2_36,795,0.500809178746068,-0.0007651378446223808,0.0007141954564129432,0.003506389177695,0.008366476972890714,Middle,0.0021357635111586906,Fast,0.795,Late-life
CS2_36,796,0.4987335289872405,-0.000951754456685163,0.0006341136486101215,0.003294363380643222,0.0083402969535735,Late,0.0021230589186641926,Fast,0.796,Late-life
CS2_36,797,0.5023614106168317,-0.0011364510509860324,0.0005472273910378594,0.001963990837460905,0.00837115467352541,Middle,0.0015502209442234687,Fast,0.797,Late-life
CS2_36,798,0.5320714933196542,-0.0011408127297769545,-0.00037586257455788437,-0.003189875059362492,0.009981119162058778,Middle,-0.0010245311647927688,Slow,0.798,Late-life
CS2_36,799,0.5064268196857455,-0.0012889363688728202,0.0009755578479388658,3.42065360251815e-05,0.01057854139441585,Middle,0.0006615714524490008,Medium,0.799,Late-life
CS2_36,800,0.4995753547175512,-0.001372576995518841,0.001201207548144603,0.000666176216664078,0.01062836031609668,Late,0.0010193766060914596,Fast,0.8,Late-life
CS2_36,801,0.4923883202123394,-0.0014825866202940643,0.0013927361221929763,0.0015176731217917167,0.010682621228022944,Late,0.0015001298710428904,Fast,0.801,Late-life
CS2_36,802,0.4871299198343286,-0.0016137472498609622,0.001541442622307944,0.0019541798445342046,0.010703980315411487,Late,0.0017839635471975834,Fast,0.802,Late-life
CS2_36,803,0.4828791109413285,-0.0017552284619439466,0.0016552281666592417,0.002264916863701711,0.010713738907384892,Late,0.0020100726628228286,Fast,0.803,Late-life
CS2_36,804,0.3630193732738976,-0.002563032051028208,0.005504407003289736,0.019906005334704872,0.023773427828315683,Late,0.01123451869286654,Fast,0.804,Late-life
CS2_36,805,0.477973433319694,-0.002658178365564226,0.0018287805635841179,0.0077282942857086,0.03214771555898435,Late,0.005193236325636413,Fast,0.805,Late-life
CS2_36,806,0.475883275895874,-0.002738682383973685,0.001898130375771514,0.004363363398553081,0.03214582470949351,Late,0.0035510228912633826,Fast,0.806,Late-life
CS2_36,807,0.4725027503967347,-0.002816485140983208,0.001992467491267612,0.0038675149029737837,0.032145742836199954,Late,0.0033420000219784958,Fast,0.807,Late-life
CS2_36,808,0.4703176306955696,-0.002886653009568801,0.003128787199323708,0.0031529556452528323,0.03148181669621789,Late,0.0030198043274108164,Fast,0.808,Late-life
CS2_36,809,0.4740523222941916,-0.0027123148710757354,0.002649031397075171,0.0018682282200195696,0.031469017771052425,Late,0.0022902715455476526,Fast,0.809,Late-life
CS2_36,810,0.47157853679566,-0.0025852123063069103,0.002391205551936217,0.0016143677350955057,0.031435559139458565,Late,0.002099790020701208,Fast,0.81,Late-life
CS2_36,811,0.473623496269811,-0.0024787859694915724,0.002056742699008418,-0.015800588999416196,0.031425495108794284,Late,-0.006660901514962312,Slow,0.811,Late-life
CS2_36,812,0.4707642020887964,-0.0024125255289808353,0.0019340672548500335,0.0010298901758425166,0.031414338184027266,Late,0.001721207852411676,Fast,0.812,Late-life
CS2_36,813,0.4638140968619259,-0.0024016298820331316,0.0020147129945539133,0.0017241684334211582,0.031424219942854444,Late,0.0020628991577271447,Fast,0.813,Late-life
CS2_36,814,0.4617165675976699,-0.002405042136058146,0.0019595718035457788,0.001540883257009264,0.031422469993900984,Late,0.001972962696533705,Fast,0.814,Late-life
CS2_36,815,0.4587082264279664,-0.002424909525015668,0.0020061464918327814,0.0016584863239433153,0.031422934949992265,Late,0.0020416979244794915,Fast,0.815,Late-life
CS2_36,816,0.4467548413112642,-0.0024987861069609234,0.0023084299005252233,0.0038996401404181986,0.03147369687604735,Late,0.003199213123689561,Fast,0.816,Late-life
CS2_36,817,0.443704192593463,-0.002578437622792484,0.0028597309957220473,0.0039820491717424255,0.031327131984845956,Late,0.0032802433972674546,Fast,0.817,Late-life
CS2_36,818,0.4392594700943193,-0.002571075361774032,0.0028061012357083076,0.00490914659649881,0.03132280992166563,Late,0.003740110979136421,Fast,0.818,Late-life
CS2_36,819,0.4376966043112191,-0.0025754057619558845,0.0028276547960875455,0.004723942539653898,0.031321680691826524,Late,0.0036496741508048915,Fast,0.819,Late-life
CS2_36,820,0.4387822583227189,-0.0025465187860449464,0.0026778004622265857,0.0035759769341724263,0.03132917287963332,Late,0.003061247860108686,Fast,0.82,Late-life
CS2_36,821,0.4414067284524427,-0.0024925168060659017,0.0024097618718263007,0.0029014055921753085,0.031338133046708634,Late,0.002696961199120605,Fast,0.821,Late-life
CS2_36,822,0.4407545636848714,-0.002447136230613014,0.0022254130393304945,0.0025648089632992793,0.03133088654447796,Late,0.0025059725969561464,Fast,0.822,Late-life
CS2_36,823,0.4376721418229384,-0.002430156645831793,0.0022256168908059166,0.0012975284983322566,0.0313308922844644,Late,0.0018638425720820249,Fast,0.823,Late-life
CS2_36,824,0.4342723106725963,-0.002424681037385374,0.002256976695535595,0.001347411702980956,0.03133158779060978,Late,0.001886046370183165,Fast,0.824,Late-life
CS2_36,825,0.4292531248959912,-0.0024358696879688145,0.002379319586093233,0.0014294778854754434,0.03133483462841228,Late,0.001932673786722129,Fast,0.825,Late-life
CS2_36,826,0.425276978101346,-0.002449581428278263,0.002436522601442645,0.0017742323156961543,0.031336120327163944,Late,0.0021119068719872083,Fast,0.826,Late-life
CS2_36,827,0.4509240258645945,-0.002302399761500663,0.0015422420362143864,-0.0017345382202679466,0.031739742668755865,Late,0.0002839307706163582,Medium,0.827,Late-life
CS2_36,828,0.4378240775415571,-0.0022239176061403182,0.002081849454041116,0.0005118072729836585,0.03179106891100676,Late,0.0013678624395619884,Fast,0.828,Late-life
CS2_36,829,0.4266447750325245,-0.002164683871071784,0.00340086188022999,0.002015684093192416,0.03127206685939755,Late,0.0020901839821321,Fast,0.829,Late-life
CS2_36,830,0.4189861640754299,-0.0019415115251726314,0.0028206663100101828,0.0026694253925012173,0.03101138006266763,Late,0.0023054684588369244,Fast,0.83,Late-life
CS2_36,831,0.414062836920068,-0.0018599679756896917,0.002758468316047845,0.002887067678932614,0.031004959130350042,Late,0.0023735178273111526,Fast,0.831,Late-life
CS2_36,832,0.4097112122790483,-0.0018107321135767266,0.002667003481719069,0.0027917018024204193,0.030995640192630753,Late,0.002301216957998573,Fast,0.832,Late-life
CS2_36,833,0.4061340852445173,-0.0017923494024654906,0.002612768857735848,0.002734698979546963,0.030992425489846428,Late,0.0022635241910062267,Fast,0.833,Late-life
CS2_36,834,0.2861001965050944,-0.002456164142501772,0.0063477069172978755,0.023546261337071446,0.03749155759183266,Late,0.013001212739786609,Fast,0.834,Late-life
CS2_36,835,0.4013045255245901,-0.0024174281213954936,-0.0012350049113126617,0.005217078859566714,0.03753931270737532,Late,0.0038172534904811037,Fast,0.835,Late-life
CS2_36,836,0.3994413859643885,-0.003084333503983852,0.0025332918501711453,0.0038861984383051456,0.031044791876571425,Late,0.0034852659711444986,Fast,0.836,Late-life
CS2_36,837,0.4004060497269389,-0.0030638223666364785,0.002434749231255971,0.0026543020497844278,0.03105109304305716,Late,0.002859062208210453,Fast,0.837,Late-life
CS2_36,838,0.4034334223520027,-0.00301031853801777,0.002228042840152646,0.001518487795437903,0.031065912242620727,Late,0.0022644031667278367,Fast,0.838,Late-life
CS2_36,839,0.4103879423917506,-0.0029111892535984146,0.001933215751736097,-9.667573038604374e-05,0.031109671652215516,Late,0.0014072567616061854,Fast,0.839,Late-life
CS2_36,840,0.3914043092438665,-0.002910368613188021,0.0026660649371072613,0.0021042537143786838,0.031239020771639113,Late,0.0025073111637833522,Fast,0.84,Late-life
CS2_36,841,0.3868209481116035,-0.0028840737662970874,0.0027341157640018215,-0.014388678800929875,0.031240885635162023,Late,-0.005752302517316394,Slow,0.841,Late-life
CS2_36,842,0.3798105298257536,-0.0028805969435901266,0.0030262247240018516,0.0030705708141195048,0.03123704537042769,Late,0.0029755838788548157,Fast,0.842,Late-life
CS2_36,843,0.3800862376824828,-0.0028295455937304096,0.002925095626010116,0.002765021183129387,0.031242678052763005,Late,0.0027972833884298983,Fast,0.843,Late-life
CS2_36,844,0.3637844982728954,-0.0028541240298853737,0.003226761244807435,0.0052316502077205,0.031327868736622334,Late,0.0040428871188029365,Fast,0.844,Late-life
CS2_36,845,0.3604624645735848,-0.0029003991503389944,0.003266261387873713,0.006138708254059703,0.03132716942806754,Late,0.004519553702199348,Fast,0.845,Late-life
CS2_36,846,0.3544537840473066,-0.002955615674285736,0.00336304652840838,0.007990594049206283,0.03133098055858395,Late,0.00547310486174601,Fast,0.846,Late-life
CS2_36,847,0.3533853125409597,-0.0029957794687962983,0.0030119202829130493,0.005431285243272402,0.031292469520899514,Late,0.00421353235603435,Fast,0.847,Late-life
CS2_36,848,0.351200632217008,-0.0030820468137320194,0.0029839858185953232,0.005088616556370789,0.03129282031456395,Late,0.004085331685051404,Fast,0.848,Late-life
CS2_36,849,0.3488653546184314,-0.0031650070829813046,0.002915939208899611,0.004420739315331744,0.031291831536530736,Late,0.003792873199156524,Fast,0.849,Late-life
CS2_36,850,0.3505548202583903,-0.0032304865479202706,0.0028110252920267352,0.0042187739177274985,0.031301969777537596,Late,0.0037246302328238848,Fast,0.85,Late-life
CS2_36,851,0.3611483894862937,-0.0032127117286043826,0.0025043183495621034,0.0003765869695145284,0.031387886336218036,Late,0.0017946493490594555,Fast,0.851,Late-life
CS2_36,852,0.358953004288469,-0.0031727840370566773,0.002659797553676572,0.0002156371835879689,0.03137356840867643,Late,0.001694210610322323,Fast,0.852,Late-life
CS2_36,853,0.3604489416728801,-0.003079219966977784,0.002590503935870688,-0.0008564510893676444,0.031380521843185495,Late,0.00111138443880507,Fast,0.853,Late-life
CS2_36,854,0.3646495258441862,-0.00293605687828823,0.0023555682573791034,-0.0016091733290323604,0.03140397023254058,Late,0.0006634417746279349,Medium,0.854,Late-life
CS2_36,855,0.363114546471232,-0.002792361202781238,0.0022954117484311073,-0.0017019877506034287,0.031403689321025025,Late,0.0005451867260889047,Medium,0.855,Late-life
CS2_36,856,0.3498376746616539,-0.0027173352969507066,0.0025617887172366877,-0.00013890286331750108,0.03146253059958095,Late,0.0012892162168166028,Fast,0.856,Late-life
CS2_36,857,0.3461088427493744,-0.0026629028016565957,0.002553810817805535,0.000635139644145125,0.031462191362481275,Late,0.0016490212229008604,Fast,0.857,Late-life
CS2_36,858,0.3477317447796934,-0.002592820437775644,0.0033287832608032623,0.0019166635295143303,0.031037409156521232,Late,0.002254741983644987,Fast,0.858,Late-life
CS2_36,859,0.3411471512773206,-0.0023766015921760533,0.003118610524652791,0.002543693287306914,0.030991062312751436,Late,0.002460147439741484,Fast,0.859,Late-life
CS2_36,860,0.3398822503009813,-0.0022065624525427607,0.002798791120372362,0.0029380987674141163,0.03095624275436526,Late,0.0025723306099784387,Fast,0.86,Late-life
CS2_36,861,0.3417985866483551,-0.002057349357914669,0.002489921852486283,0.0032644198851187268,0.030953904511517052,Late,0.002660884621516698,Fast,0.861,Late-life
CS2_36,862,0.3382456161219044,-0.001943543864301194,0.0024457167999407618,0.0035527043356182253,0.03095129193300975,Late,0.0027481240999597096,Fast,0.862,Late-life
CS2_36,863,0.3391548407478756,-0.0018247535350599312,0.0022760119848765376,0.001526119130539754,0.03095491588611439,Late,0.0016754363327998426,Fast,0.863,Late-life
CS2_36,864,0.3432692929144581,-0.0016814470041407335,0.0020278965267761014,0.00040564997641661423,0.030974958303708368,Late,0.0010435484902786738,Fast,0.864,Late-life
CS2_36,865,0.3475802700346441,-0.0015109265917487768,-0.001983228178372571,2.1639249292754975e-05,0.02190848056127062,Late,0.0007662829205207659,Medium,0.865,Late-life
CS2_36,866,0.3450471178214022,-0.0020593465049784563,0.0018147550871996107,-0.0005571380777259415,0.00620123817695736,Late,0.0007511042136262574,Medium,0.866,Late-life
CS2_36,867,0.343980125513826,-0.0019386366063540571,0.0017890729177600802,-0.0005854107446921021,0.0062026795530891994,Late,0.0006766129308309774,Medium,0.867,Late-life
CS2_36,868,0.3392993426524106,-0.0018347777110597529,0.0019711840991783326,0.00035703485656350475,0.006202009972282503,Late,0.0010959062838116287,Fast,0.868,Late-life
CS2_36,869,0.3342610854948866,-0.0017316644134734954,0.0022313657050682615,0.0005692186610025447,0.006154322790253922,Late,0.00115044153723802,Fast,0.869,Late-life
CS2_36,870,0.3293579960694615,-0.001613852169240797,0.002613869236202874,0.0013995492397734471,0.005928723031224124,Late,0.001506700704507122,Fast,0.87,Late-life
CS2_36,871,0.3265366027591618,-0.001442853190906651,0.0020925066607969255,0.002390384307899475,0.005092936978993943,Late,0.0019166187494030632,Fast,0.871,Late-life
CS2_36,872,0.3234379330405219,-0.0013735433577141535,0.00204461338938973,0.003448905284874602,0.005075684234768207,Late,0.002411224321294378,Fast,0.872,Late-life
CS2_36,873,0.3213815315681436,-0.0013187252053504168,0.001884806395406774,0.0033807980361797996,0.00499141378664845,Late,0.0023497616207651083,Fast,0.873,Late-life
CS2_36,874,0.3193867912815694,-0.0012936544722003751,0.001958046658093981,0.0035133334617509465,0.004975286668774768,Late,0.0024034939669756606,Fast,0.874,Late-life
CS2_36,875,0.3177118689896441,-0.0012542832908628819,0.0014862138478468157,0.0030839248089666394,0.004203338151701627,Late,0.0021691040499147605,Fast,0.875,Late-life
CS2_36,876,0.3178036049149536,-0.0012901256083241552,0.0013760922470526192,0.002351068654276145,0.004198354081106402,Late,0.0018205971313001502,Fast,0.876,Late-life
CS2_36,877,0.3677546099197463,-0.0010453931769241523,-0.0004290588991109578,-0.005485230550040687,0.010067736682708266,Late,-0.0022199186865582672,Slow,0.877,Late-life
CS2_36,878,0.3528953379707,-0.000924104326623839,1.5805631298699255e-05,-0.003765533601648314,0.010434134818333876,Late,-0.0014207146375122374,Slow,0.878,Late-life
CS2_36,879,0.341824357341239,-0.0008716100267394871,0.00030246047986351535,-0.00262663204295959,0.010616183648804315,Late,-0.0008775110081100516,Slow,0.879,Late-life
CS2_36,880,0.3326397138823009,-0.0008802771065322001,0.0005234077656816283,-0.001608311759165331,0.01073056093313767,Late,-0.0003640173263165654,Slow,0.88,Late-life
CS2_36,881,0.3276996300858472,-0.0009243336514593797,0.000737264199114294,-0.0011875484006111142,0.01075103186496856,Late,-0.0001316073745758673,Slow,0.881,Late-life
CS2_36,882,0.3208712993130851,-0.00098921029146938,0.0012992609733293089,-0.0004513471890630021,0.010593178369592067,Late,0.0002689315512031889,Medium,0.882,Late-life
CS2_36,883,0.3151069700957745,-0.001011883738540444,0.001414388199764339,0.00038523354559701273,0.010622595025496697,Late,0.0006985586420687283,Medium,0.883,Late-life
CS2_36,884,0.3146648063065381,-0.0010334706662224959,0.0014769075924626457,0.007584257659029743,0.010610591891535192,Late,0.004308864162626119,Fast,0.884,Late-life
CS2_36,885,0.3126629465720592,-0.001041149111888301,0.0016769864281331297,0.005747484485520117,0.010558315037495544,Late,0.003394316798704209,Fast,0.885,Late-life
CS2_36,886,0.31006854686269,-0.0010206448455188691,0.0017111612776949034,0.004536544354078432,0.010559554549513257,Late,0.0027785945997986505,Fast,0.886,Late-life
CS2_36,887,0.3079431158575607,-0.0010014933508692946,0.0013514373807772002,0.0035280854321057464,0.010340084280897192,Late,0.0022647893914875205,Fast,0.887,Late-life
CS2_36,888,0.3052412449460248,-0.0010577729241717457,0.001318309606559666,0.003208340734260343,0.010333856868101302,Late,0.0021330568292160443,Fast,0.888,Late-life
CS2_36,889,0.3049185205992468,-0.0011220919125079448,0.0013810717477563414,0.0022789683876911888,0.010321298829041693,Late,0.001700530150099567,Fast,0.889,Late-life
CS2_36,890,0.3085444511035596,-0.0011408939915819537,0.0010517000056051932,0.0009375027131735547,0.010312624399851577,Late,0.0010391983523777542,Fast,0.89,Late-life
CS2_36,891,0.3019888456626692,-0.0012224051554971824,0.0012223678915584545,0.0018108515205526984,0.010359940841872433,Late,0.0015166283380249404,Fast,0.891,Late-life
CS2_36,892,0.2975110459362951,-0.001322654756455567,0.001428630345550322,0.0021645572336805785,0.010359019788485146,Late,0.0017436059950680727,Fast,0.892,Late-life
CS2_36,893,0.285586567503567,-0.0014635343653358415,0.0016986789876883039,0.0034974256227318567,0.010524048683640395,Late,0.002480479994033849,Fast,0.893,Late-life
CS2_36,894,0.3010606881499383,-0.0015173769964019436,0.001228843632191526,0.0009832039582317678,0.010960427004733736,Late,0.0012502904773168556,Fast,0.894,Late-life
CS2_36,895,0.3034586071910894,-0.0015384649062663014,0.0012842156684957648,0.00025466253641933827,0.010936843471105533,Late,0.0008965637213428199,Medium,0.895,Late-life
CS2_36,896,0.2963701224620007,-0.001561857368548359,0.0016519402442788198,0.0012211997338923023,0.010934087140766826,Late,0.0013915285512203306,Fast,0.896,Late-life
CS2_36,897,0.2767138061992558,-0.0016536672095463225,0.002204300374907948,0.004547234986329117,0.01140255923934824,Late,0.0031004510979377197,Fast,0.897,Late-life
CS2_36,898,0.2748836121564272,-0.0017452199227389244,0.002228919785722542,0.0038721762151774286,0.011400845601001132,Late,0.0028086980689581765,Fast,0.898,Late-life
CS2_36,899,0.2734644254585803,-0.0018255700190791236,0.0021237070062525894,0.0034352314968164044,0.011392511116328104,Late,0.002630400757947764,Fast,0.899,Late-life
CS2_36,900,0.2802331477976432,-0.0018699237887707342,0.0017428366999110774,0.0007647742437033986,0.011488781564710712,Late,0.0013173490162370664,Fast,0.9,Late-life
CS2_36,901,0.2875057730750751,-0.0018817773225547842,0.0013500717094963356,0.0019364164392661753,0.011584864001728491,Late,0.0019090968809104799,Fast,0.901,Late-life
CS2_36,902,0.2898916840004484,-0.0018925912829357626,0.0011820941535068837,0.0019381318843772874,0.011600560743505168,Late,0.001915361583656525,Fast,0.902,Late-life
CS2_36,903,0.290691512086265,-0.0019014585212569026,0.0010563361598147384,0.0008112300536765275,0.011600222373610134,Late,0.0013563442874667151,Fast,0.903,Late-life
CS2_36,904,0.2892283875228071,-0.0019242412252738921,0.001037198195010854,-0.001787797331935903,0.011599006804578137,Late,6.822194666899453e-05,Slow,0.904,Late-life
CS2_36,905,0.2906199272296367,-0.0019390152098336408,0.0009279633565139575,-0.0022480450104584992,0.011605631889690502,Late,-0.00015451490031242923,Slow,0.905,Late-life
CS2_36,906,0.2937796657440795,-0.0019366248481383036,0.0007720065563085358,-0.0029021771836427418,0.011627722774294236,Late,-0.0004827761677522191,Slow,0.906,Late-life
CS2_36,907,0.297965775818339,-0.0019111935722670973,0.0006399299708585348,-0.0025332325743851153,0.01166106656923777,Late,-0.000311019501059009,Slow,0.907,Late-life
CS2_36,908,0.2970802031067198,-0.0018830008011947268,0.0022798195746137583,-0.0013677757188063871,0.006920176946975941,Late,0.00025761254119416983,Medium,0.908,Late-life
CS2_36,909,0.2948413718757982,-0.0015578090930592895,0.0018727085837065103,-0.0007070982679071104,0.006514820558288561,Late,0.00042535541257608954,Medium,0.909,Late-life
CS2_36,910,0.2898769327659503,-0.0013239713274890805,0.0016757233733964104,0.00011636847433067159,0.006316735174265359,Late,0.0007201699009098761,Medium,0.91,Late-life
CS2_36,911,0.2854648928026745,-0.001159062958770832,0.0015217684219234321,0.0005376421028760855,0.00618439724776112,Late,0.0008483525308234588,Medium,0.911,Late-life
CS2_36,912,0.2834952148936893,-0.0010402385930302893,0.0014259488771663838,0.0010178160479924878,0.006152598907541508,Late,0.0010290273205113885,Medium,0.912,Late-life
CS2_36,913,0.2826223712697174,-0.0009382382594834526,0.0012338363884957326,0.0015938992106231556,0.0060707228326624596,Late,0.0012660687350533042,Fast,0.913,Late-life
CS2_36,914,0.2803079179550897,-0.0008741646947456981,0.0011225500690543481,0.0025225511233213293,0.006016279899870684,Late,0.0016983579090335138,Fast,0.914,Late-life
CS2_36,915,0.2783150756127093,-0.0008414097176305763,0.001172571957865445,0.002680732499144356,0.006016880781846797,Late,0.001761071108387466,Fast,0.915,Late-life
CS2_36,916,0.2620295477520299,-0.0008903737617324043,0.0016333354458073956,0.004687403446252609,0.006601055358668654,Late,0.002788888603992507,Fast,0.916,Late-life
CS2_36,917,0.2562406796013502,-0.0009650426751157414,0.0017363828148819276,0.004805179023514294,0.0066413692900895655,Late,0.002885110849315018,Fast,0.917,Late-life
CS2_36,918,0.2538035331818749,-0.0010485682958802146,0.0017464381508285744,0.004523051374399948,0.006642213883318123,Late,0.0027858098351400814,Fast,0.918,Late-life
CS2_36,919,0.2520282252524226,-0.0011344113179681246,0.0017165490223742647,0.004495284234466672,0.006639855534814526,Late,0.002814847776217398,Fast,0.919,Late-life
CS2_36,920,0.2578572875912014,-0.0011829799680560806,0.0015181042905821089,0.003537869096930855,0.006773485463247158,Late,0.002360424532493468,Fast,0.92,Late-life
CS2_36,921,0.2563707885681845,-0.0012245771112612516,0.0016830213721088737,0.0034195899124150253,0.0067059673366072665,Late,0.0023220835118381387,Fast,0.921,Late-life
CS2_36,922,0.2546970181248282,-0.0012359571930733943,0.0015255428238013227,0.003374008212554442,0.0066447702828945545,Late,0.002304982702813918,Fast,0.922,Late-life
CS2_36,923,0.2517127838207387,-0.0012842051958933598,0.0014773632940502076,0.0014738234187558882,0.006628044367456955,Late,0.001379014307324624,Fast,0.923,Late-life
CS2_36,924,0.248476102728382,-0.001359497256841902,0.001197111766941451,0.0011092252675668887,0.0063494025441562345,Late,0.0012343612622043954,Fast,0.924,Late-life
CS2_36,925,0.2482689157426792,-0.0014901156921344736,0.0017029604002341645,0.0007906596341708102,0.005551471195073795,Late,0.0011403876631526418,Fast,0.925,Late-life
CS2_36,926,0.2457148732560909,-0.001527972769698344,0.0018627010946773714,0.0009019074280473827,0.005500548674582871,Late,0.0012149400988728633,Fast,0.926,Late-life
CS2_36,927,0.188741042282689,-0.0018547531980741237,0.00347190581223586,0.009873749329787487,0.011309779188894059,Late,0.005864251263930805,Fast,0.927,Late-life
CS2_36,928,0.1945539929663172,-0.002149327503841884,0.0026503165559012445,0.00883097080026676,0.011016171902366418,Late,0.005490149152054322,Fast,0.928,Late-life
CS2_36,929,0.1896232502837909,-0.002553483774572536,0.00275033425395601,0.009296252548719615,0.01102255102675044,Late,0.005924868161646075,Fast,0.929,Late-life
CS2_36,930,0.1872521140710882,-0.002950257441596475,0.002781042302822326,0.00920866710709293,0.011020044674660882,Late,0.006079462274344702,Fast,0.93,Late-life
CS2_36,931,0.1862886517541207,-0.003328966133672517,0.003030467614307177,0.008883921567751613,0.010883348946393508,Late,0.006106443850712065,Fast,0.931,Late-life
CS2_36,932,0.1828419386656882,-0.003654362641207396,0.0033762527228834473,0.009346711010998713,0.01071405848756228,Late,0.006500536826103054,Fast,0.932,Late-life
CS2_36,933,0.1783889811119109,-0.0039253718011887425,0.0035968613835012098,0.009617984592025714,0.010661737707046025,Late,0.0067716781966072285,Fast,0.933,Late-life
CS2_36,934,0.1747854887105826,-0.0041624256129255055,0.0037389039798607217,0.0019936505103009144,0.010630495809417988,Late,0.00307803806161321,Fast,0.934,Late-life
CS2_36,935,0.1727894124767172,-0.004363788743914127,0.003756095969228707,0.003109225784228572,0.010627123079997143,Late,0.0037365072640713494,Fast,0.935,Late-life
CS2_36,936,0.1709478448500946,-0.004541245626332426,0.0038603897541787777,0.0026679150619566155,0.010590723018193008,Late,0.0036045803441445206,Fast,0.936,Late-life
CS2_36,937,0.1689895344155925,-0.004678054731587734,0.004025488107370548,0.002608939950785098,0.010517276492863086,Late,0.003643497341186416,Fast,0.937,Late-life
CS2_36,938,0.1681052128461974,-0.004756191148435158,0.004189050418456181,0.0025976341297033307,0.01042433114692868,Late,0.0036769126390692446,Fast,0.938,Late-life
CS2_36,939,0.1669702901701455,-0.0047693884275830396,0.004197093965695945,0.0022673783565061007,0.010421793066252977,Late,0.0035183833920445703,Fast,0.939,Late-life
CS2_36,940,0.1658270306002819,-0.004746418913265524,0.004161752944371493,0.0017945643588041435,0.010430508959188402,Late,0.0032704916360348337,Fast,0.94,Late-life
CS2_36,941,0.1653189566681807,-0.004691764167551872,0.0040179992289603094,0.0013523617203431307,0.010449768674671244,Late,0.003022062943947501,Fast,0.941,Late-life
CS2_36,942,0.1646120040419882,-0.004623674156372994,0.0038984802826027842,0.0011682012049612858,0.010466286979304747,Late,0.0028959376806671397,Fast,0.942,Late-life
CS2_36,943,0.129244431829948,-0.004737303756615196,0.0049758317117335905,0.005957630431449514,0.01188401881113803,Late,0.005347467094032355,Fast,0.943,Late-life
CS2_36,944,0.1586979678277554,-0.004638231530083022,0.003997561401353613,0.001470223798262445,0.01338628221467739,Late,0.003054227664172734,Fast,0.944,Late-life
CS2_36,945,0.1596998057208163,-0.004492999547461104,0.0038905842656217224,0.001200772446483014,0.013413404885994192,Late,0.002846885996972059,Fast,0.945,Late-life
CS2_36,946,0.1595837803047197,-0.00431736591824532,0.0038300417841286966,0.0010552156950608285,0.01342648522140184,Late,0.0026862908066530742,Fast,0.946,Late-life
CS2_36,947,0.1605658322505157,-0.004103952214190489,0.0032730230806940065,0.0007515997642523119,0.013249545790658682,Late,0.0024277759892214006,Fast,0.947,Late-life
CS2_36,948,0.1623908588127178,-0.00393550700523276,0.003027413573826852,0.00041829969363755507,0.0132719057895269,Late,0.0021769033494351575,Fast,0.948,Late-life
CS2_36,949,0.1644163134088951,-0.003754042400859393,0.0028834587023541863,2.7955804727586298e-05,0.01330268788234997,Late,0.0018909991027934896,Fast,0.949,Late-life
CS2_36,950,0.1679811461102609,-0.0035334039119030787,0.002711196101360054,-0.005533816325758988,0.01335200072927111,Late,-0.0010002062069279546,Slow,0.95,Late-life
CS2_36,951,0.1666311031001598,-0.0032997140521333194,0.00294278014487231,-0.001133305038914916,0.013260884663175977,Late,0.0010832045066092016,Medium,0.951,Late-life
CS2_36,952,0.167223857802039,-0.002996095912077179,0.0028757074440692106,-0.001074864583031814,0.013273748091986445,Late,0.0009606156645226824,Medium,0.952,Late-life
CS2_36,953,0.1649858401537967,-0.0026809613048796774,0.002893908966807468,-0.0007717228355824271,0.013272431801606796,Late,0.0009546192346486252,Medium,0.953,Late-life
CS2_36,954,0.1659829241950488,-0.0023367861776167798,0.0027654793427641907,-0.0007738702777904394,0.01329077841531868,Late,0.0007814579499131702,Medium,0.954,Late-life
CS2_36,955,0.1635593859730369,-0.0019919111289934967,0.0027392489275917774,-0.00016693245147415627,0.013290619862794444,Late,0.0009124893387596702,Medium,0.955,Late-life
CS2_36,956,0.1630068668473578,-0.0016374377983409657,0.002750388674042626,0.0002013495087910425,0.013288571396449051,Late,0.0009193936535660041,Medium,0.956,Late-life
CS2_36,957,0.1580178983608564,-0.0012812336615754814,0.002828934674039823,0.0014233211070577884,0.013294566969016021,Late,0.0013522773843166348,Fast,0.957,Late-life
CS2_36,958,0.1575483297776509,-0.0009100621482288201,0.001006216532420584,0.0012975390460726996,0.008704923502926447,Late,0.0011038005971507599,Medium,0.958,Late-life
CS2_36,959,0.1555539698250099,-0.0008625028954571676,0.001258065262622816,0.001667126853861298,0.008613516355864752,Late,0.0012648148746592328,Fast,0.959,Late-life
CS2_36,960,0.1219956792081155,-0.0009582914234129089,0.0021815345508282387,0.006141451563668741,0.010374904429398422,Late,0.003549871493540825,Fast,0.96,Late-life
CS2_36,961,0.1527320770398634,-0.0008826667453977534,0.0011135495816524121,0.001892978165026482,0.011940624261182566,Late,0.0013878224552121177,Fast,0.961,Late-life
CS2_36,962,0.1517053811964406,-0.000813693958819075,0.0011155893728283912,0.0016934292537994738,0.011940603168466665,Late,0.0012535616063092743,Fast,0.962,Late-life
CS2_36,963,0.1517600904575063,-0.0007372073899122415,0.0010026402647800618,0.001606682341407357,0.011934376257109336,Late,0.0011719448656597993,Fast,0.963,Late-life
CS2_36,964,0.151508516080252,-0.00067034017859704,0.0008671117752148029,0.0009299117543720545,0.0119177320309477,Late,0.0008001259664845472,Medium,0.964,Late-life
CS2_36,965,0.1504175836251597,-0.0006251187994320679,0.0007860614543684811,0.0010186780217844582,0.011907041020365902,Late,0.000821898410608263,Medium,0.965,Late-life
CS2_36,966,0.1499004570236825,-0.0005943775117106629,0.0007383534017107971,0.0008076446859039173,0.0119049939216026,Late,0.0007010110988072901,Medium,0.966,Late-life
CS2_36,967,0.1492079901946865,-0.000570521657281531,0.0007012856340454223,-0.003887472998081571,0.011903233226805737,Late,-0.00165847567040002,Slow,0.967,Late-life
CS2_36,968,0.1484040921290566,-0.0005537277029896817,0.0006640465253721263,0.0006182835586866894,0.011900975122829862,Late,0.0005860056308381856,Medium,0.968,Late-life
CS2_36,969,0.1477395089102701,-0.0005442905703031994,0.0006569581914815255,0.0005665531837386408,0.01190090499057485,Late,0.00055542187702092,Medium,0.969,Late-life
CS2_36,970,0.1473076941677163,-0.0005348660508495873,0.0006342772904009419,0.0006360566128271421,0.011900633708957513,Late,0.0005854613318383647,Medium,0.97,Late-life
CS2_36,971,0.1462045673522476,-0.0005309500252068826,0.0006329826854204611,0.0007577069611434871,0.01190057867669126,Late,0.0006443284931751848,Medium,0.971,Late-life
CS2_36,972,0.1466498574630731,-0.0005238067500652929,0.0006022290066163739,0.000538246594583799,0.011902143974621367,Late,0.000531026672324546,Medium,0.972,Late-life
CS2_36,973,0.1494104996076004,-0.0004970212804597327,0.0004903711107867035,6.999391658315693e-05,0.011917411622309219,Late,0.0002835075985214448,Medium,0.973,Late-life
CS2_36,974,0.1514880529198931,-0.0004568759079696668,-0.0007175361641917773,-0.00032572324645808407,0.010009471902350912,Late,6.557633075579138e-05,Slow,0.974,Late-life
CS2_36,975,0.1499107836469513,-0.0006347982276009937,0.000283457554219487,-0.00021524164541352912,0.008473748948609952,Late,0.0002097782910937323,Slow,0.975,Late-life
CS2_36,976,0.1546871415356272,-0.0006150114052157186,0.0001616988446835189,-0.000992518946479587,0.008519825515755645,Late,-0.0001887537706319342,Slow,0.976,Late-life
