battery,cycle,current_soh,soh_slope,mean_degradation_rate,recent_degradation_rate,volatility,state_soh_level,dynamics_score,state_degradation_dynamics,normalized_cycle_position,state_cycle_position
CS2_35,1,1.0349637049019844,,,,,Early,,,0.001,Early-life
CS2_35,2,1.0259632145587891,,,,,Early,,,0.002,Early-life
CS2_35,3,1.0257562570565315,,,,,Early,,,0.003,Early-life
CS2_35,4,1.0253856278343665,,,,,Early,,,0.004,Early-life
CS2_35,5,1.0201641143216644,,,,,Early,,,0.005,Early-life
CS2_35,6,1.0183604858591355,,,,,Early,,,0.006,Early-life
CS2_35,7,1.0127740999641135,,,,,Early,,,0.007,Early-life
CS2_35,8,1.0016972922941698,,,0.004752344658259229,,Early,,,0.008,Early-life
CS2_35,9,0.99717274474689,,,0.004112924258842735,,Early,,,0.009,Early-life
CS2_35,10,0.9940537910072468,,,0.00452892372132639,,Early,,,0.01,Early-life
CS2_35,11,0.9899768829873268,,,0.005058392121005673,,Early,,,0.011,Early-life
CS2_35,12,0.9955697023189588,,,0.003513487428957946,,Early,,,0.012,Early-life
CS2_35,13,0.9969360216716808,,,0.0030606377410649565,,Early,,,0.013,Early-life
CS2_35,14,0.9967579786787568,,,0.002288017326479525,,Early,,,0.014,Early-life
CS2_35,15,0.996367812820722,,,0.0007613542104925518,,Early,,,0.015,Early-life
CS2_35,16,0.9958547922693354,,,0.00018827892536494545,,Early,,,0.016,Early-life
CS2_35,17,0.9954283975715502,,,-0.00019637236632906254,,Early,,,0.017,Early-life
CS2_35,18,0.9949666778841196,,,-0.0007128278423989791,,Early,,,0.018,Early-life
CS2_35,19,0.9942939991682048,,,0.00018224330725056883,,Early,,,0.019,Early-life
CS2_35,20,0.9934025716232012,,,0.000504778578354229,,Early,,,0.02,Early-life
CS2_35,21,0.9927526453157428,,,0.0005721904804305725,,Early,,,0.021,Early-life
CS2_35,22,0.9920368258238323,,,0.0006187124281270868,,Early,,,0.022,Early-life
CS2_35,23,0.9914221514504006,,,0.0006332344027049709,,Early,,,0.023,Early-life
CS2_35,24,0.9908716733062596,,,0.0006509606093272335,,Early,,,0.024,Early-life
CS2_35,25,0.990287348683232,,,0.000668475600126807,,Early,,,0.025,Early-life
CS2_35,26,0.989542210381044,,,0.0006788269695944102,,Early,,,0.026,Early-life
CS2_35,27,0.9888335646277404,,,0.0006527152850658302,,Early,,,0.027,Early-life
CS2_35,28,0.9790203299237276,,,0.001961759341716464,,Early,,,0.028,Early-life
CS2_35,29,0.9721761527036676,,,0.002837239017166387,,Early,,,0.029,Early-life
CS2_35,30,0.9688267335824462,,,0.0032279168382791973,,Early,,,0.03,Early-life
CS2_35,31,0.9663546661500824,,,0.0035024295937396027,,Early,,,0.031,Early-life
CS2_35,32,0.9636107195015984,-0.00168306033154027,0.0023017092064640658,0.003810947025947658,0.003437285525323349,Early,0.002747003678743964,,0.032,Early-life
CS2_35,33,0.9729077939943536,-0.0015857763334439752,0.0017114651794979216,0.0023763451980986267,0.0038004650579849,Early,0.001981060765771301,,0.033,Early-life
CS2_35,34,0.9750764172046448,-0.0015078612942903327,0.0016348335436092494,0.0019653067747279485,0.003855366552544813,Early,0.0017365840345091406,,0.034,Early-life
CS2_35,35,0.9677634049531876,-0.0014540957021054247,0.0018587813832638357,0.001608132138648569,0.003979130168034522,Early,0.0015311139203769968,,0.035,Early-life
CS2_35,36,0.9606995132207692,-0.0014214491905344792,0.0019182129387385562,0.0016395199261283505,0.004044255258157437,Early,0.0015304845583314149,,0.036,Early-life
CS2_35,37,0.958486976335112,-0.0014092437273776274,0.0019314035330330157,0.001477108178190594,0.00404453590676133,Early,0.0014431759527841108,,0.037,Early-life
CS2_35,38,0.9572531483873092,-0.0013923487718586424,0.0017909984379614276,0.0013002168232533037,0.0039885866976943326,Early,0.001346282797555973,,0.038,Early-life
CS2_35,39,0.9550708400857258,-0.001399241869298092,0.0015040791034981926,0.0012199827736960758,0.003599257246656005,Early,0.0013096123214970839,,0.039,Early-life
CS2_35,40,0.9644085914396072,-0.0013989241605390484,0.0010569081712026702,0.001214171793535192,0.004045008540376085,Early,0.0013065479770371202,,0.04,Early-life
CS2_35,41,0.9665696601737812,-0.0014000249885453386,0.0008865848655956636,0.0012152510044090808,0.004066394206612932,Early,0.0013076379964772097,,0.041,Early-life
CS2_35,42,0.9617808018450348,-0.0014359817389220755,0.0009095510045900644,0.0008546575868789708,0.004086971498594444,Early,0.0011453196629005232,,0.042,Early-life
CS2_35,43,0.9530008745180202,-0.0015346528832633492,0.0013731879935786654,0.0010998055289641437,0.0041396390639466315,Early,0.0013172292061137464,Medium,0.043,Early-life
CS2_35,44,0.952054647550656,-0.0015913185256078684,0.0014477862619685412,0.000918904112065141,0.004109352060276694,Early,0.0012551113188365047,Slow,0.044,Early-life
CS2_35,45,0.9512451391346972,-0.0016283683528347714,0.0014681561143245034,0.0008582870360874319,0.004104410304542327,Early,0.0012433276944611017,Slow,0.045,Early-life
CS2_35,46,0.9497249438913452,-0.001658383668741384,0.0015046086751411853,0.0007636994563400913,0.0040995323759928145,Early,0.0012110415625407377,Slow,0.046,Early-life
CS2_35,47,0.9555342176112124,-0.0016405107732155137,0.001300663698649129,0.001267767689770692,0.004302732463519409,Early,0.0014541392314931028,Medium,0.047,Early-life
CS2_35,48,0.9592543449643124,-0.001589635410649811,0.0011669049228141234,0.001045045029924117,0.004394293884742907,Early,0.0013173402202869642,Medium,0.048,Early-life
CS2_35,49,0.9603978299117762,-0.0015214253884516852,0.0011151241281401093,0.00019756741903693381,0.004412301208853638,Early,0.0008594964037443095,Slow,0.049,Early-life
CS2_35,50,0.9487476870208604,-0.0015093609021743903,0.0014692358757207868,0.0006075982138799642,0.004799151564237722,Early,0.0010584795580271772,Slow,0.05,Early-life
CS2_35,51,0.94780112539434,-0.0014898007828913688,0.0014710143944793935,0.0006076460223308608,0.004798940507870788,Early,0.0010487234026111147,Slow,0.051,Early-life
CS2_35,52,0.9467208405543074,-0.0014647275022224354,0.0014848969277882396,0.0006463283686271185,0.004797108189364023,Early,0.0010555279354247768,Slow,0.052,Early-life
CS2_35,53,0.944928699761918,-0.0014366557740777774,0.0015196169697391738,0.0006851777327753217,0.004795250977731874,Early,0.0010609167534265495,Slow,0.053,Early-life
CS2_35,54,0.9892505874577072,-0.0011435539201185738,7.005045137720514e-05,-0.004816624263784978,0.009531210226154165,Early,-0.001836535171833202,Slow,0.054,Early-life
CS2_35,55,0.9858521886386492,-0.0008724575905328806,0.00016191886024549595,-0.0037996919534766882,0.009549702455054212,Early,-0.0014636171814719039,Slow,0.055,Early-life
CS2_35,56,0.9892979286000584,-0.0005830709226644547,3.191677687656767e-05,-0.004128585526897448,0.009571167410779447,Early,-0.0017727573021164968,Slow,0.056,Early-life
CS2_35,57,0.9889548778142836,-0.0002985907426088113,1.8946211830979252e-05,-0.005743884399060452,0.009570441077052537,Early,-0.00272264682822582,Slow,0.057,Early-life
CS2_35,58,0.9802453067118284,-6.761520449054372e-05,0.0002770405779326452,-0.0046348830453554835,0.009696711734837141,Early,-0.00228363392043247,Slow,0.058,Early-life
CS2_35,59,0.8743368226987949,-0.00043927062438635134,0.0033768873298365386,0.010340573979358931,0.02128377226228512,Early,0.005389922301872642,Fast,0.059,Early-life
CS2_35,60,0.9752792687723746,-0.00025477271457053843,-0.00010010051834538535,-0.004335795572922375,0.02833472386463074,Early,-0.0020405114291759184,Slow,0.06,Early-life
CS2_35,61,0.972787350310368,-0.00012445830883859376,-0.0001277618299329615,0.0023518910210484595,0.02833166247128471,Early,0.0012381746649435265,Medium,0.061,Early-life
CS2_35,62,0.9649991822464185,-5.8877487453439963e-05,4.3725287214964904e-05,0.002979000913175822,0.028363993690783428,Early,0.0015189392003146312,Fast,0.062,Early-life
CS2_35,63,0.9669075843383996,3.99756821605516e-06,-0.00010635047860649193,0.003198620608808394,0.02836153824215036,Early,0.0015973115202961693,Fast,0.063,Early-life
CS2_35,64,0.96474558212844,3.7789386296603294e-05,0.0002632971569649546,0.003458470812263375,0.028312391715310338,Early,0.001710340712983386,Fast,0.064,Early-life
CS2_35,65,0.9573819383868712,8.555861951986427e-05,0.0005707896392830171,0.003266195474993881,0.028336851932749388,Early,0.0015903184277370084,Fast,0.065,Early-life
CS2_35,66,0.9553118373716109,0.0001403738838431135,0.00040166347037344285,-0.011567859238973712,0.028310904247371774,Early,-0.005854116561408413,Slow,0.066,Early-life
CS2_35,67,0.9534553617253038,0.00014765414272874957,0.00023368230630533621,0.0031177010067244032,0.028285494176551174,Early,0.0014850234319978269,Fast,0.067,Early-life
CS2_35,68,0.952132435746284,0.00010993750900742109,0.0002049851802847744,0.0029507020805834244,0.028283870834456958,Early,0.0014203822857880018,Medium,0.068,Early-life
CS2_35,69,0.9480039621269948,3.852178355666483e-05,0.000298360847106918,0.002427888588489096,0.028292157591829983,Early,0.0011946834024662155,Medium,0.069,Early-life
CS2_35,70,0.9500156858783044,-2.5083615202477886e-05,0.00016306949056198126,0.0024131283514421714,0.028292876166144173,Early,0.0012191059833223247,Medium,0.07,Early-life
CS2_35,71,0.9493128364254908,-0.00010322889335523124,0.00048695983916504574,0.002204677957564167,0.02823790535466883,Early,0.001153953425459699,Slow,0.071,Early-life
CS2_35,72,0.94424695360814,-0.00015156855665082484,0.00072008730856907,0.001876426396961601,0.028245146275637793,Early,0.001013997476806213,Slow,0.072,Early-life
CS2_35,73,0.9421150511653922,-0.00019155969205683662,0.0006343790541820195,0.0018852551723169528,0.02823641811873026,Early,0.0010384074321868947,Slow,0.073,Early-life
CS2_35,74,0.941236990323892,-0.00025654037895082193,0.0003794801352944586,0.001745481628773114,0.028196072121365195,Early,0.001001011003861968,Slow,0.074,Early-life
CS2_35,75,0.9403083605036952,-0.00037237104809834413,0.00037891248538583555,0.0016891536060841261,0.028196060508288847,Early,0.0010307623270912351,Slow,0.075,Early-life
CS2_35,76,0.9363249567594324,-0.0005119051589552709,0.00048129620565370395,0.0016684293382231985,0.02820343763608792,Early,0.0010901672485892347,Medium,0.076,Early-life
CS2_35,77,0.9397620801260425,-0.000631040364346526,0.00032138270210654044,0.0014648008217517106,0.028211403600510953,Early,0.0010479205930491182,Slow,0.077,Early-life
CS2_35,78,0.939397702222787,-0.0007572312955468596,0.0005205327544653361,0.0014164477432434066,0.028188464668315844,Early,0.001086839519395133,Medium,0.078,Early-life
CS2_35,79,0.9382357985545104,-0.0008511015701532899,0.0006780176261226433,0.0008587364362327987,0.0281776184959973,Early,0.0008549190031930443,Slow,0.079,Early-life
CS2_35,80,0.9367952969201164,-0.000924314680152056,0.0007613720319890264,0.0007599648921822506,0.02817587244833782,Early,0.0008421397861671533,Slow,0.08,Early-life
CS2_35,81,0.9357861932360187,-0.000988112305336355,0.00041811270273682847,0.0007786852982676022,0.028103521161901065,Early,0.0008833988018019786,Slow,0.081,Early-life
CS2_35,82,0.935691699677302,-0.0011138895387261191,0.0003906266360334836,0.0006595229751990164,0.028103403768943606,Early,0.0008867062569625678,Slow,0.082,Early-life
CS2_35,83,0.9347006117181584,-0.0012462372057158607,0.0003877493172951274,0.0002320492916105651,0.028103335371875083,Early,0.0007391432486632129,Slow,0.083,Early-life
CS2_35,84,0.932904561415258,-0.0013905214437757143,0.00038787543053741744,0.0009796455301120627,0.028103341892902024,Early,0.0011850834869438884,Medium,0.084,Early-life
CS2_35,85,0.931735047425642,-0.0015472255904772363,0.0018553400010343636,0.0010946649710207154,0.026850714320895,Early,0.0013209452807489757,Fast,0.085,Early-life
CS2_35,86,0.930884705190558,-0.0014358489106857308,0.0017731446273577811,0.0010501561948503507,0.026849733293399205,Early,0.0012430025527680408,Medium,0.086,Early-life
CS2_35,87,0.9296185413017612,-0.0013308260573325105,0.0019251415257515207,0.0010252508026221685,0.026832535857392564,Early,0.0011780384299773395,Medium,0.087,Early-life
CS2_35,88,0.9289095838616132,-0.0011883766950431314,0.0019369449662151755,0.000982372767772228,0.026831897180911925,Early,0.0010853747314076797,Medium,0.088,Early-life
CS2_35,89,0.9281055366195996,-0.0010304341969319156,0.001681928067491252,0.001083737579671776,0.026802935249772817,Early,0.0010570858883018459,Medium,0.089,Early-life
CS2_35,90,0.9283037739218452,-0.0009017387310094962,-0.0017408693942919447,0.0009138339709018974,0.01855541105379385,Early,0.0009077863509556968,Slow,0.09,Early-life
CS2_35,91,0.9266902332990734,-0.0014037464663620137,0.0015673882410742316,0.0008877611594549441,0.00231023812714113,Early,0.0011457538129084788,Medium,0.091,Early-life
CS2_35,92,0.9256727352342992,-0.00132018758528866,0.0015198262927764144,0.0008660445987632556,0.002305742851322673,Early,0.001093116092025958,Medium,0.092,Early-life
CS2_35,93,0.925115178612498,-0.0012366845138644747,0.0012865807623845297,0.000824218082579994,0.0019953349714716376,Early,0.0010304512982222344,Slow,0.093,Early-life
CS2_35,94,0.9164027315873242,-0.0012323147013286642,0.0016291887984217876,0.0018879728163481474,0.0023147183810519763,Early,0.0015601437588384057,Fast,0.094,Early-life
CS2_35,95,0.9131757308576868,-0.0012169234174338552,0.0016635435893791353,0.002247693286275197,0.0023307377983655987,Early,0.001732308351854526,Fast,0.095,Early-life
CS2_35,96,0.9122020340905832,-0.001200444700574855,0.001457416267622195,0.0022719289327166286,0.002078763773488946,Early,0.0017361868166457417,Fast,0.096,Early-life
CS2_35,97,0.9106574832010688,-0.0012180191774422123,0.0014404630377594222,0.0025208986743966272,0.0020757413522992834,Early,0.0018694589259194198,Fast,0.097,Early-life
CS2_35,98,,,,,,,,,0.098,Early-life
CS2_35,99,0.9272971989409337,,,,,Early,,,0.099,Early-life
CS2_35,100,0.9261966598309974,,,,,Early,,,0.1,Early-life
CS2_35,101,0.9239556112748434,,,,,Early,,,0.101,Early-life
CS2_35,102,0.9317566112181176,,,,,Early,,,0.102,Early-life
CS2_35,103,0.932024447030827,,,,,Early,,,0.103,Early-life
CS2_35,104,0.9228206324460322,,,,,Early,,,0.104,Early-life
CS2_35,105,0.8250793830561557,,,,,Early,,,0.105,Early-life
CS2_35,106,0.9494815451105364,,,-0.003169192309943249,,Early,,,0.106,Early-life
CS2_35,107,0.9488868269546524,,,-0.0032414524462364308,,Early,,,0.107,Early-life
CS2_35,108,0.955445694251828,,,-0.004498583282426376,,Early,,,0.108,Early-life
CS2_35,109,0.95639992664125,,,-0.0035204736318760516,,Early,,,0.109,Early-life
CS2_35,110,0.9436151026805444,,,-0.0016558079499596281,,Early,,,0.11,Early-life
CS2_35,111,0.9431274281570632,,,-0.0029009708158615716,,Early,,,0.111,Early-life
CS2_35,112,0.9438984624254166,,,-0.016974154195608708,,Early,,,0.112,Early-life
CS2_35,113,0.941638584863036,,,0.0011204228925000598,,Early,,,0.113,Early-life
CS2_35,114,0.9399638957543808,,,0.0012747044571816651,,Early,,,0.114,Early-life
CS2_35,115,0.9481207697833276,,,0.0010464177812143452,,Early,,,0.115,Early-life
CS2_35,116,0.9485471752404884,,,0.001121821628680226,,Early,,,0.116,Early-life
CS2_35,117,0.938793798307532,,,0.0006887577675732036,,Early,,,0.117,Early-life
CS2_35,118,0.9350029793711636,,,0.0011606355408427963,,Early,,,0.118,Early-life
CS2_35,119,0.9326991111474212,,,0.0015999073254279184,,Early,,,0.119,Early-life
CS2_35,120,0.9313772586614486,,,0.0014659037430839103,,Early,,,0.12,Early-life
CS2_35,121,0.9279989248032678,,,0.0017092815644447043,,Early,,,0.121,Early-life
CS2_35,122,0.937723412452278,,,0.0014853367615785182,,Early,,,0.122,Early-life
CS2_35,123,0.9385814394034012,,,0.0014236765481553076,,Early,,,0.123,Early-life
CS2_35,124,0.928863909477232,,,0.0014185555471857134,,Early,,,0.124,Early-life
CS2_35,125,0.9225988391830404,,,0.0017720200268747416,,Early,,,0.125,Early-life
CS2_35,126,0.923466651683472,,,0.001318922780564177,,Early,,,0.126,Early-life
CS2_35,127,0.8118616324141343,,,0.017073660892473468,,Early,,,0.127,Early-life
CS2_35,128,0.9194552795373052,,,0.0012205207522803757,,Early,,,0.128,Early-life
CS2_35,129,0.924582083349208,,,0.0018773327290099967,,Early,,,0.129,Early-life
CS2_35,130,0.9288749750322656,-0.0004550847033648476,-5.089600294619088e-05,0.0013866377673050925,0.04078346282303622,Early,0.0009208612353349701,Slow,0.13,Early-life
CS2_35,131,0.9291551049156316,-0.00045795433011189306,-9.54337124075537e-05,-4.159934834280232e-05,0.04078291735872492,Early,0.00020817749088454537,Slow,0.131,Early-life
CS2_35,132,0.9289882675976554,-0.0004691094332948726,-0.00016234375234877495,-0.0009127754878021406,0.04078065771081632,Early,-0.000221833027253634,Slow,0.132,Early-life
CS2_35,133,0.9287029322373253,-0.0004964638059163788,9.850577357394646e-05,-0.0007480400791218969,0.04075602341219321,Early,-0.00012578813660275905,Slow,0.133,Early-life
CS2_35,134,0.9283778049609056,-0.000480222245503815,0.00011763361515875418,-0.01664516750668161,0.04075598489396002,Early,-0.008082472630588897,Slow,0.134,Early-life
CS2_35,135,0.9285951327561291,-0.0004598873280557051,-0.00018627420355151497,-0.0013056933169748478,0.040721083603789295,Early,-0.00042290299445957134,Slow,0.135,Early-life
CS2_35,136,0.928405858300888,-0.0004950389870118027,-0.003333112104668783,-0.0005462535645257084,0.03644610651523904,Early,-2.5607288756952838e-05,Slow,0.136,Early-life
CS2_35,137,0.9279884760446256,-0.0011257864178740133,0.0006933248085777662,0.00012664271251998965,0.028695721943130036,Early,0.0006262145651970014,Slow,0.137,Early-life
CS2_35,138,0.9273589534311164,-0.0010454015245428925,0.0006944475330172911,0.0002565930692164534,0.02869571863739454,Early,0.0006509972968796729,Slow,0.138,Early-life
CS2_35,139,0.9268787221490916,-0.0009632328492337861,0.000921515229120529,0.00030136363550911253,0.028664243117034992,Early,0.0006322982423714493,Slow,0.139,Early-life
CS2_35,140,0.9264737494881556,-0.0008356270995242216,0.000965360553325623,0.0003184546784528016,0.02866231776885511,Early,0.0005770408889885116,Slow,0.14,Early-life
CS2_35,141,0.9262735854026776,-0.0006927668645271744,0.000559403783156994,0.0003006027940325768,0.02857833140627366,Early,0.0004966848292798756,Slow,0.141,Early-life
CS2_35,142,0.9261735823643392,-0.0006167590126706428,0.0005468982513781924,0.00034593577025570407,0.028578448660324322,Early,0.0004813473914631734,Slow,0.142,Early-life
CS2_35,143,0.9261462025658316,-0.0005374628529688426,0.0005726535438575827,0.0003228079621509109,0.028577581087764283,Early,0.0004301354075598768,Slow,0.143,Early-life
CS2_35,144,0.926774480237937,-0.0004437086306069589,0.000479487245970936,0.00017342797238409764,0.028576605033370773,Early,0.00030856830149552825,Slow,0.144,Early-life
CS2_35,145,0.9273180361084856,-0.0003542575173353642,0.00040793095631919845,5.8453318043978034e-06,0.02857628972729175,Early,0.000180051424569881,Slow,0.145,Early-life
CS2_35,146,0.8278502113372677,-0.0008348441993321626,0.003879695433743869,0.014146930115974852,0.03359761356075708,Early,0.007490887157653507,Fast,0.146,Early-life
CS2_35,147,0.9097594332913804,-0.0007596042514962845,0.0012512174822292886,0.0023877594566821736,0.03696440141742112,Early,0.001573681854089229,Fast,0.147,Early-life
CS2_35,148,0.91101912112387,-0.0006605658476711718,0.0008959573285052258,0.0021792091826868015,0.03693287360944613,Early,0.0014198875151789866,Fast,0.148,Early-life
CS2_35,149,0.9083734824085612,-0.0006217950631145292,0.0008590160310516908,0.002542871422254004,0.036930454211631866,Early,0.0015823332426842666,Fast,0.149,Early-life
CS2_35,150,0.9075032809323084,-0.0005997458032767504,0.0008127687166165434,0.0026632745190747448,0.03692948220249946,Early,0.0016315101611757475,Fast,0.15,Early-life
CS2_35,151,0.9048107370600694,-0.0005968492403864093,0.0008569845677864251,0.003137677596838219,0.03693093258792096,Early,0.0018672634186123142,Fast,0.151,Early-life
CS2_35,152,0.9154319601676584,-0.0005313768834211137,0.00040538595598740216,0.0016980108486896065,0.03698462893469403,Early,0.0011146938660553602,Medium,0.152,Early-life
CS2_35,153,0.9162905842347674,-0.0004756144007688773,0.0006913815554035671,-0.012634338985357105,0.0369379349301979,Early,-0.006079362292294114,Slow,0.153,Early-life
CS2_35,154,0.9030540260757194,-0.0004319502556122768,0.001146045591215543,0.0009579153165230059,0.03700491120359263,Early,0.0006949327860676413,Slow,0.154,Early-life
CS2_35,155,0.9008428164984524,-0.000382951402749484,0.0009039062251219202,0.0014537578036310744,0.0369714981440817,Early,0.0009183546031902792,Medium,0.155,Early-life
CS2_35,156,0.9060288871058416,-0.00034942781618519124,0.0005345145831354452,0.00033494218610279666,0.03697335348258251,Early,0.0003421850011439939,Slow,0.156,Early-life
CS2_35,157,0.8051657315162482,-0.0009185133018795131,0.0038161587150717362,0.01461964991658003,0.04112618423134848,Early,0.007769081609229772,Fast,0.157,Early-life
CS2_35,158,0.9153014179538044,-0.0008135316491185366,-0.003336767275473227,-0.0014986686991049927,0.041037129764809076,Early,-0.00034256852499322805,Slow,0.158,Early-life
CS2_35,159,0.915653997653279,-0.0013785839402258237,0.00012262199625890887,-3.1719640802951865e-05,0.03618922508233181,Early,0.0006734321497114359,Slow,0.159,Early-life
CS2_35,160,0.9023145816208266,-0.0014067073956328749,0.000718306507367143,0.0019965718019915473,0.036251863167718695,Early,0.0017016395988122112,Fast,0.16,Early-life
CS2_35,161,0.903799313919774,-0.0013891027310081977,0.0008088922939513419,-0.00010646969200779819,0.03624243111201828,Early,0.0006413165195001998,Slow,0.161,Early-life
CS2_35,162,0.9042929904952234,-0.0013351096979380213,0.0008020036909809097,-0.0004928819995387064,0.036242665295937324,Early,0.00042111384919965746,Slow,0.162,Early-life
CS2_35,163,0.9035789409005888,-0.0012744684394661743,0.0008196556999053754,0.00034999231503612157,0.03624247888542112,Early,0.000812230377251148,Slow,0.163,Early-life
CS2_35,164,0.9049651279655592,-0.0011975847881147436,0.0007657356216698737,-0.01425705663561586,0.03624454367591716,Early,-0.006529735923750558,Slow,0.164,Early-life
CS2_35,165,0.912179780858276,-0.0010726284732648823,0.0005225169065364389,0.00044594815650405336,0.03627288566672794,Early,0.0007592883148844678,Slow,0.165,Early-life
CS2_35,166,0.9139468609358964,-0.000933541552652107,0.0004725248974268633,0.00024387667391180732,0.03627500721189105,Early,0.0005887091132819571,Slow,0.166,Early-life
CS2_35,167,0.9027900910012364,-0.0008512409521789945,0.0008263150741823076,-6.79299114871222e-05,0.036325600300486365,Early,0.00039165552034593613,Slow,0.167,Early-life
CS2_35,168,0.9015861050696392,-0.0007674666598790308,0.0008516893862898849,0.00031617269287639464,0.036325579860212676,Early,0.0005418196763777128,Slow,0.168,Early-life
CS2_35,169,0.7928476706114392,-0.0012942175831579393,0.004339073639344425,0.015920759983397734,0.04116993873073532,Middle,0.008607488783277837,Fast,0.169,Early-life
CS2_35,170,0.8998296358012179,-0.0011673856095336887,0.0008725511725120558,0.0005356150141958402,0.04577258224309499,Early,0.0008515003118647644,Medium,0.17,Early-life
CS2_35,171,0.9015729904559838,-0.0010234614443312058,0.0008032502913603812,0.00048459107279647765,0.045774940017686366,Early,0.0007540262585638417,Slow,0.171,Early-life
CS2_35,172,0.9085723450588596,-0.0008329413556931738,0.0005710077530263847,0.000515347971345194,0.04579636044649269,Early,0.0006741446635191839,Slow,0.172,Early-life
CS2_35,173,0.9121026845355344,-0.0006170110915025774,0.0004538999299614443,0.00026345377148027726,0.045802246293713884,Early,0.00044023243149142737,Slow,0.173,Early-life
CS2_35,174,0.9127944304500022,-0.0003925606981298791,0.00043070232631707697,-0.0014291913498236822,0.045802651622471914,Early,-0.0005183153258469015,Slow,0.174,Early-life
CS2_35,175,0.8995098837906438,-0.00023885190592323012,0.0008795031112030057,0.0002966030398564896,0.04586005620672051,Early,0.00026772747288985986,Slow,0.175,Early-life
CS2_35,176,0.9022701190228974,-5.589584595090285e-05,0.0008079973253415541,-0.01563177834449403,0.045864076992584095,Early,-0.007787941249271563,Slow,0.176,Early-life
CS2_35,177,0.9061778094123888,0.00016153317374143907,-0.0025266967121006815,-0.0009068819444529863,0.04205122162173184,Early,-0.0005342075590972127,Slow,0.177,Early-life
CS2_35,178,0.811147429395847,-0.0007548537054978093,0.003181032383726883,0.012917937294305253,0.0429165981053437,Early,0.006836395499901531,Fast,0.178,Early-life
CS2_35,179,0.9130309415315192,-0.0005908155912300178,-6.489743250481436e-05,-0.0006369423532370799,0.04688541082098241,Early,-2.3063381003531058e-05,Slow,0.179,Early-life
CS2_35,180,0.9134942388029252,-0.0004177252596958309,-0.00016518569014077565,-0.00019879346677011332,0.04688274464449177,Early,0.00010946589646285879,Slow,0.18,Early-life
CS2_35,181,0.913802857359746,-0.00025979056190465316,-0.0002032121428205682,-0.0001440609871062553,0.046882354918838194,Early,5.786478739919893e-05,Slow,0.181,Early-life
CS2_35,182,0.914129844858587,-0.00010725153606264033,-0.0003006163805973395,-0.0020885658668490237,0.046879274697306524,Early,-0.0009906571653931916,Slow,0.182,Early-life
CS2_35,183,0.914471012087303,2.8511299979842346e-05,3.099832517275503e-05,-0.001742984723486504,0.046840178475257115,Early,-0.0008857480117331731,Slow,0.183,Early-life
CS2_35,184,0.9147497460013424,0.00022655796370398898,4.9704459142741626e-05,-0.0012245623698505157,0.04683992714425534,Early,-0.0007255601667772524,Slow,0.184,Early-life
CS2_35,185,0.9158314823764128,0.00043619422606715007,-0.00041217600969978643,-0.014954864711509388,0.0467761110517041,Early,-0.007695529468788269,Slow,0.185,Early-life
CS2_35,186,0.9161231871862248,0.0005675963670176046,-0.0004929151834765266,-0.0004417493792436516,0.04677359199084211,Early,-0.0005046728731306281,Slow,0.186,Early-life
CS2_35,187,0.91630237914736,0.0006818516444278038,-0.00033140296908123855,-0.0004011629063478247,0.046765489866689436,Early,-0.0005415072753878142,Slow,0.187,Early-life
CS2_35,188,0.9163742221941492,0.0008222154884062637,-0.0035873706670290664,-0.0003673378334861762,0.04283356116740653,Early,-0.0005947766609462199,Slow,0.188,Early-life
CS2_35,189,0.9168136516855117,0.00035122440379219426,-4.878173328087999e-05,-0.000383400975274958,0.03799588348214615,Early,-0.00036731268953357613,Slow,0.189,Early-life
CS2_35,190,0.9169600324413224,0.0005062816358076885,-4.213015445301175e-05,-0.0003555743362884905,0.0379958465749794,Early,-0.00043092798604808954,Slow,0.19,Early-life
CS2_35,191,0.9170207095571472,0.0006632081661549575,-0.00047439122375227886,-0.0003244233651149723,0.03791467303280078,Early,-0.0004938157656349649,Slow,0.191,Early-life
CS2_35,192,0.9171026045932508,0.0007394170632985262,-0.00042913840882183215,-0.00018158888811971506,0.037914264121989665,Early,-0.0004605029757091206,Slow,0.192,Early-life
CS2_35,193,0.9172148451010416,0.000819823096743758,-0.00041683401954252205,-0.0001559511306881145,0.0379143043732075,Early,-0.00048788711371593624,Slow,0.193,Early-life
CS2_35,194,0.9171789856698352,0.0008980936137410344,-0.00043871112158859607,-0.00012522950321074738,0.03791382574554335,Early,-0.0005116615584758909,Slow,0.194,Early-life
CS2_35,195,0.9171956483024376,0.000967416351163245,-0.0003945329140928528,-0.00011734658689834175,0.03791348282209202,Early,-0.0005423814690307934,Slow,0.195,Early-life
CS2_35,196,0.9171554353001776,0.0010399033399179879,-0.00016050498199682653,-4.882623066656703e-05,0.03789236621328801,Early,-0.0005443647852922775,Slow,0.196,Early-life
CS2_35,197,0.9079951901312776,0.0010995119068535582,0.0001919893807941542,0.001280691758577828,0.03792773215671514,Early,9.058992586213487e-05,Slow,0.197,Early-life
CS2_35,198,0.9052787606441368,0.0011559081405622285,-8.027966590001286e-05,0.0016774212732871988,0.03787665698833271,Early,0.00026075656636248513,Slow,0.198,Early-life
CS2_35,199,0.9046426584678874,0.0011443871501646006,-9.859849671768304e-05,0.0017799923036233409,0.03787615247980661,Early,0.00031780257672937016,Slow,0.199,Early-life
CS2_35,200,0.901608971663602,0.001107668036304922,-0.0035084290661987986,0.0022294104910627966,0.03206345998645719,Early,0.0005608712273789373,Medium,0.2,Early-life
CS2_35,201,0.8995291231096689,0.00040143107503313763,9.693957791901927e-06,0.002521408937166617,0.02567925705049777,Early,0.0010599889310667398,Medium,0.201,Early-life
CS2_35,202,0.9079166148054504,0.00035081255013150913,-0.00020463304353117933,0.0013255762138553173,0.025722067574659436,Early,0.00048738183186190407,Medium,0.202,Early-life
CS2_35,203,0.9105986375092616,0.00032301283927258103,-6.536427259361221e-05,0.0009366853987022861,0.02569572646596636,Early,0.0003068362797148525,Slow,0.203,Early-life
CS2_35,204,0.9096070751103982,0.00032860553556604436,8.050352984310546e-05,-0.00023026928273151004,0.02568823479036492,Early,-0.0002794374091487772,Slow,0.204,Early-life
CS2_35,205,0.8991276899280429,0.0002956298304618331,0.0004408625974825569,0.0008787243880134124,0.02575530815927701,Early,0.00029154727877578964,Slow,0.205,Early-life
CS2_35,206,0.938534843730679,0.0004954985850852857,-0.001258869675485006,-0.004841740751827369,0.026604147144339278,Early,-0.0026686196684563273,Slow,0.206,Early-life
CS2_35,207,0.94106739924396,0.0006199711437027777,-0.0012515251684213724,-0.005636918225765429,0.02660375027648841,Early,-0.0031284446847341034,Slow,0.207,Early-life
CS2_35,208,0.943603643001332,0.000760315456029266,-0.0012072849544820402,-0.006296359984523302,0.026600326112218672,Early,-0.003528337720276284,Slow,0.208,Early-life
CS2_35,209,0.9442808245917036,0.0009129910301222186,-0.004294625651479244,-0.0051948871123218875,0.01972344753403396,Early,-0.003053939071222053,Slow,0.209,Early-life
CS2_35,210,0.9443565171744872,0.000477348770483825,-0.0010105024400957421,-0.004822554237889369,0.00781086996126375,Early,-0.002649951504186597,Slow,0.21,Early-life
CS2_35,211,0.9440384823763605,0.0006073001043531518,-0.0009852981797882328,-0.004918772466566039,0.00781395455014725,Early,-0.0027630362854595956,Slow,0.211,Early-life
CS2_35,212,0.9439706391388992,0.0007283017659177308,-0.0009731542509404273,-0.0064061356015509,0.007815333669908898,Early,-0.0035672186837343153,Slow,0.212,Early-life
CS2_35,213,0.944120824035932,0.0008408516942548888,-0.0009674509412046792,-0.0007979971864647194,0.00781588542624635,Early,-0.0008194244403598041,Slow,0.213,Early-life
CS2_35,214,0.9437428860433784,0.0009421183704549892,-0.0009442539985830789,-0.0003822123999169179,0.007818872699944872,Early,-0.0006621653851859536,Slow,0.214,Early-life
CS2_35,215,0.9431450555636318,0.0010311965736539595,-0.0009159777278157877,6.551249110003139e-05,0.007822943671281989,Early,-0.00048284204127696403,Slow,0.215,Early-life
CS2_35,216,0.9425179301765026,0.0011078864420306592,-0.0008608531548416092,0.00025184205931442057,0.007827756003565832,Early,-0.00042802219135811936,Slow,0.216,Early-life
CS2_35,217,0.9413596390468548,0.001174358917996792,-0.000814079092278389,0.00042812544680462646,0.007835598494782162,Early,-0.0003731167355960828,Slow,0.217,Early-life
CS2_35,218,0.9410216138685242,0.001231317311274997,-0.0007973946684246522,0.00043098121540517475,0.007837545845169604,Early,-0.00040016804793491115,Slow,0.218,Early-life
CS2_35,219,0.9405268030468472,0.001277421112522577,-0.0007791155113773549,0.0004919765845788586,0.007839954842922669,Early,-0.00039272226397185915,Slow,0.219,Early-life
CS2_35,220,0.9400130206985337,0.0013121603096549084,-0.0007483667423555483,0.0005868290481997647,0.007843200125724004,Early,-0.00036266563072757187,Slow,0.22,Early-life
CS2_35,221,0.939845638291034,0.0013399410613278834,-0.0007382453499906953,0.000556749678906351,0.007844205249783838,Early,-0.0003915956912107662,Slow,0.221,Early-life
CS2_35,222,0.8363456425939506,0.0007720962127664805,0.0026024215149418255,0.015257058995668744,0.020302000533380816,Early,0.007242481391451132,Fast,0.222,Early-life
CS2_35,223,0.9388226696922948,0.0008164249280917124,-0.0007006472612594841,0.0005278943548868391,0.027725682180785652,Early,-0.00014426528660243664,Slow,0.223,Early-life
CS2_35,224,0.9307143349562964,0.0008071869716987086,-0.0004354674146856401,0.0015207577272226308,0.02777077335505599,Early,0.0003567853777619611,Medium,0.224,Early-life
CS2_35,225,0.9225393896721746,0.0007471896993642009,-0.00017291625813998038,0.0026403177423356566,0.027813818935666288,Early,0.0009465640214857279,Medium,0.225,Early-life
CS2_35,226,0.9237605853199908,0.0006919623344179331,-0.0002117721618565558,0.002395173960979483,0.027814434732614,Early,0.000851605813280775,Medium,0.226,Early-life
CS2_35,227,0.9217997178060018,0.0006232818489881514,-0.00014981556470400516,0.0026019004132188384,0.02781715373306286,Early,0.0009893092821153435,Medium,0.227,Early-life
CS2_35,228,0.9188070201033648,0.0005356664667725319,-0.0003487687087770059,0.003005516883952738,0.027770363315399133,Early,0.001234925208590103,Fast,0.228,Early-life
CS2_35,229,0.9259856389098592,0.00043282856307987636,-0.0006679638150233024,-0.012805713759415511,0.02779081702137333,Early,-0.0066192711612476935,Slow,0.229,Early-life
CS2_35,230,0.9283223487619452,0.00032024266356278647,-0.0007638609772276713,0.0015000458471927974,0.02779129621689313,Early,0.0005899015918150055,Medium,0.23,Early-life
CS2_35,231,0.925116788534042,0.00017714889837178166,-0.0007583166732400004,0.0007996494888934867,0.027792096205627306,Early,0.00031125029526085255,Medium,0.231,Early-life
CS2_35,232,0.91476697402899,-5.060472281818218e-05,-0.0004915435780426149,0.0011103450918835214,0.027859856147683628,Early,0.0005804749073508518,Medium,0.232,Early-life
CS2_35,233,0.7979742404957755,-0.0009593564647083381,0.0035465282035379003,0.017969477832030765,0.03486780581128853,Middle,0.009464417148369552,Fast,0.233,Early-life
CS2_35,234,0.9136730198320496,-0.0011227711188761568,-9.91736233157421e-05,0.0011609568534217368,0.04092331836925848,Early,0.0011418639861489467,Fast,0.234,Early-life
CS2_35,235,0.91243922761882,-0.0012790841637033436,-9.135975833618828e-05,0.0009096846406492538,0.04092355670053248,Early,0.0010943844021762987,Fast,0.235,Early-life
CS2_35,236,0.9097722181467688,-0.0014572227277781717,-0.00034337187802341475,0.002316202966155772,0.04088032286626348,Early,0.0018867128469669718,Fast,0.236,Early-life
CS2_35,237,0.9187392289110232,-0.0016478562814788546,0.0006385682199888951,0.0013690171215602817,0.040271793943092125,Early,0.0015084367015195683,Fast,0.237,Early-life
CS2_35,238,0.9197842398358216,-0.001601391533091981,0.0006865535292947874,0.0007617926711743454,0.04026877560201536,Early,0.0011815921021331632,Fast,0.238,Early-life
CS2_35,239,0.9110104661082956,-0.0015825865071803912,0.001051392803001175,0.0005366439886706249,0.04028983288795614,Early,0.0010596152479255081,Medium,0.239,Early-life
CS2_35,240,0.9064168023278862,-0.0015635237222747,0.0012214200730263662,-0.015491794547444395,0.04029341656357682,Early,-0.006964135412584848,Slow,0.24,Early-life
CS2_35,241,0.9049093389220596,-0.0015352986741269871,0.0012724896210460517,0.0012519544157128606,0.04029272102148783,Early,0.0013936265449199239,Fast,0.241,Early-life
CS2_35,242,0.9039350233390954,-0.0014977193291502114,0.001293659968944035,0.0012148863256749496,0.040292375229696115,Early,0.0013563028274125805,Fast,0.242,Early-life
CS2_35,243,0.9016809169588604,-0.0014600537412215887,0.0013641845864528642,0.001155900169701193,0.04029207146772044,Early,0.0013079769554613908,Fast,0.243,Early-life
CS2_35,244,0.9107187245227844,-0.0013559203493192834,0.0010774870810692791,0.0011457863411769814,0.040334803318107855,Early,0.0012508533452481323,Fast,0.244,Early-life
CS2_35,245,0.912740337310596,-0.0012272030264682114,0.0010000822171865294,0.0010062717893179393,0.040338492814135506,Early,0.0011167374078930752,Fast,0.245,Early-life
CS2_35,246,0.9077939788407264,-0.0011173728174128828,0.001140357313642109,0.0004594981810813113,0.04034460780785987,Early,0.0007884354992470971,Medium,0.246,Early-life
CS2_35,247,0.8981963610901611,-0.0010525126856474817,0.001429728035043276,0.0011743487482464485,0.04037296431373428,Early,0.0011134307169469652,Fast,0.247,Early-life
CS2_35,248,0.8988907783655716,-0.0009710233041186168,0.0013699632477833289,0.0008597943652125675,0.04037475077855981,Early,0.0009154088346655922,Medium,0.248,Early-life
CS2_35,249,0.8981352443467988,-0.0008848401649355152,0.0013834312748943684,0.0008285398560423651,0.040374464709352444,Early,0.0008566900104889402,Medium,0.249,Early-life
CS2_35,250,0.8971364663674434,-0.0007905316882973036,0.001399688279980769,0.0006492072273452942,0.04037419643611235,Early,0.0007198694578212989,Medium,0.25,Early-life
CS2_35,251,0.9028080978902412,-0.0006509039090392861,0.0012001588002674988,0.0011300895189347373,0.04039399984233446,Early,0.0008904967139870117,Medium,0.251,Early-life
CS2_35,252,0.9062525441896372,-0.000480986461874362,0.0010836481968192506,0.0009268275887084025,0.0404022860784666,Early,0.0007039070252913822,Medium,0.252,Early-life
CS2_35,253,0.9068237585215077,-0.0002964603310843879,-0.002273487610566356,0.0001386029027455406,0.035653233027770674,Early,0.00021753161691496424,Slow,0.253,Early-life
CS2_35,254,0.8935163623998543,-0.0008014476493845698,0.0014614937836271112,0.0006685712414723964,0.030498170822477046,Early,0.0007350094454284832,Medium,0.254,Early-life
CS2_35,255,0.8921654205554186,-0.0007152470539281446,0.0012435133677702523,0.0009607654014504348,0.03047321854420273,Early,0.0008380062276892897,Medium,0.255,Early-life
CS2_35,256,0.9026142384551452,-0.0006016174249531613,0.0006427468134525621,-0.000639856301192343,0.030515563669109198,Early,-1.911943811959085e-05,Slow,0.256,Early-life
CS2_35,257,0.9084171251218154,-0.0004941614606971758,0.0004949503289734017,-0.001611522679196001,0.03053598070743175,Early,-0.0005586806092494126,Slow,0.257,Early-life
CS2_35,258,0.90900821638605,-0.00037078397615711485,0.0004126290780629606,-0.0008857312136869736,0.03053533692060685,Early,-0.00025747361876492936,Slow,0.258,Early-life
CS2_35,259,0.9088975251298604,-0.0002544877451059999,0.0003196611281775597,-0.00037785442003189306,0.030531606849164884,Early,-6.168333746294657e-05,Slow,0.259,Early-life
CS2_35,260,0.9088071874346164,-0.00015207624781354829,0.0005541435959755734,-0.0002833469875869664,0.030499996966206686,Early,-6.563536988670905e-05,Slow,0.26,Early-life
CS2_35,261,0.9089239789232728,-1.9164693443839625e-06,0.0006257538657636251,-0.0022010880747740697,0.03049558907964408,Early,-0.0010995858027148429,Slow,0.261,Early-life
CS2_35,262,0.9088671060276756,0.00016830776757942287,0.00052418330665698,-0.0023859550674652902,0.03049195358899049,Early,-0.0012771314175223565,Slow,0.262,Early-life
CS2_35,263,0.9088109113608214,0.00032595593472229144,0.00019213105381189082,-0.0008852389865251656,0.030437386536657736,Early,-0.0006055974606237285,Slow,0.263,Early-life
CS2_35,264,0.9084338431154813,0.0004248392118494417,-0.0035632129877324445,-2.388284809410176e-06,0.02141665069027781,Early,-0.00021361374832942594,Slow,0.264,Early-life
CS2_35,265,0.9080667004953452,-0.00018244968220986605,0.00018084901086143267,0.00013450227010068452,0.005055334643880842,Early,0.00015847597615527528,Slow,0.265,Early-life
CS2_35,266,0.9077583929137748,-0.0001320557934485624,0.00015099466790468425,0.0001627331737265195,0.005051640583061092,Early,0.00014739448358754096,Slow,0.266,Early-life
CS2_35,267,0.9074538177714055,-8.868677979971083e-05,7.478710888268512e-05,0.00019333852331583832,0.005030193497029485,Early,0.00014101265155777457,Slow,0.267,Early-life
CS2_35,268,0.9072483622121376,-6.078873668240223e-05,0.00037067311931889224,0.00023937381587646467,0.004742131586553538,Early,0.00015008127627943346,Slow,0.268,Early-life
CS2_35,269,0.9071420447844244,2.1666349475691535e-05,0.00040781274359345766,0.00024643732046446064,0.004735178005250174,Early,0.00011238548549438455,Slow,0.269,Early-life
CS2_35,270,0.9071420008404584,0.00011469298374751852,0.00012478920218829807,0.00023841578862328548,0.004473444319450595,Early,6.186140243788347e-05,Slow,0.27,Early-life
CS2_35,271,0.9069368554162014,0.000158121091045462,-1.6775906074682363e-05,0.00021385538561140876,0.0043960796111501286,Early,2.7867147282973384e-05,Slow,0.271,Early-life
CS2_35,272,0.9068004268829034,0.0001744830385373946,-6.100283744657442e-05,0.00018089623034882912,0.004387121333639247,Early,3.206595905717264e-06,Slow,0.272,Early-life
CS2_35,273,0.9064357892322502,0.00017951483414652624,-8.0669867521124e-05,0.00018894338307494176,0.004383690617586266,Early,4.714274464207759e-06,Slow,0.273,Early-life
CS2_35,274,0.8927150748790779,0.00010013543844214202,0.0002892207122510507,0.0021055346989039547,0.005024234399157767,Early,0.0010026996302309064,Medium,0.274,Early-life
CS2_35,275,0.890272948013895,-2.640501699256403e-06,0.0006595411777061079,0.0024250591711775077,0.004728206963560959,Early,0.001213849836438382,Fast,0.275,Early-life
CS2_35,276,0.8897813733136898,-4.936351445922272e-05,0.0007406117418356846,0.002480095924390659,0.004702177202570903,Early,0.0012647297194249409,Fast,0.276,Early-life
CS2_35,277,0.8877292492704634,-8.784384410411608e-05,0.0006472493409762279,0.0027732502242850004,0.004644264059507296,Early,0.0014305470341945583,Fast,0.277,Early-life
CS2_35,278,0.8865008708614396,-0.00015405279986797606,0.0003772738783458554,0.002919426364965973,0.004339910854292585,Early,0.0015367395824169745,Fast,0.278,Early-life
CS2_35,279,0.8980588455417597,-0.00020483616082250032,2.6836542703609267e-05,0.0012487973344490952,0.004839212838233522,Early,0.0007268167476357978,Medium,0.279,Early-life
CS2_35,280,0.8995270198155192,-0.00024302710908053317,-4.4895982861947736e-05,0.000986967059533003,0.004844529464352865,Early,0.0006149970843067681,Medium,0.28,Early-life
CS2_35,281,0.8915909156927816,-0.00033111254658423094,0.00017888873144070261,0.00016059416947089566,0.005050209935328234,Early,0.0002458533580275633,Medium,0.281,Early-life
CS2_35,282,0.8854618691437045,-0.0004576641605967353,0.0005595557660173124,0.0006872969814557857,0.00503925349434666,Early,0.0005724805710262605,Medium,0.282,Early-life
CS2_35,283,0.8854048426011085,-0.000545956021698836,0.0006725065028557634,0.0006252186732258945,0.004985469829252425,Early,0.0005855873474623652,Medium,0.283,Early-life
CS2_35,284,0.8853172087443345,-0.000607532965480827,0.0006937596702313918,0.0003445772180184096,0.004981393762252221,Early,0.0004760550917496183,Medium,0.284,Early-life
CS2_35,285,0.8846484415375209,-0.0006617805543450996,0.0002860619633010792,0.0002646327605598163,0.0043976227460808285,Early,0.00046320665745245795,Medium,0.285,Early-life
CS2_35,286,0.8919825746351473,-0.0007467164335356599,5.898255492622279e-06,0.0008680387009446352,0.00459953887294658,Early,0.0008073775672401476,Medium,0.286,Early-life
CS2_35,287,0.8940941153545913,-0.0008272637025785254,0.00027484268066303046,0.0007761292087039891,0.004193697370340566,Early,0.0008016964556412572,Medium,0.287,Early-life
CS2_35,288,0.8959449028628053,-0.0008348036377050889,0.00040232975029064915,-0.000621998167146238,0.004060741299975831,Early,0.00010640273527942547,Slow,0.288,Early-life
CS2_35,289,0.8823683885222521,-0.0008819399829072515,0.0008593492859289654,0.0004419258030646324,0.004693207783352041,Early,0.000661932892985942,Medium,0.289,Early-life
CS2_35,290,0.8808623868675495,-0.0009245093498060399,0.0009043592987842247,0.0006489222476512925,0.004692479253845309,Early,0.0007867157987286662,Medium,0.29,Early-life
CS2_35,291,0.8806138789714943,-0.0009588428107654968,0.0009094615633265183,0.0006719042532628798,0.00469165055994257,Early,0.0008153735320141883,Medium,0.291,Early-life
CS2_35,292,0.8815748988593696,-0.000977894423319936,0.0008822283891581691,0.0004390775254501854,0.004700248446666887,Early,0.0007084859743850607,Medium,0.292,Early-life
CS2_35,293,0.8816396512108261,-0.0009858892141787563,0.0008783049940919199,0.001477560489188742,0.004701011052459121,Early,0.0012317248516837491,Fast,0.293,Early-life
CS2_35,294,0.8909411282874076,-0.0009313771063491291,0.000576444615271413,0.00045042672388338555,0.005043519058287197,Early,0.0006909019151162574,Medium,0.294,Early-life
CS2_35,295,0.8920226173544485,-0.000864488955163046,0.000529394379388152,0.0005603265011938165,0.0050522368063781,Early,0.0007124077281784313,Medium,0.295,Early-life
CS2_35,296,0.8834273098262392,-0.0008425643665609473,0.0007948190538421301,-0.00015127447199815767,0.005255478328152808,Early,0.0003456449472813948,Medium,0.296,Early-life
CS2_35,297,0.8789912499664674,-0.0008388986664373637,0.0009279723531389491,0.0002673052715831562,0.005294883980756355,Early,0.0005531019690102599,Medium,0.297,Early-life
CS2_35,298,0.879237099809112,-0.0008250426994538402,0.0009102167084610814,0.0001966827374831892,0.0052979661267464105,Early,0.0005108627184685147,Medium,0.298,Early-life
CS2_35,299,0.8783030709764587,-0.0008078808833686186,0.0009337190721186744,0.000467403983272988,0.005296351284769529,Early,0.0006376424333208033,Medium,0.299,Early-life
CS2_35,300,0.8764960548859787,-0.00079154312129195,0.0009885803193046996,0.0007347994749781998,0.005296303301051221,Early,0.000763171298135075,Medium,0.3,Early-life
CS2_35,301,0.8849973764753568,-0.000716272604668294,0.0007143427214548891,0.0008491074017215368,0.005562596814769544,Early,0.0007826900031949154,Medium,0.301,Early-life
CS2_35,302,0.8883705775172759,-0.0006137188917897228,0.0005989121902879197,0.0005217199767389515,0.005610437242043504,Early,0.0005677194342643371,Medium,0.302,Early-life
CS2_35,303,0.8867578378917977,-0.0005146882508950359,0.0006465351287453442,-0.00047578972365122256,0.0056126459300117875,Early,1.9449263621906663e-05,Slow,0.303,Early-life
CS2_35,304,0.8747267664062521,-0.00047744414273527937,0.0010228717040644542,0.000609211937173607,0.0059726920959365225,Early,0.0005433280399544432,Medium,0.304,Early-life
CS2_35,305,0.875218788331218,-0.0004278527181980132,0.0005643963402535432,0.0005740444968419998,0.00549161491583846,Early,0.0005009486075200065,Medium,0.305,Early-life
CS2_35,306,0.8794268205023,-0.0004258970294652231,0.00034987508101919264,-0.00016053564654876823,0.0055454444757138946,Early,0.00013268069145822746,Slow,0.306,Early-life
CS2_35,307,0.87832005963261,-0.00044012962239624217,0.00036971979616386554,-0.0002605721066616067,0.005547068962126133,Early,8.977875786731772e-05,Slow,0.307,Early-life
CS2_35,308,0.8869205744591936,-0.0004040873305618912,2.6086284234509122e-05,-0.00027474256911953966,0.0057650476827977425,Early,6.467238072117577e-05,Slow,0.308,Early-life
CS2_35,309,0.8881504152590879,-0.00037242066756198696,-5.321110960155826e-05,3.1451751169713536e-05,0.005764865305331721,Early,0.00020193620936585026,Slow,0.309,Early-life
CS2_35,310,0.8883381898865632,-0.00034727119774817695,0.0003135695372644042,-0.00022576457068078173,0.005355677090248418,Early,6.0753313533697614e-05,Slow,0.31,Early-life
CS2_35,311,0.8884137838959996,-0.00025245861563729977,0.00035849148127482664,-0.001955288212821062,0.005346065820444188,Early,-0.0008514147985918811,Slow,0.311,Early-life
CS2_35,312,0.8884958345731048,-0.00014476417038200386,9.984132644118785e-05,-0.0018967208916981068,0.005157882510502548,Early,-0.0008759783606580515,Slow,0.312,Early-life
CS2_35,313,0.8902010199704367,-7.133811190244474e-05,-0.00015287583312039203,-0.0015391713525909464,0.005043277772693978,Early,-0.0007339166203442508,Slow,0.313,Early-life
CS2_35,314,0.8905746256325693,-3.2350647475026746e-05,-0.00016676719456325037,-0.001750652285708476,0.005043273412374657,Early,-0.0008591508191167247,Slow,0.314,Early-life
CS2_35,315,0.8908843496580297,6.177516348610951e-06,-0.00017958519076435953,-0.000566253599833723,0.005043110233403282,Early,-0.00028621555809116696,Slow,0.315,Early-life
CS2_35,316,0.8910440097129988,4.307417913056178e-05,-0.00020630865082186864,-0.00041337063627298686,0.0050406592874524744,Early,-0.00022822240770177432,Slow,0.316,Early-life
CS2_35,317,0.8911882235599657,7.464600860860615e-05,2.5624228231663038e-05,-0.00040714766762893283,0.004864078457815895,Early,-0.0002408968381187695,Slow,0.317,Early-life
CS2_35,318,0.8912929844129489,0.0001487754653995746,9.035906263362452e-05,-0.0004113143595641918,0.004848014696784493,Early,-0.0002800449124818832,Slow,0.318,Early-life
CS2_35,319,0.8913348191605505,0.00023616681760139883,0.00014871237749209022,-0.000405569226777956,0.004834739778626837,Early,-0.00032086802218967743,Slow,0.319,Early-life
CS2_35,320,0.8915182709859224,0.0003368062612155442,-0.0002951574988280749,-0.0001881787164979633,0.004143018604951944,Early,-0.00026249248885675376,Slow,0.32,Early-life
CS2_35,321,0.8917125281950836,0.000358056090460119,-0.0003500045589527144,-0.00016255750893061954,0.00412961195594821,Early,-0.00026030679969536925,Slow,0.321,Early-life
CS2_35,322,0.8921491300369297,0.00036925245987081155,-0.0003721048730785614,-0.0001806829112714427,0.004128135123723136,Early,-0.00027496768557112714,Slow,0.322,Early-life
CS2_35,323,0.8918585148792536,0.0003731571656457561,-0.0003317295490285172,-0.00011635788089354409,0.004128304049548083,Early,-0.0002447575232696501,Slow,0.323,Early-life
CS2_35,324,0.8918759781264349,0.0003788517807218576,-0.0003302040940518977,-9.82506523527414e-05,0.00412841472445339,Early,-0.0002385512165372995,Slow,0.324,Early-life
CS2_35,325,0.88084675756367,0.00031849596171039244,0.0003256248620560495,0.0014923181213255532,0.004268229818514073,Early,0.0005869110798075803,Medium,0.325,Early-life
CS2_35,326,0.8762264246051319,0.0002884378349838736,0.0005095546048166662,0.00215834207934551,0.004328007189133272,Early,0.0009349521221808182,Fast,0.326,Early-life
CS2_35,327,0.8765128794081081,0.0002719425098462962,0.00022304614252035846,0.00214362736825919,0.0040606194824879885,Early,0.000935842429206447,Fast,0.327,Early-life
CS2_35,328,0.8762755850104752,0.00020779656174963214,8.760209535458648e-05,0.002205277597801203,0.003984724742022396,Early,0.0009987405180257854,Fast,0.328,Early-life
CS2_35,329,0.8745350880211687,0.00010955201900312156,0.00015167779961107328,0.0025162917165372856,0.003995140935577891,Early,0.001203369848767082,Fast,0.329,Early-life
CS2_35,330,0.8818693826660025,5.6100090385600136e-05,-0.00011504231256592902,0.0014270188876073073,0.00421132170459805,Early,0.0006854593986108536,Medium,0.33,Early-life
CS2_35,331,0.8850908557761303,1.4337705247296479e-05,-0.0002772516416177946,0.0009693031929006565,0.004231614549729632,Early,0.00047748274382668004,Medium,0.331,Early-life
CS2_35,332,0.7735044001773936,-0.000674856355870856,0.0035965476225149414,0.01533462248375377,0.020426987523920352,Middle,0.008004739419812314,Fast,0.332,Early-life
CS2_35,333,0.8759974877748435,-0.0006925305054443472,0.0003991319271752368,3.2705261469764425e-05,0.02793287215375391,Early,0.0003626178834570558,Medium,0.333,Early-life
CS2_35,334,0.8740651576206397,-0.000697482298528828,0.0004094412990696128,0.0003496745410669038,0.02793339397037125,Early,0.0005235784197978659,Medium,0.334,Mid-life
CS2_35,335,0.8749676328507502,-0.0007018169427339392,-7.769885306388894e-06,0.0001868503085321446,0.02785049238198138,Early,0.0004443336256330419,Medium,0.335,Mid-life
CS2_35,336,0.8726691385794312,-0.0007876578683451638,8.224676618667233e-05,0.00026656420596250986,0.02785338455733425,Early,0.0005271110371538368,Medium,0.336,Mid-life
CS2_35,337,0.870367787340824,-0.0008828444518045151,0.00029222687617664673,0.0016430850464540672,0.027844497977887836,Early,0.0012629647491292913,Fast,0.337,Mid-life
CS2_35,338,0.8819605913166645,-0.0008849327971997719,-0.00011743650593724316,0.0004471806370665497,0.027925418513878957,Early,0.0006660567171331607,Medium,0.338,Mid-life
CS2_35,339,0.8843711371200542,-0.0008809477794028732,8.223991416578616e-05,-0.01583810527752294,0.027884840395729693,Early,-0.007478578749060033,Slow,0.339,Mid-life
CS2_35,340,0.8786248347340054,-0.0008598111009873792,0.0003072767911316921,-0.0003753352798802702,0.027902042861451867,Early,0.0002422379105535545,Medium,0.34,Mid-life
CS2_35,341,0.8712889120707439,-0.0008698762878054555,0.0005499767037361075,0.0003966065071279802,0.02793030054825925,Early,0.0006332413974667178,Medium,0.341,Mid-life
CS2_35,342,0.8723009113773242,-0.000866874842001208,0.0005197700812475911,0.00038096021048942115,0.027931505990058995,Early,0.0006239175262453146,Medium,0.342,Mid-life
CS2_35,343,0.8732751654691965,-0.0008520018719707985,0.0004909893259325255,-8.657526996647125e-05,0.027932606423257126,Early,0.00038271330100216364,Medium,0.343,Mid-life
CS2_35,344,0.8724548542471278,-0.0008357441399693579,0.000572456958816416,-0.00029815241518625434,0.02792967034723843,Early,0.0002687958623915518,Medium,0.344,Mid-life
CS2_35,345,0.877075357587025,-0.0007770398019743807,0.00043546025953368527,0.0006978905328056355,0.02794487702745025,Early,0.0007374651673900081,Medium,0.345,Mid-life
CS2_35,346,0.8829922215704754,-0.0006776457471348009,0.0002545847770178787,0.00019698793565411536,0.02796799783794773,Early,0.0004373168413944581,Medium,0.346,Mid-life
CS2_35,347,0.8842542569074008,-0.0005664282325428344,0.00021902428405154887,-0.000804203167627907,0.02796924288612058,Early,-0.00011888746754253629,Slow,0.347,Mid-life
CS2_35,348,0.8741792908109857,-0.000509058771776683,0.0005486752499670992,-0.00041291124860596905,0.02802498606197326,Early,4.8073761585356965e-05,Slow,0.348,Mid-life
CS2_35,349,0.8718579652742035,-0.0004578243177712141,0.0006269361012498535,6.327801473154133e-05,0.028026487921206742,Early,0.0002605511662513777,Medium,0.349,Mid-life
CS2_35,350,0.8722253553453962,-0.00039678291418233463,0.0006164343166178779,0.0001499728748286046,0.028026807861464508,Early,0.00027337789450546964,Medium,0.35,Mid-life
CS2_35,351,0.8714541957624403,-0.00033288046628735435,0.000647228233015551,0.00014295121209820634,0.028026424134464878,Early,0.00023791583919278034,Medium,0.351,Mid-life
CS2_35,352,0.870065939624696,-0.0002684686311556518,0.0006982770506576642,0.0010013454231898589,0.02802628155387867,Early,0.0006349070271727553,Medium,0.352,Mid-life
CS2_35,353,0.8755171527451853,-0.00016404529357529163,0.0005365153965078865,0.001067866975041449,0.02804751375765026,Early,0.0006159561343083704,Medium,0.353,Mid-life
CS2_35,354,0.8687572492097863,-8.94530406570586e-05,0.0007452021183699146,0.002213858242516361,0.028069681673757854,Early,0.0011516556415867099,Fast,0.354,Mid-life
CS2_35,355,0.8677455081858908,-1.3792332879927502e-05,0.0007784022561465848,0.0009191118035849806,0.028069358199994333,Early,0.00046645206823245404,Medium,0.355,Mid-life
CS2_35,356,0.8737927377422117,0.00010517233691876798,0.00022754902649865704,-0.00027639606685831667,0.028029014401017103,Early,-0.00019078420188854234,Slow,0.356,Mid-life
CS2_35,357,0.872807510456448,0.00015845888287921938,0.0001102875531833514,-8.3165015864536e-05,0.028017625831249424,Early,-0.00012081194937187768,Slow,0.357,Mid-life
CS2_35,358,0.8708596249768793,0.00017567927354570498,0.00018236304616867004,8.493868365157451e-05,0.028019445055806856,Early,-4.537029494706523e-05,Slow,0.358,Mid-life
CS2_35,359,0.8788298371842225,0.00024188485229545257,-8.239523141120237e-05,-0.001251985365646635,0.028057659380616086,Early,-0.0007469351089710438,Slow,0.359,Mid-life
CS2_35,360,0.8802586836723276,0.0003139243039295758,-0.00018463211777931856,-0.0006773615610203367,0.02805656991905791,Early,-0.0004956429324749562,Slow,0.36,Mid-life
CS2_35,361,0.8809033760631201,0.00037763950082466346,3.116150331878627e-05,-0.0017351609790476896,0.028025455022413395,Early,-0.0010564002399361765,Slow,0.361,Mid-life
CS2_35,362,0.8812620205497106,0.0004854186871405249,0.0001235108137554757,-0.0019309303376885412,0.028019095758031035,Early,-0.0012081745124145331,Slow,0.362,Mid-life
CS2_35,363,0.8814281111593084,0.0006138489265657155,-0.00348141003167467,-0.001090767631013821,0.01890795999785954,Early,-0.0008523082787897682,Slow,0.363,Mid-life
CS2_35,364,0.8817995286702527,7.08140628594061e-05,-0.00018716260952932723,-0.0012845740305435266,0.004454489305116821,Early,-0.0006776940467014663,Slow,0.364,Mid-life
CS2_35,365,0.8302765131881027,-0.0001847449662091629,0.0014125369171786146,0.0057975873983966576,0.01030435882192813,Early,0.00299116618230291,Fast,0.365,Mid-life
CS2_35,366,0.8832680973850645,-0.00013414304143048356,-0.00026775692046175235,-0.0006340371715488624,0.014203659652927749,Early,-0.0002499470650591894,Slow,0.366,Mid-life
CS2_35,367,0.8874100628043716,-5.7922214330803247e-05,-0.0004755136846754982,-0.001021625590292,0.01421197174138065,Early,-0.0004818516879805983,Slow,0.367,Mid-life
CS2_35,368,0.8900408896818138,1.4783301614146093e-05,-0.0006346162045480595,-0.0013053590883848212,0.014207455668913297,Early,-0.0006600711949994837,Slow,0.368,Mid-life
CS2_35,369,0.8909035296962898,7.210277418849723e-05,-0.00028848188321372074,-0.0013773584495113203,0.014061543223902696,Early,-0.0007247306118499088,Slow,0.369,Mid-life
CS2_35,370,0.8826098212026221,0.00014488890423868802,5.681664249781019e-05,-0.00016881572047338405,0.014138911566178662,Early,-0.00015685231235603602,Slow,0.37,Mid-life
CS2_35,371,0.8825654764208474,0.0002317650019400463,-0.0001271174737690948,-0.00010942110722781237,0.014099463029107326,Early,-0.00017059305458392933,Slow,0.371,Mid-life
CS2_35,372,0.8852153410359551,0.0002996031864682489,-0.0004492396440390721,-0.007848403978264631,0.014037208142240118,Early,-0.00407400358236644,Slow,0.372,Mid-life
CS2_35,373,0.887077255200773,0.00033123405402756483,-0.00047665625236931365,-0.0005441654022440647,0.014039173790906476,Early,-0.0004376997281358147,Slow,0.373,Mid-life
CS2_35,374,0.8869046708455749,0.0003622177763973643,-0.0004396614637541424,7.219885125667577e-05,0.014039329880314769,Early,-0.00014500946257034426,Slow,0.374,Mid-life
CS2_35,375,0.8909255859366412,0.0004165869888548386,-0.0005958300545004326,-0.00012638517926104914,0.014051767745889107,Early,-0.00027148608405794386,Slow,0.375,Mid-life
CS2_35,376,0.8916749939635079,0.00046378254617477564,-0.00047095601214460875,-0.00011020918103115436,0.014031996169886889,Early,-0.000286995863602965,Slow,0.376,Mid-life
CS2_35,377,0.8872584297033692,0.0005067850754008105,-0.0001376196171901226,-0.0006640869286781584,0.014021047189152716,Early,-0.0005854360020394844,Slow,0.377,Mid-life
CS2_35,378,0.8839350697021766,0.0005629595634215992,1.0296361458844178e-05,-0.0001956561830470343,0.014032971584073657,Early,-0.00037930787323431673,Slow,0.378,Mid-life
CS2_35,379,0.8837683395597262,0.0006254743805184734,-0.0003093241531851793,0.00020671449660412757,0.013908377288001443,Early,-0.0002093799419571729,Slow,0.379,Mid-life
CS2_35,380,0.8861399079311285,0.0006407048451643266,-0.0004607078276427439,0.0001339067528063501,0.013904328905611154,Early,-0.0002533990461789883,Slow,0.38,Mid-life
CS2_35,381,0.8860714323569867,0.0006371215781839691,-0.00044664764553517625,0.00011903406979831197,0.0139046467868133,Early,-0.00025904375419282856,Slow,0.381,Mid-life
CS2_35,382,0.8873999432711085,0.0006380985708300133,-0.0005143789518925217,0.00050366323793324,0.013903630800303149,Early,-6.721766644838666e-05,Slow,0.382,Mid-life
CS2_35,383,0.889513467351522,0.0006408574191219079,-0.0006273396040911615,0.0003087895159979822,0.013901882563660949,Early,-0.00016603395156196283,Slow,0.383,Mid-life
CS2_35,384,0.8898255420272249,0.000630372740878447,-0.0004615609445819223,-0.00036673033197937813,0.013873052825778309,Early,-0.0004985515364289126,Slow,0.384,Mid-life
CS2_35,385,0.8823253186308831,0.0006030009480610518,-0.00043767965874506117,0.0002299644387562091,0.013886528990440827,Early,-0.00018651825465242132,Slow,0.385,Mid-life
CS2_35,386,0.8821430535993454,0.0005312113831730335,-0.0004644369488211166,0.00023218370862582955,0.0138844420589433,Early,-0.000149513837273602,Slow,0.386,Mid-life
CS2_35,387,0.881706056029501,0.00044591265640215,-0.0002552683318480439,0.000633407414518212,0.013846324004006236,Early,9.374737905803099e-05,Medium,0.387,Mid-life
CS2_35,388,0.880838909508141,0.0003871454431043639,-0.0002590773887642914,0.0007475032641208111,0.013845987612140705,Early,0.0001801789105082236,Medium,0.388,Mid-life
CS2_35,389,0.8789839054186869,0.0003092964903023549,-0.000262073562638954,0.0012022911217745172,0.013845504162930972,Early,0.0004464973157360812,Medium,0.389,Mid-life
CS2_35,390,0.88492794861393,0.0002511748704003152,-0.00019671327192604868,0.0006550741053702934,0.013812646997487913,Early,0.0002019496174849891,Medium,0.39,Mid-life
CS2_35,391,0.8862648291978688,0.00024369908144958284,-0.00019374662985616545,0.0005086732613365864,0.013812383415765489,Early,0.0001324870899435018,Medium,0.391,Mid-life
CS2_35,392,0.8823666283409148,0.00021999120370020793,-4.7201686380476054e-05,-5.901387147384212e-06,0.013831525600169953,Early,-0.00011294629542379608,Slow,0.392,Mid-life
CS2_35,393,0.8783810768374261,0.00017676478910164486,9.293366813821077e-05,0.0005374252517027658,0.01385025913003331,Early,0.0001803302313005605,Medium,0.393,Mid-life
CS2_35,394,0.8792155460411036,0.0001413734939720809,7.137306832918642e-05,0.00035578714119962766,0.013851195990405716,Early,0.00010720682361377338,Medium,0.394,Mid-life
CS2_35,395,0.8800062688137509,0.00011222969610900182,5.784709214521953e-05,0.00011894867062716459,0.013851847512357202,Early,3.359487259081383e-06,Medium,0.395,Mid-life
CS2_35,396,0.8814831223898684,9.424479183316387e-05,-0.0016518261032827638,-0.0003570309958830707,0.010032097950092326,Early,-0.0002256378938581173,Slow,0.396,Mid-life
CS2_35,397,0.8822264321243105,-0.00023103191900103673,3.3602105185612866e-05,0.00038593092708849586,0.003142629491680698,Early,0.0003084814230447663,Medium,0.397,Mid-life
CS2_35,398,0.8853893242847247,-0.00023686726297304038,6.518511353699687e-05,0.00012507213044914739,0.003103948523085504,Early,0.00018096969671109388,Medium,0.398,Mid-life
CS2_35,399,0.8859707775872943,-0.00021512426064419792,0.00013129393853288947,-0.0005148784637684882,0.003066208690036221,Early,-0.00014987710156214514,Slow,0.399,Mid-life
CS2_35,400,0.8861982512381416,-0.00017564893783036744,0.00015178317606929923,-0.0011167392001022142,0.003061464068771429,Early,-0.00047054513113592336,Slow,0.4,Mid-life
CS2_35,401,0.8863332321175156,-0.00012878050566434045,-0.0001201100295126928,-0.0010168122966302778,0.0026625579787427993,Early,-0.00044401589548296867,Slow,0.401,Mid-life
CS2_35,402,0.886327514337159,-0.0001304327912997153,-0.00012135606181650251,-0.0009030350747725814,0.002662487488717381,Early,-0.00038630114173643306,Slow,0.402,Mid-life
CS2_35,403,0.8872895527176764,-0.00012824995491745968,-6.691005424907364e-05,-0.0008294900468297188,0.002626066035500415,Early,-0.0003506200459561296,Slow,0.403,Mid-life
CS2_35,404,0.8876050288368924,-0.000109978933161169,-1.7024956003853034e-05,-0.0007683709589402708,0.002605438451918892,Early,-0.0003291960128895509,Slow,0.404,Mid-life
CS2_35,405,0.887746077304292,-8.052090731277882e-05,-2.7142143829584156e-05,-0.0003366790027953259,0.0026052865668382517,Early,-0.00012807904774127355,Slow,0.405,Mid-life
CS2_35,406,0.8877434536510717,-5.236681496483041e-05,0.0001026494285667586,-0.00025323943768248584,0.002497692168708353,Early,-0.00010043631135882772,Slow,0.406,Mid-life
CS2_35,407,0.8877369630458207,-2.3702180466169522e-07,0.00012703325540926405,-0.00021981597252559597,0.002492781565503328,Early,-0.00010978947536046714,Slow,0.407,Mid-life
CS2_35,408,0.8874546460635133,5.5990257465597125e-05,-6.3295600046486465e-06,-0.00016020199228539145,0.0023628477164790796,Early,-0.0001080961248754943,Slow,0.408,Mid-life
CS2_35,409,0.8875313708112418,8.7487430869831e-05,-0.00011600971319565064,-0.00017197949629754739,0.0022806189293734626,Early,-0.0001297334635836892,Slow,0.409,Mid-life
CS2_35,410,0.8873889012330303,9.797409855933843e-05,-0.00011679231204206599,-1.4192645050552827e-05,0.002280522833053295,Early,-5.608337180494563e-05,Medium,0.41,Mid-life
CS2_35,411,0.8874215509848165,0.00010637176048320454,-4.1343324312514256e-05,2.6211121725136115e-05,0.0022418008208630945,Early,-4.0080319379034215e-05,Medium,0.411,Mid-life
CS2_35,412,0.8874254515913613,0.00012779659473276922,-4.3678039818535965e-05,4.580367327581111e-05,0.0022417203245241376,Early,-4.099646072847906e-05,Medium,0.412,Mid-life
CS2_35,413,0.8873848284062804,0.00014810520830699803,4.875762847767992e-07,5.123217782732059e-05,0.002229014303319952,Early,-4.843651523983872e-05,Medium,0.413,Mid-life
CS2_35,414,0.887119566146769,0.00017446054805840688,7.722261950816207e-05,8.819955700738775e-05,0.002194490578758208,Early,-4.3130495525509564e-05,Medium,0.414,Mid-life
CS2_35,415,0.8801929061932479,0.00017434605466153084,0.00031073018819280645,0.0010373914100379228,0.0025136070171014203,Early,0.00043152267768819597,Medium,0.415,Mid-life
CS2_35,416,0.8968645425606472,0.00027426094432996266,-0.00046900722354077526,-0.001333310249915057,0.003685154293296973,Early,-0.0008037855971225099,Slow,0.416,Mid-life
CS2_35,417,0.8948969228596136,0.0003150516434048668,-0.0004114151374280072,-0.0010725745180833388,0.00370954192087384,Early,-0.0006938130807441027,Slow,0.417,Mid-life
CS2_35,418,0.8961143733050136,0.0003570489057695883,-0.00046478442824234245,-0.00124183176002817,0.0037088301388271787,Early,-0.0007994403328988791,Slow,0.418,Mid-life
CS2_35,419,0.9019054555731654,0.0004241854626901166,-0.0006795660020975593,-0.002068571997400578,0.00382024420566103,Early,-0.0012463787300453473,Slow,0.419,Mid-life
CS2_35,420,0.9031537877837492,0.00048576550645740437,-0.0007796736246794305,-0.0022527084824955435,0.003792170686904176,Early,-0.0013692369944764738,Slow,0.42,Mid-life
CS2_35,421,0.8960819190516348,0.0004877647543671429,-0.0003598054979904784,-0.001280336129266543,0.003919727002906939,Early,-0.0008840504418168429,Slow,0.421,Mid-life
CS2_35,422,0.8947931828796941,0.0005121259115230435,-0.0002751081832846891,-0.002085753812349465,0.00392627229716595,Early,-0.0012989398619362544,Slow,0.422,Mid-life
CS2_35,423,0.8952899579132391,0.0005437793371500174,-0.00041688159910723314,0.0002249406639154453,0.0038491469256078754,Early,-0.00015941933661728607,Slow,0.423,Mid-life
CS2_35,424,0.8947972484296483,0.0005457471176704226,-0.0005295539223297483,1.4239204280770096e-05,0.003766210977173018,Early,-0.00026575395669482625,Slow,0.424,Mid-life
CS2_35,425,0.8928598912302376,0.0005080443496251605,-0.0004401401673914172,0.00046492601068229674,0.003791548458894625,Early,-2.1559169471431857e-05,Medium,0.425,Mid-life
CS2_35,426,0.8985958425865932,0.0005026719237687908,-0.0005996636700916876,0.0004728018552245964,0.003909002512513519,Early,-1.4935034272097223e-05,Medium,0.426,Mid-life
CS2_35,427,0.8995746394393012,0.0005005392268054814,-0.0005835973241752514,0.0005113069063497225,0.003906299600954135,Early,5.383839772120521e-06,Medium,0.427,Mid-life
CS2_35,428,0.8967140433696291,0.00048391256880858175,-0.0004673422982360842,-9.030347399918703e-05,0.0039547156875891915,Early,-0.0002871080214038844,Slow,0.428,Mid-life
CS2_35,429,0.8899438891072412,0.00042773176805934826,-0.00014692144588762847,0.0006927562532075589,0.0041276542866147195,Early,0.0001325122425741053,Medium,0.429,Mid-life
CS2_35,430,0.8907089941096124,0.00039219957112263755,-0.00015284569426832564,0.000654423400518102,0.0041284304615314205,Early,0.00013111191469773222,Medium,0.43,Mid-life
CS2_35,431,0.8905889831293139,0.0003575523226730656,-0.00014163651261846257,0.0006011807571906225,0.004128692806388069,Early,0.00012181421725877844,Medium,0.431,Mid-life
CS2_35,432,0.8834444585027318,0.0002819941423998121,9.318624563818679e-05,0.0013450618182151114,0.004331134704950914,Early,0.0005315338379076497,Medium,0.432,Mid-life
CS2_35,433,0.8841004213459639,0.00021198889515995054,7.184170939338893e-05,0.002070774462947043,0.004333210070035804,Early,0.0009293927838935463,Fast,0.433,Mid-life
CS2_35,434,0.8909965858591173,0.0001819502965086593,-0.00011958171424003035,0.0012254362257405457,0.004507954293129522,Early,0.0005217429646159432,Medium,0.434,Mid-life
CS2_35,435,0.8919610018038038,0.0001614985779523739,-0.00014051525699714098,0.0006790059379750492,0.004510400362561312,Early,0.0002587536800113376,Medium,0.435,Mid-life
CS2_35,436,0.88186600104107,8.388461418293078e-05,0.00018967987945877279,0.0011539840094530224,0.0048706510076557425,Early,0.0005350496976350458,Medium,0.436,Mid-life
CS2_35,437,0.8764276927771936,-2.1671963436243676e-05,0.000365024544318648,0.002040185904631255,0.004960703003744994,Early,0.0010309289340337492,Fast,0.437,Mid-life
CS2_35,438,0.8753900858094774,-0.00012899093612531236,0.0003982863624626875,0.0021712710456909257,0.004961675632508318,Early,0.001150130990908119,Fast,0.438,Mid-life
CS2_35,439,0.8735619361186084,-0.00024220802001435492,0.00044815193370660903,0.0014117889120176213,0.0049682348605131115,Early,0.0008269984660159882,Fast,0.439,Mid-life
CS2_35,440,0.8718108315435589,-0.00036188599986898963,0.0005071141699252551,0.00175565568605786,0.004972642309098532,Early,0.0010587708429634249,Fast,0.44,Mid-life
CS2_35,441,0.8815541101599548,-0.00042000584504193854,0.0001882190668734031,0.0013489250998803667,0.005302830112098752,Early,0.0008844654724611526,Fast,0.441,Mid-life
CS2_35,442,0.883827701135764,-0.00046387819287769985,0.0001159306402920136,0.0011619000954342493,0.005321183914222752,Early,0.0008128891441559745,Fast,0.442,Mid-life
CS2_35,443,0.8846711409216661,-0.000501455365609662,8.884873128049116e-05,-0.00040073426865657895,0.005323949797010861,Early,5.03605484765415e-05,Medium,0.443,Mid-life
CS2_35,444,0.774552737546382,-0.0011636734775812476,0.003639744866448336,0.014553565032973084,0.020466199002617286,Middle,0.007858619255277165,Fast,0.444,Mid-life
CS2_35,445,0.8848379562027374,-0.0011581411054382425,7.360032077521268e-05,-0.001349695770465715,0.0289477864638559,Early,-9.577733251373629e-05,Slow,0.445,Mid-life
CS2_35,446,0.8854495016637707,-0.0011498048478232276,-0.0001695675958233167,-0.0016982236493088912,0.0289199482384373,Early,-0.0002742094007428318,Slow,0.446,Mid-life
CS2_35,447,0.885924390371561,-0.001180053285875129,0.000352908135131812,-0.0020162226897145912,0.028757732133047754,Early,-0.0004180847019197311,Slow,0.447,Mid-life
CS2_35,448,0.8859440738842232,-0.0011114543594365567,0.000288801579851303,-0.0006271376748954964,0.02875622764725086,Early,0.00024215834227053014,Medium,0.448,Mid-life
CS2_35,449,0.8855262564065343,-0.001053127217196949,0.00034155215801546395,-0.00024265075296717571,0.02875487230808335,Early,0.0004052382321148867,Medium,0.449,Mid-life
CS2_35,450,0.8841558044885288,-0.0009917881269833316,0.0005725693898269856,7.361949044818303e-05,0.028732719696966415,Early,0.0005327038087157573,Medium,0.45,Mid-life
CS2_35,451,0.8836128808719999,-0.0008941234831829219,0.0006303518358628828,-0.015580020475088266,0.028730736809570095,Early,-0.0073429484959526715,Slow,0.451,Mid-life
CS2_35,452,0.8830840141207571,-0.0007852078784105476,0.00041928725583476495,0.0002505631545686171,0.028705860779032602,Early,0.0005178855164895824,Medium,0.452,Mid-life
CS2_35,453,0.8825363465254296,-0.0007148204657732441,0.0003953818178795018,0.0004161650197630167,0.02870542115842757,Early,0.0005654927427681304,Medium,0.453,Mid-life
CS2_35,454,0.8824048166430418,-0.0006480097714232579,0.00041564971839345944,0.0005027962469313125,0.028704992049035552,Early,0.0005754030091772852,Medium,0.454,Mid-life
CS2_35,455,0.8821647128786997,-0.0005750174253346917,0.0004075011468047924,0.0005399087150747947,0.02870500529864354,Early,0.0005574630702047432,Medium,0.455,Mid-life
CS2_35,456,0.8818752276964855,-0.0005018386722699639,0.0003543439849597435,0.0005215755300069633,0.028703603576253452,Early,0.0005117071011384636,Medium,0.456,Mid-life
CS2_35,457,0.8814998076160404,-0.00043777406301168846,0.0005514849990500899,0.00037942812464120124,0.0286813584596779,Early,0.00040860109382644485,Medium,0.457,Mid-life
CS2_35,458,0.8811683757579464,-0.00033673508161500946,0.0005937504413340253,0.0003492150162933535,0.028679993593804017,Early,0.00034297504895418145,Medium,0.458,Mid-life
CS2_35,459,0.8650997743075934,-0.00031468646223523495,0.001019815131033409,0.0025691771161662374,0.028812593274558342,Early,0.0014419317892007363,Fast,0.459,Mid-life
CS2_35,460,0.8632765441106341,-0.00030766168379048564,0.0008602369353744212,0.002751400344970773,0.0287933763161946,Early,0.0015295310143806293,Fast,0.46,Mid-life
CS2_35,461,0.8574041995088195,-0.0003626938655358119,0.001074348212928801,0.0035715167334603288,0.02880556307649087,Early,0.0019671052994980702,Fast,0.461,Mid-life
CS2_35,462,0.8565253959365551,-0.0004061635594631785,0.0010988253933148005,0.003662759563163515,0.028805047491519367,Early,0.002034461561313347,Fast,0.462,Mid-life
CS2_35,463,0.8541528654441776,-0.00045130876865215184,0.0009448900986630394,0.003960337464615422,0.028784405556248515,Early,0.002205823116633787,Fast,0.463,Mid-life
CS2_35,464,0.867430172565074,-0.00045087123527497896,0.0005377499606738662,0.0020099478644237667,0.028896845043797522,Early,0.0012304095498493729,Fast,0.464,Mid-life
CS2_35,465,0.8699343194870643,-0.00042636773776958135,0.0006794279474855805,0.0016048651815545759,0.028869936730439614,Early,0.0010156164596620786,Fast,0.465,Mid-life
CS2_35,466,0.8637279801449472,-0.0003902240069346068,0.0009107426341566629,0.0001959705946637445,0.02888504989921113,Early,0.00029309730079917564,Medium,0.466,Mid-life
CS2_35,467,0.8607993511920998,-0.00035489122916691496,0.0006795693499667813,0.0003538847026477602,0.028837734437430707,Early,0.0003543879659073376,Medium,0.467,Mid-life
CS2_35,468,0.8651775618589073,-0.0003443178343310349,0.0003629074489769776,-0.0011104803357268203,0.02883763446702644,Early,-0.00038308125069789274,Slow,0.468,Mid-life
CS2_35,469,0.87012501195672,-0.00033240945806393084,0.0001698410920244332,-0.0019428022885949867,0.028852997541725947,Early,-0.0008051964152655279,Slow,0.469,Mid-life
CS2_35,470,0.8707327840677437,-0.0003210133128914014,9.126296938273414e-05,-0.0023685598033665878,0.02885164772822502,Early,-0.0010237732452375932,Slow,0.47,Mid-life
CS2_35,471,0.8577137758533586,-0.00039293894025575765,0.0004547437319419437,0.0013880566731022035,0.028944085841362176,Early,0.0008904978066789805,Fast,0.471,Mid-life
CS2_35,472,0.8530548491177389,-0.0004961176576586517,0.000919331001361803,0.002411352909903638,0.028890475690913183,Early,0.001453735283781145,Fast,0.472,Mid-life
CS2_35,473,0.8514241782517287,-0.0005427550696461592,0.0010452749317430763,0.0017576859847455082,0.02888460207156892,Early,0.0011502205271958336,Fast,0.473,Mid-life
CS2_35,474,,,,,,,,,0.474,Mid-life
CS2_35,475,0.8511560522512436,,,,,Early,,,0.475,Mid-life
CS2_35,476,0.8455984361054862,,,,,Early,,,0.476,Mid-life
CS2_35,477,0.8480465231117817,,,,,Early,,,0.477,Mid-life
CS2_35,478,0.8533556701092645,,,,,Early,,,0.478,Mid-life
CS2_35,479,0.8604876898569074,,,,,Early,,,0.479,Mid-life
CS2_35,480,0.8626077227894469,,,,,Early,,,0.48,Mid-life
CS2_35,481,0.8526224608370501,,,,,Early,,,0.481,Mid-life
CS2_35,482,0.8501027847611149,,,0.00015046678430409775,,Early,,,0.482,Mid-life
CS2_35,483,0.8498036969628997,,,-0.000600751551059066,,Early,,,0.483,Mid-life
CS2_35,484,0.8477194787494339,,,4.672062319255321e-05,,Early,,,0.484,Mid-life
CS2_35,485,0.846479869082883,,,0.0009822572894830747,,Early,,,0.485,Mid-life
CS2_35,486,0.8549179272757405,,,0.0007956803687381323,,Early,,,0.486,Mid-life
CS2_35,487,0.8578970419723219,,,0.0006729544024464287,,Early,,,0.487,Mid-life
CS2_35,488,0.8560050330410216,,,-0.00048322460056736204,,Early,,,0.488,Mid-life
CS2_35,489,0.846145145403898,,,0.0005653770510309908,,Early,,,0.489,Mid-life
CS2_35,490,0.8458146674938097,,,0.000569861352727138,,Early,,,0.49,Mid-life
CS2_35,491,0.8432951408111157,,,0.0006320482769026002,,Early,,,0.491,Mid-life
CS2_35,492,0.8420790650184786,,,0.0006286862949149073,,Early,,,0.492,Mid-life
CS2_35,493,0.841744886111322,,,0.0018818630234883457,,Early,,,0.493,Mid-life
CS2_35,494,0.8503358796907469,,,0.0010801660402249994,,Early,,,0.494,Mid-life
CS2_35,495,0.8519575403101436,,,0.0005782132472682873,,Early,,,0.495,Mid-life
CS2_35,496,0.8426815161393784,,,0.0004948041806456567,,Early,,,0.496,Mid-life
CS2_35,497,0.8406219841282626,,,0.0007418119093638749,,Early,,,0.497,Mid-life
CS2_35,498,0.8419333848807946,,,0.00019453656147443748,,Early,,,0.498,Mid-life
CS2_35,499,0.841136474821563,,,0.0001346557424165245,,Early,,,0.499,Mid-life
CS2_35,500,0.84052599102539,,,0.00017412786941885448,,Early,,,0.5,Mid-life
CS2_35,501,0.8452987309672656,,,0.0007195926747830381,,Early,,,0.501,Mid-life
CS2_35,502,0.8485235230638627,,,0.0004905738923258422,,Early,,,0.502,Mid-life
CS2_35,503,0.8492692560015703,,,-0.0009411056945988523,,Early,,,0.503,Mid-life
CS2_35,504,0.839049797847399,,,0.0002245980401233773,,Early,,,0.504,Mid-life
CS2_35,505,0.8386120129316894,,,0.0004744817070150287,,Early,,,0.505,Mid-life
CS2_35,506,0.8385540900005138,-0.0004356594595632793,0.0004065149113138625,0.0003689121172927301,0.004912790262084042,Early,0.0004022857884280047,Medium,0.506,Mid-life
CS2_35,507,0.8378890963215048,-0.0004697590264345947,0.0002486883801284346,0.00037669924341218345,0.00481949522422688,Early,0.0004232291349233891,Medium,0.507,Mid-life
CS2_35,508,0.8355545750961533,-0.000545874278594838,0.00040296606502027334,0.0013920222673017607,0.0048068225053495145,Early,0.0009689482729482993,Fast,0.508,Mid-life
CS2_35,509,0.8433281876785126,-0.0005593325323534147,0.0003234671751855455,0.0007421907693357298,0.004923408569944099,Early,0.0006507616508445722,Medium,0.509,Mid-life
CS2_35,510,0.8446410584623267,-0.0005314899217275056,0.0005111816578896982,0.0006611710770347992,0.004737086082252267,Early,0.0005963304993811525,Medium,0.51,Mid-life
CS2_35,511,0.8450845208968938,-0.0004547959162266676,0.0005652645771791314,-0.0008621032927849738,0.004715566130082702,Early,-0.0002036536882791531,Slow,0.511,Mid-life
CS2_35,512,0.8450336975341601,-0.0003599215770658133,0.0002447988162222559,-0.0009173835146386747,0.004379655883008737,Early,-0.00027873096878643067,Slow,0.512,Mid-life
CS2_35,513,0.8449415570635532,-0.00031952340148765296,0.0001664912160503763,-0.0009124952947199125,0.004359280189600622,Early,-0.00029648594661612975,Slow,0.513,Mid-life
CS2_35,514,0.8447781288537857,-0.00029247819098678584,0.00016211510029400103,-0.0009841475046115575,0.004359210735173958,Early,-0.00034583465681238583,Slow,0.514,Mid-life
CS2_35,515,0.8446586737504833,-0.00026596884810484856,9.873564512743747e-05,-0.0013005855220471485,0.004344591890660929,Early,-0.0005173083369711499,Slow,0.515,Mid-life
CS2_35,516,0.7275584677171826,-0.0009155217379303567,0.0038361742376032387,0.016538531423047145,0.021464144502049136,Middle,0.008727026580488751,Fast,0.516,Mid-life
CS2_35,517,0.8441784473689492,-0.0008659114546852756,0.00034643483570294354,6.60872990539328e-05,0.030442725726802414,Early,0.0004659993768696042,Medium,0.517,Mid-life
CS2_35,518,0.8442920102010925,-0.0007637756561197243,0.00043887199262030336,0.00011321581368590421,0.030436641254150087,Early,0.00043849573490281423,Medium,0.518,Mid-life
CS2_35,519,0.7272105837832818,-0.0013049612651450078,0.004154659653475476,0.016831873392982612,0.03695358728852919,Middle,0.00906841732906381,Fast,0.519,Mid-life
CS2_35,520,0.8435140395162867,-0.0011488697940074668,8.487438347133177e-05,0.00020393107818093638,0.042790644859355007,Early,0.0006764004360942016,Medium,0.52,Mid-life
CS2_35,521,0.8433344138540119,-0.0010488565304406974,8.000818192896352e-05,0.0002062449999676863,0.04279062457556891,Early,0.0006275507652041918,Medium,0.521,Mid-life
CS2_35,522,0.842954482534611,-0.0009519704990650342,1.09889766614402e-05,0.00024345588798175516,0.04278828405736774,Early,0.0005977131935233947,Medium,0.522,Mid-life
CS2_35,523,0.8417030462037641,-0.0008763855191678658,1.2129639184338583e-05,-0.016306368355225937,0.04278831772508696,Early,-0.007714991418029036,Slow,0.523,Mid-life
CS2_35,524,0.8412743537685878,-0.0008100079764834529,1.5178462668845093e-05,0.0004148705143373383,0.0427883448043844,Early,0.0006124392454103956,Medium,0.524,Mid-life
CS2_35,525,0.8389398545163199,-0.0007586208953563611,0.0003676137153040951,0.0007645936692532203,0.04276008109434442,Early,0.0007616072823047907,Fast,0.525,Mid-life
CS2_35,526,0.8363164968935899,-0.000669149363165032,0.0005045497876307646,-0.015586559015758292,0.042760295418343204,Early,-0.00745870482629663,Slow,0.526,Mid-life
CS2_35,527,0.8382785322543352,-0.0005535824016816516,0.00014203173822719745,0.0007479296088502048,0.04273108049493531,Early,0.0006507560052659283,Medium,0.527,Mid-life
CS2_35,528,0.8419364351691688,-0.0004683225866725576,-4.240164648084571e-05,0.0001997112406918625,0.042734866880232196,Early,0.00033401691368221005,Medium,0.528,Mid-life
CS2_35,529,0.841981008839962,-0.000394993235488959,-1.5362567473339772e-06,0.00013906767066415186,0.042734218644523855,Early,0.00026703045307655546,Medium,0.529,Mid-life
CS2_35,530,0.8325276367512688,-0.00036794254254201886,0.00027770445388045523,0.001310772778927898,0.04276787884749942,Early,0.0008393576607349585,Fast,0.53,Mid-life
CS2_35,531,0.8301960566367357,-0.00035551162951557663,0.0003332236899565926,0.0015826138759788794,0.04276944234014811,Early,0.000969062752747228,Fast,0.531,Mid-life
CS2_35,532,0.8298776471814414,-0.00034457188621386917,0.0004974543156717479,0.001294601047839786,0.04275895585520397,Early,0.0008195864670268276,Fast,0.532,Mid-life
CS2_35,533,0.8280732808065534,-0.00031111349405800275,0.0006596852341067514,0.0011776022981480696,0.04275390282013154,Early,0.0007443578961030361,Fast,0.533,Mid-life
CS2_35,534,0.8265770840078898,-0.00026033711459449245,0.000732005548183244,0.0016716354637779254,0.04275334240535854,Early,0.0009659862891862089,Fast,0.534,Mid-life
CS2_35,535,0.8320577425771153,-0.00016586526579404683,0.00022555017000915102,0.0014112417988647913,0.04273019331995711,Early,0.000788553532329419,Fast,0.535,Mid-life
CS2_35,536,0.833719654287047,-0.00011745276985848425,0.0001578180207949173,0.0011801935075592843,0.04273150979726904,Early,0.0006488231387088843,Medium,0.536,Mid-life
CS2_35,537,0.8342286030182241,-6.684254746237956e-05,0.0001395318381383787,-0.0002429951809936088,0.042731675261479765,Early,-8.807631676561462e-05,Slow,0.537,Mid-life
CS2_35,538,0.8236723227545942,-7.495470869428617e-05,0.00045860559893259786,0.0009319619831630639,0.04277263868689148,Early,0.0005034583459286751,Medium,0.538,Mid-life
CS2_35,539,0.8219975460574844,-9.114959252988339e-05,0.0004373235173764143,0.001125728731993855,0.04277183831258862,Early,0.0006084391622618692,Medium,0.539,Mid-life
CS2_35,540,0.8217380402193828,-0.00011711368107403213,0.0006964563696493482,0.0009050343695958014,0.04274475994464152,Early,0.0005110740253349168,Medium,0.54,Mid-life
CS2_35,541,0.8200260816464338,-0.00010072227672778315,0.000794031510190096,0.0009358574802080007,0.042743472711326176,Early,0.0005182898784678919,Medium,0.541,Mid-life
CS2_35,542,0.8205390217819816,-6.493386136024155e-05,0.0007917902940294264,0.0016455315421619598,0.04274354158256795,Early,0.0008552327017611007,Fast,0.542,Mid-life
CS2_35,543,0.8268257497896381,1.8091889406585693e-05,0.0005873531530490987,0.0009848434996298425,0.042762355395484834,Early,0.0004833758051116284,Medium,0.543,Mid-life
CS2_35,544,0.8274124421269877,0.00011083681790477266,0.0005654553205343712,0.0009737372701766254,0.042762791244779635,Early,0.0004314502261359264,Medium,0.544,Mid-life
CS2_35,545,0.823910143604875,0.00018958442622311655,0.0006731608144809886,-3.397440718296999e-05,0.042765949562260666,Early,-0.00011177941670304328,Slow,0.545,Mid-life
CS2_35,546,0.8173073603268027,0.00023753720579784384,0.0008823004330219542,0.0006700265329545278,0.042779002314460884,Early,0.000216244663578342,Medium,0.546,Mid-life
CS2_35,547,0.8145435439940387,0.0002791339025883542,-0.0028059702024792305,0.0010277851750491532,0.036957870673639315,Early,0.0003743256362303995,Medium,0.547,Mid-life
CS2_35,548,0.8171294303316691,-0.0003618049693747239,0.0008725489366864558,0.0004138073306806695,0.030333408005637993,Early,0.00038780615002769673,Medium,0.548,Mid-life
CS2_35,549,0.8137720003355396,-0.0003492912985593401,0.000984516447275897,0.0009667173494917033,0.03033605270747871,Early,0.0006580043240255217,Medium,0.549,Mid-life
CS2_35,550,0.8114078121362214,-0.00033837758497473744,-0.002716039624288372,0.0022025625219166717,0.021375356709040907,Early,0.0012704700534457046,Fast,0.55,Mid-life
CS2_35,551,0.8206931231428558,-0.0009708058865023941,0.0007361585926913182,0.0009599027120188452,0.003994924333841498,Early,0.0009653542992606196,Fast,0.551,Mid-life
CS2_35,552,0.8218481474744975,-0.0009274910218366979,0.0006931053670811078,0.00029457087576821383,0.004008291389760814,Early,0.0006110309488024559,Medium,0.552,Mid-life
CS2_35,553,0.814422009236056,-0.0009195145274355165,0.0009204023644695167,0.0004121930129638177,0.004185793703882711,Early,0.0006658537701996671,Medium,0.553,Mid-life
CS2_35,554,0.8097163432076503,-0.000929974354732438,0.001031829128906898,0.0006896001123412043,0.004240518096584119,Early,0.0008097872335368211,Fast,0.554,Mid-life
CS2_35,555,0.8119337707477375,-0.0009232202646029231,0.0009464704200274289,0.0007422370834187905,0.0042795164737338106,Early,0.0008327286740108568,Fast,0.555,Mid-life
CS2_35,556,0.8117211774974173,-0.0009093544974588586,0.0008780218393194377,0.0002929746911603288,0.004273540872530372,Early,0.0006011645943095937,Medium,0.556,Mid-life
CS2_35,557,0.8102942799588158,-0.0009068827820888476,0.0008394263527346494,0.00015907602534365978,0.004262641736657806,Early,0.0005329794037162537,Medium,0.557,Mid-life
CS2_35,558,0.8119351401579487,-0.0009004545026172708,0.0008497868418189221,0.0012511404264153076,0.0042559908496472626,Early,0.0010757974645162892,Fast,0.558,Mid-life
CS2_35,559,0.8162081876808325,-0.0008489429471953338,0.0008299434673656888,0.0008057085419521501,0.004279079736772016,Early,0.0008273257445737419,Fast,0.559,Mid-life
CS2_35,560,0.8165058569205802,-0.0007655253742204721,0.0008217790941736053,-0.0002976925263605982,0.004281044909969285,Early,0.00023391642392993695,Medium,0.56,Mid-life
CS2_35,561,0.8168564230804067,-0.0006705242897742158,0.0005055230216407131,-0.0010200114103937777,0.003973201087288537,Early,-0.00017474356030978093,Slow,0.561,Mid-life
CS2_35,562,0.8169439063084705,-0.0006229939031537904,0.0004274887202666197,-0.0007157336515332759,0.003959874612445411,Early,-4.636987418974272e-05,Slow,0.562,Mid-life
CS2_35,563,0.6962264542384973,-0.001269747918487768,0.004311328804611101,0.016499246179845724,0.021963963641195555,Middle,0.008884497049166745,Fast,0.563,Mid-life
CS2_35,564,0.816686635729747,-0.0011848858562923325,0.00036731113150988463,-0.0009131936815616035,0.03138571986761978,Early,0.00013584608736536452,Medium,0.564,Mid-life
CS2_35,565,0.8173187177478266,-0.0011025105105388704,0.00029865697613106954,-0.0007690825128397075,0.03138549592667206,Early,0.00016671399884958147,Medium,0.565,Mid-life
CS2_35,566,0.8175926168133105,-0.001023686208995151,0.00046661696012273435,-0.000197775590354007,0.03136746373866799,Early,0.00041295530932057204,Medium,0.566,Mid-life
CS2_35,567,0.8176646336251215,-0.0009080101500577997,0.0005179038923201753,-0.00016553952922019173,0.03136516719393704,Early,0.000371235310418804,Medium,0.567,Mid-life
CS2_35,568,0.8176336032724149,-0.0007771824482689558,0.0005353225724454596,-0.00011102574171544572,0.03136472785732352,Early,0.000333078353276755,Medium,0.568,Mid-life
CS2_35,569,0.8177612571071596,-0.0006366544753959235,0.00019067953701401932,-0.00011676439981273783,0.03130959512572727,Early,0.00025994503779159286,Medium,0.569,Mid-life
CS2_35,570,0.8180008073666494,-0.0005525774737167008,0.0001289270545430663,-0.017396336161164587,0.03130845825383524,Early,-0.008421879343723944,Slow,0.57,Mid-life
CS2_35,571,0.8174156591932367,-0.0004798758740911188,0.00013943164600471378,-0.0001041462090699552,0.031308558155407076,Early,0.0001878648325105818,Medium,0.571,Mid-life
CS2_35,572,0.8173815398867776,-0.00040725814862774533,8.530779869858439e-05,-8.974591278719326e-06,0.03130719930609776,Early,0.000199141778674513,Medium,0.572,Mid-life
CS2_35,573,0.8173864571476808,-0.0003433701147248913,0.00010169563336454203,2.945138080425101e-05,0.03130700867554927,Early,0.00018641074776457115,Medium,0.573,Mid-life
CS2_35,574,0.8174683310136481,-0.0002749468236160849,0.0003018522185803208,2.8043230210486998e-05,0.03128463071278221,Early,0.00015149502691328597,Medium,0.574,Mid-life
CS2_35,575,0.8054570099325472,-0.0002356194906679974,0.0007082397482077586,0.0017395133342668068,0.031354449997364975,Early,0.000987566412467402,Fast,0.575,Mid-life
CS2_35,576,0.8016181619685044,-0.00020672213573286012,0.0007190961818184059,0.0023061564483793135,0.03135550793122858,Early,0.0012564392920560868,Fast,0.576,Mid-life
CS2_35,577,0.8033340661595455,-0.00017980320106720653,0.0004507514247502333,0.002095248743871982,0.03133906800654274,Early,0.0011375259724695941,Fast,0.577,Mid-life
CS2_35,578,0.8084473142439623,-0.0001562253592660841,0.00019665257258310963,0.0012811921356106204,0.03135161972094574,Early,0.0007187087474383523,Medium,0.578,Mid-life
CS2_35,579,0.8090875891595882,-0.00014247840537390236,0.00025941423135744657,0.0011848501038842021,0.031347810975588766,Early,0.0006636642546290522,Medium,0.579,Mid-life
CS2_35,580,0.8010857395058708,-0.00015655608133042427,0.00040923422031189803,0.002328673948829994,0.03137419819242458,Early,0.001242615015080209,Fast,0.58,Mid-life
CS2_35,581,0.7990366904750393,-0.00019670199925475877,0.00039906844068329154,0.0026330915055155424,0.03137359468855063,Middle,0.0014148967523851506,Fast,0.581,Mid-life
CS2_35,582,0.7984271024100001,-0.00024920950458246426,0.0007182587333179246,0.001004272503221009,0.03132207531861296,Middle,0.0006267410039017367,Medium,0.582,Mid-life
CS2_35,583,0.7993462479627521,-0.00023557511203503573,0.000725867726185336,0.00032455914367890415,0.03132163372521753,Middle,0.00028006712785696997,Medium,0.583,Mid-life
CS2_35,584,0.7986035895546612,-0.0002113492343971303,0.0005102716026256405,0.0006757823721263355,0.03129696891667882,Middle,0.0004435658032617329,Medium,0.584,Mid-life
CS2_35,585,0.8019841460448001,-0.00020431107575385747,0.00024942571493065255,0.0009233097427374659,0.03129453405528162,Early,0.0005638104092456616,Medium,0.585,Mid-life
CS2_35,586,0.804405896110561,-0.00020741532922867597,0.00024283466571537173,0.0006688132927181734,0.03129509243767845,Early,0.00043811431097342466,Medium,0.586,Mid-life
CS2_35,587,0.8046621475686728,-0.00019370510355784724,0.00022771064286272646,-0.0005109154375431453,0.031295220829003524,Early,-0.00015860516699264901,Slow,0.587,Mid-life
CS2_35,588,0.7957604579161413,-0.00022919295525707664,0.0004688329691185324,0.00046803322269972636,0.031333540562507645,Middle,0.0003486130889784015,Medium,0.588,Mid-life
CS2_35,589,0.7931403602323379,-0.00028234745061633327,0.000606283223406798,0.0007552488825231756,0.03133332325726788,Middle,0.0005187981665697544,Medium,0.589,Mid-life
CS2_35,590,0.7943293075259835,-0.00031253391222791553,0.0007057703275757728,0.0007167057766812272,0.031322208599336356,Middle,0.0005146198444545714,Medium,0.59,Mid-life
CS2_35,591,0.7939535378711488,-0.00031255663223040835,0.0007274941628848853,0.0006642930976446289,0.0313217229868842,Middle,0.0004884248649375186,Medium,0.591,Mid-life
CS2_35,592,0.7926118254648076,-0.0003102444365557528,0.0007820837940515858,0.0013389029399989269,0.031321256145064244,Middle,0.0008245736882773398,Fast,0.592,Mid-life
CS2_35,593,0.796834978128874,-0.00027305788626749467,0.0006486751025676264,0.0010815597116695663,0.031333888526689224,Middle,0.0006773087989685305,Medium,0.593,Mid-life
CS2_35,594,0.7978943262889001,-0.0002219839405631692,-0.0032796087758194463,0.0009668316113961017,0.022032104912302796,Middle,0.0005944077759796355,Medium,0.594,Mid-life
CS2_35,595,0.7980239247468193,-0.0008933365355616478,0.000602022934933152,-0.00032335240438257403,0.0035306578339483505,Middle,0.00028499206558953687,Medium,0.595,Mid-life
CS2_35,596,0.788298115260976,-0.000928675392632463,0.0009361484673177602,0.0006917492816231251,0.003882550588599426,Middle,0.000810212337127794,Fast,0.596,Mid-life
CS2_35,597,0.7857004327266055,-0.0009645443836899418,0.0010287801318291942,0.0012326963999111454,0.0038869716285388337,Middle,0.0010986203918005436,Fast,0.597,Mid-life
CS2_35,598,0.785762467685054,-0.0009868139753860781,0.0010291021270989536,0.0011701528837278247,0.003886877811594268,Middle,0.0010784834295569515,Fast,0.598,Mid-life
CS2_35,599,0.7841460393540279,-0.0010061642901789437,0.00108024399736732,0.0012093980158256626,0.003883736595312841,Middle,0.001107781153002303,Fast,0.599,Mid-life
CS2_35,600,0.7826357728510819,-0.0010219964734997438,0.0011330801372928308,0.002028457896827453,0.003877893152419663,Middle,0.0015252271851635985,Fast,0.6,Mid-life
CS2_35,601,0.7919704762396341,-0.0009711893528552943,0.0008396881008714596,0.0008462642927522841,0.004305669097392342,Middle,0.0009087268228037892,Fast,0.601,Mid-life
CS2_35,602,0.7942440140089956,-0.0008965614127188495,0.0007474724252980995,0.000539987248260527,0.004341763698376246,Middle,0.0007182743304896882,Medium,0.602,Mid-life
CS2_35,603,0.7950144276359338,-0.0008123868231271518,0.0007215197500272215,-0.0009594731964225334,0.004348569059624036,Middle,-7.354318664769076e-05,Slow,0.603,Mid-life
CS2_35,604,0.6622405162634754,-0.0014746042288699018,0.0050047077704582395,0.017637130923304305,0.02410801479473399,Middle,0.009555867576087104,Fast,0.604,Mid-life
CS2_35,605,0.7840293186030548,-0.0013879401849456225,0.001078677819696559,0.0002475927259998821,0.033170663327289164,Middle,0.0008177664554727523,Fast,0.605,Mid-life
CS2_35,606,0.7855869684417304,-0.001279702962930228,0.0006409690803489302,-0.00020584701252891944,0.033111063329777764,Middle,0.0005369279752006543,Medium,0.606,Mid-life
CS2_35,607,0.7869178285688379,-0.0012248664386039978,0.0004742043032150512,-0.0006117222453937103,0.03310743874152129,Middle,0.0003065720966051437,Medium,0.607,Mid-life
CS2_35,608,0.7866341467982739,-0.0011880646934151432,0.0005387070761700509,0.0007623327773371713,0.0331049773425322,Middle,0.0009751987353761572,Fast,0.608,Mid-life
CS2_35,609,0.7909569760604058,-0.001110830291376773,0.0005642044575340806,0.0004695768497985364,0.03310078323862257,Middle,0.0007902035705876547,Fast,0.609,Mid-life
CS2_35,610,0.7946701454812942,-0.0009770343755863052,0.00046507882833206473,4.9183164948507496e-05,0.03310911057118189,Middle,0.0005131087702674064,Medium,0.61,Mid-life
CS2_35,611,0.795738433080489,-0.0008282457315487523,0.0001724937556574786,-0.01907113097385909,0.03308035197102242,Middle,-0.009121442621155168,Slow,0.611,Mid-life
CS2_35,612,0.7961171097939579,-0.0007208104138119567,9.418002197036923e-05,-0.001726827312986155,0.033078634998399234,Middle,-0.0005030084495870992,Slow,0.612,Mid-life
CS2_35,613,0.7961293423377019,-0.0006238776895021482,7.412129265478081e-05,-0.001506053413710224,0.03307850057362117,Middle,-0.00044108786210403795,Slow,0.613,Mid-life
CS2_35,614,0.7963558266970884,-0.000528279403376075,9.646520211818497e-05,-0.001348285446892932,0.033078041212635585,Middle,-0.0004100030217584285,Slow,0.614,Mid-life
CS2_35,615,0.7964320607930117,-0.0004259293555857486,7.004931489191934e-05,-0.0013997019992482468,0.03307783494605847,Middle,-0.0004868863218312491,Slow,0.615,Mid-life
CS2_35,616,0.7962070961341473,-0.00032828115118844787,0.000186356448730734,-0.0007500171533916403,0.033071635839024685,Middle,-0.0002108680011015962,Slow,0.616,Mid-life
CS2_35,617,0.7960657406475425,-0.00021011070871729758,0.0002690372730005959,-0.0001993707380354743,0.03306810184951038,Middle,5.369985340911642e-06,Slow,0.617,Mid-life
CS2_35,618,0.7959343687382416,-7.586951225490093e-05,0.00028154125259455444,-2.7990808250380867e-05,0.03306796988756865,Middle,2.393935200226003e-05,Slow,0.618,Mid-life
CS2_35,619,0.7958010973061972,6.226976677147763e-05,-1.3109480663206764e-06,4.514464110867105e-05,0.03302925664400537,Middle,-8.562562831403293e-06,Slow,0.619,Mid-life
CS2_35,620,0.7955276301566206,0.00014826257592146408,-7.700870723492681e-05,8.59588830116133e-05,0.03302573739715832,Middle,-3.115184645492539e-05,Slow,0.62,Mid-life
CS2_35,621,0.7951537862055601,0.00021636925410932928,-2.6596086437954163e-05,0.00017172007021832542,0.03302517625240829,Middle,-2.2324591945501932e-05,Slow,0.621,Mid-life
CS2_35,622,0.7947080410277542,0.00028839644333676835,-2.4338811503400413e-05,0.0002462885378939271,0.033025207062285594,Middle,-2.1053952721420625e-05,Slow,0.622,Mid-life
CS2_35,623,0.6803614706525061,-0.0002916844222829029,0.003620979187493597,0.01654937506880589,0.03889594202259467,Middle,0.008420529745544397,Fast,0.623,Mid-life
CS2_35,624,0.7939981958357316,-0.000192577951812374,9.150910623040119e-05,0.0002953635445444184,0.04422989037361016,Middle,0.00024397074817839617,Medium,0.624,Mid-life
CS2_35,625,0.7951360451127872,-6.197136683287992e-05,8.89768121326734e-05,0.00011404623220777146,0.044229960707137014,Middle,8.800879952032569e-05,Medium,0.625,Mid-life
CS2_35,626,0.7908845543179481,5.150914422307273e-05,0.000230302271899069,0.0007023632840355802,0.04423623790238841,Middle,0.00032542706990625373,Medium,0.626,Mid-life
CS2_35,627,0.7887351557273619,0.000156130589433157,-1.4098079560832855e-05,0.0009703534898941126,0.04420294443761482,Middle,0.0004071114502304778,Medium,0.627,Mid-life
CS2_35,628,0.7953286754205384,0.00024279472809900446,-0.00031058847399783614,-2.4984173568332047e-05,0.04421566509593121,Middle,-0.00013388945083366824,Slow,0.628,Mid-life
CS2_35,629,0.7952649182258256,0.00031080763564507815,-0.00030653066260553517,-7.955388543877197e-05,0.04421569443898673,Middle,-0.00019518076054192505,Slow,0.629,Mid-life
CS2_35,630,0.7873382969216867,0.00033065209051558105,-0.00010297605056963643,-0.015282403752740084,0.04423936090285401,Middle,-0.007806527921627833,Slow,0.63,Mid-life
CS2_35,631,0.7808186858161025,0.00030309886619432386,5.86157108057872e-05,0.0018827871456613052,0.04425459608262015,Middle,0.0007898441397334907,Fast,0.631,Mid-life
CS2_35,632,0.7806823557658242,0.00026685606726163267,0.00036413291850999655,0.002064812763851858,0.04422026543912555,Middle,0.0008989783482951127,Fast,0.632,Mid-life
CS2_35,633,0.7809148424850538,0.0002891101771062175,0.00042997327496586296,0.0014242445475563287,0.044217726660246204,Middle,0.0005675671852250556,Medium,0.633,Mid-life
CS2_35,634,0.7789024869170224,0.00031773433667387657,0.000519740023190691,0.0014046669729056438,0.044218033174589486,Middle,0.0005434663181158836,Medium,0.634,Mid-life
CS2_35,635,0.7782346728135068,0.00035284758470634215,-0.0037417469854848845,0.002442000372433092,0.0367890026159296,Middle,0.0010445763938633748,Fast,0.635,Mid-life
CS2_35,636,0.7894283981230836,-0.00034535553108989585,-0.00017416385548480086,0.0008337885861059911,0.029624758213552295,Middle,0.0005895720585979435,Medium,0.636,Mid-life
CS2_35,637,0.7900553604742877,-0.00034999366404628887,-0.0001441416784695914,-0.00038815193608586284,0.029623781003382272,Middle,-1.9079136019786985e-05,Slow,0.637,Mid-life
CS2_35,638,0.7847154162439728,-0.00037776007966504094,7.104555886661504e-05,-0.0005566757754100442,0.029639097744763126,Middle,-8.945784787250163e-05,Slow,0.638,Mid-life
CS2_35,639,0.7778171999856214,-0.000436351864678773,0.00028441763911782417,0.00040930796860040786,0.029664477714558705,Middle,0.0004228299166395904,Medium,0.639,Mid-life
CS2_35,640,0.7764281847511966,-0.0005012155913217653,0.00046867068739384695,0.0006409511048367511,0.029652643574901952,Middle,0.0005710833480792581,Medium,0.64,Mid-life
CS2_35,641,0.7779704588621653,-0.0005274290637153776,0.0005386995683589969,0.0001331468649795767,0.029645000824381162,Middle,0.00033028796434747716,Medium,0.641,Mid-life
CS2_35,642,0.7761406358114409,-0.0005368201184562719,0.0006321870086789706,0.00029914814315227086,0.02964433384390706,Middle,0.00041798413080427143,Medium,0.642,Mid-life
CS2_35,643,0.77537028359608,-0.0005373344152358404,0.0006692524579960624,0.002008302075286239,0.029643746123118143,Middle,0.0012728182452610398,Fast,0.643,Mid-life
CS2_35,644,0.7841306815719016,-0.00047831700971267074,0.00038705357309033424,0.0008463827003408753,0.029692050389132193,Middle,0.000662349855026773,Medium,0.644,Mid-life
CS2_35,645,0.7856621384015385,-0.00040613030578289146,0.00034495768695322066,-0.00013524602250939273,0.029693874232867866,Middle,0.00013544214163674936,Medium,0.645,Mid-life
CS2_35,646,0.7839204800757473,-0.00033863257112868,0.0004035993779762686,-0.0008718971557322787,0.02969480974547128,Middle,-0.00026663229230179935,Slow,0.646,Mid-life
CS2_35,647,0.7710416730275584,-0.0003392903716807933,0.0008117878421480281,0.0007695016748054474,0.029779123290292576,Middle,0.0005543960232431204,Medium,0.647,Mid-life
CS2_35,648,0.7674124793409798,-0.00035262193735304947,0.0009242987518246052,0.0015082827887407907,0.029783094418620305,Middle,0.00093045236304692,Fast,0.648,Mid-life
CS2_35,649,,,,,,,,,0.649,Mid-life
CS2_35,650,0.7953521513432644,,,,,Middle,,,0.65,Mid-life
CS2_35,651,0.7825294350734845,,,,,Middle,,,0.651,Mid-life
CS2_35,652,0.7591682861813719,,,,,Middle,,,0.652,Mid-life
CS2_35,653,0.7465996095080247,,,,,Middle,,,0.653,Mid-life
CS2_35,654,0.756781416990325,,,,,Middle,,,0.654,Mid-life
CS2_35,655,0.757425460743063,,,,,Middle,,,0.655,Mid-life
CS2_35,656,0.7556188542021862,,,,,Middle,,,0.656,Mid-life
CS2_35,657,0.7335493727959863,,,0.008828968363896874,,Middle,,,0.657,Mid-life
CS2_35,658,0.601913346235388,,,0.025802298405442365,,Middle,,,0.658,Mid-life
CS2_35,659,0.7217039275323947,,,0.005352051235568177,,Middle,,,0.659,Mid-life
CS2_35,660,0.7176786663319505,,,0.004131563310867741,,Middle,,,0.66,Mid-life
CS2_35,661,0.7146364789766321,,,0.0060207054305275575,,Middle,,,0.661,Mid-life
CS2_35,662,0.7122331589489405,,,0.006456043113446085,,Middle,,,0.662,Mid-life
CS2_35,663,0.7225130417107501,,,0.0047294017844908675,,Middle,,,0.663,Mid-life
CS2_35,664,0.7254843663077358,,,0.0011521437840357831,,Middle,,,0.664,Mid-life
CS2_35,665,0.7191803192421485,,,-0.016752424715251513,,Middle,,,0.665,Mid-life
CS2_35,666,0.7052526690740909,,,0.002350179779757679,,Middle,,,0.666,Mid-life
CS2_35,667,0.7028455895026782,,,0.002119010975610339,,Middle,,,0.667,Late-life
CS2_35,668,0.6992299845139901,,,0.0022009277803774247,,Middle,,,0.668,Late-life
CS2_35,669,0.6970224466566902,,,0.002172958898892891,,Middle,,,0.669,Late-life
CS2_35,670,0.6881040475732321,,,0.004915570591074011,,Middle,,,0.67,Late-life
CS2_35,671,0.699274029125334,,,0.0037443338832002632,,Middle,,,0.671,Late-life
CS2_35,672,0.7039650987327338,,,0.0021736029299163867,,Middle,,,0.672,Late-life
CS2_35,673,0.7068803059392598,,,-0.00023251955216698126,,Middle,,,0.673,Late-life
CS2_35,674,0.6902203555649871,,,0.0018036048482415864,,Middle,,,0.674,Late-life
CS2_35,675,0.6821280012940081,,,0.0024431404599974315,,Middle,,,0.675,Late-life
CS2_35,676,0.6825024084150625,,,0.0020742911773753902,,Middle,,,0.676,Late-life
CS2_35,677,0.6799837387599406,,,0.0011600441161845015,,Middle,,,0.677,Late-life
CS2_35,678,0.6777106857727394,,,0.0030804776217992253,,Middle,,,0.678,Late-life
CS2_35,679,0.6758914519194514,,,0.004010520973326056,,Middle,,,0.679,Late-life
CS2_35,680,0.6710973472320703,,,0.005111851243884215,,Middle,,,0.68,Late-life
CS2_35,681,0.6692786346657312,-0.0029298451067781097,0.004066887634759135,0.002991674414179405,0.03349126648528084,Middle,0.0029607597604787575,Fast,0.681,Late-life
CS2_35,682,0.670495036885467,-0.0026504356925468133,0.003614012844774759,0.0016618520583630161,0.03346383051266254,Middle,0.002156143875454915,Fast,0.682,Late-life
CS2_35,683,0.6663196186200372,-0.002426538260393142,0.0029951183084301514,0.002311827113575043,0.0332632582226094,Middle,0.0023691826869840925,Fast,0.683,Late-life
CS2_35,684,0.6655922892889488,-0.0023054717464573125,0.0026131393619056764,0.002055921352998829,0.03321761436809082,Middle,0.0021806965497280706,Fast,0.684,Late-life
CS2_35,685,0.6705190761975933,-0.0021981302952538196,0.0027826561546042466,0.0010273727964494408,0.03316350712173542,Middle,0.0016127515458516303,Fast,0.685,Late-life
CS2_35,686,0.6770946557445741,-0.001963955325081639,0.0025913162902738386,-0.00017188626073180328,0.033201026842724406,Middle,0.0008960345321749178,Fast,0.686,Late-life
CS2_35,687,0.6794094558311736,-0.0016835219661601039,0.002458367689387503,-0.0011874440855861948,0.0332125236297028,Middle,0.00024803894028695454,Medium,0.687,Late-life
CS2_35,688,0.6749086247849269,-0.0014109903243314688,0.001891637032614821,-0.0008042843027422324,0.033016042039287645,Middle,0.0003033530107946182,Medium,0.688,Late-life
CS2_35,689,0.6772913437154024,-0.0012288194121079085,-0.0024315483058069192,-0.0009709009757050691,0.02258837945163373,Middle,0.0001289592182014197,Medium,0.689,Late-life
CS2_35,690,0.6747979471818671,-0.0018363787254851848,0.0015130961403395972,-0.0012111897945471359,0.005988300344752138,Middle,0.00031259446546902446,Medium,0.69,Late-life
CS2_35,691,0.6784059830970014,-0.0017256152576532449,0.0012668607495144885,-0.0018305276868646628,0.006038288010439743,Middle,-5.245621460570895e-05,Slow,0.691,Late-life
CS2_35,692,0.6793377016639565,-0.0016180325917216742,0.0011386702358927618,-0.001259803638051877,0.006041523572529482,Middle,0.00017911447683489857,Medium,0.692,Late-life
CS2_35,693,0.6768115151869383,-0.0015291489789750396,0.001142633669742006,4.044865109082656e-05,0.006042421114016378,Middle,0.0007847988150329331,Fast,0.693,Late-life
CS2_35,694,0.6801909695984937,-0.0014217346746184917,0.0013652281326534345,-0.00011164482390286461,0.0057264444740076645,Middle,0.0006550449253578135,Medium,0.694,Late-life
CS2_35,695,0.6773959718152608,-0.0012562786586489498,0.0015512385320153239,-0.00035533529004770436,0.0056743015580914494,Middle,0.0004504716843006227,Medium,0.695,Late-life
CS2_35,696,0.6769384940824869,-0.0010589117112689346,0.001362639521279409,5.040709041651389e-05,0.005607838002003882,Middle,0.0005546594008427242,Medium,0.696,Late-life
CS2_35,697,0.6760482273630815,-0.0008869370067436592,0.0009420787648712724,-0.0001786114544591877,0.005099987069810794,Middle,0.00035416277614223576,Medium,0.697,Late-life
CS2_35,698,0.6748764259928983,-0.000790049199993952,0.0009022310809606403,0.0005042224434432965,0.005092980023208542,Middle,0.0006471358217186242,Medium,0.698,Late-life
CS2_35,699,0.6732241817059306,-0.0007059731074286549,0.0008388968647761139,0.0008733599940036989,0.005070270010689624,Middle,0.0007896665507161769,Fast,0.699,Late-life
CS2_35,700,0.7033144794908263,-0.000461939705057929,-0.0002029688011011626,-0.003786137757698284,0.00751070577445306,Middle,-0.0016620990263201776,Slow,0.7,Late-life
CS2_35,701,0.6948339463629062,-0.0002809404423884606,-0.0002170935093443263,-0.002091853823487501,0.007493371973170802,Middle,-0.0009054566905495202,Slow,0.701,Late-life
CS2_35,702,0.5726836569358873,-0.0008471166088619646,0.0040835603932079575,0.014958902125624784,0.02306871258681387,Middle,0.007903009367243375,Fast,0.702,Late-life
CS2_35,703,0.6820935837295548,-0.0006817755643571418,0.0007055327420380347,-0.0007364413781525572,0.0307760725886234,Middle,-2.733290689770773e-05,Slow,0.703,Late-life
CS2_35,704,0.6791920779439709,-0.0004982491260688542,0.0008931686450093199,-0.00044912151155562796,0.03077099306979695,Middle,2.4563807256613134e-05,Slow,0.704,Late-life
CS2_35,705,0.6765815136263662,-0.00030284211858203856,0.00043996264318131806,-0.00024358394763826903,0.030634191796509495,Middle,2.962908547188476e-05,Slow,0.705,Late-life
CS2_35,706,0.6748618013519431,-0.0002068654370175789,0.00023439354651822613,-0.00023394566371607147,0.03060249437218845,Middle,-1.3540113349246285e-05,Slow,0.706,Late-life
CS2_35,707,0.6735850305660895,-0.0001614588575201295,0.0002876573499668694,0.004247064132105246,0.03060283637074377,Middle,0.0022042614948126877,Fast,0.707,Late-life
CS2_35,708,0.5569426360829098,-0.0007733970090578625,0.003969067828291314,0.01969875861142805,0.0370627031659688,Middle,0.010236077810242957,Fast,0.708,Late-life
CS2_35,709,0.6722534679963116,-0.0006993675588066119,0.000176039283110575,-0.014224258722917755,0.04281282438834861,Middle,-0.006762445582055572,Slow,0.709,Late-life
CS2_35,710,0.6709222402214687,-0.0006438165301225375,0.00016029715154782906,0.0015959062154408596,0.04281228976708573,Middle,0.0011198613727816985,Fast,0.71,Late-life
CS2_35,711,0.6660717174593761,-0.0006243402873037122,0.00016211708944174717,0.0018743372120849644,0.042812494513614706,Middle,0.0012493387496943383,Fast,0.711,Late-life
CS2_35,712,0.6627576216931239,-0.0006490911255914229,0.00021035525718088132,0.001974841704748899,0.042815265626801866,Middle,0.001311966415170161,Fast,0.712,Late-life
CS2_35,713,0.6602970519505065,-0.0006957656672574974,0.0003289672559664675,0.0020806784859195133,0.04281627448223655,Middle,0.0013882220765885052,Fast,0.713,Late-life
CS2_35,714,0.6584638114450653,-0.0007422067076382152,0.0002534131346765135,0.0021601741601463237,0.042811326969858864,Middle,0.0014511904338922695,Fast,0.714,Late-life
CS2_35,715,0.6571325722315535,-0.0008170558798915729,0.00027289409862565265,-0.014312848021234812,0.04281168721091368,Middle,-0.006747896070671619,Slow,0.715,Late-life
CS2_35,716,0.53390896066572,-0.0015930706924839812,0.00440677792038301,0.019763501047227367,0.048147447228789365,Middle,0.010678285869855675,Fast,0.716,Late-life
CS2_35,717,0.6537143717919006,-0.0016103028126014433,0.0007542027081507562,0.002458266918509731,0.05305336165772425,Middle,0.002034284865555587,Fast,0.717,Late-life
CS2_35,718,0.6587269489551675,-0.0015531226479089503,0.0006671776411614886,0.0010492526434583743,0.05306077574921641,Middle,0.0013011876456836624,Fast,0.718,Late-life
CS2_35,719,0.6639002946644901,-0.0014458146361809867,0.0003551074232398962,-0.0001632389959094522,0.05306592550321655,Middle,0.0006412878201357673,Medium,0.719,Late-life
CS2_35,720,0.6529068043347408,-0.001422507229734355,0.0007865980445374727,0.0010557496593950968,0.05309729474410348,Middle,0.001239128444564726,Fast,0.72,Late-life
CS2_35,721,0.649226921889564,-0.0013976314563878887,0.0008248717836226823,0.0013195556507858974,0.053098993649143895,Middle,0.001358593553586893,Fast,0.721,Late-life
CS2_35,722,0.646148946285963,-0.0013950376635521468,0.0010405495745496264,0.0015690894207986497,0.05309396625434261,Middle,0.0014820635421753984,Fast,0.722,Late-life
CS2_35,723,0.6437875980302042,-0.001373535991122814,0.001146777536572652,-0.015696948194926317,0.053093182999413104,Middle,-0.007161706101901751,Slow,0.723,Late-life
CS2_35,724,0.6416760383089193,-0.0013457063987002036,0.0011334024799360964,0.0017197619261401906,0.05309287614493984,Middle,0.001532734162420197,Fast,0.724,Late-life
CS2_35,725,0.6396165649289675,-0.0013310521181929304,0.001308851763533104,0.0027300548608857173,0.05308645225612711,Middle,0.002030553489539324,Fast,0.725,Late-life
CS2_35,726,0.5084077663336182,-0.0020278276141443307,0.005451232434891698,0.0222132183329817,0.05798993910003093,Middle,0.012120522973563017,Fast,0.726,Late-life
CS2_35,727,0.6365257160739739,-0.0019505950599428572,0.0013036380002746113,0.002340155465823842,0.06276078956861583,Middle,0.00214537526288335,Fast,0.727,Late-life
CS2_35,728,0.6371180258821273,-0.001857782346219057,0.0012558129509985213,0.001729842286776671,0.06276167993722052,Middle,0.001793812316497864,Fast,0.728,Late-life
CS2_35,729,0.6382060834000698,-0.0017495752194240418,0.001182914277188017,0.001134694697984741,0.06276309318550641,Middle,0.0014421349587043913,Fast,0.729,Late-life
CS2_35,730,0.6358359052258903,-0.001648050768708494,0.001206073434840009,0.0011359561149019942,0.06276340459337107,Middle,0.001392003441805244,Fast,0.73,Late-life
CS2_35,731,0.6321362607258959,-0.0015632293970684202,0.0022960715730622697,0.0013628253690033398,0.06249460583535405,Middle,0.00146302738303588,Fast,0.731,Late-life
CS2_35,732,0.6297876827971616,-0.0012946928947335354,0.002098266566636923,0.0014041260188294119,0.062484081977264246,Middle,0.0013494094567814735,Fast,0.732,Late-life
CS2_35,733,0.6236828852610931,-0.0010851836510958883,-0.0016451363975872825,-0.016467874132496414,0.05839434164239267,Middle,-0.007691345240700262,Slow,0.733,Late-life
CS2_35,734,0.6208660832180773,-0.0016044094316923895,0.0019750806616605616,0.002237090407985222,0.05486266119525275,Middle,0.0019207499198388058,Fast,0.734,Late-life
CS2_35,735,0.6186444739695673,-0.0014921665823543534,0.001953148515303339,0.0026390788446514213,0.05486241439698533,Middle,0.0020656227135028874,Fast,0.735,Late-life
CS2_35,736,0.6181439896816795,-0.0013770583525780518,0.001885081417570539,0.0028660133883414707,0.054862880534046934,Middle,0.0021215358704597615,Fast,0.736,Late-life
CS2_35,737,0.6191153373089586,-0.0012498424742516496,0.0017982730336446595,0.002388652559561666,0.05486527986749812,Middle,0.0018192475169066576,Fast,0.737,Late-life
CS2_35,738,0.4862652900340723,-0.001866792581618565,0.006042572275226362,0.020838710098831943,0.05969975635286265,Late,0.011352751340225254,Fast,0.738,Late-life
CS2_35,739,0.6172606520663331,-0.0016780396446851298,-0.0019457424510781688,0.0017895758186897862,0.06096192628392629,Middle,0.001733807731687458,Fast,0.739,Late-life
CS2_35,740,0.6154115536052629,-0.0021846445364244477,0.0018336101416467317,0.0011816188079757373,0.05721615806440507,Middle,0.0016831316722000925,Fast,0.74,Late-life
CS2_35,741,0.6126322529242823,-0.0020310292490972196,0.0018803221708769834,0.0011762614705421567,0.05721632535377158,Middle,0.0016036453598196883,Fast,0.741,Late-life
CS2_35,742,0.6113423346482284,-0.001870939539662844,0.0017654639616499258,0.0010431627601912772,0.057213737898693315,Middle,0.0014570511499270606,Fast,0.742,Late-life
CS2_35,743,0.609615765340159,-0.0017281575810629108,0.0017142534307408022,0.0012183177630743502,0.0572130160262116,Middle,0.0014732376720686304,Fast,0.743,Late-life
CS2_35,744,0.608547422345415,-0.001590795690073857,0.0016693428904868207,0.0015097021376490843,0.05721295709046594,Middle,0.0015502489138614706,Fast,0.744,Late-life
CS2_35,745,0.6074670207974396,-0.0014545831485712787,0.0016450577628266334,-0.017314532966195333,0.05721304498036308,Middle,-0.007929974908812027,Slow,0.745,Late-life
CS2_35,746,0.6062003216677231,-0.0013172900622363444,0.0016429758246396917,0.0015800471998014265,0.05721305795490989,Middle,0.0014486686310188853,Fast,0.746,Late-life
CS2_35,747,0.6072728516372969,-0.0011627967349619483,-0.0023665771281153845,0.0011626717097094222,0.05257603098996491,Middle,0.0011627342223356854,Fast,0.747,Late-life
CS2_35,748,0.607180161895516,-0.001735857132482143,0.0015011035450446636,0.0007788701469666005,0.047846146391313196,Middle,0.0012573636397243718,Fast,0.748,Late-life
CS2_35,749,0.6078360839320721,-0.0016074201422021826,0.0016416408071966246,0.0005008929594508985,0.04783277265138599,Middle,0.0010541565508265405,Fast,0.749,Late-life
CS2_35,750,0.634352270211751,-0.0012811874413691685,0.0009531620791206154,-0.0035337864102274225,0.04808705622059503,Middle,-0.001126299484429127,Slow,0.75,Late-life
CS2_35,751,0.6233482808150653,-0.0009772520105879802,0.0009535007586992087,-0.0021144083528071844,0.048087129329205246,Middle,-0.0005685781711096021,Slow,0.751,Late-life
CS2_35,752,0.6159145823482419,-0.0007671812802566454,0.0010745915981071634,-0.0012067945072574693,0.04809894852149899,Middle,-0.00021980661350041195,Slow,0.752,Late-life
CS2_35,753,0.61097964481234,-0.0005938471225665842,0.0011344935959233212,-0.0006827604492309902,0.04810268286134384,Middle,-4.445666333220303e-05,Slow,0.753,Late-life
CS2_35,754,0.6068918038468136,-0.00044833585906561434,0.0011901869091416328,5.443539864047331e-05,0.04810515006663375,Middle,0.0002513856288530438,Medium,0.754,Late-life
CS2_35,755,0.6045310012373086,-0.00031613014696794587,0.0011982270023100212,0.0003784515226010595,0.04810533002253962,Middle,0.0003472908347845027,Medium,0.755,Late-life
CS2_35,756,0.6012781774945336,-0.00020078767043528307,0.0012367221753043177,0.0009368437767912154,0.0481065196487745,Middle,0.0005688157236132493,Medium,0.756,Late-life
CS2_35,757,0.6004966740801143,-8.753344642399081e-05,-0.002970609927306327,0.004836513733090956,0.04162764810821796,Middle,0.002462023589757473,Fast,0.757,Late-life
CS2_35,758,0.6009305047380914,-0.0007510757439580731,0.0011482326237381452,0.0032025394395677038,0.03454682832265888,Middle,0.0019768075917628884,Fast,0.758,Late-life
CS2_35,759,0.6014181366522136,-0.0006708564113674028,0.0011516093299972173,0.0020709208137183388,0.0345466576415242,Middle,0.0013708886125428708,Fast,0.759,Late-life
CS2_35,760,0.5951440893026321,-0.0006098332087848937,0.0013890965837883135,0.0022622222156725635,0.03455605180168789,Middle,0.0014360277122287286,Fast,0.76,Late-life
CS2_35,761,0.5899847221595576,-0.0005561572588021236,0.0014790704214946043,0.0024152973838937252,0.03456232194582017,Middle,0.0014857273213479245,Fast,0.761,Late-life
CS2_35,762,0.5851054100827371,-0.0005268639759103308,0.0015171242142954457,0.0027750844506530775,0.03456549761050107,Middle,0.001650974213281704,Fast,0.762,Late-life
CS2_35,763,0.5803739792907481,-0.0005282344820150797,0.001593990435690758,0.0029863140291122186,0.0345700573919334,Middle,0.001757274255563649,Fast,0.763,Late-life
CS2_35,764,0.5766479914287214,-0.0005460060387981226,0.0015172546397539256,0.003406954664484707,0.034562350197347415,Middle,0.001976480351641415,Fast,0.764,Late-life
CS2_35,765,0.5744121349341068,-0.0005939261453037488,0.0014985144607732432,0.0037883385434263695,0.034561779570826186,Middle,0.002191132344365059,Fast,0.765,Late-life
CS2_35,766,0.5722122582119675,-0.0006533215350116955,0.001497813411535478,0.004172268348606575,0.03456176463511154,Middle,0.0024127949418091352,Fast,0.766,Late-life
CS2_35,767,0.5728198420987273,-0.0007048669164166838,0.0014620692768694266,0.0031891781719864004,0.03456340341375067,Middle,0.001947022544201542,Fast,0.767,Late-life
CS2_35,768,0.5741095918320449,-0.0007353134114627694,0.001451798241190765,0.0022678757610732347,0.034564197944292094,Middle,0.001501594586268002,Fast,0.768,Late-life
CS2_35,769,0.5733921372155395,-0.0007478196252977422,-0.0028105434574666834,0.001673324695313941,0.02450330490496108,Middle,0.0012105721603058416,Fast,0.769,Late-life
CS2_35,770,0.5750423954644402,-0.0015377171797061131,0.001361879245222349,0.0007616548323296898,0.0058954067973004,Middle,0.0011496860060179015,Fast,0.77,Late-life
CS2_35,771,0.5673919241199469,-0.0016113155910564537,0.001549020305977936,0.0013222953298249265,0.006002493848729746,Middle,0.0014668054604406902,Fast,0.771,Late-life
CS2_35,772,0.5625018562235049,-0.0017056022168701935,0.0016171095709928177,0.0017014683872288439,0.006028828688707461,Middle,0.0017035353020495186,Fast,0.772,Late-life
CS2_35,773,0.5607421388979329,-0.0018073024725962438,0.0016322643790417906,0.001638588473433519,0.006028569271524902,Middle,0.0017229454730148814,Fast,0.773,Late-life
CS2_35,774,0.5585636701486442,-0.001910161013931715,0.0016468417803714478,0.0020365959928690153,0.0060293512147442845,Middle,0.0019733785034003653,Fast,0.774,Late-life
CS2_35,775,0.5569001951132855,-0.0020135670597142747,0.0016660395881332114,0.0024584852455370614,0.006028395233426117,Middle,0.002236026152625668,Fast,0.775,Late-life
CS2_35,776,0.5554573817556794,-0.002112308771270016,0.0016777302916696857,0.0025621079228371597,0.006027573016006615,Middle,0.0023372083470535876,Fast,0.776,Late-life
CS2_35,777,0.5571807302694056,-0.002188332258115026,0.0015812771418812085,0.002551666456433518,0.0060582150418802445,Middle,0.002369999357274272,Fast,0.777,Late-life
CS2_35,778,0.5584115915731822,-0.0022465903105405947,0.001576169679487572,0.00128290464953781,0.006060593223415575,Middle,0.0017647474800392023,Fast,0.778,Late-life
CS2_35,779,0.5562629209107005,-0.0022930517796362353,0.001642491644671469,0.0008912764732577706,0.006055065082353872,Middle,0.001592164126447003,Fast,0.779,Late-life
CS2_35,780,0.5532759619916111,-0.0023383465747064706,0.0017600039335632582,0.0010665967009031124,0.006044311921327086,Middle,0.0017024716378047915,Fast,0.78,Late-life
CS2_35,781,0.5466684526859114,-0.002397457161833607,0.002828510242769021,0.0016993167803904014,0.003079900949214412,Middle,0.0020483869711120043,Fast,0.781,Late-life
CS2_35,782,0.5446540685325794,-0.0022852108023023103,0.002538522976854386,0.0017494466543865883,0.0026819841321700576,Middle,0.0020173287283444495,Fast,0.782,Late-life
CS2_35,783,0.5407117652862842,-0.0022290397080509785,0.002425897324579282,0.0021065166384850293,0.0025390667698951585,Middle,0.0021677781732680037,Fast,0.783,Late-life
CS2_35,784,0.5388488734000515,-0.0021981231348445077,0.0023267990778157587,0.0026188366956220177,0.002497485801516459,Middle,0.0024084799152332627,Fast,0.784,Late-life
CS2_35,785,0.5368035746686801,-0.0021804260963632803,0.002260910618649468,0.003086859557786013,0.002476330980957349,Middle,0.002633642827074647,Fast,0.785,Late-life
CS2_35,786,0.5350577581546031,-0.0021701826728951442,0.00224107235750663,0.0030293089651567723,0.002477966889000224,Middle,0.0025997458190259583,Fast,0.786,Late-life
CS2_35,787,0.5329375679628514,-0.002159932704462479,0.0022045357913445867,0.0029054848612513856,0.0024708917835549052,Middle,0.0025327087828569323,Fast,0.787,Late-life
CS2_35,788,0.5310067545081119,-0.0021540836770231366,0.002241610308774273,0.002237385453971357,0.0024574138088502115,Middle,0.0021957345654972467,Fast,0.788,Late-life
CS2_35,789,0.529029440940941,-0.0021384369016522273,0.0023193891547467886,0.002232089655948344,0.0024075631609823274,Middle,0.0021852632788002856,Fast,0.789,Late-life
CS2_35,790,0.3806653011407138,-0.0029369465514674288,0.00712105921004838,0.022863780592224343,0.026318778809134025,Late,0.012900363571845886,Fast,0.79,Late-life
CS2_35,791,0.5454958599713838,-0.002715227171936672,0.0016015557848789756,-0.0009495695101903337,0.04058019738656563,Middle,0.0008828288308731692,Medium,0.791,Late-life
CS2_35,792,0.5505784885330361,-0.002482077719781878,0.0012711688266619807,-0.0019678448377651475,0.04059195695163013,Middle,0.0002571164410083652,Medium,0.792,Late-life
CS2_35,793,0.552215346740907,-0.0022544974226377675,0.0010609697852203255,-0.002451084083757699,0.04058952135123136,Middle,-9.829333055996585e-05,Slow,0.793,Late-life
CS2_35,794,0.5531476407427828,-0.0020372868897238043,0.0008782689854182355,-0.0028871532542759093,0.04058519572255177,Middle,-0.0004249331822760525,Slow,0.794,Late-life
CS2_35,795,0.5528257725264298,-0.0018388079536138453,0.0007684586742674685,-0.003117002574045426,0.040581838970452935,Middle,-0.0006390973102157904,Slow,0.795,Late-life
CS2_35,796,0.5527726021819842,-0.0016530690223785227,0.0006980494436168582,-0.0033918801772918933,0.040581101646986785,Middle,-0.0008694055774566853,Slow,0.796,Late-life
CS2_35,797,0.5522643474187205,-0.001474989252340049,0.0006434809933305478,-0.02451414946828668,0.040580152190510414,Middle,-0.011519580107973316,Slow,0.797,Late-life
CS2_35,798,0.5517267880029889,-0.0013051508127061636,0.0006804210998625278,-0.0008901325759435823,0.040579496591456314,Middle,0.00020750911838129065,Medium,0.798,Late-life
CS2_35,799,0.5509010207368835,-0.0011288199934110419,0.0007486635837148835,-4.607602912105284e-05,0.04057785171442745,Middle,0.0005413719821449945,Medium,0.799,Late-life
CS2_35,800,0.5469602232453973,-0.0009590444047451201,0.0008526423861336199,0.0007507319279299596,0.04058189870631794,Middle,0.0008548881663375398,Medium,0.8,Late-life
CS2_35,801,0.534974013795321,-0.000851759607524166,0.0012925284409393324,0.0025962324210659755,0.04062774437511733,Middle,0.0017239960142950708,Fast,0.801,Late-life
CS2_35,802,0.5265622026844273,-0.0007682049010993251,0.001317087788242566,0.0037519385488575013,0.04063194574061912,Middle,0.002260071724978413,Fast,0.802,Late-life
CS2_35,803,0.52046846554551,-0.0007477753816456414,0.0013559158283224175,0.004614876662353463,0.04063604881387403,Middle,0.0026813260219995523,Fast,0.803,Late-life
CS2_35,804,0.5155948642615391,-0.0007674131208497331,0.0014563636979481867,0.0052384975938830625,0.04064092853614954,Middle,0.0030029553573663976,Fast,0.804,Late-life
CS2_35,805,0.5111712276836472,-0.0008056339652104524,0.0015287884666128054,0.005793651474191673,0.040644258649609494,Middle,0.003299642719701063,Fast,0.805,Late-life
CS2_35,806,0.5068770569047402,-0.0008632585743153266,0.001613649619630494,0.0062891376903061935,0.04064729543699802,Middle,0.00357619813231076,Fast,0.806,Late-life
CS2_35,807,0.5048949947706894,-0.0009232595352960407,0.0016310447414512883,0.006009318353529691,0.040647335276633736,Middle,0.003466288944412866,Fast,0.807,Late-life
CS2_35,808,0.5016623727036441,-0.0009912908709457866,0.0017909147601858552,0.004758805870239548,0.040643448318862775,Middle,0.002875048370592667,Fast,0.808,Late-life
CS2_35,809,0.5033847128135631,-0.001019393126231788,0.001775060605149003,0.00331106998155203,0.04064476217778558,Middle,0.002165231553891909,Fast,0.809,Late-life
CS2_35,810,0.5012966347558728,-0.0010321947880156236,0.0017731060049944413,0.0027388329699481622,0.040644745068983114,Middle,0.001885513878981893,Fast,0.81,Late-life
CS2_35,811,0.4959432865917155,-0.001067472624894052,0.0018494411419321167,0.002807368238546231,0.04064932271188658,Late,0.0019374204317201414,Fast,0.811,Late-life
CS2_35,812,0.4979176336738231,-0.0010874875615061112,0.0015726070649060733,0.0018933705728320174,0.04064506099617841,Late,0.0014904290671690643,Fast,0.812,Late-life
CS2_35,813,0.497078281276624,-0.0011319436775107023,0.001534702814708237,0.001399825089730879,0.040645183174313974,Late,0.0012658843836207906,Fast,0.813,Late-life
CS2_35,814,0.4858961028058502,-0.0012339404582578423,0.001768247176788192,0.002714127423548461,0.04068026297557635,Late,0.0019740339409031514,Fast,0.814,Late-life
CS2_35,815,0.4829587177091454,-0.0013549326593994342,0.0018029082480937454,0.002671950713499817,0.040680804054504804,Late,0.002013441686449626,Fast,0.815,Late-life
CS2_35,816,0.4829387476608475,-0.0014661353459861743,0.0017375750647687944,0.0029208521646736612,0.04068202811641286,Late,0.002193493755329918,Fast,0.816,Late-life
CS2_35,817,0.4875332441731168,-0.001543108783081787,0.0015330488381124622,0.001966198654679436,0.040697919951833056,Late,0.0017546537188806114,Fast,0.817,Late-life
CS2_35,818,0.4889338691863752,-0.0016046225259989642,0.0014194741540798773,0.0010013453436200398,0.04070113941238703,Late,0.0013029839348095021,Fast,0.818,Late-life
CS2_35,819,0.4885996816070219,-0.0016639512090464983,0.0013679700935835474,0.0013311360095430277,0.040701480984664494,Late,0.0014975436092947631,Fast,0.819,Late-life
CS2_35,820,0.4888157480924736,-0.0017174776579015455,0.0012972158983376573,0.001180361883450062,0.040702292855941416,Late,0.0014489197706758039,Fast,0.82,Late-life
CS2_35,821,0.4939489808223142,-0.001738331658123954,-0.0036543122477935615,-0.0011504111452091403,0.030195431947608813,Late,0.00029396025645740686,Medium,0.821,Late-life
CS2_35,822,0.4905621762404925,-0.002662933208787477,0.0017720543138997212,-0.0010862083616210122,0.004130815507970057,Late,0.0007883624235832324,Medium,0.822,Late-life
CS2_35,823,0.4859245015233103,-0.002657210937057314,0.002085612484184705,-0.00042653626606611476,0.0039584775073554625,Late,0.0011153373354955995,Fast,0.823,Late-life
CS2_35,824,0.4816518481157187,-0.00262318639190426,0.0022762418911351063,0.0008401994367711528,0.003915295470076281,Late,0.0017316929143377064,Fast,0.824,Late-life
CS2_35,825,0.4794863305803092,-0.0025662992078038524,0.0023761712955636637,0.001349648372295144,0.0038699446739553192,Late,0.001957973790049498,Fast,0.825,Late-life
CS2_35,826,0.4766914771669628,-0.002492992801091777,0.0024559450115957107,0.0017011720628655827,0.0038516317223565313,Late,0.00209708243197868,Fast,0.826,Late-life
CS2_35,827,0.4702094357127364,-0.0024304365060125767,0.0026633279506208976,0.0026580446256767427,0.0038908220897337334,Late,0.00254424056584466,Fast,0.827,Late-life
CS2_35,828,0.4617836905743417,-0.002385790776737917,0.0029187308659477046,0.00459504146399607,0.004002890028042254,Late,0.003490416120366994,Fast,0.828,Late-life
CS2_35,829,0.4583359500231247,-0.0023304548973643183,0.0030126076767698125,0.004603746602481108,0.003979240013477758,Late,0.003467100749922713,Fast,0.829,Late-life
CS2_35,830,0.4583419085253675,-0.002243905299581329,0.0029857778132747104,0.003940370428277543,0.003997239415114751,Late,0.003092137863929436,Fast,0.83,Late-life
CS2_35,831,0.4561571829003244,-0.002140531481710835,0.002929130333712028,0.0036420950307706123,0.003995696990637729,Late,0.0028913132562407235,Fast,0.831,Late-life
CS2_35,832,0.4515844429371928,-0.002052244463767581,0.0026899861567138113,0.003985983949016629,0.0036417290566635313,Late,0.0030191142063921055,Fast,0.832,Late-life
CS2_35,833,0.4503277844796083,-0.0020086329889733787,0.0024591747808006136,0.0037662418124792146,0.003490603446026971,Late,0.0028874374007262964,Fast,0.833,Late-life
CS2_35,834,0.446052790722178,-0.002009160464785563,0.002400505639462321,0.0034509492843654804,0.003442430456478889,Late,0.002730054874575522,Fast,0.834,Late-life
CS2_35,835,0.4433144114213114,-0.0020325919471935318,0.0023316275109750875,0.002638468450432902,0.0034125294132109018,Late,0.002335530198813217,Fast,0.835,Late-life
CS2_35,836,,,,,,,,,0.836,Late-life
CS2_35,837,0.4519293449011527,,,,,Late,,,0.837,Late-life
CS2_35,838,0.4284041301969272,,,,,Late,,,0.838,Late-life
CS2_35,839,0.4191960792145963,,,,,Late,,,0.839,Late-life
CS2_35,840,0.4153181071438381,,,,,Late,,,0.84,Late-life
CS2_35,841,0.3995816125865725,,,,,Late,,,0.841,Late-life
CS2_35,842,0.390469178078118,,,,,Late,,,0.842,Late-life
CS2_35,843,0.3835338800529652,,,,,Late,,,0.843,Late-life
CS2_35,844,0.3777510202953764,,,0.010596903515110905,,Late,,,0.844,Late-life
CS2_35,845,0.3727948644611232,,,0.00794418081940057,,Late,,,0.845,Late-life
CS2_35,846,0.3679189794984815,,,0.0073252999594449674,,Late,,,0.846,Late-life
CS2_35,847,0.3598061765258324,,,0.007930275802572242,,Late,,,0.847,Late-life
CS2_35,848,0.3589474296536482,,,0.005804883276132045,,Late,,,0.848,Late-life
CS2_35,849,0.3590145714603815,,,0.00449351523110521,,Late,,,0.849,Late-life
CS2_35,850,0.3632102892489291,,,0.0029033701148622948,,Late,,,0.85,Late-life
CS2_35,851,0.3621956109183473,,,0.002222201339575585,,Late,,,0.851,Late-life
CS2_35,852,0.3590138891413721,,,0.001968710759964441,,Late,,,0.852,Late-life
CS2_35,853,0.3564450263344755,,,0.001639136166286573,,Late,,,0.853,Late-life
CS2_35,854,0.3491966691263465,,,0.0015156439142122724,,Late,,,0.854,Late-life
CS2_35,855,0.3425614265073403,,,0.0023408575923296988,,Late,,,0.855,Late-life
CS2_35,856,0.3375097908179348,,,0.0030721115203495297,,Late,,,0.856,Late-life
CS2_35,857,0.2399206647038454,,,0.01761280350644053,,Late,,,0.857,Late-life
CS2_35,858,0.3327415434546665,,,0.00420772392338297,,Late,,,0.858,Late-life
CS2_35,859,0.3296513670474141,,,0.004194646013422573,,Late,,,0.859,Late-life
CS2_35,860,0.3255652145937724,,,0.0044114016772432985,,Late,,,0.86,Late-life
CS2_35,861,0.2320898582421403,,,0.016729544412029458,,Late,,,0.861,Late-life
CS2_35,862,0.2207402029965392,,,0.01740303193011444,,Late,,,0.862,Late-life
CS2_35,863,0.3189968348224458,,,0.0026447079993555745,,Late,,,0.863,Late-life
CS2_35,864,0.3165378647822288,,,-0.010945314296911911,,Late,,,0.864,Late-life
CS2_35,865,0.3198619993238952,,,0.0018399348758244719,,Late,,,0.865,Late-life
CS2_35,866,0.3219372712504619,,,0.0011020136852788861,,Late,,,0.866,Late-life
CS2_35,867,0.2296197799993635,,,0.01370649065634413,,Late,,,0.867,Late-life
CS2_35,868,0.3261272391228993,-0.004862072213494248,0.0040581324444597874,-0.013433911554394147,0.042961737050513586,Late,-0.00428591967044995,Slow,0.868,Late-life
CS2_35,869,0.3261070670399668,-0.004333147795061305,0.0032999052631277554,-0.015052409149061082,0.042813876715337325,Late,-0.005359630676999889,Slow,0.869,Late-life
CS2_35,870,0.3229563800069728,-0.003918292076690659,0.0031045064260523704,-0.0005656493120752877,0.04279983397952712,Late,0.0016763213823076859,Fast,0.87,Late-life
CS2_35,871,0.3134509226300301,-0.0035744846282471034,0.0032860382101228386,0.0004409917360283828,0.04281515542296412,Late,0.002007738182137743,Fast,0.871,Late-life
CS2_35,872,0.3030842742935746,-0.0032742711797295013,0.0031128173642902546,0.0023968178614743713,0.04277394729816343,Late,0.0028355445206019363,Fast,0.872,Late-life
CS2_35,873,0.3001081895522762,-0.003045006279904991,0.0029148705976077996,0.003118440242597958,0.04275945339661546,Late,0.003081723261251474,Fast,0.873,Late-life
CS2_35,874,0.2967133939344535,-0.002853681658097877,0.0028006608425326348,-0.009584801990727143,0.042753084791132115,Late,-0.003365560166314633,Slow,0.874,Late-life
CS2_35,875,0.2937046157377261,-0.002687031777977212,0.0027111743405693637,0.00463180334073903,0.042749537749680634,Late,0.0036594175593581213,Fast,0.875,Late-life
CS2_35,876,0.291469528107975,-0.0025351296177781395,0.0026233979468757484,0.004948219847427398,0.042747568042106734,Late,0.0037416747326027688,Fast,0.876,Late-life
CS2_35,877,0.2889936180697719,-0.002395643764276261,0.002545979400926116,0.00485182313388584,0.042745525870276524,Late,0.0036237334490810506,Fast,0.877,Late-life
CS2_35,878,0.285951270022357,-0.002272216286957352,0.002382416338821788,0.00392852180109616,0.04273321384895481,Late,0.0031003690440267557,Fast,0.878,Late-life
CS2_35,879,0.2831440263432033,-0.0021837616163098146,0.00244527107453048,0.002848606850053043,0.042732331012629764,Late,0.002516184233181429,Fast,0.879,Late-life
CS2_35,880,0.2842329158528351,-0.002066212145738922,0.002412311471211174,0.0022678962427772975,0.04273472741200007,Late,0.0021670541942581095,Fast,0.88,Late-life
CS2_35,881,0.2856162812594446,-0.0019130085265557275,0.0025030325157898233,0.0015853018107155575,0.04272321530583253,Late,0.0017491551686356424,Fast,0.881,Late-life
CS2_35,882,0.2860220861006594,-0.0017052163411149137,0.0024572104779899324,0.0010975042338666752,0.042725626513530485,Late,0.0014013602874907946,Fast,0.882,Late-life
CS2_35,883,0.2831789628562927,-0.0014914206364636943,0.0024462879446799815,0.0011843664645260449,0.0427254784029772,Late,0.0013378935504948695,Fast,0.883,Late-life
CS2_35,884,0.2785198463773109,-0.001294376422531769,0.00251371548248918,0.0014962530989229997,0.04272732762833211,Late,0.0013953147607273842,Fast,0.884,Late-life
CS2_35,885,0.2797822776807508,-0.0010761901662048403,0.002239173917599861,0.0008812846202294532,0.04272323398918801,Late,0.0009787373932171467,Medium,0.885,Late-life
CS2_35,886,0.2741302849514714,-0.0009058561945495561,0.002207456179221577,0.001287677341675984,0.04272022643533872,Late,0.00109676676811277,Fast,0.886,Late-life
