battery,cycle,current_soh,soh_slope,mean_degradation_rate,recent_degradation_rate,volatility,state_soh_level,dynamics_score,state_degradation_dynamics,normalized_cycle_position,state_cycle_position
CS2_37,1,1.0317720894686515,,,,,Early,,,0.001,Early-life
CS2_37,2,1.0225325725837655,,,,,Early,,,0.002,Early-life
CS2_37,3,1.0222651263738298,,,,,Early,,,0.003,Early-life
CS2_37,4,1.0216055687628025,,,,,Early,,,0.004,Early-life
CS2_37,5,1.0180492704808943,,,,,Early,,,0.005,Early-life
CS2_37,6,1.0169749661114544,,,,,Early,,,0.006,Early-life
CS2_37,7,1.0113921034056863,,,,,Early,,,0.007,Early-life
CS2_37,8,1.0003695196557367,,,0.004486081401844969,,Early,,,0.008,Early-life
CS2_37,9,0.9965113372205664,,,0.003717319337599873,,Early,,,0.009,Early-life
CS2_37,10,0.9935276445413836,,,0.004105354547492311,,Early,,,0.01,Early-life
CS2_37,11,0.9896970536504546,,,0.004558359301763991,,Early,,,0.011,Early-life
CS2_37,12,0.9953798727432556,,,0.003238485391091252,,Early,,,0.012,Early-life
CS2_37,13,0.9972314567691642,,,0.0028205013346128843,,Early,,,0.013,Early-life
CS2_37,14,0.9973874755475522,,,0.0020006611225905795,,Early,,,0.014,Early-life
CS2_37,15,0.9970348780974672,,,0.00047637736546708124,,Early,,,0.015,Early-life
CS2_37,16,0.9966316350249164,,,-1.718540062142385e-05,,Early,,,0.016,Early-life
CS2_37,17,0.8999849820738022,,,0.013363237495368782,,Early,,,0.017,Early-life
CS2_37,18,0.9958321627602372,,,-0.0008764441585403793,,Early,,,0.018,Early-life
CS2_37,19,0.9953984980019468,,,-2.6607512416042056e-06,,Early,,,0.019,Early-life
CS2_37,20,0.994648615800548,,,0.0003689772812308962,,Early,,,0.02,Early-life
CS2_37,21,0.9939834394998116,,,0.00048629086396294915,,Early,,,0.021,Early-life
CS2_37,22,0.9933796888538992,,,0.000522169891938286,,Early,,,0.022,Early-life
CS2_37,23,0.992778794225586,,,0.000550405828475764,,Early,,,0.023,Early-life
CS2_37,24,0.9923437502382884,,,-0.013194109737783741,,Early,,,0.024,Early-life
CS2_37,25,0.9919252893242908,,,0.0005581247765637747,,Early,,,0.025,Early-life
CS2_37,26,0.9911601909535602,,,0.0006054724354837956,,Early,,,0.026,Early-life
CS2_37,27,0.990522717894364,,,0.0005894139865977152,,Early,,,0.027,Early-life
CS2_37,28,0.984802832680345,,,0.0013115152599238059,,Early,,,0.028,Early-life
CS2_37,29,0.9743611531745248,,,0.002716933668482056,,Early,,,0.029,Early-life
CS2_37,30,0.9713548565144526,,,0.003060562530161911,,Early,,,0.03,Early-life
CS2_37,31,0.9688679578254876,,,0.003353684630400105,,Early,,,0.031,Early-life
CS2_37,32,0.9662339256206306,-0.0014963994614459282,0.002114134317678094,0.003670194814808601,0.025088323855626156,Early,0.002583297138127265,,0.032,Early-life
CS2_37,33,0.9743302092807776,-0.001378944808144804,0.0015549149452576737,0.0024042830961118,0.02511739560516777,Early,0.0018916139521283019,,0.033,Early-life
CS2_37,34,0.9774538517574172,-0.001278569953239893,0.0014455249876262146,0.0018669808767066856,0.02513057051504724,Early,0.0015727754149732895,,0.034,Early-life
CS2_37,35,0.9746048513655188,-0.001179475760986003,0.0015161521741059267,0.0014568544735465982,0.025131364597956476,Early,0.0013181651172663007,,0.035,Early-life
CS2_37,36,0.9644785618096174,-0.0011244357892930012,0.001728087376492803,0.0014117987664153317,0.025176804439685136,Early,0.0012681172778541664,,0.036,Early-life
CS2_37,37,0.9614656888514488,-0.0010870832976403102,0.0017906218470969564,0.0014127382375719786,0.025177533946115944,Early,0.0012499107676061444,,0.037,Early-life
CS2_37,38,0.9604657256732322,-0.001041168441518645,0.0016427863784662618,0.0012003188788936342,0.025167977672388764,Early,0.0011207436602061398,,0.038,Early-life
CS2_37,39,0.9581701760978364,-0.0010213492645119353,0.001361269147029043,0.0011519642175420294,0.02510829988542798,Early,0.0010866567410269825,,0.039,Early-life
CS2_37,40,0.9668882657325316,-0.0009991548364892918,0.0009555829512269283,0.001063134792606573,0.02516814029125335,Early,0.0010311448145479325,,0.04,Early-life
CS2_37,41,0.9698408954265856,-0.000971246697322677,0.0007640886811225183,0.0010875651901187983,0.025174777520962293,Early,0.0010294059437207376,,0.041,Early-life
CS2_37,42,0.9704902700173984,-0.0009479189031908602,0.000619573665582457,0.0005877973354457674,0.025169445575429744,Early,0.0007678581193183139,,0.042,Early-life
CS2_37,43,0.9570017936189532,-0.0010159542906397806,0.0012380025523968502,0.0010681097415234614,0.025244842468230427,Early,0.0010420320160816209,Slow,0.043,Early-life
CS2_37,44,0.9561132907018722,-0.001042681034449444,0.0013263924537836134,0.0007646283070823648,0.02523846042988668,Early,0.0009036546707659043,Slow,0.044,Early-life
CS2_37,45,0.9548562719339124,-0.0010509569250459329,0.0013719743101174137,0.000801350534188537,0.025236969843796787,Early,0.000926153729617235,Slow,0.045,Early-life
CS2_37,46,0.9534401199032706,-0.0010508020465061518,0.0014062825223934373,0.0006757223135093986,0.025236260777390114,Early,0.0008632621800077752,Slow,0.046,Early-life
CS2_37,47,0.9573898506550388,-0.0010142284273614403,0.0012658640119315348,0.0013569164396418326,0.02525413186832848,Early,0.0011855724335016365,Medium,0.047,Early-life
CS2_37,48,0.962856259303428,-0.0009345020036729568,-0.0020281057170847038,0.0009978051604510835,0.018022769446225315,Early,0.0009661535820620201,Slow,0.048,Early-life
CS2_37,49,0.964611660509918,-0.0014169770753185609,0.00100711297581675,0.0008398013582114894,0.004680003443992358,Early,0.0011283892167650252,Medium,0.049,Early-life
CS2_37,50,0.9528666383984392,-0.001410154507608514,0.0013719954710808898,0.0005907364600734282,0.005059379080892252,Early,0.0010004454838409712,Slow,0.05,Early-life
CS2_37,51,0.9514694554520728,-0.00139814362604901,0.0013928761402733913,0.0006634050356856269,0.00505806153231643,Early,0.0010307743308673185,Medium,0.051,Early-life
CS2_37,52,0.9501564267241748,-0.0013820256913574089,0.0014137746056657042,0.0006714064585339503,0.0050562927241614795,Early,0.0010267160749456797,Slow,0.052,Early-life
CS2_37,53,0.9487867950259372,-0.001361403545231954,0.0014384804460632885,0.0006647606967619124,0.005054073510275677,Early,0.0010130821209969332,Slow,0.053,Early-life
CS2_37,54,0.990073141792129,-0.0010932839160814726,8.727911075667727e-05,-0.00466904159101289,0.009191338287084024,Early,-0.0017878788374657089,Slow,0.054,Early-life
CS2_37,55,0.9867066790827892,-0.0008467142819090425,0.00018184100501610203,-0.0034072028256230285,0.009210095709573523,Early,-0.001280244271856993,Slow,0.055,Early-life
CS2_37,56,0.99052900843927,-0.0005788323330819937,4.504131887163713e-05,-0.003702478275621725,0.009237916687777781,Early,-0.0015618229712698658,Slow,0.056,Early-life
CS2_37,57,0.9900087493591078,-0.0003157721874164079,3.7143277240402016e-05,-0.0053060158515240785,0.009237385196258194,Early,-0.0024951218320538354,Slow,0.057,Early-life
CS2_37,58,0.9805255297973272,-0.00011051903821689441,0.000322489938614089,-0.004150867763607767,0.009391880207597552,Early,-0.002020174362695436,Slow,0.058,Early-life
CS2_37,59,0.9763795708985544,7.122017870569075e-05,0.0002717181219932431,-0.0037461634534828076,0.009365948151055788,Early,-0.0019086918160942492,Slow,0.059,Early-life
CS2_37,60,0.9748013573737108,0.00021458063145283785,-1.4200135457612923e-05,-0.0037163660496819357,0.009178551323581956,Early,-0.001965473340567387,Slow,0.06,Early-life
CS2_37,61,0.870349526487315,-0.0002950243172950946,0.0032582364524883106,0.01710337361497343,0.020896114703192973,Early,0.008699198966134263,Fast,0.061,Early-life
CS2_37,62,0.9647731582886364,-0.0002481871748712673,0.0001320903076403617,0.0031333601134503975,0.027287130197825096,Early,0.0016907736441608323,Fast,0.062,Early-life
CS2_37,63,0.9686152864008254,-0.00019214883904685118,-7.681808968370311e-05,0.0031305317197778087,0.027292127074494434,Early,0.00166134027941233,Fast,0.063,Early-life
CS2_37,64,0.9662515370301444,-0.0001653799222844053,0.0002606023306655868,0.0033938874755661897,0.02725430921295516,Early,0.0017796336989252975,Fast,0.064,Early-life
CS2_37,65,0.9584141670154928,-0.00013417851514225772,0.0006141833787717552,0.0031587661116906363,0.027280029209171514,Early,0.001646472313416447,Fast,0.065,Early-life
CS2_37,66,0.9571055156019443,-8.568530220104474e-05,0.0005644947020507881,0.0027534364709442976,0.027277225635111958,Early,0.0014195608865726712,Fast,0.066,Early-life
CS2_37,67,0.9552732056209964,-5.7375731127704845e-05,0.00029694697382648584,0.0027897359646734837,0.02722093039667903,Early,0.0014235558479005943,Fast,0.067,Early-life
CS2_37,68,0.9535525401016656,-9.300400737017811e-05,0.0002552628628962328,-0.01188614480205008,0.0272176219913077,Early,-0.005896570397339951,Slow,0.068,Early-life
CS2_37,69,0.949531839139804,-0.00016569505744350096,0.0003527060172073611,0.0021773313069760603,0.027225783123815444,Early,0.0011715131822097806,Medium,0.069,Early-life
CS2_37,70,0.9524067178986232,-0.00022372515515880082,0.00018591800642623227,0.002315509786028886,0.027229321388342328,Early,0.0012696174705938434,Fast,0.07,Early-life
CS2_37,71,0.9518537357753166,-0.00029582738745280305,0.0004849848373295159,0.0020568287506896876,0.027179133547651415,Early,0.0011763280690712454,Medium,0.071,Early-life
CS2_37,72,0.946105728341422,-0.0003455429613634878,0.0007656505511343079,0.0017583483820101029,0.027187374063884644,Early,0.0010519456716867953,Medium,0.072,Early-life
CS2_37,73,0.9445099838371296,-0.00037884838588764794,0.000838073747750607,0.001799361680687823,0.027186469315822467,Early,0.0010891050332877353,Medium,0.073,Early-life
CS2_37,74,0.944197375236009,-0.000400716801973212,0.0004130457542885231,0.0015822614835696264,0.02708490768524561,Early,0.0009914891427714192,Slow,0.074,Early-life
CS2_37,75,0.9432186738156064,-0.0005000913902762157,0.0004159553834279293,0.0014762666122941637,0.02708496530914218,Early,0.0009881790012851897,Slow,0.075,Early-life
CS2_37,76,0.9392436643798162,-0.0006223728057724831,0.0005036325017450391,0.0014697392514268254,0.02709217694370125,Early,0.0010460560285996542,Medium,0.076,Early-life
CS2_37,77,0.9444138886378344,-0.0007166970025554181,0.0002911687504979427,0.001141832751541259,0.027110601947633456,Early,0.0009292648770483386,Slow,0.077,Early-life
CS2_37,78,0.9441167152146852,-0.0008174472672519613,0.0004281656593662445,0.0011052886515187735,0.027099185186775364,Early,0.0009613679593853675,Slow,0.078,Early-life
CS2_37,79,0.9432655664313152,-0.0008957264337261703,0.0006319578345842836,0.0004057374157295473,0.02707712476937979,Early,0.0006507319247278588,Slow,0.079,Early-life
CS2_37,80,0.9422146491355414,-0.0009417362421220668,0.0007224842378831146,0.00032790495736973694,0.027073568026899975,Early,0.0006348205997459019,Slow,0.08,Early-life
CS2_37,81,0.9413173374870968,-0.0009746604935076463,0.00037255809391427197,0.000411433964130316,0.026996345985565547,Early,0.0006930472288189811,Slow,0.081,Early-life
CS2_37,82,0.8373181566417577,-0.0016609886469897788,0.00368229996162307,0.01512864531054982,0.032793252281423116,Early,0.008394816978769799,Fast,0.082,Early-life
CS2_37,83,0.940859654941106,-0.0017251070545842412,0.0002998958639699599,-0.000230855794469972,0.03803445409154178,Early,0.0007471256300571346,Slow,0.083,Early-life
CS2_37,84,0.93931757119709,-0.0018020397845876484,0.00030545883318861884,0.0007280453486777638,0.038034628379007805,Early,0.0012650425666327061,Fast,0.084,Early-life
CS2_37,85,0.9382639110510252,-0.0018892700951474543,0.001671265507777541,0.000836114880522852,0.037243273185020416,Early,0.0013626924878351531,Fast,0.085,Early-life
CS2_37,86,0.9374964810066834,-0.0017272876344719985,0.0015874257443905106,0.000824155060661691,0.037242255234581294,Early,0.0012757213475668447,Fast,0.086,Early-life
CS2_37,87,0.936590642327608,-0.0015715406845899305,0.0017399472939245817,0.0008034295439904859,0.03722904117840081,Early,0.0011874851142902082,Fast,0.087,Early-life
CS2_37,88,0.9357930887824362,-0.0013788353801671726,0.0017488922766668257,0.0007891783863800882,0.03722877166840032,Early,0.0010840068832736304,Medium,0.088,Early-life
CS2_37,89,0.9351094204786972,-0.0011730967963726544,0.001465035784471937,-0.013970180548134212,0.03720137106431376,Early,-0.006398541875880779,Slow,0.089,Early-life
CS2_37,90,0.935006990958788,-0.0010051739939005702,0.0013345993528956902,0.0008360948546168549,0.03719874648223473,Early,0.0009206344242587126,Slow,0.09,Early-life
CS2_37,91,0.8300343657942283,-0.001442077244596299,0.004669902954176854,0.015611886486123105,0.04159660702840525,Early,0.008526981865359702,Fast,0.091,Early-life
CS2_37,92,0.9331289474771411,-0.0012491158699146508,-0.002025142612575037,0.0007335662248405857,0.041703536942776925,Early,0.0009913410473776183,Medium,0.092,Early-life
CS2_37,93,0.9325966294232688,-0.0016756683257183125,0.001037952544044116,0.00069997879763065,0.03801479996735076,Early,0.0011878235616744812,Fast,0.093,Early-life
CS2_37,94,0.8234392044187382,-0.0021741406003579007,0.004683099418777007,0.01616449112983855,0.04266452689950738,Early,0.009169315865098225,Fast,0.094,Early-life
CS2_37,95,0.9208896765540232,-0.0020438696983780106,0.0014632858218103623,0.00212905888977328,0.04644436081051937,Early,0.0020864642940756455,Fast,0.095,Early-life
CS2_37,96,0.9195060044693611,-0.0019182627157829071,0.0012551020176171488,0.0022290594299051447,0.04642929871198242,Early,0.002073661072844026,Fast,0.096,Early-life
CS2_37,97,0.918249312450886,-0.001830064017266741,0.0012534259080986552,0.002393954072557428,0.04642929765227103,Early,0.0021120090449120847,Fast,0.097,Early-life
CS2_37,98,0.0500124638490459,-0.0066682212744277975,0.029201959411998404,0.1114317002778832,0.1624926228333565,Late,0.0590499607761555,Fast,0.098,Early-life
CS2_37,99,0.933636069102577,-0.006164360269676459,0.0006424668064222114,-7.244594649083844e-05,0.23089145220906326,Early,0.00304595716159281,Fast,0.099,Early-life
CS2_37,100,0.93274723784064,-0.005668025192018438,0.0005414387515859367,-2.151548819587631e-05,0.23089060995191615,Early,0.0028232548519112805,Fast,0.1,Early-life
CS2_37,101,0.93151743854802,-0.005195369789083769,0.0006738477209871981,-0.015439747732754552,0.23088976244359183,Early,-0.005122188971835391,Slow,0.101,Early-life
CS2_37,102,0.9370689126525517,-0.0046671800207779375,0.00047692977815370864,-0.0023113194426469213,0.23089247208633173,Early,0.001177930289065508,Medium,0.102,Early-life
CS2_37,103,0.9382416882078992,-0.004130049042311031,0.00025367871398460713,-0.002676526248362581,0.23089055142931478,Early,0.0007267613969742248,Slow,0.103,Early-life
CS2_37,104,0.9337482651719828,-0.003648225297036411,0.0003471522150047338,-0.002214136103013829,0.23089169940437188,Early,0.0007170445970112909,Slow,0.104,Early-life
CS2_37,105,0.9279579009947826,-0.003204423166827034,0.0005238540077814969,-0.12542077673510524,0.230893768145233,Early,-0.0611081767841391,Slow,0.105,Early-life
CS2_37,106,0.9279544894970938,-0.0027564637189088333,0.0004923930425326651,0.0008116542293547445,0.23089377054826268,Early,0.001784058974131789,Fast,0.106,Early-life
CS2_37,107,0.927459907176134,-0.002311279825855953,0.00038012120011878025,0.0007553329520722756,0.23089286685774849,Early,0.0015333063889641143,Fast,0.107,Early-life
CS2_37,108,0.9253284299833904,-0.001896472320463855,0.0006156599565949677,0.0008841440806613818,0.23089074039850735,Early,0.0013903082005626184,Fast,0.108,Early-life
CS2_37,109,0.9301806335783476,-0.0014177230664003464,0.0004495510205270206,0.0009840398677434406,0.23089282945367648,Early,0.0012008814670718935,Medium,0.109,Early-life
CS2_37,110,0.9328604488343246,-0.0009203275403261579,0.00033564895474163186,0.0007687484819392283,0.23089349566861392,Early,0.0008445380111326931,Slow,0.11,Early-life
CS2_37,111,0.9332570284882118,-0.0004217006007292389,0.0002889555047525688,7.01766691101494e-05,0.2308934925619369,Early,0.00024593863491969415,Slow,0.111,Early-life
CS2_37,112,0.9214975865365702,7.423792061382582e-06,0.0006393468048556958,0.0009229020654589114,0.23090268824692128,Early,0.00045773913669876437,Slow,0.112,Early-life
CS2_37,113,0.8151388477344182,-0.00016559588810758792,0.0007154615776561108,0.016116520251810793,0.23093828166444758,Early,0.00814105806995919,Fast,0.113,Early-life
CS2_37,114,0.9200631933986726,-0.000325228704786617,0.0006708535981430135,0.001056673396780204,0.23095922379279546,Early,0.0006909510507834104,Slow,0.114,Early-life
CS2_37,115,0.9187577390812796,0.00010364842841072848,0.0006632203908325958,0.0009386701288729744,0.23095919794911693,Early,0.000417510850231123,Slow,0.115,Early-life
CS2_37,116,0.9154214785890344,0.0005123442919796838,0.0007368526600642194,0.0021084507127590185,0.23095969043292092,Early,0.0007980532103896673,Slow,0.116,Early-life
CS2_37,117,0.9263798944075804,0.0009856905020975562,0.00035859956771299914,0.0009257934895348889,0.23096924046132725,Early,-2.994850628133366e-05,Slow,0.117,Early-life
CS2_37,118,0.9275038162369628,0.0014651372288089863,0.0002931234222788794,0.000821887464464147,0.2309693678590753,Early,-0.00032162488217241965,Slow,0.118,Early-life
CS2_37,119,0.9194441939838492,0.0018969747845679567,0.0005273837031802232,0.0002933417932458525,0.23097357926226905,Early,-0.000801816495661052,Slow,0.119,Early-life
CS2_37,120,0.9151996218911987,0.002306156895829993,0.0006422515673386586,-0.014294396308111499,0.2309745450295295,Early,-0.008300276601970746,Slow,0.12,Early-life
CS2_37,121,0.9146635492119384,0.002715706973862929,0.0006562400563499889,0.0007713777409620315,0.2309745243779095,Early,-0.0009721646164504488,Slow,0.121,Early-life
CS2_37,122,0.9154509993622024,0.003136606487935957,-0.0027553752763862624,0.0004723913884395906,0.2301619930029629,Early,-0.001332107549748183,Slow,0.122,Early-life
CS2_37,123,0.909172165976509,0.0028940843593781387,0.0007727994032461995,0.0008927589446464974,0.22940968177499008,Early,-0.0010006627073658207,Slow,0.123,Early-life
CS2_37,124,0.9202734143794444,0.0033091839858904503,0.00039752306592981895,0.000872354289733709,0.22941960335746384,Early,-0.0012184148480783707,Slow,0.124,Early-life
CS2_37,125,0.9224397499229072,0.0037380851102519017,-0.003193565984005453,0.0007234380448650768,0.22852999188324305,Early,-0.0015073235326934125,Slow,0.125,Early-life
CS2_37,126,0.9231446032270956,0.0035144879183159105,-7.273957009910858e-05,-0.0005286298918923325,0.22785950486762435,Early,-0.0020215589051041215,Slow,0.126,Early-life
CS2_37,127,0.8238523660103554,0.003279599566029595,0.0030856012406130892,0.013049607982977622,0.2285578458957771,Early,0.004885004208474014,Fast,0.127,Early-life
CS2_37,128,0.9256369162334008,0.0036502343990819754,-0.00023830979943596114,-0.001567623860208922,0.22933327796403896,Early,-0.0026089291296454487,Slow,0.128,Early-life
CS2_37,129,0.9266135736119128,0.004016570060322797,-0.028277455153640867,-0.001594653464244335,0.16321683042412627,Early,-0.0028056117622835657,Slow,0.129,Early-life
CS2_37,130,0.927075505102686,-0.0008689682978588087,0.00021163109677067813,-0.0025576198751681473,0.03794215324235492,Early,-0.0008443257886546693,Slow,0.13,Early-life
CS2_37,131,0.9276267677432511,-0.0007283809169061133,0.00016517645475447765,-0.0010504790519723878,0.037942178064231,Early,-0.00016104906753313725,Slow,0.131,Early-life
CS2_37,132,0.9284139828679372,-0.0005864938952019629,0.00010011147355105987,-0.0008534618492899952,0.03794202097879646,Early,-0.00013348397704401616,Slow,0.132,Early-life
CS2_37,133,0.928332339142912,-0.000450920623898615,0.00028182495192385915,-0.0007411051308309213,0.03792753836231196,Early,-0.00014509225346615316,Slow,0.133,Early-life
CS2_37,134,0.928692845238036,-0.00027855399973446135,0.00030802719257623377,-0.014977211318240083,0.037926780525110816,Early,-0.007349328659252811,Slow,0.134,Early-life
CS2_37,135,0.928928501196996,-9.468461477790591e-05,0.0001554762572576402,-0.00047022642337073747,0.03791889461186762,Early,-0.00018777090429641577,Slow,0.135,Early-life
CS2_37,136,0.9292446513226272,6.721704065721402e-05,-4.150807509176269e-05,-0.0003758682443877813,0.03790450485079115,Early,-0.00022154264252249766,Slow,0.136,Early-life
CS2_37,137,0.9294716001539752,0.000197036698955765,-4.8939053447787944e-05,-0.0003422992930413197,0.03790451833146586,Early,-0.00026966799599854234,Slow,0.137,Early-life
CS2_37,138,0.9295872296727417,0.0003269378340394498,-6.862330634218164e-05,-0.0002800659899272156,0.03790438511077687,Early,-0.0003035019119833327,Slow,0.138,Early-life
CS2_37,139,0.929633440953704,0.00045351159609653664,-0.0001388713216230213,-0.0001742082979666921,0.037902189646765845,Early,-0.00031385994703161436,Slow,0.139,Early-life
CS2_37,140,0.9298166984719102,0.000567437844984396,1.1739842143141818e-05,-0.00021205133271402183,0.03789211117290578,Early,-0.0003897445888492089,Slow,0.14,Early-life
CS2_37,141,0.923480616322714,0.0006730663730202429,0.0003025752423100182,0.0007446041307602735,0.03790536170026451,Early,3.5768878870015325e-05,Slow,0.141,Early-life
CS2_37,142,0.9124142305147712,0.000734482287037099,0.0006723483217238895,0.002359181526032111,0.03795419409108929,Early,0.0008123496194975059,Medium,0.142,Early-life
CS2_37,143,0.9131401759365976,0.0008099165062764583,0.000269593890321698,0.00230063934086138,0.03789882518331519,Early,0.0007453614172924609,Medium,0.143,Early-life
CS2_37,144,0.9115663298004636,0.000812656973770725,-0.003110563937614366,0.002557895764787377,0.032394564070158165,Early,0.0008726193955083259,Medium,0.144,Early-life
CS2_37,145,0.910656356592005,0.0001705688055500154,0.0003034463486021823,0.0027044104401052443,0.0263128818610862,Early,0.0012669208172776144,Fast,0.145,Early-life
CS2_37,146,0.9166224092328756,0.0001619879725698235,6.888160801302974e-05,0.0018587188172612004,0.026336052294355292,Early,0.0008483654223456885,Medium,0.146,Early-life
CS2_37,147,0.9226080972020092,0.0001807821217928238,-0.00023182640687015356,0.0010298001814144245,0.026350716863686532,Early,0.0004245090298108003,Slow,0.147,Early-life
CS2_37,148,0.9236664173920804,0.00018399903740267827,8.753151662903079e-05,-2.654300990948385e-05,0.026276269442527957,Early,-0.00010527102365608106,Slow,0.148,Early-life
CS2_37,149,0.9213986461712744,0.0002375892918250333,0.0001969409698609141,-0.0012834879509290298,0.026278118157614085,Early,-0.0007605386213770315,Slow,0.149,Early-life
CS2_37,150,0.9238464824066308,0.0003137115917272896,-0.0001420093039606956,-0.0015294723528618906,0.026241059684355486,Early,-0.0009215919722945901,Slow,0.15,Early-life
CS2_37,151,0.9301290274877884,0.000378123120152945,-0.00048159372892224575,-0.00265181395533211,0.02625051468637467,Early,-0.0015149685377425276,Slow,0.151,Early-life
CS2_37,152,0.9309290324877496,0.0004174905886324053,-0.0005246930088971365,-0.0028960965565349517,0.026249884949475104,Early,-0.0016567935725836785,Slow,0.152,Early-life
CS2_37,153,0.917861920009492,0.0003736048117975772,-7.777163378353349e-05,-0.00017707296808804656,0.02636296014659214,Early,-0.0002753388899428119,Slow,0.153,Early-life
CS2_37,154,0.9165591715109964,0.0003259074348729989,-0.00023829050111249858,0.0008641322415732551,0.026338103376209107,Early,0.0002691124033501281,Medium,0.154,Early-life
CS2_37,155,0.9198364622574215,0.00025844799180356514,1.409522974267362e-05,0.000547136447808413,0.0262679320950592,Early,0.00014434422800242393,Slow,0.155,Early-life
CS2_37,156,0.9177398588240387,0.00024231147730820258,0.00015160939028608002,0.0005226839067479545,0.02626729528273126,Early,0.00014018621471987598,Slow,0.156,Early-life
CS2_37,157,0.9150154552367809,0.0002247269556354485,0.000262230580332733,0.0012615753099785656,0.026270788871076634,Early,0.0005184241771715585,Medium,0.157,Early-life
CS2_37,158,0.9250490065646682,0.0002711359896032601,-0.003264407759816541,0.0007257172747314586,0.01881323898261249,Early,0.00022729064256409923,Medium,0.158,Early-life
CS2_37,159,0.926876811252705,-0.0002733257039762842,-3.999661352594245e-05,0.0005788887478635088,0.004441030448997244,Early,0.0004261072259198965,Medium,0.159,Early-life
CS2_37,160,0.918437365635282,-0.0002878719919957685,0.0002637486444074441,-8.220651797000553e-05,0.004689868704607587,Early,0.00010283273701288149,Slow,0.16,Early-life
CS2_37,161,0.9144483482596172,-0.000316536818130821,0.00040732764009899385,0.0003015461787684621,0.004734828425920346,Early,0.0003090414984496415,Medium,0.161,Early-life
CS2_37,162,0.9153261512202946,-0.0003329607935178763,0.0003967940813856953,0.0006443301481609939,0.0047373946158563215,Early,0.0004886454708394352,Medium,0.162,Early-life
CS2_37,163,0.9153930326864022,-0.00034136356282851965,0.00042003065101725936,0.00033526087680522753,0.004733158253289232,Early,0.0003383122198168736,Medium,0.163,Early-life
CS2_37,164,0.9116277225710916,-0.0003619142508243506,0.0005388585990909816,0.0004839618093841797,0.004770472645990799,Early,0.0004229380301042652,Medium,0.164,Early-life
CS2_37,165,0.918513025696338,-0.00033768438996561225,0.0003283812755386451,0.0009337115526185975,0.004951963504929758,Early,0.0006356979712921049,Medium,0.165,Early-life
CS2_37,166,0.9224251772337796,-0.0002854464598816378,0.0002097846439747226,0.0006359477169893506,0.005009611552370038,Early,0.0004606970884354942,Medium,0.166,Early-life
CS2_37,167,0.923771579690586,-0.00022183564511743837,0.00017655069780778221,-0.0007620305793291411,0.00501662937548518,Early,-0.00027009746710585135,Slow,0.167,Early-life
CS2_37,168,0.9099863239226444,-0.0002327475817549503,0.000628557297784864,0.0006374320481389624,0.005578821684388715,Early,0.0004350898149469563,Medium,0.168,Early-life
CS2_37,169,0.910634438335294,-0.00023154487157670925,0.0006113803657241178,0.0006702446978572267,0.0055820082161877355,Early,0.00045089478471696797,Medium,0.169,Early-life
CS2_37,170,0.9111036752096944,-0.00022007155273589393,0.0005977343788390214,0.0006127653538153968,0.005584186022485831,Early,0.00041641845327564537,Medium,0.17,Early-life
CS2_37,171,0.910819170804638,-0.00020315973597697477,0.000612823473137811,0.00011550739520765114,0.005582637108575241,Early,0.00015933356559231295,Slow,0.171,Early-life
CS2_37,172,0.9095982947485868,-0.00018517957598834306,0.00044781682497184764,0.0012735329925358846,0.0054825331968584344,Early,0.0007293562842621139,Medium,0.172,Early-life
CS2_37,173,0.9191197475002448,-0.00014401189183832307,-0.0002163069995314069,0.00047220424764782276,0.0053997054308625335,Early,0.00030810806974307294,Medium,0.173,Early-life
CS2_37,174,0.9207573576328896,-0.00015887483083807635,-0.0002457155385900644,0.00043060315109948774,0.005405053569731608,Early,0.00029473899096878203,Medium,0.174,Early-life
CS2_37,175,0.922186476868748,-0.0001642853063122428,-0.00034258538929949684,-0.001742878992300507,0.005398261650955689,Early,-0.0007892968429941321,Slow,0.175,Early-life
CS2_37,176,0.9224656419602116,-0.00018094493987316483,-0.00038094468929699,-0.0016901719464168044,0.005393287093371846,Early,-0.0007546135032718197,Slow,0.176,Early-life
CS2_37,177,0.9227843995773002,-0.00020529266985432624,-0.0001987738820782113,-0.0016686749096579728,0.005292787653193961,Early,-0.0007316911199018233,Slow,0.177,Early-life
CS2_37,178,0.9239818653183592,-0.00019119738496178147,-4.431510052742059e-05,-0.001880384930531601,0.005187091227464468,Early,-0.0008445937727849097,Slow,0.178,Early-life
CS2_37,179,0.9245860940671558,-0.00014016297213243552,-2.9666989518558367e-05,-0.002141114188366996,0.005184772921582399,Early,-0.0010004756081172803,Slow,0.179,Early-life
CS2_37,180,0.9248562441343984,-8.191755772199856e-05,-0.00011153541816528866,-0.0008194995191647918,0.005167294397147483,Early,-0.0003687909807213966,Slow,0.18,Early-life
CS2_37,181,0.9251376650919564,-3.6225672286422115e-05,-4.165105436534116e-05,-0.0006257582084381161,0.005149262415266949,Early,-0.00029476626807584697,Slow,0.181,Early-life
CS2_37,182,0.9254807305799384,2.485030186853003e-05,0.00014994506154354705,-0.0004706076730272013,0.005018137814717706,Early,-0.00024772898744786567,Slow,0.182,Early-life
CS2_37,183,0.9255639177679597,0.0001237991305249746,0.00017306821676741786,-0.0004426108296782884,0.0050152653112336115,Early,-0.0002832049801016315,Slow,0.183,Early-life
CS2_37,184,0.9258570568869248,0.0002309256895931379,-0.0002579076412075099,-0.0004389510442320832,0.004407529959170794,Early,-0.00033493836691261055,Slow,0.184,Early-life
CS2_37,185,0.9263071999790896,0.0002634341539538629,-0.00031445253122881273,-0.0003321906658186245,0.00439807457891004,Early,-0.0002978124098862437,Slow,0.185,Early-life
CS2_37,186,0.926728174907897,0.000287359216995567,-0.00022231331130566131,-0.00030601154867732864,0.0043637199653128915,Early,-0.00029668538283644786,Slow,0.186,Early-life
CS2_37,187,0.9269220609799076,0.0003284805879681211,-0.00029620006954415634,-0.00029511669221560233,0.0043424868238714515,Early,-0.00031179864009186174,Slow,0.187,Early-life
CS2_37,188,0.9283669432744868,0.0003625330880435441,-0.0004306931625066425,-0.0004613254546471974,0.004310260776000478,Early,-0.00041192927134537077,Slow,0.188,Early-life
CS2_37,189,0.9285904708634648,0.00037748182491844425,-0.00011424078383214995,-0.00044424861193234237,0.003924597924192378,Early,-0.0004108652184253933,Slow,0.189,Early-life
CS2_37,190,0.8136571383849658,-0.00020488911274231511,0.003652247511862557,0.015986682768999123,0.021020071694902435,Early,0.00809578594087072,Fast,0.19,Early-life
CS2_37,191,0.914657318974402,-0.00016150732141901466,0.0001219369890606469,0.0015999625589318317,0.02816508476793634,Early,0.0008807349401754232,Medium,0.191,Early-life
CS2_37,192,0.9141565287744672,-0.0001675366769095245,9.41353177903233e-06,0.0017358101720889188,0.02815608679676476,Early,0.0009516734244992217,Medium,0.192,Early-life
CS2_37,193,0.913634847095188,-0.00019908803235109984,5.4558197584081964e-05,0.0018704754018155714,0.028155738785957774,Early,0.0010347817170833357,Fast,0.193,Early-life
CS2_37,194,0.9108082258965567,-0.00024109223917215256,0.00014789699322081962,0.0023019764404786924,0.028160118552738474,Early,0.0012715343398254225,Fast,0.194,Early-life
CS2_37,195,0.9191568935099328,-0.0002336001785731797,-0.00024287648189810326,0.001315721394936282,0.028192280514573623,Early,0.0007746607867547308,Medium,0.195,Early-life
CS2_37,196,0.921869448122414,-0.0002348496433527554,-0.00010827169116374301,0.0009601461058643996,0.028169461138372466,Early,0.0005974978746085775,Medium,0.196,Early-life
CS2_37,197,0.919277907643228,-0.0002129330895883888,0.00010152482550166323,-0.015088681322608892,0.02816440499207466,Early,-0.007437874116510252,Slow,0.197,Early-life
CS2_37,198,0.909894031613977,-0.00022095218832859594,0.0004476628411809359,0.0006804696229178532,0.028211913943037164,Early,0.0004507109056232246,Medium,0.198,Early-life
CS2_37,199,0.9170000283220352,-0.00017585921407319607,-0.0002262485290126049,-0.0004062142210811454,0.028132099213534656,Early,-0.00011517750350397468,Slow,0.199,Early-life
CS2_37,200,0.9241236947820316,-0.00017118718507901814,-0.00043513730473347087,-0.0014984068124062214,0.02815936429085732,Early,-0.0006636098136636017,Slow,0.2,Early-life
CS2_37,201,0.9259033650797908,-0.00015766566687490553,-0.0004774093506482706,-0.002156448454747717,0.028160400760313026,Early,-0.0009993913939364057,Slow,0.201,Early-life
CS2_37,202,0.920172850220399,-0.00017946287984291938,-0.0003017315940568042,-0.00014513667292373862,0.028182291246437383,Early,1.716310345959038e-05,Medium,0.202,Early-life
CS2_37,203,0.9147307459590456,-0.00023722641016616142,-0.00016556294227286448,0.0010198145947669182,0.028200085528413313,Early,0.0006285205024665398,Medium,0.203,Early-life
CS2_37,204,0.9162508913888094,-0.00029517094339186716,9.254374553017393e-05,0.00043243089348837013,0.0281481685271315,Early,0.0003638009184401186,Medium,0.204,Early-life
CS2_37,205,0.9166400158643352,-0.0002957537452639093,0.0001328174764049801,-0.0009637120357654595,0.02814650365120065,Early,-0.00033397914525077515,Slow,0.205,Early-life
CS2_37,206,0.8057809935261352,-0.000915403463344736,0.0037550155916971873,0.01588843354227143,0.0344566843711712,Early,0.008401918502808083,Fast,0.206,Early-life
CS2_37,207,0.9161247471892427,-0.0008573094082303231,0.00020454499261189955,0.001142706798969836,0.04009545542892534,Early,0.0010000081036000796,Fast,0.207,Early-life
CS2_37,208,0.9214893732135562,-0.000764823983223879,4.1775043991742316e-05,0.0006305702666049415,0.040107890697484626,Early,0.0006976971249144102,Medium,0.208,Early-life
CS2_37,209,0.9230861569388568,-0.0006609800841812209,2.889381869362839e-05,-0.00041618667406539966,0.04010836608466841,Early,0.00012239670505791064,Medium,0.209,Early-life
CS2_37,210,0.9144151026177448,-0.0005992714177673297,0.000328096498368094,4.5091905900106e-05,0.04013807079065469,Early,0.00032218166183371787,Medium,0.21,Early-life
CS2_37,211,0.9135019764265904,-0.0005355894811581188,0.0003662667002518712,0.00039270213745986763,0.040138045542337485,Early,0.0004641458093089932,Medium,0.211,Early-life
CS2_37,212,0.914039159088744,-0.0004631583051744636,0.0003580163226842704,0.00037155096794159814,0.04013820939789603,Early,0.0004173546365580309,Medium,0.212,Early-life
CS2_37,213,0.9128778002095378,-0.00039165840916970693,0.0004065461409806649,-0.015299543811914658,0.040138242962789304,Early,-0.007453942701372476,Slow,0.213,Early-life
CS2_37,214,0.9124168480354876,-0.0003162084813700699,0.00042409902362813026,0.0005296998791078764,0.04013814063716525,Early,0.0004229541802389731,Medium,0.214,Early-life
CS2_37,215,0.9203037097621284,-0.00019065487765045132,0.00017914022983214135,0.0001693804930611125,0.04016582606444381,Early,0.00018001768535578193,Medium,0.215,Early-life
CS2_37,216,0.9226308381686203,-4.817770583355382e-05,0.00011859231646675046,6.504553860520179e-05,0.04016822095496576,Early,5.6611622219377805e-05,Medium,0.216,Early-life
CS2_37,217,0.9178954026407607,7.129885346766005e-05,0.00028492813764955814,-0.000497185717573702,0.04017658756592254,Early,-0.000284242285520681,Slow,0.217,Early-life
CS2_37,218,0.9118773825068772,0.00016221183930422513,0.0004853122088074313,0.00023208484567330663,0.04018960892527734,Early,3.493650318454075e-05,Medium,0.218,Early-life
CS2_37,219,0.9147139825826496,0.00027585840789872996,0.0004404180868334578,-9.640335627222488e-05,0.04019261413803108,Early,-0.00018613088208547742,Slow,0.219,Early-life
CS2_37,220,0.9196583310070396,0.00043081217474686686,0.0002881335437556503,-0.0009686472567859784,0.04020415522303459,Early,-0.0006997297157664226,Slow,0.22,Early-life
CS2_37,221,0.9227945522362612,0.000608129668331972,-0.003520561737138561,-0.001482529171539079,0.03411243005647464,Early,-0.0010453294199355254,Slow,0.221,Early-life
CS2_37,222,0.9232477196032204,9.498529495223481e-05,-0.00027710969770382065,-0.00042057283444171416,0.02891986049544137,Early,-0.0002577790646969745,Slow,0.222,Early-life
CS2_37,223,0.9233369993276724,0.00015306388133657704,-0.00029614421139371794,-0.00010088016557886968,0.02891952561415197,Early,-0.00012697202345772336,Medium,0.223,Early-life
CS2_37,224,0.923713732091862,0.00020707232079743824,-0.00032512532247335407,-0.0008311899215858969,0.028919128888855075,Early,-0.0005191311211916675,Slow,0.224,Early-life
CS2_37,225,0.9239757164200184,0.0002559106011897175,-0.0004247577588213441,-0.0017283334161630273,0.028913228360080374,Early,-0.0009921220086763724,Slow,0.225,Early-life
CS2_37,226,0.9240834250664,0.00028447372209398794,-0.00015892037278926327,-0.0013384917833929113,0.028875805699484294,Early,-0.0008114827527434497,Slow,0.226,Early-life
CS2_37,227,0.9245083188757164,0.00036108071048184404,-8.51248630097542e-05,-0.0006928554098109631,0.028871984990514438,Early,-0.0005269680601464035,Slow,0.227,Early-life
CS2_37,228,0.9254383844991632,0.0004574170767669121,-0.00019872505986887504,-0.0003776903232717129,0.028868030097417882,Early,-0.0004175537000193125,Slow,0.228,Early-life
CS2_37,229,0.9252159243098906,0.0005355065635735958,-0.0004942546030939891,-0.000281172100952893,0.02881350293149906,Early,-0.00040833933226324445,Slow,0.229,Early-life
CS2_37,230,0.9251147810934606,0.0005540873659946591,-0.0002617662184330765,-0.0002539688236840191,0.02878744073613064,Early,-0.00040402809483933914,Slow,0.23,Early-life
CS2_37,231,0.925255677870347,0.000610869083461623,-3.65155834940456e-05,-0.00022027796835499824,0.028759264237968603,Early,-0.00041557352590831063,Slow,0.231,Early-life
CS2_37,232,0.925320235356634,0.0007080780326291486,1.881063623086362e-05,-0.00019207413380222565,0.028757448711919945,Early,-0.00045007608321568715,Slow,0.232,Early-life
CS2_37,233,0.9254717151477688,0.0008164731827134296,-0.00017093112668935037,-0.0001983271544812672,0.028737904740501106,Early,-0.0005074001685973484,Slow,0.233,Early-life
CS2_37,234,0.9256194053188176,0.0008912053388106713,-0.0003512470761216778,-0.00015872663472874367,0.028719042179367025,Early,-0.0005249659867697075,Slow,0.234,Early-life
CS2_37,235,0.9260580471964563,0.0009335172873172468,-0.0003163598647628034,-8.852324247045549e-05,0.028718231778700583,Early,-0.0005110202648938512,Slow,0.235,Early-life
CS2_37,236,0.9256396945931944,0.000978494423874811,-0.0002903122170599744,-6.0538611900537044e-05,0.028718529773010468,Early,-0.0005195165178876741,Slow,0.236,Early-life
CS2_37,237,0.9255610315254226,0.0010219365432371302,-0.0038638721935253992,-6.375006170885758e-05,0.01999391564311095,Early,-0.0005428433024729939,Slow,0.237,Early-life
CS2_37,238,0.9255272580301008,0.0003913983204371092,-0.0003033068013180026,-3.8797165679116397e-05,0.0030382010202140686,Early,-0.0002150977430581128,Medium,0.238,Early-life
CS2_37,239,0.925537482975704,0.00038442467153522507,-0.00013058418587573765,-3.103537415286414e-05,0.0028894294806849487,Early,-0.0002077300228440446,Medium,0.239,Early-life
CS2_37,240,0.9142523780697396,0.00034232802687537636,0.0002849606086811994,0.0016027624397184637,0.003527413104542308,Early,0.0006302172064215437,Medium,0.24,Early-life
CS2_37,241,0.9161772000398052,0.00032347869421966855,-5.684185232452739e-05,0.0013488864684303437,0.003184410835103463,Early,0.0005127038871053375,Medium,0.241,Early-life
CS2_37,242,0.9147965468667252,0.0002468714570250881,-4.1760336778542337e-05,0.0016087857613901666,0.0031902595188530573,Early,0.0006809571521825392,Medium,0.242,Early-life
CS2_37,243,0.91181481674386,0.00014765980512837517,7.175297886722583e-05,0.0019749825499049134,0.0032343432190083407,Early,0.0009136613723882692,Fast,0.243,Early-life
CS2_37,244,0.9103597766016364,4.404842867293742e-05,8.122656799682038e-05,0.002171607846255173,0.0032380690845676802,Early,0.0010637797087911178,Fast,0.244,Early-life
CS2_37,245,0.9190853210948092,-1.5661591248639757e-05,-0.00021511203417166487,0.0009202767050416576,0.0036020616934368858,Early,0.00046796914814514865,Medium,0.245,Early-life
CS2_37,246,0.920516453263018,-7.23036797735409e-05,-6.862693577084606e-06,0.0007172899589551474,0.0033192570127396764,Early,0.0003947968193643441,Medium,0.246,Early-life
CS2_37,247,0.91239961311066,-0.0001303304490533934,0.00033003951799872157,0.0002646807084399429,0.0035945158799856334,Early,0.00019750557874666816,Medium,0.247,Early-life
CS2_37,248,0.9095298143448166,-0.00018769012357956925,0.0002698576869659399,0.0009496265278555104,0.003533397411090356,Early,0.0005686583257175398,Medium,0.248,Early-life
CS2_37,249,0.911935308493449,-0.00025522153677220755,-1.8685802119912074e-06,0.0004087483390394616,0.003397911926348191,Early,0.0003319849379058346,Medium,0.249,Early-life
CS2_37,250,0.9110561724795584,-0.0003619625710341344,0.00011799387429326405,0.0001083777520430873,0.003359907007500284,Early,0.00023517016153861084,Medium,0.25,Early-life
CS2_37,251,0.9059886900467774,-0.0004800382337530224,0.0004409561600084594,0.0006244409364084229,0.0033381928076691536,Early,0.0005522395850807226,Medium,0.251,Early-life
CS2_37,252,0.9148006953868638,-0.0005149419300827213,0.0002578663499805597,0.0006120893868493445,0.0036791659238149077,Early,0.0005635156584660329,Medium,0.252,Early-life
CS2_37,253,0.9165619043809398,-0.0005190890188939483,0.00021567145878324587,0.0005649355545826065,0.003695058684572493,Early,0.0005420122867382774,Medium,0.253,Early-life
CS2_37,254,0.9105235727063824,-0.0005525191837848671,0.0004133363426222592,0.00026800577203965414,0.0038392834558974866,Early,0.00041026247791226065,Medium,0.254,Early-life
CS2_37,255,0.9049176133111324,-0.0006125971156391646,0.0006063264122816007,0.0006588858619548864,0.00394709787243905,Early,0.0006357414887970254,Medium,0.255,Early-life
CS2_37,256,0.9066821471587494,-0.000653618687059553,0.0005578570729441618,0.0007504516192427932,0.003967289736860093,Early,0.0007020351531511731,Medium,0.256,Early-life
CS2_37,257,0.9040312857058244,-0.0007018741390417446,0.0006468432051798578,0.0010035552533905756,0.003982770605203125,Early,0.0008527146962161601,Fast,0.257,Early-life
CS2_37,258,0.9047789488437984,-0.0007379190330994266,0.0006364312913521933,0.00017282017185414413,0.00398608629224423,Early,0.0004553696024767854,Medium,0.258,Early-life
CS2_37,259,0.9076106543204076,-0.0007482283483580703,0.0005750880702824389,0.0010271487237794666,0.0040254354845980075,Early,0.0008876885360687685,Fast,0.259,Early-life
CS2_37,260,0.9113911383102888,-0.0007252380854695853,0.00044596083869683216,0.0007386808672358461,0.0041006247396731775,Early,0.0007319594763527156,Medium,0.26,Early-life
CS2_37,261,0.912774818983754,-0.0006905822421175516,0.0003980632938615019,-0.0003216066110530872,0.0041134384121646675,Early,0.0001844878155322322,Medium,0.261,Early-life
CS2_37,262,0.9026359171830656,-0.0007095850262052708,0.000729669699589724,0.00032595658972383354,0.00446764619951213,Early,0.0005177708079645521,Medium,0.262,Early-life
CS2_37,263,0.9022404743838016,-0.0007217423933793366,0.0007445084184784637,0.0006345246821353971,0.004465683829320527,Early,0.0006781335377573669,Medium,0.263,Early-life
CS2_37,264,0.9041753796067052,-0.0007140788540411904,0.0006869785658407607,-2.05848429829831e-05,0.004489037848994754,Early,0.0003467470055291036,Medium,0.264,Early-life
CS2_37,265,0.902310415854198,-0.0007083444444172326,0.0007519028859554699,0.0003526475699429099,0.004491117645988489,Early,0.0005304960071800713,Medium,0.265,Early-life
CS2_37,266,0.90188717324507,-0.0006956313226691927,0.000779705611335045,0.0008176401536196572,0.004486166846759876,Early,0.000756635738144425,Medium,0.266,Early-life
CS2_37,267,0.9102825190041453,-0.0006238647983110303,0.0004953927609370691,0.00015837418659194112,0.004779525545694205,Early,0.00039111949245148567,Medium,0.267,Early-life
CS2_37,268,0.9115203454507342,-0.0005418127093778749,0.0004529253572480108,0.00017921050471711046,0.004789190643350981,Early,0.00036051160704749267,Medium,0.268,Early-life
CS2_37,269,0.9028728553980092,-0.0005041941568424388,0.0007307871816803748,-3.384831642051976e-05,0.0050088993794979095,Early,0.0002351729202109595,Medium,0.269,Early-life
CS2_37,270,0.899951691436617,-0.0004750606218828569,0.0008253481141640975,0.0003269689924549425,0.0050220966617998564,Early,0.00040101480716889975,Medium,0.27,Early-life
CS2_37,271,0.899027376403616,-0.00044174182475891914,0.0004911290860039877,0.0007354290290127542,0.0046324369238337,Early,0.0005885854268858367,Medium,0.271,Early-life
CS2_37,272,0.9005204574388869,-0.000458478514559329,0.0005050562129328489,0.0002557083450444507,0.004625575326335747,Early,0.0003570934298018899,Medium,0.272,Early-life
CS2_37,273,,,,,,,,,0.273,Early-life
CS2_37,274,0.9081468074542935,,,,,Early,,,0.274,Early-life
CS2_37,275,0.9013920325367188,,,,,Early,,,0.275,Early-life
CS2_37,276,0.9098661469073936,,,,,Early,,,0.276,Early-life
CS2_37,277,0.9116535915046524,,,,,Early,,,0.277,Early-life
CS2_37,278,0.9089650875213022,,,,,Early,,,0.278,Early-life
CS2_37,279,0.8994804772831974,,,,,Early,,,0.279,Early-life
CS2_37,280,0.8994605585437185,,,,,Early,,,0.28,Early-life
CS2_37,281,0.8974826868942375,,,0.0015234457942937224,,Early,,,0.281,Early-life
CS2_37,282,0.7585052729919604,,,0.020412394220679784,,Middle,,,0.282,Early-life
CS2_37,283,0.902058937858269,,,0.0011153155784463836,,Early,,,0.283,Early-life
CS2_37,284,0.9009887307074644,,,0.0015235515424554258,,Early,,,0.284,Early-life
CS2_37,285,0.785409136612261,,,0.017650850129863036,,Middle,,,0.285,Early-life
CS2_37,286,0.9080257000247,,,-0.001220746105928943,,Early,,,0.286,Early-life
CS2_37,287,0.91038971148448,,,-0.0015613075629659237,,Early,,,0.287,Early-life
CS2_37,288,0.9089968798407702,,,-0.0016448847066475234,,Early,,,0.288,Early-life
CS2_37,289,0.8980395310409537,,,-0.019933465435570476,,Early,,,0.289,Early-life
CS2_37,290,0.8982218454453319,,,0.0005481560589910085,,Early,,,0.29,Early-life
CS2_37,291,0.8963854665879358,,,0.0006576091599326579,,Early,,,0.291,Early-life
CS2_37,292,0.8955647854313155,,,-0.015736521259864928,,Early,,,0.292,Early-life
CS2_37,293,0.8960145250419367,,,0.0017158821403947533,,Early,,,0.293,Early-life
CS2_37,294,0.9024163831488268,,,0.0011390469050933185,,Early,,,0.294,Early-life
CS2_37,295,0.9034566066771128,,,0.0007914675948081928,,Early,,,0.295,Early-life
CS2_37,296,0.781477567669594,,,0.016651709053051387,,Middle,,,0.296,Early-life
CS2_37,297,0.8897770219505395,,,0.001206403356398909,,Early,,,0.297,Early-life
CS2_37,298,0.8903882123047213,,,0.0008567506118877878,,Early,,,0.298,Early-life
CS2_37,299,0.8909249995843476,,,0.0006628265495668417,,Early,,,0.299,Early-life
CS2_37,300,0.8891274719865097,,,0.0009838647222038613,,Early,,,0.3,Early-life
CS2_37,301,0.8949996278776369,,,0.001059536467312843,,Early,,,0.301,Early-life
CS2_37,302,0.8977167732739423,,,0.0008199762004529321,,Early,,,0.302,Early-life
CS2_37,303,0.8985658286665941,,,-0.01672689442814287,,Early,,,0.303,Early-life
CS2_37,304,0.8988857479306682,,,-0.001301246568589812,,Early,,,0.304,Early-life
CS2_37,305,0.8993145802084191,-9.8155282593378e-05,0.0002849105563185291,-0.0012751954148139757,0.056381014003614525,Early,-0.0005885200661102988,Slow,0.305,Early-life
CS2_37,306,0.9000670840950549,8.63620903821961e-05,4.274027231174115e-05,-0.0013060120729581864,0.05636841942267159,Early,-0.0006961870816701912,Slow,0.306,Early-life
CS2_37,307,0.9002342667575065,0.00023393564682085415,0.0003107058112866819,-0.0015866849672852648,0.056346322722221766,Early,-0.0009103103070530595,Slow,0.307,Early-life
CS2_37,308,0.9007443254071356,0.0004360863887304025,0.00035191180959731795,-0.0008206710756426697,0.05634520426581815,Early,-0.0006283787321865361,Slow,0.308,Early-life
CS2_37,309,0.900860784229374,0.0006530537615416055,0.000261429138449298,-0.0004491444222045298,0.056343579113695634,Early,-0.0005510990918730676,Slow,0.309,Early-life
CS2_37,310,0.9010037301989532,0.0008585285222114887,-4.913719083083339e-05,-0.0003482716474798745,0.05631757383359655,Early,-0.0006034000848456816,Slow,0.31,Early-life
CS2_37,311,0.9006230634187191,0.0010073921953813716,-3.750015725808325e-05,-0.0002481879268644135,0.05631762584951326,Early,-0.0006277900611228926,Slow,0.311,Early-life
CS2_37,312,0.900455676607534,0.0011547654943172671,-9.590289397730691e-05,-0.0001630137713021229,0.056316404939015186,Early,-0.000658889632809695,Slow,0.312,Early-life
CS2_37,313,0.9015140391058938,0.0012958245038266084,-0.004613186003675272,-0.00020670785869127326,0.0500576606171805,Early,-0.0007512661812589408,Slow,0.313,Early-life
CS2_37,314,0.9008096437195268,0.0005908143014268761,4.029981092716762e-05,-8.21967088600368e-05,0.04290516626319752,Early,-0.0003365055051434565,Slow,0.314,Early-life
CS2_37,315,0.9012420626479988,0.0007043648002580335,-8.171998081752915e-06,-7.110532012331663e-05,0.04290481273744326,Early,-0.0003877350601906751,Slow,0.315,Early-life
CS2_37,316,0.9015106526067352,0.0008132677923378781,-0.0037452101933701377,-9.283833962303589e-05,0.037162389472631265,Early,-0.000453053065980457,Slow,0.316,Early-life
CS2_37,317,0.9018673497837424,0.00022493602700330632,0.00019865645938572793,-0.00012337422639845702,0.029905519297937385,Early,-0.00017415512670088167,Medium,0.317,Early-life
CS2_37,318,0.7987199887356669,-0.0002505178105861789,0.0036022491209294566,0.014557582097578894,0.035148709464610225,Middle,0.007404049954082536,Fast,0.318,Early-life
CS2_37,319,0.8885298589512367,-0.0001613217622824371,0.0006602264803075306,0.0017036882366139,0.03895106990846305,Early,0.0009325049994481686,Fast,0.319,Early-life
CS2_37,320,0.8862758417570339,-8.534387237244438e-05,0.0003794738478683806,0.0021768853355514134,0.038905715676036075,Early,0.001131114603961929,Fast,0.32,Early-life
CS2_37,321,0.8884826063125346,-5.4773008306617396e-05,0.00031416900428378334,0.001761005343856021,0.03890838906310352,Early,0.0009078891760813193,Fast,0.321,Early-life
CS2_37,322,0.885152679462267,-3.85162035437807e-05,0.00036234797179577054,0.0022984833122474046,0.03891126139458151,Early,0.0011684997578955926,Fast,0.322,Early-life
CS2_37,323,0.8827763499660014,-4.2077651110884085e-05,0.0004125301763004533,0.002676328948676262,0.03891287528395238,Early,0.001359203299893573,Fast,0.323,Early-life
CS2_37,324,0.8923158696698087,8.587599616263953e-06,0.00011931146361703194,0.0013644971591333852,0.0389538146955024,Early,0.0006779547797585606,Medium,0.324,Early-life
CS2_37,325,0.8944376601038522,7.521962859282418e-05,0.00025737816274111616,-0.013673953052597903,0.0389375124741677,Early,-0.006874586340595364,Slow,0.325,Early-life
CS2_37,326,0.8888842488519734,0.00014959713018586015,0.0004700760588754657,-5.0627128676666065e-05,0.03894819553987323,Early,-0.0001001121294312631,Medium,0.326,Early-life
CS2_37,327,0.8812700147572369,0.0001919640724112562,-0.0032191111963755775,0.0007151181428281449,0.03181904870294893,Early,0.0002615770352084443,Medium,0.327,Early-life
CS2_37,328,0.8819773455080336,-0.0004912935913262637,0.00025160246588728705,0.0009293229720715683,0.02514263636134642,Early,0.000710308281698916,Medium,0.328,Early-life
CS2_37,329,0.8826631446288888,-0.0005524577418048363,0.00024919573147846695,0.00035564783333972915,0.025142725274379704,Early,0.0004540527875722827,Medium,0.329,Early-life
CS2_37,330,0.881158039834592,-0.0006158691819263464,0.00031506321773405195,0.00023118716162992152,0.025143272175454923,Early,0.000423528171778134,Medium,0.33,Early-life
CS2_37,331,0.8833522121545653,-0.0006601835423031311,0.0001862987042562703,0.001280522502177631,0.02514564816140672,Early,0.000970353022240381,Fast,0.331,Early-life
CS2_37,332,0.8885043714196234,-0.000683320464749635,0.0002095244018714039,0.0008476126691755459,0.025140197680673083,Early,0.0007654665669625904,Fast,0.332,Early-life
CS2_37,333,0.8930415418557718,-0.0006449325284971867,0.00015081391671517742,-0.0005938990005426303,0.02514938371937057,Early,2.55167639772782e-05,Medium,0.333,Early-life
CS2_37,334,0.8913019589230128,-0.0005992764655573357,0.00023431837882520278,-0.0014331348808251296,0.02515025071407428,Early,-0.00041692920763389697,Slow,0.334,Mid-life
CS2_37,335,0.8954508770226297,-0.0005225601171065972,0.00011080228735608103,-0.0019247902163708672,0.025162462763088558,Early,-0.000701115049632135,Slow,0.335,Mid-life
CS2_37,336,0.8984869666178091,-0.0004255164195992562,2.6697212600322908e-05,-0.002260545998417185,0.02516868319201428,Early,-0.0009175147894089643,Slow,0.336,Mid-life
CS2_37,337,0.8991701826907877,-0.000321850888137737,2.8932303363455653e-05,-0.002573163265170827,0.0251686147653878,Early,-0.0011256561885165449,Slow,0.337,Mid-life
CS2_37,338,0.8885833296747147,-0.0002737335641916323,0.0003758366800900599,-0.0007473025028784822,0.025239833387528922,Early,-0.00023678446934342494,Slow,0.338,Mid-life
CS2_37,339,0.8875044641242583,-0.00022652538528997564,0.00042709229944765294,0.00014284389933786175,0.02523958774139675,Early,0.0001846846423139187,Medium,0.339,Mid-life
CS2_37,340,0.8866867089915339,-0.0001762121602758281,0.00045722823347871255,0.0009078332663196972,0.025239474834002427,Early,0.0005420227132977626,Medium,0.34,Mid-life
CS2_37,341,0.8856955137958441,-0.00012567325291220737,0.0004938134323583576,0.0008009207324526686,0.025239397850549634,Early,0.00046329699268243796,Medium,0.341,Mid-life
CS2_37,342,0.8829919580437897,-8.40717484903972e-05,0.0005687453346751419,0.0017798455684057135,0.025242498698435097,Early,0.0009319586584480554,Fast,0.342,Mid-life
CS2_37,343,0.8908203403464944,6.3093365667407775e-06,0.00031081729874321383,0.0010952323244735368,0.025287546702600267,Early,0.000544461493953398,Medium,0.343,Mid-life
CS2_37,344,0.7786914970987736,-0.0005378243253159899,0.003962017484100651,0.017211240798859162,0.032286182635040094,Middle,0.008874532562087575,Fast,0.344,Mid-life
CS2_37,345,0.8925383500271731,-0.00038406451904551326,0.00026681592555979634,-0.000565002907494061,0.03860783839633562,Early,-9.046919422427388e-05,Medium,0.345,Mid-life
CS2_37,346,0.8928736026071507,-0.00022937011593002608,0.0002699503238983266,-0.0007670197832703332,0.03860778368052796,Early,-0.00026882483367015355,Slow,0.346,Mid-life
CS2_37,347,0.8931415095071008,-6.762897147235202e-05,0.0002699723580527237,-0.0009221143593667007,0.03860778336312313,Early,-0.00042724269394717434,Slow,0.347,Mid-life
CS2_37,348,0.8936728585728898,0.00010172514878434562,0.00026433842615653495,-0.0011396206824351004,0.038607890602723814,Early,-0.0006206729156097231,Slow,0.348,Mid-life
CS2_37,349,0.8937839129570851,0.00027674079411782096,-0.0030665782006909126,-0.0015417078447564903,0.03356007345386836,Early,-0.0009092243194371556,Slow,0.349,Mid-life
CS2_37,350,0.893794998593494,-0.00016909260494097709,-0.00016984321426636377,-0.00042495117814280093,0.029446657960383305,Early,-0.00012792928660091194,Medium,0.35,Mid-life
CS2_37,351,0.8938062126239319,-0.00010650897094596967,-0.00024291518925477438,-0.016444959360736897,0.029443253041567374,Early,-0.008169225194895463,Slow,0.351,Mid-life
CS2_37,352,0.8935767279982668,-6.0796542623551606e-05,-0.0001643265059913613,-0.0001483397101562486,0.02944108777753158,Early,-4.37715837663485e-05,Medium,0.352,Mid-life
CS2_37,353,0.8933586301870021,-5.652218095157868e-06,-0.0002647080878946832,-6.928965426449591e-05,0.02943408090250072,Early,-3.1818718084669024e-05,Medium,0.353,Mid-life
CS2_37,354,0.8931896684383841,2.6604011122580943e-05,-0.0003359134991091191,-6.879847326184725e-06,0.02943014858424759,Early,-1.6741929224382835e-05,Medium,0.354,Mid-life
CS2_37,355,0.8930560715948326,4.0782096374215645e-05,-2.3877481452383442e-05,8.811242543674666e-05,0.029380552004544126,Early,2.366516453126551e-05,Medium,0.355,Mid-life
CS2_37,356,0.8930048087677084,0.00010859939704503755,4.6221010843348135e-05,0.00011130059848239528,0.029377971998479684,Early,1.350600718678867e-06,Medium,0.356,Mid-life
CS2_37,357,0.8930464948879061,0.00018923441689727772,-0.00013426600115912056,0.0001069291007982682,0.02936019181545531,Early,-4.115265804950476e-05,Medium,0.357,Mid-life
CS2_37,358,0.8931602881163123,0.00023743676614841977,-0.0003835572051314659,9.227492965993964e-05,0.02932499533354466,Early,-7.258091824424007e-05,Medium,0.358,Mid-life
CS2_37,359,0.8928677561692633,0.00023635570374021348,-0.00035130356971708527,0.00010128168985764788,0.029325177213103865,Early,-6.753700694128281e-05,Medium,0.359,Mid-life
CS2_37,360,0.8890834759952038,0.0002137998881348415,-0.00020710746342951367,0.0006107363131140511,0.02933446616467696,Early,0.00019846821248960483,Medium,0.36,Mid-life
CS2_37,361,0.8779968611815808,0.00012979503491798966,0.00010197350493584297,0.002170401036686182,0.02940350443096754,Early,0.0010203030008840961,Fast,0.361,Mid-life
CS2_37,362,0.8773501194904783,3.472257104470424e-05,0.00019361589238990392,0.0022437074434791893,0.029400536459528944,Early,0.0011044924362172426,Fast,0.362,Mid-life
CS2_37,363,0.8765203056649151,-5.039767533317194e-05,0.0003865827662809106,0.002354929014684751,0.02938390684052066,Early,0.0012026633450089616,Fast,0.363,Mid-life
CS2_37,364,0.8747455230358624,-0.0001119352957532986,0.0005901941554809479,0.002614424550291959,0.029370516965204128,Early,0.0013631799230226288,Fast,0.364,Mid-life
CS2_37,365,0.8761545613402464,-0.00013298088747172538,0.0004886257284763354,0.0024293895394379905,0.02937185389646652,Early,0.001281185213454858,Fast,0.365,Mid-life
CS2_37,366,0.7686059851722536,-0.0007694293635299366,0.004091770704850841,0.017751681571001376,0.03508040191211779,Middle,0.009260555467265657,Fast,0.366,Mid-life
CS2_37,367,0.8842734884295695,-0.0006786053238686296,0.00045849929639482553,0.0006871410808048888,0.041150656034465785,Early,0.0006828732023367592,Medium,0.367,Mid-life
CS2_37,368,0.8778352238064324,-0.000601901604861684,0.0006882244801404944,2.309105359262923e-05,0.041163945736499494,Early,0.0003124963292271566,Medium,0.368,Mid-life
CS2_37,369,0.8719462668001718,-0.0005469552266104366,0.000536679447565897,0.0007719789557580585,0.041134926638659225,Early,0.0006594670911842476,Medium,0.369,Mid-life
CS2_37,370,0.872392767735377,-0.0005435258550963133,0.00048747407706068786,0.0005896482756483039,0.04113516877673252,Early,0.0005665870653723086,Medium,0.37,Mid-life
CS2_37,371,0.8704173918600587,-0.0005519106498984225,0.0005248166816604893,0.0006183044536862374,0.041136004037955184,Early,0.00058510755179233,Medium,0.371,Mid-life
CS2_37,372,0.8712584007165378,-0.0005541994953421262,0.0004657133251389124,0.0006994515176726525,0.04113662785053118,Early,0.0006268255065073893,Medium,0.372,Mid-life
CS2_37,373,0.8756130532695232,-0.0005320855907428012,0.00023802918626666142,-0.015286724013895652,0.04114336134128417,Early,-0.007377319211576425,Slow,0.373,Mid-life
CS2_37,374,0.8784160098694438,-0.0005067020314821306,0.0004001396928080834,0.0008367826514465358,0.041120413178744694,Early,0.0006717423414643333,Medium,0.374,Mid-life
CS2_37,375,0.8802309964017108,-0.0004219795618771884,-0.0032754677194495856,-0.0003422532278969064,0.03551030000836918,Early,3.986316699014099e-05,Medium,0.375,Mid-life
CS2_37,376,0.8695688086318333,-0.001072154628956913,0.0007409529482367677,0.0003396368811912235,0.029038818002615253,Early,0.0007058957550740683,Medium,0.376,Mid-life
CS2_37,377,0.868103952214838,-0.001075375705082771,0.0007990209803971808,0.0006126879315055638,0.029038394020547087,Early,0.0008440318182941673,Fast,0.377,Mid-life
CS2_37,378,0.8668818320353336,-0.0010745560177923446,0.0008470863700570053,0.0005050799749607268,0.029037802303132715,Early,0.0007898179963765357,Fast,0.378,Mid-life
CS2_37,379,0.8660984493774747,-0.0010670391885575464,0.0008894970708198418,0.0007371359055804438,0.029036682026414466,Early,0.0009020875470689951,Fast,0.379,Mid-life
CS2_37,380,0.865866512118342,-0.0010477132346165571,0.0009005613173788118,0.0013923630215973187,0.029036353409614375,Early,0.001220038128106938,Fast,0.38,Mid-life
CS2_37,381,0.8742142628085438,-0.0009700922368735308,0.000631636638224201,0.0006002495801285772,0.02908364535822331,Early,0.000785170908501054,Fast,0.381,Mid-life
CS2_37,382,0.8759211325845357,-0.000875532439762054,0.0005769380657869726,0.0006156948310250028,0.029086489088581795,Early,0.0007456136353935284,Fast,0.382,Mid-life
CS2_37,383,0.8737780120195918,-0.0007865296335763182,0.0006386682573766128,-0.0006013147696797917,0.029087757733921946,Early,9.260743194826321e-05,Medium,0.383,Mid-life
CS2_37,384,0.8727474718232262,-0.0006974284655001261,0.0006648760762508361,-0.0006633599440554512,0.029087732174345498,Early,1.7034260722337464e-05,Medium,0.384,Mid-life
CS2_37,385,0.8693749810127753,-0.0006211729591808112,0.0007682157234067345,-0.00035616413963452623,0.029091601930430734,Early,0.00013250440977314248,Medium,0.385,Mid-life
CS2_37,386,0.8777059667336488,-0.0004898125925258916,0.0004951646729414136,-0.001658216765167721,0.029137444722669825,Early,-0.0005842020863209146,Slow,0.386,Mid-life
CS2_37,387,0.8793308832048917,-0.00034435194761202987,0.00044109437299408576,-0.0019234815837928204,0.02913985107070783,Early,-0.0007895648180903953,Slow,0.387,Mid-life
CS2_37,388,0.8726345879469686,-0.00023221726485190528,0.0006584486109979848,0.0002256678373678822,0.029161251427758866,Early,0.00022894255110989374,Medium,0.388,Mid-life
CS2_37,389,0.8667434500110166,-0.00014583573319268888,0.000852156067912765,0.0013110975105027345,0.029175891317522885,Early,0.0007284666218477117,Fast,0.389,Mid-life
CS2_37,390,0.8674235069532508,-4.526009751945197e-05,0.0008207822327745973,0.000907786438048722,0.029177036066551584,Early,0.00047652326778408697,Medium,0.39,Mid-life
CS2_37,391,0.8665082208501718,5.778000642321814e-05,0.0007282340369365163,0.0008913215675792063,0.02917187235424672,Early,0.00041677078057799407,Medium,0.391,Mid-life
CS2_37,392,0.864864464574403,0.00013825438095705074,0.0004236256970057354,0.0006443594911960433,0.02910933976966011,Early,0.0002530525551194963,Medium,0.392,Mid-life
CS2_37,393,0.8690952431480105,0.0001845890688658618,0.0002662863336279935,0.0012301033693769003,0.029121272938752548,Early,0.0005227571502555193,Medium,0.393,Mid-life
CS2_37,394,0.8730799316485954,0.0002529153447106815,0.00011097980697805457,0.0008929930794708987,0.0291310038889684,Early,0.00032003886738010863,Medium,0.394,Mid-life
CS2_37,395,0.87363907199324,0.0003209648372204944,3.569196911685206e-05,-0.00014349772089591477,0.029129576454493353,Early,-0.00023223127905820458,Slow,0.395,Mid-life
CS2_37,396,0.874139623948685,0.0003821799732793158,6.499798037294624e-05,-0.0010565962768097784,0.029128531500013006,Early,-0.000719388125044547,Slow,0.396,Mid-life
CS2_37,397,0.8744488621008982,0.00045389665716395245,-0.003414286352536922,-0.0010036221639496373,0.021233851032051044,Early,-0.0007287594105567949,Slow,0.397,Mid-life
CS2_37,398,0.875002381995897,-0.00012111182359951719,0.00029906794947330876,-0.0012134515922464586,0.004107850871413913,Early,-0.0005461698843234707,Slow,0.398,Mid-life
CS2_37,399,0.8759883160130402,-2.991818405956054e-05,5.9577670754588695e-05,-0.0015891216340910206,0.003951441232039861,Early,-0.0007796017250157301,Slow,0.399,Mid-life
CS2_37,400,0.8767299768056767,2.95854072475123e-05,-0.0001543132259840263,-0.0010906762368094577,0.003802011420108207,Early,-0.000560130822028485,Slow,0.4,Mid-life
CS2_37,401,0.8771416901530928,5.621473656129465e-05,-0.00015319104573276938,-0.0005802512149282021,0.003801927437875628,Early,-0.0003182329757447484,Slow,0.401,Mid-life
CS2_37,402,0.8772497243190939,8.425402615773101e-05,-0.00022039782125919807,-0.0005158074751219845,0.0037814053385020942,Early,-0.00030003075063985774,Slow,0.402,Mid-life
CS2_37,403,0.8774800375987303,9.987366667345677e-05,-0.0002006979639416923,-0.00047720195000646094,0.0037796547446608316,Early,-0.00028853780833995883,Slow,0.403,Mid-life
CS2_37,404,0.877701931158793,0.0001192518667838621,-6.738315771838108e-05,-0.0004647241511278282,0.0037003056280360707,Early,-0.00029198800895584515,Slow,0.404,Mid-life
CS2_37,405,0.8777115152116107,0.00016266114808950906,2.2725634123647282e-05,-0.0003870190308162507,0.003665315463820833,Early,-0.0002748400894528799,Slow,0.405,Mid-life
CS2_37,406,0.8778579441235704,0.0002230865474640694,7.655007348839777e-05,-0.00026708973007575195,0.0036496472046634114,Early,-0.0002450881387699107,Slow,0.406,Mid-life
CS2_37,407,0.8781015367220522,0.0002960783063711683,-0.000275249293232867,-0.0001959371309107854,0.0030757538957640724,Early,-0.0002460077186409768,Slow,0.407,Mid-life
CS2_37,408,0.8784352381291749,0.0003072576507940575,-0.0003332672875592533,-0.00018479256801172208,0.003058752255786938,Early,-0.00024602510940288977,Slow,0.408,Mid-life
CS2_37,409,0.8781341262232509,0.0003046159560235499,-0.00036297723186829963,-0.00012634312916529451,0.003047593611099091,Early,-0.00021547954259442222,Slow,0.409,Mid-life
CS2_37,410,0.8781543007419077,0.0002910202832724402,-0.0003888984311107416,-9.632330616820324e-05,0.0030409283017421643,Early,-0.00019367179472032172,Medium,0.41,Mid-life
CS2_37,411,0.8653306673816726,0.00019569271915590274,1.7285314086107876e-05,0.0017673233967314842,0.003857842078988424,Early,0.0007858153387877907,Fast,0.411,Mid-life
CS2_37,412,0.8624471402427276,8.286007680126258e-05,0.0003795845988972947,0.00218062499555473,0.0035621192012290207,Early,0.0010488824593767338,Fast,0.412,Mid-life
CS2_37,413,0.8611683894245558,1.4505667797909233e-05,0.0004758949406445157,0.0023842220998592394,0.0035441428583160165,Early,0.0011848582160306651,Fast,0.413,Mid-life
CS2_37,414,0.8602588340506303,-4.391064868638608e-05,0.0004361025151277908,0.0025489575244888357,0.0035317030431160825,Early,0.001296434086587611,Fast,0.414,Mid-life
CS2_37,415,0.8580714333828319,-0.00012197648904844348,0.00047342059485143016,0.0029091149637632896,0.0035442832316940663,Early,0.0015155457264058665,Fast,0.415,Mid-life
CS2_37,416,0.866840459354211,-0.00015069388074732802,8.175876317949617e-05,0.0016133809812914266,0.0038691995318008397,Early,0.0008820374310193773,Fast,0.416,Mid-life
CS2_37,417,0.8694861828700597,-0.00018261155522033285,0.0002651543181802908,0.001238302553121137,0.0035811701463705505,Early,0.0007104570541707349,Fast,0.417,Mid-life
CS2_37,418,0.8688376243102234,-0.00016786595811722798,0.0003384922224086563,-0.0005009938469358202,0.0035644134059106374,Early,-0.00016656394440929613,Medium,0.418,Mid-life
CS2_37,419,0.857720208182122,-0.0002032085156279711,0.00048110902467246943,0.0006752760086579419,0.0038999329175959502,Early,0.0004392422621429565,Medium,0.419,Mid-life
CS2_37,420,0.859057907488282,-0.0002635304930388283,0.0002479207265398248,0.00030149741946767464,0.003779939477125321,Early,0.00028251395625325147,Medium,0.42,Mid-life
CS2_37,421,0.8585349191810303,-0.00035747908857538104,0.0002867286378135631,0.00024627355279999944,0.0037762684644537144,Early,0.00030187632068769024,Medium,0.421,Mid-life
CS2_37,422,0.8572757175111368,-0.0004514599991803039,0.000297822688355965,0.00011367369595643202,0.003778681028097545,Early,0.00028256684756836797,Medium,0.422,Mid-life
CS2_37,423,0.8546390914611831,-0.000562237880105236,0.0003298507455877392,0.0017430525561468338,0.0037946434773931596,Early,0.001152645218126035,Fast,0.423,Mid-life
CS2_37,424,0.8651199894963729,-0.0006190564243790445,0.00012823398876250108,0.0006237419105266888,0.00419043511747901,Early,0.0006213991674528666,Medium,0.424,Mid-life
CS2_37,425,0.8672079161356161,-0.0006385160300711674,0.00018941985525739786,0.00023281545351532578,0.004141946304664678,Early,0.00043566574179324663,Medium,0.425,Mid-life
CS2_37,426,0.8596821357304985,-0.0006759429777747775,0.000450223750411017,-0.0002802753640537757,0.004342905481521495,Early,0.0001978338068605009,Medium,0.426,Mid-life
CS2_37,427,0.8549979528708009,-0.0007316914880592284,0.000617473260576907,0.0005799935167830141,0.004404467926931224,Early,0.0006558425024211212,Medium,0.427,Mid-life
CS2_37,428,0.8551538788660001,-0.0007766932683903156,0.0006224188140289707,0.00048300575929002436,0.0044034786466071235,Early,0.00062984951384017,Medium,0.428,Mid-life
CS2_37,429,0.856713350720497,-0.0008040044371601605,0.0005899687508193528,8.03381129485446e-05,0.0044161215924197784,Early,0.00044217127505435255,Medium,0.429,Mid-life
CS2_37,430,0.8557517702077694,-0.0008269299418169079,0.0006527918001700254,-0.00015895410665518156,0.004406798439294985,Early,0.0003339879175808632,Medium,0.43,Mid-life
CS2_37,431,0.8599625143751991,-0.0008129107772412108,0.0005408858848541146,0.000736782160167688,0.004486711667659548,Early,0.0007748464687044494,Fast,0.431,Mid-life
CS2_37,432,0.8644895287481349,-0.0007628095278059545,0.0004081342388696113,0.0003883410553544575,0.004575832537735966,Early,0.000575575291580206,Medium,0.432,Mid-life
CS2_37,433,0.8615099429513954,-0.0007226605736637808,0.0005077348828289836,-0.0002611153172709895,0.00459777376113625,Early,0.00023077262819639566,Medium,0.433,Mid-life
CS2_37,434,0.8603981435138446,-0.000682445116714192,0.0005510288414479257,-0.0007714558061490921,0.004596911210372686,Early,-4.450534471745008e-05,Medium,0.434,Mid-life
CS2_37,435,0.8601055111820618,-0.0006363220539080624,0.0005676264508622976,-0.0007073760451516657,0.004594955930507443,Early,-3.552699562180166e-05,Medium,0.435,Mid-life
CS2_37,436,0.8563355154772808,-0.0006039083618007667,0.0006895483785267712,5.3976463316602565e-05,0.00462914600951494,Early,0.0003289424125586846,Medium,0.436,Mid-life
CS2_37,437,0.8546982035435038,-0.000572907346533818,0.0007470884058086015,0.00015050952346651325,0.004629494373225392,Early,0.00036170843500016564,Medium,0.437,Mid-life
CS2_37,438,0.8549318111827092,-0.0005312573917056382,0.0007474105012691269,0.0007186718846414118,0.004629423496203752,Early,0.0006249646381735251,Medium,0.438,Mid-life
CS2_37,439,0.8551924636115975,-0.000478249107162056,0.0007497669199218514,0.0013281521623624837,0.004628873415835353,Early,0.0009032006347622698,Fast,0.439,Mid-life
CS2_37,440,0.8543535597779411,-0.0004195912123155792,0.0007671150466228965,0.0010223404533506056,0.004628143606890784,Early,0.0007209658328330924,Fast,0.44,Mid-life
CS2_37,441,0.8522539078390221,-0.000365856804694086,0.000835496545254374,0.0011634622392603536,0.004631782486904457,Early,0.0007646595219772198,Fast,0.441,Mid-life
CS2_37,442,0.8582151053719093,-0.00026864304967456134,0.00022953425837946375,0.0002700579728789343,0.004221765022635433,Early,0.00026935051127674784,Medium,0.442,Mid-life
CS2_37,443,0.8610352127499206,-0.00022565916661789175,4.5546048155066205e-05,-0.000671385324662821,0.0042265282505629664,Early,-0.0002228630790224646,Slow,0.443,Mid-life
CS2_37,444,0.8621029684497811,-0.00019247459800884106,-3.0147710491139122e-05,-0.001057823558039612,0.004224717988471775,Early,-0.0004326744800153855,Slow,0.444,Mid-life
CS2_37,445,0.8627179428167637,-0.0001634040741280174,-7.93260892301104e-05,-0.0011123045191506436,0.004222287172034425,Early,-0.00047445022251131315,Slow,0.445,Mid-life
CS2_37,446,0.8629533930082834,-0.00013906512616120533,-0.0001574825685629539,-0.001108704199526562,0.004201302305813312,Early,-0.00048481953668267833,Slow,0.446,Mid-life
CS2_37,447,0.8630868397330053,-0.00012818594569554673,0.00012108450390986077,-0.0012476114221520174,0.0038857197611181496,Early,-0.0005597127382282353,Slow,0.447,Mid-life
CS2_37,448,0.8635008128331103,-6.375467387021078e-05,0.00019307645280482042,-0.0016067007134411718,0.0038532883524675368,Early,-0.0007714730197854805,Slow,0.448,Mid-life
CS2_37,449,,,,,,,,,0.449,Mid-life
CS2_37,450,0.8555422151220018,,,,,Early,,,0.45,Mid-life
CS2_37,451,0.8551713707851072,,,,,Early,,,0.451,Mid-life
CS2_37,452,0.8616930198741907,,,,,Early,,,0.452,Mid-life
CS2_37,453,0.8636324395881364,,,,,Early,,,0.453,Mid-life
CS2_37,454,0.8611262051833098,,,,,Early,,,0.454,Mid-life
CS2_37,455,0.8556046356042688,,,,,Early,,,0.455,Mid-life
CS2_37,456,0.8572907927313209,,,,,Early,,,0.456,Mid-life
CS2_37,457,0.8592794730409119,,,-0.0005338939884157298,,Early,,,0.457,Mid-life
CS2_37,458,0.861019061228257,,,-0.0008353843490214016,,Early,,,0.458,Mid-life
CS2_37,459,0.8613756382016936,,,4.534023892815193e-05,,Early,,,0.459,Mid-life
CS2_37,460,0.8660223041377532,,,-0.0003414092213738229,,Early,,,0.46,Mid-life
CS2_37,461,0.8666670815267545,,,-0.0007915537633492413,,Early,,,0.461,Mid-life
CS2_37,462,0.8608111325238289,,,-0.0007437852742228714,,Early,,,0.462,Mid-life
CS2_37,463,0.8575904887584005,,,-4.2813718154225254e-05,,Early,,,0.463,Mid-life
CS2_37,464,0.8588170874327955,,,6.605508687377146e-05,,Early,,,0.464,Mid-life
CS2_37,465,0.8587470515616098,,,0.00032457280952102874,,Early,,,0.465,Mid-life
CS2_37,466,0.8577789840036119,,,0.0005138077425831071,,Early,,,0.466,Mid-life
CS2_37,467,0.861730593924018,,,0.0006131014591050286,,Early,,,0.467,Mid-life
CS2_37,468,0.8635512739635005,,,0.0004451153661791464,,Early,,,0.468,Mid-life
CS2_37,469,0.8640303091825594,,,-0.00045988237981864355,,Early,,,0.469,Mid-life
CS2_37,470,0.8551864914067957,,,0.0003434281930863988,,Early,,,0.47,Mid-life
CS2_37,471,0.854719538000265,,,0.0005853642046472128,,Early,,,0.471,Mid-life
CS2_37,472,0.8547313395724193,,,0.0005736731413129263,,Early,,,0.472,Mid-life
CS2_37,473,0.8543688219859581,,,0.00048716600252196596,,Early,,,0.473,Mid-life
CS2_37,474,0.852365322250444,,,0.001337895953367704,,Early,,,0.474,Mid-life
CS2_37,475,0.8587891256118593,,,0.0006803069073773196,,Early,,,0.475,Mid-life
CS2_37,476,0.860298579921309,,,0.0005331041801786325,,Early,,,0.476,Mid-life
CS2_37,477,0.8579171229785454,,,-0.0003900902245356695,,Early,,,0.477,Mid-life
CS2_37,478,0.8514063914488287,,,0.00047330665020519003,,Early,,,0.478,Mid-life
CS2_37,479,0.8523483839631427,,,0.00034042222989665624,,Early,,,0.479,Mid-life
CS2_37,480,0.8518310034868938,,,0.0003625454998663307,,Early,,,0.48,Mid-life
CS2_37,481,0.8541832321344147,-0.00020435087810821665,4.383816088990568e-05,-0.00025970141199581153,0.003474857041045434,Early,-2.767526694379744e-05,Medium,0.481,Mid-life
CS2_37,482,0.8523200086356328,-0.0002550179703991203,9.19794241765918e-05,0.0009241595680323471,0.0034898439727373003,Early,0.0005895887692157337,Medium,0.482,Mid-life
CS2_37,483,0.8584420968201587,-0.0002719623200991962,0.00010486848561393426,0.0002652118715928964,0.003465254838106415,Early,0.0002685870958460463,Medium,0.483,Mid-life
CS2_37,484,0.8592800548554825,-0.00024589903289224833,0.00014039950750496352,-0.00019470455384816367,0.0034492047602179593,Early,2.559723952204233e-05,Medium,0.484,Mid-life
CS2_37,485,0.8595135371153875,-0.0002058942627940602,5.2021550578141085e-05,-0.0011581636666512557,0.0034215536753086136,Early,-0.00047613470192859773,Slow,0.485,Mid-life
CS2_37,486,0.8599100374504977,-0.00017728546410814708,-0.00013888393052351132,-0.0010802362124792766,0.0032678551112957934,Early,-0.00045147537418556476,Slow,0.486,Mid-life
CS2_37,487,0.8600676138367708,-0.00018073212595526154,-8.957487436935019e-05,-0.0011766586214109992,0.003255237999707979,Early,-0.0004979632477278688,Slow,0.487,Mid-life
CS2_37,488,0.8606060956239309,-0.00017255669027127697,-4.279427687157955e-05,-0.0009175519270737358,0.0032374079541673327,Early,-0.0003724976184012294,Slow,0.488,Mid-life
CS2_37,489,0.8614058450589241,-0.00014902420236661263,-1.2476897763456382e-05,-0.0012979766318987579,0.003225366573172776,Early,-0.0005744762147660726,Slow,0.489,Mid-life
CS2_37,490,0.8618964469047279,-0.00011296196311181208,-1.6800280743041328e-05,-0.0004934785835098829,0.003225932966358813,Early,-0.0001902583101990354,Slow,0.49,Mid-life
CS2_37,491,0.8618549657747303,-7.530031884592769e-05,0.0001344302697749308,-0.0003678444170353964,0.003109437541732516,Early,-0.00014627204909473435,Medium,0.491,Mid-life
CS2_37,492,0.861848375554075,-9.74699131324092e-06,0.00015544212815095246,-0.00033354834838393376,0.0031061956733640433,Early,-0.00016190067853534643,Medium,0.492,Mid-life
CS2_37,493,0.8617543017371657,6.070172160803523e-05,-3.042481333344562e-05,-0.0002634663266668661,0.002920562686418473,Early,-0.00016208402413745067,Medium,0.493,Mid-life
CS2_37,494,0.8615156110586755,9.617606346066312e-05,-0.00012661684839596692,-0.00020685674598638508,0.0028583604173676785,Early,-0.0001515164047235241,Medium,0.494,Mid-life
CS2_37,495,0.8613123127631506,0.00011075736123518412,-8.049113968887311e-05,-0.00010088816274567147,0.0028515472831474866,Early,-0.0001058227619904278,Medium,0.495,Mid-life
CS2_37,496,0.8616240270337724,0.00013316440142811532,-9.280566039234163e-05,-3.116885354974881e-05,0.0028516998552093166,Early,-8.216662748893207e-05,Medium,0.496,Mid-life
CS2_37,497,0.8615731361048582,0.00015382974775239358,-0.00012239200326601095,4.6187257124241654e-05,0.0028450765821449162,Early,-5.382124531407596e-05,Medium,0.497,Mid-life
CS2_37,498,0.8612839841850669,0.00016596098337028802,1.4406765772614637e-05,8.15687985233428e-05,0.0027553593249775104,Early,-4.219609242347261e-05,Medium,0.498,Mid-life
CS2_37,499,0.8610065972610799,0.00019913219926071833,8.208634523937565e-05,0.00012025404185644906,0.002734469899774773,Early,-3.943907870213464e-05,Medium,0.499,Mid-life
CS2_37,500,0.8562311162046582,0.0002164475723871551,0.0002515868702548779,0.000789026504643932,0.00285856736974348,Early,0.00028628946612838845,Medium,0.5,Mid-life
CS2_37,501,0.8548098654322017,0.00023126838975854317,1.2149224986902593e-05,0.000957963660924821,0.0023868156049869833,Early,0.00036334763558313894,Medium,0.501,Mid-life
CS2_37,502,0.8586856317232336,0.00021799970125064192,-0.00012793850719253655,0.00037524014855956037,0.0024846685924452046,Early,7.862022365445923e-05,Medium,0.502,Mid-life
CS2_37,503,0.8609507775539401,0.0002134941684801887,-0.0002006270316619614,9.617849711889599e-05,0.002513945872628889,Early,-5.865783568064636e-05,Medium,0.503,Mid-life
CS2_37,504,0.8609268266758386,0.00020663975292976492,-0.00021154853838324347,9.232991843136482e-05,0.002512152604396519,Early,-5.715491724920005e-05,Medium,0.504,Mid-life
CS2_37,505,0.8513467839848021,0.00014088955695739858,3.2856073085222924e-05,0.001419600028609255,0.003046552144880736,Early,0.0006393552358259282,Medium,0.505,Mid-life
CS2_37,506,0.8501753164820941,5.747313887111053e-05,0.00027786481063758615,0.0015473258255693948,0.0028058954384954024,Early,0.0007449263433491421,Fast,0.506,Mid-life
CS2_37,507,0.8522212499957633,2.5337780423219292e-05,0.0002605590298563117,0.000572838029842125,0.0028189106712617363,Early,0.00027375012470945285,Medium,0.507,Mid-life
CS2_37,508,0.8514022019765767,8.608305474863766e-08,0.00021015874199899063,0.00048680906508929186,0.0027935800048881623,Early,0.00024336149101727162,Medium,0.508,Mid-life
CS2_37,509,0.8486714704379074,-5.182397225370498e-05,8.82232584168168e-05,0.0014305944693323264,0.0025840396730343546,Early,0.0007412092207930156,Fast,0.509,Mid-life
CS2_37,510,0.8554054786374413,-0.00010146287309256209,-9.861595723543869e-05,0.0007921855594998282,0.0028560879585793715,Early,0.00044682421629619516,Medium,0.51,Mid-life
CS2_37,511,0.8563519414529901,-0.00014149254998032594,-0.00014583670858375216,0.0006535550318355066,0.0028576646743057746,Early,0.00039752379090791625,Medium,0.511,Mid-life
CS2_37,512,0.8555792475447952,-0.00019050943028629973,-4.503275517356387e-05,-0.0006046376514275817,0.002832242634858402,Early,-0.000207064110570641,Slow,0.512,Mid-life
CS2_37,513,0.84662289538015,-0.0002775614755211255,0.00018377784695105913,0.000507488728849156,0.0032476065842621535,Early,0.0003925251021851408,Medium,0.513,Mid-life
CS2_37,514,0.8467468079497676,-0.0003724075845926712,0.0003772673829158407,0.0007820631494279537,0.0030308337607190786,Early,0.0005772353670103125,Medium,0.514,Mid-life
CS2_37,515,0.7336795553322291,-0.0010706095440459027,0.004051629016879144,0.016817520949192515,0.020456951273332014,Middle,0.008944065246619209,Fast,0.515,Mid-life
CS2_37,516,0.847655752343289,-0.0010704171109983192,0.0003825091861967233,0.00014510258494547314,0.0294671995897825,Early,0.0006077598479718962,Medium,0.516,Mid-life
CS2_37,517,0.845308429567083,-0.0010778884401320698,0.0004710196091424094,0.0014424355814797649,0.02946890243945724,Early,0.0012601620108059174,Fast,0.517,Mid-life
CS2_37,518,0.8517026744225119,-0.0010414234942156596,0.0002698367552986731,0.0006641810043540268,0.029494614390918567,Early,0.0008528022492848431,Fast,0.518,Mid-life
CS2_37,519,0.8529602743495507,-0.0009938514470270404,0.00024663939594774784,0.0003741390278920731,0.029495554096835214,Early,0.0006839952374595568,Fast,0.519,Mid-life
CS2_37,520,0.8520336423658973,-0.0009456820782736267,0.00030232911912989854,-0.0007729638551067548,0.029495142347517996,Early,8.635911158343595e-05,Medium,0.52,Mid-life
CS2_37,521,0.8428289911729823,-0.000941832274972867,0.0006150792171530845,0.0005596881109693395,0.029537824942753498,Early,0.0007507601929711033,Fast,0.521,Mid-life
CS2_37,522,0.7266104833974263,-0.0015885378551689288,0.004362725237977549,0.001009867419257539,0.03610305914025165,Middle,0.001299202637213234,Fast,0.522,Mid-life
CS2_37,523,0.8413920112456096,-0.0015337349285801164,0.0006598827196279169,0.0008948201568113522,0.04197390506235933,Early,0.0012142775426957342,Fast,0.523,Mid-life
CS2_37,524,0.8423712339882107,-0.001465907013575384,0.0006252602499662917,0.0004195993684103267,0.04197482997874757,Early,0.0009427531909928554,Fast,0.524,Mid-life
CS2_37,525,0.8402744202199938,-0.0014034220933728673,0.0006851997044736032,0.001632607743216877,0.0419755862421567,Early,0.0015180149182948723,Fast,0.525,Mid-life
CS2_37,526,0.8471617686404639,-0.0012953743484491974,0.00045646916524795744,0.0008283579584409713,0.041997612876556005,Early,0.0010618661534450844,Fast,0.526,Mid-life
CS2_37,527,0.8489099973835094,-0.0011733614400140768,0.0004101299887181621,0.00044623499748399,0.04199928120021812,Early,0.0008097982187490333,Fast,0.527,Mid-life
CS2_37,528,0.8482142991358155,-0.0010488696906677721,0.0004309302248078297,-0.0007693297089761726,0.04199925702693395,Early,0.00013976999084579976,Medium,0.528,Mid-life
CS2_37,529,0.8378038526175433,-0.0009789204242622144,0.0007574235989523742,-0.01588476703144529,0.04203744118171063,Early,-0.007452923303591537,Slow,0.529,Mid-life
CS2_37,530,0.8379959488166412,-0.0009009155244634234,0.000742278982078667,0.0004851517755669134,0.042037704455115434,Early,0.0006930336500151684,Fast,0.53,Mid-life
CS2_37,531,0.8386828541053147,-0.0008121488273416596,0.0005660729709465632,0.0005269114118422775,0.0420316829780691,Early,0.0006695301195919686,Medium,0.531,Mid-life
CS2_37,532,0.8387631155175124,-0.0007436268671649486,0.0005176370940222371,0.00021590067178305677,0.042031529796519175,Early,0.0004797637694740027,Medium,0.532,Mid-life
CS2_37,533,0.8363842004976683,-0.0006908145183760392,0.0007194010072763027,0.0015396525918279463,0.04202474878144476,Early,0.0011152335551019928,Fast,0.533,Mid-life
CS2_37,534,0.8439080461032007,-0.0005650566360012599,0.0005497655306690136,0.0007145644686155242,0.042047804872214635,Early,0.000639810552308392,Medium,0.534,Mid-life
CS2_37,535,0.8453674911842444,-0.00041188896968848805,0.0005019140481159443,0.00040668685022444376,0.042049267255087265,Early,0.0004092879099564659,Medium,0.535,Mid-life
CS2_37,536,0.8455654527127168,-0.00025202903776997966,0.0001864945571640437,-0.0011088000135962086,0.04201556042457939,Early,-0.0004283854879131145,Slow,0.536,Mid-life
CS2_37,537,0.8458081681359627,-0.00014310284535981715,0.00014087575310101254,-0.0011160313313316461,0.042015223062565665,Early,-0.00048646424298591447,Slow,0.537,Mid-life
CS2_37,538,0.8461592382856056,-3.723714071590908e-05,0.0001955487648437982,-0.0010680548828986916,0.0420133852808173,Early,-0.0005154088710913913,Slow,0.538,Mid-life
CS2_37,539,0.8465374106763464,8.462403798537522e-05,0.0001569287516203329,-0.0011106135941191411,0.042013343297341466,Early,-0.0005976188160522582,Slow,0.539,Mid-life
CS2_37,540,0.8469087546134736,0.0002057247247615429,5.6861800788186104e-05,-0.0015035077308293327,0.04201070286114438,Early,-0.0008546162277954378,Slow,0.54,Mid-life
CS2_37,541,0.8467455559824734,0.0003110287833099131,0.0002793523437086437,-0.00040535855418181007,0.04199179899118746,Early,-0.00035819366874586156,Slow,0.541,Mid-life
CS2_37,542,0.8468593344686132,0.0004584151792053953,0.000306213128528288,-0.0002131204691955427,0.04199125505704685,Early,-0.000335767824200469,Slow,0.542,Mid-life
CS2_37,543,0.8462676387219145,0.0006112969917253361,0.00030037447815744306,-0.00010031228702824167,0.04199120061679645,Early,-0.00035580463937678886,Slow,0.543,Mid-life
CS2_37,544,0.8460157778268753,0.0007617708164786971,1.958443720240949e-05,-2.9658527273228913e-05,0.04196048146633531,Early,-0.000395714671875963,Slow,0.544,Mid-life
CS2_37,545,0.8458575559396566,0.0008606798390874148,2.8685548713259038e-05,4.3097477992708786e-05,0.04196047990185309,Early,-0.00040879118054735304,Slow,0.545,Mid-life
CS2_37,546,0.8455878726072217,0.0009590865908700412,-0.003609945718548149,0.0001356482955892397,0.036346649492674965,Early,-0.0004117191476404007,Slow,0.546,Mid-life
CS2_37,547,0.8453729833052198,0.00037282269858084934,7.363771090545911e-05,0.00021939590117911071,0.030025353412041374,Early,-7.671339870086931e-05,Medium,0.547,Mid-life
CS2_37,548,0.8454188832332027,0.0004352484219783461,-3.5630214877330737e-06,0.00018952467846723917,0.03002238904132766,Early,-0.00012286187175555347,Medium,0.548,Mid-life
CS2_37,549,0.8453901346986146,0.0004841332513203289,0.00020363031367410763,0.000209885681428371,0.02999896928272521,Early,-0.00013712378494597894,Medium,0.549,Mid-life
CS2_37,550,0.8410005782437481,0.0005467223365027248,0.0003857966485742777,0.0007524372111666265,0.030006945197647808,Early,0.00010285743733195085,Medium,0.55,Mid-life
CS2_37,551,0.8383648755359555,0.0006058653450737152,0.0004409279622561865,0.0010929860415599718,0.030009541901391188,Early,0.00024356034824312832,Medium,0.551,Mid-life
CS2_37,552,0.8439252165105281,0.0006963467906641876,-3.536210766276874e-05,0.00027604848987550223,0.029982971900050958,Early,-0.00021014915039434267,Slow,0.552,Mid-life
CS2_37,553,0.8462204284900282,0.0007471682167732167,-0.003858385325567804,-9.036512611521845e-05,0.020821801134974192,Early,-0.00041876667144421755,Slow,0.553,Mid-life
CS2_37,554,0.8465378595889516,9.561551033810076e-05,-0.0001659951078497411,-0.0001664108976759631,0.0031218091643479065,Early,-0.00013101320400703194,Medium,0.554,Mid-life
CS2_37,555,0.8348822616585598,2.811927948303641e-05,0.0002415797525693821,0.0015052316535204082,0.0037696589645123844,Early,0.0007385561870186859,Fast,0.555,Mid-life
CS2_37,556,0.8335119909241357,-3.885359050091606e-05,0.000218142880511549,0.0016968776820684031,0.003759986185459704,Early,0.0008678656362846596,Fast,0.556,Mid-life
CS2_37,557,0.8327697173829613,-0.0001194787420096757,0.0004642597179839528,0.0011758372658266752,0.0035215233982764014,Early,0.0006476580039181754,Medium,0.557,Mid-life
CS2_37,558,0.8326096812790182,-0.00015660484947017293,0.0005258166485319716,0.0008221706081338955,0.0034981604271804704,Early,0.0004893877288020342,Medium,0.558,Mid-life
CS2_37,559,0.831154070531978,-0.0001860931654927793,0.0005503299549624997,0.0018244494255071591,0.003502050925618081,Early,0.0010052712954999692,Fast,0.559,Mid-life
CS2_37,560,0.8382711567282428,-0.0001728425732284881,-1.5074326151596995e-05,0.0011356102516836275,0.003263883424841004,Early,0.0006542264124560577,Medium,0.56,Mid-life
CS2_37,561,0.8404040493673454,-0.00020679483625664458,-7.768066292594107e-05,0.0008762586030865993,0.0032859314348506565,Early,0.000541526719671622,Medium,0.561,Mid-life
CS2_37,562,0.8409097596429275,-0.0002376650245755449,-7.183566250363656e-05,-0.000861071140623948,0.0032849726404540827,Early,-0.0003117030580242015,Slow,0.562,Mid-life
CS2_37,563,0.7164895834073528,-0.0009723814758030349,0.003944307487424502,0.01671748678811185,0.022599395812773263,Middle,0.008844934131957442,Fast,0.563,Mid-life
CS2_37,564,0.8295989301263662,-0.001019153477564251,0.00021887968939684048,0.00045296960808502033,0.030871154314854484,Early,0.0007360615428246357,Fast,0.564,Mid-life
CS2_37,565,0.8291855475049784,-0.0010793035376347683,0.0004749193096200735,0.0004891619677199754,0.030837693846678248,Early,0.0007842327526773719,Fast,0.565,Mid-life
CS2_37,566,0.8285038470629176,-0.0010951809625762783,0.0005439885200427998,0.0003786033527229155,0.030835614668244637,Early,0.0007368921576495969,Fast,0.566,Mid-life
CS2_37,567,0.8268527669969669,-0.001105965534931523,0.0006036350230887068,0.0016311985330394224,0.030835919980873684,Early,0.0013685820339854726,Fast,0.567,Mid-life
CS2_37,568,0.8337781776006894,-0.001069416913091471,0.00038806421081526827,0.0009465531095222809,0.03086537890957532,Early,0.0010079850113068759,Fast,0.568,Mid-life
CS2_37,569,0.8358119644357486,-0.0010155237987517862,0.00033378302741474223,0.0007282564581684145,0.030868201632090742,Early,0.0008718901284601004,Fast,0.569,Mid-life
CS2_37,570,0.8366338352318468,-0.0009511732582725028,0.0003194701756290194,-0.01716346454635628,0.030868645615810625,Early,-0.008106145644041888,Slow,0.57,Mid-life
CS2_37,571,0.8246385258984612,-0.0009491988347897268,0.0007183944746778189,0.0007086291754150002,0.030939248591418115,Early,0.0008289140051023634,Fast,0.571,Mid-life
CS2_37,572,0.8231757024637851,-0.0009452624257853344,0.0007603178554415559,0.0008585492915990407,0.03093935172205627,Early,0.0009019058586921876,Fast,0.572,Mid-life
CS2_37,573,0.8249101291826542,-0.0009237586088334637,0.000708038880192226,0.0005133882686090592,0.03094224702553723,Early,0.0007185734387212615,Fast,0.573,Mid-life
CS2_37,574,0.8176418723512894,-0.0009348593406591239,0.0009234118184072608,0.0013158420922396402,0.03096463816621859,Early,0.001125350716449382,Fast,0.574,Mid-life
CS2_37,575,0.8100397287023787,-0.0009820226620233705,0.0011605177136934383,0.003391206985472953,0.030987457777727517,Early,0.0021866148237481616,Fast,0.575,Mid-life
CS2_37,576,0.8225165753439998,-0.0009465381358082626,0.0007529348579244133,0.0018993412988212524,0.031084025617732432,Early,0.0014229397173147575,Fast,0.576,Mid-life
CS2_37,577,0.8265180875434132,-0.0008806606548883427,0.000615154356897049,0.0014451068126333708,0.031095702921485877,Early,0.0011628837337608567,Fast,0.577,Mid-life
CS2_37,578,0.8280655721469607,-0.000800532549054198,0.0005583035857502925,-0.0004895780354999348,0.03109807004101843,Early,0.00015547725677713162,Medium,0.578,Mid-life
CS2_37,579,0.8081980464108633,-0.0008281647151893636,0.0012006721555593337,0.0021396651504173975,0.03129024770738441,Early,0.0014839149328033806,Fast,0.579,Mid-life
CS2_37,580,0.8063496979771044,-0.0008523940642487103,0.001259368926500327,0.00265149017222139,0.03128968270992518,Early,0.0017519421182350503,Fast,0.58,Mid-life
CS2_37,581,0.8041028576642003,-0.0008752418848676721,0.0011902490509531538,0.0019341449552984383,0.03128490383776009,Early,0.0014046934200830552,Fast,0.581,Mid-life
CS2_37,582,0.6735026829960653,-0.0016515512567428562,0.005318135243222265,0.01950529224375906,0.03897818748103493,Middle,0.010578421750250958,Fast,0.582,Mid-life
CS2_37,583,0.798311108079533,-0.001673264078265078,0.0014714228526127456,0.003457923894923831,0.045436710691590075,Middle,0.0025655939865944547,Fast,0.583,Mid-life
CS2_37,584,0.811967890801287,-0.0015690679827330516,0.0011049205706045568,0.0020785995345894586,0.04551386286194396,Early,0.001823833758661255,Fast,0.584,Mid-life
CS2_37,585,0.8175741030237562,-0.0014074215159329373,0.0009343147279095271,0.0014987813033149333,0.04552928189660265,Early,0.0014531014096239353,Fast,0.585,Mid-life
CS2_37,586,0.819590523569767,-0.0012218973156058377,0.000493281873832026,-0.00162749673698624,0.04548816564647285,Early,-0.00020279971069020117,Slow,0.586,Mid-life
CS2_37,587,0.8208631443845023,-0.001089761827596865,0.00040802730773011276,-0.0020733494867711177,0.045488943858444035,Early,-0.0004917938295871263,Slow,0.587,Mid-life
CS2_37,588,0.8216376862980338,-0.0009563744884823861,0.00035909777693314684,-0.0025049755191190698,0.04548938811527006,Early,-0.0007743005153183418,Slow,0.588,Mid-life
CS2_37,589,0.8220037885871856,-0.0008210438294710865,0.0003421255707042791,-0.021214443655874327,0.0454895630128154,Early,-0.01019669991320162,Slow,0.589,Mid-life
CS2_37,590,0.8234738004527999,-0.0006743823357832011,0.0002477506477154207,-0.003594670339038137,0.04549021073459963,Early,-0.001460144001627468,Slow,0.59,Mid-life
CS2_37,591,0.8238532566303226,-0.0005310200084253325,0.0004650935515458133,-0.0016979094041479506,0.045469941122657606,Early,-0.0005834446978613091,Slow,0.591,Mid-life
CS2_37,592,0.8241768789111409,-0.00034009577436193574,0.000523457111490467,-0.0009432536981978101,0.045467656385573284,Early,-0.00030157896191793717,Slow,0.592,Mid-life
CS2_37,593,0.8221274697017316,-0.00014274882636290264,0.0006058803206837389,-0.00036242087599493356,0.04546804447779546,Early,-0.00010983602481601546,Medium,0.593,Mid-life
CS2_37,594,0.8215910973995864,6.130890922026427e-05,-0.003390371419104308,-0.00010399328786915772,0.039240814700388815,Early,-8.265109854471098e-05,Medium,0.594,Mid-life
CS2_37,595,0.8212842348252667,-0.00048183666001534313,0.0002682159774548231,5.0493067538158266e-05,0.03354386135343867,Early,0.0002661648637767507,Medium,0.595,Mid-life
CS2_37,596,0.8208497544225744,-0.0003817362163462294,0.00026889655104529237,0.00016486202351589135,0.03354386461093767,Early,0.0002732991199310604,Medium,0.596,Mid-life
CS2_37,597,0.8205608225461444,-0.00028257055333464156,0.00025622659731526455,0.00041613970095079534,0.033543777668945673,Early,0.0003493551271427184,Medium,0.597,Mid-life
CS2_37,598,0.8207152076605436,-0.00018348933426075707,0.00019798578504591087,0.00044829270996842626,0.03354284247701237,Early,0.0003158910221145917,Medium,0.598,Mid-life
CS2_37,599,0.8206657668247239,-9.182032729866903e-05,0.00042298099277307994,0.0005015874409167097,0.03351685069954708,Early,0.00029670388410768934,Medium,0.599,Mid-life
CS2_37,600,0.8057077042316045,-4.09847862675505e-05,0.0009711051678756138,0.002345680781446718,0.033614132776750044,Early,0.0011933327838571342,Fast,0.6,Mid-life
CS2_37,601,0.8008540446871192,4.864036731332052e-06,0.0011541867917654056,0.0029624361017810247,0.03361949734422879,Early,0.0014787860325248463,Fast,0.601,Mid-life
CS2_37,602,0.8114617739347001,0.00012876952806659817,0.0004250565149600359,0.0014032086986523712,0.033621644923836014,Early,0.0006372195852928865,Medium,0.602,Mid-life
CS2_37,603,0.8155060976122886,0.00021232915220941037,0.0002474066081127897,0.0007633795443265288,0.03363052694427571,Early,0.00027552519605855924,Medium,0.603,Mid-life
CS2_37,604,0.8169533658604208,0.00029861183333905776,0.0002566697845881737,0.0005153509551033711,0.03363000241650427,Early,0.00010836956088215667,Medium,0.604,Mid-life
CS2_37,605,0.7983496257875388,0.000291962845236659,0.0006223305343145359,0.0031950831247149797,0.03377011478115473,Middle,0.0014515601397391603,Fast,0.605,Mid-life
CS2_37,606,0.7945426477088356,0.00022945832394428726,0.0004999058385013896,0.0037318741594126103,0.03375084153856896,Middle,0.0017512079177341615,Fast,0.606,Mid-life
CS2_37,607,0.7937673781144964,0.00012503561193458147,0.0009273934590162394,0.001705760873872594,0.03366481533266789,Middle,0.0007903626309690063,Fast,0.607,Mid-life
CS2_37,608,0.7919899319517463,9.194351013457476e-05,0.0011138114706989318,0.001266301819338987,0.03365261006131168,Middle,0.0005871791546022061,Medium,0.608,Mid-life
CS2_37,609,0.7883271150205039,7.3432761798015e-05,0.0012818857137566727,0.003304951273456599,0.03365188659036191,Middle,0.001615759255829292,Fast,0.609,Mid-life
CS2_37,610,0.7989767669552511,0.00013879080872173497,0.00029746062760039487,0.0023613329510053633,0.03353623802847558,Middle,0.001111271071141814,Fast,0.61,Mid-life
CS2_37,611,0.804542718002945,0.00012627014295678662,5.828967658578909e-05,0.0017729496939251157,0.03355124383760148,Early,0.0008233397754841646,Fast,0.611,Mid-life
CS2_37,612,0.8061101992722169,0.00011281602371847622,-6.475295509731073e-05,-0.0011086533549540256,0.03354994433409235,Early,-0.0006107346893362509,Slow,0.612,Mid-life
CS2_37,613,0.7882998631025228,-1.53351545697985e-05,-0.0037031348421437886,0.0008918263723304129,0.02352572063339749,Middle,0.0004535807634501057,Medium,0.613,Mid-life
CS2_37,614,0.7841850868487314,-0.0009509932681206646,0.0004556781042194043,0.0013688987522521329,0.006981515762546602,Middle,0.0011599460101863988,Fast,0.614,Mid-life
CS2_37,615,0.7836256477650961,-0.0011755130736699807,0.0009142659043932522,0.00119489774095002,0.0064719309333261055,Middle,0.0011852054073100003,Fast,0.615,Mid-life
CS2_37,616,,,,,,,,,0.616,Mid-life
CS2_37,617,0.7993869402655145,,,,,Middle,,,0.617,Mid-life
CS2_37,618,0.7919753383031463,,,,,Middle,,,0.618,Mid-life
CS2_37,619,0.7896411061239598,,,,,Middle,,,0.619,Mid-life
CS2_37,620,0.7870242682986393,,,,,Middle,,,0.62,Mid-life
CS2_37,621,0.7995885684651646,,,,,Middle,,,0.621,Mid-life
CS2_37,622,0.8021913645954547,,,,,Early,,,0.622,Mid-life
CS2_37,623,0.7948302353983487,,,,,Middle,,,0.623,Mid-life
CS2_37,624,0.7842591057030402,,,0.002161119223210606,,Middle,,,0.624,Mid-life
CS2_37,625,0.7842801835017055,,,0.0010993078287772548,,Middle,,,0.625,Mid-life
CS2_37,626,0.7810502349638256,,,0.0012272673085905897,,Middle,,,0.626,Mid-life
CS2_37,627,0.7785174806781356,,,0.0012152553743576583,,Middle,,,0.627,Mid-life
CS2_37,628,0.776113445210961,,,0.0033535890363147907,,Middle,,,0.628,Mid-life
CS2_37,629,0.7889098980488397,,,0.0018973523638021422,,Middle,,,0.629,Mid-life
CS2_37,630,0.7918560384168783,,,0.0004248852830671985,,Middle,,,0.63,Mid-life
CS2_37,631,0.7867955444877771,,,-0.0003623483978195515,,Middle,,,0.631,Mid-life
CS2_37,632,0.7750262099584985,,,0.0013219962204581437,,Middle,,,0.632,Mid-life
CS2_37,633,0.7742781987366162,,,0.0009674337467442078,,Middle,,,0.633,Mid-life
CS2_37,634,0.7699775086666543,,,0.001219996001640197,,Middle,,,0.634,Mid-life
CS2_37,635,0.7687246827567972,,,0.001055537493451981,,Middle,,,0.635,Mid-life
CS2_37,636,0.7666371973030452,,,0.0031818143922563514,,Middle,,,0.636,Mid-life
CS2_37,637,0.7785363499672244,,,0.0019028126356648459,,Middle,,,0.637,Mid-life
CS2_37,638,0.7818864626674743,,,0.0007012974029004011,,Middle,,,0.638,Mid-life
CS2_37,639,0.7798196298128798,,,-0.0006847742649116155,,Middle,,,0.639,Mid-life
CS2_37,640,0.7662623760350131,,,0.001145117528800437,,Middle,,,0.64,Mid-life
CS2_37,641,0.7681236384902751,,,0.00026483859662559554,,Middle,,,0.641,Mid-life
CS2_37,642,0.7686221956111761,,,1.4641020803015817e-05,,Middle,,,0.642,Mid-life
CS2_37,643,0.7677545293975963,,,-0.00015961887065014352,,Middle,,,0.643,Mid-life
CS2_37,644,0.7657794088794422,,,0.001822420155397464,,Middle,,,0.644,Mid-life
CS2_37,645,0.7756910693512931,,,0.0008850561880258916,,Middle,,,0.645,Mid-life
CS2_37,646,0.7781731862796997,,,0.0002352062190257298,,Middle,,,0.646,Mid-life
CS2_37,647,0.7792901969793222,,,-0.0018611172777584426,,Middle,,,0.647,Mid-life
CS2_37,648,0.7658396867870303,-0.0008841652328413164,0.0010821694670478774,0.0003262788147492574,0.006785958608590023,Middle,0.0006052220237952869,Medium,0.648,Mid-life
CS2_37,649,0.7656038200310726,-0.0008512101577968937,0.0008506941378088266,0.0004311965114433468,0.006684485854128838,Middle,0.0006412033346201203,Medium,0.649,Mid-life
CS2_37,650,0.764988860365363,-0.0008541935677096218,0.0007952337341482843,0.0003950955760333282,0.006678896785385488,Middle,0.000624644571871475,Medium,0.65,Mid-life
CS2_37,651,0.7638849940828151,-0.0008676748809941643,0.0007464282005104573,0.0002706306852324441,0.006670664732734437,Middle,0.0005691527831133042,Medium,0.651,Mid-life
CS2_37,652,0.7611159745188703,-0.0009032755180755526,0.0012410514176223973,0.0020821564046318297,0.006202860118592463,Middle,0.001492715961353691,Fast,0.652,Mid-life
CS2_37,653,0.769802744767244,-0.0008040285798720361,0.0010447941880067978,0.0011957773589222423,0.006420946619410329,Middle,0.0009999029693971392,Fast,0.653,Mid-life
CS2_37,654,0.7725242194475418,-0.0006626574417446424,0.0007195489016389337,0.000966568218825776,0.006345250293290925,Middle,0.0008146128302852092,Fast,0.654,Mid-life
CS2_37,655,0.7734197508913224,-0.0005498459624243395,0.00034965660682960734,-0.0010828663006131611,0.006080513819628184,Middle,-0.0002665101690944108,Slow,0.655,Mid-life
CS2_37,656,0.7738910673327966,-0.0004904464151504772,0.00033513277964222315,-0.0011838924716748459,0.00608196641139213,Middle,-0.0003467230282621843,Slow,0.656,Mid-life
CS2_37,657,0.7737218164756401,-0.00042808043321301956,0.00023640059639308227,-0.0012475651586110192,0.006058203342171245,Middle,-0.00040974236269899984,Slow,0.657,Mid-life
CS2_37,658,0.7734139329963986,-0.00038312939914110896,0.00016463057037861424,-0.0013612769876547898,0.006043252497768015,Middle,-0.0004890737942568404,Slow,0.658,Mid-life
CS2_37,659,0.7734020217615912,-0.0003507658899540874,8.746527256031644e-05,-0.0017551496061029967,0.006028960171478536,Middle,-0.0007021918580744546,Slow,0.659,Mid-life
CS2_37,660,0.773892808106011,-0.00032827919086725376,0.00048442225622028027,-0.0005842947626810067,0.005537463412312863,Middle,-0.0001280077859068765,Slow,0.66,Mid-life
CS2_37,661,0.774591154733315,-0.00022361269645300918,0.000556931731727851,-0.00029527646939616785,0.0055056704927701275,Middle,-3.583188647157933e-05,Medium,0.661,Mid-life
CS2_37,662,0.7743475770694436,-9.726196245001281e-05,0.00040154733607527545,-0.00013254659687444992,0.005441935537815687,Middle,-1.7642317212218554e-05,Medium,0.662,Mid-life
CS2_37,663,0.7741735991067729,3.91049189604898e-06,2.7503575862116463e-05,-4.036168199661461e-05,0.005016399450172758,Middle,-2.2136086946331793e-05,Medium,0.663,Mid-life
CS2_37,664,0.773560751119052,3.504217712123369e-05,2.3143471534329166e-05,2.3009336655444024e-05,0.005015811037102324,Middle,-6.016420232894833e-06,Medium,0.664,Mid-life
CS2_37,665,0.7730601783926906,5.934262936246542e-05,-9.944095890439756e-05,5.053637195828742e-05,0.004953838610508705,Middle,-4.403128702089e-06,Medium,0.665,Mid-life
CS2_37,666,0.772448232824791,5.4600368219213874e-05,-0.00012011451832238234,0.00013625556240002914,0.004949342398061058,Middle,4.082759709040763e-05,Medium,0.666,Mid-life
CS2_37,667,0.77188403960099,3.8169197017409135e-05,-0.0001692529773530548,0.00028696692928872495,0.004934232910371303,Middle,0.00012439886613565792,Medium,0.667,Late-life
CS2_37,668,0.7662159030170664,-2.4251337777465976e-05,0.0003974337725857417,0.0011964645308926475,0.004534787950175079,Middle,0.0006103579343350568,Medium,0.668,Late-life
CS2_37,669,0.7649838992484361,-2.1546779159148876e-05,0.000545243981259296,0.0013376682601439205,0.004482946097944952,Middle,0.0006796075196515347,Medium,0.669,Late-life
CS2_37,670,0.7718723320887315,4.5527287999292674e-05,0.00025636444271446006,0.00032875243114876315,0.004666410100847587,Middle,0.00014161257157473524,Medium,0.67,Late-life
CS2_37,671,0.7723882242845709,0.0001067024246274834,-0.00019760800805025008,0.00016750383349730034,0.0039604519923907,Middle,3.040070443490847e-05,Medium,0.671,Late-life
CS2_37,672,0.7625847218017229,3.290044604648037e-05,0.0001786747318887813,0.0014964937987096733,0.004333669018052005,Middle,0.0007317966763315965,Fast,0.672,Late-life
CS2_37,673,0.7555068115701703,-6.851118203743025e-05,0.00042307690454857297,0.0024202030363743893,0.004504478205652969,Middle,0.0012443571092059097,Fast,0.673,Late-life
CS2_37,674,0.7551873167080345,-0.00016409771882666387,0.00040539395772779793,0.002385246127565061,0.00450375063495981,Middle,0.0012746719231958624,Fast,0.674,Late-life
CS2_37,675,0.7530548042531522,-0.0002721239758034367,0.00041047111697709656,0.0018801569662734638,0.004505667509488486,Middle,0.0010761404710384502,Fast,0.675,Late-life
CS2_37,676,0.7509304638130648,-0.0003987781800773077,0.0007987292109105881,0.002007633633624471,0.004085539800845466,Middle,0.0012032059068508892,Fast,0.676,Late-life
CS2_37,677,0.7496272096992322,-0.00046744451628389256,0.0009208379542086266,0.003177874627071325,0.004040533921054179,Middle,0.0018226595716776086,Fast,0.677,Late-life
CS2_37,678,0.7595549517865294,-0.0004551362222397934,0.0006366208126707352,0.0018333246425773497,0.0044751615684310115,Middle,0.0011442304324085716,Fast,0.678,Late-life
CS2_37,679,0.761136218619188,-0.0004202624784364895,0.00015172477960781561,0.00020692902607640943,0.0038045873513944013,Middle,0.00031359575225644947,Medium,0.679,Late-life
CS2_37,680,0.6415419096162286,-0.0011396010621106466,0.004001997110156259,0.01628070027913453,0.021787770182613127,Middle,0.008710150670622589,Fast,0.68,Late-life
CS2_37,681,0.7473286894119012,-0.0012137413090800929,0.0005696829339826364,0.001122661042304756,0.029392803653851465,Middle,0.0011682011756924244,Fast,0.681,Late-life
CS2_37,682,0.7442818014931243,-0.0013022138385298011,0.000632361051280348,0.0012532861085754149,0.029396052233117233,Middle,0.001277749973552608,Fast,0.682,Late-life
CS2_37,683,0.7462335901782327,-0.0013786827060185702,0.0004800769142141161,0.0006709819478331681,0.029396842360370712,Middle,0.0010248323269258692,Fast,0.683,Late-life
CS2_37,684,0.7438463676226367,-0.0014789929842523046,0.0008373024885357194,0.0008258345823707959,0.029348980917555063,Middle,0.0011524137833115503,Fast,0.684,Late-life
CS2_37,685,0.7426252810184343,-0.001527369804410789,0.0009644818848099198,0.0024185243954421643,0.02934158676106686,Middle,0.001972947099926477,Fast,0.685,Late-life
CS2_37,686,0.7465573187392025,-0.0015269825554176714,0.0008665300694232233,0.0020826999828550724,0.02935306925069304,Middle,0.0018048412691363718,Fast,0.686,Late-life
CS2_37,687,0.7524810980586012,-0.0014780022899357635,0.0006906441701353342,-0.015848455491767516,0.029377678425437242,Middle,-0.007185226600915876,Slow,0.687,Late-life
CS2_37,688,0.7535077573875332,-0.0014126625692795327,0.0006520664221969973,-0.0008827239965188495,0.029379171099522983,Middle,0.0002649692863803416,Medium,0.688,Late-life
CS2_37,689,0.7423022105439581,-0.0014045425353070632,0.0010036039500787271,0.0002827987070237459,0.029440050602492066,Middle,0.0008436706211654045,Fast,0.689,Late-life
CS2_37,690,0.7362738415602007,-0.001421019345441635,0.0011976832323029201,0.0014228212311474214,0.02945312350369624,Middle,0.0014219202882945281,Fast,0.69,Late-life
CS2_37,691,0.7365944529477533,-0.0014221321407049039,0.0012031727470405724,0.001035987810697628,0.029452814171474766,Middle,0.001229059975701266,Fast,0.691,Late-life
CS2_37,692,0.7369574830262625,-0.001404721288712425,0.001213989409904918,0.0008096854274531091,0.02945215411869248,Middle,0.001107203358082767,Fast,0.692,Late-life
CS2_37,693,0.7351954203369585,-0.0013795589437778282,0.001262972797822099,0.0016231283431777138,0.029451749111475047,Middle,0.001501343643477771,Fast,0.693,Late-life
CS2_37,694,0.7316538036045921,-0.0013615514215738977,0.0013716063065219602,0.002975327779144158,0.029453809171747777,Middle,0.0021684396003590276,Fast,0.694,Late-life
CS2_37,695,0.7435905983555747,-0.0012611232777713637,0.0009667791214024921,0.001416737004565492,0.029550670398345098,Middle,0.001338930141168428,Fast,0.695,Late-life
CS2_37,696,0.7456029142152396,-0.0011417574855895527,0.0008857181992726123,-0.00047152909589736377,0.02955543807332605,Middle,0.00033511419484609446,Medium,0.696,Late-life
CS2_37,697,0.7462811721360199,-0.0010113171389022904,0.0008440987318958442,-0.00142961865368845,0.029556744838504984,Middle,-0.00020915075739307985,Slow,0.697,Late-life
CS2_37,698,0.7313619791645755,-0.0009595298665079137,0.0013071632398843384,0.000747496254739688,0.029664466736775676,Middle,0.0008535130606238009,Fast,0.698,Late-life
CS2_37,699,0.7326941471543077,-0.0008885249733993321,0.0010813469633147981,0.0006090479817078316,0.029656806302228302,Middle,0.0007487864775535818,Fast,0.699,Late-life
CS2_37,700,0.7312406895371704,-0.0008456956500318529,0.0010884906358472827,0.0005649615428268774,0.029656870473415645,Middle,0.0007053285964293652,Medium,0.7,Late-life
CS2_37,701,0.7318051972734129,-0.0007942897059864954,0.0012924882198489887,-2.1627666974396602e-05,0.029621900692077947,Middle,0.0003863310195060494,Medium,0.701,Late-life
CS2_37,702,0.72799732172814,-0.0007106932293574857,0.0014319645985945437,0.0022276109467763866,0.029623281322040063,Middle,0.0014691520880669362,Fast,0.702,Late-life
CS2_37,703,0.7358924672333667,-0.0005630344408065676,0.0008610404699469749,0.0013872067116961365,0.029627111255122567,Middle,0.0009751205762513521,Fast,0.703,Late-life
CS2_37,704,0.6166938190199418,-0.0011385578667805502,0.004477838469362209,0.018512479016582577,0.036465780084755706,Middle,0.009825518441681565,Fast,0.704,Late-life
CS2_37,705,0.7389766075664121,-0.0010086235924497346,0.0005229261013426571,-0.001087804057405241,0.04299561100414169,Middle,-3.959023247775324e-05,Medium,0.705,Late-life
CS2_37,706,0.7401128136446159,-0.0008681065714214637,0.0004174835680172997,-0.0010598094986154574,0.04299554017879101,Middle,-9.585146359699682e-05,Slow,0.706,Late-life
CS2_37,707,0.7404634177394341,-0.0007329698982569849,0.00033764664753647397,-0.0013175326003233964,0.042994562936998985,Middle,-0.00029228135103320573,Slow,0.707,Late-life
CS2_37,708,0.7408604671586002,-0.0006038104848984858,0.00028279814647200104,-0.001293609983598192,0.042994374587744355,Middle,-0.00034489974934985313,Slow,0.708,Late-life
CS2_37,709,0.7411705601881057,-0.00047708041694553903,0.0005930448902717341,-0.0018818912085665218,0.0429529199354814,Middle,-0.0007024053958104914,Slow,0.709,Late-life
CS2_37,710,0.7416805817510989,-0.0002843057272265287,0.0006276011892931985,-0.0008268735025331716,0.04295154325336722,Middle,-0.0002712838876533215,Slow,0.71,Late-life
CS2_37,711,0.7419900828873305,-7.36562059877452e-05,-0.003240263653906513,-0.01789946626676981,0.0368461128190928,Middle,-0.008912905030391032,Slow,0.711,Late-life
CS2_37,712,0.7422068831046017,-0.0005781091625529317,0.0001652195582999847,-0.000461467934027079,0.0315504450372687,Middle,5.832061426292633e-05,Medium,0.712,Late-life
CS2_37,713,0.7422352655291449,-0.0004794621115225904,6.60172891606262e-05,-0.0003032074120755679,0.031545916723026195,Middle,8.812734972351126e-05,Medium,0.713,Late-life
CS2_37,714,0.7424022365742191,-0.0003964280280796516,0.00012359205174237235,-0.00027697411925499605,0.0315437399172669,Middle,5.972695441232778e-05,Medium,0.714,Late-life
CS2_37,715,0.7424635746338671,-0.00030055126936259286,4.460622544417846e-05,-0.00022901535360956134,0.03154094831249794,Middle,3.576795787651576e-05,Medium,0.715,Late-life
CS2_37,716,0.7429309749663624,-0.0002150757025331208,-9.861095094455504e-06,-0.0002514878254652464,0.031540306852673755,Middle,-1.8206061466062798e-05,Medium,0.716,Late-life
CS2_37,717,0.7383147737191045,-0.0001628786018493778,0.00026588854903542014,0.00048082971885633963,0.03154224072588141,Middle,0.0003218541603528587,Medium,0.717,Late-life
CS2_37,718,0.7287021449401118,-0.00013993612593923556,0.0007670630038222397,0.0018982768496026742,0.0315640362934518,Middle,0.0010191064877709548,Fast,0.718,Late-life
CS2_37,719,0.7246732569441034,-9.751059701185555e-05,0.0009301451755945072,0.002504803737214036,0.031567519809062,Middle,0.0013011571671129457,Fast,0.719,Late-life
CS2_37,720,0.7331494981229083,9.478516341245427e-06,0.00029524878777579866,0.0012979667723195096,0.03155188823486075,Middle,0.0006442441279891321,Medium,0.72,Late-life
CS2_37,721,0.7346907264089712,6.491182866047565e-05,5.106823068482428e-05,0.001101644309321137,0.031535326840406136,Middle,0.0005183662403303306,Medium,0.721,Late-life
CS2_37,722,0.7276123898181608,4.6455543745621054e-05,0.0002897439719223383,0.0021215978308151934,0.031560409573499246,Middle,0.0010375711435347862,Fast,0.722,Late-life
CS2_37,723,0.7173076463646754,-2.543621913562424e-05,0.0006338656987608758,0.0036604755145267192,0.03161117242443254,Middle,0.0018429558668311718,Fast,0.723,Late-life
CS2_37,724,0.7176259722382407,-8.625362207600832e-05,0.0005667563902812212,0.0029555430686948325,0.03161090575962629,Middle,0.0015208983453854205,Fast,0.724,Late-life
CS2_37,725,0.7158600470010495,-0.00016067599743644124,0.0005094760194691143,0.0018345854198660305,0.03160694406187794,Middle,0.0009976307086512358,Fast,0.725,Late-life
CS2_37,726,0.7156895726259807,-0.00025040029932241897,0.0009000330880514218,0.0012833834740175426,0.0315227135435205,Middle,0.0007668918866699807,Fast,0.726,Late-life
CS2_37,727,0.7143214985971562,-0.00026984740292284465,0.0010090779231639805,0.0026897142179645845,0.03151814966347512,Middle,0.0014797808104437145,Fast,0.727,Late-life
CS2_37,728,0.720847514473547,-0.00022931446344154536,0.0008204405697571888,0.0019776017050605926,0.031546072220912186,Middle,0.001103458084251069,Fast,0.728,Late-life
CS2_37,729,0.7225676814221996,-0.0001658309216366754,0.00028368702394760754,0.0007206726279944517,0.031439565735365806,Middle,0.00044325177481556357,Medium,0.729,Late-life
CS2_37,730,0.7227493711754656,-0.00018285947739024447,0.00032079922512393986,-0.0007773892586843134,0.031438273754661634,Middle,-0.00029726489064703447,Slow,0.73,Late-life
CS2_37,731,0.7108785777475289,-0.0002561211410299118,0.0006568423157948846,0.0009639134986731016,0.03150638584875611,Middle,0.0006100173198515066,Medium,0.731,Late-life
CS2_37,732,0.7083400121891985,-0.00034460063730524257,0.0007569414543294954,0.0010742906874072913,0.03150730552796143,Middle,0.000709445662356267,Medium,0.732,Late-life
CS2_37,733,0.7083522017873326,-0.00042120183674516443,0.0006337135464776587,0.0010481958340925785,0.03150244523529477,Middle,0.0007346988354188714,Fast,0.733,Late-life
CS2_37,734,0.7084493097008329,-0.0005116856528829091,0.0008852631462107674,0.0008388841280461927,0.031463180992036814,Middle,0.0006752848904645509,Medium,0.734,Late-life
CS2_37,735,0.7075802640160637,-0.0005521886388338332,-0.0029318208063265115,0.0018953214939261911,0.022544934312132392,Middle,0.0012237550663800121,Fast,0.735,Late-life
CS2_37,736,0.7058570636436265,-0.001313063728185414,0.001068372384605987,0.0023872311112247253,0.004199959139914556,Middle,0.0018501474197050696,Fast,0.736,Late-life
CS2_37,737,0.7147188005724784,-0.001316658872965784,0.0008191617120044359,0.0011472243718553107,0.004549766746210175,Middle,0.0012319416224105474,Fast,0.737,Late-life
CS2_37,738,0.7147678895580772,-0.0013042107308835922,0.0008288880058502225,-0.0005556159729354716,0.0045475044363332716,Middle,0.0003742973789740603,Medium,0.738,Late-life
CS2_37,739,0.7143302721223741,-0.0012828378008990177,0.0008558127431040681,-0.0008557514190250844,0.004542472142117364,Middle,0.00021354319093696666,Medium,0.739,Late-life
CS2_37,740,0.7001667977223843,-0.0013299580498611358,0.0013227020150232693,0.0011693434378497538,0.005125096955185923,Middle,0.0012496507438554448,Fast,0.74,Late-life
CS2_37,741,0.6985840239278831,-0.0013692787348172793,0.0013902115426843791,0.001409326538992823,0.005113922310688305,Middle,0.001389302636905051,Fast,0.741,Late-life
CS2_37,742,0.6992077365710032,-0.0013863598897081917,0.0013800756876234603,0.0011960753492943502,0.005117713436766061,Middle,0.001291217619501271,Fast,0.742,Late-life
CS2_37,743,0.6969606388945527,-0.0013987674375818924,0.0014595562648402893,0.0012709178212962596,0.005111215142776248,Middle,0.001334842629439076,Fast,0.743,Late-life
CS2_37,744,0.6951818783206319,-0.001403463893563376,0.0015178512002746107,0.002790988893120921,0.005103979459322278,Middle,0.0020972263933421486,Fast,0.744,Late-life
CS2_37,745,0.7005967639228219,-0.001359984381208027,0.0013485636339160396,0.0020244465193221934,0.005246757717948308,Middle,0.0016922154502651103,Fast,0.745,Late-life
CS2_37,746,0.7075054721993302,-0.001260977558685543,0.0011276807236947387,0.0009749714175776937,0.005448352185391501,Middle,0.0011179744881316183,Fast,0.746,Late-life
CS2_37,747,0.7089312267048632,-0.00114070679290982,0.0010967660729515874,-0.0012520612832112668,0.005460410139636361,Middle,-5.567724515072336e-05,Slow,0.747,Late-life
CS2_37,748,0.7022864904254659,-0.0010430712760034178,0.001162202686891568,-0.0005289237853689668,0.005515865528313185,Middle,0.0002570737453172255,Medium,0.748,Late-life
CS2_37,749,0.6978641874936544,-0.0009835840477634063,0.0009947728208534626,0.00019193558247839908,0.0053263267915158495,Middle,0.0005877598151209027,Medium,0.749,Late-life
CS2_37,750,0.6961346821196879,-0.0009772365269736943,0.0009205991878843733,0.00011799382498069364,0.00529860401793536,Middle,0.000547615175977194,Medium,0.75,Late-life
CS2_37,751,0.6993809018424522,-0.000964874630601474,0.001089309557434069,-0.0005998605031171746,0.005067660697241282,Middle,0.00018250706374214973,Medium,0.751,Late-life
CS2_37,752,0.6987359074101882,-0.0008956384963803097,0.001159832870928482,0.0002658366446619542,0.00504499440100506,Middle,0.000580737570521132,Medium,0.752,Late-life
CS2_37,753,0.6971732576848116,-0.0008133441558947165,0.0009819074881725531,0.0014760306449312286,0.004925143820656238,Middle,0.0011446874004129724,Fast,0.753,Late-life
CS2_37,754,0.7049528431310489,-0.0007159074072740436,0.00039854203979440247,0.0005683405105449005,0.004854585340997474,Middle,0.0006421239589094721,Medium,0.754,Late-life
CS2_37,755,0.7068520757844706,-0.0006617003559287965,0.0003475450468958073,-0.0006522264798578219,0.004870644079361513,Middle,4.736938035487315e-06,Medium,0.755,Late-life
CS2_37,756,0.7072205201045633,-0.0005996418256775832,0.00027869441601568654,-0.0013366189444155494,0.004865008044369673,Middle,-0.0003684885593689831,Slow,0.756,Late-life
CS2_37,757,0.7076977967586954,-0.0005417381803754102,0.00025779922152533157,-0.001651873519858214,0.004866879027163611,Middle,-0.0005550676697414019,Slow,0.757,Late-life
CS2_37,758,0.7078777047697828,-0.0004808513982603275,0.00020786431701204413,-0.0012138289896186688,0.004863047477627438,Middle,-0.00036648879567917065,Slow,0.758,Late-life
CS2_37,759,0.5921032361173801,-0.0010831851505043407,0.004153041237295705,0.015233238756115439,0.021242469072858806,Middle,0.00815821195330989,Fast,0.759,Late-life
CS2_37,760,0.707000759556745,-0.000948418778939586,0.0005021587698533745,-0.001403928838847625,0.030145546889634032,Middle,-0.00022775502995401952,Slow,0.76,Late-life
CS2_37,761,0.7077217241970339,-0.0007940759918711293,0.0004847628057558587,-0.0003955544379978645,0.030146110262697253,Middle,0.0001992607769366324,Medium,0.761,Late-life
CS2_37,762,0.7079309114862039,-0.0006320036442688923,9.508600842983976e-05,-0.00015411938596189754,0.030072008858919745,Middle,0.00023894212915349738,Medium,0.762,Late-life
CS2_37,763,0.708020975092703,-0.0005357867387381147,1.0291519241790332e-05,-0.00011435071259139182,0.03006859507810447,Middle,0.00021071801307336147,Medium,0.763,Late-life
CS2_37,764,0.7075166678535215,-0.000456741934110896,2.6952707542293013e-05,2.587555788197931e-05,0.030068725302662955,Middle,0.00024130874599643764,Medium,0.764,Late-life
CS2_37,765,0.7075024615400851,-0.0003774023073258476,3.054348905637899e-05,5.360617567110434e-05,0.030068716640132758,Middle,0.00021550424149847596,Medium,0.765,Late-life
CS2_37,766,0.7073476311996851,-0.00029804356377252823,7.504284399307443e-06,-0.016463485011757855,0.03006832636838617,Middle,-0.008082720723992663,Slow,0.766,Late-life
CS2_37,767,0.7176891895652218,-0.0001647784494830474,-0.00038168148134178114,-0.0015269185726395351,0.03012340815720751,Middle,-0.0006810700615782439,Slow,0.767,Late-life
CS2_37,768,0.7094336825507827,-9.254782581605172e-05,0.00017048767811921723,-0.0002445654791069586,0.03011966668733782,Middle,-7.600882664545345e-05,Slow,0.768,Late-life
CS2_37,769,0.7030674473849062,-4.200854880797734e-06,0.00037743361848938746,0.0006947805858996681,0.030140139951246255,Middle,0.0003494907203902329,Medium,0.769,Late-life
CS2_37,770,0.7108854797991828,0.00013313468785475252,0.00011112233300617037,-0.0004092149580685441,0.030176041576665664,Middle,-0.0002711748229616483,Slow,0.77,Late-life
CS2_37,771,0.7101042313889837,0.0002648076102500269,-0.00032056237634191557,-0.0003696519336374556,0.030063825507913262,Middle,-0.0003172297719437413,Slow,0.771,Late-life
CS2_37,772,0.7091508014579286,0.00030694627648774746,-0.00034086379129179143,-0.00023547713112050315,0.030062709855875617,Middle,-0.0002712117038041253,Slow,0.772,Late-life
CS2_37,773,0.6981599343929706,0.0002737703493047757,3.3800070259115334e-05,0.001312528115244928,0.030131363656384476,Middle,0.0005193788829700762,Medium,0.773,Late-life
CS2_37,774,0.6916688321467058,0.00020764107290232713,0.00017070344347893245,0.0037171939169308482,0.03015138986313109,Middle,0.0017547764220142606,Fast,0.774,Late-life
CS2_37,775,0.6898054504710698,0.00012009661203892152,0.00017343315643748904,0.0028040331542446956,0.03015154412918586,Middle,0.0013419682711028871,Fast,0.775,Late-life
CS2_37,776,0.6895308913588825,2.2856393373064028e-05,0.00035696363109482025,0.001933793718003396,0.030133704902566717,Middle,0.0009554686623151659,Fast,0.776,Late-life
CS2_37,777,0.6867290291000854,-5.5480696851993e-05,0.0006702078419111247,0.0034509215284424916,0.030106118368019536,Middle,0.0017532011126472423,Fast,0.777,Late-life
CS2_37,778,0.6850053287524621,-9.674151655029452e-05,0.0007718031597548734,0.0035855575195030847,0.03010412359024754,Middle,0.0018411495180266895,Fast,0.778,Late-life
CS2_37,779,0.698461071055904,-4.4677886654932214e-05,0.0001234006248245749,0.0015271043431463699,0.03018975887025271,Middle,0.000785891114900651,Fast,0.779,Late-life
CS2_37,780,0.6992111291061869,-2.470446687018313e-05,-4.3449729436530956e-05,-0.0001501706733166059,0.030179499431495952,Middle,-6.273310322321139e-05,Slow,0.78,Late-life
CS2_37,781,0.6996940960850282,-2.7607384652719407e-05,-0.00011481980533355867,-0.0011464662769031955,0.030177782931247087,Middle,-0.0005594294461252381,Slow,0.781,Late-life
CS2_37,782,0.6859732413557088,-0.0001196012099008897,0.00043250517699172116,0.0005474584450515677,0.030272810242870526,Middle,0.0003335298274762287,Medium,0.782,Late-life
CS2_37,783,0.6817038613441296,-0.00021249361432424288,0.0005494208408405991,0.001118147144964689,0.03028065604165583,Middle,0.000665320379644466,Medium,0.783,Late-life
CS2_37,784,0.681463269816571,-0.00030417433850976757,0.0005067738022013106,0.000752251326216337,0.030280112433904684,Middle,0.0005282128323630523,Medium,0.784,Late-life
CS2_37,785,0.6795268892507893,-0.00040997712341550206,0.0008201920606535351,0.000782634214524688,0.03024174330019953,Middle,0.000596305668970095,Medium,0.785,Late-life
CS2_37,786,0.6777378431657575,-0.0004724223885342166,0.0009391687941520372,0.002960461127163797,0.030237942899081497,Middle,0.0017164417578490068,Fast,0.786,Late-life
CS2_37,787,0.6782750573027985,-0.0005103518333190417,0.0009337246065085419,0.002990867400484059,0.03023820136776867,Middle,0.0017506096169015504,Fast,0.787,Late-life
CS2_37,788,0.6904253180963431,-0.000466541764884225,0.0005571767310436214,0.0013241111412407264,0.030328902041202137,Middle,0.0008953264530624757,Fast,0.788,Late-life
CS2_37,789,0.5792739229627001,-0.0010452303613211378,0.004148509090551057,0.015242759770429817,0.03625188689769588,Middle,0.008143995065875478,Fast,0.789,Late-life
CS2_37,790,0.6910209487943642,-0.0009408283212588934,-0.003190893957322065,-0.0013310124928906455,0.03592934145700849,Middle,-0.00019509208581587606,Slow,0.79,Late-life
CS2_37,791,0.6803238740115637,-0.0015912747547753147,0.0008605446950058493,0.00016277082928676086,0.029401356613687413,Middle,0.0008770227920310377,Fast,0.791,Late-life
CS2_37,792,0.6745583956319963,-0.0016118738334632806,0.0010697847924205702,0.0007097848026847193,0.02941280509146744,Middle,0.001160829318074,Fast,0.792,Late-life
CS2_37,793,0.6717934504202427,-0.0016319297927570623,0.0011657245505148762,0.0008491989636449608,0.029413344795726475,Middle,0.0012405643782010115,Fast,0.793,Late-life
CS2_37,794,,,,,,,,,0.794,Late-life
CS2_37,795,0.7198287094498709,,,,,Middle,,,0.795,Late-life
CS2_37,796,0.7117487026434489,,,,,Middle,,,0.796,Late-life
CS2_37,797,0.675264469599207,,,,,Middle,,,0.797,Late-life
CS2_37,798,0.661013902831459,,,,,Middle,,,0.798,Late-life
CS2_37,799,0.6778352611702171,,,,,Middle,,,0.799,Late-life
CS2_37,800,0.6794454699811814,,,,,Middle,,,0.8,Late-life
CS2_37,801,0.6791738825573935,,,,,Middle,,,0.801,Late-life
CS2_37,802,0.6520745957797229,,,0.009679159095735421,,Middle,,,0.802,Late-life
CS2_37,803,0.6419214842365648,,,0.009975316915269159,,Middle,,,0.803,Late-life
CS2_37,804,0.6347656731875565,,,0.005785542344521507,,Middle,,,0.804,Late-life
CS2_37,805,0.6277523599570782,,,0.004751648982054395,,Middle,,,0.805,Late-life
CS2_37,806,0.6261824780333068,,,0.007378969019558606,,Middle,,,0.806,Late-life
CS2_37,807,0.6199285945725708,,,0.00850241077265866,,Middle,,,0.807,Late-life
CS2_37,808,0.6372662113490628,,,0.005986810172618674,,Middle,,,0.808,Late-life
CS2_37,809,0.6410988681191928,,,0.0015679610943614458,,Middle,,,0.809,Late-life
CS2_37,810,0.6452876769936401,,,-0.00048088467958218306,,Middle,,,0.81,Late-life
CS2_37,811,0.6219016400980786,,,0.0018377190127825602,,Middle,,,0.811,Late-life
CS2_37,812,0.6135776273402593,,,0.0020249618024026994,,Middle,,,0.812,Late-life
CS2_37,813,0.6121758868698102,,,0.002000941594785239,,Middle,,,0.813,Late-life
CS2_37,814,0.6079353589194156,,,0.0017133193790221618,,Middle,,,0.814,Late-life
CS2_37,815,0.6063493218314422,,,0.004416698502517231,,Middle,,,0.815,Late-life
CS2_37,816,0.5991507935034802,,,0.005992582087958942,,Middle,,,0.816,Late-life
CS2_37,817,0.607607768183231,,,0.0053828441157727225,,Middle,,,0.817,Late-life
CS2_37,818,0.6214900440107969,,,5.8799441040242275e-05,,Middle,,,0.818,Late-life
CS2_37,819,0.5024950253544895,,,0.01586894314082426,,Middle,,,0.819,Late-life
CS2_37,820,0.6248407664137674,,,-0.0018092685062796043,,Middle,,,0.82,Late-life
CS2_37,821,0.5973053050379045,,,0.001518579125930167,,Middle,,,0.821,Late-life
CS2_37,822,0.589472425299785,,,0.0024109852188081626,,Middle,,,0.822,Late-life
CS2_37,823,0.5894480655605734,,,0.0013861039918438328,,Middle,,,0.823,Late-life
CS2_37,824,0.5866252339335692,,,0.002997504892808827,,Middle,,,0.824,Late-life
CS2_37,825,0.5857992832763804,,,0.005098680104916637,,Middle,,,0.825,Late-life
CS2_37,826,0.5789865479949989,-0.003849250383197714,0.004543295530802321,-0.010927360377215629,0.033424085527202795,Middle,-0.003539054997008958,Slow,0.826,Late-life
CS2_37,827,0.5748435775436953,-0.0035884367014672553,0.004416294358056568,0.007142455552867443,0.033417678318110294,Middle,0.005365446127167349,Fast,0.827,Late-life
CS2_37,828,0.5719018621416471,-0.0033400612782160917,0.00333427765992129,0.003629063270893914,0.03288351403186262,Middle,0.003484562274555003,Fast,0.828,Late-life
CS2_37,829,0.5689729344729632,-0.003277734749243816,0.00296906349543535,0.0029284986895459853,0.032821044554917675,Middle,0.003103116719394901,Fast,0.829,Late-life
CS2_37,830,0.5670037546999944,-0.003273826513168395,0.003575209886136215,0.003206330122939852,0.03261624243865017,Middle,0.0032400783180541234,Fast,0.83,Late-life
CS2_37,831,0.5639258135158636,-0.003151203294553774,0.003726440531139284,0.003242774345386525,0.03260226364413686,Middle,0.0031969888199701495,Fast,0.831,Late-life
CS2_37,832,0.5626114603403726,-0.002984553162883739,0.003760078136032934,0.003312546133715407,0.03259911804580496,Middle,0.0031485496482995734,Fast,0.832,Late-life
CS2_37,833,0.5675400509944206,-0.0027487146249504982,0.002726920799525881,0.0016352138572254735,0.03234128393128217,Middle,0.0021919642410879858,Fast,0.833,Late-life
CS2_37,834,0.5744468919086254,-0.002596618156701412,0.0021765997525141742,5.6669376438556185e-05,0.03235585057585523,Middle,0.001326643766569984,Fast,0.834,Late-life
CS2_37,835,0.5783178631654999,-0.002455481579254926,0.0018208970974856957,-0.000916571574836124,0.0323598981811583,Middle,0.0007694550022094009,Fast,0.835,Late-life
CS2_37,836,0.5755479100118259,-0.0023500493768522346,0.0016840145143629777,-0.0009392822198375386,0.032346173905043324,Middle,0.000705383578507348,Medium,0.836,Late-life
CS2_37,837,0.5750323721028846,-0.002268258209169404,0.0016500034171103948,-0.0011469453432700258,0.03234685221202187,Middle,0.0005606564329496891,Medium,0.837,Late-life
CS2_37,838,0.5744795300011515,-0.0021797779346188783,0.0014660988571425575,-0.001507673783612559,0.032336009362517674,Middle,0.0003360520755031597,Medium,0.838,Late-life
CS2_37,839,0.574484791648586,-0.0021101409788127586,0.0020252070871121545,-0.0016961901868876345,0.032149349170442695,Middle,0.00020697539596256209,Medium,0.839,Late-life
CS2_37,840,0.5752564825526656,-0.0019145965124680126,0.002123947921500878,-0.0011023473654635677,0.03213545569905139,Middle,0.0004061245735022225,Medium,0.84,Late-life
CS2_37,841,0.5756270578380486,-0.0016710342739726237,0.002247116746954565,-0.0001685951327747372,0.032117766033712684,Middle,0.0007512195705989432,Fast,0.841,Late-life
CS2_37,842,0.5756470235643395,-0.0013780231258485483,0.0014920844043141638,0.00038154851445149074,0.03187848819020393,Middle,0.0008797858201500195,Fast,0.842,Late-life
CS2_37,843,0.5754295096054239,-0.0012021675575304446,0.0012305844430592064,1.6914343771712304e-05,0.031853816994964236,Middle,0.0006095409506510785,Medium,0.843,Late-life
CS2_37,844,0.5755875085769188,-0.0010587258806907833,0.0011802702675126262,-7.930521057630813e-05,0.03185476945292471,Middle,0.0004897103350572376,Medium,0.844,Late-life
CS2_37,845,0.6016272141547527,-0.0007618836036101497,0.00020348854079557755,-0.003878240593371607,0.032219960084867716,Middle,-0.0015581784948807285,Slow,0.845,Late-life
CS2_37,846,0.4865357393689563,-0.001140751699567019,0.0038649542729834166,0.012564150325661392,0.038264655801628356,Late,0.0068524510126142055,Fast,0.846,Late-life
CS2_37,847,0.5914489951166491,-0.0008886133909461202,0.00024844510925261804,-0.002313216080569066,0.0429502229227289,Middle,-0.0007123013448114729,Slow,0.847,Late-life
CS2_37,848,0.5834615459777546,-0.0007199358053272243,0.0007789103937250472,-0.001119212591386571,0.04294066997112501,Middle,-0.0001996383930296734,Slow,0.848,Late-life
CS2_37,849,0.5794897742254672,-0.0005169228576917675,0.0013548474124299894,-0.000548964380161102,0.04285712515726993,Middle,-1.602076123466726e-05,Medium,0.849,Late-life
CS2_37,850,0.5756051872962791,-0.00024170886617428687,-0.0023583923207028882,-2.5096812979305154e-05,0.03689704250357727,Middle,0.00010830602659749085,Medium,0.85,Late-life
CS2_37,851,0.5727569767950732,-0.000685585862150652,0.001680122245764329,0.000404361683120794,0.029420117620400338,Middle,0.000544973772635723,Medium,0.851,Late-life
CS2_37,852,0.5710948521565492,-0.00042466819385269996,0.0008454984800437181,0.004361765999743361,0.029026543533225868,Middle,0.0023932170967980305,Fast,0.852,Late-life
CS2_37,853,0.5690292384295252,-0.00032233051500245714,0.0006594576409761229,-0.01178478558008128,0.028998735099971786,Middle,-0.005731227532539412,Slow,0.853,Late-life
CS2_37,854,0.5784273292307224,-0.00020360575464636958,0.000355507623543581,0.0018602379837038116,0.029054939969688397,Middle,0.0010319218691750905,Fast,0.854,Late-life
CS2_37,855,0.5728383949081953,-0.00011273485119169941,0.0004447367427539974,0.001517593009937035,0.029067014724388367,Middle,0.0008151639305643671,Fast,0.855,Late-life
CS2_37,856,0.5733890157347848,-2.9720409753567173e-05,0.00040033121101921217,0.0008715369272403382,0.029067464420372075,Middle,0.0004506286684969527,Medium,0.856,Late-life
CS2_37,857,0.5709064169995302,3.9044673898182884e-05,0.00026064938695060584,0.0006712528995355603,0.029046019064923826,Middle,0.0003161041128186887,Medium,0.857,Late-life
CS2_37,858,0.565799135676607,4.304431533174907e-05,0.00029175618926091304,0.0009939773026380288,0.02905083138985066,Middle,0.00047546649365313987,Medium,0.858,Late-life
CS2_37,859,0.5626197774908399,8.755228023533659e-06,0.0002994220855099082,0.0012107249522441846,0.02905158531128255,Middle,0.0006009848621103254,Medium,0.859,Late-life
CS2_37,860,0.5595119181885476,-5.650391913308678e-05,0.00030519407369082374,0.0013596171772825175,0.0290521429273638,Middle,0.0007080605482078021,Medium,0.86,Late-life
CS2_37,861,0.5564573734211787,-0.00015229195429350943,0.0003402058477037318,0.0031385651156490913,0.029054868978328315,Middle,0.0016454285349713003,Fast,0.861,Late-life
CS2_37,862,0.5543893147646046,-0.000267152868625165,0.00030762899197609513,0.0026355828776558144,0.02905226309153566,Middle,0.0014513678731404897,Fast,0.862,Late-life
CS2_37,863,0.5539035977947018,-0.00039876605665047256,0.00028089879179583215,0.0027836311342975817,0.029051687153720068,Middle,0.0015911985954740271,Fast,0.863,Late-life
CS2_37,864,0.5540646166475178,-0.0005337402488750979,0.0004346914305452514,0.0024059714788589037,0.029035804958590483,Middle,0.0014698558638670009,Fast,0.864,Late-life
CS2_37,865,0.5711142880075877,-0.00053889827703606,0.00010750335164637851,-0.0007593074758543825,0.0291780884224309,Middle,-0.00011020459940916123,Slow,0.865,Late-life
CS2_37,866,0.5580736921018117,-0.0005776855568349539,0.0006530377762480082,0.0006494407698611759,0.029259207155103464,Middle,0.0006135631633480649,Medium,0.866,Late-life
CS2_37,867,0.5503013277964266,-0.0006312189587702958,0.0008144058779161074,0.0013157986274458602,0.02928505440793973,Middle,0.000973508793108078,Fast,0.867,Late-life
CS2_37,868,0.5445162972098494,-0.0007241056106171161,0.000984389512678555,0.0017058680301899054,0.029298551961199085,Middle,0.0012149868204035107,Fast,0.868,Late-life
CS2_37,869,0.539912266048253,-0.000834894478629724,0.0011150730307386595,0.0020681498166216544,0.02930559705332328,Middle,0.0014515221476256892,Fast,0.869,Late-life
CS2_37,870,0.5380873288745504,-0.0009465221717216437,0.0011741117023882472,0.00225946698859306,0.029305108351250296,Middle,0.001602994580157352,Fast,0.87,Late-life
CS2_37,871,0.5336319291136701,-0.0010700925620219352,0.0013427275302901778,0.00291895536197825,0.02930857701406141,Middle,0.0019945239620000926,Fast,0.871,Late-life
CS2_37,872,0.5318381296113824,-0.00118421212014963,0.0014125460718279398,0.005610879770886463,0.029306937485613527,Middle,0.0033975459455180467,Fast,0.872,Late-life
CS2_37,873,0.5277707236203484,-0.001303284738288661,0.0015443967723868103,0.0043289954973519,0.029309472195796056,Middle,0.0028161401178202804,Fast,0.873,Late-life
CS2_37,874,0.5272411083517105,-0.001407703129141185,0.0015544645565714029,0.0032943170635308778,0.029309054819978586,Middle,0.0023510100963360313,Fast,0.874,Late-life
CS2_37,875,0.5305944289465035,-0.0014766400668742826,0.001451389665497265,0.0019888383233351214,0.029320894313068526,Middle,0.001732739195104702,Fast,0.875,Late-life
CS2_37,876,0.5261848432897311,-0.0015532406827567034,0.0024336248666135996,0.0019610603940745574,0.028875899720291108,Middle,0.0017571505384156305,Fast,0.876,Late-life
CS2_37,877,0.5267800017447237,-0.0014508520158774553,-0.0012982020121215306,0.0016153324471180897,0.019916649176210176,Middle,0.0015330922314977726,Fast,0.877,Late-life
CS2_37,878,0.524915816124156,-0.002027736442353947,0.002146231580403,0.0012451589985020034,0.005184338470137459,Middle,0.0016364477204279752,Fast,0.878,Late-life
CS2_37,879,0.5195338267269568,-0.002014713314788938,0.002062184491961218,0.0017577575549179475,0.005107028770777268,Middle,0.0018862354348534427,Fast,0.879,Late-life
CS2_37,880,0.5149238901860542,-0.0020498323275414303,0.00208277045288429,0.0018352619191848798,0.0051162605671495635,Middle,0.001942547123363155,Fast,0.88,Late-life
CS2_37,881,0.511873387656446,-0.0021011827799309797,0.0020558645045107454,0.0021953886707520693,0.005108656661834999,Middle,0.0021482857253415245,Fast,0.881,Late-life
CS2_37,882,0.5043457074375884,-0.002194013562655905,0.0022068151405640244,0.003749817358416444,0.005201146581150338,Middle,0.0029719154605361746,Fast,0.882,Late-life
CS2_37,883,0.5013338210650531,-0.0022950629055661282,0.002250355841661165,0.0035501460320968648,0.005202084374337136,Middle,0.0029226044688314967,Fast,0.883,Late-life
CS2_37,884,0.4986827948479282,-0.0023950465619554835,0.002269240115535388,0.004013886699542216,0.005202453931055801,Late,0.00320446663074885,Fast,0.884,Late-life
CS2_37,885,0.4991093238455073,-0.0024785563802674116,0.002558645335006937,0.0036866417540926755,0.004762737135725771,Late,0.0030825990671800437,Fast,0.885,Late-life
CS2_37,886,0.5016327656791539,-0.0024652547025290224,0.0022969557815819804,0.0025572944354004096,0.00481328711405218,Middle,0.002511274568964716,Fast,0.886,Late-life
CS2_37,887,0.4982830202927439,-0.0024766392074370754,0.0024227740465174495,0.0023772671276157597,0.004787278006592469,Late,0.0024269531675264176,Fast,0.887,Late-life
CS2_37,888,0.4974635279690466,-0.002462019868050067,0.002369125452596244,0.002058551383914198,0.0047958962712613094,Late,0.0022602856259821323,Fast,0.888,Late-life
CS2_37,889,0.4941140148345562,-0.0024536156477798616,0.0023124232529693808,0.00146167037186175,0.004772779150050942,Late,0.001957643009820806,Fast,0.889,Late-life
CS2_37,890,0.4895968356834307,-0.002473618325055719,0.002355578767980942,0.0016767121973746254,0.0047869066646942455,Late,0.0020751652612151722,Fast,0.89,Late-life
CS2_37,891,0.4849521463412578,-0.0025113078772860007,0.002405153930557737,0.001961521215238634,0.004802888627740322,Late,0.0022364145462623174,Fast,0.891,Late-life
CS2_37,892,0.4840804560145689,-0.002544277212288248,0.002334739271180963,0.00214698111870549,0.004809047973448474,Late,0.002345629165496869,Fast,0.892,Late-life
CS2_37,893,0.4801073185049857,-0.002590645432146114,0.002396193427729642,0.00307506388202403,0.004817691105191324,Late,0.0028328546570850722,Fast,0.893,Late-life
CS2_37,894,0.4791484692197591,-0.002626982521812739,0.002411455760482021,0.0027335072961406836,0.004812183303298802,Late,0.0026802449089767116,Fast,0.894,Late-life
CS2_37,895,0.4920867869740235,-0.0025651632915627423,0.0019992848281772356,0.000768105856431865,0.005533066462802925,Late,0.0016666345739973036,Fast,0.895,Late-life
CS2_37,896,0.4828537266634581,-0.0025321706056388653,0.002847114882068696,0.0016086125958711553,0.004418243318005275,Late,0.0020703916007550104,Fast,0.896,Late-life
CS2_37,897,0.471966592473379,-0.0024318099257710675,0.002777648375110731,0.002518606172864527,0.004266971924531454,Late,0.0024752080493177973,Fast,0.897,Late-life
CS2_37,898,0.4643619980505882,-0.0024171872775984107,0.0027722364434141417,0.002941449755809939,0.00426052733475612,Late,0.002679318516704175,Fast,0.898,Late-life
CS2_37,899,0.4621241496639064,-0.0024279381510464372,0.002657811211159451,0.0031366151929517827,0.004224395617541639,Late,0.00278227667199911,Fast,0.899,Late-life
CS2_37,900,0.4597204967890073,-0.0024550132349442128,0.0025868312664272825,0.0029124031022826347,0.004209062411988299,Late,0.0026837081686134235,Fast,0.9,Late-life
CS2_37,901,0.455856619720708,-0.0025008056239388173,0.0026526035210916884,0.0033274070712930154,0.004212688964457816,Late,0.0029141063476159166,Fast,0.901,Late-life
CS2_37,902,0.4531647530748199,-0.0025421184491686965,0.0025957153560919413,0.005560290557029089,0.004199418977612199,Late,0.004051204503098893,Fast,0.902,Late-life
CS2_37,903,0.3289663222927551,-0.0032849221825278917,0.00654425184898798,0.021983914910100433,0.022235341065453856,Late,0.012634418546314162,Fast,0.903,Late-life
CS2_37,904,0.4493593220886901,-0.003279500325025589,0.002529400049408331,0.003229610054955558,0.03185359884143076,Late,0.0032545551899905737,Fast,0.904,Late-life
CS2_37,905,0.4521697640115346,-0.003252477126440182,0.002421656269037931,0.0017417477198648026,0.03186623483524777,Late,0.0024971124231524923,Fast,0.905,Late-life
CS2_37,906,0.4553663766634598,-0.0031827817123924887,0.0024267113639691532,0.0009653961429209443,0.03186530060163233,Late,0.0020740889276567166,Fast,0.906,Late-life
CS2_37,907,0.4499805889122592,-0.0030970581416883613,0.0024582017541119974,0.0013914154109640078,0.03186780772430139,Late,0.0022442367763261845,Fast,0.907,Late-life
CS2_37,908,0.4452536652230663,-0.0030353124450623226,0.0026298818232792713,0.0015147077853773863,0.03186514578125178,Late,0.0022750101152198545,Fast,0.908,Late-life
CS2_37,909,0.3266909550868608,-0.0036139519077240745,0.006394350356041782,0.0180676854268513,0.0380622962770305,Late,0.010840818667287687,Fast,0.909,Late-life
CS2_37,910,0.4346403715636776,-0.0035171713046566826,0.0027384985536541688,-0.015096292752988929,0.043251705650682336,Late,-0.005789560724166123,Slow,0.91,Late-life
CS2_37,911,0.4266782674593113,-0.0034650901129202856,0.0028466329911852554,0.0032401506613398295,0.04326072989862489,Late,0.0033526203871300578,Fast,0.911,Late-life
CS2_37,912,0.4212147186674996,-0.0034378965311290307,0.0029244731931918184,0.00442214933486214,0.04326327980877228,Late,0.003930022932995585,Fast,0.912,Late-life
CS2_37,913,0.4148780459510219,-0.003430806522404261,0.002886053596340856,0.005784047244633986,0.043259584381961404,Late,0.004607426883519124,Fast,0.913,Late-life
CS2_37,914,0.4112899970765259,-0.003454078001751501,0.0029046394835008766,0.005527227405104759,0.04325976401615128,Late,0.0044906527034281295,Fast,0.914,Late-life
CS2_37,915,0.4095773120422291,-0.0034711863699614003,0.0028743704130870687,0.005096621882976747,0.04326027566370703,Late,0.004283904126469074,Fast,0.915,Late-life
CS2_37,916,0.4083754177542786,-0.003477523031801426,0.002926900196491249,-0.011669208952488257,0.04325712242461543,Late,-0.004095842960343416,Slow,0.916,Late-life
CS2_37,917,0.4080860833419257,-0.0034498199494470763,0.0030176349141041365,0.003793469745964554,0.043248257969659615,Late,0.003621644847705815,Fast,0.917,Late-life
CS2_37,918,0.4125950760729517,-0.003347868546678637,0.0027641272328965227,0.002011884483765658,0.04326927397055638,Late,0.0026798765152221474,Fast,0.918,Late-life
CS2_37,919,0.411578224869467,-0.003239316815069868,0.002770493648373535,0.0013766419711475155,0.04326899282792713,Late,0.002307979393108692,Fast,0.919,Late-life
CS2_37,920,0.4089463444031628,-0.003118892273763678,0.002747344207464303,0.0008473859354084433,0.043268864690271296,Late,0.0019831391045860604,Fast,0.92,Late-life
CS2_37,921,0.4144441642807676,-0.0029550416236049756,0.0024242797226665526,-0.0004505953148916664,0.043292591541783304,Late,0.0012522231543566546,Fast,0.921,Late-life
CS2_37,922,0.4028842910762474,-0.002854989228618501,0.002647350169839044,0.0009561458522830968,0.04332221937541268,Late,0.0019055675404507989,Fast,0.922,Late-life
CS2_37,923,0.39622535587373,-0.0027890784484332315,0.0028340354884141584,0.0017357231257926606,0.043326781633413136,Late,0.002262400787112946,Fast,0.923,Late-life
CS2_37,924,0.3938031544431246,-0.002709678013591525,0.0027840052923181016,0.0020404184141144454,0.04332631789167886,Late,0.002375048213852985,Fast,0.924,Late-life
CS2_37,925,0.3899497284671469,-0.0026431102656868702,0.002877378733955232,0.003235049657972111,0.04332537241658944,Late,0.002939079961829491,Fast,0.925,Late-life
CS2_37,926,0.388313041968042,-0.002558592394580083,0.003347540161483275,0.0033235975573464266,0.04322699284324291,Late,0.0029410949759632547,Fast,0.926,Late-life
CS2_37,927,0.3879670640583363,-0.0023644869088850825,0.003060860084036187,0.0029970400492609272,0.043216127231682194,Late,0.002680763479073005,Fast,0.927,Late-life
CS2_37,928,0.38513421440925,-0.0022041552288240467,0.0028010444536815814,0.004187135695931083,0.043191711543037505,Late,0.003195645462377565,Fast,0.928,Late-life
CS2_37,929,0.3845358180784766,-0.0020772521942942035,0.0025750380636165035,0.0026212104282529736,0.04318406824336089,Late,0.0023492313112735887,Fast,0.929,Late-life
CS2_37,930,0.3886517212186162,-0.0019409094731474216,0.002370078336944846,0.0010819478078733988,0.043200796765628886,Late,0.0015114286405104103,Fast,0.93,Late-life
CS2_37,931,0.3907936306622516,-0.0017781791512572085,0.002223447294411474,0.0004299319686961416,0.043208392557270624,Late,0.0011040555599766751,Fast,0.931,Late-life
CS2_37,932,0.3900318065017477,-0.0016081680478134686,0.0021233810715793654,-1.1725433514393163e-05,0.04320805887143469,Late,0.0007982213071495377,Medium,0.932,Late-life
CS2_37,933,0.387574828853526,-0.0014499415612638468,0.0021158040071385126,0.00010545901635942791,0.04320797645272597,Late,0.0007777002888116374,Medium,0.933,Late-life
CS2_37,934,0.3875664502782782,-0.0012830141497531904,-0.001890326709210423,5.723054000830333e-05,0.03679249414987337,Late,0.0006701223448807469,Medium,0.934,Late-life
CS2_37,935,0.3804272780294065,-0.0018838041044320557,0.0022236143244930193,0.0006724194828347836,0.029509669183786977,Late,0.0012781117936334196,Fast,0.935,Late-life
CS2_37,936,0.3780297780853397,-0.0017888967380833445,0.0023916124492320925,0.0009294342847338385,0.02949487574112739,Late,0.0013591655114085915,Fast,0.936,Late-life
CS2_37,937,0.3754415311960715,-0.0016655494857571302,0.0025782208215286554,0.0018871700032206712,0.029476635805122678,Late,0.0017763597444889006,Fast,0.937,Late-life
CS2_37,938,0.3723536872268501,-0.00151228626567091,0.0025040936027551338,0.0026342776336287866,0.029472229129098138,Late,0.002073281949649848,Fast,0.938,Late-life
CS2_37,939,0.3710421565073315,-0.001368620382318831,0.002393919635991445,0.0027128071420594512,0.029470026377314062,Late,0.0020407137621891412,Fast,0.939,Late-life
CS2_37,940,0.3691005222763363,-0.0012356404003770148,-0.0013680505544992087,0.002639186653884248,0.02010038582138346,Late,0.0019374135271306315,Fast,0.94,Late-life
CS2_37,941,0.3672120462534649,-0.0018025881870038021,0.0021751072680713775,0.0029077720035447585,0.0035712263090401904,Late,0.0023551800952742803,Fast,0.941,Late-life
CS2_37,942,0.3652446113484295,-0.001742648495744652,0.0019817308422865098,0.0021689523829967155,0.0034058982576063417,Late,0.0019558004393706837,Fast,0.942,Late-life
CS2_37,943,0.363957102203549,-0.0017127437565575274,0.0018470198859338908,0.002010382268827247,0.0033456470100310257,Late,0.0018615630126923872,Fast,0.943,Late-life
CS2_37,944,0.3620964851712022,-0.0017034647335765875,0.00170263099289741,0.0019064351464099,0.003240357629902732,Late,0.0018049499399932438,Fast,0.944,Late-life
CS2_37,945,0.4021981773137535,-0.0014829909298463883,0.0002932845084765291,-0.004263498583843347,0.008159800194463903,Late,-0.0013902538269984794,Slow,0.945,Late-life
CS2_37,946,0.3901768792722654,-0.0013478738187243414,0.000625820411934312,-0.0027335318235619838,0.008425306712607472,Late,-0.0006928290024188212,Slow,0.946,Late-life
CS2_37,947,0.38263632920772,-0.0012582203114373622,0.0008302931789212451,-0.0019336867044833902,0.008516179383224435,Late,-0.000337733196523014,Slow,0.947,Late-life
CS2_37,948,0.3724724673310464,-0.0012237098144161785,0.0011488263229315907,-0.0007514887253687874,0.00867839624697908,Late,0.00023611054452369554,Medium,0.948,Late-life
CS2_37,949,0.3660459103414972,-0.0012143029466906798,0.0015015859913372423,-0.00011447128472395564,0.008662991681546245,Late,0.0005499158309833621,Medium,0.949,Late-life
CS2_37,950,0.3604357775645163,-0.001194089079324726,0.0016497563646758293,0.0005030463770046725,0.008693651604985211,Late,0.0008485677281646993,Medium,0.95,Late-life
CS2_37,951,0.3559317657896945,-0.0011864965201914758,0.0017101476972086551,0.0008806741973582428,0.008707193372066584,Late,0.0010335853587748593,Fast,0.951,Late-life
CS2_37,952,0.352574014671898,-0.0011935024621359648,0.001995811277705471,0.007089166091693648,0.008607528834129047,Late,0.004141334276914807,Fast,0.952,Late-life
CS2_37,953,0.3504207238105654,-0.001158825724695893,0.001692373137602646,0.005679450780242861,0.008422956294831526,Late,0.003419138252469377,Fast,0.953,Late-life
CS2_37,954,0.3472628937004638,-0.0011885407886161419,0.0015794342636537473,0.005053347929608027,0.008377492060806228,Late,0.0031209443591120847,Fast,0.954,Late-life
CS2_37,955,0.3451008181337688,-0.0012504271152744921,0.0015710431067534121,0.003910235599611083,0.008376750023128543,Late,0.0025803313574427876,Fast,0.955,Late-life
CS2_37,956,0.3440353958711827,-0.0013142767230674036,0.0014811075030956202,0.0031443592100449274,0.008366388843818033,Late,0.0022293179665561656,Fast,0.956,Late-life
CS2_37,957,0.3483865601804427,-0.0013584675050678605,0.00128795102540643,0.0017213167691533724,0.008431544868482507,Late,0.0015398921371106164,Fast,0.957,Late-life
CS2_37,958,0.3484637104596875,-0.001396883481210632,0.0012743017289886715,0.0010668650471438565,0.008433462869024,Late,0.0012318742641772443,Fast,0.958,Late-life
CS2_37,959,0.3425383569294487,-0.0014564513208873027,0.0013740599187032686,0.0014336653917784714,0.008470721314319495,Late,0.0014450583563328872,Fast,0.959,Late-life
CS2_37,960,0.3395487711990599,-0.0015334868625075464,0.0014511950606263446,0.001553136087357925,0.008474309042549085,Late,0.0015433114749327358,Fast,0.96,Late-life
CS2_37,961,0.3453954927318231,-0.0015642115216093681,0.0013953622092513908,0.00026677156694867747,0.008517800538010387,Late,0.0009154915442790228,Medium,0.961,Late-life
CS2_37,962,0.344441884104953,-0.0015611122095079346,0.001495217630880599,9.4133432687969e-05,0.00849305899225762,Late,0.0008276228210979518,Medium,0.962,Late-life
CS2_37,963,0.331211278081458,-0.0016040257458047875,0.0018974364006545056,0.0018320168271035284,0.008748576699518321,Late,0.0017180212864541578,Fast,0.963,Late-life
CS2_37,964,0.3269823134012706,-0.0016537342595981306,0.0019545972726534005,0.003057749539881725,0.008758138077253752,Late,0.0023557418997399277,Fast,0.964,Late-life
CS2_37,965,0.324364990414971,-0.0017100626943529287,0.002038756769784102,0.003442674292102353,0.00875134532155101,Late,0.002576368493227641,Fast,0.965,Late-life
CS2_37,966,0.320927181113407,-0.0017628040514784153,0.001919357965032242,0.0030873108308630943,0.008704563017418862,Late,0.002425057441170755,Fast,0.966,Late-life
CS2_37,967,0.3272681347683975,-0.0017982698555574122,0.0016374723650626523,0.0017543766329517724,0.008829162670375704,Late,0.0017763232442545923,Fast,0.967,Late-life
CS2_37,968,0.3280481714927076,-0.001824318151054772,0.0015288180549472223,0.002478188748445068,0.008837793471351113,Late,0.00215125344974992,Fast,0.968,Late-life
CS2_37,969,0.3298634079914335,-0.0018373856186012709,0.0013706541688844063,0.002082639444788505,0.0088528233764974,Late,0.001960012531694888,Fast,0.969,Late-life
CS2_37,970,0.3282378341199241,-0.0018616582537782284,0.0013807845931421757,0.00042477770879056117,0.008852933146978126,Late,0.0011432179812843949,Fast,0.97,Late-life
CS2_37,971,0.3288707871499822,-0.001874095709995965,0.0012977333911727124,-0.00026978196410165634,0.008859570199278157,Late,0.0008021568729471543,Medium,0.971,Late-life
CS2_37,972,0.3314248536102469,-0.0018683064672840638,0.0011544255691360646,-0.0010085518850394073,0.008885588064630634,Late,0.00042987729112232823,Medium,0.972,Late-life
CS2_37,973,0.334564126596875,-0.0018422919512651873,0.0009896930565017577,-0.001948135069066857,0.008917293834481439,Late,-5.292155890083484e-05,Slow,0.973,Late-life
CS2_37,974,0.334133101744858,-0.0018186585354965888,0.0009620645309255159,-0.0009807095680657851,0.008917667169270288,Late,0.00041897448371540184,Medium,0.974,Late-life
CS2_37,975,0.3306724205198366,-0.0018110709226146322,0.0010136795048827614,-0.0003748927181612841,0.008927666238106879,Late,0.0007180891022266741,Medium,0.975,Late-life
CS2_37,976,0.3237234007591816,-0.0018420189789556186,0.0025314444049861907,0.0008771438903216981,0.004706163663978695,Late,0.0013595814346386583,Fast,0.976,Late-life
CS2_37,977,0.3211201716176536,-0.0016311411727341271,0.0022276357307939292,0.0010168089288957818,0.004364729212466774,Late,0.0013239750508149545,Fast,0.977,Late-life
CS2_37,978,0.3187120390996931,-0.0014769347250232123,0.002062073874452481,0.0014512497214698716,0.004252378239450988,Late,0.001464092223246542,Fast,0.978,Late-life
CS2_37,979,0.3158255492757288,-0.001358540164469132,0.0018273199372683087,0.002228472047788294,0.003982519812982043,Late,0.001793506106128713,Fast,0.979,Late-life
CS2_37,980,0.3133416725117964,-0.001291242755995003,0.0017001367041838966,0.0030317791550112305,0.0038926878649132657,Late,0.002161510955503117,Fast,0.98,Late-life
CS2_37,981,0.3036410819062447,-0.0012962571326727607,0.0018320869567184372,0.00435600283408761,0.004093775847977231,Late,0.0028261299833801856,Fast,0.981,Late-life
CS2_37,982,0.298764771612966,-0.0013400344022870114,0.0018440965863460803,0.0045582355581243695,0.004102412554933966,Late,0.0029491349802056904,Fast,0.982,Late-life
CS2_37,983,0.295896635526762,-0.0014047432326304314,0.0018283025530689027,0.003975252176059945,0.004097330175398698,Late,0.002689997704345188,Fast,0.983,Late-life
CS2_37,984,0.2975536091037915,-0.0014583394063524338,0.001705390796992705,0.0033666517876945823,0.0041441390058582495,Late,0.002412495597023508,Fast,0.984,Late-life
CS2_37,985,0.2973727763205228,-0.0015058182053620172,0.0016093586251593882,0.003048466111310044,0.004143852686636684,Late,0.0022771421583360307,Fast,0.985,Late-life
CS2_37,986,0.2969993224934616,-0.0015550729514559407,0.0015516611496873287,0.0026894609688953137,0.004148349946464388,Late,0.002122266960175627,Fast,0.986,Late-life
CS2_37,987,0.2928229828360784,-0.0016227089073493199,0.0016520133237130426,0.002931241382245431,0.004173745480339298,Late,0.002276975144797375,Fast,0.987,Late-life
CS2_37,988,0.2902343451509216,-0.0016923336888126869,0.0018758779041780987,0.0019152481079033018,0.00402446720150222,Late,0.0018037908983579943,Fast,0.988,Late-life
CS2_37,989,0.192925349563689,-0.002268811171807956,0.00501736648051608,0.015119917435610999,0.017591303016517734,Late,0.008694364303709477,Fast,0.989,Late-life
CS2_37,990,0.286671781046534,-0.0022551845938763924,0.0018021476091262794,0.001317836354318282,0.024977733416061028,Late,0.0017865104740973372,Fast,0.99,Late-life
CS2_37,991,0.286129771889172,-0.0022578254447479518,0.0017231935261254167,0.0016319767449456482,0.024977723202603448,Late,0.0019449010948467999,Fast,0.991,Late-life
CS2_37,992,0.282859295989139,-0.002276453082995481,0.002017296669118841,0.0020733543330548254,0.02493926540210689,Late,0.002174903708025153,Fast,0.992,Late-life
CS2_37,993,,,,,,,,,0.993,Late-life
CS2_37,994,0.2478231102765463,,,,,Late,,,0.994,Late-life
CS2_37,995,0.2205194433343936,,,,,Late,,,0.995,Late-life
CS2_37,996,0.2173213836220472,,,,,Late,,,0.996,Late-life
CS2_37,997,0.2120759447627518,,,,,Late,,,0.997,Late-life
CS2_37,998,0.2102033120006471,,,,,Late,,,0.998,Late-life
CS2_37,999,0.2062516610741327,,,,,Late,,,0.999,Late-life
CS2_37,1000,0.2008078491297118,,,,,Late,,,1.0,Late-life
CS2_37,1001,0.1955912007000081,,,0.007461701368076885,,Late,,,1.001,Late-life
CS2_37,1002,0.1931629384682928,,,0.003908072123728686,,Late,,,1.002,Late-life
CS2_37,1003,0.1901905310798374,,,0.003875836077458541,,Late,,,1.003,Late-life
CS2_37,1004,0.1887972981967553,,,0.003325520937999498,,Late,,,1.004,Late-life
CS2_37,1005,0.1865977624654528,,,0.0033722213621706154,,Late,,,1.005,Late-life
CS2_37,1006,0.1850556548345962,,,0.0030280008913623558,,Late,,,1.006,Late-life
CS2_37,1007,0.1834612692701673,,,0.0024780828370777885,,Late,,,1.007,Late-life
CS2_37,1008,0.1819760228682449,,,0.001945025404537599,,Late,,,1.008,Late-life
CS2_37,1009,0.1810711653520893,,,0.0017273961594576417,,Late,,,1.009,Late-life
CS2_37,1010,0.1764041531786084,,,0.001969482557318428,,Late,,,1.01,Late-life
CS2_37,1011,0.1771921262605506,,,0.0016578817051721032,,Late,,,1.011,Late-life
CS2_37,1012,0.1775476852384307,,,0.0012928681752888693,,Late,,,1.012,Late-life
CS2_37,1013,0.176682007996811,,,0.001196235262540745,,Late,,,1.013,Late-life
CS2_37,1014,0.1811181171546822,,,0.0003347360164978687,,Late,,,1.014,Late-life
CS2_37,1015,0.1859391703676902,,,-0.0005661639284921845,,Late,,,1.015,Late-life
CS2_37,1016,0.1866037160187864,,,-0.0007903643809567262,,Late,,,1.016,Late-life
CS2_37,1017,0.1845225915356042,,,-0.001159776908142257,,Late,,,1.017,Late-life
CS2_37,1018,0.183797310776723,,,-0.000943597788024632,,Late,,,1.018,Late-life
CS2_37,1019,0.1821254736929747,,,-0.0006539697792205693,,Late,,,1.019,Late-life
CS2_37,1020,0.1804976666240001,,,-0.0005450940895984437,,Late,,,1.02,Late-life
CS2_37,1021,0.1785491646813618,,,0.0003669932104743423,,Late,,,1.021,Late-life
CS2_37,1022,0.1748188165502389,,,0.0015886219739216143,,Late,,,1.022,Late-life
CS2_37,1023,0.1729823676025335,,,0.0019459069166075569,,Late,,,1.023,Late-life
CS2_37,1024,0.171264784772375,,,0.0018939723947470305,,Late,,,1.024,Late-life
CS2_37,1025,0.1707661439057372,-0.0014908844191979203,0.0024857085926067455,0.0018615952672836888,0.005158630295982842,Late,0.0016762398432408046,Fast,1.025,Late-life
CS2_37,1026,0.1695801651054829,-0.0012504679841153668,0.0016432025235132485,0.0017921869410702546,0.002324492245932802,Late,0.0015213274625928107,Fast,1.026,Late-life
CS2_37,1027,0.1685156282606562,-0.0011525617691461787,0.0015743792052061614,0.0017117197661919872,0.002308450873122843,Late,0.001432140767669083,Fast,1.027,Late-life
CS2_37,1028,0.169021068513309,-0.0010520638555933605,0.0013888669757884772,0.0013611565954361154,0.002233461249547336,Late,0.0012066102255147378,Fast,1.028,Late-life
CS2_37,1029,0.1683611230298343,-0.0009693366828995947,0.0013497480313165418,0.000922527645772085,0.0022353249782862943,Late,0.0009459321643358399,Medium,1.029,Late-life
CS2_37,1030,0.1696304085725093,-0.0008746995735967185,0.0011813307258588194,0.00047885129000345617,0.0022294279900912386,Late,0.0006767754318000873,Medium,1.03,Late-life
CS2_37,1031,0.168301191974423,-0.0007966431806170389,0.0010486018437189937,0.0004233703997074282,0.0020850057821015042,Late,0.0006100067901622336,Medium,1.031,Late-life
CS2_37,1032,0.1660399356839523,-0.0007504496543842603,0.0009532666134211545,0.0006751726031121254,0.0019513554162510975,Late,0.0007128111287481928,Medium,1.032,Late-life
CS2_37,1033,0.1665830231770099,-0.0007199778765026364,0.0008574166222994483,0.0004281631326390002,0.0019494640161612348,Late,0.0005740705045708184,Medium,1.033,Late-life
CS2_37,1034,0.1659238471625844,-0.000697304990675231,0.0007827962553952583,0.000370254442581684,0.0019096753452969059,Late,0.0005337797166284575,Medium,1.034,Late-life
CS2_37,1035,0.1639128143142572,-0.000694051694200051,0.0008027252865321973,0.0007297505998645441,0.0019194566751218718,Late,0.0007119011470322976,Medium,1.035,Late-life
CS2_37,1036,0.1638109787155399,-0.0006901712267517746,0.0007350575403197705,0.0006500206163277718,0.0019054976438869506,Late,0.0006700959215397732,Medium,1.036,Late-life
CS2_37,1037,0.1676806498608904,-0.0006684484269473156,0.0005604840314098648,0.0002785369588026998,0.0020699040342920427,Late,0.0004734926928750077,Medium,1.037,Late-life
CS2_37,1038,0.168815462196444,-0.0006426706682365174,0.0004724453894749448,-7.3467174574428e-05,0.002082465556742204,Late,0.0002846017468310447,Medium,1.038,Late-life
CS2_37,1039,0.1652529687212171,-0.0006408246610069989,0.0005394533595815427,0.00011242385181931785,0.0021485136181569908,Late,0.0003766242564131584,Medium,1.039,Late-life
CS2_37,1040,0.1696605250352269,-0.0006162444683726503,0.00036808517151169025,-0.00043964312260242965,0.0023231611280235794,Late,8.830067288511032e-05,Slow,1.04,Late-life
CS2_37,1041,0.1701355858128181,-0.0005899235166220536,0.00020221185050936508,-0.0006016769500333847,0.002185478725655563,Late,-5.876716705665555e-06,Slow,1.041,Late-life
CS2_37,1042,0.1734258521347649,-0.000569127122544844,0.00012149271373502172,-0.0013590054029296742,0.002267924693364187,Late,-0.0003949391401924151,Slow,1.042,Late-life
CS2_37,1043,0.1717499190624736,-0.0005519953566658095,0.00018702471535345458,-0.0011341343352762442,0.002282980881907448,Late,-0.00029106948930521736,Slow,1.043,Late-life
