battery,cycle,current_soh,soh_slope,mean_degradation_rate,recent_degradation_rate,volatility,state_soh_level,dynamics_score,state_degradation_dynamics,normalized_cycle_position,state_cycle_position
CS2_38,1,1.03593005733035,,,,,Early,,,0.001,Early-life
CS2_38,2,1.0263938590925217,,,,,Early,,,0.002,Early-life
CS2_38,3,1.0260134570418598,,,,,Early,,,0.003,Early-life
CS2_38,4,1.0249182233161145,,,,,Early,,,0.004,Early-life
CS2_38,5,1.0233937438630645,,,,,Early,,,0.005,Early-life
CS2_38,6,1.022242944969138,,,,,Early,,,0.006,Early-life
CS2_38,7,1.0148496789361217,,,,,Early,,,0.007,Early-life
CS2_38,8,1.004517331654478,,,0.0044875322394102935,,Early,,,0.008,Early-life
CS2_38,9,1.0005057394802648,,,0.0036983028017509856,,Early,,,0.009,Early-life
CS2_38,10,0.9976955353559585,,,0.004045417383700186,,Early,,,0.01,Early-life
CS2_38,11,0.9936781190993472,,,0.004462872030966751,,Early,,,0.011,Early-life
CS2_38,12,1.0006542948538553,,,0.003248492715601316,,Early,,,0.012,Early-life
CS2_38,13,1.0026445523515437,,,0.002799770373942031,,Early,,,0.013,Early-life
CS2_38,14,1.0029471290240042,,,0.0017003642731596397,,Early,,,0.014,Early-life
CS2_38,15,1.0026522583365167,,,0.0002664390454230376,,Early,,,0.015,Early-life
CS2_38,16,1.002168802776337,,,-0.00023758047086744734,,Early,,,0.016,Early-life
CS2_38,17,1.001889950145526,,,-0.0005992021127953733,,Early,,,0.017,Early-life
CS2_38,18,1.0012918015227836,,,-0.0010876689176337725,,Early,,,0.018,Early-life
CS2_38,19,1.0007814602257363,,,-1.8166481697295162e-05,,Early,,,0.019,Early-life
CS2_38,20,1.0000452105304738,,,0.0003713345458671302,,Early,,,0.02,Early-life
CS2_38,21,0.9993717573167482,,,0.0005107673867508529,,Early,,,0.021,Early-life
CS2_38,22,0.998757784486082,,,0.0005563534072049617,,Early,,,0.022,Early-life
CS2_38,23,0.9982286084653323,,,0.0005628849015720805,,Early,,,0.023,Early-life
CS2_38,24,0.997730032295869,,,0.00059427397852244,,Early,,,0.024,Early-life
CS2_38,25,0.9971629719909488,,,0.0005898327902621141,,Early,,,0.025,Early-life
CS2_38,26,0.9964720586312578,,,0.000615628799211224,,Early,,,0.026,Early-life
CS2_38,27,0.995814771881572,,,0.0006043483784145463,,Early,,,0.027,Early-life
CS2_38,28,0.9826907011658518,,,0.0023830080215566335,,Early,,,0.028,Early-life
CS2_38,29,0.9776750424488512,,,0.003011820291032974,,Early,,,0.029,Early-life
CS2_38,30,0.9748277803564678,,,0.00334297544412351,,Early,,,0.03,Early-life
CS2_38,31,0.972535205069556,,,0.0035992610323304203,,Early,,,0.031,Early-life
CS2_38,32,0.9703174508864748,-0.0014934203099881004,0.0021165356917379106,0.003835074443496289,0.003791022712216328,Early,0.0026642473767421945,,0.032,Early-life
CS2_38,33,0.9815531781795462,-0.0013980677099761204,0.0014464735778379175,0.002131268635958789,0.004244481320188391,Early,0.0017646681729674546,,0.033,Early-life
CS2_38,34,0.9834663742572888,-0.0013295904224891507,0.0013724865414377735,0.0017640568034690274,0.004283494778364215,Early,0.001546823612979089,,0.034,Early-life
CS2_38,35,0.9708336043567942,-0.001319455174026556,0.0017446651277200085,0.0016938709727225079,0.004735936773888028,Early,0.0015066630733745318,,0.035,Early-life
CS2_38,36,0.965340983751278,-0.0013269251759947356,0.001872669681025371,0.0017620083853676003,0.004783177682198613,Early,0.001544466780681168,,0.036,Early-life
CS2_38,37,0.9652985623080212,-0.0013220176866802732,0.0018369155697134413,0.0013613168640637901,0.004792886201835413,Early,0.0013416672753720315,,0.037,Early-life
CS2_38,38,0.9637392936049076,-0.0013116342681477207,0.0016487221074585174,0.0012565587806640602,0.004680665484976524,Early,0.0012840965244058904,,0.038,Early-life
CS2_38,39,0.9632306003951704,-0.0013274128668187824,0.0013318300406228256,0.0010124072130434886,0.0043971208881368705,Early,0.0011699100399311354,,0.039,Early-life
CS2_38,40,0.9738270927855746,-0.0013265562087284395,0.0008606015062803297,0.0011037264848530975,0.004858875616826279,Early,0.0012151413467907685,,0.04,Early-life
CS2_38,41,0.9756104348849444,-0.001328580499855624,0.000712422595839164,0.0011222770531920587,0.004867473638144082,Early,0.0012254287765238413,,0.041,Early-life
CS2_38,42,0.963056337490232,-0.00140980624738812,0.0009877994067456523,0.0011110381237946023,0.005284317879215243,Early,0.001260422185591361,,0.042,Early-life
CS2_38,43,0.9600548417037204,-0.001519687183725366,0.00130965977903661,0.0007551631496510883,0.0050831063964267755,Early,0.001137425166688227,Slow,0.043,Early-life
CS2_38,44,0.9598192328796852,-0.0015763869468322445,0.0013814619184470492,0.0007827613469051523,0.005050555839306579,Early,0.0011795741468686983,Slow,0.044,Early-life
CS2_38,45,0.9598319938502377,-0.0016060074922963062,0.0013908108120569847,0.0005581856792385669,0.005047602039949248,Early,0.0010820965857674366,Slow,0.045,Early-life
CS2_38,46,0.9566584741898057,-0.0016361355455095433,0.0014836704563455183,0.0009388751721949624,0.005053243995602455,Early,0.0012875053588522528,Medium,0.046,Early-life
CS2_38,47,0.9672360954287544,-0.0015909789881310035,0.00112686152734137,0.0009415710509743023,0.005497229250349373,Early,0.001266275019552653,Medium,0.047,Early-life
CS2_38,48,0.9694272956715624,-0.0015233140913359312,0.0010471824023859252,0.0008833056019117118,0.005527746635828111,Early,0.0012033098466238215,Slow,0.048,Early-life
CS2_38,49,0.9595317477588464,-0.0015015584885110776,0.0013470985085141036,0.0005035128187693694,0.00575031299778322,Early,0.0010025356536402235,Slow,0.049,Early-life
CS2_38,50,0.9562328125296656,-0.0014866374699753868,0.0014370531514861515,0.0005460041677221028,0.005758592548403593,Early,0.0010163208188487447,Slow,0.05,Early-life
CS2_38,51,0.9549278035106438,-0.0014657007924231953,0.0014554002264461298,0.000698775624148773,0.005757191211156698,Early,0.001082238208285984,Slow,0.051,Early-life
CS2_38,52,0.9547431909125688,-0.0014334576480553446,0.0014396311743283693,0.0007269718482384129,0.005760073120968665,Early,0.0010802147481468788,Slow,0.052,Early-life
CS2_38,53,0.9543880867691712,-0.0013906991344174217,0.0014312805715132515,0.00032434106009063664,0.005761497479642895,Early,0.0008575200972540291,Slow,0.053,Early-life
CS2_38,54,0.9944314309251764,-0.0011076455499365344,0.0001224895980695471,-0.003885047928060278,0.009419970544413818,Early,-0.0013887011890618716,Slow,0.054,Early-life
CS2_38,55,0.9954450304986198,-0.0008204476316554522,7.370973539513613e-05,-0.0037168192610081974,0.009421873213432819,Early,-0.0014481858146763726,Slow,0.055,Early-life
CS2_38,56,0.9978495327382044,-0.0005215829773464442,-2.2147120879212693e-05,-0.0054739692827654295,0.00943179753222193,Early,-0.002476193152709493,Slow,0.056,Early-life
CS2_38,57,0.9987580862064268,-0.00022102969280140652,-7.374282500545314e-05,-0.006075039096680168,0.009432141637350585,Early,-0.0029270047019393807,Slow,0.057,Early-life
CS2_38,58,0.9900338382318322,2.5190370241954734e-05,0.00018648173063676613,-0.005015147817312636,0.009563349992692443,Early,-0.0025201690937772954,Slow,0.058,Early-life
CS2_38,59,0.985715380873416,0.0002452582705192413,-9.757031314723418e-05,-0.004424598565835325,0.009293224510098048,Early,-0.002334928418177283,Slow,0.059,Early-life
CS2_38,60,0.985249561381207,0.00038700213196570676,-0.0002443393203985753,-0.004408782087433687,0.009245584847959358,Early,-0.002397892109699697,Slow,0.06,Early-life
CS2_38,61,0.9812958637172844,0.00047500715806149716,-0.00020864785034892299,0.001876509601127428,0.009260041757174785,Early,0.0007007512215329654,Slow,0.061,Early-life
CS2_38,62,0.9816045305926964,0.0005462173493977846,-0.0002925588878432363,0.001977214272274771,0.009248399526464045,Early,0.0007154984614384933,Slow,0.062,Early-life
CS2_38,63,0.9808489914612698,0.0005967841759953138,-0.0003397271153159676,0.002428648753847803,0.009238893659749498,Early,0.0009159322889262446,Slow,0.063,Early-life
CS2_38,64,0.9758329537595112,0.0006023893769367484,0.0001845233683882277,0.003275018920987947,0.009059352594468998,Early,0.0013363147720255994,Fast,0.064,Early-life
CS2_38,65,0.9708802684247898,0.0006457905363732145,0.00040600341395157977,0.0027362242581489165,0.009090233529933487,Early,0.0010452168608878509,Medium,0.065,Early-life
CS2_38,66,0.96940398503421,0.0006962878294180065,4.611675234142678e-05,0.0023301994056008635,0.00880645024719264,Early,0.0008169557880914286,Slow,0.066,Early-life
CS2_38,67,0.9663214730715242,0.0006580178022440807,-3.162868774987715e-05,0.0027040126156689776,0.008767316000126129,Early,0.0010229974067124483,Medium,0.067,Early-life
CS2_38,68,0.9588300555359632,0.0005456154141805092,0.00020866150877606497,0.0032094011687601653,0.008870880669740476,Early,0.0013318928772898281,Fast,0.068,Early-life
CS2_38,69,0.8155253352881333,-0.0003788882163463376,0.004781095429573365,0.023725599329223294,0.027195166170846625,Early,0.012052243772784816,Fast,0.069,Early-life
CS2_38,70,0.965538366518078,-0.00040557392990739187,-7.444406848089089e-05,0.002187232134741685,0.0389013349989524,Early,0.0012964030323245385,Fast,0.07,Early-life
CS2_38,71,0.9630580446471302,-0.0004500886390232726,0.00034738864962723776,0.0018249870160544277,0.03885430608526932,Early,0.00113753782753885,Medium,0.071,Early-life
CS2_38,72,0.9567825754955644,-0.00046610448144543556,0.0006073503028832232,0.00201395613274648,0.03886653238286575,Early,0.0012400303070959576,Medium,0.072,Early-life
CS2_38,73,0.9567698459272476,-0.00046515831740839717,0.00020279005041885296,0.0018048770152803467,0.038803253838159114,Early,0.001135017666344372,Medium,0.073,Early-life
CS2_38,74,0.956303486496204,-0.0005358875893083837,0.00012101145830697901,0.0014311409393314514,0.038799830174885,Early,0.0009835142643199175,Slow,0.074,Early-life
CS2_38,75,0.9530305285892348,-0.0006408920360769384,0.00021899046098227163,0.000828503849532639,0.03880396400945939,Early,0.0007346979428047888,Slow,0.075,Early-life
CS2_38,76,0.9585769509820417,-0.0007132328777845037,4.0485253812774166e-05,-0.020435945099129764,0.0388177910992252,Early,-0.00986135611067263,Slow,0.076,Early-life
CS2_38,77,0.9585638950472452,-0.0007851153357228538,-6.146518894966126e-05,0.0009963530672618365,0.0388134383136352,Early,0.0008907342014923452,Slow,0.077,Early-life
CS2_38,78,0.957467015086893,-0.0008819598959264361,0.0003151316239310133,0.0007987185086053085,0.03876460819582053,Early,0.0008403392022658723,Slow,0.078,Early-life
CS2_38,79,0.9567261930447108,-0.0009193325104219108,0.0004097129879629527,8.05463583622831e-06,0.038761865992021576,Early,0.0004636935731290696,Slow,0.079,Early-life
CS2_38,80,0.9558774333460914,-0.0009444217924167308,0.0001178811100888706,0.0001274875115937332,0.03872210359820533,Early,0.000535954652005232,Slow,0.08,Early-life
CS2_38,81,0.9560595441534336,-0.0010233614998956225,5.589302459096587e-06,3.484890611005209e-05,0.03871761838792706,Early,0.0005291052030028373,Slow,0.081,Early-life
CS2_38,82,0.9551885815370328,-0.001125930293969191,-8.412194399645778e-06,-0.00030829327825686114,0.03871721129380222,Early,0.0004088185078561649,Slow,0.082,Early-life
CS2_38,83,0.9537737740779564,-0.0012440481838774022,3.127151079394774e-05,0.0006861681291550388,0.03871804617487351,Early,0.0009651081565162205,Medium,0.083,Early-life
CS2_38,84,0.9529686193359604,-0.001367434393777012,4.5789272039056536e-05,0.0007993251016121013,0.03871825602216762,Early,0.0010833797476945566,Medium,0.084,Early-life
CS2_38,85,0.9522877576656312,-0.0014961864404359768,0.0013594733309530696,0.0007398939173231137,0.03799687111674553,Early,0.0011180401788795451,Medium,0.085,Early-life
CS2_38,86,0.9513649602931712,-0.001387214092518502,0.0014219377485628572,0.000765890393077094,0.03799443147570127,Early,0.001076552242797798,Medium,0.086,Early-life
CS2_38,87,0.9505991352186332,-0.0012606755514417678,0.0015242063715990733,0.0007540425896368973,0.037988054837760916,Early,0.0010073590705393326,Medium,0.087,Early-life
CS2_38,88,0.8075768023745346,-0.0019157814300316133,0.006167138188125557,0.02121182025412844,0.04569475151993236,Early,0.011563800842080026,Fast,0.088,Early-life
CS2_38,89,0.950249147999823,-0.001685005629815976,0.001283377104258363,0.0007056333624585465,0.05293000970885393,Early,0.0011953194961372613,Medium,0.089,Early-life
CS2_38,90,0.9487952667728128,-0.0014974762784247073,0.001190971422600105,0.0007112153293062283,0.05292703483406118,Early,0.0011043458038654677,Medium,0.09,Early-life
CS2_38,91,0.9478591574936762,-0.001326268653126349,0.0012061420608880898,0.0007299231203263178,0.05292688745321906,Early,0.0010280958867263333,Medium,0.091,Early-life
CS2_38,92,0.947321276919656,-0.0011470577093305658,0.0010959544128267237,0.0007094972494250396,0.05292453230633951,Early,0.0009282774793778027,Slow,0.092,Early-life
CS2_38,93,0.9352746864525584,-0.001046303466133472,0.0014945111012947732,0.00229861054865897,0.05296011165456551,Early,0.0016724570073962208,Fast,0.093,Early-life
CS2_38,94,0.9340801507026308,-0.0009335994881177574,0.0015086722825367407,0.002359854930857473,0.05295996616402805,Early,0.0016467272094876151,Fast,0.094,Early-life
CS2_38,95,0.9329598609841836,-0.0008144096253566021,0.0013830029927525025,-0.01791186551566415,0.05295598805794606,Early,-0.008548727945153774,Slow,0.095,Early-life
CS2_38,96,0.058331242946149,-0.0056774848180175305,0.029437065338020672,0.12741684357909627,0.16555737362652181,Late,0.0665471641985569,Fast,0.096,Early-life
CS2_38,97,0.9467794328227184,-0.00518618708330409,0.0007298242648868266,0.0002879762785849164,0.23369934951311777,Early,0.002737081680944503,Fast,0.097,Early-life
CS2_38,98,0.9438792887868662,-0.004711461955958025,0.0007239414285373529,0.0005685526724014281,0.23369929061091133,Early,0.0026400073141797263,Fast,0.098,Early-life
CS2_38,99,0.9446585473703716,-0.0042415968883966655,0.00045714542469650485,0.0003803899356120529,0.23369602815447926,Early,0.0023109934120043594,Fast,0.099,Early-life
CS2_38,100,0.9527127700831236,-0.0037633392297751534,-0.004425401122419042,-0.0024911548043664578,0.23218835772749735,Early,0.0006360922127043478,Slow,0.1,Early-life
CS2_38,101,0.9533686525914972,-0.004145874980155324,0.00039257141698647864,-0.0027555002698380466,0.23061091738502754,Early,0.0006951873551586387,Slow,0.101,Early-life
CS2_38,102,0.9463723074936728,-0.003711354884137211,0.000538249585595398,-0.001916063787069893,0.23061370657109667,Early,0.000897645548533659,Slow,0.102,Early-life
CS2_38,103,0.9435674429214282,-0.0033007477839827886,0.00042629459916568394,-0.12646231428218274,0.23061167092881904,Early,-0.06158078324909998,Slow,0.103,Early-life
CS2_38,104,0.9426410933145352,-0.002926215851783597,0.0004557662133133033,0.0005911913583118869,0.23061167469367028,Early,0.0017587036050477419,Fast,0.104,Early-life
CS2_38,105,0.941688555593486,-0.0025519892313045473,0.0004714493839586464,0.0003129618847686081,0.23061169196981854,Early,0.0014324755580365778,Fast,0.105,Early-life
CS2_38,106,0.9395450164941542,-0.0021872342003848868,0.0004350165191961462,0.0007305044108881934,0.23061132383887276,Early,0.0014588693056365402,Fast,0.106,Early-life
CS2_38,107,0.9481868882608664,-0.0017870306075440155,0.00033516331358629883,0.0006465545460367451,0.23061467022434323,Early,0.0012167925767903804,Medium,0.107,Early-life
CS2_38,108,0.9488720643168363,-0.0013476115313170646,0.0003126397009809291,0.000642369753522974,0.23061473682985048,Early,0.0009949906424200194,Medium,0.108,Early-life
CS2_38,109,0.9404151042094564,-0.0009527648223640815,0.0005500616412076331,0.00085102904060235,0.23061935975185205,Early,0.0009018969314832158,Slow,0.109,Early-life
CS2_38,110,0.9371723695849612,-0.0005763243139930801,0.0006307684987016017,0.0009135819052095785,0.23061986651539707,Early,0.0007449531096013293,Slow,0.11,Early-life
CS2_38,111,0.9342120668709034,-0.00021374509970639412,0.0006988827895221942,0.0012041466348045354,0.23062024487098765,Early,0.0007089458672554648,Slow,0.111,Early-life
CS2_38,112,0.9344259672155012,0.00015316880904067427,0.0006978573205784659,0.0010375126254263956,0.23062024898964403,Early,0.00044217190819286064,Slow,0.112,Early-life
CS2_38,113,0.930834482226456,0.0005086414703982595,0.0007856161067927984,0.0012443620382425985,0.23062083468233174,Early,0.0003678602839221695,Slow,0.113,Early-life
CS2_38,114,0.941985296503518,0.0009314498355867974,0.0003802734701431726,0.0008859416796211939,0.23063073449373328,Early,-2.2754077982801795e-05,Slow,0.114,Early-life
CS2_38,115,0.9426619936236944,0.0013543856814650283,0.0003324717971698722,0.000887152956163135,0.23063079706327905,Early,-0.00023361636265094667,Slow,0.115,Early-life
CS2_38,116,0.9339882144262548,0.0017272420367461152,0.000590307846431498,0.0009181271118859437,0.2306356673625213,Early,-0.00040455746243008576,Slow,0.116,Early-life
CS2_38,117,0.9307671844440724,0.002084636596801945,0.0006644443822289946,0.0009150264486984051,0.2306361471784315,Early,-0.00058480507405177,Slow,0.117,Early-life
CS2_38,118,0.9303511293129836,0.002441974544703843,0.0006531614808274054,0.0005515625082742615,0.23063615060899778,Early,-0.0009452060182147909,Slow,0.118,Early-life
CS2_38,119,0.9287029487534036,0.0027930188410576384,-0.003907295044479648,0.0008175740660139359,0.22911993201997188,Early,-0.0009877223875218513,Slow,0.119,Early-life
CS2_38,120,0.9203536071127936,0.0022395957250610646,0.0009643722866783675,0.0014972678733803527,0.22767206357134834,Early,-0.00037116392584035597,Slow,0.12,Early-life
CS2_38,121,0.7984251089058408,0.0018149941544718397,0.004850650253773289,0.0205085982282396,0.22870657607628836,Middle,0.009346802036883881,Fast,0.121,Early-life
CS2_38,122,0.9345797293514866,0.0022108587186904487,0.0004283686497480526,0.0011546091817439738,0.23010590656898272,Early,-0.0005281247684732375,Slow,0.122,Early-life
CS2_38,123,0.9369680468269982,0.002619842291408345,0.00033397516427928264,-0.0004256903429633426,0.2301064603360682,Early,-0.0015227663171858438,Slow,0.123,Early-life
CS2_38,124,0.9404008915699984,0.0030490696964986,-0.00016536145540129024,-0.0013762438751322912,0.2300969916345399,Early,-0.0022126567858154456,Slow,0.124,Early-life
CS2_38,125,0.9413461441065704,0.003413342210444954,-0.000234386883998049,-0.0015707163990838252,0.2300968910399741,Early,-0.0024920293047643897,Slow,0.125,Early-life
CS2_38,126,0.9423842387800136,0.0037740623673203936,-0.00030401218696225974,-0.001954470003801429,0.23009679401701055,Early,-0.002864266185560911,Slow,0.126,Early-life
CS2_38,127,0.9429979639929764,0.004128449632835557,-0.028537636162800886,-0.0032349081257404067,0.16310709812776844,Early,-0.0036816788792879817,Slow,0.127,Early-life
CS2_38,128,0.9437475630894162,-0.0008066761202128929,9.780224946136005e-05,-0.020760350597653625,0.033676965461370195,Early,-0.009976837238720365,Slow,0.128,Early-life
CS2_38,129,0.9439023494036548,-0.0006918099375242349,-7.438908641478659e-07,-0.0013318028645954597,0.03367296131442824,Early,-0.00031999646353561236,Slow,0.129,Early-life
CS2_38,130,0.9443063566419144,-0.000591134803581724,1.1360991240553482e-05,-0.0010483299735594618,0.03367273956992354,Early,-0.00022859758498886885,Slow,0.13,Early-life
CS2_38,131,0.9447788589157372,-0.0004832182898675724,0.00025593261830278706,-0.0006254239065341156,0.03363972250865848,Early,-7.110280833327163e-05,Slow,0.131,Early-life
CS2_38,132,0.9449544646632544,-0.0003256330619666248,0.00027142541704008963,-0.0005154743652405758,0.033639399167985085,Early,-9.492065163697549e-05,Slow,0.132,Early-life
CS2_38,133,0.9451689157109718,-0.0001600183773033454,3.881908976454881e-05,-0.00039781099013688363,0.03361627063685527,Early,-0.00011889630641676911,Slow,0.133,Early-life
CS2_38,134,0.9452708390313026,-3.3135417628498434e-05,-5.494826160885018e-05,-0.00032469643404659757,0.03361235178964329,Early,-0.00014578050820904958,Slow,0.134,Early-life
CS2_38,135,0.945132080584708,7.639799919375289e-05,-8.035442807009125e-05,-0.00019778821361311167,0.033611882993980984,Early,-0.00013709310640343229,Slow,0.135,Early-life
CS2_38,136,0.9452983148111308,0.0001806994601261708,-0.0001164438457304786,-0.00019942362963942806,0.033611337613644605,Early,-0.0001900615448827994,Slow,0.136,Early-life
CS2_38,137,0.9452889890056196,0.00027821256186529394,-0.00018528943585372295,-0.000140376051957888,0.033608739859978656,Early,-0.00020929430691159098,Slow,0.137,Early-life
CS2_38,138,0.929234242061444,0.0002702207493134046,0.000611375683852335,0.0022206595506133148,0.03369419925915834,Early,0.0009752194006499551,Medium,0.138,Early-life
CS2_38,139,0.9287594293618764,0.0003155801324140887,0.0006487946759664504,0.0023135764716254287,0.033693355481905,Early,0.00099899816960567,Medium,0.139,Early-life
CS2_38,140,0.9270224887354832,0.0003623362472278726,0.0004320198539991352,0.0025923467107840897,0.03366304897662472,Early,0.0011150052317781085,Medium,0.14,Early-life
CS2_38,141,0.9179482951749728,0.0003143928509059201,0.0006201314325802713,0.0039032205509042595,0.033695556619028955,Early,0.0017944138499991697,Fast,0.141,Early-life
CS2_38,142,0.9308884490611096,0.0003285953757589963,0.0001072134777352853,0.002034804503371203,0.03377966122911017,Early,0.0008531045638061034,Medium,0.142,Early-life
CS2_38,143,0.9368236325161854,0.0003609189670693663,-7.734404195755461e-05,0.001210668899277916,0.033797098950151476,Early,0.00042487496610427487,Slow,0.143,Early-life
CS2_38,144,0.9381380407125176,0.0004010472200673345,-0.00023559866084069573,0.001021564041871719,0.03379083236835936,Early,0.00031025841090219226,Slow,0.144,Early-life
CS2_38,145,0.9231209426420732,0.0003327676299904685,0.0006085275439175744,0.0008733284884815395,0.033835890397371685,Early,0.0002702804292455355,Slow,0.145,Early-life
CS2_38,146,0.926472222814412,0.0003538013895569781,0.0005222506712671746,0.00032674379249491333,0.033842686009210136,Early,-1.3528798531032378e-05,Slow,0.146,Early-life
CS2_38,147,0.92031981472635,0.0003496578217067282,0.0004409161193517659,0.000957524858447594,0.03382546775738419,Early,0.0003039335183704329,Slow,0.147,Early-life
CS2_38,148,0.923237744589028,0.000317820974901609,0.00024288515661433533,-0.0007556356305793115,0.03382661929077332,Early,-0.0005367283027404603,Slow,0.148,Early-life
CS2_38,149,0.9291082626303026,0.000303798096121023,4.0092473634872e-05,0.00025431234725814544,0.03384438605296653,Early,-2.4742874431438785e-05,Slow,0.149,Early-life
CS2_38,150,0.9297693875070626,0.00029162325536851607,-3.440125011803134e-05,0.001007749287017539,0.03384327000984891,Early,0.00035806301582451145,Slow,0.15,Early-life
CS2_38,151,0.916193087925206,0.000192554763242888,0.0001342102963737913,0.003134993255330224,0.03389940533185595,Early,0.001471219246043668,Fast,0.151,Early-life
CS2_38,152,0.9148838943584876,4.013334717074897e-05,-0.0037567350146015086,0.001176721183369375,0.025280624567602154,Early,0.000568293918099313,Medium,0.152,Early-life
CS2_38,153,0.9169271197942284,-0.0008361445620855686,0.0005694390179760718,0.0013635861457405188,0.005963349645240815,Early,0.0010998653539130436,Medium,0.153,Early-life
CS2_38,154,0.913139329500826,-0.0009538673111816548,0.0007686683008442645,0.001025783603646294,0.00596440879908301,Early,0.0009898254574139745,Medium,0.154,Early-life
CS2_38,155,0.911629832681536,-0.0010578618940396286,0.0009280986738213687,0.0016582731296417139,0.005914201341840548,Early,0.001358067511840671,Fast,0.155,Early-life
CS2_38,156,0.9235385103967044,-0.0010641421598191307,0.0005744397970924495,0.0007956788905140177,0.0063422640437637,Early,0.0009299105251665742,Medium,0.156,Early-life
CS2_38,157,0.924889636870354,-0.0010508470926190408,0.0005643419970857961,0.0006971072338155209,0.006345165543247278,Early,0.0008739771632172808,Medium,0.157,Early-life
CS2_38,158,0.913820986474778,-0.0010881308420551076,0.0009411928231676893,0.00033887163577542685,0.006614085758986642,Early,0.0007135012389152672,Medium,0.158,Early-life
CS2_38,159,0.9110355504927236,-0.0011270584842341072,0.0010552262127965372,0.000549763409394864,0.006614436877765006,Early,0.0008384109468144857,Medium,0.159,Early-life
CS2_38,160,0.913258858317978,-0.0011371034028489638,0.000988499712441186,0.0005240373537500462,0.006637444001571358,Early,0.000830570378299505,Medium,0.16,Early-life
CS2_38,161,0.9118784333449024,-0.0011428792262022027,0.0010460620418390983,0.00018012802227480268,0.006632701058511291,Early,0.0006615036242385027,Medium,0.161,Early-life
CS2_38,162,0.9057909508169408,-0.0011690604541351201,0.0012576744547998832,0.000834125980656448,0.006687060661385553,Early,0.001001593217395784,Medium,0.162,Early-life
CS2_38,163,0.9173819570436366,-0.0011124072649651066,0.0008894357296650911,0.0008795076218668374,0.00707185529468478,Early,0.000995957443415972,Medium,0.163,Early-life
CS2_38,164,0.9207713767808072,-0.0010253910249767941,0.0007870173848440196,0.0005883228699352491,0.0071112562938850515,Early,0.0008068569474560216,Medium,0.164,Early-life
CS2_38,165,0.9180705844064264,-0.0009435583449713144,0.0008774275685443931,-0.000607085418806909,0.0071173916275838805,Early,0.00016823646308220268,Slow,0.165,Early-life
CS2_38,166,0.9050994892111706,-0.0009248751918853308,0.001291373915275401,0.0008480087545075708,0.007438900396090249,Early,0.0008864419731964508,Medium,0.166,Early-life
CS2_38,167,0.905616797121308,-0.0008893664859920194,0.0012800489577362178,0.001091723028095713,0.007441460218811947,Early,0.0009905447570438663,Medium,0.167,Early-life
CS2_38,168,0.9060918343272432,-0.0008356681815314852,0.0012644243444637573,0.0008266570025227444,0.007444725040305149,Early,0.0008311625920271148,Medium,0.168,Early-life
CS2_38,169,0.9055944980462206,-0.0007704801804664378,0.0007625723875878515,2.80646815314605e-05,0.006920368950378045,Early,0.00039927243099894914,Slow,0.169,Early-life
CS2_38,170,0.9094161353033184,-0.0007661328891281032,0.0006239772276954177,0.0011379745343311606,0.006969174742010615,Early,0.0009520537117296318,Medium,0.17,Early-life
CS2_38,171,0.916880263866214,-0.0007149829255243215,0.00032716854416997386,0.0005558732735133155,0.007114608698680514,Early,0.0006354280995188185,Medium,0.171,Early-life
CS2_38,172,0.9182048921099648,-0.0006624578215472563,-8.277320483613745e-06,-1.9186814791199197e-05,0.006931232339396326,Early,0.00032163550337802857,Slow,0.172,Early-life
CS2_38,173,0.9191037777019287,-0.000656477391487905,0.0003801506890058329,-0.002000612641536884,0.006506770929807169,Early,-0.0006720676250244896,Slow,0.173,Early-life
CS2_38,174,0.9195482305027464,-0.0005701281656048577,0.0005572710326915813,-0.0019902047687769026,0.0064030358514613125,Early,-0.0007100383015860225,Slow,0.174,Early-life
CS2_38,175,0.9199427211398324,-0.000441482257008494,0.0005869457926672634,-0.0019786981160841827,0.0063962004665788314,Early,-0.0007686079295378444,Slow,0.175,Early-life
CS2_38,176,0.8180843500618418,-0.0008774390262321638,0.0033882771800074663,0.01250144971205412,0.019176150563506644,Early,0.006689444369143142,Fast,0.176,Early-life
CS2_38,177,0.920774966290594,-0.0007767476561471556,0.00018378246851025897,-0.0016226901410393607,0.027031290590420882,Early,-0.00042297124244610254,Slow,0.177,Early-life
CS2_38,178,0.9211248847991756,-0.0006529383109602162,-2.597000234921283e-05,-0.0006063744189945185,0.02700865083350758,Early,2.3281945982848854e-05,Slow,0.178,Early-life
CS2_38,179,0.9211749913304988,-0.0005640962473723726,6.654042769448758e-05,-0.0004242998886477199,0.027003325994253927,Early,6.989817936232636e-05,Slow,0.179,Early-life
CS2_38,180,0.9212475382068676,-0.00045750669745250015,0.00025357175559467723,-0.0003062515007055439,0.02698090356920773,Early,7.562759837347811e-05,Slow,0.18,Early-life
CS2_38,181,0.921233619043168,-0.0003147595203237197,0.00027534736980305125,-0.00024076979148880882,0.026980413133891254,Early,3.6994864417455453e-05,Slow,0.181,Early-life
CS2_38,182,0.9214184995909006,-0.00016407654680805666,-0.00016856166663530866,-0.000210825493009738,0.026867246822131912,Early,-2.3374473100840672e-05,Slow,0.182,Early-life
CS2_38,183,0.9216902349894048,-9.090316145498013e-05,-0.00021955937519087837,-0.014800840703937581,0.026865848714539276,Early,-0.007354968771241301,Slow,0.183,Early-life
CS2_38,184,0.9223275417938028,-2.4042307424087978e-05,-0.0001742071612765957,-0.00022179650045840913,0.026863854158867474,Early,-9.887709651716058e-05,Slow,0.184,Early-life
CS2_38,185,0.9227592621588664,5.490111182414098e-05,-0.0003103204083238838,-0.00023348247995582026,0.026853798220481218,Early,-0.0001441917958899806,Slow,0.185,Early-life
CS2_38,186,0.924129195074702,0.00011658033678706147,-0.00040320523848922805,-0.0004220291063147411,0.02685227361855469,Early,-0.00026930472155090127,Slow,0.186,Early-life
CS2_38,187,0.9244434260779854,0.00016688640099435934,-2.919082842841699e-05,-0.00045655541015968533,0.02676728941819836,Early,-0.00031172090557702236,Slow,0.187,Early-life
CS2_38,188,0.9103392557114566,0.00020438636117771288,0.0004693671341579805,0.001556337618815922,0.026885518101412285,Early,0.0006759756288191045,Medium,0.188,Early-life
CS2_38,189,0.9087189803389928,0.0002456907836877922,0.00016458084308984723,0.0018142170359868315,0.026814817145487765,Early,0.0007842631261495196,Medium,0.189,Early-life
CS2_38,190,0.9082589807370246,0.00022336174988327884,8.95667663128695e-05,0.0019187506074828903,0.026810493285589283,Early,0.0008476944287998057,Medium,0.19,Early-life
CS2_38,191,0.9080773415536212,0.00018519213861950968,0.0001671457020760275,0.0020357428914545206,0.026807056920223456,Early,0.0009252753764175054,Medium,0.191,Early-life
CS2_38,192,0.9045744417601496,0.00014165150142355306,0.00023561263176621972,0.0025978314855309753,0.02681296882179563,Early,0.0012280899920537112,Fast,0.192,Early-life
CS2_38,193,0.9159596117083944,0.0001576334224020275,-0.00032802131907914576,0.0011670833380439552,0.02686944295260604,Early,0.0005047249578209638,Medium,0.193,Early-life
CS2_38,194,0.9175436122767164,0.00014429986271119263,-5.214684938060371e-06,0.0009856876858955596,0.0267896132014701,Early,0.0004206939115921835,Medium,0.194,Early-life
CS2_38,195,0.9087029340810396,0.00014653390904958898,0.0003893046032183093,0.00023376023291670528,0.02682814022130534,Early,4.3613161933558147e-05,Slow,0.195,Early-life
CS2_38,196,0.9041256793455558,0.0001464428088432247,0.00044983564712485966,0.0006561858562052888,0.026835645199615368,Early,0.00025487152368103207,Slow,0.196,Early-life
CS2_38,197,0.909661055553149,0.00016756906731563043,-0.00014714730135414396,-0.00020029640230348873,0.026753534576948495,Early,-0.0001839327348095596,Slow,0.197,Early-life
CS2_38,198,0.91987380632342,0.00017135078585796496,-0.0004599035226487718,-0.0016852092528283982,0.026814607595515186,Early,-0.0009282800193431815,Slow,0.198,Early-life
CS2_38,199,0.9215798555371544,0.00018253903893764075,-0.0004996135874164909,-0.0024293448252864025,0.02681554224794041,Early,-0.0013059419321120216,Slow,0.199,Early-life
CS2_38,200,0.9132575838657108,0.00014346330542447055,-0.00024719631675774697,0.00038600397752622647,0.026862027587394494,Early,0.00012127033605087796,Slow,0.2,Early-life
CS2_38,201,0.9083786986012908,7.103180953087257e-05,3.3465700065406624e-05,0.0013092733822036573,0.026868887808095626,Early,0.0006191207863363924,Medium,0.201,Early-life
CS2_38,202,0.9100084695824732,2.9954516128224054e-05,0.00022167078334647906,-0.00018650507163336144,0.026835032042768395,Early,-0.00010822979388079275,Slow,0.202,Early-life
CS2_38,203,0.9107850548383122,3.821844650642898e-05,0.00023934958940814935,-0.0009513393561080592,0.026834159901007442,Early,-0.0004947789013072441,Slow,0.203,Early-life
CS2_38,204,0.9088387436792932,4.5669969291141856e-05,0.0003311301297624376,0.00011747312483654872,0.026835002721918914,Early,3.5901577772703433e-05,Slow,0.204,Early-life
CS2_38,205,0.9149714374902486,9.68364901579438e-05,0.00014763848427412271,0.000700338404738773,0.026859918639063528,Early,0.0003017509572904146,Medium,0.205,Early-life
CS2_38,206,0.9190983229740916,0.00017565423405432512,2.7238650507770628e-05,0.00035450465186611817,0.026870792787190612,Early,8.942520890589652e-05,Slow,0.206,Early-life
CS2_38,207,0.9207913917849646,0.0002666426412971579,-0.0033131303781652527,-0.0010762582741791205,0.019103808567912068,Early,-0.0006714504577381391,Slow,0.207,Early-life
CS2_38,208,0.9081449559354612,-0.00033061365420900885,0.000407419688875251,3.339180940423577e-05,0.005472265945452096,Early,0.0001820027318066223,Medium,0.208,Early-life
CS2_38,209,0.9085520070315716,-0.000337457979813976,0.00040557670218077657,0.0002080660787002277,0.005472539122906633,Early,0.00027276202925710186,Medium,0.209,Early-life
CS2_38,210,0.8003188188169796,-0.0009526666025873773,0.003898586210113523,0.015780890860190362,0.02012197150108699,Early,0.00836677873138887,Fast,0.21,Early-life
CS2_38,211,0.907803389446647,-0.0009125806254675227,0.00043368221807163216,0.00014790774752088915,0.028381377399288473,Early,0.000530244186494206,Medium,0.211,Early-life
CS2_38,212,0.9070769058135024,-0.0008712819910785112,0.00045666816869889055,0.001127790239535163,0.028381314654246502,Early,0.000999536115306837,Fast,0.212,Early-life
CS2_38,213,0.9177950288247642,-0.0007639746056386184,0.00011688615374633708,0.00018618487847534202,0.028452214917830412,Early,0.0004750797420569802,Medium,0.213,Early-life
CS2_38,214,0.9204510204048364,-0.0006391976495435942,3.99746640183367e-05,4.862448287545895e-05,0.02845652266144112,Early,0.0003439110662095266,Medium,0.214,Early-life
CS2_38,215,0.9130269013600896,-0.0005546049793474948,0.0003000206591520406,-0.0006974207749469123,0.02848694496079108,Early,-7.140789779970877e-05,Slow,0.215,Early-life
CS2_38,216,0.9076032259548324,-0.0004937982596204611,0.0004889043936785142,0.00013554015381987496,0.028501339968490805,Early,0.00031466920672016806,Medium,0.216,Early-life
CS2_38,217,0.911344413063824,-0.0004037261065899296,0.00041241232293155066,-0.015860799178120617,0.02850967579367805,Early,-0.007728536535765344,Slow,0.217,Early-life
CS2_38,218,0.9178710766907274,-0.0002641004240787109,0.00021201127055670726,-0.0014382410348686386,0.028536775222098604,Early,-0.0005870703053949638,Slow,0.218,Early-life
CS2_38,219,0.9210638456632804,-0.0001021393863575507,-0.0003459545145749611,-0.0019981342642539923,0.028424974667895363,Early,-0.0009479974389482208,Slow,0.219,Early-life
CS2_38,220,0.8205341168808288,-0.0005954386223757671,0.0028446730147794843,0.01389441599199077,0.03371242587030525,Early,0.007244927307183268,Fast,0.22,Early-life
CS2_38,221,0.9213933503318342,-0.0004925543123252335,-0.00042368934176805243,-0.0001346185609996902,0.03851990624923634,Early,0.00017896787566277163,Medium,0.221,Early-life
CS2_38,222,0.9217901294587189,-0.00039484386113048054,-0.00044234799693863445,-0.001251889728375612,0.03851974335001346,Early,-0.00042852293362256573,Slow,0.222,Early-life
CS2_38,223,0.9223261083406762,-0.0003001467979773627,-0.0005726344058234396,-0.0021032689122633913,0.038512784201328754,Early,-0.0009015610571430143,Slow,0.223,Early-life
CS2_38,224,0.9227149666456762,-0.00022965036152944435,-0.00021791467539618886,-0.0016243647974074626,0.03846048129714484,Early,-0.0006973572179390092,Slow,0.224,Early-life
CS2_38,225,0.9231228044231248,-9.462450249686155e-05,-0.00017997394020672066,-0.0007502468189139069,0.038459668877010064,Early,-0.0003278111582085227,Slow,0.225,Early-life
CS2_38,226,0.9242862983909654,5.396696253429557e-05,-0.0005026891712879289,-0.0004603503896692951,0.03842340890300873,Early,-0.0002571586761017953,Slow,0.226,Early-life
CS2_38,227,0.9240175769674766,0.00014508809823737164,-0.0006416741168361543,-0.014783351440949681,0.03841221202290419,Early,-0.007464219769593526,Slow,0.227,Early-life
CS2_38,228,0.9240572193867084,0.0002031355944522402,-0.000464392381727721,-0.000380552722124878,0.03840155413676487,Early,-0.0002918441582885591,Slow,0.228,Early-life
CS2_38,229,0.8255523298897768,-0.0002723299664510388,0.0030426282720530063,0.01374825708127744,0.04225280821358708,Early,0.007010293523864239,Fast,0.229,Early-life
CS2_38,230,0.9241294125629648,-9.509615242495752e-05,-8.224377502614159e-05,-0.00025761488889836884,0.04602908507604236,Early,-8.125936823670567e-05,Slow,0.23,Early-life
CS2_38,231,0.9243600537167266,9.220699579113747e-05,-0.00035814418874244574,-0.00023501243872148248,0.04600265448059545,Early,-0.00016360971725630998,Slow,0.231,Early-life
CS2_38,232,0.92454846296855,0.00022922519629639822,-0.0005216053021696497,-0.00020366550648931447,0.04599242713196862,Early,-0.00021644535139285633,Slow,0.232,Early-life
CS2_38,233,0.9247629279512184,0.0003338136758579739,-0.0004759502699595234,-6.808993717899448e-05,0.04599199288747483,Early,-0.00020095180651848418,Slow,0.233,Early-life
CS2_38,234,0.9247920932443,0.0004424194039101378,-0.0004518399485802525,-0.00011064518240335084,0.045992025942088184,Early,-0.00027653229315674434,Slow,0.234,Early-life
CS2_38,235,0.9247314905268148,0.0005499586696963476,-0.0005126692531458588,-9.632444858663294e-05,0.04598999538673217,Early,-0.00032314155914149026,Slow,0.235,Early-life
CS2_38,236,0.9247915081386796,0.0006409545715425451,-0.0003167764725300337,-0.014177025464128976,0.04597819080614959,Early,-0.0074089900178357605,Slow,0.236,Early-life
CS2_38,237,0.924766386333644,0.0007630528544163443,-0.0001828407535339516,-9.099625295418332e-05,0.04597276902539645,Early,-0.0004270245536852638,Slow,0.237,Early-life
CS2_38,238,0.9123431156062493,0.0008359348489343578,0.00027252503802307587,0.0017167054443539037,0.046027191208252195,Early,0.00044038529770977296,Medium,0.238,Early-life
CS2_38,239,0.913147701308826,0.000926104937710838,-0.00016137888301176998,0.0016286802371034176,0.045970019202161864,Early,0.0003512876496962898,Medium,0.239,Early-life
CS2_38,240,0.9118689224142816,0.0009353206372255856,-0.00010699727041000199,0.0018420007909909655,0.045970716035627295,Early,0.00045334007688269,Medium,0.24,Early-life
CS2_38,241,0.908237700837188,0.0009250013082073593,-0.0034812542587163995,0.002364913201015998,0.04136126471194937,Early,0.0007199559464043193,Medium,0.241,Early-life
CS2_38,242,0.9057798243519566,0.0002461957677274315,6.527629337710876e-05,0.0027073808821226025,0.03658382874410092,Early,0.0012305925571975856,Fast,0.242,Early-life
CS2_38,243,0.916659266464544,0.00024065480298052002,-0.00030910840809811503,0.001161748810590803,0.036636184459322534,Early,0.0004605470038051415,Medium,0.243,Early-life
CS2_38,244,0.9185883484928324,0.0002384341881139887,-2.5590957034460707e-05,0.0008825768344016589,0.03658692172309191,Early,0.0003220713231438351,Medium,0.244,Early-life
CS2_38,245,0.911889516549952,0.0002587596479878652,0.00027617754370594876,6.479986518532448e-05,0.03660307869564146,Early,-9.697989140127036e-05,Slow,0.245,Early-life
CS2_38,246,0.9058345279118446,0.0002629110057559367,0.0002320120467175797,0.0010447390567116363,0.036594991561513475,Early,0.0003909140254778498,Medium,0.246,Early-life
CS2_38,247,0.9098571435799008,0.00025037214032368703,-7.270702016349435e-05,0.0002873969763401231,0.03658964892114473,Early,1.8512418008218034e-05,Medium,0.247,Early-life
CS2_38,248,0.9097575219532436,0.000205624689253705,5.119003582517461e-05,-0.00021711730229364727,0.03658331510916065,Early,-0.00021137099577367614,Slow,0.248,Early-life
CS2_38,249,0.9040261003993052,0.00015015079288090152,0.00044661213843297514,0.0002505319932359124,0.036576093323717696,Early,5.019060017750545e-05,Medium,0.249,Early-life
CS2_38,250,0.9149890938619668,0.00019912508609008266,0.0001959597355262439,0.0002385960860824543,0.036628451812045944,Early,1.9735499996185825e-05,Medium,0.25,Early-life
CS2_38,251,0.9165682437732736,0.0002774393699521909,-0.003097875061046608,0.0002885863885084034,0.031543229854617584,Early,5.573509278106268e-06,Slow,0.251,Early-life
CS2_38,252,0.9098140741896816,-0.0002890170762319356,0.0003735250368436321,0.00029649176575290744,0.025829873468162477,Early,0.00029275442099242153,Medium,0.252,Early-life
CS2_38,253,0.9034657094895836,-0.00031423534727633757,0.0005911103215850081,0.00033840263175157127,0.025851569003250877,Early,0.0003263189895139544,Medium,0.253,Early-life
CS2_38,254,0.905302018705751,-0.00032004845362627106,0.0005491641817717802,0.0006507321248785392,0.02585451352575069,Early,0.0004853902892524051,Medium,0.254,Early-life
CS2_38,255,0.9023120436317712,-0.0003335642180925791,0.0006581588069001614,0.0010636397602103362,0.025857549179137275,Early,0.0006986019891514577,Medium,0.255,Early-life
CS2_38,256,0.9033280993754772,-0.0003316184390219013,0.0006385388725047605,9.97144319754284e-05,0.025858615713782323,Early,0.00021566643549866485,Medium,0.256,Early-life
CS2_38,257,0.9071455586778172,-0.000298409166628534,0.0005529270875209104,0.0011205050263070854,0.025869171862572298,Early,0.0007094570964678097,Medium,0.257,Early-life
CS2_38,258,0.9112264942215456,-0.00022911873692485368,0.00041261557244938685,0.0007631070788182941,0.025882557311006305,Early,0.0004961129078715739,Medium,0.258,Early-life
CS2_38,259,0.9127114982013348,-0.00014822879755527888,0.0003659910059797929,-0.00041391771595045146,0.025884700901010763,Early,-0.00013284445919758628,Slow,0.259,Early-life
CS2_38,260,0.9011973288691892,-0.00012837604512296144,-0.002440161257400402,0.0003240543743420516,0.018573692415829065,Early,0.00022621520973250652,Medium,0.26,Early-life
CS2_38,261,0.9007870636717382,-0.0006982703222882368,0.000752978996491179,0.00064499357628754,0.00516138962325805,Early,0.0006716319492878883,Medium,0.261,Early-life
CS2_38,262,0.9027822200744688,-0.000688174843380236,0.0006960591497502496,-6.716806324252074e-05,0.005182285817819537,Early,0.00031050339006885764,Medium,0.262,Early-life
CS2_38,263,0.9002371564607549,-0.0006833197290202526,0.0007842356937998424,0.0004415632735317627,0.005189984244969806,Early,0.0005624415012760077,Medium,0.263,Early-life
CS2_38,264,0.9004515019906668,-0.0006672644659708664,0.0007842395471145671,0.0009562938124500565,0.005189983478810427,Early,0.0008117791392104614,Medium,0.264,Early-life
CS2_38,265,0.9101467682032646,-0.0005859920990039029,0.0004724298400334013,0.00015424657404014157,0.005520332975305063,Early,0.0003701193365220222,Medium,0.265,Early-life
CS2_38,266,0.9120889783374702,-0.0004881502143814997,0.0004078229738498273,8.893140912351922e-05,0.005537008138912927,Early,0.00028854081175250945,Medium,0.266,Early-life
CS2_38,267,0.9022678154439908,-0.0004418203733003865,0.0007265707320867352,-0.0001529266535430824,0.0057879076916322585,Early,0.00014444685987865204,Medium,0.267,Early-life
CS2_38,268,0.8993284598456438,-0.00040359392155056936,0.0008205782738064597,0.0002083719751563454,0.005799789334443851,Early,0.0003059829483534574,Medium,0.268,Early-life
CS2_38,269,0.8988075959373373,-0.00035914490824239025,0.000436629666739096,0.0005678034481616523,0.0053852394986272515,Early,0.00046347417820202124,Medium,0.269,Early-life
CS2_38,270,0.8994760229081192,-0.00037652307915658767,0.00044102188389376844,0.00010873336466223269,0.00538424884970856,Early,0.00024262822190941017,Medium,0.27,Early-life
CS2_38,271,,,,,,,,,0.271,Early-life
CS2_38,272,0.9070998622888292,,,,,Early,,,0.272,Early-life
CS2_38,273,0.9016675130833846,,,,,Early,,,0.273,Early-life
CS2_38,274,0.7980071536274053,,,,,Middle,,,0.274,Early-life
CS2_38,275,0.9112626497709015,,,,,Early,,,0.275,Early-life
CS2_38,276,0.9116779450888352,,,,,Early,,,0.276,Early-life
CS2_38,277,0.899731617869257,,,,,Early,,,0.277,Early-life
CS2_38,278,0.8997121408890982,,,,,Early,,,0.278,Early-life
CS2_38,279,0.8970135619982152,,,0.0014409000415162815,,Early,,,0.279,Early-life
CS2_38,280,0.7499732648694002,,,0.02167060688771205,,Middle,,,0.28,Early-life
CS2_38,281,0.8989584461475489,,,-0.014421613217163383,,Early,,,0.281,Early-life
CS2_38,282,0.8979910536363364,,,0.001895942304937884,,Early,,,0.282,Early-life
CS2_38,283,0.8976671577287862,,,0.0020015410514355575,,Early,,,0.283,Early-life
CS2_38,284,0.9070755419687248,,,-0.0010491320142096733,,Early,,,0.284,Early-life
CS2_38,285,0.9093186859105208,,,-0.001372363574488936,,Early,,,0.285,Early-life
CS2_38,286,0.9042041593919712,,,-0.001027228199107991,,Early,,,0.286,Early-life
CS2_38,287,0.8956518573887956,,,-0.020811227502770775,,Early,,,0.287,Early-life
CS2_38,288,0.8980936068978297,,,0.00012354846424560733,,Early,,,0.288,Early-life
CS2_38,289,0.8953487267445935,,,0.00037747527024897413,,Early,,,0.289,Early-life
CS2_38,290,0.8954933347460667,,,0.00031054614038850126,,Early,,,0.29,Early-life
CS2_38,291,0.8983195935144359,,,0.0012508497791841203,,Early,,,0.291,Early-life
CS2_38,292,0.9025690619476232,,,0.0009642319946996539,,Early,,,0.292,Early-life
CS2_38,293,0.903693356489693,,,7.297184318260414e-05,,Early,,,0.293,Early-life
CS2_38,294,0.8928898130894711,,,0.0003945777570463533,,Early,,,0.294,Early-life
CS2_38,295,0.8915963750727374,,,0.0009281759750131886,,Early,,,0.295,Early-life
CS2_38,296,0.8915542361531271,,,0.0005420700844952021,,Early,,,0.296,Early-life
CS2_38,297,0.8903090994841067,,,0.0007406050374228558,,Early,,,0.297,Early-life
CS2_38,298,0.8884363435874543,,,0.001411892846711663,,Early,,,0.298,Early-life
CS2_38,299,0.8974902947120484,,,0.0007255381765106808,,Early,,,0.299,Early-life
CS2_38,300,0.8991887608594692,,,0.0006435136614605375,,Early,,,0.3,Early-life
CS2_38,301,0.8998250719142122,,,-0.0009907512606773011,,Early,,,0.301,Early-life
CS2_38,302,0.9002678541910148,,,-0.0012387827311824973,,Early,,,0.302,Early-life
CS2_38,303,0.9009541501859044,0.000619299906975721,0.0001982487775137034,-0.0013428448618253272,0.0476138179977171,Early,-0.0009810723844005241,Slow,0.303,Early-life
CS2_38,304,0.9018386534120862,0.0007705479144556501,-5.520655764570679e-06,-0.0016470791325684994,0.047604187243268,Early,-0.0012088135235120748,Slow,0.304,Early-life
CS2_38,305,0.9027426332853428,0.0008960038160053482,-0.003378563859933468,-0.0020437556711269283,0.04354547499959621,Early,-0.0014698797435661382,Slow,0.305,Early-life
CS2_38,306,0.9026855530693207,0.0003937633119194483,0.00027668053876067096,-0.0007421797653246147,0.038475503042128004,Early,-0.0005679715386220315,Slow,0.306,Early-life
CS2_38,307,0.903048615687929,0.0005402268978314099,0.0002783654645453582,-0.0005514078326371218,0.03847547287257904,Early,-0.0005458173652342659,Slow,0.307,Early-life
CS2_38,308,0.9028933235498372,0.0006913310184532247,-0.00010199050582516653,-0.00043832166223213765,0.038414515228835766,Early,-0.0005648263403426812,Slow,0.308,Early-life
CS2_38,309,0.9024572248906246,0.0007709214635611501,-8.855109682343222e-05,-0.00031276724280139757,0.03841463201890823,Early,-0.0005418443531812738,Slow,0.309,Early-life
CS2_38,310,0.903139475748082,0.0008532714068716646,-0.00019761012096344217,-0.0003121893660253632,0.0384112545444206,Early,-0.0005827303864485139,Slow,0.31,Early-life
CS2_38,311,0.903163884573446,0.0009181816325262442,-0.004941632893678897,-0.00018931873733710587,0.027009926955086503,Early,-0.000553750184931675,Slow,0.311,Early-life
CS2_38,312,0.903310578322476,9.23141924584122e-05,-0.00014039136048151697,-8.11350053047428e-05,0.003855397539908361,Early,-8.67245988815775e-05,Slow,0.312,Early-life
CS2_38,313,0.9039435753033488,0.00011495468158407721,-0.00019201682796814303,-0.00017971746200400634,0.0038507815659383103,Early,-0.00014733607179404177,Slow,0.313,Early-life
CS2_38,314,0.9042974653858432,0.00013192735204693652,-0.00021388089216312794,-0.0001784070997020239,0.0038496786788015324,Early,-0.0001551672258744802,Slow,0.314,Early-life
CS2_38,315,0.9044147589834042,0.00014529568106483293,8.583170920388953e-05,-0.0002173479190809965,0.0034510218691852007,Early,-0.00018132180007291473,Slow,0.315,Early-life
CS2_38,316,0.8927732475498699,0.00014695114772371275,0.0005337238180855136,0.0013834253343935382,0.003996570767458167,Early,0.0006182370933349127,Medium,0.316,Early-life
CS2_38,317,0.8864477424740289,0.00013147642405375172,0.0005727876425142669,0.0023845333248647205,0.004048419478769437,Early,0.0011265284504054843,Fast,0.317,Early-life
CS2_38,318,0.8902360697393357,0.00011497542783713539,0.0001747028274019334,0.0018468306905871884,0.003838945449681457,Early,0.0008659276313750265,Fast,0.318,Early-life
CS2_38,319,0.8868879961504076,3.284392061309533e-05,0.000361471314432971,0.0023460831674383398,0.003848238417899731,Early,0.0011566196234126223,Fast,0.319,Early-life
CS2_38,320,0.8842966723983958,-4.602981169108585e-05,0.00035651788213541017,0.002806700414993281,0.0038451658447078555,Early,0.0014263651133421835,Fast,0.32,Early-life
CS2_38,321,0.8930272194559824,-8.684273337812396e-05,7.955210613175279e-05,0.0016100351328372589,0.004177338155625509,Early,0.0008484389331076915,Medium,0.321,Early-life
CS2_38,322,0.8966190765948828,-0.00010552173828879698,5.485538450171244e-05,0.0011136689126459074,0.004197305577111918,Early,0.0006095953254673522,Medium,0.322,Early-life
CS2_38,323,0.8974240409056476,-0.00010294543724417224,0.0001659684207088891,-0.0006643990508253975,0.004124522519028585,Early,-0.00028072680679061264,Slow,0.323,Early-life
CS2_38,324,0.8830197301423678,-0.00015618109920335755,0.0006668911724943603,0.0004897160473801605,0.00484299343639655,Early,0.00032294857329175905,Medium,0.324,Early-life
CS2_38,325,0.883936227644284,-0.00019024304304336397,0.0002888253369415192,0.0008999774421502334,0.004468265946283044,Early,0.0005451102425967987,Medium,0.325,Early-life
CS2_38,326,0.882861246945494,-0.0002885144949806945,0.00028177832668527155,0.0005752498864162339,0.004466800760973433,Early,0.0004318821906984642,Medium,0.326,Early-life
CS2_38,327,0.8827155069115507,-0.0003917610684936447,0.00028512029811537004,0.0002258807838350244,0.00446665424483356,Early,0.00030882092616433453,Medium,0.327,Early-life
CS2_38,328,0.8789239016529392,-0.0005135502759951744,0.00036726444616669475,0.0020147596861490274,0.004508120939444127,Early,0.001264154981072101,Fast,0.328,Early-life
CS2_38,329,0.7782205121604332,-0.0012104190134352912,0.0035553494008716473,0.016914080633492805,0.018582864562920947,Middle,0.009062249823464048,Fast,0.329,Early-life
CS2_38,330,0.8906711863079537,-0.0012386024267128425,0.00021997123884176517,0.000964693513956275,0.027876645857950928,Early,0.0011016479703345587,Fast,0.33,Early-life
CS2_38,331,0.8940114685014044,-0.001193864386605602,0.00016700943090531433,-0.0015702483370052375,0.02788197122254177,Early,-0.0001881919751998178,Slow,0.331,Early-life
CS2_38,332,0.8918947951905809,-0.0011496046891210292,0.00025581537818165597,-0.0011369382208995527,0.02788371147085517,Early,6.33323411073825e-06,Medium,0.332,Early-life
CS2_38,333,0.897886389652221,-0.0010647794446322011,7.682143673528525e-05,-0.0021464489581038654,0.02790614618619397,Early,-0.0005408347567358321,Slow,0.333,Early-life
CS2_38,334,0.9006779762190162,-0.0009607041335691288,8.908837641553913e-06,-0.0025660670439236555,0.027910626584070404,Early,-0.0008026814551772634,Slow,0.334,Mid-life
CS2_38,335,0.9012862473875182,-0.000849172090468128,1.7819549179615324e-05,-0.0031946208192255654,0.02791037594042912,Early,-0.0011727243643787186,Slow,0.335,Mid-life
CS2_38,336,0.8887269781868029,-0.0008037714500726669,0.0004521179064045116,-0.0157866380037671,0.02800015698307994,Early,-0.007491433276847217,Slow,0.336,Mid-life
CS2_38,337,0.8884834569907428,-0.0007494805000749104,0.00045813213156702966,0.00031253275960155654,0.028000089326539846,Early,0.0005310066298382334,Medium,0.337,Mid-life
CS2_38,338,0.8874144549286132,-0.0006963816978897448,0.000504327766429545,0.0009424305103987571,0.02799987066335818,Early,0.0008194061041442509,Medium,0.338,Mid-life
CS2_38,339,0.8862429567812724,-0.0006421452820447907,0.000537108605437574,0.0008074054870440708,0.028000043269791157,Early,0.0007247753845444308,Medium,0.339,Mid-life
CS2_38,340,0.8829057128650093,-0.0006016493141741117,0.0006306939363101722,0.0021400966838873874,0.02800454233597127,Early,0.0013708729990307496,Fast,0.34,Mid-life
CS2_38,341,0.892901886319126,-0.0004996677629652618,0.0003302448202889006,0.0011108699856986007,0.028068986366989693,Early,0.0008052688743319312,Medium,0.341,Mid-life
CS2_38,342,0.8938666094089209,-0.00038457562318917416,0.00029991210208145337,0.0010599482826567483,0.028069890458460856,Early,0.0007222619529229612,Medium,0.342,Mid-life
CS2_38,343,0.8943567013753521,-0.0002631520913906057,0.0002888347402298034,-0.000804246169792736,0.028070140337017352,Early,-0.00027054703920106513,Slow,0.343,Mid-life
CS2_38,344,0.8945279992789826,-0.00013663957588112835,0.00030372825885052117,-0.0008635060411771153,0.02806975740792901,Early,-0.00036343323264799346,Slow,0.344,Mid-life
CS2_38,345,0.8954443706097527,2.127626158708095e-06,0.00028558370245453324,-0.0011471308115913617,0.02807037845805465,Early,-0.0005746292188750349,Slow,0.345,Mid-life
CS2_38,346,0.8962813012295421,0.00015090612426214682,0.00026236960496329336,-0.001434049206895668,0.0280710203032198,Early,-0.0007924776655789075,Slow,0.346,Mid-life
CS2_38,347,0.8966087850749201,0.0003051932397114148,-0.00012372701693710584,-0.0019575817442729787,0.027991491144993066,Early,-0.0011313874919921967,Slow,0.347,Mid-life
CS2_38,348,0.8957744605134268,0.00038718893454191657,-0.0003008618722386415,-0.00041036774204296556,0.027966682489694368,Early,-0.00039877833829244107,Slow,0.348,Mid-life
CS2_38,349,0.895568167868319,0.00042865325740977777,-0.000172003165451077,-0.0002430797799140175,0.02795927987488363,Early,-0.00033586651866189765,Slow,0.349,Mid-life
CS2_38,350,0.8952895252778764,0.0004881043890501406,-0.00027101706862802684,-0.00013326055750348002,0.027951832473357374,Early,-0.00031068247327681027,Slow,0.35,Mid-life
CS2_38,351,0.8949359527189347,0.0005234437008886659,-0.0003432025909851241,-5.827906285029082e-05,0.027947083176692856,Early,-0.0002908613818694783,Slow,0.351,Mid-life
CS2_38,352,0.8947759318568415,0.0005392503434312871,-5.6410077447066254e-05,9.549125041588955e-05,0.027903727158972567,Early,-0.0002218795465076988,Slow,0.352,Mid-life
CS2_38,353,0.8947355715076584,0.0006037920232097823,6.075822862014379e-05,0.00022081853169767359,0.02789601170937779,Early,-0.00019148674575605437,Slow,0.353,Mid-life
CS2_38,354,0.8948674838113293,0.0006901819183280923,8.246958368768857e-05,0.0002487573233701206,0.02789557737482174,Early,-0.00022071229747898583,Slow,0.354,Mid-life
CS2_38,355,0.8948701169712401,0.0007820975897989948,-0.0003822705428668482,0.00012919193459810202,0.027768743660814867,Early,-0.0003264528276004464,Slow,0.355,Mid-life
CS2_38,356,0.8948088456190526,0.0007874784703539591,-0.0003507296120893088,0.00010847460703806393,0.027768671932131554,Early,-0.0003395019316579476,Slow,0.356,Mid-life
CS2_38,357,0.8945500044387409,0.0007926104707806597,-0.00037705669333054637,0.00010564583416221891,0.027767662046776352,Early,-0.0003434823183092204,Slow,0.357,Mid-life
CS2_38,358,0.8834882167029046,0.0007244988244955135,-2.4926122301739013e-05,0.0016353908594328725,0.02784362382884425,Early,0.00045544601746867953,Medium,0.358,Mid-life
CS2_38,359,0.8779606046903219,0.0006238689720107612,3.10740955683007e-05,0.002402189595217081,0.027853299738012437,Early,0.0008891603116031598,Fast,0.359,Mid-life
CS2_38,360,0.878003303950666,0.0005022916319854817,-0.0032187997351687983,0.002390323936713203,0.02066548448226934,Early,0.0009440161523638606,Fast,0.36,Mid-life
CS2_38,361,0.8757724664562615,-0.0002407165401832373,0.00048060386618362,0.002727859622152543,0.004023723100682342,Early,0.0014842880811678902,Fast,0.361,Mid-life
CS2_38,362,0.8731618697716795,-0.00035417195556044085,0.0006725677009588683,0.0031011781713657927,0.003977041502276752,Early,0.0017276750634631168,Fast,0.362,Mid-life
CS2_38,363,0.8826184775592596,-0.0003872749539890789,0.00029923605262326797,0.0017414811513990016,0.0043615740900161595,Early,0.0010643780526940403,Fast,0.363,Mid-life
CS2_38,364,0.8856694964340502,-0.0004116687611153834,0.0003940933296184118,0.0012686440006700922,0.004250766914363869,Early,0.0008401563808927378,Fast,0.364,Mid-life
CS2_38,365,0.8867944433647067,-0.0003911493406761446,0.00044785589852611434,-0.0004723180945431623,0.00421955726306744,Early,-4.058437693350885e-05,Medium,0.365,Mid-life
CS2_38,366,0.8734074586434365,-0.00042574177454042755,0.0008993157659381185,0.0006504494352693417,0.004810153354556794,Early,0.0005380956049048846,Medium,0.366,Mid-life
CS2_38,367,0.8722694353192847,-0.0004531246664943499,0.0005308884795973618,0.0008191240901973222,0.0042973706201306534,Early,0.0006361243783458361,Medium,0.367,Mid-life
CS2_38,368,0.8709788883936007,-0.0005531668718983009,0.0005646635031336166,0.000684796866094398,0.004299150943629317,Early,0.0006189818689963495,Medium,0.368,Mid-life
CS2_38,369,0.8715825064123676,-0.0006447464419103493,0.0005107080166530834,0.00022562333704456705,0.0043031044699744685,Early,0.0004351848894774582,Medium,0.369,Mid-life
CS2_38,370,0.8704792624330534,-0.0007428648187868285,0.0005085062692973873,0.0017341735894580276,0.004302772545608339,Early,0.0012385192041224282,Fast,0.37,Mid-life
CS2_38,371,0.880130464459667,-0.0007870245796526749,8.952414210781509e-05,0.0007912902820547447,0.004637497660915257,Early,0.0007891574308537099,Medium,0.371,Mid-life
CS2_38,372,0.8819843930825173,-0.0008385949485253445,0.00035217720118092686,0.0006871500403127705,0.004262662172024714,Early,0.0007628724944190575,Medium,0.372,Mid-life
CS2_38,373,0.8731792865185122,-0.0008793958782362252,0.0006673329964647986,3.259601784633137e-05,0.004515703835086714,Early,0.0004559959480412783,Medium,0.373,Mid-life
CS2_38,374,0.8684612157032165,-0.000933939317791244,0.0008353382474882423,0.0005440313737240203,0.004567790419240512,Early,0.0007389853457576321,Medium,0.374,Mid-life
CS2_38,375,0.8701053752233888,-0.0009668638483600343,0.00078782658243851,0.00012478759574455607,0.004586232637486774,Early,0.0005458257220522952,Medium,0.375,Mid-life
CS2_38,376,0.8658446207615872,-0.0010140713527543544,0.0009548306402634029,0.0008196979501114818,0.004616269167004565,Early,0.0009168846514329181,Fast,0.376,Mid-life
CS2_38,377,0.8672201041787662,-0.001037406606986875,0.0009374579693798684,0.0004655940363267489,0.004624243468791754,Early,0.000751500321656812,Medium,0.377,Mid-life
CS2_38,378,0.8731614602613743,-0.001011575937121907,0.0007563653165659946,0.000995572028327531,0.004782642936393371,Early,0.001003573982724719,Fast,0.378,Mid-life
CS2_38,379,0.8769917845248058,-0.000953526297132276,0.0006058927738264853,0.0007132297939587933,0.004852971412103161,Early,0.0008333780455455346,Fast,0.379,Mid-life
CS2_38,380,0.878360265379027,-0.0008855565330495782,0.0005550936286868403,-0.0007401398372164041,0.00486551956668357,Early,7.270834791658708e-05,Medium,0.38,Mid-life
CS2_38,381,0.8729865882656117,-0.0008429832604506833,0.0007194495810407971,-0.0006464817946278797,0.00494133363234688,Early,9.825073291140179e-05,Medium,0.381,Mid-life
CS2_38,382,0.8721850117493163,-0.0007983720329918779,0.000733901321600593,-0.000297090932275352,0.004940883006056391,Early,0.000250640550358263,Medium,0.382,Mid-life
CS2_38,383,0.7451477022111543,-0.0014692328478847863,0.0048267170853447455,0.017242416935776123,0.023213003516397948,Middle,0.009355824891830455,Fast,0.383,Mid-life
CS2_38,384,0.8776208369469609,-0.0013334655488890412,0.0005520882116354018,-0.0014858189668849647,0.033875851799685164,Early,-7.617670899796175e-05,Slow,0.384,Mid-life
CS2_38,385,0.880263213088627,-0.001176640339576531,0.0004711055071839457,-0.001014536118178953,0.03388054185727432,Early,8.105211069878897e-05,Medium,0.385,Mid-life
CS2_38,386,0.8760701759530918,-0.0010375362314997767,0.0006064497102628484,0.0001316583673877103,0.03388696602104533,Early,0.0005845972994437435,Medium,0.386,Mid-life
CS2_38,387,0.8659874799133165,-0.0009488137339874491,0.0009297214743785846,0.001767540780815789,0.033929366024513435,Early,0.001358177257401619,Fast,0.387,Mid-life
CS2_38,388,0.8668094051106634,-0.0008452043228733177,0.0008948580428412092,0.0008824547364211867,0.03393063358836239,Early,0.0008638295296472523,Fast,0.388,Mid-life
CS2_38,389,0.8662517394727731,-0.0007360653136485184,0.000556015394520369,0.0008476103252204524,0.033878127096017216,Early,0.0007918378194344854,Medium,0.389,Mid-life
CS2_38,390,0.8650074759562154,-0.0006905286934200428,0.0004178428623905316,-0.01712282482072301,0.03386590711293289,Early,-0.008216148063651483,Slow,0.39,Mid-life
CS2_38,391,0.8667009720358041,-0.0006620286084655045,0.0003645913520923178,0.001559980701593831,0.03386795323168656,Early,0.0011110046550296677,Fast,0.391,Mid-life
CS2_38,392,0.7550420773745613,-0.0012635683683786443,0.003894528680054845,0.017888733673437955,0.039330993958877215,Middle,0.0095761510209083,Fast,0.392,Mid-life
CS2_38,393,0.8740555706907555,-0.0011573143033946477,-2.882906190567496e-05,0.0002878007517623317,0.04510556918620474,Early,0.0007225575275784898,Medium,0.393,Mid-life
CS2_38,394,0.8745989419835806,-0.001063133440203642,0.00025869469598964603,-0.0012302088671805838,0.04507186488379797,Early,-8.353771348847095e-05,Slow,0.394,Mid-life
CS2_38,395,0.8751912638936913,-0.0009089166730940669,0.0003380075013019018,-0.0011974083975754121,0.04506800977126672,Early,-0.00014424586224067262,Slow,0.395,Mid-life
CS2_38,396,0.8756984864813753,-0.0007306416306147204,0.0003579340930106912,-0.0013495352869431646,0.04506747793083254,Early,-0.0003094468281642221,Slow,0.396,Mid-life
CS2_38,397,0.8776141578234296,-0.000531022915074398,-0.00013569997354816312,-0.0018009545524591633,0.04500377251610553,Early,-0.0006349658186923827,Slow,0.397,Mid-life
CS2_38,398,0.8783664544992219,-0.0004047342449464191,-0.00019667803806249076,-0.0016664974947739727,0.04500326979707158,Early,-0.0006308816249137768,Slow,0.398,Mid-life
CS2_38,399,0.8786171174478757,-0.00028572237283902395,-0.000246394485621775,-0.017653577153330633,0.04500242335165161,Early,-0.008683927390245805,Slow,0.399,Mid-life
CS2_38,400,0.8788794580374282,-0.00017535251952354605,-0.00023538553629227774,-0.0006891267638103882,0.0450023747944328,Early,-0.00025688712214342105,Slow,0.4,Mid-life
CS2_38,401,0.8791054847832216,-6.294361114001652e-05,-0.00027826523710219967,-0.000643791828520146,0.04500169006975699,Early,-0.00029042410869006477,Slow,0.401,Mid-life
CS2_38,402,0.8792281496712367,4.073172016679284e-05,2.9106928659041314e-05,-0.0005766979682207804,0.044968065236841714,Early,-0.0003087148441937866,Slow,0.402,Mid-life
CS2_38,403,0.8793899477259937,0.00020049349430706107,8.369178569431112e-05,-0.0005273516063740555,0.044966730290836456,Early,-0.00036392255034055826,Slow,0.403,Mid-life
CS2_38,404,0.8795634812704991,0.0003727259828719935,-0.00020594176619312667,-0.000278474778152793,0.04493758915250286,Early,-0.00032560038051239324,Slow,0.404,Mid-life
CS2_38,405,0.8798881505060924,0.0004944339210915002,-0.0003686108000927684,-0.00021738514383863792,0.04492829674931354,Early,-0.00035590953246506906,Slow,0.405,Mid-life
CS2_38,406,0.8803840866321104,0.0005879636985754095,-0.0003315713357652132,-0.00025242416917638433,0.04492768341882067,Early,-0.0004201939338758969,Slow,0.406,Mid-life
CS2_38,407,0.8802433855156556,0.0006862679972649317,-0.0004644762823893041,-0.00019484678260392067,0.04491973884274832,Early,-0.00044055738993442617,Slow,0.407,Mid-life
CS2_38,408,0.8802974706534785,0.0007553926261319691,-0.0004218505314423342,-0.0001702836957509898,0.04491947250073154,Early,-0.00046283816094147947,Slow,0.408,Mid-life
CS2_38,409,0.8736509853280112,0.0007897746244809821,-1.579113118183577e-05,0.0007967377633179325,0.044924809519627094,Early,3.4815694184751563e-06,Medium,0.409,Mid-life
CS2_38,410,0.8640557869335164,0.0008032167104763024,0.0004172902448803027,0.0021905943989253274,0.044951515148384004,Early,0.0006936888442245125,Medium,0.41,Mid-life
CS2_38,411,0.8619937877833356,0.0008314480328523584,0.0005279508901835946,0.0025099562124519326,0.04495119497629093,Early,0.0008392540897997872,Fast,0.411,Mid-life
CS2_38,412,0.8612809766578844,0.0008694041933485139,0.0003776003744428167,0.00265816769260114,0.044942240798965756,Early,0.000894381749626313,Fast,0.412,Mid-life
CS2_38,413,0.860736859016478,0.0008780274333564076,0.0003692952494463961,0.002806746802233203,0.04494218362702977,Early,0.0009643596844383978,Fast,0.413,Mid-life
CS2_38,414,0.8627485395128334,0.0008977228010856131,-0.0037935753968283558,0.002499263714688893,0.03830477125375707,Early,0.0008007704568016399,Medium,0.414,Mid-life
CS2_38,415,0.869780486185263,0.000192460704841018,0.0002529145406999312,0.0015024263526022105,0.029978951824946896,Early,0.0006549828238805963,Medium,0.415,Mid-life
CS2_38,416,0.8716571886153252,0.0002534239850013535,0.00027761369268715586,0.00028482810181229556,0.029976802266914102,Early,1.570205840547103e-05,Medium,0.416,Mid-life
CS2_38,417,0.8615874366122965,0.00027534096700268014,0.00046718514002565313,0.00035262147445997663,0.030020938026150468,Early,3.864025372864825e-05,Medium,0.417,Mid-life
CS2_38,418,0.8586422671410786,0.0002620088789659266,0.00023694234749154435,0.00047878866317956667,0.029972065100430056,Early,0.00010838989210682002,Medium,0.418,Mid-life
CS2_38,419,0.861263819825595,0.00020897645763213692,0.0001788898479054333,2.4509760413460313e-06,0.029975926959272425,Early,-0.00010326274079539545,Slow,0.419,Mid-life
CS2_38,420,0.8598880897438863,0.00015483025681795184,0.00020527902351247777,0.00012125275322738549,0.029976631609432577,Early,-1.6788751795283175e-05,Medium,0.42,Mid-life
CS2_38,421,0.8578692628585893,8.837761011648282e-05,0.0002302649386330993,0.0006970395220348623,0.029977849263150162,Early,0.00030433095595918975,Medium,0.421,Mid-life
CS2_38,422,0.8653748447074475,6.0117282787550606e-05,4.277830091472821e-05,0.0006293773539736465,0.030008441131327186,Early,0.00028463003559304795,Medium,0.422,Mid-life
CS2_38,423,0.8684192753383256,5.926311064212195e-05,-0.003657328966573043,0.00046255903957135935,0.021711866950339803,Early,0.00020164796446461869,Medium,0.423,Mid-life
CS2_38,424,0.8698344316643933,-0.0006095364948460496,0.00013616577504393934,-0.0011781421502995437,0.003624127507763407,Early,-0.00028430282772674706,Slow,0.424,Mid-life
CS2_38,425,0.8590830597066653,-0.0006616630724446929,0.0005005123315133951,-6.297036651238739e-05,0.004091188240762344,Early,0.00029934635296615276,Medium,0.425,Mid-life
CS2_38,426,0.8592045759294625,-0.0007043242399373982,0.0005156996117493146,0.0002941776994474906,0.004087868716194965,Early,0.0004992509696924444,Medium,0.426,Mid-life
CS2_38,427,0.8588788790455675,-0.0007396102696476197,0.0005425679818002514,0.00014417295690268998,0.004083656332452074,Early,0.00044189161327515486,Medium,0.427,Mid-life
CS2_38,428,0.8587801662879906,-0.0007664096755299652,0.0006075481140464182,-0.00013012906134303646,0.004059189751616344,Early,0.0003181403070934644,Medium,0.428,Mid-life
CS2_38,429,0.857561187764698,-0.0007823466436460787,0.0006711376365975444,0.0011162367061070702,0.004052612161857203,Early,0.0009492916748765744,Fast,0.429,Mid-life
CS2_38,430,0.8669683972220615,-0.0007329325810443045,0.00037576516857465165,0.0002072683023234426,0.004437449463071953,Early,0.00047010044168387355,Medium,0.43,Mid-life
CS2_38,431,0.8641933713332499,-0.0006935914309596092,0.00047374473239284706,0.0008058657615919174,0.004456382708437932,Early,0.0007497285962757632,Medium,0.431,Mid-life
CS2_38,432,0.8644369842276781,-0.0006459920823023871,0.0004731774372755959,-0.0007648463601446855,0.00445647587670077,Early,-5.942713892114919e-05,Medium,0.432,Mid-life
CS2_38,433,0.8626810974416519,-0.0006017081039047235,0.000533775878373705,-0.0004966459303127653,0.004460873588144935,Early,5.2531086795979125e-05,Medium,0.433,Mid-life
CS2_38,434,0.859445673890289,-0.0005690446192945467,0.0006433636721195041,-8.097069210307886e-05,0.0044848804447614465,Early,0.00024403696359573393,Medium,0.434,Mid-life
CS2_38,435,0.8579692116887669,-0.0005365398665169305,0.0006965893413461988,0.00011585065703194937,0.004484653416870578,Early,0.00032619526177443995,Medium,0.435,Mid-life
CS2_38,436,0.8580229081455206,-0.0004948282462168357,0.0007053303987281208,-6.596005440322778e-05,0.004482860244653026,Early,0.00021443409590680393,Medium,0.436,Mid-life
CS2_38,437,0.8579697274792822,-0.0004435589590598719,0.000723043843639619,0.001285524248968471,0.004479038626211279,Early,0.0008645416040141715,Fast,0.437,Mid-life
CS2_38,438,0.8570508305981502,-0.00038647645069742254,0.0007481469328227543,0.001020362962157097,0.004477846620476878,Early,0.0007034197064272597,Medium,0.438,Mid-life
CS2_38,439,0.8553270016797939,-0.0003314861932961482,0.0008054989991511162,0.0013014260782691714,0.0044786148256365016,Early,0.0008164561357826598,Fast,0.439,Mid-life
CS2_38,440,0.8626947657874707,-0.00022517294019144634,0.00035342643679162875,-1.952620831262892e-06,0.004575621537346111,Early,0.00011161015968009172,Medium,0.44,Mid-life
CS2_38,441,0.8654406536786299,-0.00013700596299995543,-4.467312081011326e-05,-0.0008564256840486926,0.004271501660171262,Early,-0.0003597098605243686,Slow,0.441,Mid-life
CS2_38,442,0.8666343062862144,-9.70826905160134e-05,-0.00014969414525415586,-0.0012378706567782091,0.004257980612552576,Early,-0.0005703939831310979,Slow,0.442,Mid-life
CS2_38,443,0.86741485291298,-6.61414681111896e-05,-0.0001978669759708274,-0.001341706395351345,0.004256344625565643,Early,-0.0006377824636200777,Slow,0.443,Mid-life
CS2_38,444,0.8677714977378446,-3.947240623210728e-05,-0.00022692382972150192,-0.0014002528940803322,0.0042541845401795255,Early,-0.0006803902439241125,Slow,0.444,Mid-life
CS2_38,445,0.8681612878704134,-1.625888508188064e-05,-0.00017460478572838673,-0.001587208181751874,0.00424145767544323,Early,-0.0007854746483349967,Slow,0.445,Mid-life
CS2_38,446,0.8684962847678934,1.8303885059126584e-05,4.1425852173213665e-05,-0.0018813261554427863,0.0040466230280066665,Early,-0.0009498150202509564,Slow,0.446,Mid-life
CS2_38,447,,,,,,,,,0.447,Mid-life
CS2_38,448,0.8620041807215026,,,,,Early,,,0.448,Mid-life
CS2_38,449,0.7538917831758646,,,,,Middle,,,0.449,Mid-life
CS2_38,450,0.8658510649581384,,,,,Early,,,0.45,Mid-life
CS2_38,451,0.867779326091431,,,,,Early,,,0.451,Mid-life
CS2_38,452,0.8686412828898717,,,,,Early,,,0.452,Mid-life
CS2_38,453,0.86245236510437,,,,,Early,,,0.453,Mid-life
CS2_38,454,0.863823615966822,,,,,Early,,,0.454,Mid-life
CS2_38,455,0.8639355870938316,,,-0.0002759151960469878,,Early,,,0.455,Mid-life
CS2_38,456,0.8662698420406042,,,-0.016054008409248515,,Early,,,0.456,Mid-life
CS2_38,457,0.8652585994211635,,,8.463793385355649e-05,,Early,,,0.457,Mid-life
CS2_38,458,0.8704899844333608,,,-0.00038723690598996274,,Early,,,0.458,Mid-life
CS2_38,459,0.8715475804688501,,,-0.0004151853684254731,,Early,,,0.459,Mid-life
CS2_38,460,0.8676465930366396,,,-0.0007420325617528066,,Early,,,0.46,Mid-life
CS2_38,461,0.7482848616849724,,,0.01650553632597851,,Middle,,,0.461,Mid-life
CS2_38,462,0.862996096372598,,,0.00013421296017622288,,Early,,,0.462,Mid-life
CS2_38,463,0.863866476578312,,,0.00034333792318460725,,Early,,,0.463,Mid-life
CS2_38,464,0.8643673879275339,,,0.0001273159276613692,,Early,,,0.464,Mid-life
CS2_38,465,0.8632084865264905,,,0.001040213986695753,,Early,,,0.465,Mid-life
CS2_38,466,0.8686596195284159,,,0.0004125658486334568,,Early,,,0.466,Mid-life
CS2_38,467,0.8697196967796116,,,-0.00029615767756742607,,Early,,,0.467,Mid-life
CS2_38,468,0.863501142462856,,,-0.0164594686825548,,Early,,,0.468,Mid-life
CS2_38,469,0.860093810229853,,,0.0004146123061064306,,Early,,,0.469,Mid-life
CS2_38,470,0.8610106298049237,,,0.00040797811048403395,,Early,,,0.47,Mid-life
CS2_38,471,0.8605067755358029,,,0.0005515160559615666,,Early,,,0.471,Mid-life
CS2_38,472,0.7442214603592328,,,0.016998146595322536,,Middle,,,0.472,Mid-life
CS2_38,473,0.8579659761300946,,,0.00152766334261732,,Early,,,0.473,Mid-life
CS2_38,474,0.8658411950877174,,,0.0005540716702705982,,Early,,,0.474,Mid-life
CS2_38,475,0.8664961589012291,,,-0.00042785949119615384,,Early,,,0.475,Mid-life
CS2_38,476,0.8593918498156969,,,0.00010028005916514917,,Early,,,0.476,Mid-life
CS2_38,477,0.8575770761718198,,,0.0004905076618719909,,Early,,,0.477,Mid-life
CS2_38,478,0.859002827308169,,,0.00021484974680484128,,Early,,,0.478,Mid-life
CS2_38,479,0.8587187903145153,0.00012422268621244952,0.00010598033570927056,-0.016356761422183213,0.05111637880242771,Early,-0.00824049205419783,Slow,0.479,Mid-life
CS2_38,480,0.8600433067687905,0.00021539501535423157,-0.0034242426965459967,-0.0002967615198136946,0.04702369931015564,Early,-0.0002560782675839631,Slow,0.48,Mid-life
CS2_38,481,0.863317277238435,-0.00032801738544198573,8.173508773236651e-05,0.00036055969275462985,0.04249547759853207,Early,0.00034428853909830776,Medium,0.481,Mid-life
CS2_38,482,0.8654951741016893,-0.00022199428157347102,7.368232224973371e-05,0.00014299782850568654,0.04249589483362192,Early,0.00018249605503957878,Medium,0.482,Mid-life
CS2_38,483,0.8661698814711436,-0.00010034428482286206,7.97226264105854e-05,-0.0009682902364923798,0.04249577071773559,Early,-0.0004339729758347589,Slow,0.483,Mid-life
CS2_38,484,0.8665967259626938,2.953438546642976e-05,-0.0001336890599459295,-0.0012885213986962851,0.04248067730572715,Early,-0.0006590278920813574,Slow,0.484,Mid-life
CS2_38,485,0.8668871671176054,0.00012437979012798125,-9.882423067043173e-05,-0.00112633425849091,0.04248007127283646,Early,-0.0006253570243094456,Slow,0.485,Mid-life
CS2_38,486,0.8672383961518192,0.00022788900976300204,-0.0001065422276770204,-0.0012170865481862764,0.04248009547584615,Early,-0.0007224877789746392,Slow,0.486,Mid-life
CS2_38,487,0.8683226415883379,0.00033698420728535736,-6.621934024947552e-05,-0.0011827621170782082,0.04247850363996796,Early,-0.0007598731621817828,Slow,0.487,Mid-life
CS2_38,488,0.8687990433371985,0.0004612965526209799,-0.00011420786825919451,-0.0007831094426804995,0.042478086146542846,Early,-0.0006222029976507397,Slow,0.488,Mid-life
CS2_38,489,0.86893151929151,0.0005793180888563167,5.027306909196007e-05,-0.0004909064556886746,0.04246748177082188,Early,-0.0005351122722724957,Slow,0.489,Mid-life
CS2_38,490,0.8690810164829023,0.0007284841043062956,7.956658019186454e-05,-0.00041587643025123696,0.042467005298801555,Early,-0.0005721802672787663,Slow,0.49,Mid-life
CS2_38,491,0.869050790502819,0.0008843916153005234,-4.529669245739899e-05,-0.00035058064858931433,0.04246108494165656,Early,-0.0006174861319449188,Slow,0.491,Mid-life
CS2_38,492,0.8690250120380162,0.001017473221283815,-0.003894843559775605,-0.00030540641720154326,0.03622655075789522,Early,-0.0006614398192426791,Slow,0.492,Mid-life
CS2_38,493,0.868820929051217,0.0004269440235283396,-0.00018789782834254827,-0.00022607612848540054,0.029822493303061748,Early,-0.0003265100760068701,Slow,0.493,Mid-life
CS2_38,494,0.8687394769766337,0.000485585206206726,-0.0001571935612361847,-5.954791261367617e-05,0.02982225720620819,Early,-0.00027256655941020107,Slow,0.494,Mid-life
CS2_38,495,0.8688086628263197,0.0005477785419131104,-0.00014326693221889915,-1.3742127316085373e-06,0.029822192148999678,Early,-0.00027457637732235946,Slow,0.495,Mid-life
CS2_38,496,0.7625870643482812,7.658121976003879e-06,0.003245852328329334,0.015192064991889838,0.035419680630171785,Middle,0.0075922034349569165,Fast,0.496,Mid-life
CS2_38,497,0.8688212092097751,0.00010144081634066387,-5.212570366427881e-06,3.711532473244754e-05,0.04050481181164717,Early,-3.216274580410816e-05,Medium,0.497,Mid-life
CS2_38,498,0.8672660645542417,0.00021730057437382216,7.91494266248346e-05,0.00025496084979675134,0.04050526498565484,Early,1.8830137711464595e-05,Medium,0.498,Mid-life
CS2_38,499,0.8654235795231471,0.00032961425896011734,-6.201409871906609e-05,0.0005144903592670154,0.0404907784009417,Early,9.243805015344902e-05,Medium,0.499,Mid-life
CS2_38,500,0.8694394372157997,0.0004287079161513094,-0.00030147183825634724,-8.83583092261077e-05,0.04049152711384655,Early,-0.00025853311268870854,Slow,0.5,Mid-life
CS2_38,501,0.8710000567609671,0.0005138830712723119,-0.0003222395792272076,-0.000322939969190496,0.040492018337025676,Early,-0.0004184115202314039,Slow,0.501,Mid-life
CS2_38,502,0.8712847714920401,0.0006022233124597492,-0.00034767728891087695,-0.00035372980938862063,0.040491729767883615,Early,-0.0004779765609241849,Slow,0.502,Mid-life
CS2_38,503,0.8621870469232954,0.000632058250148961,-0.0038053415020665366,-0.014228568939287747,0.03430391006698797,Early,-0.007430313594718354,Slow,0.503,Mid-life
CS2_38,504,0.8625267277903772,-4.013134235286517e-05,-0.00014712102129943807,0.0008992116313425605,0.027576122673785064,Early,0.0004696714868477128,Medium,0.504,Mid-life
CS2_38,505,0.8629759063122391,-6.516495616078877e-05,9.242867017671981e-05,0.0006128797488575184,0.027538981515247463,Early,0.0003390223525091536,Medium,0.505,Mid-life
CS2_38,506,0.862372346142892,-4.7832001056053965e-05,0.00013302621801087304,0.0004358904828935766,0.02753877064177667,Early,0.0002418612419748153,Medium,0.506,Mid-life
CS2_38,507,0.8595776323499182,-4.114505472087949e-05,-5.992984974880695e-06,0.001408829266554501,0.027513271544981326,Early,0.0007249871606376903,Fast,0.507,Mid-life
CS2_38,508,0.8658155541379757,-3.944886558694717e-05,-0.0002657573537469663,0.0007406432318559165,0.027533514895717263,Early,0.00039004604872143185,Medium,0.508,Mid-life
CS2_38,509,0.8666290167884663,-4.646191338986375e-05,-0.0002460061122676533,0.0006651078147962604,0.027532874639503952,Early,0.00035578486409306207,Medium,0.509,Mid-life
CS2_38,510,0.8638096021799138,-6.41890276515069e-05,-0.00016421973759350012,-0.0002317936080883376,0.027538266755309265,Early,-8.380229021841535e-05,Medium,0.51,Mid-life
CS2_38,511,0.8575351312175494,-0.00012104652504500845,8.090888874971143e-05,0.0007130852246896817,0.027561405259716037,Early,0.00041706587486734506,Medium,0.511,Mid-life
CS2_38,512,0.8591580808164729,-0.00016023763703679655,0.00013416762651490493,0.0005454036422523068,0.027556301023938926,Early,0.0003528206396445516,Medium,0.512,Mid-life
CS2_38,513,0.8589102175920357,-0.0001807103257431554,0.00021241795192431057,0.0004945897929794814,0.027552960670695043,Early,0.00033765005936131837,Medium,0.513,Mid-life
CS2_38,514,0.8592234723135644,-0.00018461490371866389,0.00022407771476061803,5.059429090768587e-05,0.027552649223863312,Early,0.00011760459731317488,Medium,0.514,Mid-life
CS2_38,515,0.857323517898927,-0.00019293477496497624,0.0002991357439924757,0.0012131480341498152,0.02755398615787552,Early,0.0007030414045573957,Medium,0.515,Mid-life
CS2_38,516,0.8631396210976466,-0.00016238408269849186,0.00012088858128899185,0.0004984850986885185,0.02757579144133325,Early,0.0003304345906935052,Medium,0.516,Mid-life
CS2_38,517,0.8641637122667847,-0.00012299072289432105,9.918335113014556e-05,-5.058715526727399e-05,0.02757644023886801,Early,3.620178381352353e-05,Medium,0.517,Mid-life
CS2_38,518,0.8581604724788504,-0.00011458397701891653,0.00032781190675766224,-8.933446590014034e-05,0.027595675183283944,Early,1.2624755559388099e-05,Medium,0.518,Mid-life
CS2_38,519,0.8548351121987836,-0.00011518570290506219,0.00045044939156177016,0.0006175669453841895,0.02760042932199473,Early,0.0003663763241446258,Medium,0.519,Mid-life
CS2_38,520,0.8559816721525204,-0.0001014473123950544,0.0004177370044835359,0.000418363634216466,0.027601744163811205,Early,0.0002599054733057602,Medium,0.52,Mid-life
CS2_38,521,0.8551049490177381,-8.71905876322348e-05,0.0004508408859730358,0.0005883604708323276,0.02760165657365113,Early,0.00033777552923228117,Medium,0.521,Mid-life
CS2_38,522,0.8546591653040958,-6.949411713250345e-05,0.00046424597415236024,0.00038062179926160296,0.027601546397729982,Early,0.0002250579581970532,Medium,0.522,Mid-life
CS2_38,523,0.8574057565176831,-3.108823082704742e-05,0.00037481469420429193,0.0008191235114233571,0.02760750513387125,Early,0.00042510587112520225,Medium,0.523,Mid-life
CS2_38,524,0.8606926373954076,3.0105904349616962e-05,0.00026220295663901346,0.0004958678387681571,0.02761534352079222,Early,0.0002328809672092701,Medium,0.524,Mid-life
CS2_38,525,0.8614305766008682,9.731289254863964e-05,0.00023577097986340263,-0.0004671577317168258,0.027615914426572095,Early,-0.00028223531213273273,Slow,0.525,Mid-life
CS2_38,526,0.8531762255520999,0.00011983657868164302,0.000504272170136123,0.00023698380666909675,0.027653288916246244,Early,5.857361399372686e-05,Medium,0.526,Mid-life
CS2_38,527,0.8515799876890477,0.00013941419849021553,-0.0028707394626053735,0.0006288120662103809,0.019504750818530724,Early,0.0002446989338600827,Medium,0.527,Mid-life
CS2_38,528,0.8520066344898679,-0.0004747379010331604,0.0005424056361260392,0.0004426163611243198,0.003530357888651074,Early,0.0004586771310787401,Medium,0.528,Mid-life
CS2_38,529,0.8523996619917183,-0.0004768900935361156,0.00047956137298462456,0.0003227861874824933,0.003529068659241968,Early,0.00039983814050930446,Medium,0.529,Mid-life
CS2_38,530,0.8506147006640964,-0.0004925705998867329,0.0004777057696467964,0.0009701508362266782,0.0035283431874458776,Early,0.0007313607180567056,Fast,0.53,Mid-life
CS2_38,531,0.8561659633306236,-0.000481750031380924,0.0004281765769411674,0.0006466677235405742,0.0036035004736029892,Early,0.0005642088774607491,Medium,0.531,Mid-life
CS2_38,532,0.857769913410745,-0.0004341330939736745,0.00042677881774910004,0.0005229518843033068,0.00360430593442106,Early,0.00047854248913849066,Medium,0.532,Mid-life
CS2_38,533,0.8583958322813277,-0.00036924288354797544,0.00041577223260362697,-0.0007456581041753888,0.0036070709813165406,Early,-0.00018820761031370666,Slow,0.533,Mid-life
CS2_38,534,0.8587387262658422,-0.000296062030049563,0.00011123615024042426,-0.0010226769395420712,0.003228276635194865,Early,-0.0003633074547462541,Slow,0.534,Mid-life
CS2_38,535,0.8589813498372545,-0.0002719302032378166,0.00011436703074589381,-0.000996387906769512,0.0032278717842754885,Early,-0.00036222885176584766,Slow,0.535,Mid-life
CS2_38,536,0.8592968752774897,-0.00024277598796694307,0.0001186784204757879,-0.0009853161836816155,0.003227183164866194,Early,-0.0003712700978573362,Slow,0.536,Mid-life
CS2_38,537,0.8599128393213623,-0.00020622120788533078,7.933892972676559e-05,-0.00132830552246656,0.0032285081651148868,Early,-0.0005610421572906145,Slow,0.537,Mid-life
CS2_38,538,0.8599592460063702,-0.0001719304938542215,-1.2310117950062942e-05,-0.000541897525106662,0.0031889398159468496,Early,-0.00018498351562622024,Slow,0.538,Mid-life
CS2_38,539,0.8597416660462186,-0.0001548949729425737,0.00019593187392764934,-0.0002816789479247937,0.0029722629803476254,Early,-6.339198749111002e-05,Medium,0.539,Mid-life
CS2_38,540,0.859653975751907,-0.00010068845633999682,0.00022500132375997468,-0.0001797347815113426,0.0029664628748936033,Early,-3.9523162585672885e-05,Medium,0.54,Mid-life
CS2_38,541,0.8594552375419342,-4.043235400994644e-05,0.0001404633754186954,-0.00010235875372742256,0.002927144356402079,Early,-3.096319985873806e-05,Medium,0.541,Mid-life
CS2_38,542,0.8591184248591138,3.486813430704782e-06,-5.1073988437561235e-05,-1.958214597990488e-05,0.002697656038464773,Early,-1.1534479705304832e-05,Medium,0.542,Mid-life
CS2_38,543,0.858943621404978,1.0181989999908225e-05,6.918045532093352e-06,5.0464838930230904e-05,0.002682016749786526,Early,2.014142446516134e-05,Medium,0.543,Mid-life
CS2_38,544,0.8589661439216071,2.6305054106705762e-05,-1.804075147464827e-06,0.00013524219996503234,0.002681646690713646,Early,5.4468572929163294e-05,Medium,0.544,Mid-life
CS2_38,545,0.8589317136776808,4.0803677198396394e-05,9.411568899470931e-06,0.00014679033266990732,0.002681027670654159,Early,5.2993327735755464e-05,Medium,0.545,Mid-life
CS2_38,546,0.8587859939375229,5.636115323991733e-05,-4.717664640631739e-05,0.00013652458695653395,0.0026582101734119426,Early,4.008171685830831e-05,Medium,0.546,Mid-life
CS2_38,547,0.858756916648434,6.0422123619282276e-05,0.00014137756287782666,0.00012815130049614876,0.0024331434229038903,Early,3.386458843843324e-05,Medium,0.547,Mid-life
CS2_38,548,0.8579131389518918,9.434150665734888e-05,0.00020163139725460873,0.0002202997985774851,0.0024264384724242,Early,6.29791459600681e-05,Medium,0.548,Mid-life
CS2_38,549,0.8556693606233654,0.00012362211489497842,8.035844695112924e-05,0.0004927234622497746,0.002211213038139716,Early,0.00018455067367739811,Medium,0.549,Mid-life
CS2_38,550,0.8595748869799718,0.00014189706098814735,-0.00015289596068348852,-9.018079642767305e-05,0.002238708687259751,Early,-0.00011603892870791019,Slow,0.55,Mid-life
CS2_38,551,0.8607606668692573,0.0001462778462168339,-0.00015416111989473963,-0.0002563604210928938,0.002239299957961412,Early,-0.00020131913365486386,Slow,0.551,Mid-life
CS2_38,552,0.8608524788129006,0.00015594300450000743,-0.00018540418694072466,-0.0002743950193171101,0.002231179315359377,Early,-0.00021516901190855877,Slow,0.552,Mid-life
CS2_38,553,0.8521636615577862,0.00010915163571626077,8.050012084869611e-05,0.0009460474828195199,0.002741692810579407,Early,0.00041844792355162955,Medium,0.553,Mid-life
CS2_38,554,0.8503551560514792,5.046657955608968e-05,0.0002274387247162575,0.0012002515138506936,0.002706970149286905,Early,0.000574892467147302,Medium,0.554,Mid-life
CS2_38,555,0.848354522835638,-1.3955479269422678e-06,0.0003980036954764397,0.0013655165880362657,0.0026440028581830545,Early,0.000683456067981604,Fast,0.555,Mid-life
CS2_38,556,0.8481531992745425,-3.120333048053075e-05,0.000428302494397604,0.0010737373355461338,0.002635921038838718,Early,0.0005524703330133323,Medium,0.556,Mid-life
CS2_38,557,0.8465482644049257,-6.107015096230145e-05,0.000213805198295943,0.0018609460821494364,0.0022147500812337113,Early,0.0009610081165558689,Fast,0.557,Mid-life
CS2_38,558,0.8538921129951613,-9.368067634144789e-05,-7.458468729398636e-05,0.0009812219820137167,0.0025805833828486326,Early,0.0005374513291775823,Medium,0.558,Mid-life
CS2_38,559,0.8553310181168831,-0.00012803269101561583,-0.00010723818151661769,0.0007887800994310792,0.002591567650540357,Early,0.00045840639522334755,Medium,0.559,Mid-life
CS2_38,560,0.8531168444590229,-0.00017375972398563392,-2.3134918300147318e-05,-0.00013616898589095618,0.0026240851732035825,Early,1.879536904733887e-05,Medium,0.56,Mid-life
CS2_38,561,0.8460685904868305,-0.0002575634405178152,0.00014664871539567473,0.0006123665092355259,0.0029006688754059868,Early,0.0004349649748766705,Medium,0.561,Mid-life
CS2_38,562,0.8464654361885059,-0.0003475877149770295,0.0003129202303908924,0.00026986952101886493,0.002704247012201052,Early,0.0003087286179979472,Medium,0.562,Mid-life
CS2_38,563,0.8454442132530281,-0.0004083172156190239,0.00039760323089409503,0.00038699800307348146,0.0026832415129022466,Early,0.00039765760934625265,Medium,0.563,Mid-life
CS2_38,564,0.8442434980825778,-0.00046223739028681496,0.0004565269096370916,0.00032925233176398346,0.002680070333621176,Early,0.0003957448610253992,Medium,0.564,Mid-life
CS2_38,565,0.8420758361261446,-0.0005197296630601402,0.0005375125851515382,0.0016880395527166803,0.0026930088507606934,Early,0.0011038846078884103,Fast,0.565,Mid-life
CS2_38,566,0.8507200472410177,-0.0005200507411193484,0.0002664936321366712,0.0006587101251236246,0.003156936005736089,Early,0.0005893804331214865,Medium,0.566,Mid-life
CS2_38,567,0.8518410584686106,-0.0005095955574553594,0.0002405102196412606,0.00018225514148747672,0.0031651900553525715,Early,0.000345925349471418,Medium,0.567,Mid-life
CS2_38,568,0.8453505836843045,-0.0005314922425685783,0.00046975018184057483,0.00010257240036085477,0.0033528707685715397,Early,0.0003170323214647166,Medium,0.568,Mid-life
CS2_38,569,0.8390811099802806,-0.000580173071411733,0.000673488258906115,0.001054903744032181,0.0035087313064191697,Early,0.0008175384077219569,Fast,0.569,Mid-life
CS2_38,570,0.8411059936065838,-0.0006094319296348751,0.0006011507238591877,0.0006197456637777599,0.0035414074677784877,Early,0.0006145887967063175,Medium,0.57,Mid-life
CS2_38,571,0.840374400012148,-0.0006372525611925074,0.0006219217980567428,0.000552728295775684,0.0035401836334276377,Early,0.0005949904284840957,Medium,0.571,Mid-life
CS2_38,572,0.8308951279331143,-0.0007123636403480326,0.0009212938583490303,0.0015972440275757568,0.0038793566556727514,Early,0.0011548038339618946,Fast,0.572,Mid-life
CS2_38,573,0.8310621563612195,-0.000777185640328391,0.0009050409192869139,0.002808270125685456,0.0038829408104045188,Early,0.0017927278830069235,Fast,0.573,Mid-life
CS2_38,574,0.8420268436552933,-0.0007713374332074672,0.000545702508054345,0.001402030687616748,0.004429714943083387,Early,0.0010866840604121075,Fast,0.574,Mid-life
CS2_38,575,0.8436922916385146,-0.0007508184900342973,0.0004927049123578235,0.00023689886368427615,0.0044465359926803,Early,0.0004938586768592867,Medium,0.575,Mid-life
CS2_38,576,0.8302040496461512,-0.0008012103971510019,0.0009266988397267612,0.0012681514763041976,0.005019912236129652,Early,0.0010346809367275996,Fast,0.576,Mid-life
CS2_38,577,0.8236611238304644,-0.000878442976882262,0.0011330603260341434,0.0024921242537313377,0.005117282826822922,Early,0.0016852836153068,Fast,0.577,Mid-life
CS2_38,578,0.8252966307470834,-0.0009343351712241312,0.0010793640613338915,0.0021539670378663794,0.005137944822488226,Early,0.0015441511045452554,Fast,0.578,Mid-life
CS2_38,579,0.8215459827426065,-0.0009994375767643023,0.0011731340712672685,0.0013355921700725398,0.005159980586785105,Early,0.001167514873418421,Fast,0.579,Mid-life
CS2_38,580,0.818951156841175,-0.0010707464337558344,0.00118445818652227,0.0017301427885777804,0.005162792987363696,Early,0.0014004446111668075,Fast,0.58,Mid-life
CS2_38,581,0.8269053160548752,-0.001096150192689287,0.0010538571266160192,0.002160218228631169,0.005343876784093499,Early,0.001628184210660228,Fast,0.581,Mid-life
CS2_38,582,0.8344012806883488,-0.0010447971036493975,0.0008503027800293063,0.0013272872785951018,0.005548301797670667,Early,0.0011860421911222495,Fast,0.582,Mid-life
CS2_38,583,0.8368107016994162,-0.0009633542051753523,0.0007755411972091751,-0.0009438074361807056,0.005576960151852466,Early,9.773384497323387e-06,Medium,0.583,Mid-life
CS2_38,584,0.8381322590662937,-0.0008650678311050413,0.0004526258868223382,-0.0020673050336899035,0.005390175993574602,Early,-0.0006011186012924311,Slow,0.584,Mid-life
CS2_38,585,0.8388995981852334,-0.0008066463795491155,0.00036953412471760476,-0.0019432810625928626,0.005388431407052113,Early,-0.0005683173415218735,Slow,0.585,Mid-life
CS2_38,586,0.7267778937402882,-0.001391356414935332,0.003921826745011282,0.013538298428902609,0.02078922846830803,Middle,0.0074648274219189705,Fast,0.586,Mid-life
CS2_38,587,0.8410790442834002,-0.0012934291161323817,0.00022819854810136381,-0.003161126777460737,0.029724098672729397,Early,-0.0009338488306641777,Slow,0.587,Mid-life
CS2_38,588,0.841329209026062,-0.0011926311452966534,0.00016835662512463517,-0.002060556138740978,0.02972310194276245,Early,-0.0004339624967221624,Slow,0.588,Mid-life
CS2_38,589,0.8417144869212543,-0.0010968499001664772,0.0003928266475453885,-0.001044743747557919,0.029690736471420356,Early,2.6053076304279033e-05,Medium,0.589,Mid-life
CS2_38,590,0.8405756694524187,-0.0009613488572153102,0.00047597898917627014,-0.0005378525361432145,0.029689045052466383,Early,0.00021174816053604788,Medium,0.59,Mid-life
CS2_38,591,0.84012552148854,-0.0008148210237175919,0.00041907493453170606,-0.0002847517746066127,0.029687292932691196,Early,0.0002650346245554896,Medium,0.591,Mid-life
CS2_38,592,0.839818469139676,-0.0006778561228202074,0.00020161681765014597,-0.0001312672792060773,0.02966179442508399,Early,0.000273294421807065,Medium,0.592,Mid-life
CS2_38,593,0.8395484880310664,-0.0005801810028631841,0.0002231273599174027,-0.016110084898682597,0.029661587745748015,Early,-0.007764951947909706,Slow,0.593,Mid-life
CS2_38,594,0.8390832050418336,-0.0004803591929500298,0.00020519381326433717,0.0002851198916523634,0.02966125718890294,Early,0.00038273954230119657,Medium,0.594,Mid-life
CS2_38,595,0.8393967633551243,-0.0003822264568758546,0.00015634628153076005,0.00027606366727682207,0.029660809953686657,Early,0.0003291450620763383,Medium,0.595,Mid-life
CS2_38,596,0.7293573743482992,-0.0009143631049733477,0.003636079412188561,0.01605101608185073,0.035631344945430535,Middle,0.008482689593412038,Fast,0.596,Mid-life
CS2_38,597,0.8391999454567282,-0.000793391412295979,0.00037161618658998474,0.00019653199938436078,0.04102195450506525,Early,0.0004949617058401699,Medium,0.597,Mid-life
CS2_38,598,0.827865738405088,-0.0006834808762299254,0.000773397421403953,0.0017513975833502846,0.0410678173802659,Early,0.001217439229790105,Fast,0.598,Mid-life
CS2_38,599,0.8237646815077109,-0.0005817138107716723,0.0006963194250514071,0.0022933982331378683,0.04105897096609443,Early,0.0014375560219547702,Fast,0.599,Mid-life
CS2_38,600,0.8331701106704754,-0.00045547178378752516,0.00019067739709049063,0.0009111967657987131,0.04108456007231837,Early,0.0006833342747931191,Fast,0.6,Mid-life
CS2_38,601,0.8364758653348697,-0.00034390228092521315,0.00014935897650690487,0.0003724771009948454,0.04108750649245342,Early,0.0003581896909600293,Medium,0.601,Mid-life
CS2_38,602,0.8379837902909653,-0.00021056274092989472,7.711644261879898e-05,0.0002018532948798565,0.041088417466649575,Early,0.0002062080179048756,Medium,0.602,Mid-life
CS2_38,603,0.8201580561059989,-0.00018178624010597167,0.0003463571557133988,-0.012971525965385675,0.04117932620104155,Early,-0.006394869862639852,Slow,0.603,Mid-life
CS2_38,604,0.691667281010272,-0.0009329945850964263,0.004496608882288629,0.02107609492092231,0.0471730407487047,Middle,0.011004544753009368,Fast,0.604,Mid-life
CS2_38,605,0.8164756809138064,-0.0009230174409038436,0.0008242310561769982,0.0016271510701830908,0.052542531881701326,Early,0.0012750842555434671,Fast,0.605,Mid-life
CS2_38,606,0.8147554302860924,-0.0008511488263776378,0.0009334471404007137,0.0012870358888026345,0.05254070303831012,Early,0.001069092357590136,Fast,0.606,Mid-life
CS2_38,607,0.8113578936285828,-0.0007785142709053648,0.0006079405166957564,0.0031160310059846603,0.05249156393959758,Early,0.0019472726384450125,Fast,0.607,Mid-life
CS2_38,608,0.8204403697496718,-0.0007240040611028812,0.00010389529292879314,0.0022907850835997,0.05250769237602073,Early,0.0015073945723512907,Fast,0.608,Mid-life
CS2_38,609,0.8262082234540409,-0.0006727170417859471,-2.940621635346804e-05,0.0016822238338463397,0.05251749988585448,Early,0.0011774704378161435,Fast,0.609,Mid-life
CS2_38,610,0.8278402696381222,-0.0006031985414008628,-0.00020304151275857095,-0.001097459076017612,0.052513483616773646,Early,-0.0002471302673083746,Slow,0.61,Mid-life
CS2_38,611,0.8119291353481001,-0.0006477020030613502,0.00022651682235725674,-0.017180264905404013,0.0525915383927709,Early,-0.008266281451171332,Slow,0.611,Mid-life
CS2_38,612,0.8075469505712766,-0.0007292735160487507,0.0006244634026967288,0.0012755329060756906,0.0525742440824988,Early,0.0010024032110622207,Fast,0.612,Mid-life
CS2_38,613,0.8067147269360349,-0.0007632833109460985,0.0008931146371714191,0.0011486719071510823,0.052552639851279614,Early,0.0009559776090485904,Fast,0.613,Mid-life
CS2_38,614,,,,,,,,,0.614,Mid-life
CS2_38,615,0.8118621958468736,,,,,Early,,,0.615,Mid-life
CS2_38,616,0.8084184500482127,,,,,Early,,,0.616,Mid-life
CS2_38,617,0.8073222530206545,,,,,Early,,,0.617,Mid-life
CS2_38,618,0.8061752934638381,,,,,Early,,,0.618,Mid-life
CS2_38,619,0.818837830278821,,,,,Early,,,0.619,Mid-life
CS2_38,620,0.8216472883867604,,,,,Early,,,0.62,Mid-life
CS2_38,621,0.8132555781715566,,,,,Early,,,0.621,Mid-life
CS2_38,622,0.8062795779215292,,,0.0007975168464777749,,Early,,,0.622,Mid-life
CS2_38,623,0.8065157584162398,,,0.0002718130902818393,,Early,,,0.623,Mid-life
CS2_38,624,0.8036525994429895,,,0.0005242362253807174,,Early,,,0.624,Mid-life
CS2_38,625,0.8028050749992585,,,0.00048145978065423326,,Early,,,0.625,Mid-life
CS2_38,626,0.8015911726679159,,,0.0024638082301292924,,Early,,,0.626,Mid-life
CS2_38,627,0.8128430567845721,,,0.0012577473717411772,,Early,,,0.627,Mid-life
CS2_38,628,0.8153984015932264,,,-0.00030611763166711804,,Early,,,0.628,Mid-life
CS2_38,629,0.8064017241157228,,,-1.7449456313370755e-05,,Early,,,0.629,Mid-life
CS2_38,630,0.7998041087052113,,,0.000958807101575492,,Middle,,,0.63,Mid-life
CS2_38,631,0.7995021414137164,,,0.000592922575610436,,Middle,,,0.631,Mid-life
CS2_38,632,0.7962320305865846,,,0.0009390063446676874,,Middle,,,0.632,Mid-life
CS2_38,633,0.7953173113180673,,,0.0008962659071212345,,Middle,,,0.633,Mid-life
CS2_38,634,0.7964402260542901,,,0.0023432615328974338,,Middle,,,0.634,Mid-life
CS2_38,635,0.8063462205052085,,,0.0012931687268596948,,Early,,,0.635,Mid-life
CS2_38,636,0.8087057037269217,,,-0.0003291399444569988,,Early,,,0.636,Mid-life
CS2_38,637,0.7962596624041525,,,0.0005063494715798399,,Middle,,,0.637,Mid-life
CS2_38,638,0.7929404018887902,,,0.0009373913607037464,,Middle,,,0.638,Mid-life
CS2_38,639,0.7957435012752191,,,6.97899016236514e-05,,Middle,,,0.639,Mid-life
CS2_38,640,0.7942129931476704,,,0.00015775973862813025,,Middle,,,0.64,Mid-life
CS2_38,641,0.7941534462545844,,,0.0003266828285293867,,Middle,,,0.641,Mid-life
CS2_38,642,0.7950319141555827,,,0.001616329478517975,,Middle,,,0.642,Mid-life
CS2_38,643,0.8042422205489623,,,0.0006376404539942022,,Early,,,0.643,Mid-life
CS2_38,644,0.8058436563334969,,,-0.0013691419899063417,,Early,,,0.644,Mid-life
CS2_38,645,0.7965745868476952,,,-0.0005191692798435708,,Middle,,,0.645,Mid-life
CS2_38,646,0.792039023437787,-0.0005773718809047696,0.0006394571744866644,0.0005292111196331582,0.005900349328190136,Middle,0.0005532915002689639,Medium,0.646,Mid-life
CS2_38,647,0.7929046232954239,-0.0005871400301751471,0.0005004460242835092,0.00018690997889235308,0.005882816164406807,Middle,0.0003870250045337501,Medium,0.647,Mid-life
CS2_38,648,0.7922697418020648,-0.0006143953115106146,0.00048556487801902415,0.0002691006360742313,0.00588184231189425,Middle,0.00044174797379242293,Medium,0.648,Mid-life
CS2_38,649,0.7914683629347862,-0.0006469144913619821,0.00047441711384038453,0.000509078745828078,0.005880874403698607,Middle,0.00057799661859503,Medium,0.649,Mid-life
CS2_38,650,0.7932198623533795,-0.0006706076820687061,0.000826386062111015,0.0015746225993689769,0.005373004473249307,Middle,0.0011226151407188415,Fast,0.65,Mid-life
CS2_38,651,0.8010707927482227,-0.0005683563311047,0.0006637579238237966,0.0006818376550391683,0.005559771832547641,Early,0.0006250969930719342,Medium,0.651,Mid-life
CS2_38,652,0.802324560653712,-0.00043547576502094313,0.00035261346831756555,-0.0008214248294309755,0.00537985875449651,Early,-0.00019297453220501617,Slow,0.652,Mid-life
CS2_38,653,0.8030454873067973,-0.000342172225218332,0.00010432550370102901,-0.001572351981287182,0.005239779219800324,Early,-0.000615089878034425,Slow,0.653,Mid-life
CS2_38,654,0.8032300805847695,-0.00028627070794216993,0.00010598960746678285,-0.0014750653270493772,0.005239675664416982,Early,-0.0005943973095536037,Slow,0.654,Mid-life
CS2_38,655,0.8032770431567696,-0.0002275559958839433,1.2114718910318718e-05,-0.0015724716221006923,0.005214640467537363,Early,-0.0006724578131083745,Slow,0.655,Mid-life
CS2_38,656,0.8034346364633455,-0.00018407614876237737,-2.0308434325386832e-05,-0.0017094676469370399,0.005212397268337286,Early,-0.0007626957490873312,Slow,0.656,Mid-life
CS2_38,657,0.8034102329943302,-0.0001457812151714657,-5.8679365368203986e-05,-0.0014557672344215344,0.005207384625863826,Early,-0.0006549930096250344,Slow,0.657,Mid-life
CS2_38,658,0.8053206218240272,-0.00010419578290092199,0.00024265919227564335,-0.0006071184394006446,0.0047917696169943545,Early,-0.0002514613282498613,Slow,0.658,Mid-life
CS2_38,659,0.8051936539674254,3.3568916685159102e-06,0.00032918540728390437,-0.00040987047338761747,0.004763696567456984,Early,-0.0002066136825280667,Slow,0.659,Mid-life
CS2_38,660,0.8053308113264537,0.00012994861727348448,3.454557384738948e-05,-0.0003264748599509172,0.004483990093720624,Early,-0.00022821173861220083,Slow,0.66,Mid-life
CS2_38,661,0.6882820837262861,-0.0004592341680873495,0.003597484676739525,0.016421142408354777,0.02149333178596481,Middle,0.008440188288221063,Fast,0.661,Mid-life
CS2_38,662,0.8047501493358827,-0.0003832725241722182,-0.00016929057813439634,-0.00021044373987330216,0.030454298436689575,Early,8.641439214945802e-05,Medium,0.662,Mid-life
CS2_38,663,0.8048947207458341,-0.00031012893160831557,-0.0002794416180403057,-0.0002085834689269531,0.030447618295656533,Early,5.077273134068123e-05,Medium,0.663,Mid-life
CS2_38,664,0.8048300304743672,-0.0002591085454914532,-0.00030686190826773935,-0.0002028282114338507,0.030446889767173562,Early,2.8140167028801243e-05,Medium,0.664,Mid-life
CS2_38,665,0.7989494882976209,-0.000250184666543893,-8.094394333325201e-05,0.0009101619323437544,0.030466609435682475,Middle,0.0005801732994438237,Medium,0.665,Mid-life
CS2_38,666,0.7950733903082081,-0.0002578236918000701,0.00036363968377420736,0.0014457519513167507,0.030418978717201728,Middle,0.0008517878215584104,Fast,0.666,Mid-life
CS2_38,667,0.7984267162945226,-0.00018599339998363418,0.00033158023975481257,0.0009862992902758747,0.0304224678811099,Middle,0.0005861463451297545,Medium,0.667,Late-life
CS2_38,668,0.8041130268387144,-6.468041359095968e-05,-0.0002533343365987733,-0.016547277587489768,0.0303560238528039,Early,-0.008241298586949403,Slow,0.668,Late-life
CS2_38,669,0.8043225140180443,-1.577210229281817e-05,-0.0003671649073952938,6.109075969120057e-05,0.03034879587605448,Early,3.843143099200937e-05,Medium,0.669,Late-life
CS2_38,670,0.7921911405181945,-5.882381275605698e-05,0.00011459228248466407,0.0018147971753770889,0.030427272432054463,Middle,0.000936810494066573,Fast,0.67,Late-life
CS2_38,671,0.7873004163869866,-0.00011243484242276737,0.00022298634711883218,0.0025042305839115186,0.03043846777786252,Middle,0.001308332713167143,Fast,0.671,Late-life
CS2_38,672,0.7871173044772932,-0.00017324841381109667,0.0002269723153964894,0.0016903119743325273,0.03043845375228985,Middle,0.000931780194071812,Fast,0.672,Late-life
CS2_38,673,0.786601375464439,-0.0002347525038082043,0.0002719528610046368,0.0012102878348241625,0.030437796012017494,Middle,0.0007225201693161834,Fast,0.673,Late-life
CS2_38,674,0.7843544478249944,-0.00030094155980780373,0.0006415410556118681,0.002010324067075448,0.030388339654348985,Middle,0.0011556328134416259,Fast,0.674,Late-life
CS2_38,675,0.7889483587353395,-0.0002814073236770028,0.0005450095999405591,0.0021663811576249875,0.030400452711894947,Middle,0.0012238942406509951,Fast,0.675,Late-life
CS2_38,676,0.7947889248843041,-0.0002133956947429141,5.7601998819068984e-05,0.0013619413048200357,0.030377034943160148,Middle,0.0007876684997814749,Fast,0.676,Late-life
CS2_38,677,0.7954641476129479,-0.00019355817239700686,-0.00011048787661809493,-0.0004675724421076317,0.030365845161644027,Middle,-0.0001370071348553124,Slow,0.677,Late-life
CS2_38,678,0.7839944763128156,-0.000265915027683361,0.00028742409621317034,0.0004722771534529935,0.03043635880094803,Middle,0.00036909609056817727,Medium,0.678,Late-life
CS2_38,679,0.7786761617686204,-0.0003603052153227134,0.00043850258172401137,0.0012058775298104,0.030449761727521972,Middle,0.0007830913725665567,Fast,0.679,Late-life
CS2_38,680,0.7824199518094781,-0.0004320481659680751,0.0002918842298486476,0.000597346236422983,0.03045889753153356,Middle,0.000514697201195529,Medium,0.68,Late-life
CS2_38,681,0.7790762077055888,-0.0005240260854285991,0.00045624692412227935,0.0007540343027722266,0.030461250865701797,Middle,0.0006390301941004129,Medium,0.681,Late-life
CS2_38,682,0.7796679919926739,-0.0005975052687872797,0.000690412927598348,0.0013257666775236623,0.030423140018892843,Middle,0.000961635973155471,Fast,0.682,Late-life
CS2_38,683,0.7794500450792683,-0.0006197696263696305,0.000737887599175605,0.002191268543576541,0.030421153262228526,Middle,0.001405519084973086,Fast,0.683,Late-life
CS2_38,684,0.7880584420101884,-0.0005776138701181301,0.00048345307408415744,0.0010579579432513642,0.030466711355653136,Middle,0.0008177859066847472,Fast,0.684,Late-life
CS2_38,685,0.6666748672098777,-0.0012155475570430935,0.0044050068830610275,0.016759944157562563,0.03741045845739338,Middle,0.008987745857302828,Fast,0.685,Late-life
CS2_38,686,0.7848872717708294,-0.0011307141325757357,0.0005932184318045233,-0.0008873014288869964,0.04341699358156937,Middle,0.00012170635184436963,Medium,0.686,Late-life
CS2_38,687,0.7748977034230558,-0.0010956316678365917,0.0009205462271061195,0.0010746069123460497,0.04344938287835055,Middle,0.0010851192900913206,Fast,0.687,Late-life
CS2_38,688,0.7743840640658722,-0.001052111439440601,0.0009363280299502579,0.0006703062342452279,0.04344913537905314,Middle,0.0008612088368429144,Fast,0.688,Late-life
CS2_38,689,0.775175788704581,-0.0009935913404219053,0.0009724139715950374,0.0006417433268704079,0.043447156775679646,Middle,0.0008176673336461566,Fast,0.689,Late-life
CS2_38,690,0.7706385220601836,-0.000938946524764086,0.0011146816744271547,0.0012587890027263887,0.043451516624502556,Middle,0.0010988677637452373,Fast,0.69,Late-life
CS2_38,691,0.7688969232725542,-0.0008822517278299931,0.0011752867114161118,0.0027373598196620236,0.04345102260825708,Middle,0.0018098057737460083,Fast,0.691,Late-life
CS2_38,692,0.7795404992228844,-0.000750947233553892,-0.0029438198547289776,-0.016123661716143815,0.03778306233235347,Middle,-0.007686357241294962,Slow,0.692,Late-life
CS2_38,693,0.7816445418874193,-0.001306190038397641,0.0007453421757568858,0.00046324712620144607,0.031367625251061154,Middle,0.0008847185822995435,Fast,0.693,Late-life
CS2_38,694,0.7828226571632092,-0.0011845188362135488,0.0007120020510524168,-0.00113213624859335,0.03136915188558487,Middle,2.6191293810099358e-05,Medium,0.694,Late-life
CS2_38,695,0.6416829592133088,-0.0018558653751535573,0.005262808750356724,0.018957300693223354,0.04024848832502852,Middle,0.010406583034188455,Fast,0.695,Late-life
CS2_38,696,0.7664656864410834,-0.0017587820592241267,0.00104786457601734,0.0012443003233568093,0.04653276473646476,Middle,0.001501541191290468,Fast,0.696,Late-life
CS2_38,697,0.768378031535965,-0.0016723377656232966,0.000861140605556231,0.0003229272177455167,0.04653265123063407,Middle,0.0009976324916844068,Fast,0.697,Late-life
CS2_38,698,0.7686232323585558,-0.0015967378808617108,0.0009614027076118312,3.909870199977509e-05,0.04652661587811654,Middle,0.000817918291430743,Fast,0.698,Late-life
CS2_38,699,0.7665326030903717,-0.0015030385521606067,0.0012122717338175063,0.001858270876073233,0.04651054060458535,Middle,0.0016806547141169199,Fast,0.699,Late-life
CS2_38,700,0.7720328177618507,-0.0013320036059407338,0.0010416031050385032,0.001373103446509792,0.04652563620702438,Middle,0.0013525535262252628,Fast,0.7,Late-life
CS2_38,701,0.7765299083478796,-0.0011223903416785917,0.0005052010377520935,0.0008989641164756566,0.04648936054336652,Middle,0.0010106772290771242,Fast,0.701,Late-life
CS2_38,702,0.7776652942557727,-0.0009695133587599524,0.00031081039132947963,-0.019426047863209134,0.04648301001628831,Middle,-0.00922826725222459,Slow,0.702,Late-life
CS2_38,703,0.778456610645816,-0.0008363965290146392,0.0002793772203702346,-0.001712989172104654,0.04648342871475793,Middle,-0.0004382963215450074,Slow,0.703,Late-life
CS2_38,704,0.7786762083180643,-0.0006998976526596878,0.00025565055310886134,-0.0014711681117284745,0.04648349166460263,Middle,-0.00038563522953439334,Slow,0.704,Late-life
CS2_38,705,0.778866668541547,-0.0005623429108681097,0.00017702513817572445,-0.001463348026141596,0.04648207256916507,Middle,-0.00045050255763674313,Slow,0.705,Late-life
CS2_38,706,0.7790936990757754,-0.0004342532078768875,0.00031789224708271335,-0.0017944422836290957,0.046473748285151134,Middle,-0.0006800945378761041,Slow,0.706,Late-life
CS2_38,707,0.7790183348323476,-0.0002768775323795321,0.0005087287113534344,-0.0009979310100709832,0.04645976094963805,Middle,-0.00036052673884572555,Slow,0.707,Late-life
CS2_38,708,0.7792761822922177,-7.907077147567601e-05,0.0005221924297009739,-0.0003923248491911613,0.046459466887282995,Middle,-0.00015662703885774263,Slow,0.708,Late-life
CS2_38,709,0.7793777767092406,0.0001290837280933399,0.0001489257936637105,-0.00024464035049541277,0.046415042300422045,Middle,-0.00018686203929437633,Slow,0.709,Late-life
CS2_38,710,0.779406886156402,0.0002739273738802823,-2.357175444456597e-05,-0.0001357536443694312,0.04640512588477867,Middle,-0.00020484050912485675,Slow,0.71,Late-life
CS2_38,711,0.7797366413689067,0.00039015907170938886,8.655840130875327e-05,-0.00015149043583463837,0.046400053515590074,Middle,-0.00027082475377201363,Slow,0.711,Late-life
CS2_38,712,0.7800495430228047,0.0005304237723644801,-3.139791345857691e-05,-0.00016898206875110805,0.0463961449449791,Middle,-0.0003497029205577941,Slow,0.712,Late-life
CS2_38,713,0.7798503002065421,0.0006502010710475922,-5.880910124781317e-06,-0.0001080858758238141,0.046396043994534175,Middle,-0.00037914347343570316,Slow,0.713,Late-life
CS2_38,714,0.7799556678135969,0.0007738726315141587,-1.6310410784794734e-05,-0.00013390471160704527,0.04639602834186773,Middle,-0.000453888671560602,Slow,0.714,Late-life
CS2_38,715,0.768980662704759,0.0008337625280954438,0.0006154122356590135,0.0014707885124941114,0.04640846085377869,Middle,0.0003185129921993338,Medium,0.715,Late-life
CS2_38,716,0.7636638412738371,0.0009193478790591921,-0.0031286765827083693,0.0022448479193433496,0.04066732803705612,Middle,0.0006627500201420787,Medium,0.716,Late-life
CS2_38,717,0.6257023696717617,-0.0005041713129759324,0.005134996841905408,0.02195778806923432,0.04248928308295757,Middle,0.011230979691105125,Fast,0.717,Late-life
CS2_38,718,0.7713333016306555,-0.00037022840158119685,0.00011498070298065326,0.001200477105464464,0.05036061831321712,Middle,0.0007853527535228304,Fast,0.718,Late-life
CS2_38,719,0.7734627865755633,-0.0002796384560779534,2.971862871964202e-05,0.0009409652067487688,0.05036215829560512,Middle,0.0006103018314133611,Medium,0.719,Late-life
CS2_38,720,0.76793468003699,-0.00022303890056515413,0.0002335841505674545,0.0017022314527931665,0.05037151270001471,Middle,0.0009626351766791603,Fast,0.72,Late-life
CS2_38,721,0.7577838413867157,-0.00021696176386162334,0.0004146671184989627,0.0031674037752687434,0.0503975834348424,Middle,0.0016921827695651833,Fast,0.721,Late-life
CS2_38,722,0.7588316170859454,-0.00022599915390905786,0.0003246872963422205,0.0014498636598305112,0.05039762543548963,Middle,0.0008379314068697845,Fast,0.722,Late-life
CS2_38,723,0.7578966818553664,-0.000246554495237886,0.0006981876570167087,0.0008238799169243892,0.05035651712601132,Middle,0.0005352172060811376,Medium,0.723,Late-life
CS2_38,724,0.7576254801522958,-0.0002002419413320791,0.0007748084430684991,-0.018846158640076296,0.05035391819941704,Middle,-0.009322958349372109,Slow,0.724,Late-life
CS2_38,725,0.7571915472689463,-0.00013563548590739966,0.0008268099965891249,0.00202025062310131,0.05035266652889212,Middle,0.0010779430545043548,Fast,0.725,Late-life
CS2_38,726,0.7664292466613095,-2.452697179709656e-06,-0.004024073788645186,0.0010047914163219737,0.04310678807415482,Middle,0.0005036220567508417,Medium,0.726,Late-life
CS2_38,727,0.7679449910532957,-0.000708315937629299,-4.7719503619753256e-05,-1.4730023293964476e-06,0.0368236072298881,Middle,0.0003534214676499513,Medium,0.727,Late-life
CS2_38,728,0.7683318899305743,-0.0007035303877504189,1.4884388835685826e-06,-0.0015068640776940859,0.0368220516505233,Middle,-0.0004016668449718335,Slow,0.728,Late-life
CS2_38,729,0.7540270306577925,-0.0007691399361677602,0.0004708452161536534,0.0006863694897361208,0.03691142597485635,Middle,0.0007277547129519405,Fast,0.729,Late-life
CS2_38,730,0.753879799496403,-0.0008288423249628667,0.0004081549546441515,0.0005738403369947655,0.036910233548644616,Middle,0.000701341330978816,Medium,0.73,Late-life
CS2_38,731,0.7543217449747336,-0.0008932741108066479,0.000571324928616682,0.00047196216822317387,0.03689442085190269,Middle,0.0006826181395149109,Medium,0.731,Late-life
CS2_38,732,0.7554096894396877,-0.0009137808455500546,0.0006812973841352237,0.0002545511184655228,0.036883889042435385,Middle,0.0005841659820077887,Medium,0.732,Late-life
CS2_38,733,0.7516524348551844,-0.0009223419509196202,0.0008391244967931704,0.0021109731151607303,0.036886324073669596,Middle,0.0015166575330401752,Fast,0.733,Late-life
CS2_38,734,0.7599331396707094,-0.0008678670351698442,0.0005975313217776303,0.00114455019751233,0.036921868259928305,Middle,0.001006208616341087,Fast,0.734,Late-life
CS2_38,735,0.7615915653640021,-0.0007926830016536296,0.0005511175146471678,0.0009629035095103219,0.03692383400771546,Middle,0.0008777932555819757,Fast,0.735,Late-life
CS2_38,736,0.7617407939214098,-0.0007091406655297567,0.000552447568391521,-0.0011019661805167541,0.036923807147114164,Middle,-0.00019641275749349873,Slow,0.736,Late-life
CS2_38,737,0.7470061708631092,-0.0007019578049629035,0.0010350815552472984,0.0009819469476134118,0.037010958530372756,Middle,0.0008419523762881577,Fast,0.737,Late-life
CS2_38,738,0.7470566840795778,-0.0006814357008665319,0.0010310209920248322,0.0010378658421651104,0.037011074238064455,Middle,0.0008596507715158212,Fast,0.738,Late-life
CS2_38,739,0.7461859494746066,-0.0006545730107721645,0.0010674268650842304,0.0013176771378687255,0.03701031924139075,Middle,0.000986125074320445,Fast,0.739,Late-life
CS2_38,740,0.7463142362449849,-0.0006133865254481467,0.001066565821427601,0.0007625998014570661,0.03701034765568789,Middle,0.0006879931634526064,Medium,0.74,Late-life
CS2_38,741,0.7452277933111711,-0.0005656757041805814,0.0011025513821042228,0.002100763765648336,0.037009789135161696,Middle,0.0013332197349144586,Fast,0.741,Late-life
CS2_38,742,0.7502692388260098,-0.00047662591855957015,0.0009505613723515137,0.0016174752197131795,0.037025538853025786,Middle,0.0010470505691363749,Fast,0.742,Late-life
CS2_38,743,0.7565559246741348,-0.0003391808840446122,0.0007578586564087072,0.0007406956067535735,0.037047872662624215,Middle,0.0005399382453990929,Medium,0.743,Late-life
CS2_38,744,0.7584352283578739,-0.00018066810719753683,0.0006908087693118773,-0.001632722499252107,0.03705079813446392,Middle,-0.0007260271960272851,Slow,0.744,Late-life
CS2_38,745,0.75131168820722,-5.591195210211071e-05,0.0009239993421411896,-0.0006078577325203195,0.0370683646321609,Middle,-0.00027597289020910444,Slow,0.745,Late-life
CS2_38,746,0.7486391374821268,6.47579278015322e-05,0.0006561782329881325,-0.00035045542964575106,0.03702329034430445,Middle,-0.00020760667872364162,Slow,0.746,Late-life
CS2_38,747,0.7482067273524476,0.00012806951922480803,0.0004986165781093383,-0.0002703558724946716,0.03701318671265594,Middle,-0.00019921269585973983,Slow,0.747,Late-life
CS2_38,748,0.7490184960349501,0.00017145031751057916,-0.003977939560102849,-0.0005415289605398595,0.02682271059901397,Middle,-0.00035648963902521933,Slow,0.748,Late-life
CS2_38,749,0.7478521822273653,-0.000620871523577879,0.0007574554646222654,0.00034529379980636446,0.005321291372987092,Middle,0.00048308266169212174,Medium,0.749,Late-life
CS2_38,750,0.7476266899151052,-0.0005784186454852146,0.0008334224729180052,0.0012756049655756607,0.005295450612167855,Middle,0.0009270118055304376,Fast,0.75,Late-life
CS2_38,751,0.7573397272624048,-0.0004592079989945743,0.00034177267014790674,0.00015650015649558226,0.005546615684225636,Middle,0.00030785407774507826,Medium,0.751,Late-life
CS2_38,752,0.7583935388752878,-0.00036153570242095827,-1.966766092168038e-05,-0.0010116929525811097,0.005242863193723037,Middle,-0.0003250786250800757,Slow,0.752,Late-life
CS2_38,753,0.759042792170335,-0.0003180731824216022,-6.812099496439171e-06,-0.0014862363840297346,0.005240746393234108,Middle,-0.0005840816008040662,Slow,0.753,Late-life
CS2_38,754,0.759173028330357,-0.0002679948234435043,-4.117246693518199e-05,-0.0015666144254156292,0.0052378571589615265,Middle,-0.0006493098009860625,Slow,0.754,Late-life
CS2_38,755,0.7591000674869651,-0.00022411101564630815,-4.756733337642966e-05,-0.0014402244931450067,0.005237584079188782,Middle,-0.0006080567387493493,Slow,0.755,Late-life
CS2_38,756,0.7590343152449915,-0.00018268225677978267,-5.9444128259522966e-05,-0.0015974475739466104,0.005236873226327096,Middle,-0.0007073826585834138,Slow,0.756,Late-life
CS2_38,757,0.7592584273508086,-0.00014312116287946988,0.00023131675195164187,-0.001661676776529064,0.004952814630541361,Middle,-0.0007592778068247971,Slow,0.757,Late-life
CS2_38,758,0.7592671576322696,-4.839493728751601e-05,0.00027993011035568153,-0.0002753471956949654,0.0049424802203470505,Middle,-0.00011347612920372469,Slow,0.758,Late-life
CS2_38,759,0.7592224609913503,5.7870538144092656e-05,0.0002938525464265827,-0.00011841744515177817,0.004941146921114023,Middle,-8.814399164793541e-05,Slow,0.759,Late-life
CS2_38,760,0.6437086093722205,-0.00048665516624816043,0.003558658751147484,0.016476311828302066,0.021198553502163677,Middle,0.008481483497275113,Fast,0.76,Late-life
CS2_38,761,0.7584528264044946,-0.00042006339756206436,-0.00014751699703521233,0.00010288598940891689,0.030021927985491678,Middle,0.00026147469348549064,Medium,0.761,Late-life
CS2_38,762,0.6429896051840958,-0.001012025528738815,0.0035913593480850913,0.01658720890040991,0.03650200260076326,Middle,0.008799617214574363,Fast,0.762,Late-life
CS2_38,763,0.7576641235110189,-0.0009091059411574687,-7.272367972036098e-05,0.00019574167628181157,0.04223766767415663,Middle,0.0005524238087196401,Medium,0.763,Late-life
CS2_38,764,0.7577842852866532,-0.0008001485190241596,-0.00019780162682157416,0.00021059172345077353,0.042231688597609986,Middle,0.0005053701212374666,Medium,0.764,Late-life
CS2_38,765,0.7654316858096035,-0.0006713357407271667,-0.00017737245609335844,-0.0008806468824762754,0.04222780123569415,Middle,-0.00010465557087455438,Slow,0.765,Late-life
CS2_38,766,0.7605739488935526,-0.000525089877275145,3.282633775643586e-05,-0.00019306970031461392,0.042236400191547174,Middle,0.0001660100884802655,Medium,0.766,Late-life
CS2_38,767,0.7569401610136482,-0.00038969463604529006,0.0001548591260568245,-0.01617593594877539,0.04224132146063257,Middle,-0.00789312065636505,Slow,0.767,Late-life
CS2_38,768,0.7650006398391016,-0.00020589356734396964,-0.0005804667411610465,-0.0009354019192295679,0.04217741796881814,Middle,-0.00036475417594279913,Slow,0.768,Late-life
CS2_38,769,0.7653315976445936,-0.00011052771872862991,-0.00058951334080696,-0.01747742749435683,0.042177330586620515,Middle,-0.0086834498878141,Slow,0.769,Late-life
CS2_38,770,0.7602696046493315,-5.0335202274686176e-05,-0.00045431145724918946,-0.0003722115911875149,0.042188883605426546,Middle,-0.00016093819445641436,Slow,0.77,Late-life
CS2_38,771,0.752303729704585,-4.5513324821963234e-05,-0.00019320946643871267,0.0007829365117240242,0.042216006775225676,Middle,0.0004142249182729937,Medium,0.771,Late-life
CS2_38,772,0.7500913515148254,-5.472843800710038e-05,-0.000156888974311431,0.002191476327825443,0.042217628738304966,Middle,0.0011231023829162716,Fast,0.772,Late-life
CS2_38,773,0.7505356095166378,-6.937515846849102e-05,-8.592602923482563e-06,0.0014340484824163977,0.042207972086915124,Middle,0.0007517118204424443,Fast,0.773,Late-life
CS2_38,774,0.7480564487249993,-6.95610862176479e-05,0.00027417664352049904,0.0012691017555212752,0.042193871190415844,Middle,0.0006693314208694616,Medium,0.774,Late-life
CS2_38,775,0.7454113073151608,-4.594077689109352e-05,0.0004201264852488098,0.002798476074848685,0.042193999034365076,Middle,0.0014222084258698892,Fast,0.775,Late-life
CS2_38,776,0.7556035667324533,5.104212375096372e-05,-0.00013844769436236363,0.0013897187017343215,0.04221690872016289,Middle,0.0006693382889916789,Medium,0.776,Late-life
CS2_38,777,0.7570973721163328,0.0001144646257822491,-0.00027284627852277156,0.0004531760761426711,0.042214293308699434,Middle,0.00016935572518021101,Medium,0.777,Late-life
CS2_38,778,0.757251570929763,0.00016047778424131549,-0.00029176914765533505,-0.0007068344607397137,0.04221409810986632,Middle,-0.00043365612249051457,Slow,0.778,Late-life
CS2_38,779,0.7463199225437089,0.00013860686991037656,8.705075778197228e-05,0.0005387755673023552,0.04226194049747317,Middle,0.0002000843486959893,Medium,0.779,Late-life
CS2_38,780,0.7405967733687694,8.981959775626957e-05,0.00023404544705147998,0.00141983373540977,0.04227374260081437,Middle,0.0006650070688267503,Medium,0.78,Late-life
CS2_38,781,0.7367777734157501,1.536628658797377e-05,0.00034996504836629175,0.0016112393298927425,0.0422786449925089,Middle,0.0007979365216523843,Fast,0.781,Late-life
CS2_38,782,0.738276688944136,-4.7874789848173244e-05,0.0006149367199441559,0.0010192311958606862,0.04223919684552921,Middle,0.0005335529928544297,Medium,0.782,Late-life
CS2_38,783,0.7375787461554656,-5.290582083822474e-05,0.0006714449264458783,0.0025749743681411047,0.042238061699992266,Middle,0.0013139400944896648,Fast,0.783,Late-life
CS2_38,784,0.7406161751646048,-2.706111049351035e-05,0.0005944070001848461,0.002354456707389715,0.04224272845005156,Middle,0.0011907589089416126,Fast,0.784,Late-life
CS2_38,785,0.6348601194317249,-0.0005916595162707564,0.004010093835439745,0.0174844930711483,0.0462710190257215,Middle,0.009038076293709528,Fast,0.785,Late-life
CS2_38,786,0.746502804926411,-0.0004756152554253317,0.0004063633084049728,-2.6126054671718863e-05,0.05072398752591985,Middle,0.0002247446003768064,Medium,0.786,Late-life
CS2_38,787,0.7471699644195501,-0.0003515771010199436,0.0003827209943690794,-0.0009390272929686702,0.05072432237873912,Middle,-0.00029372509597436333,Slow,0.787,Late-life
CS2_38,788,0.7373887702161787,-0.000279138403754355,0.0007054728107945148,-8.728525720407594e-05,0.050752156028071455,Middle,9.592657327513952e-05,Medium,0.788,Late-life
CS2_38,789,0.7335029866652446,-0.00021948792139517428,0.0008311022892588707,0.0006819574684130572,0.050755149252575515,Middle,0.0004507226949041158,Medium,0.789,Late-life
CS2_38,790,0.0500007643120235,-0.004033878845247602,0.022878119247720218,0.09822542597763459,0.13269684690367367,Late,0.051129652411441094,Fast,0.79,Late-life
CS2_38,791,0.7598138389811154,-0.00355551626612497,-0.003745329987383707,-0.002742523402358667,0.18570007651696213,Middle,0.00040649643188315153,Medium,0.791,Late-life
CS2_38,792,0.7485748584105844,-0.0038399008015729333,0.0003186441288358153,-0.01624496271126563,0.18456501444709783,Middle,-0.006202530954846349,Slow,0.792,Late-life
CS2_38,793,0.7211886503060482,-0.003624312057558338,-0.002522549842643626,0.0036163078029089707,0.18340769451716177,Middle,0.0036203099302336544,Fast,0.793,Late-life
CS2_38,794,0.7070553428037972,-0.004173732565861587,0.0016325413131361819,0.005730660230821837,0.18223753890038794,Middle,0.004952196398341712,Fast,0.794,Late-life
CS2_38,795,0.7218202407989204,-0.003969150239231192,0.0011601304673462202,0.0022240756310368975,0.18226121394394723,Middle,0.003096612935134045,Fast,0.795,Late-life
CS2_38,796,0.7242888691569851,-0.0037366755769849412,0.0013271876339554331,0.0013163025011799303,0.18225524531885703,Middle,0.002526489039082436,Fast,0.796,Late-life
CS2_38,797,0.7237366274401801,-0.0034488058347724665,0.0011883006920442737,-0.09624798044687952,0.1822541056851653,Middle,-0.04639958730605352,Slow,0.797,Late-life
CS2_38,798,0.6975455664582548,-0.003323846300025254,0.0019159546630772072,0.0088954675032658,0.18230921670778297,Middle,0.006109656901645527,Fast,0.798,Late-life
CS2_38,799,0.6866348069716635,-0.003259754026870892,0.0025279300924980048,0.0088485787769887,0.18230645282555694,Middle,0.0060541664019297965,Fast,0.799,Late-life
CS2_38,800,0.6815428931834914,-0.003150068428589968,0.002702861434229103,0.005663679588936686,0.18230621989730036,Middle,0.004406874008763327,Fast,0.8,Late-life
CS2_38,801,0.6738654933370825,-0.003051409643788907,0.002787229397169323,0.004741407066673539,0.1823079532248871,Middle,0.0038964083552312226,Fast,0.801,Late-life
CS2_38,802,0.6721691017993692,-0.0029594777097755602,0.002584987996942447,0.007093019857078743,0.18230549432933119,Middle,0.005026248783427152,Fast,0.802,Late-life
CS2_38,803,0.6652960520610081,-0.002922482984223696,0.0027353322404457215,0.00842754529942529,0.18230709858278013,Middle,0.005675014141824493,Fast,0.803,Late-life
CS2_38,804,0.6842818653362234,-0.0027591013293176096,0.0021372175542069163,0.0056363945862795296,0.18234828892369995,Middle,0.0041977479577985696,Fast,0.804,Late-life
CS2_38,805,0.5663537922712291,-0.003238954787790872,0.00586137601463775,0.018741682026717967,0.18353059776264255,Middle,0.01099031840725442,Fast,0.805,Late-life
CS2_38,806,0.6905610291859076,-0.002960564904489603,0.0017693638106210726,-0.0005608888877491573,0.18501286692889746,Middle,0.0011998380083702229,Fast,0.806,Late-life
CS2_38,807,0.6670800369037992,-0.0028105125556809885,0.0028555977364081962,0.0020661223256703038,0.18503914587907674,Middle,0.002438317440675646,Fast,0.807,Late-life
CS2_38,808,0.660528795346091,-0.0026073226311200946,0.0031151153796852185,0.0019052425701416378,0.185038484093974,Middle,0.0022562826006308663,Fast,0.808,Late-life
CS2_38,809,0.6595633004877511,-0.002365731903804044,0.0031512345303874806,0.0018008287588025767,0.18503793393829496,Middle,0.00208328033130331,Fast,0.809,Late-life
CS2_38,810,0.6546462987939365,-0.0021153930731903025,0.0029572136693474965,0.0015213933238673594,0.18503265711864345,Middle,0.001818393198528831,Fast,0.81,Late-life
CS2_38,811,0.6528151835917354,-0.0019039652439945204,0.002831664186355935,0.0044952402492125666,0.18503203822286632,Middle,0.0031996027466035435,Fast,0.811,Late-life
CS2_38,812,0.6453338157048901,-0.0017353850778048406,0.0029498050874470967,-0.011282860490523008,0.1850338588208823,Middle,-0.004773737706359084,Slow,0.812,Late-life
CS2_38,813,0.6610561834818798,-0.0014656516275306929,0.002490984047169556,0.0042149779577182545,0.18506289023010447,Middle,0.002840314792624474,Fast,0.813,Late-life
CS2_38,814,0.6664412283613494,-0.0011284981289486312,0.0022947586385198755,9.1258363207114e-05,0.18506807967227884,Middle,0.0006098782460778726,Medium,0.814,Late-life
CS2_38,815,0.6697781988239755,-0.0007502733522359045,0.002285096010988041,-0.0013213433539834998,0.18506837517169608,Middle,-0.0002855350008737977,Slow,0.815,Late-life
CS2_38,816,0.6478738240295682,-0.00045328013099642646,-0.0004197969225110721,0.0016699252083118526,0.1841159934602577,Middle,0.0010616026696541395,Fast,0.816,Late-life
CS2_38,817,0.6433764676875112,-0.0007874971706658183,0.0033266560399645077,0.0016099758723464744,0.18295532293302438,Middle,0.0011987365215061464,Fast,0.817,Late-life
CS2_38,818,0.6424091827935737,-0.0004550737973768143,0.00337938005245085,0.001486571542594525,0.18295436913622687,Middle,0.0009708226699856697,Fast,0.818,Late-life
CS2_38,819,0.6392580966641729,-9.836159756143291e-05,0.0031655055984517993,0.0008679598629596061,0.18295051120125275,Middle,0.0004831607302605195,Medium,0.819,Late-life
CS2_38,820,0.6378382373325534,0.00023067990715116944,0.0030859596558932647,0.0033168494499037676,0.18295072367446238,Middle,0.0015430847713762991,Fast,0.82,Late-life
CS2_38,821,0.6332356811456983,0.000546559932170571,-0.01881402957527983,0.004743649602235881,0.1324508881226337,Middle,0.002098544835032655,Fast,0.821,Late-life
CS2_38,822,0.630550451103027,-0.0032501481765966666,0.004169786705744788,0.005603963960135501,0.033117840429671766,Middle,0.004427056068366084,Fast,0.822,Late-life
CS2_38,823,0.628068194299096,-0.0029805472440193265,0.0038873117455318824,0.002829375675781739,0.03309286999834963,Middle,0.0029049614599005328,Fast,0.823,Late-life
CS2_38,824,0.6257128659999044,-0.002744012705638899,0.003079864009875606,0.0025233716696581193,0.03280451140610511,Middle,0.002633692187648509,Fast,0.824,Late-life
CS2_38,825,0.6243355172686678,-0.0026359090128040504,0.002668381468875144,0.00258195221784371,0.03274118209467768,Middle,0.00260893061532388,Fast,0.825,Late-life
CS2_38,826,0.622934974175971,-0.0025857433180214557,0.0031898473104177223,0.002331874641171699,0.03258261735171212,Middle,0.0024588089795965773,Fast,0.826,Late-life
CS2_38,827,0.6262407656350855,-0.0023966549864486673,0.0031628420490935364,0.001656781671066849,0.03258781007931641,Middle,0.0020267183287577583,Fast,0.827,Late-life
CS2_38,828,0.6335444062862905,-0.002116101012219886,0.002909426488835148,-4.410359151317346e-05,0.032639292371903,Middle,0.0010359987103533564,Fast,0.828,Late-life
CS2_38,829,0.6379999632500566,-0.0017803074458056956,0.0019208259099418787,-0.001064216021004229,0.03237365874107218,Middle,0.0003580457124007333,Medium,0.829,Late-life
CS2_38,830,0.6352751552728202,-0.0015869810222283118,0.0016567629580272023,-0.001029565853389171,0.03233124354935648,Middle,0.00027870758441957035,Medium,0.83,Late-life
CS2_38,831,0.634649401535738,-0.0014403761174442181,0.001512693278959786,-0.0012766479336905176,0.03232537628756329,Middle,8.186409187685027e-05,Medium,0.831,Late-life
CS2_38,832,0.6341161765642604,-0.0013085425319881473,0.0012822360249297423,-0.0013972370422275266,0.03230542157190512,Middle,-4.4347255119689616e-05,Slow,0.832,Late-life
CS2_38,833,0.634535462439148,-0.001203377366541502,0.001213988366458746,-0.0016572126090252937,0.032306752209671115,Middle,-0.0002269176212418958,Slow,0.833,Late-life
CS2_38,834,0.6348155484424046,-0.001092464069285428,0.0009832420522130141,-0.0012249689724741655,0.032290526925099,Middle,-6.625245159436882e-05,Slow,0.834,Late-life
CS2_38,835,0.5090337934835983,-0.001724098048124469,0.005653163608149194,0.017787230400384595,0.039064133736948954,Middle,0.009755664224254532,Fast,0.835,Late-life
CS2_38,836,0.633458690306748,-0.001476657951312026,-0.0021646741301780286,0.0006487532776155198,0.04008331600412057,Middle,0.001062705614463773,Fast,0.836,Late-life
CS2_38,837,0.6340565210460366,-0.0019204655282840106,0.0018227260690280953,0.00017409060382622688,0.03307332981571959,Middle,0.0010472780660551189,Fast,0.837,Late-life
CS2_38,838,0.632483964619523,-0.0016467723516979285,0.001116002331750845,0.0003093481308878511,0.032828266900548075,Middle,0.0009780602412928897,Fast,0.838,Late-life
CS2_38,839,0.6327368567828014,-0.0014923751720171182,0.0008965141472028885,0.00019704568306557122,0.032813458545006544,Middle,0.0008447104275413447,Fast,0.839,Late-life
CS2_38,840,0.6319314654865722,-0.0013695893818790976,0.0008913495161670626,0.0003719995646536927,0.032813459925618696,Middle,0.0008707944732663952,Fast,0.84,Late-life
CS2_38,841,0.6617485014693845,-0.0010727454090319682,-0.0002291033121112233,-0.003847564718139978,0.033261376891950696,Middle,-0.0013874096545540048,Slow,0.841,Late-life
CS2_38,842,0.6541794277298808,-0.0008494484933299343,-4.400787542404511e-05,-0.02073509060661178,0.03328917780976885,Middle,-0.009942821056640922,Slow,0.842,Late-life
CS2_38,843,0.6474305565339555,-0.0006754015898379921,-6.763680093759397e-05,-0.001995980889601084,0.033283917735705874,Middle,-0.0006602896498815458,Slow,0.843,Late-life
CS2_38,844,0.6415077259379954,-0.0005782835050090067,0.0006305954046414305,-0.0010644578417084041,0.03317141194774886,Middle,-0.00024308716834969872,Slow,0.844,Late-life
CS2_38,845,0.6377431582583662,-0.0004060575173013607,0.0009257441968704257,-0.0007513133769775994,0.033156804467717765,Middle,-0.00017262792983811936,Slow,0.845,Late-life
CS2_38,846,0.6347467760217692,-0.000209739762340233,0.001130045896845364,-0.0002871313198525373,0.033149174633372275,Middle,-3.869577875615214e-05,Slow,0.846,Late-life
CS2_38,847,0.6323463049262721,4.740442398271512e-06,0.0005008877130095511,-5.926277709998397e-05,0.0329260806274837,Middle,-3.200160974912774e-05,Slow,0.847,Late-life
CS2_38,848,0.6306312558736116,9.071128110808957e-05,0.0004111358649645048,0.004445320799396127,0.032918614933226564,Middle,0.002177304759144019,Fast,0.848,Late-life
CS2_38,849,0.6366064032256669,0.00018975065811296655,0.0001871864376744151,0.002510432072030563,0.03293831448405817,Middle,0.001160340706958798,Fast,0.849,Late-life
CS2_38,850,0.6330607821121506,0.00026527564232178537,0.0001999133726458815,0.002052824917400712,0.0329395740674697,Middle,0.0008937746375394632,Fast,0.85,Late-life
CS2_38,851,0.6345485796507365,0.000333621866044664,0.00010611798973602846,0.0009941637553227015,0.03294012424970356,Middle,0.0003302709446390187,Medium,0.851,Late-life
CS2_38,852,0.629080355234637,0.00036403713653888686,0.00013404277132455708,0.0012375432891041768,0.032944429788583966,Middle,0.000436753076282645,Medium,0.852,Late-life
CS2_38,853,0.6249483159214073,0.000346347236820398,0.0001807140381167636,0.0013997800143374134,0.032949188921875,Middle,0.0005267163887585077,Medium,0.853,Late-life
CS2_38,854,0.6233643780889233,0.00030645427006258856,0.000151736006779764,0.0012831324053355392,0.032947492279221696,Middle,0.0004883390676364754,Medium,0.854,Late-life
CS2_38,855,0.6224974162036014,0.00024925592446560014,0.0001037241869775145,0.0011619770957157335,0.03294525848260378,Middle,0.0004563605856250667,Medium,0.855,Late-life
CS2_38,856,0.6214400864011858,0.00017384615996149329,9.340099572522605e-05,0.002166616689211587,0.032944896233529475,Middle,0.0009963852646250467,Fast,0.856,Late-life
CS2_38,857,0.6193715035072067,7.991861344736063e-05,0.00011495066673433159,0.001955611229277692,0.03294599822040724,Middle,0.0009378463079151658,Fast,0.857,Late-life
CS2_38,858,0.6200179926828332,-1.698707274630995e-05,0.00020073461136297627,0.0020757981382719037,0.032940256096289665,Middle,0.0010463926055091068,Fast,0.858,Late-life
CS2_38,859,0.6278801441667025,-4.8157462543919656e-05,0.0001827181328899367,0.00017145872399065048,0.032944649829868326,Middle,0.00010980809326728507,Medium,0.859,Late-life
CS2_38,860,0.6242298711243082,-5.649373941771239e-05,0.00044419652018543303,0.00010263497101416417,0.03293877624431918,Middle,7.956435521593827e-05,Medium,0.86,Late-life
CS2_38,861,0.6174272653178647,-7.3117833350068e-05,0.0005757383856437243,0.0008481589672940818,0.03295632523664205,Middle,0.0004606384003220749,Medium,0.861,Late-life
CS2_38,862,0.6123720312851381,-0.00012740422977491236,0.0007186248467935467,0.0014464835597804823,0.03296615014427808,Middle,0.0007869438947776974,Fast,0.862,Late-life
CS2_38,863,0.6100869393212704,-0.00019006333078703573,0.0007751366852577419,0.001621878154273615,0.03296732326862626,Middle,0.0009059707425303253,Fast,0.863,Late-life
CS2_38,864,0.6082723998850913,-0.0002572536308738191,0.0008471955662598951,0.0015855862317307734,0.03296706682474566,Middle,0.0009214199313022963,Fast,0.864,Late-life
CS2_38,865,0.6055081406952696,-0.0003281404206334053,0.0009454002499075816,0.002072835998223372,0.0329681312032598,Middle,0.0012004882094283887,Fast,0.865,Late-life
CS2_38,866,0.6024621742322237,-0.0004039992556201179,-0.0030138187338266246,0.003631138562068394,0.023481403499134072,Middle,0.002017568908844256,Fast,0.866,Late-life
CS2_38,867,0.601855886905466,-0.0012322199073864844,0.0010194452710090957,0.0031962834598345973,0.006606715823661967,Middle,0.002214251683610541,Fast,0.867,Late-life
CS2_38,868,0.6043736933610526,-0.0013275905942621942,0.0009575105704833542,0.0018647959938303022,0.006631335899102022,Middle,0.0015961932940462482,Fast,0.868,Late-life
CS2_38,869,0.6034179759423353,-0.0014141139262428054,0.0009376125379737997,0.0012791507632575433,0.006630354244255027,Middle,0.0013466323447501743,Fast,0.869,Late-life
CS2_38,870,0.6050562533657197,-0.0014896091555369508,0.0008929226908736059,0.0007186694222215406,0.006643302183711535,Middle,0.0011041392888792457,Fast,0.87,Late-life
CS2_38,871,0.6033924444889232,-0.0015629741083070569,0.000920613580569324,0.0006971364851668779,0.006644714065940574,Middle,0.0011300552967369675,Fast,0.871,Late-life
CS2_38,872,0.5981474806850202,-0.0016602545607305374,0.0020516458317536854,0.0010515228586070538,0.0034583589661680786,Middle,0.0013558887096687955,Fast,0.872,Late-life
CS2_38,873,0.5957860705808248,-0.001578222981664686,0.0018836566822276136,0.000953729093056989,0.0033044743120422045,Middle,0.0012659760373608376,Fast,0.873,Late-life
CS2_38,874,0.5898628004537604,-0.0015514472577244749,0.0018570243896837146,0.001713298064529372,0.003267071528849781,Middle,0.0016323726611269234,Fast,0.874,Late-life
CS2_38,875,0.5859615145451355,-0.001564081240177339,0.0017918132707374188,0.0026303112594167383,0.0032027544868877714,Middle,0.002097196249797039,Fast,0.875,Late-life
CS2_38,876,0.58219235100418,-0.0016114218566952129,0.0017919615243285891,0.003032232134022182,0.0032028489534078304,Middle,0.0023218269953586973,Fast,0.876,Late-life
CS2_38,877,0.5800912477821059,-0.0016717269496508394,0.0017630815561181727,0.003566429369087687,0.003195654999412139,Middle,0.002619078159369263,Fast,0.877,Late-life
CS2_38,878,0.584457399517407,-0.001704214243680681,0.0015448034002859688,0.0027050064245023003,0.0033766381487166045,Middle,0.0022046103340914907,Fast,0.878,Late-life
CS2_38,879,0.5813760327164403,-0.0017502937598462638,0.0015888781663603625,0.002395921138368554,0.0033878330290815113,Middle,0.002073107449107409,Fast,0.879,Late-life
CS2_38,880,0.580360898654016,-0.0017938302463661965,0.001814371115214545,0.002203595989544116,0.0030868582737801817,Middle,0.001998713117955156,Fast,0.88,Late-life
CS2_38,881,0.577494787548903,-0.0017990839006283312,0.0017924514375241133,0.0017668589864081913,0.0030765503185739,Middle,0.0017829714435182611,Fast,0.881,Late-life
CS2_38,882,0.5736335789089737,-0.0018260530485177254,0.0019650000239278325,0.0017611336623088209,0.0030361797017742524,Middle,0.001793593355413273,Fast,0.882,Late-life
CS2_38,883,0.5677224345668205,-0.001855825302973651,0.001979287763477953,0.002067130919622787,0.003054203447479067,Middle,0.001961478111298219,Fast,0.883,Late-life
CS2_38,884,0.5632252213972709,-0.0019197274554903412,0.001991067565294722,0.002409432340690703,0.0030634733468059673,Middle,0.002164579898090522,Fast,0.884,Late-life
CS2_38,885,0.5609730242037775,-0.0019972779112805324,0.0020126243188756717,0.0033549107590899385,0.0030628641114634728,Middle,0.0026760943351852354,Fast,0.885,Late-life
CS2_38,886,0.5588803083967422,-0.0020728477136716674,0.0020521647679632017,0.0032136749028140216,0.003055484153305396,Middle,0.0026432613082428445,Fast,0.886,Late-life
CS2_38,887,0.5566281982019367,-0.0021428194623366614,0.002090706070943519,0.0033903857788684733,0.0030500477346262025,Middle,0.0027666026206025675,Fast,0.887,Late-life
CS2_38,888,0.5555069694301776,-0.002201411361185117,0.0020601462605493253,0.00314111687410363,0.003055018719753213,Middle,0.0026712641176443734,Fast,0.888,Late-life
CS2_38,889,0.5556058633099393,-0.0022477839219262985,0.0020778106249320603,0.0025753879427191967,0.0030403951901112457,Middle,0.0024115859323227476,Fast,0.889,Late-life
CS2_38,890,0.5549411568445285,-0.002270648505621554,0.0023528705587798054,0.0018258968174702833,0.002436997517570477,Middle,0.0020482726615459186,Fast,0.89,Late-life
CS2_38,891,0.5779810830591127,-0.0020911959369531207,0.0014918963891998548,-0.0021079802374059614,0.005158488181780312,Middle,-8.392150226420357e-06,Slow,0.891,Late-life
CS2_38,892,0.5670879539406363,-0.001977422967048712,0.0016238487541041441,-0.0008735613909798268,0.005347709159811381,Middle,0.0005519307880344426,Medium,0.892,Late-life
CS2_38,893,0.5553750005646,-0.0019503992112026801,0.0018386138942109056,0.0005007582617346003,0.0056170145654440085,Middle,0.0012255787364686401,Fast,0.893,Late-life
CS2_38,894,0.4265849871796272,-0.00266296647597752,0.005919417811020751,0.01857760157461564,0.023485273605685808,Late,0.01062028402529658,Fast,0.894,Late-life
CS2_38,895,0.5472724439795491,-0.00263552691996774,0.001967740513082006,0.0011763607786612182,0.03269816743326656,Middle,0.0019059438493144792,Fast,0.895,Late-life
CS2_38,896,0.5433138085803936,-0.0026185288060555302,0.0020062687778992262,0.0017560078185065362,0.032699840880357066,Middle,0.002187268312281033,Fast,0.896,Late-life
CS2_38,897,0.5400922828897894,-0.002612742324669594,0.0020119319787882035,0.002121267707819872,0.03270004214670084,Middle,0.002367005016244733,Fast,0.897,Late-life
CS2_38,898,0.5378038032213173,-0.0026144023329083355,0.0020661962478757652,0.005739611405399343,0.03269902753430614,Middle,0.00417700686915384,Fast,0.898,Late-life
CS2_38,899,0.536407149515408,-0.002603963185106816,0.0021924691563111162,0.0043829720607468925,0.032688291974772826,Middle,0.0034934676229268543,Fast,0.899,Late-life
CS2_38,900,0.5406516834291786,-0.002530187226612243,0.002024719113327635,0.002103331019345916,0.03270818759786769,Middle,0.0023167591229790794,Fast,0.9,Late-life
CS2_38,901,0.5440412324796793,-0.002419574507558348,0.001968226480194851,-0.01677946361429316,0.03271623648908674,Middle,-0.0071799445533674055,Slow,0.901,Late-life
CS2_38,902,0.5386928727589346,-0.002307675591555434,0.002087082959031888,0.0012256530315163541,0.032721786115778535,Middle,0.0017666643115358941,Fast,0.902,Late-life
CS2_38,903,0.4092463448457138,-0.0029170049191431556,0.0060935850270744,0.019152494819239967,0.039930898972413705,Late,0.01103474986919156,Fast,0.903,Late-life
CS2_38,904,0.5286830871353979,-0.00280827203911764,0.002164612369207318,0.001629885107770211,0.04586200065356088,Middle,0.0022190785734439254,Fast,0.904,Late-life
CS2_38,905,0.5224095912942707,-0.0027240032568586533,0.002175909972886765,0.002199173132435228,0.045863000547627486,Middle,0.0024615881946469407,Fast,0.905,Late-life
CS2_38,906,0.5183204692434192,-0.002671896816827746,0.002181969203281168,0.0025838114674269696,0.045863248502893014,Middle,0.002627854142127358,Fast,0.906,Late-life
CS2_38,907,0.5143605274739018,-0.002639661338567173,0.0021881233396863924,0.003755879422182394,0.04586348137812518,Middle,0.0031977703803747837,Fast,0.907,Late-life
CS2_38,908,0.510818661497164,-0.0026241007627970637,0.002234599557578768,0.004746081568930749,0.04586412025722353,Middle,0.0036850911658639065,Fast,0.908,Late-life
CS2_38,909,0.5092524077851334,-0.0026039842655436927,0.002425967475234635,0.004205780710543038,0.04584803423831586,Middle,0.003404882488043365,Fast,0.909,Late-life
CS2_38,910,0.5071879119025237,-0.0025432223659996476,0.0023931651875456995,-0.01399165243668712,0.045847913461529596,Middle,-0.005724215035343736,Slow,0.91,Late-life
CS2_38,911,0.5104323818880794,-0.002454338684866501,0.002255758605352793,0.0026072436067597904,0.045858562895860086,Middle,0.0025307911458131455,Fast,0.911,Late-life
CS2_38,912,0.5099799706719678,-0.002348159708664215,0.0021778973186108155,0.0017756600889004151,0.045859541109806085,Middle,0.002061909898782315,Fast,0.912,Late-life
CS2_38,913,0.5080778914707971,-0.0022443238896725066,0.0021146995947798914,0.0014632253960888805,0.04585849396064958,Middle,0.0018537746428806934,Fast,0.913,Late-life
CS2_38,914,0.5078991070651963,-0.002139411899407896,0.0019297847581169105,0.0009230600583865092,0.04585423238432359,Middle,0.0015312359788972026,Fast,0.914,Late-life
CS2_38,915,0.5001419234754225,-0.0020902314910506378,0.0020349450942531745,0.0015252482888202165,0.045864053787825564,Middle,0.001807739889935427,Fast,0.915,Late-life
CS2_38,916,0.4975983578564276,-0.002057931131557232,0.0020443440757209642,0.0016648642755293969,0.045864129648842074,Late,0.0018613977035433144,Fast,0.916,Late-life
CS2_38,917,0.4938018284105248,-0.0020367673543817484,0.002099305806007013,0.0019122976417141255,0.04586521042597728,Late,0.001974532498047937,Fast,0.917,Late-life
CS2_38,918,0.4922451136269049,-0.0020124832304939883,0.002076873695968767,0.0025981811801677863,0.04586530325464817,Late,0.002305332205330887,Fast,0.918,Late-life
CS2_38,919,0.4897480131207291,-0.001991582420862172,0.0021212566551435017,0.0028902796501769556,0.045865013371602044,Late,0.0024409310355195638,Fast,0.919,Late-life
CS2_38,920,0.4875757020263775,-0.001965289716661166,0.0021945213317278007,0.0029288842063456516,0.045863162664015106,Late,0.002447086961503409,Fast,0.92,Late-life
CS2_38,921,0.4894555366813173,-0.0019028164942888242,0.002112439360103587,0.002634795769125564,0.045868268577382236,Late,0.002268806131707194,Fast,0.921,Late-life
CS2_38,922,0.4906711821250197,-0.0018132079440840857,0.0028164484172288054,0.001352963050057546,0.045636247301071534,Late,0.0015830854970708158,Fast,0.922,Late-life
CS2_38,923,0.4887964392135173,-0.0015713375749160608,0.0025255327331328704,0.0012574169489871858,0.04561178300974926,Late,0.0014143772619516232,Fast,0.923,Late-life
CS2_38,924,0.4878309298369355,-0.0013681465979570903,0.002178840991214984,0.0008529855105127557,0.0455804568518042,Late,0.0011105660542349229,Fast,0.924,Late-life
CS2_38,925,0.4841467524365777,-0.0012276797618729195,-0.001856831137320984,0.0011569087414753138,0.03907016437639599,Late,0.0011922942516741167,Fast,0.925,Late-life
CS2_38,926,0.4794109807240525,-0.0018669825131304445,0.0021890794598547285,0.0014767189138109355,0.032254005425454875,Late,0.00167185071347069,Fast,0.926,Late-life
CS2_38,927,0.476980666405912,-0.0018094937791522329,0.0021397787798219854,0.0015135765172093554,0.032252378464398615,Late,0.001661535148180794,Fast,0.927,Late-life
CS2_38,928,0.4753492910057617,-0.0017594508022175483,0.002088483609162184,0.002015177953650804,0.03225186518064294,Late,0.0018873143779341763,Fast,0.928,Late-life
CS2_38,929,0.4731837794086631,-0.0017162832234043361,0.0020845168971823933,0.0024982003880509467,0.03225184732487909,Late,0.0021072418057276414,Fast,0.929,Late-life
CS2_38,930,0.470816697844127,-0.001675880005037957,0.0021158210216542265,0.00256853448134147,0.03225162837472767,Late,0.0021222072431897137,Fast,0.93,Late-life
CS2_38,931,0.4692856690287654,-0.0016280679257509112,0.002302129496787522,0.002649322972595728,0.032230336545652674,Late,0.0021386954491733196,Fast,0.931,Late-life
CS2_38,932,0.4674560658427169,-0.0015403740866837712,0.002470489246353626,0.002384383799122972,0.03221324116811088,Late,0.0019623789429033716,Fast,0.932,Late-life
CS2_38,933,0.4656441225435062,-0.0014156428371393651,0.0023564112972718856,0.0019666940257923354,0.03220897147991062,Late,0.0016911684314658503,Fast,0.933,Late-life
CS2_38,934,0.4637023872320999,-0.0013055551809904595,-0.0017566465285930991,0.001896897024830305,0.021944152557103108,Late,0.0016012261029103823,Fast,0.934,Late-life
CS2_38,935,0.4619326624590349,-0.0019609763074749237,0.002153239505689129,0.001916661220960966,0.0021315239217261643,Late,0.0019388187642179447,Fast,0.935,Late-life
CS2_38,936,0.4830772711157522,-0.001793171127381083,0.0012687845218876921,-0.0014133559581555916,0.004611091571511913,Late,0.0001899075846127457,Medium,0.936,Late-life
CS2_38,937,0.4870345725406721,-0.0016241081369033437,0.0010092224742821651,-0.0023168392423635886,0.004673093510794579,Late,-0.0003463655527301225,Slow,0.937,Late-life
CS2_38,938,0.4889532852032277,-0.0014559085807422506,0.0008195884603443255,-0.002809659453494619,0.00466863775916366,Late,-0.0006768754363761842,Slow,0.938,Late-life
CS2_38,939,0.4896155341298712,-0.0012971324105026801,0.0006839718505578339,-0.003165638326736331,0.0046479395260822275,Late,-0.0009342529581168254,Slow,0.939,Late-life
CS2_38,940,0.4899193357021693,-0.001148981926077435,0.0006236474865472286,-0.0034678875940947285,0.004648242392918171,Late,-0.0011594528340086467,Slow,0.94,Late-life
CS2_38,941,0.4868412492578526,-0.0010201328347388657,0.0006563439562797114,-0.0033055517179646737,0.004662259130376988,Late,-0.001142709441612904,Slow,0.941,Late-life
CS2_38,942,0.4757703657474327,-0.0009584581268120443,0.0011181295529240863,-0.0019768147554853977,0.004962309498019802,Late,-0.0005091783143366767,Slow,0.942,Late-life
CS2_38,943,0.468273918552078,-0.0009082363626576841,0.0013453565199964437,0.0021147646519534585,0.005090430979581158,Late,0.0015115005073055713,Fast,0.943,Late-life
CS2_38,944,0.4601327036449834,-0.0008915538773852126,0.0015466189621230223,0.0038431241279555345,0.005234477605648958,Late,0.0023673390026703735,Fast,0.944,Late-life
CS2_38,945,0.4543614193281228,-0.0009008948329865212,0.0017270221850668858,0.00494169512501499,0.00528192072103325,Late,0.0029212949790007555,Fast,0.945,Late-life
CS2_38,946,0.4497644335544843,-0.0009177455943213918,0.001625080320030265,0.005693014367912411,0.005191378375319544,Late,0.0033053799811169015,Fast,0.946,Late-life
CS2_38,947,0.4458203240726697,-0.000982614153562654,0.0016702591543147707,0.006299858804214227,0.005205712532535027,Late,0.00364123647888844,Fast,0.947,Late-life
CS2_38,948,0.4427932817086389,-0.0010601536768629959,0.0016454369903834152,0.006292566792744814,0.0051970633506900005,Late,0.0036763602348039047,Fast,0.948,Late-life
CS2_38,949,0.4399109784207378,-0.0011569429658055922,0.0016881979098763576,0.005122769618099273,0.0052017603025552965,Late,0.0031398562919524326,Fast,0.949,Late-life
CS2_38,950,0.4378745284483906,-0.0012549638964312298,0.0016733382152367255,0.004342770014812488,0.005200030186834342,Late,0.002798866955621859,Fast,0.95,Late-life
CS2_38,951,0.4397943039322551,-0.0013372498758741208,0.0015413354223910453,0.002905485673246896,0.005238736309401782,Late,0.0021213677745605085,Fast,0.951,Late-life
CS2_38,952,0.4396732942549914,-0.0014150509117194776,0.0016058787879459967,0.002098303581875912,0.005207413058581116,Late,0.001756677246797695,Fast,0.952,Late-life
CS2_38,953,0.4371877452508873,-0.0014780448837766079,0.0017252721572300765,0.001796669757656712,0.005182938180557276,Late,0.00163735732071666,Fast,0.953,Late-life
CS2_38,954,0.436610922028062,-0.0015178038187011345,0.0016834037801759768,0.0013156288635153834,0.0051869313251735275,Late,0.001416716341108259,Fast,0.954,Late-life
CS2_38,955,0.4396989563694483,-0.00153153946390842,0.0015526443054028132,0.0004420464770272327,0.00525626263704433,Late,0.0009867929704678263,Fast,0.955,Late-life
CS2_38,956,0.4313371166897288,-0.0015806277252832883,0.0017035366369951251,0.0012248373901441417,0.005385055840721429,Late,0.001402732557713715,Fast,0.956,Late-life
CS2_38,957,0.4238481864859509,-0.0016738411817158027,0.0017923482012290844,0.002003763137491383,0.0054589272727882596,Late,0.0018388021596035928,Fast,0.957,Late-life
CS2_38,958,0.4185189365171753,-0.0018038746681417394,0.001885862254475378,0.0030393382021542564,0.005494931577408098,Late,0.002421606435147998,Fast,0.958,Late-life
CS2_38,959,0.4160040477755928,-0.0019405756463334353,0.0019143626848441573,0.0033813209256283727,0.005495858809030335,Late,0.002660948285980904,Fast,0.959,Late-life
CS2_38,960,0.4189763980269796,-0.002047903327815327,0.0017486252058607568,0.0026016210319868165,0.0055650674531364476,Late,0.0023247621799010717,Fast,0.96,Late-life
CS2_38,961,0.419732066111148,-0.002143370742826814,0.0016478913462251291,0.0024112651309877164,0.005581737192932164,Late,0.0022773179369072654,Fast,0.961,Late-life
CS2_38,962,0.4191518015031757,-0.002236858404884083,0.001617221533083538,0.002935307838038938,0.005585011826216656,Late,0.0025860831214615104,Fast,0.962,Late-life
CS2_38,963,0.4189636262177129,-0.002321736754638273,0.0015642722459678707,0.0017676414960022732,0.005590709161169485,Late,0.002044689125320273,Fast,0.963,Late-life
CS2_38,964,0.4217881050747057,-0.0023831865807397304,0.0014147102409290473,0.0002942973444635994,0.005645609593429713,Late,0.0013387419626016649,Fast,0.964,Late-life
CS2_38,965,0.4222989661153016,-0.0024359526669363975,0.0013355942295741384,-0.0005400042283037555,0.0056551547580865145,Late,0.000947974219316321,Fast,0.965,Late-life
CS2_38,966,0.4212773063927906,-0.0024903790177624348,0.001311463098911107,-0.0007533226595996852,0.0056548365553383,Late,0.0008685281790813749,Medium,0.966,Late-life
CS2_38,967,0.4148117936784083,-0.0025766935009158888,0.0022021121753981903,0.0005949434783673284,0.0039030476710371297,Late,0.0015858184896416086,Fast,0.967,Late-life
CS2_38,968,0.4127136944937281,-0.0025297651782577825,0.002397447678933679,0.0010026245167742737,0.0037323051042973433,Late,0.001766194847516028,Fast,0.968,Late-life
CS2_38,969,0.409878668570063,-0.0024492165666273975,0.0025507940849407978,0.0013247332761589594,0.0036457112138623153,Late,0.0018869749213931784,Fast,0.969,Late-life
CS2_38,970,0.4075994363061496,-0.002341730065403127,0.0026456805749587612,0.0016234557016518991,0.003597254977753484,Late,0.0019825928835275133,Fast,0.97,Late-life
CS2_38,971,0.4054043907452237,-0.0022128880839763845,0.002726288546998244,0.0023405306184974273,0.003556728371355743,Late,0.002276709351236906,Fast,0.971,Late-life
CS2_38,972,0.3963739350508629,-0.002102648812936385,0.002918300458289991,0.0037035758663483886,0.0037326725773593698,Late,0.0029031123396423865,Fast,0.972,Late-life
CS2_38,973,0.266593707681124,-0.0027141238197229424,0.006747634131171248,0.022097656958809515,0.02308743636600573,Late,0.012405890389266228,Fast,0.973,Late-life
CS2_38,974,0.3908556823437675,-0.002605789966199471,0.002497362458332597,0.0034223016192344025,0.032961512569385745,Late,0.0030140457927169367,Fast,0.974,Late-life
CS2_38,975,0.390851632363972,-0.0025116934550537613,0.0022348732671293985,0.0031231517328222935,0.03294746674362336,Late,0.002817422593938027,Fast,0.975,Late-life
CS2_38,976,0.3876658576894859,-0.002456558552131458,0.002151469730278609,0.0031732586972252974,0.032941488184552385,Late,0.0028149086246783777,Fast,0.976,Late-life
CS2_38,977,0.3832824955730273,-0.0024346719842816785,0.0021445786445631297,0.0034738486761603277,0.032940981890443775,Late,0.002954260330221003,Fast,0.977,Late-life
CS2_38,978,0.3799911606653823,-0.0024332352084327842,0.002123521400235077,0.0036304614399773455,0.03294000183680188,Late,0.003031848324205065,Fast,0.978,Late-life
CS2_38,979,0.3776907138036507,-0.0024431479413513655,0.0021000828356447804,0.002669031606744595,0.032939596006623315,Late,0.0025560897740479803,Fast,0.979,Late-life
CS2_38,980,0.3744042968631398,-0.00246506802445889,0.0021131187599225153,-0.015401512740287972,0.032939995853148954,Late,-0.006468222357914541,Slow,0.98,Late-life
CS2_38,981,0.372637621187489,-0.00248939004758747,0.00210441636325489,0.0026025801651826425,0.03294005241909855,Late,0.0025459851063850563,Fast,0.981,Late-life
CS2_38,982,,,,,,,,,0.982,Late-life
CS2_38,983,0.3974768384137799,,,,,Late,,,0.983,Late-life
CS2_38,984,0.3822121292389827,,,,,Late,,,0.984,Late-life
CS2_38,985,0.373053695454089,,,,,Late,,,0.985,Late-life
CS2_38,986,0.3670865571080789,,,,,Late,,,0.986,Late-life
CS2_38,987,0.3553795922959545,,,,,Late,,,0.987,Late-life
CS2_38,988,0.3482226193304806,,,,,Late,,,0.988,Late-life
CS2_38,989,0.3436805026956093,,,,,Late,,,0.989,Late-life
CS2_38,990,0.3413790266815346,,,0.008013973104606473,,Late,,,0.99,Late-life
CS2_38,991,0.3376895018790798,,,0.006360375337128981,,Late,,,0.991,Late-life
CS2_38,992,0.3337465220200564,,,0.005615310490576088,,Late,,,0.992,Late-life
CS2_38,993,0.3294877136519591,,,0.005371263350874257,,Late,,,0.993,Late-life
CS2_38,994,0.3268124400947987,,,0.004081021743022257,,Late,,,0.994,Late-life
CS2_38,995,0.3266516647149683,,,0.0030815649450731835,,Late,,,0.995,Late-life
CS2_38,996,0.3362235901052177,,,0.001065273227198801,,Late,,,0.996,Late-life
CS2_38,997,0.3355441302813109,,,0.0008335566286033809,,Late,,,0.997,Late-life
CS2_38,998,0.3286306860159602,,,0.0012941165518742328,,Late,,,0.998,Late-life
CS2_38,999,0.3278915565788909,,,0.0008364236344522118,,Late,,,0.999,Late-life
CS2_38,1000,0.3232654225554266,,,0.0008888987280760707,,Late,,,1.0,Late-life
CS2_38,1001,0.3176879489263815,,,0.0013034987383453117,,Late,,,1.001,Late-life
CS2_38,1002,0.3134402605459732,,,0.0018873434527135905,,Late,,,1.002,Late-life
CS2_38,1003,0.3102976278366099,,,0.0037037088955153958,,Late,,,1.003,Late-life
CS2_38,1004,0.3080151296336404,,,0.003932714378238643,,Late,,,1.004,Late-life
CS2_38,1005,0.3058880302515376,,,0.0032489508234889402,,Late,,,1.005,Late-life
CS2_38,1006,0.3026108736264858,,,0.003611526136057871,,Late,,,1.006,Late-life
CS2_38,1007,0.3006418026219683,,,0.003231945704779756,,Late,,,1.007,Late-life
CS2_38,1008,0.296732982020892,,,0.0029935667007842193,,Late,,,1.008,Late-life
CS2_38,1009,0.2944844695395461,,,0.0027079701437752973,,Late,,,1.009,Late-life
CS2_38,1010,0.295689737019816,,,0.0020868415452562745,,Late,,,1.01,Late-life
CS2_38,1011,0.3021324375578257,,,0.0008403845822592444,,Late,,,1.011,Late-life
CS2_38,1012,0.2984766647223563,,,0.001058766504168759,,Late,,,1.012,Late-life
CS2_38,1013,0.3033034610523298,,,-9.894106083485621e-05,,Late,,,1.013,Late-life
CS2_38,1014,0.3035479950240778,-0.0026428494682544995,0.00302996268999039,-0.00041517034315849806,0.00476725069051495,Late,0.0011138395625480007,Fast,1.014,Late-life
CS2_38,1015,0.2976967778138973,-0.002384314174835457,0.0027263016588737216,-0.00013768511328647395,0.004231675472868376,Late,0.0011233145307744917,Fast,1.015,Late-life
CS2_38,1016,0.2976877825512179,-0.0021815805923239557,0.002431158480737777,-0.0004576161445245451,0.004084618934616745,Late,0.0008619822238997053,Medium,1.016,Late-life
CS2_38,1017,0.2799078165367661,-0.002104279298663998,0.002812217437784284,0.002254560069007126,0.004895932701536272,Late,0.002179419683835562,Fast,1.017,Late-life
CS2_38,1018,0.2804227520741794,-0.002025999413714427,0.0024179625877991974,0.0031013836405209033,0.004641262698581654,Late,0.0025636915271176654,Fast,1.018,Late-life
CS2_38,1019,0.277110145579657,-0.0020055811545094497,0.0022939507661555994,0.003052359877528467,0.004561085413905932,Late,0.0025289705160189586,Fast,1.019,Late-life
CS2_38,1020,0.2760404156611913,-0.0020058379029841717,0.0021819382914328384,0.0038947207701626424,0.004546649025636811,Late,0.0029502793365734073,Fast,1.02,Late-life
CS2_38,1021,0.2739956556870769,-0.0020187253334254898,0.0021736571288534737,0.004221762762428701,0.004546657833273686,Late,0.0031202440479270958,Fast,1.021,Late-life
CS2_38,1022,0.2717549765414711,-0.0020327198144462024,0.0021269201721809254,0.0037059716103465972,0.00453799458680535,Late,0.0028693457123964,Fast,1.022,Late-life
CS2_38,1023,0.2694021316560208,-0.002056876394009784,0.0020756254956140517,0.004040807270742448,0.004525753159519287,Late,0.003048841832376116,Fast,1.023,Late-life
CS2_38,1024,0.265967420915014,-0.0020993650168051833,0.002049041701191777,0.0019914850888217268,0.004514909255029761,Late,0.002045425052813455,Fast,1.024,Late-life
CS2_38,1025,0.2653472261988263,-0.0021462906832477543,0.001982748835353949,0.002153646553621872,0.004520491742195887,Late,0.0021499686184348133,Fast,1.025,Late-life
CS2_38,1026,0.2688069912887059,-0.0021662277746708524,0.001865957207298788,0.0011861648987073045,0.0046149174404882115,Late,0.0016761963366890785,Fast,1.026,Late-life
CS2_38,1027,0.1844368621853979,-0.00264525003693793,0.004896346061929671,0.013086221925113344,0.015308337767905222,Late,0.007865735981025638,Fast,1.027,Late-life
CS2_38,1028,0.2712219422666318,-0.002521149017413292,0.0020749092907960997,0.00039624477434929695,0.02248798364870262,Late,0.0014586968958812945,Fast,1.028,Late-life
CS2_38,1029,0.270183718235384,-0.0023832290505793473,0.001885386057437941,0.00022446547229816,0.022470597130785086,Late,0.0013038472614387536,Fast,1.029,Late-life
CS2_38,1030,0.263132304530758,-0.002303230026103928,0.0020890081305849333,0.0008956895893232579,0.022488456801526963,Late,0.001599459807713593,Fast,1.03,Late-life
CS2_38,1031,0.2667059075881216,-0.002183387309120198,0.00182450048281629,-0.00010549809615822969,0.022505836238574738,Late,0.0010389446064809841,Fast,1.031,Late-life
CS2_38,1032,0.261831520041004,-0.0020967918683009418,0.0018018202866250809,0.0005022437368317518,0.022502282107573532,Late,0.0012995178025663467,Fast,1.032,Late-life
