feature_group,permutation,null_statistic
Group_CC,0,0.22169625821318228
Group_CC,1,0.20459178606709205
Group_CC,2,0.21188183001234231
Group_CC,3,0.29467386124471173
Group_CC,4,0.39885192877865977
Group_CC,5,0.14657053844176912
Group_CC,6,0.1748243501800029
Group_CC,7,0.21253945115931103
Group_CC,8,0.3324265416531733
Group_CC,9,0.18455754569263494
Group_CC,10,0.2303262944706244
Group_CC,11,0.1658308185534463
Group_CC,12,0.303161337442532
Group_CC,13,0.3126476430398786
Group_CC,14,0.19263300673357428
Group_CC,15,0.2661887659529392
Group_CC,16,0.1832145537571401
Group_CC,17,0.26108352144394614
Group_CC,18,0.2977243272467345
Group_CC,19,0.3421555130426666
Group_CC,20,0.265278906925555
Group_CC,21,0.25240745690625
Group_CC,22,0.16645428995228012
Group_CC,23,0.18170376940552357
Group_CC,24,0.2870865333867468
Group_CC,25,0.26998735774794835
Group_CC,26,0.12883691295664632
Group_CC,27,0.2571628976169866
Group_CC,28,0.22042596506079914
Group_CC,29,0.29119560208618056
Group_CC,30,0.27287366330127666
Group_CC,31,0.2496362218251844
Group_CC,32,0.13699083247731128
Group_CC,33,0.1973718119469077
Group_CC,34,0.1964702716252631
Group_CC,35,0.37175968483791666
Group_CC,36,0.28275076305443053
Group_CC,37,0.2534465528185998
Group_CC,38,0.336520251144765
Group_CC,39,0.20816684689339707
Group_CC,40,0.31438046967253835
Group_CC,41,0.17089003678133766
Group_CC,42,0.18198710085471548
Group_CC,43,0.24338447890479387
Group_CC,44,0.2605744085183403
Group_CC,45,0.18861548534314068
Group_CC,46,0.22174963023311967
Group_CC,47,0.11705511933640513
Group_CC,48,0.16101548820338824
Group_CC,49,0.29274507342452355
Group_CC,50,0.2033020702833549
Group_CC,51,0.27386048169684846
Group_CC,52,0.21654069902490197
Group_CC,53,0.33363404506761757
Group_CC,54,0.10555359203321676
Group_CC,55,0.3048340117728885
Group_CC,56,0.2294791291636345
Group_CC,57,0.16182621276654535
Group_CC,58,0.23167117551098682
Group_CC,59,0.30163163408078814
Group_CC,60,0.25202927531447444
Group_CC,61,0.3418970304561588
Group_CC,62,0.2820631972211173
Group_CC,63,0.3107405579652589
Group_CC,64,0.2424879775109794
Group_CC,65,0.32233344467483815
Group_CC,66,0.16092410375250377
Group_CC,67,0.2342363320102503
Group_CC,68,0.24535157134668947
Group_CC,69,0.2745054426847282
Group_CC,70,0.2376679442076255
Group_CC,71,0.2726073992038969
Group_CC,72,0.1689524589347809
Group_CC,73,0.15892641529143517
Group_CC,74,0.19666028092999052
Group_CC,75,0.3173293190147147
Group_CC,76,0.289134830344188
Group_CC,77,0.2257657718637547
Group_CC,78,0.07212825731070525
Group_CC,79,0.3074356279580965
Group_CC,80,0.2747762105886188
Group_CC,81,0.25406204815526756
Group_CC,82,0.2721040824564207
Group_CC,83,0.41593065103354765
Group_CC,84,0.2892775659758352
Group_CC,85,0.20908733159897905
Group_CC,86,0.15586051802549364
Group_CC,87,0.282664366500755
Group_CC,88,0.24768244364499234
Group_CC,89,0.25405382271534716
Group_CC,90,0.19767672228009067
Group_CC,91,0.2738499259458517
Group_CC,92,0.25982361712904684
Group_CC,93,0.16149764620635165
Group_CC,94,0.2869800412017344
Group_CC,95,0.4067155179138379
Group_CC,96,0.41437392004403173
Group_CC,97,0.1630791145303652
Group_CC,98,0.14394450705883474
Group_CC,99,0.27076784035480433
Group_CC,100,0.15728073349369862
Group_CC,101,0.22117291823478347
Group_CC,102,0.31251025457535575
Group_CC,103,0.24523830247331624
Group_CC,104,0.28199209215773174
Group_CC,105,0.2032650555240373
Group_CC,106,0.390113155232752
Group_CC,107,0.19984506215693046
Group_CC,108,0.12033937958849188
Group_CC,109,0.33667576380332725
Group_CC,110,0.14282626093280584
Group_CC,111,0.20545217731132576
Group_CC,112,0.13859044560232758
Group_CC,113,0.2805061995048912
Group_CC,114,0.15196018039571188
Group_CC,115,0.30597876189077755
Group_CC,116,0.2163722106272985
Group_CC,117,0.18601780744539306
Group_CC,118,0.4146878727843606
Group_CC,119,0.2625570511304029
Group_CC,120,0.16992884955161122
Group_CC,121,0.248344790148801
Group_CC,122,0.12948809379513554
Group_CC,123,0.17941692796515474
Group_CC,124,0.3343713758444623
Group_CC,125,0.3064773985076034
Group_CC,126,0.3229751178693417
Group_CC,127,0.2304051194448054
Group_CC,128,0.3179975613458119
Group_CC,129,0.32365974845760986
Group_CC,130,0.202482804330764
Group_CC,131,0.2285059163208273
Group_CC,132,0.2792322890634372
Group_CC,133,0.2837198226099788
Group_CC,134,0.23704717089296073
Group_CC,135,0.20147785633132081
Group_CC,136,0.15254463620170086
Group_CC,137,0.2370151491072019
Group_CC,138,0.2624424262413975
Group_CC,139,0.23650174171258048
Group_CC,140,0.16730639673208872
Group_CC,141,0.21286168524350285
Group_CC,142,0.2220219183840723
Group_CC,143,0.3637518837265144
Group_CC,144,0.3664007945160702
Group_CC,145,0.3416582641862032
Group_CC,146,0.4135041822261245
Group_CC,147,0.20134198874754078
Group_CC,148,0.19718599817620988
Group_CC,149,0.17523123992387873
Group_CC,150,0.21875591140669395
Group_CC,151,0.16525164327803932
Group_CC,152,0.3409197236330152
Group_CC,153,0.18362922961697328
Group_CC,154,0.2642054641358687
Group_CC,155,0.24535015546858727
Group_CC,156,0.3350253265112673
Group_CC,157,0.17634679648352714
Group_CC,158,0.3145017239103382
Group_CC,159,0.40227331794918436
Group_CC,160,0.2504813610843774
Group_CC,161,0.22343759585428435
Group_CC,162,0.1781565656276956
Group_CC,163,0.35381084660090006
Group_CC,164,0.14422732893474224
Group_CC,165,0.24782135096281616
Group_CC,166,0.45971234953120926
Group_CC,167,0.27353910970191053
Group_CC,168,0.24366047765166501
Group_CC,169,0.25211729870484656
Group_CC,170,0.24356071790944092
Group_CC,171,0.36300009378060166
Group_CC,172,0.31381535424963414
Group_CC,173,0.13801073969358899
Group_CC,174,0.3334814973564091
Group_CC,175,0.3801753530673287
Group_CC,176,0.2542050828413365
Group_CC,177,0.1277718468870187
Group_CC,178,0.3181108380924628
Group_CC,179,0.2871356035894905
Group_CC,180,0.29840710803824494
Group_CC,181,0.26870378133483214
Group_CC,182,0.2760229289696278
Group_CC,183,0.18978551487970005
Group_CC,184,0.28390559468230375
Group_CC,185,0.41802328433360286
Group_CC,186,0.22159132719000965
Group_CC,187,0.21581048422462884
Group_CC,188,0.17968990313018765
Group_CC,189,0.3533080518234044
Group_CC,190,0.2764206867113256
Group_CC,191,0.32575510056897145
Group_CC,192,0.13280419571379762
Group_CC,193,0.362858222259929
Group_CC,194,0.23888401593694383
Group_CC,195,0.2596641607170661
Group_CC,196,0.23244994827367355
Group_CC,197,0.1456724862102686
Group_CC,198,0.2885617563247534
Group_CC,199,0.10887968649491422
Group_CC,200,0.18337978158590787
Group_CC,201,0.25869492579073616
Group_CC,202,0.2386363984086231
Group_CC,203,0.3409452606005907
Group_CC,204,0.26897684765145286
Group_CC,205,0.2911501534548975
Group_CC,206,0.3420055261370802
Group_CC,207,0.21368227268835047
Group_CC,208,0.31250091336480135
Group_CC,209,0.20806525621053537
Group_CC,210,0.29832573447878014
Group_CC,211,0.3001119560126767
Group_CC,212,0.21135180701095052
Group_CC,213,0.25513171509573196
Group_CC,214,0.3015411411247468
Group_CC,215,0.21605599896099842
Group_CC,216,0.3851551411097178
Group_CC,217,0.19126707912860993
Group_CC,218,0.26581685157997886
Group_CC,219,0.33448623544403716
Group_CC,220,0.23291483564089582
Group_CC,221,0.3560111699135992
Group_CC,222,0.31194031730188787
Group_CC,223,0.22900164354925795
Group_CC,224,0.2597886814632574
Group_CC,225,0.3238662281091628
Group_CC,226,0.22081082206828687
Group_CC,227,0.2878611415658178
Group_CC,228,0.2839029570798164
Group_CC,229,0.20365860823782272
Group_CC,230,0.20444019908784314
Group_CC,231,0.19751886995138643
Group_CC,232,0.15477349503490295
Group_CC,233,0.23949919154448365
Group_CC,234,0.24588613693559422
Group_CC,235,0.1861501030494443
Group_CC,236,0.28557835944571014
Group_CC,237,0.15393366428000607
Group_CC,238,0.2158305498063541
Group_CC,239,0.2361017063194289
Group_CC,240,0.2298770321459072
Group_CC,241,0.28256256947610514
Group_CC,242,0.2485937721700368
Group_CC,243,0.16800650142112541
Group_CC,244,0.12662593583569387
Group_CC,245,0.2876193056724592
Group_CC,246,0.23800308722358993
Group_CC,247,0.3024955022586599
Group_CC,248,0.10469933250926187
Group_CC,249,0.16026341049717802
Group_CC,250,0.3221950810914736
Group_CC,251,0.3666306539302878
Group_CC,252,0.15117060305628638
Group_CC,253,0.20674737969361676
Group_CC,254,0.13717718170050017
Group_CC,255,0.2999626756119189
Group_CC,256,0.2657453112733653
Group_CC,257,0.08814729250093979
Group_CC,258,0.23699507498842648
Group_CC,259,0.1946971682986958
Group_CC,260,0.21621300374559982
Group_CC,261,0.32596897683710324
Group_CC,262,0.11413122227148662
Group_CC,263,0.22319397666381938
Group_CC,264,0.09287637754446858
Group_CC,265,0.14839587082742836
Group_CC,266,0.3444779042358603
Group_CC,267,0.1889664020432853
Group_CC,268,0.40436712711827466
Group_CC,269,0.2490668478224395
Group_CC,270,0.26185790217080956
Group_CC,271,0.2191306007175071
Group_CC,272,0.164512843775922
Group_CC,273,0.1144604267826212
Group_CC,274,0.32132494360263275
Group_CC,275,0.25055263162163016
Group_CC,276,0.17841141423800355
Group_CC,277,0.15707223955896651
Group_CC,278,0.3727536875090769
Group_CC,279,0.29659203831534037
Group_CC,280,0.3090417754382283
Group_CC,281,0.08591376964663633
Group_CC,282,0.14857161860686346
Group_CC,283,0.21923427113836608
Group_CC,284,0.24758858245724757
Group_CC,285,0.18932440438222886
Group_CC,286,0.3097185158613378
Group_CC,287,0.3399884700816925
Group_CC,288,0.1814518170965116
Group_CC,289,0.21076268766907286
Group_CC,290,0.24206210186650157
Group_CC,291,0.2926815861494309
Group_CC,292,0.23066687660035004
Group_CC,293,0.14058811279853908
Group_CC,294,0.3048607255265895
Group_CC,295,0.22322700193462747
Group_CC,296,0.3096242144074127
Group_CC,297,0.2153888379795688
Group_CC,298,0.26600536324722585
Group_CC,299,0.3190834580427368
Group_CC,300,0.28253631433677645
Group_CC,301,0.2738338825973421
Group_CC,302,0.29454933416409573
Group_CC,303,0.23388684802367068
Group_CC,304,0.3880095067779866
Group_CC,305,0.24372185247055103
Group_CC,306,0.20999548058956022
Group_CC,307,0.28892459298958756
Group_CC,308,0.14591495212155867
Group_CC,309,0.19164279176780907
Group_CC,310,0.3442615397330002
Group_CC,311,0.21963012338156593
Group_CC,312,0.28815022437286614
Group_CC,313,0.2053060381406516
Group_CC,314,0.27867214556399067
Group_CC,315,0.35648736852187285
Group_CC,316,0.21137578331856235
Group_CC,317,0.2678677256283441
Group_CC,318,0.16178157061741671
Group_CC,319,0.17802505951103278
Group_CC,320,0.23019307856477675
Group_CC,321,0.1959262386666762
Group_CC,322,0.22472811442449037
Group_CC,323,0.19040308403119915
Group_CC,324,0.135675682724799
Group_CC,325,0.19209142323153686
Group_CC,326,0.17287712034781572
Group_CC,327,0.28654302044497887
Group_CC,328,0.16173637632717167
Group_CC,329,0.20072391459614408
Group_CC,330,0.19297843034229517
Group_CC,331,0.35051318270204584
Group_CC,332,0.37280618437852364
Group_CC,333,0.44346197895373396
Group_CC,334,0.28223014912271255
Group_CC,335,0.2354508101077577
Group_CC,336,0.2076765783337003
Group_CC,337,0.3537205072385623
Group_CC,338,0.26154377845856586
Group_CC,339,0.2447301096456098
Group_CC,340,0.2005169484883466
Group_CC,341,0.21235930148650212
Group_CC,342,0.25177729067371285
Group_CC,343,0.2643199558865834
Group_CC,344,0.2594839877589184
Group_CC,345,0.20779093032768087
Group_CC,346,0.3002118543489755
Group_CC,347,0.28542506216886104
Group_CC,348,0.2905854032597143
Group_CC,349,0.25350505889384495
Group_CC,350,0.4224862947182841
Group_CC,351,0.12087259065273784
Group_CC,352,0.1707946771506449
Group_CC,353,0.19797387572534358
Group_CC,354,0.3301412825328455
Group_CC,355,0.24840087874684386
Group_CC,356,0.21536367248777666
Group_CC,357,0.365715417049037
Group_CC,358,0.1742915208548118
Group_CC,359,0.2748399735785338
Group_CC,360,0.2529321497109441
Group_CC,361,0.21243288979376837
Group_CC,362,0.2193443141351008
Group_CC,363,0.2579736175685858
Group_CC,364,0.2733683265040678
Group_CC,365,0.3038705268063271
Group_CC,366,0.1800655450970012
Group_CC,367,0.2586091992105427
Group_CC,368,0.23863056909633082
Group_CC,369,0.2457697118629695
Group_CC,370,0.254176543316573
Group_CC,371,0.2962058109175869
Group_CC,372,0.2494048390653018
Group_CC,373,0.2496256075940267
Group_CC,374,0.13095138701324424
Group_CC,375,0.28056884286072503
Group_CC,376,0.2695305849581772
Group_CC,377,0.29940487301517604
Group_CC,378,0.3328702283367319
Group_CC,379,0.24947440156331488
Group_CC,380,0.1521324145045553
Group_CC,381,0.30636336984176704
Group_CC,382,0.25238055417176997
Group_CC,383,0.2962212792234359
Group_CC,384,0.12124387226809624
Group_CC,385,0.2140536439557632
Group_CC,386,0.24128889388382666
Group_CC,387,0.25226152414150266
Group_CC,388,0.2994101678321455
Group_CC,389,0.17919004477996545
Group_CC,390,0.21143194773395516
Group_CC,391,0.3833104803500506
Group_CC,392,0.18567775981664467
Group_CC,393,0.44054078004789327
Group_CC,394,0.20352959054678832
Group_CC,395,0.18073377016408124
Group_CC,396,0.20625953965998997
Group_CC,397,0.24718495894802464
Group_CC,398,0.2386734151506624
Group_CC,399,0.2916549808684433
Group_CC,400,0.30612193562404255
Group_CC,401,0.268837929012521
Group_CC,402,0.3550780242658165
Group_CC,403,0.24031989826135564
Group_CC,404,0.25985292576531765
Group_CC,405,0.1769481949123913
Group_CC,406,0.238680520564516
Group_CC,407,0.3437484377414373
Group_CC,408,0.24901591015209165
Group_CC,409,0.3472227932176927
Group_CC,410,0.23894382742513587
Group_CC,411,0.18714447122609595
Group_CC,412,0.14032849188299235
Group_CC,413,0.25534713170883183
Group_CC,414,0.34171828039381985
Group_CC,415,0.36384440930960665
Group_CC,416,0.25528144945943576
Group_CC,417,0.22120378921652406
Group_CC,418,0.35744053450042423
Group_CC,419,0.322811125795703
Group_CC,420,0.12073302273743576
Group_CC,421,0.3281403305712519
Group_CC,422,0.25182997549560615
Group_CC,423,0.38348639345020885
Group_CC,424,0.20195898278866808
Group_CC,425,0.27099799903568766
Group_CC,426,0.24803098317490166
Group_CC,427,0.2947022298964791
Group_CC,428,0.1840958144973398
Group_CC,429,0.2636464754593791
Group_CC,430,0.3165599485122479
Group_CC,431,0.18997422955085516
Group_CC,432,0.3019140286431315
Group_CC,433,0.204567719803127
Group_CC,434,0.24906399828061515
Group_CC,435,0.11904411820192841
Group_CC,436,0.24919756174604563
Group_CC,437,0.12182349115833473
Group_CC,438,0.3039468606673122
Group_CC,439,0.23332687854278358
Group_CC,440,0.30778740297155893
Group_CC,441,0.23454606817754764
Group_CC,442,0.06551486045399608
Group_CC,443,0.24637527724137454
Group_CC,444,0.2029889649933981
Group_CC,445,0.2600393546356201
Group_CC,446,0.29695479080593384
Group_CC,447,0.3362661932104055
Group_CC,448,0.35344807841896064
Group_CC,449,0.177142869683825
Group_CC,450,0.26824945818891693
Group_CC,451,0.17686226633697294
Group_CC,452,0.26683831971696614
Group_CC,453,0.2786623674654741
Group_CC,454,0.19452968571532595
Group_CC,455,0.31324073766133104
Group_CC,456,0.16466432533574824
Group_CC,457,0.2746035804285252
Group_CC,458,0.2272836979769316
Group_CC,459,0.3073408241165379
Group_CC,460,0.4044263592546268
Group_CC,461,0.24289863848168797
Group_CC,462,0.13757984513555116
Group_CC,463,0.20714971784525682
Group_CC,464,0.3647493667014935
Group_CC,465,0.20767640450363528
Group_CC,466,0.23030384104143076
Group_CC,467,0.22005728761472643
Group_CC,468,0.13010038481139866
Group_CC,469,0.292078004730622
Group_CC,470,0.2892469484007435
Group_CC,471,0.23088619961589546
Group_CC,472,0.17290954072016557
Group_CC,473,0.2145169106802299
Group_CC,474,0.3178259684420757
Group_CC,475,0.24161802756688705
Group_CC,476,0.156346646665417
Group_CC,477,0.40610549855170136
Group_CC,478,0.26428099239957475
Group_CC,479,0.22717889902447982
Group_CC,480,0.25088991631638813
Group_CC,481,0.1994677230494077
Group_CC,482,0.33104003362773743
Group_CC,483,0.32173551166199327
Group_CC,484,0.20383993506689704
Group_CC,485,0.2878741915077393
Group_CC,486,0.2920115507658353
Group_CC,487,0.3468024416865209
Group_CC,488,0.32803608256382777
Group_CC,489,0.23472925000123376
Group_CC,490,0.27835289903904886
Group_CC,491,0.37060240168510505
Group_CC,492,0.26383314565883026
Group_CC,493,0.08481221275210148
Group_CC,494,0.26066536899676646
Group_CC,495,0.15542123007849773
Group_CC,496,0.2669702642373803
Group_CC,497,0.2276261264258489
Group_CC,498,0.3259944951946245
Group_CC,499,0.17929248034002815
Group_CC,500,0.40471402280239743
Group_CC,501,0.4096866981686796
Group_CC,502,0.1667178589162479
Group_CC,503,0.2387808446099627
Group_CC,504,0.3229373121006656
Group_CC,505,0.2874947925174014
Group_CC,506,0.195933927491771
Group_CC,507,0.19171004969794306
Group_CC,508,0.28033263636060785
Group_CC,509,0.25165590036710567
Group_CC,510,0.34275407354016724
Group_CC,511,0.32244602225336977
Group_CC,512,0.09963214336203675
Group_CC,513,0.2932299853806058
Group_CC,514,0.2829095362935499
Group_CC,515,0.24910073574288122
Group_CC,516,0.30552810815282655
Group_CC,517,0.23565444411738598
Group_CC,518,0.20626997994750357
Group_CC,519,0.17530489230807889
Group_CC,520,0.20972952125266475
Group_CC,521,0.25740330115941124
Group_CC,522,0.2530033815419452
Group_CC,523,0.20509575890448245
Group_CC,524,0.1917373697285684
Group_CC,525,0.16497954198101125
Group_CC,526,0.1709362185061136
Group_CC,527,0.27524769862419396
Group_CC,528,0.21315370111415627
Group_CC,529,0.22873543488447015
Group_CC,530,0.10886456791927149
Group_CC,531,0.3869186171390691
Group_CC,532,0.21669860322083617
Group_CC,533,0.22937461903207482
Group_CC,534,0.23300256777577383
Group_CC,535,0.21555048817920366
Group_CC,536,0.2547885962920724
Group_CC,537,0.30611848594405927
Group_CC,538,0.15942169097755926
Group_CC,539,0.17787910625203993
Group_CC,540,0.2699262290125227
Group_CC,541,0.23738321285041283
Group_CC,542,0.2886575088563271
Group_CC,543,0.2393834913694042
Group_CC,544,0.2943785842069189
Group_CC,545,0.24043411297716527
Group_CC,546,0.27435712950492
Group_CC,547,0.21726050370893915
Group_CC,548,0.1112478751072748
Group_CC,549,0.29051790345490547
Group_CC,550,0.4756156719790569
Group_CC,551,0.2319633525721064
Group_CC,552,0.14915601868334327
Group_CC,553,0.2271068460617703
Group_CC,554,0.14457210135166013
Group_CC,555,0.34407259314057864
Group_CC,556,0.3006519807186328
Group_CC,557,0.16643459337707722
Group_CC,558,0.18720698875857988
Group_CC,559,0.20920553863824287
Group_CC,560,0.29011667837899413
Group_CC,561,0.26712431510168205
Group_CC,562,0.19789596883789085
Group_CC,563,0.21019998863592604
Group_CC,564,0.2894524041419244
Group_CC,565,0.16744365745429238
Group_CC,566,0.21572471586561992
Group_CC,567,0.39623524269249455
Group_CC,568,0.19390334974065923
Group_CC,569,0.29922185792676964
Group_CC,570,0.2534595898903682
Group_CC,571,0.314329790496836
Group_CC,572,0.15361169120542156
Group_CC,573,0.26612996875034184
Group_CC,574,0.2721964350569395
Group_CC,575,0.19314288331828583
Group_CC,576,0.3066247095061177
Group_CC,577,0.1893260359267327
Group_CC,578,0.1280433707954292
Group_CC,579,0.37193542293027704
Group_CC,580,0.27149962611574485
Group_CC,581,0.22474471225023773
Group_CC,582,0.2925678348542621
Group_CC,583,0.432547538158036
Group_CC,584,0.4179013919185507
Group_CC,585,0.2228465286626759
Group_CC,586,0.22682510088010338
Group_CC,587,0.2857811177687861
Group_CC,588,0.20507981630398403
Group_CC,589,0.15783303430425888
Group_CC,590,0.19763882293238327
Group_CC,591,0.23874329162302776
Group_CC,592,0.3582963743341367
Group_CC,593,0.29538618073483497
Group_CC,594,0.3825267092445715
Group_CC,595,0.16781332834862508
Group_CC,596,0.21247139109714613
Group_CC,597,0.12121099473241756
Group_CC,598,0.20999601953938718
Group_CC,599,0.23015806252623625
Group_CC,600,0.3521506801817665
Group_CC,601,0.24692851259676166
Group_CC,602,0.21351311829576772
Group_CC,603,0.30979336020598275
Group_CC,604,0.29803665640051263
Group_CC,605,0.28515618465627623
Group_CC,606,0.2237121128689977
Group_CC,607,0.34256165494411234
Group_CC,608,0.14385427001708465
Group_CC,609,0.2572368568588235
Group_CC,610,0.32099986808814773
Group_CC,611,0.1889528523447313
Group_CC,612,0.2061864916694595
Group_CC,613,0.3270943454632026
Group_CC,614,0.2514727967470514
Group_CC,615,0.26160142119152474
Group_CC,616,0.3177930989848792
Group_CC,617,0.26418189863545666
Group_CC,618,0.2902792475398583
Group_CC,619,0.12294991613685134
Group_CC,620,0.269470275856225
Group_CC,621,0.1815554647137776
Group_CC,622,0.2869505195957393
Group_CC,623,0.25766938740925266
Group_CC,624,0.14668052460731634
Group_CC,625,0.2838877799553709
Group_CC,626,0.2772199344618756
Group_CC,627,0.410490826383927
Group_CC,628,0.23278682804979514
Group_CC,629,0.170860790519601
Group_CC,630,0.14207067807683527
Group_CC,631,0.3008965102487107
Group_CC,632,0.20289486100074397
Group_CC,633,0.14749595092711726
Group_CC,634,0.3427273178440991
Group_CC,635,0.31957290641884584
Group_CC,636,0.2121689378714109
Group_CC,637,0.2437626803712153
Group_CC,638,0.2227946709623776
Group_CC,639,0.23478330668159592
Group_CC,640,0.25494812040566156
Group_CC,641,0.24712318970048675
Group_CC,642,0.26847463939405036
Group_CC,643,0.22441049639132338
Group_CC,644,0.24465127513024523
Group_CC,645,0.19564371133561276
Group_CC,646,0.1999158540627792
Group_CC,647,0.1947113223646748
Group_CC,648,0.2416875895188458
Group_CC,649,0.2318024549977635
Group_CC,650,0.30399562701930044
Group_CC,651,0.36607286145344814
Group_CC,652,0.2379247855703347
Group_CC,653,0.2645433971573322
Group_CC,654,0.15486234918716105
Group_CC,655,0.22521039686084948
Group_CC,656,0.2622115663190425
Group_CC,657,0.2512599452943612
Group_CC,658,0.2890564606677629
Group_CC,659,0.2922832193566933
Group_CC,660,0.13280432463014277
Group_CC,661,0.2765621191308515
Group_CC,662,0.300764677844265
Group_CC,663,0.3195039692892532
Group_CC,664,0.3463902305400691
Group_CC,665,0.3013274561230368
Group_CC,666,0.24068157176702176
Group_CC,667,0.20874818099688872
Group_CC,668,0.31651236980577246
Group_CC,669,0.19345044402490025
Group_CC,670,0.31957821950492843
Group_CC,671,0.3080848115228462
Group_CC,672,0.2265125452010763
Group_CC,673,0.12686716387428057
Group_CC,674,0.19157886728667736
Group_CC,675,0.17041723378413645
Group_CC,676,0.37035572965708474
Group_CC,677,0.27305598038959084
Group_CC,678,0.27893264530146794
Group_CC,679,0.2714976264912838
Group_CC,680,0.22098312281239008
Group_CC,681,0.3221176148045257
Group_CC,682,0.1900168979806315
Group_CC,683,0.12846465284321099
Group_CC,684,0.30495036921188207
Group_CC,685,0.24837449984826518
Group_CC,686,0.16281415745357367
Group_CC,687,0.3013021555969089
Group_CC,688,0.2275262505267514
Group_CC,689,0.113989382981159
Group_CC,690,0.17450166741803735
Group_CC,691,0.25145597947040416
Group_CC,692,0.4009815497016231
Group_CC,693,0.32383662684292025
Group_CC,694,0.27106614419097375
Group_CC,695,0.31954805716961737
Group_CC,696,0.15536741631907988
Group_CC,697,0.3096174926910679
Group_CC,698,0.15329692718402285
Group_CC,699,0.22515577743655882
Group_CC,700,0.2846555491384791
Group_CC,701,0.16222261188383874
Group_CC,702,0.24890152532405097
Group_CC,703,0.17357402788586215
Group_CC,704,0.3764696482130113
Group_CC,705,0.3048063420685986
Group_CC,706,0.25345530244773995
Group_CC,707,0.2515129263945378
Group_CC,708,0.22772100839734327
Group_CC,709,0.24449002637002562
Group_CC,710,0.25594238224658517
Group_CC,711,0.20106901440644992
Group_CC,712,0.1260099607204352
Group_CC,713,0.2953912844473952
Group_CC,714,0.34600296518077583
Group_CC,715,0.17493879979241495
Group_CC,716,0.2676278687869067
Group_CC,717,0.3639795728847669
Group_CC,718,0.23534684272671103
Group_CC,719,0.1651908671473246
Group_CC,720,0.17355269238715634
Group_CC,721,0.22165955432672094
Group_CC,722,0.14645425241203777
Group_CC,723,0.08475871578637607
Group_CC,724,0.17156731014685364
Group_CC,725,0.2163100516190049
Group_CC,726,0.10061664638622529
Group_CC,727,0.2500954321248313
Group_CC,728,0.2513938126129348
Group_CC,729,0.17045425838679407
Group_CC,730,0.15339123468215396
Group_CC,731,0.26302456445839173
Group_CC,732,0.3581437204010448
Group_CC,733,0.2176838128229589
Group_CC,734,0.1563306923831686
Group_CC,735,0.19688452299317918
Group_CC,736,0.2565810006064899
Group_CC,737,0.14458042924220088
Group_CC,738,0.2428441402772219
Group_CC,739,0.32702978560044116
Group_CC,740,0.16760903912192177
Group_CC,741,0.24516949170592048
Group_CC,742,0.25200313523536466
Group_CC,743,0.3135166592401356
Group_CC,744,0.2985129936201114
Group_CC,745,0.25680009099933393
Group_CC,746,0.16292123730725303
Group_CC,747,0.33043413157239154
Group_CC,748,0.2096037066627624
Group_CC,749,0.2854508423848479
Group_CC,750,0.3095956295299312
Group_CC,751,0.22336508004447891
Group_CC,752,0.30772604711756285
Group_CC,753,0.4130660266601183
Group_CC,754,0.3579837051866764
Group_CC,755,0.3258988576902392
Group_CC,756,0.14713781979413562
Group_CC,757,0.33244861429186084
Group_CC,758,0.194278763876024
Group_CC,759,0.29385510839780143
Group_CC,760,0.4719338680000158
Group_CC,761,0.27509168855019656
Group_CC,762,0.1520343926294715
Group_CC,763,0.2963859127183094
Group_CC,764,0.3540456079524043
Group_CC,765,0.3882250646696411
Group_CC,766,0.2478154747124284
Group_CC,767,0.23328473367344726
Group_CC,768,0.20232476520518586
Group_CC,769,0.15904784273510417
Group_CC,770,0.25071946597294675
Group_CC,771,0.09244201965605535
Group_CC,772,0.2695753925127933
Group_CC,773,0.28776845492175984
Group_CC,774,0.3375409637411513
Group_CC,775,0.29925948013503845
Group_CC,776,0.16775621294520032
Group_CC,777,0.19106255605106412
Group_CC,778,0.33045674931231867
Group_CC,779,0.33535371762140065
Group_CC,780,0.32677695618599145
Group_CC,781,0.27671951040680276
Group_CC,782,0.18536423090594126
Group_CC,783,0.18417428425647436
Group_CC,784,0.3633052640641406
Group_CC,785,0.18960721020315455
Group_CC,786,0.28109894300788196
Group_CC,787,0.15224451448355253
Group_CC,788,0.2131776626261975
Group_CC,789,0.20706413523548473
Group_CC,790,0.2858647372385907
Group_CC,791,0.2424951520594838
Group_CC,792,0.3340722447211074
Group_CC,793,0.25018318969995446
Group_CC,794,0.295526269540041
Group_CC,795,0.2766604453641452
Group_CC,796,0.29275600126424267
Group_CC,797,0.312403168174546
Group_CC,798,0.2315985188235631
Group_CC,799,0.20026260493077144
Group_CC,800,0.25283198091195036
Group_CC,801,0.3326276358290258
Group_CC,802,0.14664340903736556
Group_CC,803,0.24952447086445573
Group_CC,804,0.13050282589394746
Group_CC,805,0.11135605192638895
Group_CC,806,0.1525463975174771
Group_CC,807,0.30142044863538076
Group_CC,808,0.2628167449663789
Group_CC,809,0.22297166930726176
Group_CC,810,0.21851562226295587
Group_CC,811,0.15889149147871223
Group_CC,812,0.2021892474622728
Group_CC,813,0.21451005517441613
Group_CC,814,0.3009432638561027
Group_CC,815,0.2633305385888153
Group_CC,816,0.2296878176829719
Group_CC,817,0.21758766497708903
Group_CC,818,0.4411754931604792
Group_CC,819,0.22099498797040504
Group_CC,820,0.21648272163096663
Group_CC,821,0.13322317152990185
Group_CC,822,0.39900930552636843
Group_CC,823,0.3756115607442593
Group_CC,824,0.163198067908789
Group_CC,825,0.22732971490037834
Group_CC,826,0.19780312736131542
Group_CC,827,0.1575537350526518
Group_CC,828,0.31302777237829876
Group_CC,829,0.3340830845451266
Group_CC,830,0.30104642872067244
Group_CC,831,0.0889128284591901
Group_CC,832,0.21116891626902562
Group_CC,833,0.22616352814907023
Group_CC,834,0.19528548361302214
Group_CC,835,0.2963215042812878
Group_CC,836,0.1382529923596913
Group_CC,837,0.28946789664898726
Group_CC,838,0.2710711936741947
Group_CC,839,0.2231814680527685
Group_CC,840,0.39820429508602684
Group_CC,841,0.2578021106040903
Group_CC,842,0.1962062466056071
Group_CC,843,0.26544607835533285
Group_CC,844,0.20000490404418578
Group_CC,845,0.15029204208472377
Group_CC,846,0.42094667227517135
Group_CC,847,0.2535566649003248
Group_CC,848,0.2968613822109696
Group_CC,849,0.39189208050245333
Group_CC,850,0.38430520146388164
Group_CC,851,0.17615709423947473
Group_CC,852,0.3650437857808656
Group_CC,853,0.3035261507199089
Group_CC,854,0.2298370711785423
Group_CC,855,0.10582727908103905
Group_CC,856,0.21561665662616925
Group_CC,857,0.2820044888000799
Group_CC,858,0.1681742488369958
Group_CC,859,0.3106701097719448
Group_CC,860,0.16847902551417124
Group_CC,861,0.21326154388587726
Group_CC,862,0.15060853682787725
Group_CC,863,0.2887406100490088
Group_CC,864,0.14863969005107705
Group_CC,865,0.29633550358169786
Group_CC,866,0.36321882227226554
Group_CC,867,0.23664554988950004
Group_CC,868,0.30724089256023396
Group_CC,869,0.1647994548917181
Group_CC,870,0.2985641895071976
Group_CC,871,0.10832121843427733
Group_CC,872,0.28237815748198897
Group_CC,873,0.36962648544827426
Group_CC,874,0.2164692724156636
Group_CC,875,0.23553589344548362
Group_CC,876,0.23081616324845636
Group_CC,877,0.21091766573326595
Group_CC,878,0.22967703179973423
Group_CC,879,0.2761066221895616
Group_CC,880,0.254544641223331
Group_CC,881,0.2532025892409882
Group_CC,882,0.1948280348818591
Group_CC,883,0.293516644794149
Group_CC,884,0.31540878035765724
Group_CC,885,0.2613774344809046
Group_CC,886,0.2476027033583348
Group_CC,887,0.16457845032518814
Group_CC,888,0.23346940054989127
Group_CC,889,0.21545932725064948
Group_CC,890,0.2315677091175055
Group_CC,891,0.26362572544754204
Group_CC,892,0.3166500130144644
Group_CC,893,0.3118858563660615
Group_CC,894,0.3366545064822554
Group_CC,895,0.28119538708634945
Group_CC,896,0.27285467520066825
Group_CC,897,0.24381980830572644
Group_CC,898,0.3804539723831526
Group_CC,899,0.22343124076362383
Group_CC,900,0.1701978163770529
Group_CC,901,0.25936988111709636
Group_CC,902,0.14501687079631922
Group_CC,903,0.2526509990776916
Group_CC,904,0.4185401647605195
Group_CC,905,0.3489185582914001
Group_CC,906,0.33279301438554715
Group_CC,907,0.31409030960897
Group_CC,908,0.3831189133531024
Group_CC,909,0.40812903678502627
Group_CC,910,0.25145382617789125
Group_CC,911,0.29203375279061367
Group_CC,912,0.2360251394310248
Group_CC,913,0.17901665601335354
Group_CC,914,0.3314302060428625
Group_CC,915,0.22099096997021866
Group_CC,916,0.2165979084510472
Group_CC,917,0.20576425981541246
Group_CC,918,0.10483167968827621
Group_CC,919,0.16394193481535782
Group_CC,920,0.24329431377557306
Group_CC,921,0.20772620814659784
Group_CC,922,0.2057134741720215
Group_CC,923,0.19924503108505606
Group_CC,924,0.2248397394855268
Group_CC,925,0.25558261435492136
Group_CC,926,0.25000014067073134
Group_CC,927,0.23368468282439697
Group_CC,928,0.2764587103719608
Group_CC,929,0.2737627877282498
Group_CC,930,0.24961656125131268
Group_CC,931,0.1607454613302921
Group_CC,932,0.21196556956748736
Group_CC,933,0.33198661527569406
Group_CC,934,0.2926110409788837
Group_CC,935,0.3217027238827617
Group_CC,936,0.3309019032252895
Group_CC,937,0.26846865775323964
Group_CC,938,0.20987436135877685
Group_CC,939,0.2791917394229858
Group_CC,940,0.2154198079802892
Group_CC,941,0.387671170633581
Group_CC,942,0.21117457438223788
Group_CC,943,0.17187055286728561
Group_CC,944,0.2614116934847071
Group_CC,945,0.44024803754387215
Group_CC,946,0.2570537541092491
Group_CC,947,0.2196065765628663
Group_CC,948,0.44577753225007694
Group_CC,949,0.3440667861703341
Group_CC,950,0.2676326282293502
Group_CC,951,0.24736869829330302
Group_CC,952,0.2844157534819079
Group_CC,953,0.3500263701880221
Group_CC,954,0.2375034989105034
Group_CC,955,0.21175695461312513
Group_CC,956,0.2944585820390626
Group_CC,957,0.3026563003192813
Group_CC,958,0.39771418401573533
Group_CC,959,0.3623227720640987
Group_CC,960,0.17364649865413442
Group_CC,961,0.14312204927137598
Group_CC,962,0.31874840693015105
Group_CC,963,0.21465868970205237
Group_CC,964,0.1853935293898566
Group_CC,965,0.18725723665576885
Group_CC,966,0.26791684766533247
Group_CC,967,0.15816896421269555
Group_CC,968,0.34245246010507074
Group_CC,969,0.40140134658634974
Group_CC,970,0.2283757224909351
Group_CC,971,0.3042453417979277
Group_CC,972,0.1572024114020802
Group_CC,973,0.40918157140625666
Group_CC,974,0.23077305569242573
Group_CC,975,0.2703078371705384
Group_CC,976,0.33261700585178244
Group_CC,977,0.16833644553336238
Group_CC,978,0.31043649780976484
Group_CC,979,0.28514835530057653
Group_CC,980,0.18741358102015648
Group_CC,981,0.32861423632329145
Group_CC,982,0.2451880459667074
Group_CC,983,0.28968557238361764
Group_CC,984,0.24376133911768724
Group_CC,985,0.22611529146208287
Group_CC,986,0.2279993134275111
Group_CC,987,0.31060182934953573
Group_CC,988,0.2953460929894452
Group_CC,989,0.32078085581495636
Group_CC,990,0.2688570356909344
Group_CC,991,0.1740767000633665
Group_CC,992,0.18949661866382458
Group_CC,993,0.19474708462379597
Group_CC,994,0.25400930647461045
Group_CC,995,0.16530453378026932
Group_CC,996,0.3629906353349211
Group_CC,997,0.18365887205384526
Group_CC,998,0.3812516743900317
Group_CC,999,0.2676797204227031
Group_CV,0,0.2314284252958569
Group_CV,1,0.3595797202481877
Group_CV,2,0.15704898161558706
Group_CV,3,0.3151978466254712
Group_CV,4,0.16955247007561833
Group_CV,5,0.28134222239935164
Group_CV,6,0.3205572951511727
Group_CV,7,0.19800161500174715
Group_CV,8,0.2579775938230364
Group_CV,9,0.195795813921962
Group_CV,10,0.10997792783872168
Group_CV,11,0.16911789481117823
Group_CV,12,0.2602206449191413
Group_CV,13,0.2958248028645746
Group_CV,14,0.19323823187381184
Group_CV,15,0.08855262977841266
Group_CV,16,0.36972038632665194
Group_CV,17,0.20524286584482881
Group_CV,18,0.20340433759582977
Group_CV,19,0.30181902012389583
Group_CV,20,0.16141177005128998
Group_CV,21,0.2952562975024504
Group_CV,22,0.28172769456963176
Group_CV,23,0.1943022111012911
Group_CV,24,0.2884507075224464
Group_CV,25,0.2007306919149855
Group_CV,26,0.21377638519665776
Group_CV,27,0.18504849070488394
Group_CV,28,0.19856401025338857
Group_CV,29,0.1800962161940462
Group_CV,30,0.21540734787293894
Group_CV,31,0.17477954646862476
Group_CV,32,0.20268744431877744
Group_CV,33,0.2557459948765719
Group_CV,34,0.33041284629445083
Group_CV,35,0.26705649195559633
Group_CV,36,0.14487291840026886
Group_CV,37,0.3259696954441297
Group_CV,38,0.18999519264133802
Group_CV,39,0.19777706228891467
Group_CV,40,0.32044289200322107
Group_CV,41,0.15864841733283394
Group_CV,42,0.32158095346061566
Group_CV,43,0.2468973155394885
Group_CV,44,0.22546227612424924
Group_CV,45,0.24074211414254948
Group_CV,46,0.22450763376969132
Group_CV,47,0.3604118589393056
Group_CV,48,0.18777818138894342
Group_CV,49,0.33083056787661824
Group_CV,50,0.1487250972869035
Group_CV,51,0.2811886252865833
Group_CV,52,0.1451693960730471
Group_CV,53,0.2772577150305589
Group_CV,54,0.26603389040602254
Group_CV,55,0.3070261230415362
Group_CV,56,0.30026653629162675
Group_CV,57,0.13947705551120404
Group_CV,58,0.17231995523694485
Group_CV,59,0.22261647790707767
Group_CV,60,0.3058907660454652
Group_CV,61,0.25400846581504377
Group_CV,62,0.1339442312018405
Group_CV,63,0.2916262016087583
Group_CV,64,0.16035116238098393
Group_CV,65,0.21445739665066563
Group_CV,66,0.25276060355061086
Group_CV,67,0.2670343095617471
Group_CV,68,0.2055212798697613
Group_CV,69,0.23513653768561246
Group_CV,70,0.20234982678885485
Group_CV,71,0.19889487416131912
Group_CV,72,0.3464218641001007
Group_CV,73,0.20583205148143766
Group_CV,74,0.23629852415927355
Group_CV,75,0.1820509090246975
Group_CV,76,0.305544251544196
Group_CV,77,0.3271848346098413
Group_CV,78,0.2988070733728475
Group_CV,79,0.30527267846676226
Group_CV,80,0.22485577811648333
Group_CV,81,0.1986775693260132
Group_CV,82,0.2718634052036993
Group_CV,83,0.25281617808067663
Group_CV,84,0.11410807865634026
Group_CV,85,0.15135667820671553
Group_CV,86,0.19663722155463884
Group_CV,87,0.4028732293593556
Group_CV,88,0.16935597751457418
Group_CV,89,0.2693463088009848
Group_CV,90,0.44918756082992034
Group_CV,91,0.31106086569899266
Group_CV,92,0.18106218483772712
Group_CV,93,0.23017703549644916
Group_CV,94,0.23625784786101675
Group_CV,95,0.19644246817471922
Group_CV,96,0.2553109696918641
Group_CV,97,0.3588968250975872
Group_CV,98,0.39093940249800757
Group_CV,99,0.24510405725965398
Group_CV,100,0.3146497728791319
Group_CV,101,0.20933618278746907
Group_CV,102,0.19383067209993576
Group_CV,103,0.3069058020834374
Group_CV,104,0.3398058987932401
Group_CV,105,0.3804768961389167
Group_CV,106,0.2855166479620504
Group_CV,107,0.19272306244990745
Group_CV,108,0.25251434073565
Group_CV,109,0.31050140901680057
Group_CV,110,0.16651739949857172
Group_CV,111,0.29887010634495903
Group_CV,112,0.31161071390224704
Group_CV,113,0.2727785991671581
Group_CV,114,0.18871485896988863
Group_CV,115,0.314814776889909
Group_CV,116,0.2281844445565119
Group_CV,117,0.20981386495738438
Group_CV,118,0.21403112093495186
Group_CV,119,0.2806031386400361
Group_CV,120,0.3351526937650683
Group_CV,121,0.19184809503207803
Group_CV,122,0.1425770662180354
Group_CV,123,0.3161373993385479
Group_CV,124,0.4681949407678784
Group_CV,125,0.20535103378276187
Group_CV,126,0.27638511688454215
Group_CV,127,0.4223162777221921
Group_CV,128,0.18780746013940144
Group_CV,129,0.32873615633434905
Group_CV,130,0.2998130203067825
Group_CV,131,0.21071781523636723
Group_CV,132,0.27684093840319424
Group_CV,133,0.28094757949293037
Group_CV,134,0.18963657544046036
Group_CV,135,0.22366079405239103
Group_CV,136,0.3285726298486084
Group_CV,137,0.3032807080784625
Group_CV,138,0.22602856706365648
Group_CV,139,0.1708449987533188
Group_CV,140,0.3069212457388802
Group_CV,141,0.17747629616391367
Group_CV,142,0.16642622722552844
Group_CV,143,0.14834204064125633
Group_CV,144,0.24547180129347906
Group_CV,145,0.2592162238741988
Group_CV,146,0.2648477063156755
Group_CV,147,0.3282269071648702
Group_CV,148,0.3204484000647452
Group_CV,149,0.2900181849051781
Group_CV,150,0.23034652135174163
Group_CV,151,0.1571879247240533
Group_CV,152,0.3471586979184704
Group_CV,153,0.17979767457381954
Group_CV,154,0.21033890502625144
Group_CV,155,0.1461560163607952
Group_CV,156,0.31875130667542756
Group_CV,157,0.23313170945515213
Group_CV,158,0.2538670686968218
Group_CV,159,0.29961045320234725
Group_CV,160,0.33971680343053245
Group_CV,161,0.15075930677408422
Group_CV,162,0.2484459021316927
Group_CV,163,0.3604988266912259
Group_CV,164,0.3075491478782742
Group_CV,165,0.35467395653161027
Group_CV,166,0.31784124644918477
Group_CV,167,0.21442458837316647
Group_CV,168,0.20151091834201132
Group_CV,169,0.1773363377977805
Group_CV,170,0.22137371975294057
Group_CV,171,0.18489058058994942
Group_CV,172,0.21181494520069485
Group_CV,173,0.18611746292701042
Group_CV,174,0.2686537901418197
Group_CV,175,0.23440933859169447
Group_CV,176,0.29252743508908363
Group_CV,177,0.21133007093933392
Group_CV,178,0.26847660881308744
Group_CV,179,0.17884339324832496
Group_CV,180,0.30281110068348194
Group_CV,181,0.18385124613402104
Group_CV,182,0.1957213509865274
Group_CV,183,0.28744647073899154
Group_CV,184,0.2906304936996792
Group_CV,185,0.2512395018085801
Group_CV,186,0.3161125099022573
Group_CV,187,0.21120624150262463
Group_CV,188,0.1814609337405312
Group_CV,189,0.37296190002526686
Group_CV,190,0.37350735576883726
Group_CV,191,0.3363826169580015
Group_CV,192,0.1443374228433455
Group_CV,193,0.19024327647560932
Group_CV,194,0.3209444516078032
Group_CV,195,0.21049446887742473
Group_CV,196,0.1339160042516996
Group_CV,197,0.36338899930605667
Group_CV,198,0.3150103036014521
Group_CV,199,0.34588972958177805
Group_CV,200,0.24008714521857336
Group_CV,201,0.2764111423133199
Group_CV,202,0.10635888590286068
Group_CV,203,0.2540666126626314
Group_CV,204,0.18831450666303118
Group_CV,205,0.23780659313912145
Group_CV,206,0.12768692503135948
Group_CV,207,0.20716420724903337
Group_CV,208,0.3680093504009093
Group_CV,209,0.2208152989802752
Group_CV,210,0.3038866378433944
Group_CV,211,0.32556614204123796
Group_CV,212,0.1554670391947577
Group_CV,213,0.28369776387711265
Group_CV,214,0.22349799965359116
Group_CV,215,0.2418977386898458
Group_CV,216,0.14790390332662212
Group_CV,217,0.2580448310574226
Group_CV,218,0.2751590879345344
Group_CV,219,0.2572458528888067
Group_CV,220,0.3744010881256071
Group_CV,221,0.2810130087621696
Group_CV,222,0.2457977853030084
Group_CV,223,0.20742587820381703
Group_CV,224,0.2268473859865995
Group_CV,225,0.22372408154721685
Group_CV,226,0.2731301000208333
Group_CV,227,0.28665879728591953
Group_CV,228,0.2650201712085625
Group_CV,229,0.23419898950836127
Group_CV,230,0.24011736858735566
Group_CV,231,0.1767628703234691
Group_CV,232,0.08130605920202716
Group_CV,233,0.23587180102076535
Group_CV,234,0.39770376053728
Group_CV,235,0.24884954145507032
Group_CV,236,0.2786799009420591
Group_CV,237,0.4574248729285703
Group_CV,238,0.27625487601988674
Group_CV,239,0.28668225882902415
Group_CV,240,0.25096282389885727
Group_CV,241,0.29780405537743243
Group_CV,242,0.25958407957511304
Group_CV,243,0.1600374335070906
Group_CV,244,0.22610329388992567
Group_CV,245,0.24234191125042426
Group_CV,246,0.2772884378611275
Group_CV,247,0.12511303079114913
Group_CV,248,0.23611633929619935
Group_CV,249,0.2873043796153168
Group_CV,250,0.15812878530611812
Group_CV,251,0.17894597895815217
Group_CV,252,0.21325575031545507
Group_CV,253,0.2594917385800725
Group_CV,254,0.1702634045332833
Group_CV,255,0.2263589461341685
Group_CV,256,0.30898789612510363
Group_CV,257,0.26079220706679157
Group_CV,258,0.26152272007989846
Group_CV,259,0.2899391646178665
Group_CV,260,0.32868359993676816
Group_CV,261,0.41617810346286366
Group_CV,262,0.17919791088133663
Group_CV,263,0.19982945881512207
Group_CV,264,0.30425840749379823
Group_CV,265,0.08549364453228704
Group_CV,266,0.2902152219368152
Group_CV,267,0.21502545921279026
Group_CV,268,0.22650470793702254
Group_CV,269,0.19043151048152884
Group_CV,270,0.1854855012006213
Group_CV,271,0.22623321659116294
Group_CV,272,0.2503257703148671
Group_CV,273,0.23492993706183293
Group_CV,274,0.24200625977337606
Group_CV,275,0.31456462505546395
Group_CV,276,0.2533649010107498
Group_CV,277,0.1726326461773644
Group_CV,278,0.16365700202425845
Group_CV,279,0.23971857693834334
Group_CV,280,0.3358399252273478
Group_CV,281,0.19827457790867326
Group_CV,282,0.24831159483174392
Group_CV,283,0.3898807241052166
Group_CV,284,0.1918887737742538
Group_CV,285,0.3199880741702857
Group_CV,286,0.30121132813038887
Group_CV,287,0.31695440573449085
Group_CV,288,0.2625071160939454
Group_CV,289,0.23899089230929627
Group_CV,290,0.22355525764010842
Group_CV,291,0.22460161419274668
Group_CV,292,0.25350164346694326
Group_CV,293,0.2849109064006587
Group_CV,294,0.19751956583438865
Group_CV,295,0.2931641219772029
Group_CV,296,0.2446542734356992
Group_CV,297,0.3408312321549719
Group_CV,298,0.3477978043384027
Group_CV,299,0.16572458550654312
Group_CV,300,0.38709517655942516
Group_CV,301,0.21635674138364636
Group_CV,302,0.21681084522665486
Group_CV,303,0.23559256621376642
Group_CV,304,0.2210264185107597
Group_CV,305,0.18743817466639057
Group_CV,306,0.20120739607408966
Group_CV,307,0.2971696906526933
Group_CV,308,0.2460983774543563
Group_CV,309,0.3413172526470284
Group_CV,310,0.26836882096058384
Group_CV,311,0.19929819634659424
Group_CV,312,0.2011228781285233
Group_CV,313,0.1932014811218607
Group_CV,314,0.2461608923713248
Group_CV,315,0.19893687891501818
Group_CV,316,0.2720136905520643
Group_CV,317,0.3512018745795087
Group_CV,318,0.3605382873205064
Group_CV,319,0.21795609286522757
Group_CV,320,0.26651307423566456
Group_CV,321,0.24206330480230398
Group_CV,322,0.16691024953519365
Group_CV,323,0.36128243706899454
Group_CV,324,0.3108240823348653
Group_CV,325,0.2861124413558629
Group_CV,326,0.2686128505700278
Group_CV,327,0.19990525093338568
Group_CV,328,0.335214036561246
Group_CV,329,0.35910506261118874
Group_CV,330,0.2564419566724646
Group_CV,331,0.22095086598070876
Group_CV,332,0.21140262254097916
Group_CV,333,0.14949369009365723
Group_CV,334,0.22072819879593478
Group_CV,335,0.19064874191716502
Group_CV,336,0.19699529380013936
Group_CV,337,0.2264580864954117
Group_CV,338,0.21126318104016079
Group_CV,339,0.19293638227086493
Group_CV,340,0.19919783557698678
Group_CV,341,0.22298794535981978
Group_CV,342,0.18777503591534073
Group_CV,343,0.1284181271951904
Group_CV,344,0.2101492642692839
Group_CV,345,0.14663942399061033
Group_CV,346,0.26927551422519685
Group_CV,347,0.25641369769413835
Group_CV,348,0.16426102491962538
Group_CV,349,0.32744770117093275
Group_CV,350,0.3532675913674881
Group_CV,351,0.27292056792724456
Group_CV,352,0.25710215231204037
Group_CV,353,0.18668741520487664
Group_CV,354,0.3069045489830601
Group_CV,355,0.3471552846586838
Group_CV,356,0.22637252445628886
Group_CV,357,0.25744193834549595
Group_CV,358,0.38425657417357756
Group_CV,359,0.23798301470931246
Group_CV,360,0.3294548787061229
Group_CV,361,0.20579742468886544
Group_CV,362,0.3739059690575774
Group_CV,363,0.24270986112064336
Group_CV,364,0.23019841516104378
Group_CV,365,0.19971438676386472
Group_CV,366,0.200179788851031
Group_CV,367,0.28095379528380376
Group_CV,368,0.2697963108274961
Group_CV,369,0.14858813502447998
Group_CV,370,0.12005945498505792
Group_CV,371,0.2635288291942685
Group_CV,372,0.16989101656967043
Group_CV,373,0.30624848804141364
Group_CV,374,0.326695445953096
Group_CV,375,0.1892050581580284
Group_CV,376,0.4096929648196983
Group_CV,377,0.2726483518783438
Group_CV,378,0.2663202442612747
Group_CV,379,0.19476532722670434
Group_CV,380,0.24211235372262044
Group_CV,381,0.36837864538197723
Group_CV,382,0.34265739353481295
Group_CV,383,0.26344872086155624
Group_CV,384,0.1309769345089791
Group_CV,385,0.24992425798943216
Group_CV,386,0.0979319606623056
Group_CV,387,0.25927243648499204
Group_CV,388,0.17540416812101953
Group_CV,389,0.1923042112834246
Group_CV,390,0.2884455818406967
Group_CV,391,0.2883445076195455
Group_CV,392,0.2057601078716209
Group_CV,393,0.18977643736774674
Group_CV,394,0.27907655814598675
Group_CV,395,0.25279115680193043
Group_CV,396,0.1466245903536872
Group_CV,397,0.34249172255938587
Group_CV,398,0.33447424065858294
Group_CV,399,0.1703475752386467
Group_CV,400,0.21719471637919344
Group_CV,401,0.14851678563848672
Group_CV,402,0.21435621394638443
Group_CV,403,0.24453608864458082
Group_CV,404,0.3164007764661124
Group_CV,405,0.2502625227985059
Group_CV,406,0.22020483905806795
Group_CV,407,0.18978787735329333
Group_CV,408,0.25112682365467043
Group_CV,409,0.18566709929755149
Group_CV,410,0.25970724553896013
Group_CV,411,0.4040659210940811
Group_CV,412,0.2019727724648309
Group_CV,413,0.1649276078145065
Group_CV,414,0.35378480166361503
Group_CV,415,0.3554946220723319
Group_CV,416,0.23277700709204763
Group_CV,417,0.19781360692157143
Group_CV,418,0.3385172499235175
Group_CV,419,0.23427155631802166
Group_CV,420,0.12377547641022375
Group_CV,421,0.20626073215364746
Group_CV,422,0.2419258906391692
Group_CV,423,0.25257556677169213
Group_CV,424,0.34985303477237234
Group_CV,425,0.15139674017648788
Group_CV,426,0.2334589355001596
Group_CV,427,0.2446798572975894
Group_CV,428,0.23231234694843236
Group_CV,429,0.2261287458630477
Group_CV,430,0.40604632007165015
Group_CV,431,0.2443041468699327
Group_CV,432,0.26943702509468115
Group_CV,433,0.3489792009636374
Group_CV,434,0.30728201803902533
Group_CV,435,0.2552827127534181
Group_CV,436,0.3348630189479249
Group_CV,437,0.2750152108616238
Group_CV,438,0.25399863437702347
Group_CV,439,0.2562719158950859
Group_CV,440,0.22132006732736448
Group_CV,441,0.2203030834362737
Group_CV,442,0.4099640128877097
Group_CV,443,0.26846534217383694
Group_CV,444,0.2652752396408597
Group_CV,445,0.38179037057733045
Group_CV,446,0.26419089967450676
Group_CV,447,0.318486854600207
Group_CV,448,0.203553836590373
Group_CV,449,0.26483536114673134
Group_CV,450,0.3466239559363938
Group_CV,451,0.22664185763918224
Group_CV,452,0.27866739181916317
Group_CV,453,0.20388275568036243
Group_CV,454,0.1994627441997
Group_CV,455,0.33174362176945826
Group_CV,456,0.24878437165473616
Group_CV,457,0.19373565260884745
Group_CV,458,0.21203814722120284
Group_CV,459,0.4380464604141848
Group_CV,460,0.12401119786699334
Group_CV,461,0.2626615805720025
Group_CV,462,0.3011316926133775
Group_CV,463,0.14403166867424397
Group_CV,464,0.36142800866192515
Group_CV,465,0.17056083823791082
Group_CV,466,0.3039271493213795
Group_CV,467,0.16051251995407964
Group_CV,468,0.24368336209329572
Group_CV,469,0.2862565586439893
Group_CV,470,0.3126085258917973
Group_CV,471,0.24220659514836967
Group_CV,472,0.32977683821341663
Group_CV,473,0.19440982011636798
Group_CV,474,0.2578934834268123
Group_CV,475,0.41251740932094366
Group_CV,476,0.19969082768321036
Group_CV,477,0.3039617771479583
Group_CV,478,0.26157889199494966
Group_CV,479,0.3172049974710342
Group_CV,480,0.22200908759030463
Group_CV,481,0.23274869797120418
Group_CV,482,0.4084030744015806
Group_CV,483,0.17431480853740855
Group_CV,484,0.10068239485348467
Group_CV,485,0.28078564829985275
Group_CV,486,0.3608094229757327
Group_CV,487,0.2162741006267939
Group_CV,488,0.27675405503847395
Group_CV,489,0.24960338687926548
Group_CV,490,0.2274027781576366
Group_CV,491,0.20701354455207963
Group_CV,492,0.2774092080834463
Group_CV,493,0.22387164735000534
Group_CV,494,0.47491372630366546
Group_CV,495,0.3589816110130974
Group_CV,496,0.2876597040240311
Group_CV,497,0.3040719536597621
Group_CV,498,0.20872700956170556
Group_CV,499,0.25171350635479484
Group_CV,500,0.2387279566012045
Group_CV,501,0.20427023349262682
Group_CV,502,0.23456551753991758
Group_CV,503,0.22270966655924765
Group_CV,504,0.3288021991443833
Group_CV,505,0.22257662969448364
Group_CV,506,0.26761222112839494
Group_CV,507,0.2782121497814472
Group_CV,508,0.3648308833209342
Group_CV,509,0.2585945687751888
Group_CV,510,0.28889262722670567
Group_CV,511,0.225331126046495
Group_CV,512,0.2678735244366146
Group_CV,513,0.30207266756706624
Group_CV,514,0.3659591238070804
Group_CV,515,0.20096782361505525
Group_CV,516,0.25505376047166495
Group_CV,517,0.20040721536800302
Group_CV,518,0.26778922760084645
Group_CV,519,0.2670233750776612
Group_CV,520,0.3224895651267968
Group_CV,521,0.27232206012700605
Group_CV,522,0.2472831872332924
Group_CV,523,0.15622870660325555
Group_CV,524,0.32010060473311197
Group_CV,525,0.24508774924906876
Group_CV,526,0.21249297738362816
Group_CV,527,0.14229959289545605
Group_CV,528,0.38808089743116353
Group_CV,529,0.1817972442533959
Group_CV,530,0.2988681911097565
Group_CV,531,0.3274867634723214
Group_CV,532,0.1381517292275494
Group_CV,533,0.24451614205460884
Group_CV,534,0.2705194284330259
Group_CV,535,0.24904361646700526
Group_CV,536,0.2675129741722195
Group_CV,537,0.23077038381040554
Group_CV,538,0.16453200899462786
Group_CV,539,0.18372583919559415
Group_CV,540,0.28119113162013437
Group_CV,541,0.17485206491090247
Group_CV,542,0.27382400589411665
Group_CV,543,0.17562031754034998
Group_CV,544,0.16861777886648335
Group_CV,545,0.16848132887594036
Group_CV,546,0.32847773264416674
Group_CV,547,0.1316802963647376
Group_CV,548,0.2673388893441139
Group_CV,549,0.27207712504144943
Group_CV,550,0.19108538770277633
Group_CV,551,0.2822299718634516
Group_CV,552,0.17283592795771666
Group_CV,553,0.16101653948189099
Group_CV,554,0.27325225423329796
Group_CV,555,0.3458972343900544
Group_CV,556,0.2317379965105387
Group_CV,557,0.21614458039099607
Group_CV,558,0.16202248328906996
Group_CV,559,0.16128503310604542
Group_CV,560,0.2748709441801144
Group_CV,561,0.25231323278243756
Group_CV,562,0.24302254883187374
Group_CV,563,0.17604970697710587
Group_CV,564,0.3239383294360745
Group_CV,565,0.33484930037389515
Group_CV,566,0.2362611009818763
Group_CV,567,0.26888403770322566
Group_CV,568,0.20703935040948548
Group_CV,569,0.21893483635753463
Group_CV,570,0.31322909190762116
Group_CV,571,0.18818897863398215
Group_CV,572,0.17562954377475917
Group_CV,573,0.3682944720400484
Group_CV,574,0.17675865066159294
Group_CV,575,0.21101276694357438
Group_CV,576,0.2228933231537259
Group_CV,577,0.2027501845024837
Group_CV,578,0.3320979953284832
Group_CV,579,0.2593290986736939
Group_CV,580,0.23308818014376168
Group_CV,581,0.25681269540196405
Group_CV,582,0.379371834315399
Group_CV,583,0.3146980404034575
Group_CV,584,0.2580709795385611
Group_CV,585,0.24552518444872895
Group_CV,586,0.2545435621482014
Group_CV,587,0.3516920104716
Group_CV,588,0.3780994785072609
Group_CV,589,0.2333208475368098
Group_CV,590,0.24429532342541874
Group_CV,591,0.20857552810544575
Group_CV,592,0.20969753459329288
Group_CV,593,0.29220552799892535
Group_CV,594,0.2233521529120893
Group_CV,595,0.29819651600409663
Group_CV,596,0.21587757978405908
Group_CV,597,0.21337099224527534
Group_CV,598,0.22907511682124027
Group_CV,599,0.24238929277544163
Group_CV,600,0.2716621377417508
Group_CV,601,0.2534666323354255
Group_CV,602,0.27324562292035215
Group_CV,603,0.3596886241459231
Group_CV,604,0.2292322288415592
Group_CV,605,0.15065010043913105
Group_CV,606,0.20233490853202282
Group_CV,607,0.16210463159337263
Group_CV,608,0.19302685020531615
Group_CV,609,0.2172693611844961
Group_CV,610,0.3650344361636102
Group_CV,611,0.19738942398728285
Group_CV,612,0.13994106818734836
Group_CV,613,0.25282562733492975
Group_CV,614,0.2925686301450363
Group_CV,615,0.3023677664628906
Group_CV,616,0.2262062789844617
Group_CV,617,0.16029146041094722
Group_CV,618,0.18663088398127473
Group_CV,619,0.2351935647303882
Group_CV,620,0.26279426063713124
Group_CV,621,0.2177275011449826
Group_CV,622,0.15381016883388557
Group_CV,623,0.2380092434652236
Group_CV,624,0.23510811494730702
Group_CV,625,0.2256113994358042
Group_CV,626,0.19119689184073552
Group_CV,627,0.1302245972460086
Group_CV,628,0.13806542261843474
Group_CV,629,0.19164673170462657
Group_CV,630,0.23366640206009964
Group_CV,631,0.36876006866179173
Group_CV,632,0.19241050048667988
Group_CV,633,0.2625622111247682
Group_CV,634,0.2294823058610163
Group_CV,635,0.40846195356491016
Group_CV,636,0.0833670033135791
Group_CV,637,0.20794895633721144
Group_CV,638,0.10234350624085281
Group_CV,639,0.12517751051618095
Group_CV,640,0.10285988201051835
Group_CV,641,0.47650870570844844
Group_CV,642,0.17850179527694837
Group_CV,643,0.40555807636298263
Group_CV,644,0.2497062792458845
Group_CV,645,0.34968892244851624
Group_CV,646,0.23853670661831036
Group_CV,647,0.2737574281503418
Group_CV,648,0.23902592553865848
Group_CV,649,0.19181986333335363
Group_CV,650,0.2225716415641461
Group_CV,651,0.21906815900782697
Group_CV,652,0.29216164290283086
Group_CV,653,0.31325119552168645
Group_CV,654,0.2767595779114882
Group_CV,655,0.21585210225763626
Group_CV,656,0.28437333383300045
Group_CV,657,0.20461044298433229
Group_CV,658,0.3084301126415427
Group_CV,659,0.18106679221573155
Group_CV,660,0.279518413117551
Group_CV,661,0.19300816778682856
Group_CV,662,0.374040524062498
Group_CV,663,0.24078760478684497
Group_CV,664,0.28008841397931933
Group_CV,665,0.2610032516026571
Group_CV,666,0.16208915961300369
Group_CV,667,0.2626214242005949
Group_CV,668,0.1826538093010939
Group_CV,669,0.23851908875717256
Group_CV,670,0.07431626607015146
Group_CV,671,0.47491969993161576
Group_CV,672,0.18576047921410388
Group_CV,673,0.21729720658661145
Group_CV,674,0.10472055131513791
Group_CV,675,0.12493264467968829
Group_CV,676,0.23208318033612313
Group_CV,677,0.20354948597305647
Group_CV,678,0.29858630405706266
Group_CV,679,0.303750461136381
Group_CV,680,0.26014822399766313
Group_CV,681,0.1862058877505212
Group_CV,682,0.32755159594092326
Group_CV,683,0.11462500891199685
Group_CV,684,0.24418527613812754
Group_CV,685,0.16974717558701738
Group_CV,686,0.24308739602370932
Group_CV,687,0.18800428630353722
Group_CV,688,0.2369015359970464
Group_CV,689,0.35126200211896297
Group_CV,690,0.2098168812902679
Group_CV,691,0.24624194677859948
Group_CV,692,0.38003314686547035
Group_CV,693,0.2669701252967533
Group_CV,694,0.08490471611698316
Group_CV,695,0.23876966035961808
Group_CV,696,0.2148840025528689
Group_CV,697,0.4074145680516313
Group_CV,698,0.18991152948705634
Group_CV,699,0.2704884482608304
Group_CV,700,0.34756619578796616
Group_CV,701,0.2095906725716727
Group_CV,702,0.15373216833415593
Group_CV,703,0.26237275333435156
Group_CV,704,0.26302585578821297
Group_CV,705,0.29628829337297613
Group_CV,706,0.21090475409819434
Group_CV,707,0.21705506494387367
Group_CV,708,0.19053977096603344
Group_CV,709,0.4011356843506766
Group_CV,710,0.21815968211168335
Group_CV,711,0.26614400399649446
Group_CV,712,0.150838544984967
Group_CV,713,0.3356009169478895
Group_CV,714,0.40268128388412233
Group_CV,715,0.24782788049507984
Group_CV,716,0.2587758519505275
Group_CV,717,0.2346789029805642
Group_CV,718,0.2697399808179385
Group_CV,719,0.24632463670544763
Group_CV,720,0.311063501124064
Group_CV,721,0.3592554950943627
Group_CV,722,0.3300206818703048
Group_CV,723,0.1942881280589433
Group_CV,724,0.15152583023084945
Group_CV,725,0.31418607444699453
Group_CV,726,0.18851335290087848
Group_CV,727,0.2732198445167151
Group_CV,728,0.19258062804816817
Group_CV,729,0.1462093852101706
Group_CV,730,0.18386054728883436
Group_CV,731,0.1969808186038111
Group_CV,732,0.2339989484544609
Group_CV,733,0.3785904004414465
Group_CV,734,0.22940421152541526
Group_CV,735,0.37508370054491036
Group_CV,736,0.22120332885574576
Group_CV,737,0.21747579389578747
Group_CV,738,0.25061485125517263
Group_CV,739,0.26991633050119
Group_CV,740,0.254206406108594
Group_CV,741,0.16313505318907776
Group_CV,742,0.19275297615910078
Group_CV,743,0.12279267356055738
Group_CV,744,0.24904902650380345
Group_CV,745,0.4520800896186727
Group_CV,746,0.1829680124198356
Group_CV,747,0.38051793202020606
Group_CV,748,0.24044702861834305
Group_CV,749,0.1156844355288139
Group_CV,750,0.25829926827577593
Group_CV,751,0.24130380763529066
Group_CV,752,0.22366458506624046
Group_CV,753,0.26583353575457724
Group_CV,754,0.27513512124930445
Group_CV,755,0.31844896670897366
Group_CV,756,0.2545484536526397
Group_CV,757,0.2871522586234898
Group_CV,758,0.28238884217982096
Group_CV,759,0.17299387723959048
Group_CV,760,0.2795722407945658
Group_CV,761,0.22610404963405067
Group_CV,762,0.25999698269126326
Group_CV,763,0.2291156571935219
Group_CV,764,0.3223621338923254
Group_CV,765,0.19818457439379025
Group_CV,766,0.2640322994645682
Group_CV,767,0.29931741821576835
Group_CV,768,0.25769848964111397
Group_CV,769,0.11353955492676739
Group_CV,770,0.28656010171716617
Group_CV,771,0.2332247136412749
Group_CV,772,0.3311309557332666
Group_CV,773,0.37023185853863216
Group_CV,774,0.26625114702069064
Group_CV,775,0.1610823802558048
Group_CV,776,0.24567568531332498
Group_CV,777,0.18657592561653244
Group_CV,778,0.38093169797656456
Group_CV,779,0.29184507700367474
Group_CV,780,0.14359167996614938
Group_CV,781,0.2683341927322846
Group_CV,782,0.1794905968997281
Group_CV,783,0.194372925914232
Group_CV,784,0.14961411621230067
Group_CV,785,0.2885334722513681
Group_CV,786,0.35459207825176203
Group_CV,787,0.19865730473940113
Group_CV,788,0.22882974360212835
Group_CV,789,0.2578411456277697
Group_CV,790,0.29978984133707665
Group_CV,791,0.16751676326577383
Group_CV,792,0.3034933577772498
Group_CV,793,0.30851415377299346
Group_CV,794,0.35347871949775556
Group_CV,795,0.348619441699076
Group_CV,796,0.22636826413893504
Group_CV,797,0.4631899416524448
Group_CV,798,0.38371941061235665
Group_CV,799,0.1666413854428581
Group_CV,800,0.23242357664870644
Group_CV,801,0.24674213816573007
Group_CV,802,0.2846085189593702
Group_CV,803,0.14862584756944222
Group_CV,804,0.2687135703303056
Group_CV,805,0.34273248054065586
Group_CV,806,0.234100490140858
Group_CV,807,0.3032455480985834
Group_CV,808,0.19276100632056511
Group_CV,809,0.18988923432997823
Group_CV,810,0.2275296398402271
Group_CV,811,0.2339615401300058
Group_CV,812,0.3497554583531294
Group_CV,813,0.22542119425720974
Group_CV,814,0.14268926546794655
Group_CV,815,0.1642827029177943
Group_CV,816,0.34460518997531525
Group_CV,817,0.19637686680451674
Group_CV,818,0.4202374849047514
Group_CV,819,0.15446528241519172
Group_CV,820,0.2592115494996336
Group_CV,821,0.2603930595764572
Group_CV,822,0.23694515346012038
Group_CV,823,0.17352552793325646
Group_CV,824,0.184249856413503
Group_CV,825,0.18538103157658975
Group_CV,826,0.18787969411974323
Group_CV,827,0.2752085051618371
Group_CV,828,0.3638946684385386
Group_CV,829,0.13264944612438662
Group_CV,830,0.43630141994935984
Group_CV,831,0.3360844771616392
Group_CV,832,0.2193886237574268
Group_CV,833,0.2291726948713321
Group_CV,834,0.24168143674503112
Group_CV,835,0.16486192236141556
Group_CV,836,0.20097343758231836
Group_CV,837,0.44302060374739144
Group_CV,838,0.23866676698627595
Group_CV,839,0.322206556268822
Group_CV,840,0.23015235522378208
Group_CV,841,0.33539252302110983
Group_CV,842,0.24197618561991202
Group_CV,843,0.19435558822253715
Group_CV,844,0.43956617565705136
Group_CV,845,0.21145430841143226
Group_CV,846,0.38001030631292865
Group_CV,847,0.3152053414236961
Group_CV,848,0.17685595260185064
Group_CV,849,0.40427183196031724
Group_CV,850,0.22379705132755606
Group_CV,851,0.16811415580663858
Group_CV,852,0.32470193517037677
Group_CV,853,0.2689482082789095
Group_CV,854,0.25430802198307934
Group_CV,855,0.3591498823303393
Group_CV,856,0.1891331767114063
Group_CV,857,0.3119584566722921
Group_CV,858,0.33817160928177026
Group_CV,859,0.20560294796832962
Group_CV,860,0.1897114727122438
Group_CV,861,0.3306140158681653
Group_CV,862,0.2422806740734293
Group_CV,863,0.21685206133173174
Group_CV,864,0.137498194276744
Group_CV,865,0.2393552644814693
Group_CV,866,0.32706277385097826
Group_CV,867,0.22335302230159568
Group_CV,868,0.214064331476326
Group_CV,869,0.29550291214278096
Group_CV,870,0.21638827048571385
Group_CV,871,0.2773129290115975
Group_CV,872,0.2502574622047938
Group_CV,873,0.203056239867075
Group_CV,874,0.18211859564069524
Group_CV,875,0.24686952333786866
Group_CV,876,0.23215893791561554
Group_CV,877,0.12668654349220934
Group_CV,878,0.12983576761571128
Group_CV,879,0.20425100689173697
Group_CV,880,0.3247127158319065
Group_CV,881,0.24062234143111721
Group_CV,882,0.24963117642609803
Group_CV,883,0.30064622661196694
Group_CV,884,0.2403614728911885
Group_CV,885,0.20555523687886343
Group_CV,886,0.3267913576629115
Group_CV,887,0.37575255597330187
Group_CV,888,0.28107803186522606
Group_CV,889,0.12149998646430687
Group_CV,890,0.1868950671778607
Group_CV,891,0.24953480053819962
Group_CV,892,0.1497844563301703
Group_CV,893,0.288410247220532
Group_CV,894,0.1513929715987323
Group_CV,895,0.2756764096903646
Group_CV,896,0.2489034844484083
Group_CV,897,0.29828387156693165
Group_CV,898,0.28855886391320434
Group_CV,899,0.2818960519487547
Group_CV,900,0.3235850127591401
Group_CV,901,0.20019079744558124
Group_CV,902,0.23902638989529032
Group_CV,903,0.2755644311963164
Group_CV,904,0.2862225194516477
Group_CV,905,0.2505889205963128
Group_CV,906,0.16761826788133635
Group_CV,907,0.23398323351935146
Group_CV,908,0.25951828037285696
Group_CV,909,0.182262777035714
Group_CV,910,0.28796066952811183
Group_CV,911,0.19397353755180125
Group_CV,912,0.10599693027329564
Group_CV,913,0.20023962076875446
Group_CV,914,0.23660902735116446
Group_CV,915,0.35107057438475575
Group_CV,916,0.23687833004310824
Group_CV,917,0.3551199448618531
Group_CV,918,0.26857669388622235
Group_CV,919,0.2878979656847408
Group_CV,920,0.23804751581785732
Group_CV,921,0.20767564302083621
Group_CV,922,0.15568427981438832
Group_CV,923,0.28574656093695056
Group_CV,924,0.25024509573913867
Group_CV,925,0.19227445572227417
Group_CV,926,0.23887947741192092
Group_CV,927,0.2723976218306348
Group_CV,928,0.17695044978500785
Group_CV,929,0.227847532768817
Group_CV,930,0.31184579317398264
Group_CV,931,0.25527496827305407
Group_CV,932,0.24809284690022462
Group_CV,933,0.297613125634988
Group_CV,934,0.3190228923667083
Group_CV,935,0.1778830620410569
Group_CV,936,0.1600390232586631
Group_CV,937,0.28870005940845683
Group_CV,938,0.2593315790969811
Group_CV,939,0.15948678217630988
Group_CV,940,0.26446044110595535
Group_CV,941,0.2932098997197839
Group_CV,942,0.3200960873570758
Group_CV,943,0.19739177245954168
Group_CV,944,0.17961980916180212
Group_CV,945,0.22962972700916714
Group_CV,946,0.22467639864706831
Group_CV,947,0.24394843288180645
Group_CV,948,0.14924633510672422
Group_CV,949,0.2019843081735726
Group_CV,950,0.1908345369349946
Group_CV,951,0.23228622018506087
Group_CV,952,0.1970857526217699
Group_CV,953,0.26162031905377753
Group_CV,954,0.2614658900216286
Group_CV,955,0.1528509317648013
Group_CV,956,0.21823263642641147
Group_CV,957,0.3485508106951769
Group_CV,958,0.1781866538001069
Group_CV,959,0.23989851379512434
Group_CV,960,0.4268009109847346
Group_CV,961,0.15901773310540052
Group_CV,962,0.23059424995414762
Group_CV,963,0.18969169841603678
Group_CV,964,0.28939566424981295
Group_CV,965,0.3061012272856225
Group_CV,966,0.2170338122958107
Group_CV,967,0.4339057249237415
Group_CV,968,0.26000837853107944
Group_CV,969,0.2632453213426435
Group_CV,970,0.2875530149907233
Group_CV,971,0.26476233453663
Group_CV,972,0.082823169990129
Group_CV,973,0.16712151616665769
Group_CV,974,0.31048278081257463
Group_CV,975,0.2239099904165616
Group_CV,976,0.2573965231653661
Group_CV,977,0.24087223978222613
Group_CV,978,0.1774103505306011
Group_CV,979,0.24670116518104307
Group_CV,980,0.2824501281512983
Group_CV,981,0.26113428737248917
Group_CV,982,0.25884436841279534
Group_CV,983,0.2683735102660855
Group_CV,984,0.3362115991000627
Group_CV,985,0.23362718731608867
Group_CV,986,0.3659894147334478
Group_CV,987,0.3247000593630289
Group_CV,988,0.18036125076042794
Group_CV,989,0.20201507885218992
Group_CV,990,0.2199812990037919
Group_CV,991,0.17004006985853104
Group_CV,992,0.17594079961887676
Group_CV,993,0.2087129943243999
Group_CV,994,0.22769363071017842
Group_CV,995,0.25778286601627115
Group_CV,996,0.2675888632882313
Group_CV,997,0.23818599969879867
Group_CV,998,0.37249986495795107
Group_CV,999,0.2243475203651072
Group_DischargeIC,0,0.3317276729786121
Group_DischargeIC,1,0.2277661043191998
Group_DischargeIC,2,0.2577699103367712
Group_DischargeIC,3,0.20431991274020003
Group_DischargeIC,4,0.23677980820576394
Group_DischargeIC,5,0.3018041183703612
Group_DischargeIC,6,0.20756270487808512
Group_DischargeIC,7,0.3192477609702182
Group_DischargeIC,8,0.21703338782476175
Group_DischargeIC,9,0.11292683718661663
Group_DischargeIC,10,0.2931498219947204
Group_DischargeIC,11,0.24197667727248984
Group_DischargeIC,12,0.232274959621764
Group_DischargeIC,13,0.18456664885848859
Group_DischargeIC,14,0.40709712966630257
Group_DischargeIC,15,0.2139587154123118
Group_DischargeIC,16,0.2050778096202589
Group_DischargeIC,17,0.25435367831313727
Group_DischargeIC,18,0.23159829869145324
Group_DischargeIC,19,0.21475343268853864
Group_DischargeIC,20,0.21904832605343896
Group_DischargeIC,21,0.3080677851875913
Group_DischargeIC,22,0.1689620042191586
Group_DischargeIC,23,0.3305938018149369
Group_DischargeIC,24,0.15089205011638152
Group_DischargeIC,25,0.39917787502107743
Group_DischargeIC,26,0.21060686571607193
Group_DischargeIC,27,0.22984006648483782
Group_DischargeIC,28,0.3195781456335216
Group_DischargeIC,29,0.23304614138242313
Group_DischargeIC,30,0.25283184724260965
Group_DischargeIC,31,0.3059335408155905
Group_DischargeIC,32,0.3373003513374703
Group_DischargeIC,33,0.26556110764731644
Group_DischargeIC,34,0.21600055149618025
Group_DischargeIC,35,0.20092734477553612
Group_DischargeIC,36,0.28665612234636617
Group_DischargeIC,37,0.31673090257366415
Group_DischargeIC,38,0.2104295782336232
Group_DischargeIC,39,0.2579059748615432
Group_DischargeIC,40,0.266230481938288
Group_DischargeIC,41,0.26387974035335693
Group_DischargeIC,42,0.30419423063775947
Group_DischargeIC,43,0.25423493752892756
Group_DischargeIC,44,0.30065135801779
Group_DischargeIC,45,0.2787452793931458
Group_DischargeIC,46,0.2637738751174866
Group_DischargeIC,47,0.18507417585183825
Group_DischargeIC,48,0.23833840179209945
Group_DischargeIC,49,0.32673785716938836
Group_DischargeIC,50,0.2707588744665975
Group_DischargeIC,51,0.2175908672281371
Group_DischargeIC,52,0.1961647884066331
Group_DischargeIC,53,0.19136015858299657
Group_DischargeIC,54,0.2176341176415187
Group_DischargeIC,55,0.2916466961068215
Group_DischargeIC,56,0.3386755518336574
Group_DischargeIC,57,0.1891457182820733
Group_DischargeIC,58,0.3322753249552289
Group_DischargeIC,59,0.2272778255470534
Group_DischargeIC,60,0.31089297356049417
Group_DischargeIC,61,0.24106245834559203
Group_DischargeIC,62,0.27012712408566075
Group_DischargeIC,63,0.2671718392620964
Group_DischargeIC,64,0.13688896850175444
Group_DischargeIC,65,0.21012879941875728
Group_DischargeIC,66,0.1885022692707789
Group_DischargeIC,67,0.26670293808518325
Group_DischargeIC,68,0.17728369779645808
Group_DischargeIC,69,0.2794924423042388
Group_DischargeIC,70,0.1949872278012422
Group_DischargeIC,71,0.256895370350959
Group_DischargeIC,72,0.20790091453742085
Group_DischargeIC,73,0.2981411536936127
Group_DischargeIC,74,0.2725625342039364
Group_DischargeIC,75,0.22058681525213003
Group_DischargeIC,76,0.2737197720510066
Group_DischargeIC,77,0.21265621290631637
Group_DischargeIC,78,0.2989741666895597
Group_DischargeIC,79,0.1669785348512046
Group_DischargeIC,80,0.2034950178799375
Group_DischargeIC,81,0.2578798147825403
Group_DischargeIC,82,0.38327584536514725
Group_DischargeIC,83,0.34160577938427433
Group_DischargeIC,84,0.18930717167773656
Group_DischargeIC,85,0.22801792981306543
Group_DischargeIC,86,0.43523127218461655
Group_DischargeIC,87,0.15444375803970595
Group_DischargeIC,88,0.21009527180590581
Group_DischargeIC,89,0.30870221867958303
Group_DischargeIC,90,0.2756002145881327
Group_DischargeIC,91,0.26668138865804336
Group_DischargeIC,92,0.20016599714932656
Group_DischargeIC,93,0.15486342125401173
Group_DischargeIC,94,0.24389881712217815
Group_DischargeIC,95,0.24540981291688949
Group_DischargeIC,96,0.30666864579813874
Group_DischargeIC,97,0.2620745359110964
Group_DischargeIC,98,0.18404541035874453
Group_DischargeIC,99,0.1678237388709474
Group_DischargeIC,100,0.3777511516297082
Group_DischargeIC,101,0.33340166887413764
Group_DischargeIC,102,0.3365404208786791
Group_DischargeIC,103,0.17174567611183383
Group_DischargeIC,104,0.23212612541264235
Group_DischargeIC,105,0.24384353405207704
Group_DischargeIC,106,0.24680850577366795
Group_DischargeIC,107,0.32977866994392113
Group_DischargeIC,108,0.18000076282173955
Group_DischargeIC,109,0.4253665174908808
Group_DischargeIC,110,0.23590172092826273
Group_DischargeIC,111,0.21747805233483006
Group_DischargeIC,112,0.32477307447079823
Group_DischargeIC,113,0.23850756733330777
Group_DischargeIC,114,0.1422704564622303
Group_DischargeIC,115,0.10481296911267485
Group_DischargeIC,116,0.2995199844898676
Group_DischargeIC,117,0.07112515533884779
Group_DischargeIC,118,0.27047916466131294
Group_DischargeIC,119,0.2661647398171865
Group_DischargeIC,120,0.2552758719717017
Group_DischargeIC,121,0.35096246487445026
Group_DischargeIC,122,0.1809278173637251
Group_DischargeIC,123,0.2528849893796666
Group_DischargeIC,124,0.2795615271647936
Group_DischargeIC,125,0.24567676585517104
Group_DischargeIC,126,0.25910685783445425
Group_DischargeIC,127,0.20456181050115832
Group_DischargeIC,128,0.26557149171228334
Group_DischargeIC,129,0.33933648635475605
Group_DischargeIC,130,0.23785492371565012
Group_DischargeIC,131,0.3021020429222314
Group_DischargeIC,132,0.3258084351342596
Group_DischargeIC,133,0.23645665392178264
Group_DischargeIC,134,0.34475173570177153
Group_DischargeIC,135,0.22049639207969435
Group_DischargeIC,136,0.22817625187817575
Group_DischargeIC,137,0.25429068692933404
Group_DischargeIC,138,0.24907665036600043
Group_DischargeIC,139,0.3197821185570272
Group_DischargeIC,140,0.2863857422532663
Group_DischargeIC,141,0.15487118368866323
Group_DischargeIC,142,0.38498992133933146
Group_DischargeIC,143,0.3201886716757408
Group_DischargeIC,144,0.19903375974366486
Group_DischargeIC,145,0.2441454147011937
Group_DischargeIC,146,0.236685429168208
Group_DischargeIC,147,0.2506185518214049
Group_DischargeIC,148,0.250138917799313
Group_DischargeIC,149,0.2637433258476415
Group_DischargeIC,150,0.3559682021843838
Group_DischargeIC,151,0.23551097919018404
Group_DischargeIC,152,0.29784058167928884
Group_DischargeIC,153,0.20021835500889051
Group_DischargeIC,154,0.2285278510581294
Group_DischargeIC,155,0.34341507128674986
Group_DischargeIC,156,0.2612841412115587
Group_DischargeIC,157,0.28283884406035265
Group_DischargeIC,158,0.19538659546666134
Group_DischargeIC,159,0.2896532280648313
Group_DischargeIC,160,0.15785985363040828
Group_DischargeIC,161,0.27340558521121794
Group_DischargeIC,162,0.1678880742978141
Group_DischargeIC,163,0.1387472323119993
Group_DischargeIC,164,0.21612090225225064
Group_DischargeIC,165,0.1600916141642419
Group_DischargeIC,166,0.3448965120936509
Group_DischargeIC,167,0.2080859312831518
Group_DischargeIC,168,0.3059173911848532
Group_DischargeIC,169,0.24614845754929746
Group_DischargeIC,170,0.26621494728652795
Group_DischargeIC,171,0.22884947623531235
Group_DischargeIC,172,0.4592105994122443
Group_DischargeIC,173,0.2719655696698475
Group_DischargeIC,174,0.3767587849936923
Group_DischargeIC,175,0.20900017442695465
Group_DischargeIC,176,0.0954097945381671
Group_DischargeIC,177,0.23587998428999607
Group_DischargeIC,178,0.22507413389811448
Group_DischargeIC,179,0.24871265378153612
Group_DischargeIC,180,0.18465912318629635
Group_DischargeIC,181,0.14973680843158954
Group_DischargeIC,182,0.32022712099848005
Group_DischargeIC,183,0.28173207819879326
Group_DischargeIC,184,0.21300236539046827
Group_DischargeIC,185,0.2849883528184106
Group_DischargeIC,186,0.3464370914958118
Group_DischargeIC,187,0.2290280858174141
Group_DischargeIC,188,0.18090557976797267
Group_DischargeIC,189,0.33063232631797634
Group_DischargeIC,190,0.30061606311626365
Group_DischargeIC,191,0.16110051505530257
Group_DischargeIC,192,0.2129763893630082
Group_DischargeIC,193,0.2296916015715208
Group_DischargeIC,194,0.4005645836525653
Group_DischargeIC,195,0.22702178999588468
Group_DischargeIC,196,0.32908210683337435
Group_DischargeIC,197,0.1989620783701834
Group_DischargeIC,198,0.27446745031682224
Group_DischargeIC,199,0.3003663017297811
Group_DischargeIC,200,0.24773052985269212
Group_DischargeIC,201,0.12092764409587824
Group_DischargeIC,202,0.14193323479127912
Group_DischargeIC,203,0.35513056092953615
Group_DischargeIC,204,0.21878262669085188
Group_DischargeIC,205,0.3036058007978859
Group_DischargeIC,206,0.3173052953538933
Group_DischargeIC,207,0.1619208383302358
Group_DischargeIC,208,0.3368302757855943
Group_DischargeIC,209,0.25758426675432866
Group_DischargeIC,210,0.2488139967916661
Group_DischargeIC,211,0.3120917305517709
Group_DischargeIC,212,0.2864599916833369
Group_DischargeIC,213,0.3976219096030757
Group_DischargeIC,214,0.2857024720328441
Group_DischargeIC,215,0.3736794280064657
Group_DischargeIC,216,0.20821680239491877
Group_DischargeIC,217,0.4199837391597727
Group_DischargeIC,218,0.29104430864884845
Group_DischargeIC,219,0.35555872364939217
Group_DischargeIC,220,0.2836051465939712
Group_DischargeIC,221,0.34363569526052734
Group_DischargeIC,222,0.28296978470427414
Group_DischargeIC,223,0.2718894379078776
Group_DischargeIC,224,0.26859220427688124
Group_DischargeIC,225,0.2737822335911135
Group_DischargeIC,226,0.31135593612054097
Group_DischargeIC,227,0.20114687282201324
Group_DischargeIC,228,0.1327734147694918
Group_DischargeIC,229,0.2073075411859226
Group_DischargeIC,230,0.17583911039294436
Group_DischargeIC,231,0.2751008088232185
Group_DischargeIC,232,0.23486298572985673
Group_DischargeIC,233,0.2645281211845919
Group_DischargeIC,234,0.26079118987830446
Group_DischargeIC,235,0.24039458139387196
Group_DischargeIC,236,0.2611861275767639
Group_DischargeIC,237,0.2614574435014851
Group_DischargeIC,238,0.18649481481985658
Group_DischargeIC,239,0.3094145433043086
Group_DischargeIC,240,0.24154786770473002
Group_DischargeIC,241,0.30333045024530403
Group_DischargeIC,242,0.18871439977172222
Group_DischargeIC,243,0.18568233055411956
Group_DischargeIC,244,0.20383272173744618
Group_DischargeIC,245,0.2821318384926228
Group_DischargeIC,246,0.2932314558501929
Group_DischargeIC,247,0.368318590366792
Group_DischargeIC,248,0.14939911453977373
Group_DischargeIC,249,0.32999086863399485
Group_DischargeIC,250,0.3157513982624569
Group_DischargeIC,251,0.21939232133606018
Group_DischargeIC,252,0.15957634581378394
Group_DischargeIC,253,0.2743255263671666
Group_DischargeIC,254,0.2600816123708895
Group_DischargeIC,255,0.10925319795967127
Group_DischargeIC,256,0.2930306425379237
Group_DischargeIC,257,0.18891115514410564
Group_DischargeIC,258,0.2719882044502477
Group_DischargeIC,259,0.2024391625928289
Group_DischargeIC,260,0.27305288470636424
Group_DischargeIC,261,0.2691385065220192
Group_DischargeIC,262,0.29992337141846526
Group_DischargeIC,263,0.23840642938852538
Group_DischargeIC,264,0.31803236817652175
Group_DischargeIC,265,0.24755936895704211
Group_DischargeIC,266,0.2509279235792826
Group_DischargeIC,267,0.33451526165904816
Group_DischargeIC,268,0.2504463110353862
Group_DischargeIC,269,0.2902602042172235
Group_DischargeIC,270,0.2607927676995988
Group_DischargeIC,271,0.3174505206892227
Group_DischargeIC,272,0.2638564794123383
Group_DischargeIC,273,0.14221267734802534
Group_DischargeIC,274,0.23722671827758043
Group_DischargeIC,275,0.3717835483152089
Group_DischargeIC,276,0.278344712636439
Group_DischargeIC,277,0.30906341350260613
Group_DischargeIC,278,0.3872915608056
Group_DischargeIC,279,0.2661051961412931
Group_DischargeIC,280,0.17657048667395753
Group_DischargeIC,281,0.28094801947716874
Group_DischargeIC,282,0.29412679555062593
Group_DischargeIC,283,0.33172476813153423
Group_DischargeIC,284,0.11913878564650249
Group_DischargeIC,285,0.1784202292698875
Group_DischargeIC,286,0.21862494468222604
Group_DischargeIC,287,0.26567075246761696
Group_DischargeIC,288,0.20994026644081995
Group_DischargeIC,289,0.18968486098665577
Group_DischargeIC,290,0.20614409964508146
Group_DischargeIC,291,0.19559399814694306
Group_DischargeIC,292,0.3085820731228522
Group_DischargeIC,293,0.2378958901007232
Group_DischargeIC,294,0.1889712552359655
Group_DischargeIC,295,0.31149163396119217
Group_DischargeIC,296,0.19090457142168862
Group_DischargeIC,297,0.16254666587226466
Group_DischargeIC,298,0.1763180441974131
Group_DischargeIC,299,0.3552886814105478
Group_DischargeIC,300,0.3677166953173238
Group_DischargeIC,301,0.22393183144819734
Group_DischargeIC,302,0.22471926493895586
Group_DischargeIC,303,0.36111647030894334
Group_DischargeIC,304,0.3166900690302547
Group_DischargeIC,305,0.2701855228570515
Group_DischargeIC,306,0.2873607090958091
Group_DischargeIC,307,0.38566040316213945
Group_DischargeIC,308,0.26791958532895643
Group_DischargeIC,309,0.2662895808283266
Group_DischargeIC,310,0.12375324255359366
Group_DischargeIC,311,0.2162648804948283
Group_DischargeIC,312,0.17773677291604698
Group_DischargeIC,313,0.15024068278951092
Group_DischargeIC,314,0.3465857440892896
Group_DischargeIC,315,0.2119324646094198
Group_DischargeIC,316,0.23491448692146263
Group_DischargeIC,317,0.2521578628766675
Group_DischargeIC,318,0.18722763718785235
Group_DischargeIC,319,0.2149602770724335
Group_DischargeIC,320,0.14836199847981593
Group_DischargeIC,321,0.23202213186411
Group_DischargeIC,322,0.21595727014435526
Group_DischargeIC,323,0.18438560174656363
Group_DischargeIC,324,0.2270844343604569
Group_DischargeIC,325,0.2957810342875395
Group_DischargeIC,326,0.387074953090164
Group_DischargeIC,327,0.21279384097171844
Group_DischargeIC,328,0.3204460108846988
Group_DischargeIC,329,0.3148826229006002
Group_DischargeIC,330,0.3512108333868752
Group_DischargeIC,331,0.3021158965981896
Group_DischargeIC,332,0.25301917278538244
Group_DischargeIC,333,0.20445975760719134
Group_DischargeIC,334,0.22194072400969408
Group_DischargeIC,335,0.32713950016167626
Group_DischargeIC,336,0.3426049955327802
Group_DischargeIC,337,0.17238765646790621
Group_DischargeIC,338,0.15947664285400476
Group_DischargeIC,339,0.28963639803432784
Group_DischargeIC,340,0.20515074546918852
Group_DischargeIC,341,0.2789828486138836
Group_DischargeIC,342,0.2291319487905127
Group_DischargeIC,343,0.2872426014743376
Group_DischargeIC,344,0.24605687634506368
Group_DischargeIC,345,0.2745523120774294
Group_DischargeIC,346,0.23283265241293655
Group_DischargeIC,347,0.21956459999509745
Group_DischargeIC,348,0.15309915858856163
Group_DischargeIC,349,0.2896818917034336
Group_DischargeIC,350,0.10676539662883601
Group_DischargeIC,351,0.3606057169348878
Group_DischargeIC,352,0.23587342361390784
Group_DischargeIC,353,0.2405456690989853
Group_DischargeIC,354,0.28797720440977514
Group_DischargeIC,355,0.3399185821509302
Group_DischargeIC,356,0.2038713028238184
Group_DischargeIC,357,0.14264427017682818
Group_DischargeIC,358,0.20539066849948612
Group_DischargeIC,359,0.3221709989528805
Group_DischargeIC,360,0.17287908937872645
Group_DischargeIC,361,0.2651201051785364
Group_DischargeIC,362,0.21476518725949167
Group_DischargeIC,363,0.16132170152630096
Group_DischargeIC,364,0.3603185228550843
Group_DischargeIC,365,0.21089193589985566
Group_DischargeIC,366,0.15194667857902047
Group_DischargeIC,367,0.19994879925946357
Group_DischargeIC,368,0.2550280789088344
Group_DischargeIC,369,0.24563136746224581
Group_DischargeIC,370,0.29162817843524247
Group_DischargeIC,371,0.2196972038932444
Group_DischargeIC,372,0.31136800943030873
Group_DischargeIC,373,0.17324964159955836
Group_DischargeIC,374,0.2226284360618064
Group_DischargeIC,375,0.18261982907584817
Group_DischargeIC,376,0.20820182476777116
Group_DischargeIC,377,0.2653233832007138
Group_DischargeIC,378,0.29177478078803104
Group_DischargeIC,379,0.37980386288370593
Group_DischargeIC,380,0.23372915424243285
Group_DischargeIC,381,0.2583701601426686
Group_DischargeIC,382,0.19611170852408064
Group_DischargeIC,383,0.3490714199491335
Group_DischargeIC,384,0.20699127813298968
Group_DischargeIC,385,0.20767356884378504
Group_DischargeIC,386,0.2823668076560653
Group_DischargeIC,387,0.19607659824993798
Group_DischargeIC,388,0.19758663041597216
Group_DischargeIC,389,0.152378297919603
Group_DischargeIC,390,0.27226076485316797
Group_DischargeIC,391,0.22675990025192613
Group_DischargeIC,392,0.22105869713926551
Group_DischargeIC,393,0.3066413636792528
Group_DischargeIC,394,0.24849217579985394
Group_DischargeIC,395,0.12594202600768586
Group_DischargeIC,396,0.23906866492500686
Group_DischargeIC,397,0.20809994600567916
Group_DischargeIC,398,0.2519215564781368
Group_DischargeIC,399,0.2207438375771369
Group_DischargeIC,400,0.28055805847712567
Group_DischargeIC,401,0.20570730554771074
Group_DischargeIC,402,0.2768659832186872
Group_DischargeIC,403,0.16336725020042578
Group_DischargeIC,404,0.1353893425901832
Group_DischargeIC,405,0.17306860854920314
Group_DischargeIC,406,0.3071199953277613
Group_DischargeIC,407,0.1970904421648008
Group_DischargeIC,408,0.21073403918403685
Group_DischargeIC,409,0.3614597068931528
Group_DischargeIC,410,0.2676218142385883
Group_DischargeIC,411,0.3908069989746776
Group_DischargeIC,412,0.2418784759705491
Group_DischargeIC,413,0.15867974738937266
Group_DischargeIC,414,0.2791259072382755
Group_DischargeIC,415,0.28552874257091887
Group_DischargeIC,416,0.2399597510418041
Group_DischargeIC,417,0.2348194038739246
Group_DischargeIC,418,0.2801134739489851
Group_DischargeIC,419,0.14918234323282065
Group_DischargeIC,420,0.24547462694567537
Group_DischargeIC,421,0.2215742705900949
Group_DischargeIC,422,0.23120883202977782
Group_DischargeIC,423,0.3456691610217191
Group_DischargeIC,424,0.28056760524287716
Group_DischargeIC,425,0.19261308888789508
Group_DischargeIC,426,0.18485130170402797
Group_DischargeIC,427,0.18930195061259308
Group_DischargeIC,428,0.14827135709026734
Group_DischargeIC,429,0.30905247995088897
Group_DischargeIC,430,0.32275352149528147
Group_DischargeIC,431,0.28104166503224315
Group_DischargeIC,432,0.26984943733328115
Group_DischargeIC,433,0.23007385333124455
Group_DischargeIC,434,0.4243293263801665
Group_DischargeIC,435,0.25835464466099584
Group_DischargeIC,436,0.2898637870396115
Group_DischargeIC,437,0.31486606511125725
Group_DischargeIC,438,0.21294359752226377
Group_DischargeIC,439,0.29366786895750874
Group_DischargeIC,440,0.2777704803112737
Group_DischargeIC,441,0.18488158116016315
Group_DischargeIC,442,0.3023997373662347
Group_DischargeIC,443,0.27339025664670136
Group_DischargeIC,444,0.3052008112960609
Group_DischargeIC,445,0.21072164389033385
Group_DischargeIC,446,0.27556815435747833
Group_DischargeIC,447,0.17342940647444804
Group_DischargeIC,448,0.2733906630193472
Group_DischargeIC,449,0.3331925820482071
Group_DischargeIC,450,0.24086887114766434
Group_DischargeIC,451,0.20774330188227805
Group_DischargeIC,452,0.3604184173742097
Group_DischargeIC,453,0.1910722445729429
Group_DischargeIC,454,0.19416572664597867
Group_DischargeIC,455,0.13324593284529743
Group_DischargeIC,456,0.19081008978659622
Group_DischargeIC,457,0.15847016142187398
Group_DischargeIC,458,0.3994683107208913
Group_DischargeIC,459,0.2797598490409766
Group_DischargeIC,460,0.33809959083783997
Group_DischargeIC,461,0.1082256938674543
Group_DischargeIC,462,0.21029025101519255
Group_DischargeIC,463,0.20797600346525497
Group_DischargeIC,464,0.1532815293633075
Group_DischargeIC,465,0.33761718471044727
Group_DischargeIC,466,0.2459238787903783
Group_DischargeIC,467,0.32808602090444916
Group_DischargeIC,468,0.18825298572226293
Group_DischargeIC,469,0.17300560325782335
Group_DischargeIC,470,0.28572118732944335
Group_DischargeIC,471,0.2075481810471153
Group_DischargeIC,472,0.3221569711052797
Group_DischargeIC,473,0.22701432688070064
Group_DischargeIC,474,0.3199253531160925
Group_DischargeIC,475,0.2992956937030281
Group_DischargeIC,476,0.28840092582010096
Group_DischargeIC,477,0.22973716738443006
Group_DischargeIC,478,0.20830991102906485
Group_DischargeIC,479,0.14008085003003365
Group_DischargeIC,480,0.26838368872232365
Group_DischargeIC,481,0.17533194990412423
Group_DischargeIC,482,0.16432788637382179
Group_DischargeIC,483,0.3140145625991476
Group_DischargeIC,484,0.3115600693556777
Group_DischargeIC,485,0.24403047983448262
Group_DischargeIC,486,0.07328757291164702
Group_DischargeIC,487,0.37778807245071794
Group_DischargeIC,488,0.26665159203318156
Group_DischargeIC,489,0.3048376836231399
Group_DischargeIC,490,0.25691345072181754
Group_DischargeIC,491,0.25105061506902754
Group_DischargeIC,492,0.2011394461463636
Group_DischargeIC,493,0.2234297471618739
Group_DischargeIC,494,0.1486719255119221
Group_DischargeIC,495,0.35175565217578053
Group_DischargeIC,496,0.12822791785174262
Group_DischargeIC,497,0.39205262861778495
Group_DischargeIC,498,0.21256124852649283
Group_DischargeIC,499,0.16998615143758214
Group_DischargeIC,500,0.15566562586871643
Group_DischargeIC,501,0.24327972988779464
Group_DischargeIC,502,0.2962089188446168
Group_DischargeIC,503,0.23557756183050463
Group_DischargeIC,504,0.3042906889041051
Group_DischargeIC,505,0.3381592386526053
Group_DischargeIC,506,0.2176182213150179
Group_DischargeIC,507,0.23101586817770473
Group_DischargeIC,508,0.15013558558652537
Group_DischargeIC,509,0.2834904479130769
Group_DischargeIC,510,0.2798185495882538
Group_DischargeIC,511,0.1925318936051919
Group_DischargeIC,512,0.2224481107686276
Group_DischargeIC,513,0.21070837620593486
Group_DischargeIC,514,0.2845134100822979
Group_DischargeIC,515,0.22592218784300233
Group_DischargeIC,516,0.3599118368576022
Group_DischargeIC,517,0.2603855424806257
Group_DischargeIC,518,0.24713164152533015
Group_DischargeIC,519,0.3335767981020469
Group_DischargeIC,520,0.3343594018995984
Group_DischargeIC,521,0.18342561583566855
Group_DischargeIC,522,0.21763782318373537
Group_DischargeIC,523,0.3380407304306903
Group_DischargeIC,524,0.29705527843919555
Group_DischargeIC,525,0.41884912344368297
Group_DischargeIC,526,0.2731790916093745
Group_DischargeIC,527,0.1906918613808777
Group_DischargeIC,528,0.3596731995816773
Group_DischargeIC,529,0.3147523710613718
Group_DischargeIC,530,0.25473961476743445
Group_DischargeIC,531,0.2946400732826838
Group_DischargeIC,532,0.2520918807884687
Group_DischargeIC,533,0.17245491976190255
Group_DischargeIC,534,0.23022540475591483
Group_DischargeIC,535,0.24287039503789554
Group_DischargeIC,536,0.2418934516460022
Group_DischargeIC,537,0.24730206731226495
Group_DischargeIC,538,0.26281208521110044
Group_DischargeIC,539,0.2470613559758735
Group_DischargeIC,540,0.2577965401440425
Group_DischargeIC,541,0.30048574130625855
Group_DischargeIC,542,0.21669324420940664
Group_DischargeIC,543,0.16035181680851052
Group_DischargeIC,544,0.19855962958656537
Group_DischargeIC,545,0.28985664756949675
Group_DischargeIC,546,0.30345021248932735
Group_DischargeIC,547,0.25566530035051327
Group_DischargeIC,548,0.22985548489675606
Group_DischargeIC,549,0.3100622311039563
Group_DischargeIC,550,0.2210934417584074
Group_DischargeIC,551,0.2658831666606798
Group_DischargeIC,552,0.14136730566655847
Group_DischargeIC,553,0.30136895825190135
Group_DischargeIC,554,0.17419964560424403
Group_DischargeIC,555,0.2816663881288809
Group_DischargeIC,556,0.26655492516173573
Group_DischargeIC,557,0.2468695016439729
Group_DischargeIC,558,0.37907486932580364
Group_DischargeIC,559,0.32276160763975237
Group_DischargeIC,560,0.3034397800164434
Group_DischargeIC,561,0.2686157650308832
Group_DischargeIC,562,0.13496953510124318
Group_DischargeIC,563,0.30523245102572116
Group_DischargeIC,564,0.3208414829436307
Group_DischargeIC,565,0.19890028526745052
Group_DischargeIC,566,0.33069893168080927
Group_DischargeIC,567,0.32916408380638745
Group_DischargeIC,568,0.19421295914377376
Group_DischargeIC,569,0.331145739150489
Group_DischargeIC,570,0.3200465996963684
Group_DischargeIC,571,0.30087080766360047
Group_DischargeIC,572,0.28526469442504127
Group_DischargeIC,573,0.1934259201126486
Group_DischargeIC,574,0.2781712584531827
Group_DischargeIC,575,0.28560516499101324
Group_DischargeIC,576,0.192932543787335
Group_DischargeIC,577,0.27362864440146933
Group_DischargeIC,578,0.08932211414578256
Group_DischargeIC,579,0.3299359346505712
Group_DischargeIC,580,0.2880390700779316
Group_DischargeIC,581,0.2175083378864503
Group_DischargeIC,582,0.31282903879589363
Group_DischargeIC,583,0.16557747358103395
Group_DischargeIC,584,0.10408312656702205
Group_DischargeIC,585,0.2502774267155957
Group_DischargeIC,586,0.2727223228558262
Group_DischargeIC,587,0.23736187010529947
Group_DischargeIC,588,0.28330531910329426
Group_DischargeIC,589,0.272433470769598
Group_DischargeIC,590,0.3030439390925955
Group_DischargeIC,591,0.3640700612034181
Group_DischargeIC,592,0.1879799117520856
Group_DischargeIC,593,0.26541841650327674
Group_DischargeIC,594,0.2615646322724943
Group_DischargeIC,595,0.2978996903313651
Group_DischargeIC,596,0.15902029574849588
Group_DischargeIC,597,0.24483562980465354
Group_DischargeIC,598,0.22205448448798792
Group_DischargeIC,599,0.2420649777381979
Group_DischargeIC,600,0.19987071731908906
Group_DischargeIC,601,0.20240375679795455
Group_DischargeIC,602,0.3363758186439634
Group_DischargeIC,603,0.22796946187451783
Group_DischargeIC,604,0.45391867779253947
Group_DischargeIC,605,0.2980136072136941
Group_DischargeIC,606,0.13653181088243457
Group_DischargeIC,607,0.2519076379885947
Group_DischargeIC,608,0.2784939967973532
Group_DischargeIC,609,0.328532171753659
Group_DischargeIC,610,0.3054846060016885
Group_DischargeIC,611,0.334501109144336
Group_DischargeIC,612,0.231094763731979
Group_DischargeIC,613,0.30700906331447436
Group_DischargeIC,614,0.2765740014951597
Group_DischargeIC,615,0.25693954970287963
Group_DischargeIC,616,0.1410843781024112
Group_DischargeIC,617,0.2858132372264924
Group_DischargeIC,618,0.18323455056994203
Group_DischargeIC,619,0.2395237429178611
Group_DischargeIC,620,0.208154104342396
Group_DischargeIC,621,0.20896349027236832
Group_DischargeIC,622,0.27827690346828493
Group_DischargeIC,623,0.28642764921330394
Group_DischargeIC,624,0.2121412068632088
Group_DischargeIC,625,0.33864346885505525
Group_DischargeIC,626,0.30160529482844
Group_DischargeIC,627,0.1351957529627838
Group_DischargeIC,628,0.26763637292855075
Group_DischargeIC,629,0.2373886262923634
Group_DischargeIC,630,0.1961857576586297
Group_DischargeIC,631,0.27672254002542573
Group_DischargeIC,632,0.37880682846107
Group_DischargeIC,633,0.25699350269699794
Group_DischargeIC,634,0.1682571877261006
Group_DischargeIC,635,0.24467669356928892
Group_DischargeIC,636,0.1797352519056022
Group_DischargeIC,637,0.2936363509525173
Group_DischargeIC,638,0.20959468627938843
Group_DischargeIC,639,0.43265207687035767
Group_DischargeIC,640,0.23261494770681032
Group_DischargeIC,641,0.20773310409203896
Group_DischargeIC,642,0.20789185473701838
Group_DischargeIC,643,0.17332158215046217
Group_DischargeIC,644,0.24755332787160453
Group_DischargeIC,645,0.35213714257082007
Group_DischargeIC,646,0.25372058730447017
Group_DischargeIC,647,0.17806579995663
Group_DischargeIC,648,0.22149649921971135
Group_DischargeIC,649,0.32024784114581223
Group_DischargeIC,650,0.21136120136069733
Group_DischargeIC,651,0.10369244175425961
Group_DischargeIC,652,0.2373922460302133
Group_DischargeIC,653,0.2869597102080782
Group_DischargeIC,654,0.2559402463424531
Group_DischargeIC,655,0.22863993029358307
Group_DischargeIC,656,0.2599202131398154
Group_DischargeIC,657,0.4893527876071316
Group_DischargeIC,658,0.1928933670547905
Group_DischargeIC,659,0.20200320826454704
Group_DischargeIC,660,0.27722729343431735
Group_DischargeIC,661,0.30763476030049464
Group_DischargeIC,662,0.38961175016628113
Group_DischargeIC,663,0.29296366568227733
Group_DischargeIC,664,0.24041513642283116
Group_DischargeIC,665,0.2931147294888654
Group_DischargeIC,666,0.3004145103308656
Group_DischargeIC,667,0.23151366780228846
Group_DischargeIC,668,0.18918637080262232
Group_DischargeIC,669,0.29472532731168094
Group_DischargeIC,670,0.22773234656917846
Group_DischargeIC,671,0.1691994633457976
Group_DischargeIC,672,0.313871250468902
Group_DischargeIC,673,0.2642754026729046
Group_DischargeIC,674,0.2944902713986542
Group_DischargeIC,675,0.18457963763429164
Group_DischargeIC,676,0.23067712410622876
Group_DischargeIC,677,0.32074271017876266
Group_DischargeIC,678,0.1856358310640221
Group_DischargeIC,679,0.270433352028748
Group_DischargeIC,680,0.28749496913193556
Group_DischargeIC,681,0.28686624757031937
Group_DischargeIC,682,0.3820486157367795
Group_DischargeIC,683,0.23088811588374383
Group_DischargeIC,684,0.26292391547060223
Group_DischargeIC,685,0.19068395943738664
Group_DischargeIC,686,0.2655896586128288
Group_DischargeIC,687,0.2584426993762332
Group_DischargeIC,688,0.24411041053087543
Group_DischargeIC,689,0.27400240517748653
Group_DischargeIC,690,0.20375511500389545
Group_DischargeIC,691,0.19068366350515134
Group_DischargeIC,692,0.19076157375042777
Group_DischargeIC,693,0.2653637933470734
Group_DischargeIC,694,0.18170862492426965
Group_DischargeIC,695,0.33468877094244703
Group_DischargeIC,696,0.31929361652135185
Group_DischargeIC,697,0.11428296771720592
Group_DischargeIC,698,0.24545556208845412
Group_DischargeIC,699,0.22048371805246716
Group_DischargeIC,700,0.28675328101475406
Group_DischargeIC,701,0.29086881496790373
Group_DischargeIC,702,0.30228901149072096
Group_DischargeIC,703,0.2736056688340863
Group_DischargeIC,704,0.3078043925362513
Group_DischargeIC,705,0.1833406515624484
Group_DischargeIC,706,0.20052199821377317
Group_DischargeIC,707,0.25694022214243567
Group_DischargeIC,708,0.27795417271355244
Group_DischargeIC,709,0.27479395770234055
Group_DischargeIC,710,0.16537222079721448
Group_DischargeIC,711,0.30133950408789695
Group_DischargeIC,712,0.34515730288235585
Group_DischargeIC,713,0.31187253175585317
Group_DischargeIC,714,0.24010249792869284
Group_DischargeIC,715,0.17487143172518674
Group_DischargeIC,716,0.26864866626689904
Group_DischargeIC,717,0.12717563496382314
Group_DischargeIC,718,0.22741381283869655
Group_DischargeIC,719,0.15833287230799695
Group_DischargeIC,720,0.29486289051145415
Group_DischargeIC,721,0.33683104922602847
Group_DischargeIC,722,0.3004040179072718
Group_DischargeIC,723,0.19651642182042375
Group_DischargeIC,724,0.2573416866575849
Group_DischargeIC,725,0.31130528294026877
Group_DischargeIC,726,0.1682400552215092
Group_DischargeIC,727,0.1658173736509944
Group_DischargeIC,728,0.28951180432460477
Group_DischargeIC,729,0.16402471713768843
Group_DischargeIC,730,0.24455243772586555
Group_DischargeIC,731,0.18480397293097864
Group_DischargeIC,732,0.19502226403835246
Group_DischargeIC,733,0.2776715867876904
Group_DischargeIC,734,0.2298472899424818
Group_DischargeIC,735,0.38399394984752994
Group_DischargeIC,736,0.17731502977848265
Group_DischargeIC,737,0.3162994737762103
Group_DischargeIC,738,0.2043638507069093
Group_DischargeIC,739,0.2546097539996343
Group_DischargeIC,740,0.34810878641813536
Group_DischargeIC,741,0.2537374275699903
Group_DischargeIC,742,0.29013032828778973
Group_DischargeIC,743,0.26813421773608265
Group_DischargeIC,744,0.4177109575709305
Group_DischargeIC,745,0.25390203099709185
Group_DischargeIC,746,0.2605050964921893
Group_DischargeIC,747,0.24003706011063197
Group_DischargeIC,748,0.22667931647553677
Group_DischargeIC,749,0.4173540326214133
Group_DischargeIC,750,0.17964994984675073
Group_DischargeIC,751,0.2323131152775691
Group_DischargeIC,752,0.22824351120814665
Group_DischargeIC,753,0.19336814940142366
Group_DischargeIC,754,0.341877943181263
Group_DischargeIC,755,0.1753037045881031
Group_DischargeIC,756,0.2450706911230001
Group_DischargeIC,757,0.11623395477357666
Group_DischargeIC,758,0.2209409549046862
Group_DischargeIC,759,0.18190016592029504
Group_DischargeIC,760,0.21238633253034697
Group_DischargeIC,761,0.1939973866300352
Group_DischargeIC,762,0.2416826433338014
Group_DischargeIC,763,0.29330216757885386
Group_DischargeIC,764,0.36646082223418686
Group_DischargeIC,765,0.13202785827723004
Group_DischargeIC,766,0.2043658351933927
Group_DischargeIC,767,0.17813801175521402
Group_DischargeIC,768,0.241843778277274
Group_DischargeIC,769,0.3156664207656857
Group_DischargeIC,770,0.14121167685746736
Group_DischargeIC,771,0.11403780356499897
Group_DischargeIC,772,0.39736652273433376
Group_DischargeIC,773,0.1501506031644515
Group_DischargeIC,774,0.15645800733151624
Group_DischargeIC,775,0.2197272676345576
Group_DischargeIC,776,0.2926069593751926
Group_DischargeIC,777,0.26172982165568104
Group_DischargeIC,778,0.2017487517420918
Group_DischargeIC,779,0.2318961110903006
Group_DischargeIC,780,0.19947217147531138
Group_DischargeIC,781,0.24913321971431915
Group_DischargeIC,782,0.24339413235912
Group_DischargeIC,783,0.1637294120061103
Group_DischargeIC,784,0.2533664859016154
Group_DischargeIC,785,0.14497704682002335
Group_DischargeIC,786,0.21184499604438436
Group_DischargeIC,787,0.16342554535215428
Group_DischargeIC,788,0.2942973241447466
Group_DischargeIC,789,0.2968005811641917
Group_DischargeIC,790,0.2690763510020932
Group_DischargeIC,791,0.19512922238340244
Group_DischargeIC,792,0.18634719120830934
Group_DischargeIC,793,0.28910484517510626
Group_DischargeIC,794,0.13105419797028642
Group_DischargeIC,795,0.24366140558566957
Group_DischargeIC,796,0.1931740357256017
Group_DischargeIC,797,0.17748269036291825
Group_DischargeIC,798,0.40546407567135995
Group_DischargeIC,799,0.3337360109809557
Group_DischargeIC,800,0.20622367727351792
Group_DischargeIC,801,0.3323815875444331
Group_DischargeIC,802,0.20899393682543901
Group_DischargeIC,803,0.22219763166470186
Group_DischargeIC,804,0.2550789278781889
Group_DischargeIC,805,0.27580621489489265
Group_DischargeIC,806,0.2977831535007988
Group_DischargeIC,807,0.24184945804704
Group_DischargeIC,808,0.23076377868531772
Group_DischargeIC,809,0.140141405419154
Group_DischargeIC,810,0.247198220234174
Group_DischargeIC,811,0.3408954630426429
Group_DischargeIC,812,0.19654322966198076
Group_DischargeIC,813,0.32718883110689284
Group_DischargeIC,814,0.21762100801831122
Group_DischargeIC,815,0.19590678147141538
Group_DischargeIC,816,0.20860382328540428
Group_DischargeIC,817,0.28296845118957215
Group_DischargeIC,818,0.2026478923838646
Group_DischargeIC,819,0.3084033959017839
Group_DischargeIC,820,0.25905934637697103
Group_DischargeIC,821,0.2649953167479017
Group_DischargeIC,822,0.2558977597516232
Group_DischargeIC,823,0.17074459024194982
Group_DischargeIC,824,0.27141437181056394
Group_DischargeIC,825,0.3030866268035738
Group_DischargeIC,826,0.22661047349248165
Group_DischargeIC,827,0.3870779400735072
Group_DischargeIC,828,0.25546303772394485
Group_DischargeIC,829,0.22192849522052735
Group_DischargeIC,830,0.3130461248587002
Group_DischargeIC,831,0.20594677943342768
Group_DischargeIC,832,0.2599260231680552
Group_DischargeIC,833,0.2547927547182365
Group_DischargeIC,834,0.2942108488849678
Group_DischargeIC,835,0.18775002776630734
Group_DischargeIC,836,0.2784505370661606
Group_DischargeIC,837,0.26656692314228564
Group_DischargeIC,838,0.29230268488937045
Group_DischargeIC,839,0.2193273285196993
Group_DischargeIC,840,0.23786404798205824
Group_DischargeIC,841,0.21985054288272396
Group_DischargeIC,842,0.23433759332344187
Group_DischargeIC,843,0.4063859208757075
Group_DischargeIC,844,0.28443302191472103
Group_DischargeIC,845,0.14517809562351225
Group_DischargeIC,846,0.4043690769968074
Group_DischargeIC,847,0.3839276702563471
Group_DischargeIC,848,0.20090419190426564
Group_DischargeIC,849,0.3262454345391874
Group_DischargeIC,850,0.3675813093820162
Group_DischargeIC,851,0.43954699876557957
Group_DischargeIC,852,0.2841387462053935
Group_DischargeIC,853,0.26479772385592737
Group_DischargeIC,854,0.273736261909578
Group_DischargeIC,855,0.09838582715551113
Group_DischargeIC,856,0.19166807773152297
Group_DischargeIC,857,0.3525432026128258
Group_DischargeIC,858,0.35196776464945173
Group_DischargeIC,859,0.2734845871363133
Group_DischargeIC,860,0.12070749158468076
Group_DischargeIC,861,0.3341174523280819
Group_DischargeIC,862,0.21105528191863815
Group_DischargeIC,863,0.39002611894394046
Group_DischargeIC,864,0.28138354473107346
Group_DischargeIC,865,0.22790595500563918
Group_DischargeIC,866,0.24784754421767993
Group_DischargeIC,867,0.3516486923402339
Group_DischargeIC,868,0.12814178240470814
Group_DischargeIC,869,0.2619482344278794
Group_DischargeIC,870,0.41565401472200997
Group_DischargeIC,871,0.2165624937671709
Group_DischargeIC,872,0.3440565123267003
Group_DischargeIC,873,0.19547977039731915
Group_DischargeIC,874,0.20828812291375767
Group_DischargeIC,875,0.16362894239353007
Group_DischargeIC,876,0.3592403931710713
Group_DischargeIC,877,0.16578920575743994
Group_DischargeIC,878,0.24764825909902272
Group_DischargeIC,879,0.08048687772803317
Group_DischargeIC,880,0.3091035476165516
Group_DischargeIC,881,0.4147712504683582
Group_DischargeIC,882,0.08705153504125013
Group_DischargeIC,883,0.2122346078321651
Group_DischargeIC,884,0.13594409319125056
Group_DischargeIC,885,0.35697619352296467
Group_DischargeIC,886,0.2772089157036122
Group_DischargeIC,887,0.33177179515764255
Group_DischargeIC,888,0.12026599875054282
Group_DischargeIC,889,0.23990979756585892
Group_DischargeIC,890,0.3618495153196982
Group_DischargeIC,891,0.20384489075641002
Group_DischargeIC,892,0.20790979045296276
Group_DischargeIC,893,0.24101219095923992
Group_DischargeIC,894,0.191966352901696
Group_DischargeIC,895,0.1674669721716387
Group_DischargeIC,896,0.3143538702761842
Group_DischargeIC,897,0.37711096199515065
Group_DischargeIC,898,0.16924656193418341
Group_DischargeIC,899,0.17691160144722587
Group_DischargeIC,900,0.18388109103999326
Group_DischargeIC,901,0.32097891018324964
Group_DischargeIC,902,0.24426525483383815
Group_DischargeIC,903,0.30390939018075075
Group_DischargeIC,904,0.23271610154181654
Group_DischargeIC,905,0.31887450023983416
Group_DischargeIC,906,0.14343785462107903
Group_DischargeIC,907,0.39040374226784974
Group_DischargeIC,908,0.2709254696301514
Group_DischargeIC,909,0.31830463255201047
Group_DischargeIC,910,0.23056615865943422
Group_DischargeIC,911,0.1901208115228565
Group_DischargeIC,912,0.2502161217741439
Group_DischargeIC,913,0.23882118564516766
Group_DischargeIC,914,0.25517075665066824
Group_DischargeIC,915,0.3055130313210174
Group_DischargeIC,916,0.28973710773375705
Group_DischargeIC,917,0.29795631374948367
Group_DischargeIC,918,0.268259943660433
Group_DischargeIC,919,0.27372127317312767
Group_DischargeIC,920,0.19615960583800124
Group_DischargeIC,921,0.30360908542240056
Group_DischargeIC,922,0.13163633446376638
Group_DischargeIC,923,0.23507034917773922
Group_DischargeIC,924,0.4002121192515215
Group_DischargeIC,925,0.19083875293674207
Group_DischargeIC,926,0.10049625521332867
Group_DischargeIC,927,0.25036875823092497
Group_DischargeIC,928,0.2891161062397442
Group_DischargeIC,929,0.18208685011937645
Group_DischargeIC,930,0.21882544883217814
Group_DischargeIC,931,0.3646229675293865
Group_DischargeIC,932,0.2492783176245445
Group_DischargeIC,933,0.2977445110049447
Group_DischargeIC,934,0.14423241056936772
Group_DischargeIC,935,0.2528289434104883
Group_DischargeIC,936,0.24051556648126776
Group_DischargeIC,937,0.1695621220737029
Group_DischargeIC,938,0.37522825898971746
Group_DischargeIC,939,0.3591118930935868
Group_DischargeIC,940,0.23579046099360748
Group_DischargeIC,941,0.24425949629661145
Group_DischargeIC,942,0.22722517077848614
Group_DischargeIC,943,0.250307432887275
Group_DischargeIC,944,0.31613366295145484
Group_DischargeIC,945,0.34430250618750374
Group_DischargeIC,946,0.2714472102918634
Group_DischargeIC,947,0.42468161559794987
Group_DischargeIC,948,0.2516734365973493
Group_DischargeIC,949,0.3548583410567157
Group_DischargeIC,950,0.14427389999252532
Group_DischargeIC,951,0.3921367871986107
Group_DischargeIC,952,0.24603554373814587
Group_DischargeIC,953,0.1929266809429391
Group_DischargeIC,954,0.2473027121331526
Group_DischargeIC,955,0.2181042199963548
Group_DischargeIC,956,0.2694867838658094
Group_DischargeIC,957,0.17192039329850795
Group_DischargeIC,958,0.26890095554905524
Group_DischargeIC,959,0.28414423441670494
Group_DischargeIC,960,0.21148301670547776
Group_DischargeIC,961,0.2430153598452165
Group_DischargeIC,962,0.1205333393469298
Group_DischargeIC,963,0.14233809921384843
Group_DischargeIC,964,0.18843856404379034
Group_DischargeIC,965,0.30092869473507244
Group_DischargeIC,966,0.24182433770760442
Group_DischargeIC,967,0.3025570421258281
Group_DischargeIC,968,0.28710146042511936
Group_DischargeIC,969,0.31088442396698707
Group_DischargeIC,970,0.23794416029607615
Group_DischargeIC,971,0.2801390835158542
Group_DischargeIC,972,0.20887608847529954
Group_DischargeIC,973,0.17512603690209957
Group_DischargeIC,974,0.170492331692355
Group_DischargeIC,975,0.2001570616307524
Group_DischargeIC,976,0.33476621516711014
Group_DischargeIC,977,0.3278085253858942
Group_DischargeIC,978,0.16928797761202577
Group_DischargeIC,979,0.23298034629007203
Group_DischargeIC,980,0.29448261982276425
Group_DischargeIC,981,0.2229728988263345
Group_DischargeIC,982,0.24787295964056882
Group_DischargeIC,983,0.1490405365496379
Group_DischargeIC,984,0.2837310244180717
Group_DischargeIC,985,0.23811920570047163
Group_DischargeIC,986,0.2781104976534954
Group_DischargeIC,987,0.2920335312549513
Group_DischargeIC,988,0.2751303654376019
Group_DischargeIC,989,0.28100325616593586
Group_DischargeIC,990,0.25866748095347813
Group_DischargeIC,991,0.19761225630095405
Group_DischargeIC,992,0.2549713473623397
Group_DischargeIC,993,0.4736290920478934
Group_DischargeIC,994,0.24253548338181252
Group_DischargeIC,995,0.1735219163909977
Group_DischargeIC,996,0.1666448333171688
Group_DischargeIC,997,0.1593347257600455
Group_DischargeIC,998,0.21482164631689346
Group_DischargeIC,999,0.32174018178730196
Group_EnergyEfficiency,0,0.34384915392951476
Group_EnergyEfficiency,1,0.1858369107698701
Group_EnergyEfficiency,2,0.17038971524154983
Group_EnergyEfficiency,3,0.292977810857854
Group_EnergyEfficiency,4,0.2766149457278913
Group_EnergyEfficiency,5,0.2532051457402715
Group_EnergyEfficiency,6,0.45020561350163346
Group_EnergyEfficiency,7,0.23478162387808574
Group_EnergyEfficiency,8,0.40540278186563045
Group_EnergyEfficiency,9,0.24866437787773268
Group_EnergyEfficiency,10,0.21487958181427547
Group_EnergyEfficiency,11,0.35816555333819866
Group_EnergyEfficiency,12,0.23127056882376498
Group_EnergyEfficiency,13,0.1858826139475581
Group_EnergyEfficiency,14,0.21522105705147898
Group_EnergyEfficiency,15,0.28344132405079936
Group_EnergyEfficiency,16,0.21582825389784513
Group_EnergyEfficiency,17,0.2672301970082986
Group_EnergyEfficiency,18,0.2497031506404538
Group_EnergyEfficiency,19,0.3079731195219691
Group_EnergyEfficiency,20,0.2737929138417773
Group_EnergyEfficiency,21,0.18038196534252146
Group_EnergyEfficiency,22,0.3528790392575667
Group_EnergyEfficiency,23,0.27904157931998547
Group_EnergyEfficiency,24,0.388357896045304
Group_EnergyEfficiency,25,0.09995838746229496
Group_EnergyEfficiency,26,0.20562704652918817
Group_EnergyEfficiency,27,0.1867757700132463
Group_EnergyEfficiency,28,0.22207607993106085
Group_EnergyEfficiency,29,0.21861528897622967
Group_EnergyEfficiency,30,0.2917081158686345
Group_EnergyEfficiency,31,0.18610798754229882
Group_EnergyEfficiency,32,0.33143856513296627
Group_EnergyEfficiency,33,0.2943661462755306
Group_EnergyEfficiency,34,0.3295444596759563
Group_EnergyEfficiency,35,0.35203450860334007
Group_EnergyEfficiency,36,0.24455933592351772
Group_EnergyEfficiency,37,0.3377186820572372
Group_EnergyEfficiency,38,0.17781958280165258
Group_EnergyEfficiency,39,0.26223286289772585
Group_EnergyEfficiency,40,0.2802174377908669
Group_EnergyEfficiency,41,0.29893425670263857
Group_EnergyEfficiency,42,0.24858282725962627
Group_EnergyEfficiency,43,0.32909849462297364
Group_EnergyEfficiency,44,0.22576735060228856
Group_EnergyEfficiency,45,0.24215446484059983
Group_EnergyEfficiency,46,0.29828548774661723
Group_EnergyEfficiency,47,0.24337036779578625
Group_EnergyEfficiency,48,0.2695352734102088
Group_EnergyEfficiency,49,0.22916402598233324
Group_EnergyEfficiency,50,0.13316234265242077
Group_EnergyEfficiency,51,0.13622950502202702
Group_EnergyEfficiency,52,0.366908990459747
Group_EnergyEfficiency,53,0.2160817262642515
Group_EnergyEfficiency,54,0.15042893032695423
Group_EnergyEfficiency,55,0.26774751550784315
Group_EnergyEfficiency,56,0.19399104230818198
Group_EnergyEfficiency,57,0.12704343906066118
Group_EnergyEfficiency,58,0.21998853786299918
Group_EnergyEfficiency,59,0.28909995842436814
Group_EnergyEfficiency,60,0.20092250612464155
Group_EnergyEfficiency,61,0.3120937381745419
Group_EnergyEfficiency,62,0.14765097443478797
Group_EnergyEfficiency,63,0.2449089463797117
Group_EnergyEfficiency,64,0.3148407210444131
Group_EnergyEfficiency,65,0.1850465322983096
Group_EnergyEfficiency,66,0.12898870355964537
Group_EnergyEfficiency,67,0.2357946110877328
Group_EnergyEfficiency,68,0.24181229108908397
Group_EnergyEfficiency,69,0.3609434907167796
Group_EnergyEfficiency,70,0.20197312963447162
Group_EnergyEfficiency,71,0.1894207070404421
Group_EnergyEfficiency,72,0.29246426733423825
Group_EnergyEfficiency,73,0.2719482503071501
Group_EnergyEfficiency,74,0.2865343340910924
Group_EnergyEfficiency,75,0.2563554064546707
Group_EnergyEfficiency,76,0.16093622346106873
Group_EnergyEfficiency,77,0.25343955092877507
Group_EnergyEfficiency,78,0.2546869800763584
Group_EnergyEfficiency,79,0.19676427179964803
Group_EnergyEfficiency,80,0.13841653033549992
Group_EnergyEfficiency,81,0.24526208805877714
Group_EnergyEfficiency,82,0.1580070474042489
Group_EnergyEfficiency,83,0.19052291069288407
Group_EnergyEfficiency,84,0.18582142252613496
Group_EnergyEfficiency,85,0.31154008707579256
Group_EnergyEfficiency,86,0.218798097935342
Group_EnergyEfficiency,87,0.1441315274329672
Group_EnergyEfficiency,88,0.19926096142420507
Group_EnergyEfficiency,89,0.2109566124312019
Group_EnergyEfficiency,90,0.175973530035519
Group_EnergyEfficiency,91,0.2322356709789238
Group_EnergyEfficiency,92,0.2881028112345989
Group_EnergyEfficiency,93,0.25061703334919966
Group_EnergyEfficiency,94,0.21479136967373205
Group_EnergyEfficiency,95,0.31532211240557134
Group_EnergyEfficiency,96,0.29627800301821916
Group_EnergyEfficiency,97,0.22510395285637488
Group_EnergyEfficiency,98,0.19207568254989152
Group_EnergyEfficiency,99,0.18578905616167232
Group_EnergyEfficiency,100,0.20579555688527307
Group_EnergyEfficiency,101,0.2778426139328353
Group_EnergyEfficiency,102,0.18830803322424533
Group_EnergyEfficiency,103,0.2222652030963503
Group_EnergyEfficiency,104,0.17178223814476276
Group_EnergyEfficiency,105,0.34837920693265817
Group_EnergyEfficiency,106,0.32390770417490067
Group_EnergyEfficiency,107,0.3849465092166414
Group_EnergyEfficiency,108,0.24142984790050098
Group_EnergyEfficiency,109,0.25075061327201803
Group_EnergyEfficiency,110,0.15758198507933838
Group_EnergyEfficiency,111,0.16448515816199638
Group_EnergyEfficiency,112,0.3343096859910661
Group_EnergyEfficiency,113,0.2189437072066699
Group_EnergyEfficiency,114,0.23796279231730896
Group_EnergyEfficiency,115,0.3657392583420698
Group_EnergyEfficiency,116,0.17919124639493542
Group_EnergyEfficiency,117,0.1778916206496187
Group_EnergyEfficiency,118,0.20251553646562595
Group_EnergyEfficiency,119,0.2949310867975862
Group_EnergyEfficiency,120,0.18603550437417438
Group_EnergyEfficiency,121,0.2785541682585646
Group_EnergyEfficiency,122,0.40268741466371705
Group_EnergyEfficiency,123,0.2567661343356946
Group_EnergyEfficiency,124,0.2956247280912546
Group_EnergyEfficiency,125,0.17180026179666125
Group_EnergyEfficiency,126,0.2128630377062827
Group_EnergyEfficiency,127,0.23855298078578827
Group_EnergyEfficiency,128,0.08937609228044674
Group_EnergyEfficiency,129,0.37657631278966897
Group_EnergyEfficiency,130,0.18409714409524675
Group_EnergyEfficiency,131,0.21459471870345365
Group_EnergyEfficiency,132,0.18866021311540215
Group_EnergyEfficiency,133,0.19749088741454202
Group_EnergyEfficiency,134,0.1612166620295887
Group_EnergyEfficiency,135,0.27393687649416226
Group_EnergyEfficiency,136,0.17114283913028172
Group_EnergyEfficiency,137,0.23762118430343115
Group_EnergyEfficiency,138,0.4158740870317566
Group_EnergyEfficiency,139,0.3755122449019395
Group_EnergyEfficiency,140,0.32716816157730727
Group_EnergyEfficiency,141,0.3478118575187503
Group_EnergyEfficiency,142,0.3173756554829263
Group_EnergyEfficiency,143,0.3553370696366498
Group_EnergyEfficiency,144,0.19591749893558172
Group_EnergyEfficiency,145,0.2187033301370625
Group_EnergyEfficiency,146,0.27264552142658904
Group_EnergyEfficiency,147,0.22099857652827357
Group_EnergyEfficiency,148,0.2483237523045026
Group_EnergyEfficiency,149,0.29557736958914965
Group_EnergyEfficiency,150,0.2093687753635846
Group_EnergyEfficiency,151,0.3136748075325143
Group_EnergyEfficiency,152,0.24027807222903616
Group_EnergyEfficiency,153,0.20316125517271139
Group_EnergyEfficiency,154,0.2534704491149562
Group_EnergyEfficiency,155,0.3552663328555664
Group_EnergyEfficiency,156,0.17051493460471587
Group_EnergyEfficiency,157,0.1966334861147132
Group_EnergyEfficiency,158,0.3201442685868768
Group_EnergyEfficiency,159,0.29267612685251077
Group_EnergyEfficiency,160,0.2742327596437509
Group_EnergyEfficiency,161,0.16244134128055635
Group_EnergyEfficiency,162,0.34281942618397176
Group_EnergyEfficiency,163,0.3475113794517852
Group_EnergyEfficiency,164,0.22461613079815534
Group_EnergyEfficiency,165,0.3117151521273815
Group_EnergyEfficiency,166,0.17717264704523245
Group_EnergyEfficiency,167,0.1011149112655027
Group_EnergyEfficiency,168,0.24311723432249496
Group_EnergyEfficiency,169,0.3290181521606639
Group_EnergyEfficiency,170,0.2754543258087992
Group_EnergyEfficiency,171,0.19222798874161778
Group_EnergyEfficiency,172,0.2087303568430712
Group_EnergyEfficiency,173,0.32085558078323856
Group_EnergyEfficiency,174,0.3342811157437493
Group_EnergyEfficiency,175,0.27975927953361757
Group_EnergyEfficiency,176,0.10656824957411386
Group_EnergyEfficiency,177,0.3086184330072777
Group_EnergyEfficiency,178,0.33576788016418757
Group_EnergyEfficiency,179,0.3307928409910119
Group_EnergyEfficiency,180,0.28708344129386393
Group_EnergyEfficiency,181,0.40989334385052584
Group_EnergyEfficiency,182,0.33120121904230687
Group_EnergyEfficiency,183,0.19862025307013625
Group_EnergyEfficiency,184,0.2692584238406359
Group_EnergyEfficiency,185,0.2277903748270419
Group_EnergyEfficiency,186,0.1671222355353377
Group_EnergyEfficiency,187,0.31570482608142963
Group_EnergyEfficiency,188,0.2508004586437077
Group_EnergyEfficiency,189,0.3049568102611295
Group_EnergyEfficiency,190,0.1054606468819178
Group_EnergyEfficiency,191,0.30787982843600303
Group_EnergyEfficiency,192,0.23497996541650304
Group_EnergyEfficiency,193,0.28068361360338046
Group_EnergyEfficiency,194,0.30650494664913386
Group_EnergyEfficiency,195,0.16326327649525485
Group_EnergyEfficiency,196,0.3052370578589211
Group_EnergyEfficiency,197,0.3472907529184067
Group_EnergyEfficiency,198,0.16339348236210285
Group_EnergyEfficiency,199,0.2868649628847649
Group_EnergyEfficiency,200,0.21184053596712496
Group_EnergyEfficiency,201,0.3119962252331219
Group_EnergyEfficiency,202,0.38393182876245546
Group_EnergyEfficiency,203,0.28876209946009795
Group_EnergyEfficiency,204,0.277802765068859
Group_EnergyEfficiency,205,0.2989781516966318
Group_EnergyEfficiency,206,0.16085925379447136
Group_EnergyEfficiency,207,0.23956954011795575
Group_EnergyEfficiency,208,0.3330767607574472
Group_EnergyEfficiency,209,0.15286304763631595
Group_EnergyEfficiency,210,0.24693785167685753
Group_EnergyEfficiency,211,0.1857904330902183
Group_EnergyEfficiency,212,0.17568756854258336
Group_EnergyEfficiency,213,0.17856459230320643
Group_EnergyEfficiency,214,0.3204278815790494
Group_EnergyEfficiency,215,0.3385764132462517
Group_EnergyEfficiency,216,0.2648581170627502
Group_EnergyEfficiency,217,0.1583555913570434
Group_EnergyEfficiency,218,0.12972820968265913
Group_EnergyEfficiency,219,0.2831300479624424
Group_EnergyEfficiency,220,0.21126106852912335
Group_EnergyEfficiency,221,0.28094651754381084
Group_EnergyEfficiency,222,0.27125971893280065
Group_EnergyEfficiency,223,0.21567043299724636
Group_EnergyEfficiency,224,0.20703913041213684
Group_EnergyEfficiency,225,0.254439592421511
Group_EnergyEfficiency,226,0.12446226529340837
Group_EnergyEfficiency,227,0.2511201696406028
Group_EnergyEfficiency,228,0.253149837418691
Group_EnergyEfficiency,229,0.2601954893014944
Group_EnergyEfficiency,230,0.2579179706814103
Group_EnergyEfficiency,231,0.3363614689628143
Group_EnergyEfficiency,232,0.13566612296839156
Group_EnergyEfficiency,233,0.21176289744761997
Group_EnergyEfficiency,234,0.2397439074085201
Group_EnergyEfficiency,235,0.3314889107070222
Group_EnergyEfficiency,236,0.3125575383842328
Group_EnergyEfficiency,237,0.2806845351733328
Group_EnergyEfficiency,238,0.23929921754239886
Group_EnergyEfficiency,239,0.24295654212263282
Group_EnergyEfficiency,240,0.300152283254044
Group_EnergyEfficiency,241,0.14091980400034626
Group_EnergyEfficiency,242,0.2712262142187285
Group_EnergyEfficiency,243,0.32055968621085473
Group_EnergyEfficiency,244,0.33030751374079004
Group_EnergyEfficiency,245,0.10577960458197333
Group_EnergyEfficiency,246,0.35545726681471795
Group_EnergyEfficiency,247,0.20491084623265174
Group_EnergyEfficiency,248,0.26995440247077435
Group_EnergyEfficiency,249,0.1675307010532874
Group_EnergyEfficiency,250,0.164914556092795
Group_EnergyEfficiency,251,0.16556769834688734
Group_EnergyEfficiency,252,0.1837417559464534
Group_EnergyEfficiency,253,0.24859597931730326
Group_EnergyEfficiency,254,0.2857752905540978
Group_EnergyEfficiency,255,0.1964019553987529
Group_EnergyEfficiency,256,0.17143982188264315
Group_EnergyEfficiency,257,0.15756231634890835
Group_EnergyEfficiency,258,0.20758295326538345
Group_EnergyEfficiency,259,0.18176260660927138
Group_EnergyEfficiency,260,0.25545261048234674
Group_EnergyEfficiency,261,0.2547639870371692
Group_EnergyEfficiency,262,0.14493524592987977
Group_EnergyEfficiency,263,0.20849474882358518
Group_EnergyEfficiency,264,0.28292341054402526
Group_EnergyEfficiency,265,0.17310499576453084
Group_EnergyEfficiency,266,0.2269554881611235
Group_EnergyEfficiency,267,0.233389964031857
Group_EnergyEfficiency,268,0.1614040574406019
Group_EnergyEfficiency,269,0.28802209645370075
Group_EnergyEfficiency,270,0.3010082368509701
Group_EnergyEfficiency,271,0.3126132924306956
Group_EnergyEfficiency,272,0.32506845892341096
Group_EnergyEfficiency,273,0.3426730029401787
Group_EnergyEfficiency,274,0.2748306978750985
Group_EnergyEfficiency,275,0.1990228847384748
Group_EnergyEfficiency,276,0.2566663564667942
Group_EnergyEfficiency,277,0.36244428230332115
Group_EnergyEfficiency,278,0.2731630005312102
Group_EnergyEfficiency,279,0.40974335122809047
Group_EnergyEfficiency,280,0.15594932096778807
Group_EnergyEfficiency,281,0.10821684825087159
Group_EnergyEfficiency,282,0.27989473199440795
Group_EnergyEfficiency,283,0.20227332806695472
Group_EnergyEfficiency,284,0.2252560916824414
Group_EnergyEfficiency,285,0.20998758994731034
Group_EnergyEfficiency,286,0.14656672734474252
Group_EnergyEfficiency,287,0.24138936041554007
Group_EnergyEfficiency,288,0.22585047183495627
Group_EnergyEfficiency,289,0.18831144554025056
Group_EnergyEfficiency,290,0.246760580394128
Group_EnergyEfficiency,291,0.23541952074971895
Group_EnergyEfficiency,292,0.279880189188649
Group_EnergyEfficiency,293,0.37859254883229937
Group_EnergyEfficiency,294,0.2649291937859419
Group_EnergyEfficiency,295,0.2993206585362016
Group_EnergyEfficiency,296,0.3938490590735753
Group_EnergyEfficiency,297,0.24672093073042323
Group_EnergyEfficiency,298,0.16822500266596366
Group_EnergyEfficiency,299,0.17433318768075043
Group_EnergyEfficiency,300,0.2630777751283248
Group_EnergyEfficiency,301,0.1949296653509314
Group_EnergyEfficiency,302,0.20626677900405008
Group_EnergyEfficiency,303,0.2665231436255033
Group_EnergyEfficiency,304,0.1710859669159686
Group_EnergyEfficiency,305,0.3411267348385889
Group_EnergyEfficiency,306,0.22198833855054126
Group_EnergyEfficiency,307,0.3114502874060213
Group_EnergyEfficiency,308,0.15156201027432945
Group_EnergyEfficiency,309,0.17032554220015772
Group_EnergyEfficiency,310,0.23812149628612242
Group_EnergyEfficiency,311,0.1789218665387507
Group_EnergyEfficiency,312,0.11877963556041095
Group_EnergyEfficiency,313,0.19106034582949818
Group_EnergyEfficiency,314,0.24576843555835115
Group_EnergyEfficiency,315,0.1859550958022813
Group_EnergyEfficiency,316,0.19974775176429727
Group_EnergyEfficiency,317,0.2774152095013094
Group_EnergyEfficiency,318,0.2029988486597998
Group_EnergyEfficiency,319,0.23315003969009335
Group_EnergyEfficiency,320,0.22055896291077778
Group_EnergyEfficiency,321,0.20849168836679607
Group_EnergyEfficiency,322,0.26068605629271163
Group_EnergyEfficiency,323,0.3073018594349396
Group_EnergyEfficiency,324,0.31481948782371244
Group_EnergyEfficiency,325,0.36149365345025825
Group_EnergyEfficiency,326,0.22047558353437127
Group_EnergyEfficiency,327,0.2646341896469493
Group_EnergyEfficiency,328,0.232661789175896
Group_EnergyEfficiency,329,0.2283876468313529
Group_EnergyEfficiency,330,0.26497468041985217
Group_EnergyEfficiency,331,0.19751104790579851
Group_EnergyEfficiency,332,0.2641049281152349
Group_EnergyEfficiency,333,0.31160615123068647
Group_EnergyEfficiency,334,0.2859414079384414
Group_EnergyEfficiency,335,0.13049984607708634
Group_EnergyEfficiency,336,0.19251843439175573
Group_EnergyEfficiency,337,0.2024671443226378
Group_EnergyEfficiency,338,0.3226521739973231
Group_EnergyEfficiency,339,0.25232302072248075
Group_EnergyEfficiency,340,0.1378024217213973
Group_EnergyEfficiency,341,0.18172356086335428
Group_EnergyEfficiency,342,0.25853447785750644
Group_EnergyEfficiency,343,0.219170376681221
Group_EnergyEfficiency,344,0.3267443111892233
Group_EnergyEfficiency,345,0.19728444034831744
Group_EnergyEfficiency,346,0.19903563429172885
Group_EnergyEfficiency,347,0.2108255690312271
Group_EnergyEfficiency,348,0.2625983621158331
Group_EnergyEfficiency,349,0.2201588150357123
Group_EnergyEfficiency,350,0.19380719889692022
Group_EnergyEfficiency,351,0.29507635319787534
Group_EnergyEfficiency,352,0.1969030771423183
Group_EnergyEfficiency,353,0.2150897195224715
Group_EnergyEfficiency,354,0.15713434734155823
Group_EnergyEfficiency,355,0.23138178256612493
Group_EnergyEfficiency,356,0.17276558986233054
Group_EnergyEfficiency,357,0.34954853539401975
Group_EnergyEfficiency,358,0.24235727425521797
Group_EnergyEfficiency,359,0.28800870145450125
Group_EnergyEfficiency,360,0.20581776705508462
Group_EnergyEfficiency,361,0.1176305497740657
Group_EnergyEfficiency,362,0.2632927924403788
Group_EnergyEfficiency,363,0.21132071388194495
Group_EnergyEfficiency,364,0.19381926456999726
Group_EnergyEfficiency,365,0.2958462911192053
Group_EnergyEfficiency,366,0.17809828089602553
Group_EnergyEfficiency,367,0.2687993474630596
Group_EnergyEfficiency,368,0.22105700997738553
Group_EnergyEfficiency,369,0.14212340449485486
Group_EnergyEfficiency,370,0.2982415016464317
Group_EnergyEfficiency,371,0.3044229978570492
Group_EnergyEfficiency,372,0.2487632960965622
Group_EnergyEfficiency,373,0.2523506968064073
Group_EnergyEfficiency,374,0.3157322738679388
Group_EnergyEfficiency,375,0.18730554354228182
Group_EnergyEfficiency,376,0.20443067143240182
Group_EnergyEfficiency,377,0.30014321817950523
Group_EnergyEfficiency,378,0.19663141249603447
Group_EnergyEfficiency,379,0.3376330982604484
Group_EnergyEfficiency,380,0.3148267741980588
Group_EnergyEfficiency,381,0.13143843075637585
Group_EnergyEfficiency,382,0.16584574452713385
Group_EnergyEfficiency,383,0.1369897194505657
Group_EnergyEfficiency,384,0.2088685476967229
Group_EnergyEfficiency,385,0.3438997196439845
Group_EnergyEfficiency,386,0.23887685331485461
Group_EnergyEfficiency,387,0.08172536003359052
Group_EnergyEfficiency,388,0.3324933769776253
Group_EnergyEfficiency,389,0.2493063930441845
Group_EnergyEfficiency,390,0.20411975031928795
Group_EnergyEfficiency,391,0.2689705732931628
Group_EnergyEfficiency,392,0.21440521262629728
Group_EnergyEfficiency,393,0.18541750659218598
Group_EnergyEfficiency,394,0.27513418340646
Group_EnergyEfficiency,395,0.30763865880977614
Group_EnergyEfficiency,396,0.2630161805339316
Group_EnergyEfficiency,397,0.2497403760184288
Group_EnergyEfficiency,398,0.1689780459645705
Group_EnergyEfficiency,399,0.16530251107687888
Group_EnergyEfficiency,400,0.22275630245230782
Group_EnergyEfficiency,401,0.2481084304239744
Group_EnergyEfficiency,402,0.30330204924297166
Group_EnergyEfficiency,403,0.28958323648163853
Group_EnergyEfficiency,404,0.22817861255674554
Group_EnergyEfficiency,405,0.18358179816425144
Group_EnergyEfficiency,406,0.09047032333550499
Group_EnergyEfficiency,407,0.28812223326998765
Group_EnergyEfficiency,408,0.3845839307123875
Group_EnergyEfficiency,409,0.28850670806670176
Group_EnergyEfficiency,410,0.32351893504558843
Group_EnergyEfficiency,411,0.27335404874280017
Group_EnergyEfficiency,412,0.12943876634060975
Group_EnergyEfficiency,413,0.28305764968995956
Group_EnergyEfficiency,414,0.21521215887596928
Group_EnergyEfficiency,415,0.3285557385391851
Group_EnergyEfficiency,416,0.25142136182260477
Group_EnergyEfficiency,417,0.24929049514714094
Group_EnergyEfficiency,418,0.20242916112021808
Group_EnergyEfficiency,419,0.21565159950938312
Group_EnergyEfficiency,420,0.169379678088188
Group_EnergyEfficiency,421,0.25209841627825263
Group_EnergyEfficiency,422,0.3490914223205047
Group_EnergyEfficiency,423,0.25243710191098134
Group_EnergyEfficiency,424,0.2852129669658277
Group_EnergyEfficiency,425,0.2615075632555213
Group_EnergyEfficiency,426,0.18781828686247323
Group_EnergyEfficiency,427,0.2897511341128111
Group_EnergyEfficiency,428,0.1899573627813668
Group_EnergyEfficiency,429,0.207710451240741
Group_EnergyEfficiency,430,0.22502408641166285
Group_EnergyEfficiency,431,0.1699515219242721
Group_EnergyEfficiency,432,0.30658036224806606
Group_EnergyEfficiency,433,0.2500084409815792
Group_EnergyEfficiency,434,0.2922730741621328
Group_EnergyEfficiency,435,0.31203666646923955
Group_EnergyEfficiency,436,0.20340263461070215
Group_EnergyEfficiency,437,0.21024007752339996
Group_EnergyEfficiency,438,0.2915760503640768
Group_EnergyEfficiency,439,0.26484300078372547
Group_EnergyEfficiency,440,0.17838207980796372
Group_EnergyEfficiency,441,0.19614526612273056
Group_EnergyEfficiency,442,0.1958979561852342
Group_EnergyEfficiency,443,0.20115692422711223
Group_EnergyEfficiency,444,0.2754217223072025
Group_EnergyEfficiency,445,0.26255380086882824
Group_EnergyEfficiency,446,0.39051923509290715
Group_EnergyEfficiency,447,0.21980087834830617
Group_EnergyEfficiency,448,0.3279493233671896
Group_EnergyEfficiency,449,0.13093051405692627
Group_EnergyEfficiency,450,0.20006003936505948
Group_EnergyEfficiency,451,0.20210382426179374
Group_EnergyEfficiency,452,0.34022178140632714
Group_EnergyEfficiency,453,0.17050933065318233
Group_EnergyEfficiency,454,0.1938067282341308
Group_EnergyEfficiency,455,0.11490371502630373
Group_EnergyEfficiency,456,0.1627469779458643
Group_EnergyEfficiency,457,0.32689910474089673
Group_EnergyEfficiency,458,0.35947249713822965
Group_EnergyEfficiency,459,0.27168475180365165
Group_EnergyEfficiency,460,0.1483310805313101
Group_EnergyEfficiency,461,0.18376881888902757
Group_EnergyEfficiency,462,0.15683839432494692
Group_EnergyEfficiency,463,0.12966518306928967
Group_EnergyEfficiency,464,0.24126303678687824
Group_EnergyEfficiency,465,0.2654081695057565
Group_EnergyEfficiency,466,0.20407365814977316
Group_EnergyEfficiency,467,0.29709602255642337
Group_EnergyEfficiency,468,0.15794829955100215
Group_EnergyEfficiency,469,0.18723210494363698
Group_EnergyEfficiency,470,0.4299674012081428
Group_EnergyEfficiency,471,0.353561530216081
Group_EnergyEfficiency,472,0.291708498574881
Group_EnergyEfficiency,473,0.27490715717726416
Group_EnergyEfficiency,474,0.19565032741399901
Group_EnergyEfficiency,475,0.31307813791746286
Group_EnergyEfficiency,476,0.26208659881184937
Group_EnergyEfficiency,477,0.2665144239445603
Group_EnergyEfficiency,478,0.37695809753677656
Group_EnergyEfficiency,479,0.37485562399222533
Group_EnergyEfficiency,480,0.2424297334088575
Group_EnergyEfficiency,481,0.28619983913650077
Group_EnergyEfficiency,482,0.16546313634932447
Group_EnergyEfficiency,483,0.33075359094164214
Group_EnergyEfficiency,484,0.18769689142700416
Group_EnergyEfficiency,485,0.20850428229902224
Group_EnergyEfficiency,486,0.4205860890147959
Group_EnergyEfficiency,487,0.32115296894829704
Group_EnergyEfficiency,488,0.27011967506932305
Group_EnergyEfficiency,489,0.24588752622081267
Group_EnergyEfficiency,490,0.24972027792381474
Group_EnergyEfficiency,491,0.22062618097659437
Group_EnergyEfficiency,492,0.27055166834803185
Group_EnergyEfficiency,493,0.21567898829240878
Group_EnergyEfficiency,494,0.23309978249139587
Group_EnergyEfficiency,495,0.24562811187523487
Group_EnergyEfficiency,496,0.2691516439304156
Group_EnergyEfficiency,497,0.1632889230784771
Group_EnergyEfficiency,498,0.23791746199544006
Group_EnergyEfficiency,499,0.2630620415824872
Group_EnergyEfficiency,500,0.3051114130733148
Group_EnergyEfficiency,501,0.1543400323775947
Group_EnergyEfficiency,502,0.40888420215136556
Group_EnergyEfficiency,503,0.20874209998451004
Group_EnergyEfficiency,504,0.279260388512162
Group_EnergyEfficiency,505,0.20369917084069855
Group_EnergyEfficiency,506,0.4129281148225002
Group_EnergyEfficiency,507,0.1556402111596566
Group_EnergyEfficiency,508,0.15330472254200378
Group_EnergyEfficiency,509,0.3137938723747503
Group_EnergyEfficiency,510,0.2868073275521563
Group_EnergyEfficiency,511,0.23813053249040506
Group_EnergyEfficiency,512,0.3088731145367327
Group_EnergyEfficiency,513,0.23434529384980998
Group_EnergyEfficiency,514,0.352619354976295
Group_EnergyEfficiency,515,0.3848996452825648
Group_EnergyEfficiency,516,0.22358480478446804
Group_EnergyEfficiency,517,0.10103005364141106
Group_EnergyEfficiency,518,0.2996818259227479
Group_EnergyEfficiency,519,0.18100861085527928
Group_EnergyEfficiency,520,0.25920545954965685
Group_EnergyEfficiency,521,0.2929428988158864
Group_EnergyEfficiency,522,0.2720077995270176
Group_EnergyEfficiency,523,0.26323328015604724
Group_EnergyEfficiency,524,0.2684644258539608
Group_EnergyEfficiency,525,0.4337280626771739
Group_EnergyEfficiency,526,0.23087842869327566
Group_EnergyEfficiency,527,0.36118008908932425
Group_EnergyEfficiency,528,0.12060571519875499
Group_EnergyEfficiency,529,0.19637769645554834
Group_EnergyEfficiency,530,0.2730465499659475
Group_EnergyEfficiency,531,0.3495245011535822
Group_EnergyEfficiency,532,0.23551320660043473
Group_EnergyEfficiency,533,0.26073710482838586
Group_EnergyEfficiency,534,0.22045336687051187
Group_EnergyEfficiency,535,0.34847191842416003
Group_EnergyEfficiency,536,0.20676110688754037
Group_EnergyEfficiency,537,0.2200793347724198
Group_EnergyEfficiency,538,0.15929821710934824
Group_EnergyEfficiency,539,0.22621359654512785
Group_EnergyEfficiency,540,0.1973012528251512
Group_EnergyEfficiency,541,0.20044288756320242
Group_EnergyEfficiency,542,0.2267091177312558
Group_EnergyEfficiency,543,0.12754802829286138
Group_EnergyEfficiency,544,0.2839085561529769
Group_EnergyEfficiency,545,0.17111537586099324
Group_EnergyEfficiency,546,0.1964421964854841
Group_EnergyEfficiency,547,0.2911702965527562
Group_EnergyEfficiency,548,0.1977676290827393
Group_EnergyEfficiency,549,0.26317108740637046
Group_EnergyEfficiency,550,0.0943191762315393
Group_EnergyEfficiency,551,0.25392221196161396
Group_EnergyEfficiency,552,0.1829095191027397
Group_EnergyEfficiency,553,0.2489439891073804
Group_EnergyEfficiency,554,0.18985493970119713
Group_EnergyEfficiency,555,0.27433921030158487
Group_EnergyEfficiency,556,0.21336137056158794
Group_EnergyEfficiency,557,0.3980963298870408
Group_EnergyEfficiency,558,0.22740212139305083
Group_EnergyEfficiency,559,0.32988064784814913
Group_EnergyEfficiency,560,0.3180944830247126
Group_EnergyEfficiency,561,0.23583056559929327
Group_EnergyEfficiency,562,0.22484232746087743
Group_EnergyEfficiency,563,0.3260671092019473
Group_EnergyEfficiency,564,0.20006812147963438
Group_EnergyEfficiency,565,0.19202237592637939
Group_EnergyEfficiency,566,0.23556216044820802
Group_EnergyEfficiency,567,0.20401754590186938
Group_EnergyEfficiency,568,0.3361919418787292
Group_EnergyEfficiency,569,0.23408366666168104
Group_EnergyEfficiency,570,0.2931117886201575
Group_EnergyEfficiency,571,0.2311888528631132
Group_EnergyEfficiency,572,0.18587926620462442
Group_EnergyEfficiency,573,0.2080705684834032
Group_EnergyEfficiency,574,0.2894310555964241
Group_EnergyEfficiency,575,0.4293769735978183
Group_EnergyEfficiency,576,0.13469700361066628
Group_EnergyEfficiency,577,0.21088985049618086
Group_EnergyEfficiency,578,0.17734131484903742
Group_EnergyEfficiency,579,0.3862980338398529
Group_EnergyEfficiency,580,0.250554918489263
Group_EnergyEfficiency,581,0.1586225981097065
Group_EnergyEfficiency,582,0.2991446162490874
Group_EnergyEfficiency,583,0.215868028162667
Group_EnergyEfficiency,584,0.19145559152710742
Group_EnergyEfficiency,585,0.1948681848821073
Group_EnergyEfficiency,586,0.13734894757191565
Group_EnergyEfficiency,587,0.17800314085437083
Group_EnergyEfficiency,588,0.24787847943028765
Group_EnergyEfficiency,589,0.15968275911012703
Group_EnergyEfficiency,590,0.2555603640637881
Group_EnergyEfficiency,591,0.3742016736446542
Group_EnergyEfficiency,592,0.2121248885179861
Group_EnergyEfficiency,593,0.15129910339327415
Group_EnergyEfficiency,594,0.21262902311055284
Group_EnergyEfficiency,595,0.2982633106810183
Group_EnergyEfficiency,596,0.19480411438481604
Group_EnergyEfficiency,597,0.3300597819983139
Group_EnergyEfficiency,598,0.41509287296267927
Group_EnergyEfficiency,599,0.2375637152102002
Group_EnergyEfficiency,600,0.19170289971414964
Group_EnergyEfficiency,601,0.24575817604122147
Group_EnergyEfficiency,602,0.23269197132693037
Group_EnergyEfficiency,603,0.17493878826609904
Group_EnergyEfficiency,604,0.19508673403141646
Group_EnergyEfficiency,605,0.2799192157727113
Group_EnergyEfficiency,606,0.2681291645117743
Group_EnergyEfficiency,607,0.2552657031339935
Group_EnergyEfficiency,608,0.3069896056393732
Group_EnergyEfficiency,609,0.17591575184269093
Group_EnergyEfficiency,610,0.4221188719189292
Group_EnergyEfficiency,611,0.3834063309241801
Group_EnergyEfficiency,612,0.15184862307864477
Group_EnergyEfficiency,613,0.22169113915945968
Group_EnergyEfficiency,614,0.3290053324923184
Group_EnergyEfficiency,615,0.32008413402290536
Group_EnergyEfficiency,616,0.29824043197797606
Group_EnergyEfficiency,617,0.39819818131482004
Group_EnergyEfficiency,618,0.19478671562041477
Group_EnergyEfficiency,619,0.29196637583097373
Group_EnergyEfficiency,620,0.20182289194838385
Group_EnergyEfficiency,621,0.19508186540132708
Group_EnergyEfficiency,622,0.27633001644900046
Group_EnergyEfficiency,623,0.23797098580744627
Group_EnergyEfficiency,624,0.24227132483750852
Group_EnergyEfficiency,625,0.24214670023315152
Group_EnergyEfficiency,626,0.1895317923457423
Group_EnergyEfficiency,627,0.15164890048927307
Group_EnergyEfficiency,628,0.15459872934442248
Group_EnergyEfficiency,629,0.1593260862370506
Group_EnergyEfficiency,630,0.23070888175480325
Group_EnergyEfficiency,631,0.20692658001398348
Group_EnergyEfficiency,632,0.12543131772164037
Group_EnergyEfficiency,633,0.4110735534756968
Group_EnergyEfficiency,634,0.43813660602252
Group_EnergyEfficiency,635,0.27728182456469314
Group_EnergyEfficiency,636,0.1419805794133866
Group_EnergyEfficiency,637,0.2731004748145427
Group_EnergyEfficiency,638,0.2715646939921264
Group_EnergyEfficiency,639,0.22427032568836155
Group_EnergyEfficiency,640,0.17931959185171145
Group_EnergyEfficiency,641,0.29299024771255827
Group_EnergyEfficiency,642,0.4021694272475803
Group_EnergyEfficiency,643,0.38659630415886953
Group_EnergyEfficiency,644,0.3524411519253798
Group_EnergyEfficiency,645,0.16744356865109639
Group_EnergyEfficiency,646,0.2640792478945479
Group_EnergyEfficiency,647,0.30072390075200617
Group_EnergyEfficiency,648,0.3530485491447883
Group_EnergyEfficiency,649,0.17038063599606273
Group_EnergyEfficiency,650,0.1627487280005806
Group_EnergyEfficiency,651,0.2830216226825804
Group_EnergyEfficiency,652,0.1864965117884429
Group_EnergyEfficiency,653,0.3688024281079279
Group_EnergyEfficiency,654,0.4262156739277824
Group_EnergyEfficiency,655,0.18605671440013288
Group_EnergyEfficiency,656,0.48095468665773383
Group_EnergyEfficiency,657,0.26988705282659176
Group_EnergyEfficiency,658,0.31605749658638993
Group_EnergyEfficiency,659,0.1956877307174017
Group_EnergyEfficiency,660,0.2880072938895237
Group_EnergyEfficiency,661,0.1823990736909521
Group_EnergyEfficiency,662,0.24554344638970774
Group_EnergyEfficiency,663,0.31643195463410934
Group_EnergyEfficiency,664,0.1407344067440619
Group_EnergyEfficiency,665,0.23495944559456716
Group_EnergyEfficiency,666,0.4739572680842679
Group_EnergyEfficiency,667,0.28633303260028303
Group_EnergyEfficiency,668,0.22859347886051706
Group_EnergyEfficiency,669,0.22721666653520997
Group_EnergyEfficiency,670,0.31060549334171333
Group_EnergyEfficiency,671,0.2065251256443936
Group_EnergyEfficiency,672,0.2548389492693043
Group_EnergyEfficiency,673,0.25695588028639743
Group_EnergyEfficiency,674,0.1632837504046122
Group_EnergyEfficiency,675,0.2323205324333895
Group_EnergyEfficiency,676,0.17584230773946613
Group_EnergyEfficiency,677,0.18071577255501098
Group_EnergyEfficiency,678,0.2584301050547099
Group_EnergyEfficiency,679,0.2964492687855436
Group_EnergyEfficiency,680,0.19247071797798979
Group_EnergyEfficiency,681,0.27462678321511613
Group_EnergyEfficiency,682,0.28953468763266044
Group_EnergyEfficiency,683,0.24881350216080073
Group_EnergyEfficiency,684,0.201431746966531
Group_EnergyEfficiency,685,0.4530954217936443
Group_EnergyEfficiency,686,0.3260943089730717
Group_EnergyEfficiency,687,0.21884282320468443
Group_EnergyEfficiency,688,0.15453461743059926
Group_EnergyEfficiency,689,0.26181033084915395
Group_EnergyEfficiency,690,0.23475289212207887
Group_EnergyEfficiency,691,0.3145055258463104
Group_EnergyEfficiency,692,0.26229561245955496
Group_EnergyEfficiency,693,0.21336544213615508
Group_EnergyEfficiency,694,0.25334500641119706
Group_EnergyEfficiency,695,0.219146128266362
Group_EnergyEfficiency,696,0.25385636620673
Group_EnergyEfficiency,697,0.25739391303767944
Group_EnergyEfficiency,698,0.20997293886348167
Group_EnergyEfficiency,699,0.2232347030082285
Group_EnergyEfficiency,700,0.24588412257659295
Group_EnergyEfficiency,701,0.3584431929708609
Group_EnergyEfficiency,702,0.2629203766477956
Group_EnergyEfficiency,703,0.13951882752067074
Group_EnergyEfficiency,704,0.30706519875674726
Group_EnergyEfficiency,705,0.20860552153727796
Group_EnergyEfficiency,706,0.28020883467920193
Group_EnergyEfficiency,707,0.3990576644449643
Group_EnergyEfficiency,708,0.46940021083432715
Group_EnergyEfficiency,709,0.23412907795682678
Group_EnergyEfficiency,710,0.1264727556168191
Group_EnergyEfficiency,711,0.19934181297441744
Group_EnergyEfficiency,712,0.19328435944379996
Group_EnergyEfficiency,713,0.18468069973979448
Group_EnergyEfficiency,714,0.228340307282875
Group_EnergyEfficiency,715,0.25052027327434223
Group_EnergyEfficiency,716,0.1490029382912823
Group_EnergyEfficiency,717,0.2268698965779802
Group_EnergyEfficiency,718,0.25180718895678267
Group_EnergyEfficiency,719,0.30922768573333415
Group_EnergyEfficiency,720,0.17971525255329415
Group_EnergyEfficiency,721,0.3784342135340593
Group_EnergyEfficiency,722,0.1699364436276601
Group_EnergyEfficiency,723,0.325917671913041
Group_EnergyEfficiency,724,0.22713816452414815
Group_EnergyEfficiency,725,0.36219160889637225
Group_EnergyEfficiency,726,0.23400836240596434
Group_EnergyEfficiency,727,0.18504470753750368
Group_EnergyEfficiency,728,0.29118319753575106
Group_EnergyEfficiency,729,0.27133334645186763
Group_EnergyEfficiency,730,0.3635239567283331
Group_EnergyEfficiency,731,0.21773629808138478
Group_EnergyEfficiency,732,0.2723391188672728
Group_EnergyEfficiency,733,0.34500549667864255
Group_EnergyEfficiency,734,0.27111794812161866
Group_EnergyEfficiency,735,0.3211267063623359
Group_EnergyEfficiency,736,0.3209100667146444
Group_EnergyEfficiency,737,0.30995482112242567
Group_EnergyEfficiency,738,0.1349497503944642
Group_EnergyEfficiency,739,0.158411853938358
Group_EnergyEfficiency,740,0.2854797473757296
Group_EnergyEfficiency,741,0.2540738147464301
Group_EnergyEfficiency,742,0.3182363415464391
Group_EnergyEfficiency,743,0.25633062587415706
Group_EnergyEfficiency,744,0.16253300115509545
Group_EnergyEfficiency,745,0.31133998941599017
Group_EnergyEfficiency,746,0.22709009997875979
Group_EnergyEfficiency,747,0.262973039517829
Group_EnergyEfficiency,748,0.20233635272851042
Group_EnergyEfficiency,749,0.12911582468310973
Group_EnergyEfficiency,750,0.2996039628343128
Group_EnergyEfficiency,751,0.2574724296152009
Group_EnergyEfficiency,752,0.16643364773577474
Group_EnergyEfficiency,753,0.17423069741963404
Group_EnergyEfficiency,754,0.28395582288953847
Group_EnergyEfficiency,755,0.2448027271244697
Group_EnergyEfficiency,756,0.1486099167148886
Group_EnergyEfficiency,757,0.3158085616245138
Group_EnergyEfficiency,758,0.3553053767852232
Group_EnergyEfficiency,759,0.16660551884200123
Group_EnergyEfficiency,760,0.2985993160077909
Group_EnergyEfficiency,761,0.11782344800615173
Group_EnergyEfficiency,762,0.13669786542142462
Group_EnergyEfficiency,763,0.2986595045397718
Group_EnergyEfficiency,764,0.23647930276548787
Group_EnergyEfficiency,765,0.22981377033689346
Group_EnergyEfficiency,766,0.38267025464412247
Group_EnergyEfficiency,767,0.2587182479366006
Group_EnergyEfficiency,768,0.25406146971447485
Group_EnergyEfficiency,769,0.2803634467144679
Group_EnergyEfficiency,770,0.24886190767288893
Group_EnergyEfficiency,771,0.3270422824364803
Group_EnergyEfficiency,772,0.3790078664750618
Group_EnergyEfficiency,773,0.2738922766417972
Group_EnergyEfficiency,774,0.26449268199172177
Group_EnergyEfficiency,775,0.19718393989273128
Group_EnergyEfficiency,776,0.21221148453418837
Group_EnergyEfficiency,777,0.0981330299137089
Group_EnergyEfficiency,778,0.42887145350472994
Group_EnergyEfficiency,779,0.19343403157074374
Group_EnergyEfficiency,780,0.1578732507033723
Group_EnergyEfficiency,781,0.43187196094770935
Group_EnergyEfficiency,782,0.26237677174130236
Group_EnergyEfficiency,783,0.16201057709531358
Group_EnergyEfficiency,784,0.21071035555718276
Group_EnergyEfficiency,785,0.16288621327789532
Group_EnergyEfficiency,786,0.2510348137960725
Group_EnergyEfficiency,787,0.25329215796053833
Group_EnergyEfficiency,788,0.32250245974127434
Group_EnergyEfficiency,789,0.34533316721795626
Group_EnergyEfficiency,790,0.27241578379265796
Group_EnergyEfficiency,791,0.33534167364063727
Group_EnergyEfficiency,792,0.21292767771656382
Group_EnergyEfficiency,793,0.16232511621168233
Group_EnergyEfficiency,794,0.17878590217275836
Group_EnergyEfficiency,795,0.211106276364854
Group_EnergyEfficiency,796,0.18100303395529366
Group_EnergyEfficiency,797,0.23333535990964066
Group_EnergyEfficiency,798,0.3014027330644948
Group_EnergyEfficiency,799,0.15909823141788745
Group_EnergyEfficiency,800,0.18917066996374052
Group_EnergyEfficiency,801,0.24244346215631188
Group_EnergyEfficiency,802,0.20617593448179805
Group_EnergyEfficiency,803,0.20637909056726164
Group_EnergyEfficiency,804,0.39569119816458387
Group_EnergyEfficiency,805,0.38008146901066286
Group_EnergyEfficiency,806,0.20989802639762445
Group_EnergyEfficiency,807,0.3216326892823867
Group_EnergyEfficiency,808,0.24391900351926948
Group_EnergyEfficiency,809,0.2203851186685214
Group_EnergyEfficiency,810,0.152504051785042
Group_EnergyEfficiency,811,0.279756254584319
Group_EnergyEfficiency,812,0.1820924593903994
Group_EnergyEfficiency,813,0.2739524158079673
Group_EnergyEfficiency,814,0.296215814033015
Group_EnergyEfficiency,815,0.18202797925519687
Group_EnergyEfficiency,816,0.20780447456420917
Group_EnergyEfficiency,817,0.201730384800777
Group_EnergyEfficiency,818,0.3018399488195708
Group_EnergyEfficiency,819,0.2556519417296976
Group_EnergyEfficiency,820,0.27254309706593566
Group_EnergyEfficiency,821,0.13224106898304858
Group_EnergyEfficiency,822,0.4395747170526987
Group_EnergyEfficiency,823,0.14122776520199595
Group_EnergyEfficiency,824,0.24975547638011966
Group_EnergyEfficiency,825,0.3204744712142854
Group_EnergyEfficiency,826,0.18337258614861246
Group_EnergyEfficiency,827,0.25859270913290977
Group_EnergyEfficiency,828,0.2907634515400394
Group_EnergyEfficiency,829,0.381471509355595
Group_EnergyEfficiency,830,0.230833264807857
Group_EnergyEfficiency,831,0.28963204619406147
Group_EnergyEfficiency,832,0.35401646317592056
Group_EnergyEfficiency,833,0.2711522093568209
Group_EnergyEfficiency,834,0.3200588136902929
Group_EnergyEfficiency,835,0.22192393244888528
Group_EnergyEfficiency,836,0.23067309263648106
Group_EnergyEfficiency,837,0.1816543844386888
Group_EnergyEfficiency,838,0.2413464998306555
Group_EnergyEfficiency,839,0.14587292464518706
Group_EnergyEfficiency,840,0.15262277072754976
Group_EnergyEfficiency,841,0.20420983039657284
Group_EnergyEfficiency,842,0.36984584231541656
Group_EnergyEfficiency,843,0.21371431232791743
Group_EnergyEfficiency,844,0.21008684816174678
Group_EnergyEfficiency,845,0.1661699882005919
Group_EnergyEfficiency,846,0.4390627929994956
Group_EnergyEfficiency,847,0.2546488935572542
Group_EnergyEfficiency,848,0.24522142522060544
Group_EnergyEfficiency,849,0.19338598548217992
Group_EnergyEfficiency,850,0.18082400097213971
Group_EnergyEfficiency,851,0.22888868507938742
Group_EnergyEfficiency,852,0.374597059843074
Group_EnergyEfficiency,853,0.36977972417092686
Group_EnergyEfficiency,854,0.24608305234833389
Group_EnergyEfficiency,855,0.2623059028862533
Group_EnergyEfficiency,856,0.3138201976710075
Group_EnergyEfficiency,857,0.11338717557316341
Group_EnergyEfficiency,858,0.17936773497602523
Group_EnergyEfficiency,859,0.21073950832371943
Group_EnergyEfficiency,860,0.1797951135367529
Group_EnergyEfficiency,861,0.37299718641374063
Group_EnergyEfficiency,862,0.2636994644047843
Group_EnergyEfficiency,863,0.2829550490090322
Group_EnergyEfficiency,864,0.2681513185265989
Group_EnergyEfficiency,865,0.3094951354510009
Group_EnergyEfficiency,866,0.269575535367213
Group_EnergyEfficiency,867,0.33501553877304974
Group_EnergyEfficiency,868,0.4361492513949201
Group_EnergyEfficiency,869,0.24578542783301896
Group_EnergyEfficiency,870,0.2476755278169722
Group_EnergyEfficiency,871,0.26178307215967234
Group_EnergyEfficiency,872,0.27854744233428214
Group_EnergyEfficiency,873,0.2434160471067062
Group_EnergyEfficiency,874,0.23242851754347124
Group_EnergyEfficiency,875,0.3550209366164375
Group_EnergyEfficiency,876,0.20452572689279633
Group_EnergyEfficiency,877,0.2508111761908072
Group_EnergyEfficiency,878,0.2262545837841191
Group_EnergyEfficiency,879,0.18353988850132555
Group_EnergyEfficiency,880,0.2484835165364665
Group_EnergyEfficiency,881,0.14592643274376346
Group_EnergyEfficiency,882,0.20842580694926213
Group_EnergyEfficiency,883,0.19284239146164625
Group_EnergyEfficiency,884,0.32825156574182407
Group_EnergyEfficiency,885,0.18051026412120424
Group_EnergyEfficiency,886,0.13832517762856905
Group_EnergyEfficiency,887,0.2643890316688158
Group_EnergyEfficiency,888,0.20695689216780735
Group_EnergyEfficiency,889,0.2605504823866195
Group_EnergyEfficiency,890,0.21504510658887918
Group_EnergyEfficiency,891,0.16094493468266888
Group_EnergyEfficiency,892,0.2230369798048249
Group_EnergyEfficiency,893,0.3151458271147417
Group_EnergyEfficiency,894,0.23305627575921875
Group_EnergyEfficiency,895,0.2599699636620008
Group_EnergyEfficiency,896,0.238138136882081
Group_EnergyEfficiency,897,0.37691175183768694
Group_EnergyEfficiency,898,0.32313921962877357
Group_EnergyEfficiency,899,0.3009181649625803
Group_EnergyEfficiency,900,0.3289025363471882
Group_EnergyEfficiency,901,0.25799828243005063
Group_EnergyEfficiency,902,0.39486563706547373
Group_EnergyEfficiency,903,0.21957986647662672
Group_EnergyEfficiency,904,0.17866748459772225
Group_EnergyEfficiency,905,0.23043140332072953
Group_EnergyEfficiency,906,0.1313774956030322
Group_EnergyEfficiency,907,0.2851835225337001
Group_EnergyEfficiency,908,0.16653854841402183
Group_EnergyEfficiency,909,0.2094136858956912
Group_EnergyEfficiency,910,0.3901344838639977
Group_EnergyEfficiency,911,0.2526259426732208
Group_EnergyEfficiency,912,0.19512840287620606
Group_EnergyEfficiency,913,0.33339032247322375
Group_EnergyEfficiency,914,0.2342231651300017
Group_EnergyEfficiency,915,0.2367393226581611
Group_EnergyEfficiency,916,0.19483245846883396
Group_EnergyEfficiency,917,0.1935472062246089
Group_EnergyEfficiency,918,0.23946127885126967
Group_EnergyEfficiency,919,0.18974907212261558
Group_EnergyEfficiency,920,0.35703093285801035
Group_EnergyEfficiency,921,0.28370703553569915
Group_EnergyEfficiency,922,0.26653052461351584
Group_EnergyEfficiency,923,0.16964491414864105
Group_EnergyEfficiency,924,0.14425817097146842
Group_EnergyEfficiency,925,0.29118698504169815
Group_EnergyEfficiency,926,0.2785663839582914
Group_EnergyEfficiency,927,0.26074728490859966
Group_EnergyEfficiency,928,0.24467101347395945
Group_EnergyEfficiency,929,0.23383329443803383
Group_EnergyEfficiency,930,0.22090647352661158
Group_EnergyEfficiency,931,0.343912631567766
Group_EnergyEfficiency,932,0.28859115477489705
Group_EnergyEfficiency,933,0.20298114129553052
Group_EnergyEfficiency,934,0.19553493827649163
Group_EnergyEfficiency,935,0.24892018559018142
Group_EnergyEfficiency,936,0.260683283734525
Group_EnergyEfficiency,937,0.25127841325479006
Group_EnergyEfficiency,938,0.20035461614151984
Group_EnergyEfficiency,939,0.3249948745172618
Group_EnergyEfficiency,940,0.3181960624490161
Group_EnergyEfficiency,941,0.25018897015160957
Group_EnergyEfficiency,942,0.18414942024707934
Group_EnergyEfficiency,943,0.3223500381495849
Group_EnergyEfficiency,944,0.29727436073172764
Group_EnergyEfficiency,945,0.30714402829088255
Group_EnergyEfficiency,946,0.2893618127801499
Group_EnergyEfficiency,947,0.3449057404159286
Group_EnergyEfficiency,948,0.18117630412199226
Group_EnergyEfficiency,949,0.20342573303154865
Group_EnergyEfficiency,950,0.2453643761213905
Group_EnergyEfficiency,951,0.1627116164756731
Group_EnergyEfficiency,952,0.33402572732799507
Group_EnergyEfficiency,953,0.16445396025057646
Group_EnergyEfficiency,954,0.24496280100768592
Group_EnergyEfficiency,955,0.22808174933312098
Group_EnergyEfficiency,956,0.29394524371750264
Group_EnergyEfficiency,957,0.21922995436644982
Group_EnergyEfficiency,958,0.19718717759528082
Group_EnergyEfficiency,959,0.2824647159040445
Group_EnergyEfficiency,960,0.14869090219476214
Group_EnergyEfficiency,961,0.2661937350381413
Group_EnergyEfficiency,962,0.2714088445812159
Group_EnergyEfficiency,963,0.28533079996582805
Group_EnergyEfficiency,964,0.19880789430826964
Group_EnergyEfficiency,965,0.33461841680445525
Group_EnergyEfficiency,966,0.2807066754336243
Group_EnergyEfficiency,967,0.26175450745141254
Group_EnergyEfficiency,968,0.2262487858366407
Group_EnergyEfficiency,969,0.25907980741516007
Group_EnergyEfficiency,970,0.15933189650337154
Group_EnergyEfficiency,971,0.34954855399511886
Group_EnergyEfficiency,972,0.12912222920237978
Group_EnergyEfficiency,973,0.17350501896437728
Group_EnergyEfficiency,974,0.24087123540633337
Group_EnergyEfficiency,975,0.13195606990875625
Group_EnergyEfficiency,976,0.2674552767380001
Group_EnergyEfficiency,977,0.23980908578990418
Group_EnergyEfficiency,978,0.17783065243640064
Group_EnergyEfficiency,979,0.37821612887181216
Group_EnergyEfficiency,980,0.18719692962569473
Group_EnergyEfficiency,981,0.2557674619425695
Group_EnergyEfficiency,982,0.2469345979117338
Group_EnergyEfficiency,983,0.21322747077920684
Group_EnergyEfficiency,984,0.33072020825090853
Group_EnergyEfficiency,985,0.23076870048441023
Group_EnergyEfficiency,986,0.2835114368518961
Group_EnergyEfficiency,987,0.22964168731016948
Group_EnergyEfficiency,988,0.21298575293349004
Group_EnergyEfficiency,989,0.24619974512833395
Group_EnergyEfficiency,990,0.21901852943146097
Group_EnergyEfficiency,991,0.24756419701982724
Group_EnergyEfficiency,992,0.2833288822990508
Group_EnergyEfficiency,993,0.28478947694439716
Group_EnergyEfficiency,994,0.15240381919136659
Group_EnergyEfficiency,995,0.14624409502781832
Group_EnergyEfficiency,996,0.17162638400174238
Group_EnergyEfficiency,997,0.4029883346984837
Group_EnergyEfficiency,998,0.15708709556924164
Group_EnergyEfficiency,999,0.22649743912918024
