battery,state_definition,state,horizon,feature,feature_group,value,group_mean_abs_partial,n_effective,reliable,support_rule
CS2_35,soh_level,Early,1,HF1,Group_CC,-0.016732689076030097,0.018076580690926967,523,True,feature_common_within_state
CS2_35,soh_level,Early,1,HF2,Group_CV,0.07872398000190332,0.06898182790744703,523,True,feature_common_within_state
CS2_35,soh_level,Early,1,HF3,Group_EnergyEfficiency,-0.00446954501164348,0.00446954501164348,523,True,feature_common_within_state
CS2_35,soh_level,Early,1,HF4,Group_DischargeIC,-0.051959488802146396,0.05344307228148692,523,True,feature_common_within_state
CS2_35,soh_level,Early,1,HF5,Group_DischargeIC,-0.02035634507014728,0.05344307228148692,523,True,feature_common_within_state
CS2_35,soh_level,Early,1,HF6,Group_DischargeIC,-0.08801338297216707,0.05344307228148692,523,True,feature_common_within_state
CS2_35,soh_level,Early,1,HF7,Group_CC,-0.019420472305823836,0.018076580690926967,523,True,feature_common_within_state
CS2_35,soh_level,Early,1,HF8,Group_CV,0.05923967581299074,0.06898182790744703,523,True,feature_common_within_state
CS2_35,soh_level,Middle,1,HF1,Group_CC,-0.022573985270153994,0.02479981791143062,50,True,feature_common_within_state
CS2_35,soh_level,Middle,1,HF2,Group_CV,0.033621677365868234,0.02694188598600759,50,True,feature_common_within_state
CS2_35,soh_level,Middle,1,HF3,Group_EnergyEfficiency,-0.02104744068278265,0.02104744068278265,50,True,feature_common_within_state
CS2_35,soh_level,Middle,1,HF4,Group_DischargeIC,-0.10641722391039765,0.07050892787125354,50,True,feature_common_within_state
CS2_35,soh_level,Middle,1,HF5,Group_DischargeIC,-0.09150811763491953,0.07050892787125354,50,True,feature_common_within_state
CS2_35,soh_level,Middle,1,HF6,Group_DischargeIC,-0.01360144206844344,0.07050892787125354,50,True,feature_common_within_state
CS2_35,soh_level,Middle,1,HF7,Group_CC,-0.02702565055270725,0.02479981791143062,50,True,feature_common_within_state
CS2_35,soh_level,Middle,1,HF8,Group_CV,0.020262094606146946,0.02694188598600759,50,True,feature_common_within_state
CS2_35,soh_level,Late,1,HF1,Group_CC,,,0,False,feature_common_within_state
CS2_35,soh_level,Late,1,HF2,Group_CV,,,0,False,feature_common_within_state
CS2_35,soh_level,Late,1,HF3,Group_EnergyEfficiency,,,0,False,feature_common_within_state
CS2_35,soh_level,Late,1,HF4,Group_DischargeIC,,,0,False,feature_common_within_state
CS2_35,soh_level,Late,1,HF5,Group_DischargeIC,,,0,False,feature_common_within_state
CS2_35,soh_level,Late,1,HF6,Group_DischargeIC,,,0,False,feature_common_within_state
CS2_35,soh_level,Late,1,HF7,Group_CC,,,0,False,feature_common_within_state
CS2_35,soh_level,Late,1,HF8,Group_CV,,,0,False,feature_common_within_state
CS2_35,degradation_dynamics,Slow,1,HF1,Group_CC,0.00010396082428856378,0.0023057452604475746,242,True,feature_common_within_state
CS2_35,degradation_dynamics,Slow,1,HF2,Group_CV,-0.004311762565237165,0.021861141212487573,242,True,feature_common_within_state
CS2_35,degradation_dynamics,Slow,1,HF3,Group_EnergyEfficiency,0.0064214555049032455,0.0064214555049032455,242,True,feature_common_within_state
CS2_35,degradation_dynamics,Slow,1,HF4,Group_DischargeIC,0.01273552954590026,0.04701098206278187,242,True,feature_common_within_state
CS2_35,degradation_dynamics,Slow,1,HF5,Group_DischargeIC,-0.061768808710589075,0.04701098206278187,242,True,feature_common_within_state
CS2_35,degradation_dynamics,Slow,1,HF6,Group_DischargeIC,-0.06652860793185626,0.04701098206278187,242,True,feature_common_within_state
CS2_35,degradation_dynamics,Slow,1,HF7,Group_CC,-0.0045075296966065855,0.0023057452604475746,242,True,feature_common_within_state
CS2_35,degradation_dynamics,Slow,1,HF8,Group_CV,-0.03941051985973798,0.021861141212487573,242,True,feature_common_within_state
CS2_35,degradation_dynamics,Medium,1,HF1,Group_CC,-0.08611058959309058,0.08831375468934738,171,True,feature_common_within_state
CS2_35,degradation_dynamics,Medium,1,HF2,Group_CV,0.06417886129387448,0.06229049423371231,171,True,feature_common_within_state
CS2_35,degradation_dynamics,Medium,1,HF3,Group_EnergyEfficiency,-0.004512329120863877,0.004512329120863877,171,True,feature_common_within_state
CS2_35,degradation_dynamics,Medium,1,HF4,Group_DischargeIC,-0.06646397048702782,0.043828672345611615,171,True,feature_common_within_state
CS2_35,degradation_dynamics,Medium,1,HF5,Group_DischargeIC,-0.03783061496671722,0.043828672345611615,171,True,feature_common_within_state
CS2_35,degradation_dynamics,Medium,1,HF6,Group_DischargeIC,-0.027191431583089818,0.043828672345611615,171,True,feature_common_within_state
CS2_35,degradation_dynamics,Medium,1,HF7,Group_CC,-0.0905169197856042,0.08831375468934738,171,True,feature_common_within_state
CS2_35,degradation_dynamics,Medium,1,HF8,Group_CV,0.06040212717355013,0.06229049423371231,171,True,feature_common_within_state
CS2_35,degradation_dynamics,Fast,1,HF1,Group_CC,-0.14679219452144743,0.1495584548237701,66,True,feature_common_within_state
CS2_35,degradation_dynamics,Fast,1,HF2,Group_CV,0.1540108398603322,0.15098142384736501,66,True,feature_common_within_state
CS2_35,degradation_dynamics,Fast,1,HF3,Group_EnergyEfficiency,-0.04470321001265386,0.04470321001265386,66,True,feature_common_within_state
CS2_35,degradation_dynamics,Fast,1,HF4,Group_DischargeIC,-0.16008820099937004,0.1678808922125066,66,True,feature_common_within_state
CS2_35,degradation_dynamics,Fast,1,HF5,Group_DischargeIC,-0.17898835753213474,0.1678808922125066,66,True,feature_common_within_state
CS2_35,degradation_dynamics,Fast,1,HF6,Group_DischargeIC,-0.1645661181060151,0.1678808922125066,66,True,feature_common_within_state
CS2_35,degradation_dynamics,Fast,1,HF7,Group_CC,-0.15232471512609275,0.1495584548237701,66,True,feature_common_within_state
CS2_35,degradation_dynamics,Fast,1,HF8,Group_CV,0.14795200783439783,0.15098142384736501,66,True,feature_common_within_state
CS2_35,cycle_position,Early-life,1,HF1,Group_CC,-0.03429633850066358,0.03577598804664105,321,True,feature_common_within_state
CS2_35,cycle_position,Early-life,1,HF2,Group_CV,0.06399662256271996,0.060403007373174805,321,True,feature_common_within_state
CS2_35,cycle_position,Early-life,1,HF3,Group_EnergyEfficiency,0.004470625474051671,0.004470625474051671,321,True,feature_common_within_state
CS2_35,cycle_position,Early-life,1,HF4,Group_DischargeIC,-0.02116858883588396,0.02327838548917044,321,True,feature_common_within_state
CS2_35,cycle_position,Early-life,1,HF5,Group_DischargeIC,0.02400746577210287,0.02327838548917044,321,True,feature_common_within_state
CS2_35,cycle_position,Early-life,1,HF6,Group_DischargeIC,-0.024659101859524475,0.02327838548917044,321,True,feature_common_within_state
CS2_35,cycle_position,Early-life,1,HF7,Group_CC,-0.03725563759261851,0.03577598804664105,321,True,feature_common_within_state
CS2_35,cycle_position,Early-life,1,HF8,Group_CV,0.056809392183629646,0.060403007373174805,321,True,feature_common_within_state
CS2_35,cycle_position,Mid-life,1,HF1,Group_CC,-0.00728463411537778,0.008282959194212028,251,True,feature_common_within_state
CS2_35,cycle_position,Mid-life,1,HF2,Group_CV,0.07154158322450364,0.06157528985186423,251,True,feature_common_within_state
CS2_35,cycle_position,Mid-life,1,HF3,Group_EnergyEfficiency,-0.007165296199188121,0.007165296199188121,251,True,feature_common_within_state
CS2_35,cycle_position,Mid-life,1,HF4,Group_DischargeIC,-0.13697912450921387,0.11740032185493297,251,True,feature_common_within_state
CS2_35,cycle_position,Mid-life,1,HF5,Group_DischargeIC,-0.09694217004400538,0.11740032185493297,251,True,feature_common_within_state
CS2_35,cycle_position,Mid-life,1,HF6,Group_DischargeIC,-0.11827967101157964,0.11740032185493297,251,True,feature_common_within_state
CS2_35,cycle_position,Mid-life,1,HF7,Group_CC,-0.009281284273046277,0.008282959194212028,251,True,feature_common_within_state
CS2_35,cycle_position,Mid-life,1,HF8,Group_CV,0.05160899647922482,0.06157528985186423,251,True,feature_common_within_state
CS2_35,cycle_position,Late-life,1,HF1,Group_CC,,,1,False,feature_common_within_state
CS2_35,cycle_position,Late-life,1,HF2,Group_CV,,,1,False,feature_common_within_state
CS2_35,cycle_position,Late-life,1,HF3,Group_EnergyEfficiency,,,1,False,feature_common_within_state
CS2_35,cycle_position,Late-life,1,HF4,Group_DischargeIC,,,1,False,feature_common_within_state
CS2_35,cycle_position,Late-life,1,HF5,Group_DischargeIC,,,1,False,feature_common_within_state
CS2_35,cycle_position,Late-life,1,HF6,Group_DischargeIC,,,1,False,feature_common_within_state
CS2_35,cycle_position,Late-life,1,HF7,Group_CC,,,1,False,feature_common_within_state
CS2_35,cycle_position,Late-life,1,HF8,Group_CV,,,1,False,feature_common_within_state
CS2_35,soh_level,Early,4,HF1,Group_CC,-0.026334609685794416,0.0277230171959225,522,True,feature_common_within_state
CS2_35,soh_level,Early,4,HF2,Group_CV,0.052519760535559845,0.04153414885287674,522,True,feature_common_within_state
CS2_35,soh_level,Early,4,HF3,Group_EnergyEfficiency,0.022257023116292362,0.022257023116292362,522,True,feature_common_within_state
CS2_35,soh_level,Early,4,HF4,Group_DischargeIC,-0.1216333694799617,0.14055875060349907,522,True,feature_common_within_state
CS2_35,soh_level,Early,4,HF5,Group_DischargeIC,-0.20223403333368967,0.14055875060349907,522,True,feature_common_within_state
CS2_35,soh_level,Early,4,HF6,Group_DischargeIC,-0.09780884899684587,0.14055875060349907,522,True,feature_common_within_state
CS2_35,soh_level,Early,4,HF7,Group_CC,-0.029111424706050583,0.0277230171959225,522,True,feature_common_within_state
CS2_35,soh_level,Early,4,HF8,Group_CV,0.03054853717019364,0.04153414885287674,522,True,feature_common_within_state
CS2_35,soh_level,Middle,4,HF1,Group_CC,0.061983561936791894,0.060589950243264246,50,True,feature_common_within_state
CS2_35,soh_level,Middle,4,HF2,Group_CV,0.11417947756201904,0.13519110530986833,50,True,feature_common_within_state
CS2_35,soh_level,Middle,4,HF3,Group_EnergyEfficiency,-0.23556015606136363,0.23556015606136363,50,True,feature_common_within_state
CS2_35,soh_level,Middle,4,HF4,Group_DischargeIC,-0.37174365636278583,0.3325555733328083,50,True,feature_common_within_state
CS2_35,soh_level,Middle,4,HF5,Group_DischargeIC,-0.2989899019654636,0.3325555733328083,50,True,feature_common_within_state
CS2_35,soh_level,Middle,4,HF6,Group_DischargeIC,-0.32693316167017533,0.3325555733328083,50,True,feature_common_within_state
CS2_35,soh_level,Middle,4,HF7,Group_CC,0.0591963385497366,0.060589950243264246,50,True,feature_common_within_state
CS2_35,soh_level,Middle,4,HF8,Group_CV,0.15620273305771765,0.13519110530986833,50,True,feature_common_within_state
CS2_35,soh_level,Late,4,HF1,Group_CC,,,0,False,feature_common_within_state
CS2_35,soh_level,Late,4,HF2,Group_CV,,,0,False,feature_common_within_state
CS2_35,soh_level,Late,4,HF3,Group_EnergyEfficiency,,,0,False,feature_common_within_state
CS2_35,soh_level,Late,4,HF4,Group_DischargeIC,,,0,False,feature_common_within_state
CS2_35,soh_level,Late,4,HF5,Group_DischargeIC,,,0,False,feature_common_within_state
CS2_35,soh_level,Late,4,HF6,Group_DischargeIC,,,0,False,feature_common_within_state
CS2_35,soh_level,Late,4,HF7,Group_CC,,,0,False,feature_common_within_state
CS2_35,soh_level,Late,4,HF8,Group_CV,,,0,False,feature_common_within_state
CS2_35,degradation_dynamics,Slow,4,HF1,Group_CC,0.05796553245323583,0.05140442956911251,241,True,feature_common_within_state
CS2_35,degradation_dynamics,Slow,4,HF2,Group_CV,0.012777977938933562,0.010270251127206486,241,True,feature_common_within_state
CS2_35,degradation_dynamics,Slow,4,HF3,Group_EnergyEfficiency,-0.10670789505425257,0.10670789505425257,241,True,feature_common_within_state
CS2_35,degradation_dynamics,Slow,4,HF4,Group_DischargeIC,-0.08090339351818591,0.10932227441474253,241,True,feature_common_within_state
CS2_35,degradation_dynamics,Slow,4,HF5,Group_DischargeIC,-0.18173305784705635,0.10932227441474253,241,True,feature_common_within_state
CS2_35,degradation_dynamics,Slow,4,HF6,Group_DischargeIC,-0.06533037187898533,0.10932227441474253,241,True,feature_common_within_state
CS2_35,degradation_dynamics,Slow,4,HF7,Group_CC,0.044843326684989186,0.05140442956911251,241,True,feature_common_within_state
CS2_35,degradation_dynamics,Slow,4,HF8,Group_CV,-0.007762524315479411,0.010270251127206486,241,True,feature_common_within_state
CS2_35,degradation_dynamics,Medium,4,HF1,Group_CC,-0.07555740890649182,0.08542482192915547,170,True,feature_common_within_state
CS2_35,degradation_dynamics,Medium,4,HF2,Group_CV,0.27111317007594843,0.2546145524081493,170,True,feature_common_within_state
CS2_35,degradation_dynamics,Medium,4,HF3,Group_EnergyEfficiency,-0.3640055577822216,0.3640055577822216,170,True,feature_common_within_state
CS2_35,degradation_dynamics,Medium,4,HF4,Group_DischargeIC,-0.4510663101373687,0.42486673326244473,170,True,feature_common_within_state
CS2_35,degradation_dynamics,Medium,4,HF5,Group_DischargeIC,-0.4630775763911186,0.42486673326244473,170,True,feature_common_within_state
CS2_35,degradation_dynamics,Medium,4,HF6,Group_DischargeIC,-0.3604563132588471,0.42486673326244473,170,True,feature_common_within_state
CS2_35,degradation_dynamics,Medium,4,HF7,Group_CC,-0.09529223495181913,0.08542482192915547,170,True,feature_common_within_state
CS2_35,degradation_dynamics,Medium,4,HF8,Group_CV,0.23811593474035012,0.2546145524081493,170,True,feature_common_within_state
CS2_35,degradation_dynamics,Fast,4,HF1,Group_CC,0.10728433612315144,0.09874530619698538,67,True,feature_common_within_state
CS2_35,degradation_dynamics,Fast,4,HF2,Group_CV,-0.04725896784465962,0.06710543517370993,67,True,feature_common_within_state
CS2_35,degradation_dynamics,Fast,4,HF3,Group_EnergyEfficiency,-0.10807831257467031,0.10807831257467031,67,True,feature_common_within_state
CS2_35,degradation_dynamics,Fast,4,HF4,Group_DischargeIC,-0.14551184388913274,0.12798402981682797,67,True,feature_common_within_state
CS2_35,degradation_dynamics,Fast,4,HF5,Group_DischargeIC,-0.22987844986080236,0.12798402981682797,67,True,feature_common_within_state
CS2_35,degradation_dynamics,Fast,4,HF6,Group_DischargeIC,0.008561795700548816,0.12798402981682797,67,True,feature_common_within_state
CS2_35,degradation_dynamics,Fast,4,HF7,Group_CC,0.0902062762708193,0.09874530619698538,67,True,feature_common_within_state
CS2_35,degradation_dynamics,Fast,4,HF8,Group_CV,-0.08695190250276023,0.06710543517370993,67,True,feature_common_within_state
CS2_35,cycle_position,Early-life,4,HF1,Group_CC,-0.0055823306876808506,0.007879218694917171,321,True,feature_common_within_state
CS2_35,cycle_position,Early-life,4,HF2,Group_CV,0.06176272892034964,0.06259404931352278,321,True,feature_common_within_state
CS2_35,cycle_position,Early-life,4,HF3,Group_EnergyEfficiency,-0.021646893891467324,0.021646893891467324,321,True,feature_common_within_state
CS2_35,cycle_position,Early-life,4,HF4,Group_DischargeIC,-0.12208241677628692,0.10079776345507885,321,True,feature_common_within_state
CS2_35,cycle_position,Early-life,4,HF5,Group_DischargeIC,-0.1536002460445077,0.10079776345507885,321,True,feature_common_within_state
CS2_35,cycle_position,Early-life,4,HF6,Group_DischargeIC,-0.02671062754444191,0.10079776345507885,321,True,feature_common_within_state
CS2_35,cycle_position,Early-life,4,HF7,Group_CC,-0.01017610670215349,0.007879218694917171,321,True,feature_common_within_state
CS2_35,cycle_position,Early-life,4,HF8,Group_CV,0.06342536970669592,0.06259404931352278,321,True,feature_common_within_state
CS2_35,cycle_position,Mid-life,4,HF1,Group_CC,-0.040379586484286564,0.040837674038125674,250,True,feature_common_within_state
CS2_35,cycle_position,Mid-life,4,HF2,Group_CV,0.062390786208927775,0.0700100413412007,250,True,feature_common_within_state
CS2_35,cycle_position,Mid-life,4,HF3,Group_EnergyEfficiency,0.03861680543455538,0.03861680543455538,250,True,feature_common_within_state
CS2_35,cycle_position,Mid-life,4,HF4,Group_DischargeIC,-0.23506559176699415,0.19789164323064998,250,True,feature_common_within_state
CS2_35,cycle_position,Mid-life,4,HF5,Group_DischargeIC,-0.2127990366504263,0.19789164323064998,250,True,feature_common_within_state
CS2_35,cycle_position,Mid-life,4,HF6,Group_DischargeIC,-0.14581030127452943,0.19789164323064998,250,True,feature_common_within_state
CS2_35,cycle_position,Mid-life,4,HF7,Group_CC,-0.04129576159196478,0.040837674038125674,250,True,feature_common_within_state
CS2_35,cycle_position,Mid-life,4,HF8,Group_CV,0.07762929647347364,0.0700100413412007,250,True,feature_common_within_state
CS2_35,cycle_position,Late-life,4,HF1,Group_CC,,,1,False,feature_common_within_state
CS2_35,cycle_position,Late-life,4,HF2,Group_CV,,,1,False,feature_common_within_state
CS2_35,cycle_position,Late-life,4,HF3,Group_EnergyEfficiency,,,1,False,feature_common_within_state
CS2_35,cycle_position,Late-life,4,HF4,Group_DischargeIC,,,1,False,feature_common_within_state
CS2_35,cycle_position,Late-life,4,HF5,Group_DischargeIC,,,1,False,feature_common_within_state
CS2_35,cycle_position,Late-life,4,HF6,Group_DischargeIC,,,1,False,feature_common_within_state
CS2_35,cycle_position,Late-life,4,HF7,Group_CC,,,1,False,feature_common_within_state
CS2_35,cycle_position,Late-life,4,HF8,Group_CV,,,1,False,feature_common_within_state
CS2_35,soh_level,Early,8,HF1,Group_CC,-0.0328594677055694,0.034213792564581985,522,True,feature_common_within_state
CS2_35,soh_level,Early,8,HF2,Group_CV,0.010289966705960399,0.010689815805152613,522,True,feature_common_within_state
CS2_35,soh_level,Early,8,HF3,Group_EnergyEfficiency,0.014717294224582383,0.014717294224582383,522,True,feature_common_within_state
CS2_35,soh_level,Early,8,HF4,Group_DischargeIC,0.007335042664037424,0.02717644887252978,522,True,feature_common_within_state
CS2_35,soh_level,Early,8,HF5,Group_DischargeIC,-0.0709384570337798,0.02717644887252978,522,True,feature_common_within_state
CS2_35,soh_level,Early,8,HF6,Group_DischargeIC,-0.003255846919772124,0.02717644887252978,522,True,feature_common_within_state
CS2_35,soh_level,Early,8,HF7,Group_CC,-0.03556811742359457,0.034213792564581985,522,True,feature_common_within_state
CS2_35,soh_level,Early,8,HF8,Group_CV,-0.011089664904344829,0.010689815805152613,522,True,feature_common_within_state
CS2_35,soh_level,Middle,8,HF1,Group_CC,0.10564818346905672,0.10324291575867775,50,True,feature_common_within_state
CS2_35,soh_level,Middle,8,HF2,Group_CV,0.14087124267843026,0.12454909205819997,50,True,feature_common_within_state
CS2_35,soh_level,Middle,8,HF3,Group_EnergyEfficiency,-0.37010122424780145,0.37010122424780145,50,True,feature_common_within_state
CS2_35,soh_level,Middle,8,HF4,Group_DischargeIC,-0.20445858050906335,0.21510872751680363,50,True,feature_common_within_state
CS2_35,soh_level,Middle,8,HF5,Group_DischargeIC,-0.1547304012204232,0.21510872751680363,50,True,feature_common_within_state
CS2_35,soh_level,Middle,8,HF6,Group_DischargeIC,-0.28613720082092436,0.21510872751680363,50,True,feature_common_within_state
CS2_35,soh_level,Middle,8,HF7,Group_CC,0.10083764804829877,0.10324291575867775,50,True,feature_common_within_state
CS2_35,soh_level,Middle,8,HF8,Group_CV,0.10822694143796968,0.12454909205819997,50,True,feature_common_within_state
CS2_35,soh_level,Late,8,HF1,Group_CC,,,0,False,feature_common_within_state
CS2_35,soh_level,Late,8,HF2,Group_CV,,,0,False,feature_common_within_state
CS2_35,soh_level,Late,8,HF3,Group_EnergyEfficiency,,,0,False,feature_common_within_state
CS2_35,soh_level,Late,8,HF4,Group_DischargeIC,,,0,False,feature_common_within_state
CS2_35,soh_level,Late,8,HF5,Group_DischargeIC,,,0,False,feature_common_within_state
CS2_35,soh_level,Late,8,HF6,Group_DischargeIC,,,0,False,feature_common_within_state
CS2_35,soh_level,Late,8,HF7,Group_CC,,,0,False,feature_common_within_state
CS2_35,soh_level,Late,8,HF8,Group_CV,,,0,False,feature_common_within_state
CS2_35,degradation_dynamics,Slow,8,HF1,Group_CC,0.10691827618515584,0.09889326733622189,241,True,feature_common_within_state
CS2_35,degradation_dynamics,Slow,8,HF2,Group_CV,0.0240307381594536,0.012829854616582932,241,True,feature_common_within_state
CS2_35,degradation_dynamics,Slow,8,HF3,Group_EnergyEfficiency,-0.17274963699809592,0.17274963699809592,241,True,feature_common_within_state
CS2_35,degradation_dynamics,Slow,8,HF4,Group_DischargeIC,0.12775431587745922,0.07180355920325378,241,True,feature_common_within_state
CS2_35,degradation_dynamics,Slow,8,HF5,Group_DischargeIC,-0.04911602225766084,0.07180355920325378,241,True,feature_common_within_state
CS2_35,degradation_dynamics,Slow,8,HF6,Group_DischargeIC,-0.03854033947464125,0.07180355920325378,241,True,feature_common_within_state
CS2_35,degradation_dynamics,Slow,8,HF7,Group_CC,0.09086825848728793,0.09889326733622189,241,True,feature_common_within_state
CS2_35,degradation_dynamics,Slow,8,HF8,Group_CV,0.001628971073712267,0.012829854616582932,241,True,feature_common_within_state
CS2_35,degradation_dynamics,Medium,8,HF1,Group_CC,-0.21138368614509137,0.21341493502669714,169,True,feature_common_within_state
CS2_35,degradation_dynamics,Medium,8,HF2,Group_CV,0.12301299048915784,0.11587397621550355,169,True,feature_common_within_state
CS2_35,degradation_dynamics,Medium,8,HF3,Group_EnergyEfficiency,0.09085106299030811,0.09085106299030811,169,True,feature_common_within_state
CS2_35,degradation_dynamics,Medium,8,HF4,Group_DischargeIC,-0.05252426440826108,0.046953179270667285,169,True,feature_common_within_state
CS2_35,degradation_dynamics,Medium,8,HF5,Group_DischargeIC,-0.03289215283701519,0.046953179270667285,169,True,feature_common_within_state
CS2_35,degradation_dynamics,Medium,8,HF6,Group_DischargeIC,-0.0554431205667256,0.046953179270667285,169,True,feature_common_within_state
CS2_35,degradation_dynamics,Medium,8,HF7,Group_CC,-0.21544618390830292,0.21341493502669714,169,True,feature_common_within_state
CS2_35,degradation_dynamics,Medium,8,HF8,Group_CV,0.10873496194184927,0.11587397621550355,169,True,feature_common_within_state
CS2_35,degradation_dynamics,Fast,8,HF1,Group_CC,-0.15237089515480678,0.1522443940070141,68,True,feature_common_within_state
CS2_35,degradation_dynamics,Fast,8,HF2,Group_CV,0.2827461806873374,0.27904219875821484,68,True,feature_common_within_state
CS2_35,degradation_dynamics,Fast,8,HF3,Group_EnergyEfficiency,-0.1767200203216832,0.1767200203216832,68,True,feature_common_within_state
CS2_35,degradation_dynamics,Fast,8,HF4,Group_DischargeIC,-0.20381006339849425,0.1550405712748372,68,True,feature_common_within_state
CS2_35,degradation_dynamics,Fast,8,HF5,Group_DischargeIC,-0.034746229425018677,0.1550405712748372,68,True,feature_common_within_state
CS2_35,degradation_dynamics,Fast,8,HF6,Group_DischargeIC,-0.22656542100099866,0.1550405712748372,68,True,feature_common_within_state
CS2_35,degradation_dynamics,Fast,8,HF7,Group_CC,-0.1521178928592214,0.1522443940070141,68,True,feature_common_within_state
CS2_35,degradation_dynamics,Fast,8,HF8,Group_CV,0.27533821682909226,0.27904219875821484,68,True,feature_common_within_state
CS2_35,cycle_position,Early-life,8,HF1,Group_CC,-0.06095934154934767,0.06145165533412762,321,True,feature_common_within_state
CS2_35,cycle_position,Early-life,8,HF2,Group_CV,-0.014422140648361285,0.015718053251846966,321,True,feature_common_within_state
CS2_35,cycle_position,Early-life,8,HF3,Group_EnergyEfficiency,0.07134795871705751,0.07134795871705751,321,True,feature_common_within_state
CS2_35,cycle_position,Early-life,8,HF4,Group_DischargeIC,0.039099758756369764,0.048373627512925586,321,True,feature_common_within_state
CS2_35,cycle_position,Early-life,8,HF5,Group_DischargeIC,0.013283596396267921,0.048373627512925586,321,True,feature_common_within_state
CS2_35,cycle_position,Early-life,8,HF6,Group_DischargeIC,0.09273752738613908,0.048373627512925586,321,True,feature_common_within_state
CS2_35,cycle_position,Early-life,8,HF7,Group_CC,-0.06194396911890757,0.06145165533412762,321,True,feature_common_within_state
CS2_35,cycle_position,Early-life,8,HF8,Group_CV,-0.017013965855332647,0.015718053251846966,321,True,feature_common_within_state
CS2_35,cycle_position,Mid-life,8,HF1,Group_CC,-0.048924268088550604,0.05080715864092977,250,True,feature_common_within_state
CS2_35,cycle_position,Mid-life,8,HF2,Group_CV,0.2004904346173738,0.21175484301712688,250,True,feature_common_within_state
CS2_35,cycle_position,Mid-life,8,HF3,Group_EnergyEfficiency,0.013179240152691903,0.013179240152691903,250,True,feature_common_within_state
CS2_35,cycle_position,Mid-life,8,HF4,Group_DischargeIC,-0.17805929369992607,0.15391394481103346,250,True,feature_common_within_state
CS2_35,cycle_position,Mid-life,8,HF5,Group_DischargeIC,-0.1019721419947019,0.15391394481103346,250,True,feature_common_within_state
CS2_35,cycle_position,Mid-life,8,HF6,Group_DischargeIC,-0.18171039873847236,0.15391394481103346,250,True,feature_common_within_state
CS2_35,cycle_position,Mid-life,8,HF7,Group_CC,-0.05269004919330895,0.05080715864092977,250,True,feature_common_within_state
CS2_35,cycle_position,Mid-life,8,HF8,Group_CV,0.22301925141687995,0.21175484301712688,250,True,feature_common_within_state
CS2_35,cycle_position,Late-life,8,HF1,Group_CC,,,1,False,feature_common_within_state
CS2_35,cycle_position,Late-life,8,HF2,Group_CV,,,1,False,feature_common_within_state
CS2_35,cycle_position,Late-life,8,HF3,Group_EnergyEfficiency,,,1,False,feature_common_within_state
CS2_35,cycle_position,Late-life,8,HF4,Group_DischargeIC,,,1,False,feature_common_within_state
CS2_35,cycle_position,Late-life,8,HF5,Group_DischargeIC,,,1,False,feature_common_within_state
CS2_35,cycle_position,Late-life,8,HF6,Group_DischargeIC,,,1,False,feature_common_within_state
CS2_35,cycle_position,Late-life,8,HF7,Group_CC,,,1,False,feature_common_within_state
CS2_35,cycle_position,Late-life,8,HF8,Group_CV,,,1,False,feature_common_within_state
CS2_35,soh_level,Early,12,HF1,Group_CC,-0.022805460972070958,0.02463013808858893,522,True,feature_common_within_state
CS2_35,soh_level,Early,12,HF2,Group_CV,0.04056504812151619,0.02406055543497861,522,True,feature_common_within_state
CS2_35,soh_level,Early,12,HF3,Group_EnergyEfficiency,0.018696669876895153,0.018696669876895153,522,True,feature_common_within_state
CS2_35,soh_level,Early,12,HF4,Group_DischargeIC,-0.0463761120535434,0.13308472987405986,522,True,feature_common_within_state
CS2_35,soh_level,Early,12,HF5,Group_DischargeIC,-0.26184305716067724,0.13308472987405986,522,True,feature_common_within_state
CS2_35,soh_level,Early,12,HF6,Group_DischargeIC,-0.09103502040795894,0.13308472987405986,522,True,feature_common_within_state
CS2_35,soh_level,Early,12,HF7,Group_CC,-0.026454815205106907,0.02463013808858893,522,True,feature_common_within_state
CS2_35,soh_level,Early,12,HF8,Group_CV,0.007556062748441024,0.02406055543497861,522,True,feature_common_within_state
CS2_35,soh_level,Middle,12,HF1,Group_CC,-0.25775187902640423,0.259645626828766,50,True,feature_common_within_state
CS2_35,soh_level,Middle,12,HF2,Group_CV,0.4207964982390111,0.4158621391776796,50,True,feature_common_within_state
CS2_35,soh_level,Middle,12,HF3,Group_EnergyEfficiency,-0.06270267046050879,0.06270267046050879,50,True,feature_common_within_state
CS2_35,soh_level,Middle,12,HF4,Group_DischargeIC,-0.45218481177331,0.38867087224181796,50,True,feature_common_within_state
CS2_35,soh_level,Middle,12,HF5,Group_DischargeIC,-0.22861334981514586,0.38867087224181796,50,True,feature_common_within_state
CS2_35,soh_level,Middle,12,HF6,Group_DischargeIC,-0.48521445513699807,0.38867087224181796,50,True,feature_common_within_state
CS2_35,soh_level,Middle,12,HF7,Group_CC,-0.2615393746311278,0.259645626828766,50,True,feature_common_within_state
CS2_35,soh_level,Middle,12,HF8,Group_CV,0.4109277801163481,0.4158621391776796,50,True,feature_common_within_state
CS2_35,soh_level,Late,12,HF1,Group_CC,,,0,False,feature_common_within_state
CS2_35,soh_level,Late,12,HF2,Group_CV,,,0,False,feature_common_within_state
CS2_35,soh_level,Late,12,HF3,Group_EnergyEfficiency,,,0,False,feature_common_within_state
CS2_35,soh_level,Late,12,HF4,Group_DischargeIC,,,0,False,feature_common_within_state
CS2_35,soh_level,Late,12,HF5,Group_DischargeIC,,,0,False,feature_common_within_state
CS2_35,soh_level,Late,12,HF6,Group_DischargeIC,,,0,False,feature_common_within_state
CS2_35,soh_level,Late,12,HF7,Group_CC,,,0,False,feature_common_within_state
CS2_35,soh_level,Late,12,HF8,Group_CV,,,0,False,feature_common_within_state
CS2_35,degradation_dynamics,Slow,12,HF1,Group_CC,-0.008050270593526145,0.015927767472787718,241,True,feature_common_within_state
CS2_35,degradation_dynamics,Slow,12,HF2,Group_CV,0.10537757851466334,0.0922755027019724,241,True,feature_common_within_state
CS2_35,degradation_dynamics,Slow,12,HF3,Group_EnergyEfficiency,-0.12398846925792287,0.12398846925792287,241,True,feature_common_within_state
CS2_35,degradation_dynamics,Slow,12,HF4,Group_DischargeIC,-0.009672728625929477,0.11180548227392186,241,True,feature_common_within_state
CS2_35,degradation_dynamics,Slow,12,HF5,Group_DischargeIC,-0.18524097689209068,0.11180548227392186,241,True,feature_common_within_state
CS2_35,degradation_dynamics,Slow,12,HF6,Group_DischargeIC,-0.14050274130374543,0.11180548227392186,241,True,feature_common_within_state
CS2_35,degradation_dynamics,Slow,12,HF7,Group_CC,-0.023805264352049292,0.015927767472787718,241,True,feature_common_within_state
CS2_35,degradation_dynamics,Slow,12,HF8,Group_CV,0.07917342688928146,0.0922755027019724,241,True,feature_common_within_state
CS2_35,degradation_dynamics,Medium,12,HF1,Group_CC,-0.07380415365272935,0.07978922054109672,170,True,feature_common_within_state
CS2_35,degradation_dynamics,Medium,12,HF2,Group_CV,0.1798250472842017,0.16688730907425386,170,True,feature_common_within_state
CS2_35,degradation_dynamics,Medium,12,HF3,Group_EnergyEfficiency,-0.19625712220094688,0.19625712220094688,170,True,feature_common_within_state
CS2_35,degradation_dynamics,Medium,12,HF4,Group_DischargeIC,-0.2118750179024632,0.23350850283851413,170,True,feature_common_within_state
CS2_35,degradation_dynamics,Medium,12,HF5,Group_DischargeIC,-0.2495625819861258,0.23350850283851413,170,True,feature_common_within_state
CS2_35,degradation_dynamics,Medium,12,HF6,Group_DischargeIC,-0.23908790862695342,0.23350850283851413,170,True,feature_common_within_state
CS2_35,degradation_dynamics,Medium,12,HF7,Group_CC,-0.0857742874294641,0.07978922054109672,170,True,feature_common_within_state
CS2_35,degradation_dynamics,Medium,12,HF8,Group_CV,0.15394957086430605,0.16688730907425386,170,True,feature_common_within_state
CS2_35,degradation_dynamics,Fast,12,HF1,Group_CC,0.1261932205766686,0.11276515879230348,67,True,feature_common_within_state
CS2_35,degradation_dynamics,Fast,12,HF2,Group_CV,0.11523167942448187,0.0993803895703689,67,True,feature_common_within_state
CS2_35,degradation_dynamics,Fast,12,HF3,Group_EnergyEfficiency,-0.34173318335698927,0.34173318335698927,67,True,feature_common_within_state
CS2_35,degradation_dynamics,Fast,12,HF4,Group_DischargeIC,-0.1768270692169863,0.17574885151005193,67,True,feature_common_within_state
CS2_35,degradation_dynamics,Fast,12,HF5,Group_DischargeIC,-0.251762330606281,0.17574885151005193,67,True,feature_common_within_state
CS2_35,degradation_dynamics,Fast,12,HF6,Group_DischargeIC,-0.09865715470688854,0.17574885151005193,67,True,feature_common_within_state
CS2_35,degradation_dynamics,Fast,12,HF7,Group_CC,0.09933709700793836,0.11276515879230348,67,True,feature_common_within_state
CS2_35,degradation_dynamics,Fast,12,HF8,Group_CV,0.08352909971625593,0.0993803895703689,67,True,feature_common_within_state
CS2_35,cycle_position,Early-life,12,HF1,Group_CC,-0.009669019501911423,0.012425422214423047,321,True,feature_common_within_state
CS2_35,cycle_position,Early-life,12,HF2,Group_CV,0.05415140791332663,0.05557267831248912,321,True,feature_common_within_state
CS2_35,cycle_position,Early-life,12,HF3,Group_EnergyEfficiency,-0.010740555576736737,0.010740555576736737,321,True,feature_common_within_state
CS2_35,cycle_position,Early-life,12,HF4,Group_DischargeIC,-0.11836421018379947,0.1230961941937619,321,True,feature_common_within_state
CS2_35,cycle_position,Early-life,12,HF5,Group_DischargeIC,-0.2491177072864302,0.1230961941937619,321,True,feature_common_within_state
CS2_35,cycle_position,Early-life,12,HF6,Group_DischargeIC,-0.0018066651110560537,0.1230961941937619,321,True,feature_common_within_state
CS2_35,cycle_position,Early-life,12,HF7,Group_CC,-0.01518182492693467,0.012425422214423047,321,True,feature_common_within_state
CS2_35,cycle_position,Early-life,12,HF8,Group_CV,0.05699394871165161,0.05557267831248912,321,True,feature_common_within_state
CS2_35,cycle_position,Mid-life,12,HF1,Group_CC,-0.06766067606959944,0.06896590692939593,250,True,feature_common_within_state
CS2_35,cycle_position,Mid-life,12,HF2,Group_CV,0.16736240113118223,0.17990703227547783,250,True,feature_common_within_state
CS2_35,cycle_position,Mid-life,12,HF3,Group_EnergyEfficiency,0.04187506217875644,0.04187506217875644,250,True,feature_common_within_state
CS2_35,cycle_position,Mid-life,12,HF4,Group_DischargeIC,-0.16564203169484637,0.14394381283912172,250,True,feature_common_within_state
CS2_35,cycle_position,Mid-life,12,HF5,Group_DischargeIC,-0.08640335444020823,0.14394381283912172,250,True,feature_common_within_state
CS2_35,cycle_position,Mid-life,12,HF6,Group_DischargeIC,-0.17978605238231052,0.14394381283912172,250,True,feature_common_within_state
CS2_35,cycle_position,Mid-life,12,HF7,Group_CC,-0.07027113778919242,0.06896590692939593,250,True,feature_common_within_state
CS2_35,cycle_position,Mid-life,12,HF8,Group_CV,0.19245166341977343,0.17990703227547783,250,True,feature_common_within_state
CS2_35,cycle_position,Late-life,12,HF1,Group_CC,,,1,False,feature_common_within_state
CS2_35,cycle_position,Late-life,12,HF2,Group_CV,,,1,False,feature_common_within_state
CS2_35,cycle_position,Late-life,12,HF3,Group_EnergyEfficiency,,,1,False,feature_common_within_state
CS2_35,cycle_position,Late-life,12,HF4,Group_DischargeIC,,,1,False,feature_common_within_state
CS2_35,cycle_position,Late-life,12,HF5,Group_DischargeIC,,,1,False,feature_common_within_state
CS2_35,cycle_position,Late-life,12,HF6,Group_DischargeIC,,,1,False,feature_common_within_state
CS2_35,cycle_position,Late-life,12,HF7,Group_CC,,,1,False,feature_common_within_state
CS2_35,cycle_position,Late-life,12,HF8,Group_CV,,,1,False,feature_common_within_state
CS2_35,soh_level,Early,16,HF1,Group_CC,-0.020665022023580983,0.02250545047584354,522,True,feature_common_within_state
CS2_35,soh_level,Early,16,HF2,Group_CV,0.0038456249259649924,0.016783588235828945,522,True,feature_common_within_state
CS2_35,soh_level,Early,16,HF3,Group_EnergyEfficiency,0.0021247684938056487,0.0021247684938056487,522,True,feature_common_within_state
CS2_35,soh_level,Early,16,HF4,Group_DischargeIC,0.015165536832186343,0.07166803571266221,522,True,feature_common_within_state
CS2_35,soh_level,Early,16,HF5,Group_DischargeIC,-0.18042764185361607,0.07166803571266221,522,True,feature_common_within_state
CS2_35,soh_level,Early,16,HF6,Group_DischargeIC,-0.01941092845218421,0.07166803571266221,522,True,feature_common_within_state
CS2_35,soh_level,Early,16,HF7,Group_CC,-0.0243458789281061,0.02250545047584354,522,True,feature_common_within_state
CS2_35,soh_level,Early,16,HF8,Group_CV,-0.0297215515456929,0.016783588235828945,522,True,feature_common_within_state
CS2_35,soh_level,Middle,16,HF1,Group_CC,-0.023986592065421537,0.025064351028260403,50,True,feature_common_within_state
CS2_35,soh_level,Middle,16,HF2,Group_CV,0.19646961149252454,0.18537303194636984,50,True,feature_common_within_state
CS2_35,soh_level,Middle,16,HF3,Group_EnergyEfficiency,-0.1821222771698646,0.1821222771698646,50,True,feature_common_within_state
CS2_35,soh_level,Middle,16,HF4,Group_DischargeIC,-0.17781707191487692,0.14434974263999092,50,True,feature_common_within_state
CS2_35,soh_level,Middle,16,HF5,Group_DischargeIC,-0.06340618477366607,0.14434974263999092,50,True,feature_common_within_state
CS2_35,soh_level,Middle,16,HF6,Group_DischargeIC,-0.19182597123142983,0.14434974263999092,50,True,feature_common_within_state
CS2_35,soh_level,Middle,16,HF7,Group_CC,-0.02614210999109927,0.025064351028260403,50,True,feature_common_within_state
CS2_35,soh_level,Middle,16,HF8,Group_CV,0.17427645240021514,0.18537303194636984,50,True,feature_common_within_state
CS2_35,soh_level,Late,16,HF1,Group_CC,,,0,False,feature_common_within_state
CS2_35,soh_level,Late,16,HF2,Group_CV,,,0,False,feature_common_within_state
CS2_35,soh_level,Late,16,HF3,Group_EnergyEfficiency,,,0,False,feature_common_within_state
CS2_35,soh_level,Late,16,HF4,Group_DischargeIC,,,0,False,feature_common_within_state
CS2_35,soh_level,Late,16,HF5,Group_DischargeIC,,,0,False,feature_common_within_state
CS2_35,soh_level,Late,16,HF6,Group_DischargeIC,,,0,False,feature_common_within_state
CS2_35,soh_level,Late,16,HF7,Group_CC,,,0,False,feature_common_within_state
CS2_35,soh_level,Late,16,HF8,Group_CV,,,0,False,feature_common_within_state
CS2_35,degradation_dynamics,Slow,16,HF1,Group_CC,0.05929713728729549,0.05424791841899234,241,True,feature_common_within_state
CS2_35,degradation_dynamics,Slow,16,HF2,Group_CV,-0.007215398621656091,0.01760030062907381,241,True,feature_common_within_state
CS2_35,degradation_dynamics,Slow,16,HF3,Group_EnergyEfficiency,-0.091535237838446,0.091535237838446,241,True,feature_common_within_state
CS2_35,degradation_dynamics,Slow,16,HF4,Group_DischargeIC,0.20402291149938917,0.07640132069696469,241,True,feature_common_within_state
CS2_35,degradation_dynamics,Slow,16,HF5,Group_DischargeIC,0.007928885524302619,0.07640132069696469,241,True,feature_common_within_state
CS2_35,degradation_dynamics,Slow,16,HF6,Group_DischargeIC,0.017252165067202275,0.07640132069696469,241,True,feature_common_within_state
CS2_35,degradation_dynamics,Slow,16,HF7,Group_CC,0.04919869955068919,0.05424791841899234,241,True,feature_common_within_state
CS2_35,degradation_dynamics,Slow,16,HF8,Group_CV,-0.027985202636491527,0.01760030062907381,241,True,feature_common_within_state
CS2_35,degradation_dynamics,Medium,16,HF1,Group_CC,-0.25607794504235976,0.25790801911248956,169,True,feature_common_within_state
CS2_35,degradation_dynamics,Medium,16,HF2,Group_CV,0.3002531224316917,0.28622410268178866,169,True,feature_common_within_state
CS2_35,degradation_dynamics,Medium,16,HF3,Group_EnergyEfficiency,-0.10814463629442223,0.10814463629442223,169,True,feature_common_within_state
CS2_35,degradation_dynamics,Medium,16,HF4,Group_DischargeIC,-0.10872361052273526,0.18195404740558432,169,True,feature_common_within_state
CS2_35,degradation_dynamics,Medium,16,HF5,Group_DischargeIC,-0.13080931682173602,0.18195404740558432,169,True,feature_common_within_state
CS2_35,degradation_dynamics,Medium,16,HF6,Group_DischargeIC,-0.3063292148722817,0.18195404740558432,169,True,feature_common_within_state
CS2_35,degradation_dynamics,Medium,16,HF7,Group_CC,-0.25973809318261937,0.25790801911248956,169,True,feature_common_within_state
CS2_35,degradation_dynamics,Medium,16,HF8,Group_CV,0.2721950829318856,0.28622410268178866,169,True,feature_common_within_state
CS2_35,degradation_dynamics,Fast,16,HF1,Group_CC,-0.1577356978465977,0.16974288164624096,68,True,feature_common_within_state
CS2_35,degradation_dynamics,Fast,16,HF2,Group_CV,0.2864425035903736,0.2852488301426004,68,True,feature_common_within_state
CS2_35,degradation_dynamics,Fast,16,HF3,Group_EnergyEfficiency,-0.16343763712068177,0.16343763712068177,68,True,feature_common_within_state
CS2_35,degradation_dynamics,Fast,16,HF4,Group_DischargeIC,-0.06713502658960793,0.1280009329910504,68,True,feature_common_within_state
CS2_35,degradation_dynamics,Fast,16,HF5,Group_DischargeIC,-0.17386183078510978,0.1280009329910504,68,True,feature_common_within_state
CS2_35,degradation_dynamics,Fast,16,HF6,Group_DischargeIC,-0.14300594159843344,0.1280009329910504,68,True,feature_common_within_state
CS2_35,degradation_dynamics,Fast,16,HF7,Group_CC,-0.18175006544588423,0.16974288164624096,68,True,feature_common_within_state
CS2_35,degradation_dynamics,Fast,16,HF8,Group_CV,0.2840551566948272,0.2852488301426004,68,True,feature_common_within_state
CS2_35,cycle_position,Early-life,16,HF1,Group_CC,-0.0584782924527825,0.05977096021509734,321,True,feature_common_within_state
CS2_35,cycle_position,Early-life,16,HF2,Group_CV,-0.02604368521219515,0.025139187620731484,321,True,feature_common_within_state
CS2_35,cycle_position,Early-life,16,HF3,Group_EnergyEfficiency,0.06489489688790556,0.06489489688790556,321,True,feature_common_within_state
CS2_35,cycle_position,Early-life,16,HF4,Group_DischargeIC,-0.012610221762329172,0.07986909199837695,321,True,feature_common_within_state
CS2_35,cycle_position,Early-life,16,HF5,Group_DischargeIC,-0.11500603839215454,0.07986909199837695,321,True,feature_common_within_state
CS2_35,cycle_position,Early-life,16,HF6,Group_DischargeIC,0.11199101584064718,0.07986909199837695,321,True,feature_common_within_state
CS2_35,cycle_position,Early-life,16,HF7,Group_CC,-0.06106362797741218,0.05977096021509734,321,True,feature_common_within_state
CS2_35,cycle_position,Early-life,16,HF8,Group_CV,-0.024234690029267817,0.025139187620731484,321,True,feature_common_within_state
CS2_35,cycle_position,Mid-life,16,HF1,Group_CC,-0.044890410526962035,0.04670781336771469,250,True,feature_common_within_state
CS2_35,cycle_position,Mid-life,16,HF2,Group_CV,0.25362906789939677,0.2700911660012437,250,True,feature_common_within_state
CS2_35,cycle_position,Mid-life,16,HF3,Group_EnergyEfficiency,0.00381205833840244,0.00381205833840244,250,True,feature_common_within_state
CS2_35,cycle_position,Mid-life,16,HF4,Group_DischargeIC,-0.0901130632752145,0.08765778546119263,250,True,feature_common_within_state
CS2_35,cycle_position,Mid-life,16,HF5,Group_DischargeIC,-0.003933308514040032,0.08765778546119263,250,True,feature_common_within_state
CS2_35,cycle_position,Mid-life,16,HF6,Group_DischargeIC,-0.16892698459432337,0.08765778546119263,250,True,feature_common_within_state
CS2_35,cycle_position,Mid-life,16,HF7,Group_CC,-0.04852521620846736,0.04670781336771469,250,True,feature_common_within_state
CS2_35,cycle_position,Mid-life,16,HF8,Group_CV,0.2865532641030907,0.2700911660012437,250,True,feature_common_within_state
CS2_35,cycle_position,Late-life,16,HF1,Group_CC,,,1,False,feature_common_within_state
CS2_35,cycle_position,Late-life,16,HF2,Group_CV,,,1,False,feature_common_within_state
CS2_35,cycle_position,Late-life,16,HF3,Group_EnergyEfficiency,,,1,False,feature_common_within_state
CS2_35,cycle_position,Late-life,16,HF4,Group_DischargeIC,,,1,False,feature_common_within_state
CS2_35,cycle_position,Late-life,16,HF5,Group_DischargeIC,,,1,False,feature_common_within_state
CS2_35,cycle_position,Late-life,16,HF6,Group_DischargeIC,,,1,False,feature_common_within_state
CS2_35,cycle_position,Late-life,16,HF7,Group_CC,,,1,False,feature_common_within_state
CS2_35,cycle_position,Late-life,16,HF8,Group_CV,,,1,False,feature_common_within_state
CS2_35,soh_level,Early,24,HF1,Group_CC,0.002933791443936988,0.0019996641727692815,522,True,feature_common_within_state
CS2_35,soh_level,Early,24,HF2,Group_CV,-0.018151373658977808,0.03890211124750974,522,True,feature_common_within_state
CS2_35,soh_level,Early,24,HF3,Group_EnergyEfficiency,-0.005528557371074236,0.005528557371074236,522,True,feature_common_within_state
CS2_35,soh_level,Early,24,HF4,Group_DischargeIC,0.009359947999853251,0.09802150235801166,522,True,feature_common_within_state
CS2_35,soh_level,Early,24,HF5,Group_DischargeIC,-0.25268126164126753,0.09802150235801166,522,True,feature_common_within_state
CS2_35,soh_level,Early,24,HF6,Group_DischargeIC,-0.0320232974329142,0.09802150235801166,522,True,feature_common_within_state
CS2_35,soh_level,Early,24,HF7,Group_CC,-0.001065536901601575,0.0019996641727692815,522,True,feature_common_within_state
CS2_35,soh_level,Early,24,HF8,Group_CV,-0.059652848836041675,0.03890211124750974,522,True,feature_common_within_state
CS2_35,soh_level,Middle,24,HF1,Group_CC,-0.47384271786207816,0.4733940254505232,50,True,feature_common_within_state
CS2_35,soh_level,Middle,24,HF2,Group_CV,0.618150978565292,0.6270551534351457,50,True,feature_common_within_state
CS2_35,soh_level,Middle,24,HF3,Group_EnergyEfficiency,0.1275694776904928,0.1275694776904928,50,True,feature_common_within_state
CS2_35,soh_level,Middle,24,HF4,Group_DischargeIC,-0.18215155853857756,0.2606523942298451,50,True,feature_common_within_state
CS2_35,soh_level,Middle,24,HF5,Group_DischargeIC,0.21438927365241955,0.2606523942298451,50,True,feature_common_within_state
CS2_35,soh_level,Middle,24,HF6,Group_DischargeIC,-0.38541635049853823,0.2606523942298451,50,True,feature_common_within_state
CS2_35,soh_level,Middle,24,HF7,Group_CC,-0.47294533303896835,0.4733940254505232,50,True,feature_common_within_state
CS2_35,soh_level,Middle,24,HF8,Group_CV,0.6359593283049995,0.6270551534351457,50,True,feature_common_within_state
CS2_35,soh_level,Late,24,HF1,Group_CC,,,0,False,feature_common_within_state
CS2_35,soh_level,Late,24,HF2,Group_CV,,,0,False,feature_common_within_state
CS2_35,soh_level,Late,24,HF3,Group_EnergyEfficiency,,,0,False,feature_common_within_state
CS2_35,soh_level,Late,24,HF4,Group_DischargeIC,,,0,False,feature_common_within_state
CS2_35,soh_level,Late,24,HF5,Group_DischargeIC,,,0,False,feature_common_within_state
CS2_35,soh_level,Late,24,HF6,Group_DischargeIC,,,0,False,feature_common_within_state
CS2_35,soh_level,Late,24,HF7,Group_CC,,,0,False,feature_common_within_state
CS2_35,soh_level,Late,24,HF8,Group_CV,,,0,False,feature_common_within_state
CS2_35,degradation_dynamics,Slow,24,HF1,Group_CC,0.06826286928394454,0.061751703008551435,241,True,feature_common_within_state
CS2_35,degradation_dynamics,Slow,24,HF2,Group_CV,-0.0417586439669521,0.058078152489291976,241,True,feature_common_within_state
CS2_35,degradation_dynamics,Slow,24,HF3,Group_EnergyEfficiency,-0.03224413841748157,0.03224413841748157,241,True,feature_common_within_state
CS2_35,degradation_dynamics,Slow,24,HF4,Group_DischargeIC,0.14940915024109874,0.0844414365745525,241,True,feature_common_within_state
CS2_35,degradation_dynamics,Slow,24,HF5,Group_DischargeIC,-0.0831203358559239,0.0844414365745525,241,True,feature_common_within_state
CS2_35,degradation_dynamics,Slow,24,HF6,Group_DischargeIC,-0.020794823626634817,0.0844414365745525,241,True,feature_common_within_state
CS2_35,degradation_dynamics,Slow,24,HF7,Group_CC,0.05524053673315833,0.061751703008551435,241,True,feature_common_within_state
CS2_35,degradation_dynamics,Slow,24,HF8,Group_CV,-0.07439766101163185,0.058078152489291976,241,True,feature_common_within_state
CS2_35,degradation_dynamics,Medium,24,HF1,Group_CC,-0.3290230320232448,0.33455782415478386,169,True,feature_common_within_state
CS2_35,degradation_dynamics,Medium,24,HF2,Group_CV,0.44183523859187135,0.4413926284095099,169,True,feature_common_within_state
CS2_35,degradation_dynamics,Medium,24,HF3,Group_EnergyEfficiency,-0.22756554837812956,0.22756554837812956,169,True,feature_common_within_state
CS2_35,degradation_dynamics,Medium,24,HF4,Group_DischargeIC,-0.15450353769218456,0.22820745974410653,169,True,feature_common_within_state
CS2_35,degradation_dynamics,Medium,24,HF5,Group_DischargeIC,-0.16512209048795407,0.22820745974410653,169,True,feature_common_within_state
CS2_35,degradation_dynamics,Medium,24,HF6,Group_DischargeIC,-0.364996751052181,0.22820745974410653,169,True,feature_common_within_state
CS2_35,degradation_dynamics,Medium,24,HF7,Group_CC,-0.34009261628632287,0.33455782415478386,169,True,feature_common_within_state
CS2_35,degradation_dynamics,Medium,24,HF8,Group_CV,0.4409500182271484,0.4413926284095099,169,True,feature_common_within_state
CS2_35,degradation_dynamics,Fast,24,HF1,Group_CC,-0.18826527188965164,0.2010310748656434,68,True,feature_common_within_state
CS2_35,degradation_dynamics,Fast,24,HF2,Group_CV,0.3519445695883411,0.34343203176347636,68,True,feature_common_within_state
CS2_35,degradation_dynamics,Fast,24,HF3,Group_EnergyEfficiency,-0.18656918895476318,0.18656918895476318,68,True,feature_common_within_state
CS2_35,degradation_dynamics,Fast,24,HF4,Group_DischargeIC,-0.0761804936741942,0.17260391014707477,68,True,feature_common_within_state
CS2_35,degradation_dynamics,Fast,24,HF5,Group_DischargeIC,-0.21906116843181514,0.17260391014707477,68,True,feature_common_within_state
CS2_35,degradation_dynamics,Fast,24,HF6,Group_DischargeIC,-0.22257006833521498,0.17260391014707477,68,True,feature_common_within_state
CS2_35,degradation_dynamics,Fast,24,HF7,Group_CC,-0.21379687784163515,0.2010310748656434,68,True,feature_common_within_state
CS2_35,degradation_dynamics,Fast,24,HF8,Group_CV,0.33491949393861165,0.34343203176347636,68,True,feature_common_within_state
CS2_35,cycle_position,Early-life,24,HF1,Group_CC,0.0023676027936151006,0.0017909294823412818,321,True,feature_common_within_state
CS2_35,cycle_position,Early-life,24,HF2,Group_CV,-0.08621154334854127,0.083858791589818,321,True,feature_common_within_state
CS2_35,cycle_position,Early-life,24,HF3,Group_EnergyEfficiency,0.03696570398619098,0.03696570398619098,321,True,feature_common_within_state
CS2_35,cycle_position,Early-life,24,HF4,Group_DischargeIC,-0.00033471836121163234,0.09852226896091393,321,True,feature_common_within_state
CS2_35,cycle_position,Early-life,24,HF5,Group_DischargeIC,-0.12471642942433211,0.09852226896091393,321,True,feature_common_within_state
CS2_35,cycle_position,Early-life,24,HF6,Group_DischargeIC,0.17051565909719804,0.09852226896091393,321,True,feature_common_within_state
CS2_35,cycle_position,Early-life,24,HF7,Group_CC,-0.001214256171067463,0.0017909294823412818,321,True,feature_common_within_state
CS2_35,cycle_position,Early-life,24,HF8,Group_CV,-0.08150603983109474,0.083858791589818,321,True,feature_common_within_state
CS2_35,cycle_position,Mid-life,24,HF1,Group_CC,-0.06956276725015428,0.07225836296572524,250,True,feature_common_within_state
CS2_35,cycle_position,Mid-life,24,HF2,Group_CV,0.41164082308953964,0.43585639690583444,250,True,feature_common_within_state
CS2_35,cycle_position,Mid-life,24,HF3,Group_EnergyEfficiency,0.005959956751328884,0.005959956751328884,250,True,feature_common_within_state
CS2_35,cycle_position,Mid-life,24,HF4,Group_DischargeIC,-0.1268568910952169,0.15902475203398522,250,True,feature_common_within_state
CS2_35,cycle_position,Mid-life,24,HF5,Group_DischargeIC,-0.050699918108291255,0.15902475203398522,250,True,feature_common_within_state
CS2_35,cycle_position,Mid-life,24,HF6,Group_DischargeIC,-0.2995174468984475,0.15902475203398522,250,True,feature_common_within_state
CS2_35,cycle_position,Mid-life,24,HF7,Group_CC,-0.07495395868129619,0.07225836296572524,250,True,feature_common_within_state
CS2_35,cycle_position,Mid-life,24,HF8,Group_CV,0.4600719707221293,0.43585639690583444,250,True,feature_common_within_state
CS2_35,cycle_position,Late-life,24,HF1,Group_CC,,,1,False,feature_common_within_state
CS2_35,cycle_position,Late-life,24,HF2,Group_CV,,,1,False,feature_common_within_state
CS2_35,cycle_position,Late-life,24,HF3,Group_EnergyEfficiency,,,1,False,feature_common_within_state
CS2_35,cycle_position,Late-life,24,HF4,Group_DischargeIC,,,1,False,feature_common_within_state
CS2_35,cycle_position,Late-life,24,HF5,Group_DischargeIC,,,1,False,feature_common_within_state
CS2_35,cycle_position,Late-life,24,HF6,Group_DischargeIC,,,1,False,feature_common_within_state
CS2_35,cycle_position,Late-life,24,HF7,Group_CC,,,1,False,feature_common_within_state
CS2_35,cycle_position,Late-life,24,HF8,Group_CV,,,1,False,feature_common_within_state
CS2_35,soh_level,Early,32,HF1,Group_CC,0.0130609549028372,0.011549832586367978,522,True,feature_common_within_state
CS2_35,soh_level,Early,32,HF2,Group_CV,-0.05962811735637851,0.0865170854159395,522,True,feature_common_within_state
CS2_35,soh_level,Early,32,HF3,Group_EnergyEfficiency,-0.005573721259771398,0.005573721259771398,522,True,feature_common_within_state
CS2_35,soh_level,Early,32,HF4,Group_DischargeIC,0.03585213986808262,0.10353929169296106,522,True,feature_common_within_state
CS2_35,soh_level,Early,32,HF5,Group_DischargeIC,-0.23307945298406557,0.10353929169296106,522,True,feature_common_within_state
CS2_35,soh_level,Early,32,HF6,Group_DischargeIC,-0.04168628222673497,0.10353929169296106,522,True,feature_common_within_state
CS2_35,soh_level,Early,32,HF7,Group_CC,0.010038710269898757,0.011549832586367978,522,True,feature_common_within_state
CS2_35,soh_level,Early,32,HF8,Group_CV,-0.11340605347550049,0.0865170854159395,522,True,feature_common_within_state
CS2_35,soh_level,Middle,32,HF1,Group_CC,-0.5182946532419431,0.5123896043343261,50,True,feature_common_within_state
CS2_35,soh_level,Middle,32,HF2,Group_CV,0.5606836748152327,0.5915759158702083,50,True,feature_common_within_state
CS2_35,soh_level,Middle,32,HF3,Group_EnergyEfficiency,0.24451131075348143,0.24451131075348143,50,True,feature_common_within_state
CS2_35,soh_level,Middle,32,HF4,Group_DischargeIC,0.13178572504537714,0.23796632313603625,50,True,feature_common_within_state
CS2_35,soh_level,Middle,32,HF5,Group_DischargeIC,0.4508860531103592,0.23796632313603625,50,True,feature_common_within_state
CS2_35,soh_level,Middle,32,HF6,Group_DischargeIC,-0.13122719125237237,0.23796632313603625,50,True,feature_common_within_state
CS2_35,soh_level,Middle,32,HF7,Group_CC,-0.5064845554267092,0.5123896043343261,50,True,feature_common_within_state
CS2_35,soh_level,Middle,32,HF8,Group_CV,0.6224681569251838,0.5915759158702083,50,True,feature_common_within_state
CS2_35,soh_level,Late,32,HF1,Group_CC,,,0,False,feature_common_within_state
CS2_35,soh_level,Late,32,HF2,Group_CV,,,0,False,feature_common_within_state
CS2_35,soh_level,Late,32,HF3,Group_EnergyEfficiency,,,0,False,feature_common_within_state
CS2_35,soh_level,Late,32,HF4,Group_DischargeIC,,,0,False,feature_common_within_state
CS2_35,soh_level,Late,32,HF5,Group_DischargeIC,,,0,False,feature_common_within_state
CS2_35,soh_level,Late,32,HF6,Group_DischargeIC,,,0,False,feature_common_within_state
CS2_35,soh_level,Late,32,HF7,Group_CC,,,0,False,feature_common_within_state
CS2_35,soh_level,Late,32,HF8,Group_CV,,,0,False,feature_common_within_state
CS2_35,degradation_dynamics,Slow,32,HF1,Group_CC,0.01779800626874838,0.009613562280638881,240,True,feature_common_within_state
CS2_35,degradation_dynamics,Slow,32,HF2,Group_CV,0.034325421679507244,0.022807330523091883,240,True,feature_common_within_state
CS2_35,degradation_dynamics,Slow,32,HF3,Group_EnergyEfficiency,-0.058087428541640666,0.058087428541640666,240,True,feature_common_within_state
CS2_35,degradation_dynamics,Slow,32,HF4,Group_DischargeIC,0.20673534259194815,0.15675910388275682,240,True,feature_common_within_state
CS2_35,degradation_dynamics,Slow,32,HF5,Group_DischargeIC,-0.17026514305434776,0.15675910388275682,240,True,feature_common_within_state
CS2_35,degradation_dynamics,Slow,32,HF6,Group_DischargeIC,-0.09327682600197454,0.15675910388275682,240,True,feature_common_within_state
CS2_35,degradation_dynamics,Slow,32,HF7,Group_CC,-0.0014291182925293827,0.009613562280638881,240,True,feature_common_within_state
CS2_35,degradation_dynamics,Slow,32,HF8,Group_CV,-0.011289239366676525,0.022807330523091883,240,True,feature_common_within_state
CS2_35,degradation_dynamics,Medium,32,HF1,Group_CC,-0.36974271088012,0.37205613917767705,171,True,feature_common_within_state
CS2_35,degradation_dynamics,Medium,32,HF2,Group_CV,0.4447643159531746,0.4453486520258825,171,True,feature_common_within_state
CS2_35,degradation_dynamics,Medium,32,HF3,Group_EnergyEfficiency,-0.18802247747677517,0.18802247747677517,171,True,feature_common_within_state
CS2_35,degradation_dynamics,Medium,32,HF4,Group_DischargeIC,-0.12285219929993499,0.200095856552708,171,True,feature_common_within_state
CS2_35,degradation_dynamics,Medium,32,HF5,Group_DischargeIC,-0.11237801259793175,0.200095856552708,171,True,feature_common_within_state
CS2_35,degradation_dynamics,Medium,32,HF6,Group_DischargeIC,-0.3650573577602573,0.200095856552708,171,True,feature_common_within_state
CS2_35,degradation_dynamics,Medium,32,HF7,Group_CC,-0.3743695674752341,0.37205613917767705,171,True,feature_common_within_state
CS2_35,degradation_dynamics,Medium,32,HF8,Group_CV,0.4459329880985903,0.4453486520258825,171,True,feature_common_within_state
CS2_35,degradation_dynamics,Fast,32,HF1,Group_CC,-0.2564907753549861,0.26259496172492913,67,True,feature_common_within_state
CS2_35,degradation_dynamics,Fast,32,HF2,Group_CV,0.4555808697232112,0.44192522772167353,67,True,feature_common_within_state
CS2_35,degradation_dynamics,Fast,32,HF3,Group_EnergyEfficiency,-0.2091758143238092,0.2091758143238092,67,True,feature_common_within_state
CS2_35,degradation_dynamics,Fast,32,HF4,Group_DischargeIC,-0.14077923846793727,0.23074973361609152,67,True,feature_common_within_state
CS2_35,degradation_dynamics,Fast,32,HF5,Group_DischargeIC,-0.13472459109344576,0.23074973361609152,67,True,feature_common_within_state
CS2_35,degradation_dynamics,Fast,32,HF6,Group_DischargeIC,-0.4167453712868916,0.23074973361609152,67,True,feature_common_within_state
CS2_35,degradation_dynamics,Fast,32,HF7,Group_CC,-0.26869914809487216,0.26259496172492913,67,True,feature_common_within_state
CS2_35,degradation_dynamics,Fast,32,HF8,Group_CV,0.42826958572013585,0.44192522772167353,67,True,feature_common_within_state
CS2_35,cycle_position,Early-life,32,HF1,Group_CC,0.04168711626821522,0.041505129586563716,321,True,feature_common_within_state
CS2_35,cycle_position,Early-life,32,HF2,Group_CV,-0.19724106461884963,0.19529429329571832,321,True,feature_common_within_state
CS2_35,cycle_position,Early-life,32,HF3,Group_EnergyEfficiency,0.04796272612838297,0.04796272612838297,321,True,feature_common_within_state
CS2_35,cycle_position,Early-life,32,HF4,Group_DischargeIC,0.1055169783815881,0.12179191076395784,321,True,feature_common_within_state
CS2_35,cycle_position,Early-life,32,HF5,Group_DischargeIC,0.0021463372713837305,0.12179191076395784,321,True,feature_common_within_state
CS2_35,cycle_position,Early-life,32,HF6,Group_DischargeIC,0.2577124166389017,0.12179191076395784,321,True,feature_common_within_state
CS2_35,cycle_position,Early-life,32,HF7,Group_CC,0.04132314290491222,0.041505129586563716,321,True,feature_common_within_state
CS2_35,cycle_position,Early-life,32,HF8,Group_CV,-0.193347521972587,0.19529429329571832,321,True,feature_common_within_state
CS2_35,cycle_position,Mid-life,32,HF1,Group_CC,-0.08575919607921921,0.08881099199723211,250,True,feature_common_within_state
CS2_35,cycle_position,Mid-life,32,HF2,Group_CV,0.461106240308108,0.48129007272907476,250,True,feature_common_within_state
CS2_35,cycle_position,Mid-life,32,HF3,Group_EnergyEfficiency,0.010774125310838009,0.010774125310838009,250,True,feature_common_within_state
CS2_35,cycle_position,Mid-life,32,HF4,Group_DischargeIC,-0.16821431812121257,0.20380950135154763,250,True,feature_common_within_state
CS2_35,cycle_position,Mid-life,32,HF5,Group_DischargeIC,-0.09286699922208762,0.20380950135154763,250,True,feature_common_within_state
CS2_35,cycle_position,Mid-life,32,HF6,Group_DischargeIC,-0.3503471867113427,0.20380950135154763,250,True,feature_common_within_state
CS2_35,cycle_position,Mid-life,32,HF7,Group_CC,-0.09186278791524502,0.08881099199723211,250,True,feature_common_within_state
CS2_35,cycle_position,Mid-life,32,HF8,Group_CV,0.5014739051500415,0.48129007272907476,250,True,feature_common_within_state
CS2_35,cycle_position,Late-life,32,HF1,Group_CC,,,1,False,feature_common_within_state
CS2_35,cycle_position,Late-life,32,HF2,Group_CV,,,1,False,feature_common_within_state
CS2_35,cycle_position,Late-life,32,HF3,Group_EnergyEfficiency,,,1,False,feature_common_within_state
CS2_35,cycle_position,Late-life,32,HF4,Group_DischargeIC,,,1,False,feature_common_within_state
CS2_35,cycle_position,Late-life,32,HF5,Group_DischargeIC,,,1,False,feature_common_within_state
CS2_35,cycle_position,Late-life,32,HF6,Group_DischargeIC,,,1,False,feature_common_within_state
CS2_35,cycle_position,Late-life,32,HF7,Group_CC,,,1,False,feature_common_within_state
CS2_35,cycle_position,Late-life,32,HF8,Group_CV,,,1,False,feature_common_within_state
CS2_35,soh_level,Early,48,HF1,Group_CC,0.02383681540312413,0.022794168953629974,522,True,feature_common_within_state
CS2_35,soh_level,Early,48,HF2,Group_CV,-0.06221744549233718,0.0869575181228834,522,True,feature_common_within_state
CS2_35,soh_level,Early,48,HF3,Group_EnergyEfficiency,-0.0013395922052177353,0.0013395922052177353,522,True,feature_common_within_state
CS2_35,soh_level,Early,48,HF4,Group_DischargeIC,0.07195800838130897,0.12868832579109407,522,True,feature_common_within_state
CS2_35,soh_level,Early,48,HF5,Group_DischargeIC,-0.29972864671822275,0.12868832579109407,522,True,feature_common_within_state
CS2_35,soh_level,Early,48,HF6,Group_DischargeIC,-0.014378322273750506,0.12868832579109407,522,True,feature_common_within_state
CS2_35,soh_level,Early,48,HF7,Group_CC,0.02175152250413582,0.022794168953629974,522,True,feature_common_within_state
CS2_35,soh_level,Early,48,HF8,Group_CV,-0.11169759075342961,0.0869575181228834,522,True,feature_common_within_state
CS2_35,soh_level,Middle,48,HF1,Group_CC,-0.1738964242097681,0.17189601273478994,51,True,feature_common_within_state
CS2_35,soh_level,Middle,48,HF2,Group_CV,0.43196929053150934,0.44605795310483476,51,True,feature_common_within_state
CS2_35,soh_level,Middle,48,HF3,Group_EnergyEfficiency,-0.1630812246430784,0.1630812246430784,51,True,feature_common_within_state
CS2_35,soh_level,Middle,48,HF4,Group_DischargeIC,-0.1148520585314801,0.1842031113388225,51,True,feature_common_within_state
CS2_35,soh_level,Middle,48,HF5,Group_DischargeIC,0.1403730441684464,0.1842031113388225,51,True,feature_common_within_state
CS2_35,soh_level,Middle,48,HF6,Group_DischargeIC,-0.29738423131654096,0.1842031113388225,51,True,feature_common_within_state
CS2_35,soh_level,Middle,48,HF7,Group_CC,-0.1698956012598118,0.17189601273478994,51,True,feature_common_within_state
CS2_35,soh_level,Middle,48,HF8,Group_CV,0.46014661567816023,0.44605795310483476,51,True,feature_common_within_state
CS2_35,soh_level,Late,48,HF1,Group_CC,,,0,False,feature_common_within_state
CS2_35,soh_level,Late,48,HF2,Group_CV,,,0,False,feature_common_within_state
CS2_35,soh_level,Late,48,HF3,Group_EnergyEfficiency,,,0,False,feature_common_within_state
CS2_35,soh_level,Late,48,HF4,Group_DischargeIC,,,0,False,feature_common_within_state
CS2_35,soh_level,Late,48,HF5,Group_DischargeIC,,,0,False,feature_common_within_state
CS2_35,soh_level,Late,48,HF6,Group_DischargeIC,,,0,False,feature_common_within_state
CS2_35,soh_level,Late,48,HF7,Group_CC,,,0,False,feature_common_within_state
CS2_35,soh_level,Late,48,HF8,Group_CV,,,0,False,feature_common_within_state
CS2_35,degradation_dynamics,Slow,48,HF1,Group_CC,-0.02215177546575025,0.030819850332181507,241,True,feature_common_within_state
CS2_35,degradation_dynamics,Slow,48,HF2,Group_CV,0.08652878387630056,0.04968727605792992,241,True,feature_common_within_state
CS2_35,degradation_dynamics,Slow,48,HF3,Group_EnergyEfficiency,-0.06803334463374926,0.06803334463374926,241,True,feature_common_within_state
CS2_35,degradation_dynamics,Slow,48,HF4,Group_DischargeIC,0.2002916356001151,0.21967917942062468,241,True,feature_common_within_state
CS2_35,degradation_dynamics,Slow,48,HF5,Group_DischargeIC,-0.25053030662282727,0.21967917942062468,241,True,feature_common_within_state
CS2_35,degradation_dynamics,Slow,48,HF6,Group_DischargeIC,-0.20821559603893175,0.21967917942062468,241,True,feature_common_within_state
CS2_35,degradation_dynamics,Slow,48,HF7,Group_CC,-0.039487925198612765,0.030819850332181507,241,True,feature_common_within_state
CS2_35,degradation_dynamics,Slow,48,HF8,Group_CV,0.012845768239559284,0.04968727605792992,241,True,feature_common_within_state
CS2_35,degradation_dynamics,Medium,48,HF1,Group_CC,-0.3240831248596102,0.3286795172600617,170,True,feature_common_within_state
CS2_35,degradation_dynamics,Medium,48,HF2,Group_CV,0.49851923757120314,0.5029314590163151,170,True,feature_common_within_state
CS2_35,degradation_dynamics,Medium,48,HF3,Group_EnergyEfficiency,-0.32071261833813697,0.32071261833813697,170,True,feature_common_within_state
CS2_35,degradation_dynamics,Medium,48,HF4,Group_DischargeIC,-0.1673951620121659,0.2577777852753882,170,True,feature_common_within_state
CS2_35,degradation_dynamics,Medium,48,HF5,Group_DischargeIC,-0.1812215284211917,0.2577777852753882,170,True,feature_common_within_state
CS2_35,degradation_dynamics,Medium,48,HF6,Group_DischargeIC,-0.4247166653928069,0.2577777852753882,170,True,feature_common_within_state
CS2_35,degradation_dynamics,Medium,48,HF7,Group_CC,-0.33327590966051324,0.3286795172600617,170,True,feature_common_within_state
CS2_35,degradation_dynamics,Medium,48,HF8,Group_CV,0.5073436804614271,0.5029314590163151,170,True,feature_common_within_state
CS2_35,degradation_dynamics,Fast,48,HF1,Group_CC,-0.16922484481832906,0.1827696139380478,68,True,feature_common_within_state
CS2_35,degradation_dynamics,Fast,48,HF2,Group_CV,0.33399570000024,0.3300061069040289,68,True,feature_common_within_state
CS2_35,degradation_dynamics,Fast,48,HF3,Group_EnergyEfficiency,-0.18451360845424597,0.18451360845424597,68,True,feature_common_within_state
CS2_35,degradation_dynamics,Fast,48,HF4,Group_DischargeIC,-0.11038805299248139,0.1514340376937289,68,True,feature_common_within_state
CS2_35,degradation_dynamics,Fast,48,HF5,Group_DischargeIC,-0.15867456296667443,0.1514340376937289,68,True,feature_common_within_state
CS2_35,degradation_dynamics,Fast,48,HF6,Group_DischargeIC,-0.18523949712203092,0.1514340376937289,68,True,feature_common_within_state
CS2_35,degradation_dynamics,Fast,48,HF7,Group_CC,-0.19631438305776658,0.1827696139380478,68,True,feature_common_within_state
CS2_35,degradation_dynamics,Fast,48,HF8,Group_CV,0.3260165138078177,0.3300061069040289,68,True,feature_common_within_state
CS2_35,cycle_position,Early-life,48,HF1,Group_CC,0.0900347466680959,0.09038236473389549,321,True,feature_common_within_state
CS2_35,cycle_position,Early-life,48,HF2,Group_CV,-0.1361999999434491,0.13311950960600538,321,True,feature_common_within_state
CS2_35,cycle_position,Early-life,48,HF3,Group_EnergyEfficiency,-0.025483397928771495,0.025483397928771495,321,True,feature_common_within_state
CS2_35,cycle_position,Early-life,48,HF4,Group_DischargeIC,0.10572880660575375,0.14713862876287134,321,True,feature_common_within_state
CS2_35,cycle_position,Early-life,48,HF5,Group_DischargeIC,-0.11265723696070172,0.14713862876287134,321,True,feature_common_within_state
CS2_35,cycle_position,Early-life,48,HF6,Group_DischargeIC,0.22302984272215862,0.14713862876287134,321,True,feature_common_within_state
CS2_35,cycle_position,Early-life,48,HF7,Group_CC,0.09072998279969509,0.09038236473389549,321,True,feature_common_within_state
CS2_35,cycle_position,Early-life,48,HF8,Group_CV,-0.13003901926856168,0.13311950960600538,321,True,feature_common_within_state
CS2_35,cycle_position,Mid-life,48,HF1,Group_CC,-0.09757432891289522,0.10054348199302732,251,True,feature_common_within_state
CS2_35,cycle_position,Mid-life,48,HF2,Group_CV,0.41707333501220534,0.42989437495855026,251,True,feature_common_within_state
CS2_35,cycle_position,Mid-life,48,HF3,Group_EnergyEfficiency,0.03695773754871802,0.03695773754871802,251,True,feature_common_within_state
CS2_35,cycle_position,Mid-life,48,HF4,Group_DischargeIC,-0.16653711060149184,0.2063966188799923,251,True,feature_common_within_state
CS2_35,cycle_position,Mid-life,48,HF5,Group_DischargeIC,-0.10315583124583895,0.2063966188799923,251,True,feature_common_within_state
CS2_35,cycle_position,Mid-life,48,HF6,Group_DischargeIC,-0.34949691479264616,0.2063966188799923,251,True,feature_common_within_state
CS2_35,cycle_position,Mid-life,48,HF7,Group_CC,-0.1035126350731594,0.10054348199302732,251,True,feature_common_within_state
CS2_35,cycle_position,Mid-life,48,HF8,Group_CV,0.4427154149048952,0.42989437495855026,251,True,feature_common_within_state
CS2_35,cycle_position,Late-life,48,HF1,Group_CC,,,1,False,feature_common_within_state
CS2_35,cycle_position,Late-life,48,HF2,Group_CV,,,1,False,feature_common_within_state
CS2_35,cycle_position,Late-life,48,HF3,Group_EnergyEfficiency,,,1,False,feature_common_within_state
CS2_35,cycle_position,Late-life,48,HF4,Group_DischargeIC,,,1,False,feature_common_within_state
CS2_35,cycle_position,Late-life,48,HF5,Group_DischargeIC,,,1,False,feature_common_within_state
CS2_35,cycle_position,Late-life,48,HF6,Group_DischargeIC,,,1,False,feature_common_within_state
CS2_35,cycle_position,Late-life,48,HF7,Group_CC,,,1,False,feature_common_within_state
CS2_35,cycle_position,Late-life,48,HF8,Group_CV,,,1,False,feature_common_within_state
CS2_35,soh_level,Early,64,HF1,Group_CC,0.0348028091457196,0.03252337687096435,522,True,feature_common_within_state
CS2_35,soh_level,Early,64,HF2,Group_CV,-0.01056677976618231,0.03632160712688256,522,True,feature_common_within_state
CS2_35,soh_level,Early,64,HF3,Group_EnergyEfficiency,-0.027251529999331305,0.027251529999331305,522,True,feature_common_within_state
CS2_35,soh_level,Early,64,HF4,Group_DischargeIC,0.04501624606612903,0.16331087426882918,522,True,feature_common_within_state
CS2_35,soh_level,Early,64,HF5,Group_DischargeIC,-0.3754213308017297,0.16331087426882918,522,True,feature_common_within_state
CS2_35,soh_level,Early,64,HF6,Group_DischargeIC,-0.0694950459386288,0.16331087426882918,522,True,feature_common_within_state
CS2_35,soh_level,Early,64,HF7,Group_CC,0.0302439445962091,0.03252337687096435,522,True,feature_common_within_state
CS2_35,soh_level,Early,64,HF8,Group_CV,-0.06207643448758281,0.03632160712688256,522,True,feature_common_within_state
CS2_35,soh_level,Middle,64,HF1,Group_CC,-0.2626843952406881,0.26416136307984334,51,True,feature_common_within_state
CS2_35,soh_level,Middle,64,HF2,Group_CV,0.2868021056778507,0.27258430489848295,51,True,feature_common_within_state
CS2_35,soh_level,Middle,64,HF3,Group_EnergyEfficiency,0.09278311138116864,0.09278311138116864,51,True,feature_common_within_state
CS2_35,soh_level,Middle,64,HF4,Group_DischargeIC,-0.003435313247646555,0.10089007642800703,51,True,feature_common_within_state
CS2_35,soh_level,Middle,64,HF5,Group_DischargeIC,0.15750063702524528,0.10089007642800703,51,True,feature_common_within_state
CS2_35,soh_level,Middle,64,HF6,Group_DischargeIC,-0.14173427901112925,0.10089007642800703,51,True,feature_common_within_state
CS2_35,soh_level,Middle,64,HF7,Group_CC,-0.2656383309189986,0.26416136307984334,51,True,feature_common_within_state
CS2_35,soh_level,Middle,64,HF8,Group_CV,0.25836650411911516,0.27258430489848295,51,True,feature_common_within_state
CS2_35,soh_level,Late,64,HF1,Group_CC,,,0,False,feature_common_within_state
CS2_35,soh_level,Late,64,HF2,Group_CV,,,0,False,feature_common_within_state
CS2_35,soh_level,Late,64,HF3,Group_EnergyEfficiency,,,0,False,feature_common_within_state
CS2_35,soh_level,Late,64,HF4,Group_DischargeIC,,,0,False,feature_common_within_state
CS2_35,soh_level,Late,64,HF5,Group_DischargeIC,,,0,False,feature_common_within_state
CS2_35,soh_level,Late,64,HF6,Group_DischargeIC,,,0,False,feature_common_within_state
CS2_35,soh_level,Late,64,HF7,Group_CC,,,0,False,feature_common_within_state
CS2_35,soh_level,Late,64,HF8,Group_CV,,,0,False,feature_common_within_state
CS2_35,degradation_dynamics,Slow,64,HF1,Group_CC,-0.12542900178118022,0.13549942062155768,242,True,feature_common_within_state
CS2_35,degradation_dynamics,Slow,64,HF2,Group_CV,0.20108354340483073,0.16308002017884562,242,True,feature_common_within_state
CS2_35,degradation_dynamics,Slow,64,HF3,Group_EnergyEfficiency,-0.06967719375087653,0.06967719375087653,242,True,feature_common_within_state
CS2_35,degradation_dynamics,Slow,64,HF4,Group_DischargeIC,0.1726856903175929,0.22349595841357975,242,True,feature_common_within_state
CS2_35,degradation_dynamics,Slow,64,HF5,Group_DischargeIC,-0.21054263759230027,0.22349595841357975,242,True,feature_common_within_state
CS2_35,degradation_dynamics,Slow,64,HF6,Group_DischargeIC,-0.2872595473308461,0.22349595841357975,242,True,feature_common_within_state
CS2_35,degradation_dynamics,Slow,64,HF7,Group_CC,-0.14556983946193516,0.13549942062155768,242,True,feature_common_within_state
CS2_35,degradation_dynamics,Slow,64,HF8,Group_CV,0.12507649695286052,0.16308002017884562,242,True,feature_common_within_state
CS2_35,degradation_dynamics,Medium,64,HF1,Group_CC,-0.3399751008451216,0.34620201298863545,170,True,feature_common_within_state
CS2_35,degradation_dynamics,Medium,64,HF2,Group_CV,0.4957353947510296,0.4888323485326327,170,True,feature_common_within_state
CS2_35,degradation_dynamics,Medium,64,HF3,Group_EnergyEfficiency,-0.31102133186020536,0.31102133186020536,170,True,feature_common_within_state
CS2_35,degradation_dynamics,Medium,64,HF4,Group_DischargeIC,-0.23975945317926745,0.3246143866856876,170,True,feature_common_within_state
CS2_35,degradation_dynamics,Medium,64,HF5,Group_DischargeIC,-0.2661937031154386,0.3246143866856876,170,True,feature_common_within_state
CS2_35,degradation_dynamics,Medium,64,HF6,Group_DischargeIC,-0.4678900037623567,0.3246143866856876,170,True,feature_common_within_state
CS2_35,degradation_dynamics,Medium,64,HF7,Group_CC,-0.3524289251321493,0.34620201298863545,170,True,feature_common_within_state
CS2_35,degradation_dynamics,Medium,64,HF8,Group_CV,0.48192930231423575,0.4888323485326327,170,True,feature_common_within_state
CS2_35,degradation_dynamics,Fast,64,HF1,Group_CC,-0.0030925080504995844,0.015422764388463253,68,True,feature_common_within_state
CS2_35,degradation_dynamics,Fast,64,HF2,Group_CV,0.2335683983281017,0.19300430331888307,68,True,feature_common_within_state
CS2_35,degradation_dynamics,Fast,64,HF3,Group_EnergyEfficiency,-0.27850427754037116,0.27850427754037116,68,True,feature_common_within_state
CS2_35,degradation_dynamics,Fast,64,HF4,Group_DischargeIC,-0.12695829805991155,0.24262730498377735,68,True,feature_common_within_state
CS2_35,degradation_dynamics,Fast,64,HF5,Group_DischargeIC,-0.3214372113663718,0.24262730498377735,68,True,feature_common_within_state
CS2_35,degradation_dynamics,Fast,64,HF6,Group_DischargeIC,-0.27948640552504866,0.24262730498377735,68,True,feature_common_within_state
CS2_35,degradation_dynamics,Fast,64,HF7,Group_CC,-0.027753020726426922,0.015422764388463253,68,True,feature_common_within_state
CS2_35,degradation_dynamics,Fast,64,HF8,Group_CV,0.15244020830966448,0.19300430331888307,68,True,feature_common_within_state
CS2_35,cycle_position,Early-life,64,HF1,Group_CC,0.09738516906667696,0.09636958266345985,321,True,feature_common_within_state
CS2_35,cycle_position,Early-life,64,HF2,Group_CV,-0.17094087485091067,0.16136899497414559,321,True,feature_common_within_state
CS2_35,cycle_position,Early-life,64,HF3,Group_EnergyEfficiency,-0.02014783810330806,0.02014783810330806,321,True,feature_common_within_state
CS2_35,cycle_position,Early-life,64,HF4,Group_DischargeIC,0.06418238200973002,0.15008203658753952,321,True,feature_common_within_state
CS2_35,cycle_position,Early-life,64,HF5,Group_DischargeIC,-0.15778192280591077,0.15008203658753952,321,True,feature_common_within_state
CS2_35,cycle_position,Early-life,64,HF6,Group_DischargeIC,0.2282818049469778,0.15008203658753952,321,True,feature_common_within_state
CS2_35,cycle_position,Early-life,64,HF7,Group_CC,0.09535399626024273,0.09636958266345985,321,True,feature_common_within_state
CS2_35,cycle_position,Early-life,64,HF8,Group_CV,-0.15179711509738053,0.16136899497414559,321,True,feature_common_within_state
CS2_35,cycle_position,Mid-life,64,HF1,Group_CC,-0.09587801000281543,0.09998358821621271,251,True,feature_common_within_state
CS2_35,cycle_position,Mid-life,64,HF2,Group_CV,0.5153204235067705,0.5153764535976242,251,True,feature_common_within_state
CS2_35,cycle_position,Mid-life,64,HF3,Group_EnergyEfficiency,0.013909751258004675,0.013909751258004675,251,True,feature_common_within_state
CS2_35,cycle_position,Mid-life,64,HF4,Group_DischargeIC,-0.18561258902490416,0.2523092016220971,251,True,feature_common_within_state
CS2_35,cycle_position,Mid-life,64,HF5,Group_DischargeIC,-0.14677625095097824,0.2523092016220971,251,True,feature_common_within_state
CS2_35,cycle_position,Mid-life,64,HF6,Group_DischargeIC,-0.42453876489040876,0.2523092016220971,251,True,feature_common_within_state
CS2_35,cycle_position,Mid-life,64,HF7,Group_CC,-0.10408916642961,0.09998358821621271,251,True,feature_common_within_state
CS2_35,cycle_position,Mid-life,64,HF8,Group_CV,0.5154324836884779,0.5153764535976242,251,True,feature_common_within_state
CS2_35,cycle_position,Late-life,64,HF1,Group_CC,,,1,False,feature_common_within_state
CS2_35,cycle_position,Late-life,64,HF2,Group_CV,,,1,False,feature_common_within_state
CS2_35,cycle_position,Late-life,64,HF3,Group_EnergyEfficiency,,,1,False,feature_common_within_state
CS2_35,cycle_position,Late-life,64,HF4,Group_DischargeIC,,,1,False,feature_common_within_state
CS2_35,cycle_position,Late-life,64,HF5,Group_DischargeIC,,,1,False,feature_common_within_state
CS2_35,cycle_position,Late-life,64,HF6,Group_DischargeIC,,,1,False,feature_common_within_state
CS2_35,cycle_position,Late-life,64,HF7,Group_CC,,,1,False,feature_common_within_state
CS2_35,cycle_position,Late-life,64,HF8,Group_CV,,,1,False,feature_common_within_state
CS2_36,soh_level,Early,1,HF1,Group_CC,0.0011257460469531523,0.0013219598123885656,513,True,feature_common_within_state
CS2_36,soh_level,Early,1,HF2,Group_CV,-0.03339670847214062,0.03547833299535749,513,True,feature_common_within_state
CS2_36,soh_level,Early,1,HF3,Group_EnergyEfficiency,0.002772974001687837,0.002772974001687837,513,True,feature_common_within_state
CS2_36,soh_level,Early,1,HF4,Group_DischargeIC,-0.03360612862811716,0.033035750368995496,513,True,feature_common_within_state
CS2_36,soh_level,Early,1,HF5,Group_DischargeIC,0.02192696119883134,0.033035750368995496,513,True,feature_common_within_state
CS2_36,soh_level,Early,1,HF6,Group_DischargeIC,0.043574161280037986,0.033035750368995496,513,True,feature_common_within_state
CS2_36,soh_level,Early,1,HF7,Group_CC,0.001518173577823979,0.0013219598123885656,513,True,feature_common_within_state
CS2_36,soh_level,Early,1,HF8,Group_CV,-0.03755995751857436,0.03547833299535749,513,True,feature_common_within_state
CS2_36,soh_level,Middle,1,HF1,Group_CC,-0.0303717370187519,0.03142679692181505,94,True,feature_common_within_state
CS2_36,soh_level,Middle,1,HF2,Group_CV,-0.005149586069593712,0.02449825113514675,94,True,feature_common_within_state
CS2_36,soh_level,Middle,1,HF3,Group_EnergyEfficiency,0.027510945942861607,0.027510945942861607,94,True,feature_common_within_state
CS2_36,soh_level,Middle,1,HF4,Group_DischargeIC,0.09397688618947223,0.13419987565389127,94,True,feature_common_within_state
CS2_36,soh_level,Middle,1,HF5,Group_DischargeIC,0.17034646394937905,0.13419987565389127,94,True,feature_common_within_state
CS2_36,soh_level,Middle,1,HF6,Group_DischargeIC,0.1382762768228225,0.13419987565389127,94,True,feature_common_within_state
CS2_36,soh_level,Middle,1,HF7,Group_CC,-0.03248185682487819,0.03142679692181505,94,True,feature_common_within_state
CS2_36,soh_level,Middle,1,HF8,Group_CV,-0.04384691620069979,0.02449825113514675,94,True,feature_common_within_state
CS2_36,soh_level,Late,1,HF1,Group_CC,,,0,False,feature_common_within_state
CS2_36,soh_level,Late,1,HF2,Group_CV,,,0,False,feature_common_within_state
CS2_36,soh_level,Late,1,HF3,Group_EnergyEfficiency,,,0,False,feature_common_within_state
CS2_36,soh_level,Late,1,HF4,Group_DischargeIC,,,0,False,feature_common_within_state
CS2_36,soh_level,Late,1,HF5,Group_DischargeIC,,,0,False,feature_common_within_state
CS2_36,soh_level,Late,1,HF6,Group_DischargeIC,,,0,False,feature_common_within_state
CS2_36,soh_level,Late,1,HF7,Group_CC,,,0,False,feature_common_within_state
CS2_36,soh_level,Late,1,HF8,Group_CV,,,0,False,feature_common_within_state
CS2_36,degradation_dynamics,Slow,1,HF1,Group_CC,0.04174224657369546,0.03990122145565228,216,True,feature_common_within_state
CS2_36,degradation_dynamics,Slow,1,HF2,Group_CV,-0.07236331440030865,0.07150936217628498,216,True,feature_common_within_state
CS2_36,degradation_dynamics,Slow,1,HF3,Group_EnergyEfficiency,0.06909987334756566,0.06909987334756566,216,True,feature_common_within_state
CS2_36,degradation_dynamics,Slow,1,HF4,Group_DischargeIC,0.006389519861720792,0.06376828213778345,216,True,feature_common_within_state
CS2_36,degradation_dynamics,Slow,1,HF5,Group_DischargeIC,-0.028479763502621908,0.06376828213778345,216,True,feature_common_within_state
CS2_36,degradation_dynamics,Slow,1,HF6,Group_DischargeIC,0.15643556304900766,0.06376828213778345,216,True,feature_common_within_state
CS2_36,degradation_dynamics,Slow,1,HF7,Group_CC,0.03806019633760909,0.03990122145565228,216,True,feature_common_within_state
CS2_36,degradation_dynamics,Slow,1,HF8,Group_CV,-0.0706554099522613,0.07150936217628498,216,True,feature_common_within_state
CS2_36,degradation_dynamics,Medium,1,HF1,Group_CC,-0.03957354695209589,0.04522151337616047,171,True,feature_common_within_state
CS2_36,degradation_dynamics,Medium,1,HF2,Group_CV,0.11657229461179192,0.11451471609428632,171,True,feature_common_within_state
CS2_36,degradation_dynamics,Medium,1,HF3,Group_EnergyEfficiency,-0.13342186274279144,0.13342186274279144,171,True,feature_common_within_state
CS2_36,degradation_dynamics,Medium,1,HF4,Group_DischargeIC,-0.13825914895990643,0.13204931906526488,171,True,feature_common_within_state
CS2_36,degradation_dynamics,Medium,1,HF5,Group_DischargeIC,-0.1405638948172194,0.13204931906526488,171,True,feature_common_within_state
CS2_36,degradation_dynamics,Medium,1,HF6,Group_DischargeIC,-0.11732491341866873,0.13204931906526488,171,True,feature_common_within_state
CS2_36,degradation_dynamics,Medium,1,HF7,Group_CC,-0.05086947980022504,0.04522151337616047,171,True,feature_common_within_state
CS2_36,degradation_dynamics,Medium,1,HF8,Group_CV,0.11245713757678072,0.11451471609428632,171,True,feature_common_within_state
CS2_36,degradation_dynamics,Fast,1,HF1,Group_CC,-0.008291351506931662,0.008104523555101228,112,True,feature_common_within_state
CS2_36,degradation_dynamics,Fast,1,HF2,Group_CV,-0.004753763907026161,0.014188735730692065,112,True,feature_common_within_state
CS2_36,degradation_dynamics,Fast,1,HF3,Group_EnergyEfficiency,0.01202473254200243,0.01202473254200243,112,True,feature_common_within_state
CS2_36,degradation_dynamics,Fast,1,HF4,Group_DischargeIC,-0.009936389526497183,0.05512757562440777,112,True,feature_common_within_state
CS2_36,degradation_dynamics,Fast,1,HF5,Group_DischargeIC,0.11032023482924808,0.05512757562440777,112,True,feature_common_within_state
CS2_36,degradation_dynamics,Fast,1,HF6,Group_DischargeIC,-0.04512610251747806,0.05512757562440777,112,True,feature_common_within_state
CS2_36,degradation_dynamics,Fast,1,HF7,Group_CC,-0.007917695603270793,0.008104523555101228,112,True,feature_common_within_state
CS2_36,degradation_dynamics,Fast,1,HF8,Group_CV,-0.02362370755435797,0.014188735730692065,112,True,feature_common_within_state
CS2_36,cycle_position,Early-life,1,HF1,Group_CC,-0.005660945300149801,0.005251339351136565,318,True,feature_common_within_state
CS2_36,cycle_position,Early-life,1,HF2,Group_CV,-0.06435238137694516,0.06499896654519957,318,True,feature_common_within_state
CS2_36,cycle_position,Early-life,1,HF3,Group_EnergyEfficiency,0.008873718613168484,0.008873718613168484,318,True,feature_common_within_state
CS2_36,cycle_position,Early-life,1,HF4,Group_DischargeIC,-0.023325402411816677,0.04610058755641472,318,True,feature_common_within_state
CS2_36,cycle_position,Early-life,1,HF5,Group_DischargeIC,0.026748584782074734,0.04610058755641472,318,True,feature_common_within_state
CS2_36,cycle_position,Early-life,1,HF6,Group_DischargeIC,0.08822777547535275,0.04610058755641472,318,True,feature_common_within_state
CS2_36,cycle_position,Early-life,1,HF7,Group_CC,-0.004841733402123328,0.005251339351136565,318,True,feature_common_within_state
CS2_36,cycle_position,Early-life,1,HF8,Group_CV,-0.065645551713454,0.06499896654519957,318,True,feature_common_within_state
CS2_36,cycle_position,Mid-life,1,HF1,Group_CC,0.023954718432179396,0.022311443420699715,259,True,feature_common_within_state
CS2_36,cycle_position,Mid-life,1,HF2,Group_CV,0.11462078245279374,0.10828922296408847,259,True,feature_common_within_state
CS2_36,cycle_position,Mid-life,1,HF3,Group_EnergyEfficiency,-0.03761087199984969,0.03761087199984969,259,True,feature_common_within_state
CS2_36,cycle_position,Mid-life,1,HF4,Group_DischargeIC,-0.07083865174674382,0.07465771275163928,259,True,feature_common_within_state
CS2_36,cycle_position,Mid-life,1,HF5,Group_DischargeIC,-0.037802159889730694,0.07465771275163928,259,True,feature_common_within_state
CS2_36,cycle_position,Mid-life,1,HF6,Group_DischargeIC,-0.11533232661844331,0.07465771275163928,259,True,feature_common_within_state
CS2_36,cycle_position,Mid-life,1,HF7,Group_CC,0.020668168409220034,0.022311443420699715,259,True,feature_common_within_state
CS2_36,cycle_position,Mid-life,1,HF8,Group_CV,0.1019576634753832,0.10828922296408847,259,True,feature_common_within_state
CS2_36,cycle_position,Late-life,1,HF1,Group_CC,-0.110246707308901,0.1095512226485646,30,True,feature_common_within_state
CS2_36,cycle_position,Late-life,1,HF2,Group_CV,0.09492087440534967,0.054761439352257996,30,True,feature_common_within_state
CS2_36,cycle_position,Late-life,1,HF3,Group_EnergyEfficiency,0.062466244911186866,0.062466244911186866,30,True,feature_common_within_state
CS2_36,cycle_position,Late-life,1,HF4,Group_DischargeIC,0.17778092187423955,0.2623127663358421,30,True,feature_common_within_state
CS2_36,cycle_position,Late-life,1,HF5,Group_DischargeIC,0.41183533638233816,0.2623127663358421,30,True,feature_common_within_state
CS2_36,cycle_position,Late-life,1,HF6,Group_DischargeIC,0.19732204075094859,0.2623127663358421,30,True,feature_common_within_state
CS2_36,cycle_position,Late-life,1,HF7,Group_CC,-0.1088557379882282,0.1095512226485646,30,True,feature_common_within_state
CS2_36,cycle_position,Late-life,1,HF8,Group_CV,0.014602004299166324,0.054761439352257996,30,True,feature_common_within_state
CS2_36,soh_level,Early,4,HF1,Group_CC,-0.022165039587951803,0.02268501039186479,513,True,feature_common_within_state
CS2_36,soh_level,Early,4,HF2,Group_CV,0.04623739102856076,0.03837419199809642,513,True,feature_common_within_state
CS2_36,soh_level,Early,4,HF3,Group_EnergyEfficiency,0.014156949010402126,0.014156949010402126,513,True,feature_common_within_state
CS2_36,soh_level,Early,4,HF4,Group_DischargeIC,0.030871634630377242,0.0480352024115869,513,True,feature_common_within_state
CS2_36,soh_level,Early,4,HF5,Group_DischargeIC,0.05536836404844018,0.0480352024115869,513,True,feature_common_within_state
CS2_36,soh_level,Early,4,HF6,Group_DischargeIC,-0.05786560855594328,0.0480352024115869,513,True,feature_common_within_state
CS2_36,soh_level,Early,4,HF7,Group_CC,-0.023204981195777775,0.02268501039186479,513,True,feature_common_within_state
CS2_36,soh_level,Early,4,HF8,Group_CV,0.03051099296763208,0.03837419199809642,513,True,feature_common_within_state
CS2_36,soh_level,Middle,4,HF1,Group_CC,0.17000562909368028,0.1674806613369405,93,True,feature_common_within_state
CS2_36,soh_level,Middle,4,HF2,Group_CV,-0.04505273289571804,0.032463390243721635,93,True,feature_common_within_state
CS2_36,soh_level,Middle,4,HF3,Group_EnergyEfficiency,-0.16384371739894418,0.16384371739894418,93,True,feature_common_within_state
CS2_36,soh_level,Middle,4,HF4,Group_DischargeIC,-3.9084963337075035e-05,0.02580309626068612,93,True,feature_common_within_state
CS2_36,soh_level,Middle,4,HF5,Group_DischargeIC,-0.0334493099250183,0.02580309626068612,93,True,feature_common_within_state
CS2_36,soh_level,Middle,4,HF6,Group_DischargeIC,0.043920893893702975,0.02580309626068612,93,True,feature_common_within_state
CS2_36,soh_level,Middle,4,HF7,Group_CC,0.16495569358020076,0.1674806613369405,93,True,feature_common_within_state
CS2_36,soh_level,Middle,4,HF8,Group_CV,-0.019874047591725237,0.032463390243721635,93,True,feature_common_within_state
CS2_36,soh_level,Late,4,HF1,Group_CC,,,0,False,feature_common_within_state
CS2_36,soh_level,Late,4,HF2,Group_CV,,,0,False,feature_common_within_state
CS2_36,soh_level,Late,4,HF3,Group_EnergyEfficiency,,,0,False,feature_common_within_state
CS2_36,soh_level,Late,4,HF4,Group_DischargeIC,,,0,False,feature_common_within_state
CS2_36,soh_level,Late,4,HF5,Group_DischargeIC,,,0,False,feature_common_within_state
CS2_36,soh_level,Late,4,HF6,Group_DischargeIC,,,0,False,feature_common_within_state
CS2_36,soh_level,Late,4,HF7,Group_CC,,,0,False,feature_common_within_state
CS2_36,soh_level,Late,4,HF8,Group_CV,,,0,False,feature_common_within_state
CS2_36,degradation_dynamics,Slow,4,HF1,Group_CC,-0.043120277605464226,0.04536276274406062,215,True,feature_common_within_state
CS2_36,degradation_dynamics,Slow,4,HF2,Group_CV,0.0013648935495873386,0.0019791988929686354,215,True,feature_common_within_state
CS2_36,degradation_dynamics,Slow,4,HF3,Group_EnergyEfficiency,0.04308300425433062,0.04308300425433062,215,True,feature_common_within_state
CS2_36,degradation_dynamics,Slow,4,HF4,Group_DischargeIC,0.1551218434767721,0.14450736791790494,215,True,feature_common_within_state
CS2_36,degradation_dynamics,Slow,4,HF5,Group_DischargeIC,0.21263853321057408,0.14450736791790494,215,True,feature_common_within_state
CS2_36,degradation_dynamics,Slow,4,HF6,Group_DischargeIC,0.06576172706636864,0.14450736791790494,215,True,feature_common_within_state
CS2_36,degradation_dynamics,Slow,4,HF7,Group_CC,-0.047605247882657006,0.04536276274406062,215,True,feature_common_within_state
CS2_36,degradation_dynamics,Slow,4,HF8,Group_CV,-0.002593504236349932,0.0019791988929686354,215,True,feature_common_within_state
CS2_36,degradation_dynamics,Medium,4,HF1,Group_CC,-0.0048757531198638255,0.008691929271840364,171,True,feature_common_within_state
CS2_36,degradation_dynamics,Medium,4,HF2,Group_CV,0.06436648418939762,0.055286470004879115,171,True,feature_common_within_state
CS2_36,degradation_dynamics,Medium,4,HF3,Group_EnergyEfficiency,-0.09417039451697586,0.09417039451697586,171,True,feature_common_within_state
CS2_36,degradation_dynamics,Medium,4,HF4,Group_DischargeIC,-0.011164971923554208,0.06416416853401487,171,True,feature_common_within_state
CS2_36,degradation_dynamics,Medium,4,HF5,Group_DischargeIC,-0.05413219058625926,0.06416416853401487,171,True,feature_common_within_state
CS2_36,degradation_dynamics,Medium,4,HF6,Group_DischargeIC,-0.12719534309223116,0.06416416853401487,171,True,feature_common_within_state
CS2_36,degradation_dynamics,Medium,4,HF7,Group_CC,-0.012508105423816904,0.008691929271840364,171,True,feature_common_within_state
CS2_36,degradation_dynamics,Medium,4,HF8,Group_CV,0.04620645582036061,0.055286470004879115,171,True,feature_common_within_state
CS2_36,degradation_dynamics,Fast,4,HF1,Group_CC,-0.03142263608819461,0.03183671751064924,112,True,feature_common_within_state
CS2_36,degradation_dynamics,Fast,4,HF2,Group_CV,0.12281536328717439,0.11446181435963546,112,True,feature_common_within_state
CS2_36,degradation_dynamics,Fast,4,HF3,Group_EnergyEfficiency,0.024734288110587706,0.024734288110587706,112,True,feature_common_within_state
CS2_36,degradation_dynamics,Fast,4,HF4,Group_DischargeIC,-0.04378067164088005,0.0838485070309674,112,True,feature_common_within_state
CS2_36,degradation_dynamics,Fast,4,HF5,Group_DischargeIC,-0.028105654916273495,0.0838485070309674,112,True,feature_common_within_state
CS2_36,degradation_dynamics,Fast,4,HF6,Group_DischargeIC,-0.1796591945357486,0.0838485070309674,112,True,feature_common_within_state
CS2_36,degradation_dynamics,Fast,4,HF7,Group_CC,-0.03225079893310387,0.03183671751064924,112,True,feature_common_within_state
CS2_36,degradation_dynamics,Fast,4,HF8,Group_CV,0.10610826543209653,0.11446181435963546,112,True,feature_common_within_state
CS2_36,cycle_position,Early-life,4,HF1,Group_CC,-0.020354916090592545,0.020535159450540467,318,True,feature_common_within_state
CS2_36,cycle_position,Early-life,4,HF2,Group_CV,0.007530632823533903,0.0047350800493195806,318,True,feature_common_within_state
CS2_36,cycle_position,Early-life,4,HF3,Group_EnergyEfficiency,0.01437450498365564,0.01437450498365564,318,True,feature_common_within_state
CS2_36,cycle_position,Early-life,4,HF4,Group_DischargeIC,0.045535883997016795,0.059499544174723064,318,True,feature_common_within_state
CS2_36,cycle_position,Early-life,4,HF5,Group_DischargeIC,0.11778320178753379,0.059499544174723064,318,True,feature_common_within_state
CS2_36,cycle_position,Early-life,4,HF6,Group_DischargeIC,0.01517954673961859,0.059499544174723064,318,True,feature_common_within_state
CS2_36,cycle_position,Early-life,4,HF7,Group_CC,-0.02071540281048839,0.020535159450540467,318,True,feature_common_within_state
CS2_36,cycle_position,Early-life,4,HF8,Group_CV,0.001939527275105258,0.0047350800493195806,318,True,feature_common_within_state
CS2_36,cycle_position,Mid-life,4,HF1,Group_CC,-0.017490704184507225,0.018222656640153524,259,True,feature_common_within_state
CS2_36,cycle_position,Mid-life,4,HF2,Group_CV,0.07352340602818688,0.06940775980895972,259,True,feature_common_within_state
CS2_36,cycle_position,Mid-life,4,HF3,Group_EnergyEfficiency,0.01279141178556226,0.01279141178556226,259,True,feature_common_within_state
CS2_36,cycle_position,Mid-life,4,HF4,Group_DischargeIC,-0.0766181260266696,0.10439379507662765,259,True,feature_common_within_state
CS2_36,cycle_position,Mid-life,4,HF5,Group_DischargeIC,-0.09992815888078768,0.10439379507662765,259,True,feature_common_within_state
CS2_36,cycle_position,Mid-life,4,HF6,Group_DischargeIC,-0.13663510032242562,0.10439379507662765,259,True,feature_common_within_state
CS2_36,cycle_position,Mid-life,4,HF7,Group_CC,-0.01895460909579982,0.018222656640153524,259,True,feature_common_within_state
CS2_36,cycle_position,Mid-life,4,HF8,Group_CV,0.06529211358973257,0.06940775980895972,259,True,feature_common_within_state
CS2_36,cycle_position,Late-life,4,HF1,Group_CC,0.3541938871739889,0.3529654544183103,29,False,feature_common_within_state
CS2_36,cycle_position,Late-life,4,HF2,Group_CV,0.094958141068914,0.1220939695730017,29,False,feature_common_within_state
CS2_36,cycle_position,Late-life,4,HF3,Group_EnergyEfficiency,-0.406778543280953,0.406778543280953,29,False,feature_common_within_state
CS2_36,cycle_position,Late-life,4,HF4,Group_DischargeIC,-0.28388771809533103,0.2650815495880452,29,False,feature_common_within_state
CS2_36,cycle_position,Late-life,4,HF5,Group_DischargeIC,-0.2957362863118544,0.2650815495880452,29,False,feature_common_within_state
CS2_36,cycle_position,Late-life,4,HF6,Group_DischargeIC,-0.21562064435695016,0.2650815495880452,29,False,feature_common_within_state
CS2_36,cycle_position,Late-life,4,HF7,Group_CC,0.35173702166263165,0.3529654544183103,29,False,feature_common_within_state
CS2_36,cycle_position,Late-life,4,HF8,Group_CV,0.14922979807708942,0.1220939695730017,29,False,feature_common_within_state
CS2_36,soh_level,Early,8,HF1,Group_CC,-0.0011939725704222142,0.0014414709194487084,513,True,feature_common_within_state
CS2_36,soh_level,Early,8,HF2,Group_CV,0.03389515414753027,0.028649814223208826,513,True,feature_common_within_state
CS2_36,soh_level,Early,8,HF3,Group_EnergyEfficiency,-0.004658033820597603,0.004658033820597603,513,True,feature_common_within_state
CS2_36,soh_level,Early,8,HF4,Group_DischargeIC,-0.028142478501377702,0.038049299997631035,513,True,feature_common_within_state
CS2_36,soh_level,Early,8,HF5,Group_DischargeIC,-0.026043815825196392,0.038049299997631035,513,True,feature_common_within_state
CS2_36,soh_level,Early,8,HF6,Group_DischargeIC,-0.05996160566631901,0.038049299997631035,513,True,feature_common_within_state
CS2_36,soh_level,Early,8,HF7,Group_CC,-0.0016889692684752028,0.0014414709194487084,513,True,feature_common_within_state
CS2_36,soh_level,Early,8,HF8,Group_CV,0.02340447429888738,0.028649814223208826,513,True,feature_common_within_state
CS2_36,soh_level,Middle,8,HF1,Group_CC,0.19362532072299676,0.19154606987419903,94,True,feature_common_within_state
CS2_36,soh_level,Middle,8,HF2,Group_CV,0.07408519447454222,0.06405259598425714,94,True,feature_common_within_state
CS2_36,soh_level,Middle,8,HF3,Group_EnergyEfficiency,-0.2813817914760743,0.2813817914760743,94,True,feature_common_within_state
CS2_36,soh_level,Middle,8,HF4,Group_DischargeIC,-0.04938270702428975,0.036159449601551104,94,True,feature_common_within_state
CS2_36,soh_level,Middle,8,HF5,Group_DischargeIC,-0.025405970903972015,0.036159449601551104,94,True,feature_common_within_state
CS2_36,soh_level,Middle,8,HF6,Group_DischargeIC,-0.033689670876391534,0.036159449601551104,94,True,feature_common_within_state
CS2_36,soh_level,Middle,8,HF7,Group_CC,0.18946681902540127,0.19154606987419903,94,True,feature_common_within_state
CS2_36,soh_level,Middle,8,HF8,Group_CV,0.05401999749397206,0.06405259598425714,94,True,feature_common_within_state
CS2_36,soh_level,Late,8,HF1,Group_CC,,,0,False,feature_common_within_state
CS2_36,soh_level,Late,8,HF2,Group_CV,,,0,False,feature_common_within_state
CS2_36,soh_level,Late,8,HF3,Group_EnergyEfficiency,,,0,False,feature_common_within_state
CS2_36,soh_level,Late,8,HF4,Group_DischargeIC,,,0,False,feature_common_within_state
CS2_36,soh_level,Late,8,HF5,Group_DischargeIC,,,0,False,feature_common_within_state
CS2_36,soh_level,Late,8,HF6,Group_DischargeIC,,,0,False,feature_common_within_state
CS2_36,soh_level,Late,8,HF7,Group_CC,,,0,False,feature_common_within_state
CS2_36,soh_level,Late,8,HF8,Group_CV,,,0,False,feature_common_within_state
CS2_36,degradation_dynamics,Slow,8,HF1,Group_CC,-0.029583004969146162,0.026091131616277727,217,True,feature_common_within_state
CS2_36,degradation_dynamics,Slow,8,HF2,Group_CV,-0.021580230448036516,0.02394590316823568,217,True,feature_common_within_state
CS2_36,degradation_dynamics,Slow,8,HF3,Group_EnergyEfficiency,0.0748457511676188,0.0748457511676188,217,True,feature_common_within_state
CS2_36,degradation_dynamics,Slow,8,HF4,Group_DischargeIC,-0.056530663226505205,0.0272435395947568,217,True,feature_common_within_state
CS2_36,degradation_dynamics,Slow,8,HF5,Group_DischargeIC,-0.0008559922592472223,0.0272435395947568,217,True,feature_common_within_state
CS2_36,degradation_dynamics,Slow,8,HF6,Group_DischargeIC,-0.024343963298517984,0.0272435395947568,217,True,feature_common_within_state
CS2_36,degradation_dynamics,Slow,8,HF7,Group_CC,-0.022599258263409288,0.026091131616277727,217,True,feature_common_within_state
CS2_36,degradation_dynamics,Slow,8,HF8,Group_CV,-0.026311575888434843,0.02394590316823568,217,True,feature_common_within_state
CS2_36,degradation_dynamics,Medium,8,HF1,Group_CC,0.0033792071151239104,0.004190160023597233,171,True,feature_common_within_state
CS2_36,degradation_dynamics,Medium,8,HF2,Group_CV,0.07195749051620155,0.06838730379981106,171,True,feature_common_within_state
CS2_36,degradation_dynamics,Medium,8,HF3,Group_EnergyEfficiency,-0.11341346571721542,0.11341346571721542,171,True,feature_common_within_state
CS2_36,degradation_dynamics,Medium,8,HF4,Group_DischargeIC,-0.1002408402016255,0.0897475127686969,171,True,feature_common_within_state
CS2_36,degradation_dynamics,Medium,8,HF5,Group_DischargeIC,-0.0879677516189261,0.0897475127686969,171,True,feature_common_within_state
CS2_36,degradation_dynamics,Medium,8,HF6,Group_DischargeIC,-0.08103394648553908,0.0897475127686969,171,True,feature_common_within_state
CS2_36,degradation_dynamics,Medium,8,HF7,Group_CC,-0.0050011129320705556,0.004190160023597233,171,True,feature_common_within_state
CS2_36,degradation_dynamics,Medium,8,HF8,Group_CV,0.06481711708342058,0.06838730379981106,171,True,feature_common_within_state
CS2_36,degradation_dynamics,Fast,8,HF1,Group_CC,0.14173193023113476,0.14007827901311953,111,True,feature_common_within_state
CS2_36,degradation_dynamics,Fast,8,HF2,Group_CV,0.2483536993937561,0.22432812314926803,111,True,feature_common_within_state
CS2_36,degradation_dynamics,Fast,8,HF3,Group_EnergyEfficiency,-0.1632503643939689,0.1632503643939689,111,True,feature_common_within_state
CS2_36,degradation_dynamics,Fast,8,HF4,Group_DischargeIC,0.17237051476209606,0.1694272357290041,111,True,feature_common_within_state
CS2_36,degradation_dynamics,Fast,8,HF5,Group_DischargeIC,0.015355179606042168,0.1694272357290041,111,True,feature_common_within_state
CS2_36,degradation_dynamics,Fast,8,HF6,Group_DischargeIC,-0.3205560128188741,0.1694272357290041,111,True,feature_common_within_state
CS2_36,degradation_dynamics,Fast,8,HF7,Group_CC,0.13842462779510428,0.14007827901311953,111,True,feature_common_within_state
CS2_36,degradation_dynamics,Fast,8,HF8,Group_CV,0.20030254690477994,0.22432812314926803,111,True,feature_common_within_state
CS2_36,cycle_position,Early-life,8,HF1,Group_CC,-0.0071247663799375765,0.006953179965853455,318,True,feature_common_within_state
CS2_36,cycle_position,Early-life,8,HF2,Group_CV,-0.0011852412969964134,0.0035190919322385253,318,True,feature_common_within_state
CS2_36,cycle_position,Early-life,8,HF3,Group_EnergyEfficiency,0.006449038790499241,0.006449038790499241,318,True,feature_common_within_state
CS2_36,cycle_position,Early-life,8,HF4,Group_DischargeIC,-0.06959786054535554,0.04067840554519732,318,True,feature_common_within_state
CS2_36,cycle_position,Early-life,8,HF5,Group_DischargeIC,-0.02320107078945524,0.04067840554519732,318,True,feature_common_within_state
CS2_36,cycle_position,Early-life,8,HF6,Group_DischargeIC,-0.02923628530078118,0.04067840554519732,318,True,feature_common_within_state
CS2_36,cycle_position,Early-life,8,HF7,Group_CC,-0.006781593551769333,0.006953179965853455,318,True,feature_common_within_state
CS2_36,cycle_position,Early-life,8,HF8,Group_CV,-0.005852942567480637,0.0035190919322385253,318,True,feature_common_within_state
CS2_36,cycle_position,Mid-life,8,HF1,Group_CC,0.02971358131005229,0.02779503935458315,259,True,feature_common_within_state
CS2_36,cycle_position,Mid-life,8,HF2,Group_CV,0.2499954687123602,0.24792627651977792,259,True,feature_common_within_state
CS2_36,cycle_position,Mid-life,8,HF3,Group_EnergyEfficiency,-0.0631468275515551,0.0631468275515551,259,True,feature_common_within_state
CS2_36,cycle_position,Mid-life,8,HF4,Group_DischargeIC,-0.16337931342981968,0.2044198202357822,259,True,feature_common_within_state
CS2_36,cycle_position,Mid-life,8,HF5,Group_DischargeIC,-0.16090266046537507,0.2044198202357822,259,True,feature_common_within_state
CS2_36,cycle_position,Mid-life,8,HF6,Group_DischargeIC,-0.28897748681215185,0.2044198202357822,259,True,feature_common_within_state
CS2_36,cycle_position,Mid-life,8,HF7,Group_CC,0.025876497399114014,0.02779503935458315,259,True,feature_common_within_state
CS2_36,cycle_position,Mid-life,8,HF8,Group_CV,0.24585708432719564,0.24792627651977792,259,True,feature_common_within_state
CS2_36,cycle_position,Late-life,8,HF1,Group_CC,0.4146265664558334,0.41564541180800413,30,True,feature_common_within_state
CS2_36,cycle_position,Late-life,8,HF2,Group_CV,-0.03869537435729646,0.07391995383951355,30,True,feature_common_within_state
CS2_36,cycle_position,Late-life,8,HF3,Group_EnergyEfficiency,-0.47720027898810063,0.47720027898810063,30,True,feature_common_within_state
CS2_36,cycle_position,Late-life,8,HF4,Group_DischargeIC,0.05171442415691118,0.1670668318179304,30,True,feature_common_within_state
CS2_36,cycle_position,Late-life,8,HF5,Group_DischargeIC,0.3093824772967574,0.1670668318179304,30,True,feature_common_within_state
CS2_36,cycle_position,Late-life,8,HF6,Group_DischargeIC,0.14010359400012268,0.1670668318179304,30,True,feature_common_within_state
CS2_36,cycle_position,Late-life,8,HF7,Group_CC,0.41666425716017486,0.41564541180800413,30,True,feature_common_within_state
CS2_36,cycle_position,Late-life,8,HF8,Group_CV,-0.10914453332173066,0.07391995383951355,30,True,feature_common_within_state
CS2_36,soh_level,Early,12,HF1,Group_CC,-0.015740629261310594,0.015799828146314594,513,True,feature_common_within_state
CS2_36,soh_level,Early,12,HF2,Group_CV,0.04758267042485268,0.042421072882506225,513,True,feature_common_within_state
CS2_36,soh_level,Early,12,HF3,Group_EnergyEfficiency,0.012892127558235043,0.012892127558235043,513,True,feature_common_within_state
CS2_36,soh_level,Early,12,HF4,Group_DischargeIC,-0.025812184454766927,0.07022718076068232,513,True,feature_common_within_state
CS2_36,soh_level,Early,12,HF5,Group_DischargeIC,-0.07009400515345232,0.07022718076068232,513,True,feature_common_within_state
CS2_36,soh_level,Early,12,HF6,Group_DischargeIC,-0.11477535267382771,0.07022718076068232,513,True,feature_common_within_state
CS2_36,soh_level,Early,12,HF7,Group_CC,-0.01585902703131859,0.015799828146314594,513,True,feature_common_within_state
CS2_36,soh_level,Early,12,HF8,Group_CV,0.037259475340159776,0.042421072882506225,513,True,feature_common_within_state
CS2_36,soh_level,Middle,12,HF1,Group_CC,0.14375930686070795,0.13939852502387862,93,True,feature_common_within_state
CS2_36,soh_level,Middle,12,HF2,Group_CV,0.13432624420708547,0.12284370803632734,93,True,feature_common_within_state
CS2_36,soh_level,Middle,12,HF3,Group_EnergyEfficiency,-0.26431907825076567,0.26431907825076567,93,True,feature_common_within_state
CS2_36,soh_level,Middle,12,HF4,Group_DischargeIC,-0.10017458620315561,0.06066085380529696,93,True,feature_common_within_state
CS2_36,soh_level,Middle,12,HF5,Group_DischargeIC,-0.04796313247785753,0.06066085380529696,93,True,feature_common_within_state
CS2_36,soh_level,Middle,12,HF6,Group_DischargeIC,-0.033844842734877756,0.06066085380529696,93,True,feature_common_within_state
CS2_36,soh_level,Middle,12,HF7,Group_CC,0.13503774318704928,0.13939852502387862,93,True,feature_common_within_state
CS2_36,soh_level,Middle,12,HF8,Group_CV,0.11136117186556921,0.12284370803632734,93,True,feature_common_within_state
CS2_36,soh_level,Late,12,HF1,Group_CC,,,0,False,feature_common_within_state
CS2_36,soh_level,Late,12,HF2,Group_CV,,,0,False,feature_common_within_state
CS2_36,soh_level,Late,12,HF3,Group_EnergyEfficiency,,,0,False,feature_common_within_state
CS2_36,soh_level,Late,12,HF4,Group_DischargeIC,,,0,False,feature_common_within_state
CS2_36,soh_level,Late,12,HF5,Group_DischargeIC,,,0,False,feature_common_within_state
CS2_36,soh_level,Late,12,HF6,Group_DischargeIC,,,0,False,feature_common_within_state
CS2_36,soh_level,Late,12,HF7,Group_CC,,,0,False,feature_common_within_state
CS2_36,soh_level,Late,12,HF8,Group_CV,,,0,False,feature_common_within_state
CS2_36,degradation_dynamics,Slow,12,HF1,Group_CC,0.031725467025184036,0.026918947374215012,216,True,feature_common_within_state
CS2_36,degradation_dynamics,Slow,12,HF2,Group_CV,0.011310188591918017,0.017641294333409913,216,True,feature_common_within_state
CS2_36,degradation_dynamics,Slow,12,HF3,Group_EnergyEfficiency,-0.07297000632548813,0.07297000632548813,216,True,feature_common_within_state
CS2_36,degradation_dynamics,Slow,12,HF4,Group_DischargeIC,-0.03939112956750948,0.08618038929560977,216,True,feature_common_within_state
CS2_36,degradation_dynamics,Slow,12,HF5,Group_DischargeIC,-0.2029015796886165,0.08618038929560977,216,True,feature_common_within_state
CS2_36,degradation_dynamics,Slow,12,HF6,Group_DischargeIC,0.016248458630703327,0.08618038929560977,216,True,feature_common_within_state
CS2_36,degradation_dynamics,Slow,12,HF7,Group_CC,0.022112427723245988,0.026918947374215012,216,True,feature_common_within_state
CS2_36,degradation_dynamics,Slow,12,HF8,Group_CV,0.023972400074901805,0.017641294333409913,216,True,feature_common_within_state
CS2_36,degradation_dynamics,Medium,12,HF1,Group_CC,0.010062288872927911,0.009969402639716081,169,True,feature_common_within_state
CS2_36,degradation_dynamics,Medium,12,HF2,Group_CV,0.0779823595586894,0.07351167281489925,169,True,feature_common_within_state
CS2_36,degradation_dynamics,Medium,12,HF3,Group_EnergyEfficiency,-0.13376016519260156,0.13376016519260156,169,True,feature_common_within_state
CS2_36,degradation_dynamics,Medium,12,HF4,Group_DischargeIC,-0.04833901626202233,0.1361293121181539,169,True,feature_common_within_state
CS2_36,degradation_dynamics,Medium,12,HF5,Group_DischargeIC,-0.14341756532415376,0.1361293121181539,169,True,feature_common_within_state
CS2_36,degradation_dynamics,Medium,12,HF6,Group_DischargeIC,-0.21663135476828563,0.1361293121181539,169,True,feature_common_within_state
CS2_36,degradation_dynamics,Medium,12,HF7,Group_CC,0.009876516406504249,0.009969402639716081,169,True,feature_common_within_state
CS2_36,degradation_dynamics,Medium,12,HF8,Group_CV,0.06904098607110909,0.07351167281489925,169,True,feature_common_within_state
CS2_36,degradation_dynamics,Fast,12,HF1,Group_CC,-0.027906839014970077,0.028293216555234427,113,True,feature_common_within_state
CS2_36,degradation_dynamics,Fast,12,HF2,Group_CV,0.10800140858565695,0.1020256884880657,113,True,feature_common_within_state
CS2_36,degradation_dynamics,Fast,12,HF3,Group_EnergyEfficiency,0.026043514052122213,0.026043514052122213,113,True,feature_common_within_state
CS2_36,degradation_dynamics,Fast,12,HF4,Group_DischargeIC,-0.06319105960931984,0.07003636384027594,113,True,feature_common_within_state
CS2_36,degradation_dynamics,Fast,12,HF5,Group_DischargeIC,0.004003726908131819,0.07003636384027594,113,True,feature_common_within_state
CS2_36,degradation_dynamics,Fast,12,HF6,Group_DischargeIC,-0.14291430500337615,0.07003636384027594,113,True,feature_common_within_state
CS2_36,degradation_dynamics,Fast,12,HF7,Group_CC,-0.028679594095498778,0.028293216555234427,113,True,feature_common_within_state
CS2_36,degradation_dynamics,Fast,12,HF8,Group_CV,0.09604996839047447,0.1020256884880657,113,True,feature_common_within_state
CS2_36,cycle_position,Early-life,12,HF1,Group_CC,-0.010634165335475527,0.010166118043163076,318,True,feature_common_within_state
CS2_36,cycle_position,Early-life,12,HF2,Group_CV,0.003443439811684537,0.006270166003489072,318,True,feature_common_within_state
CS2_36,cycle_position,Early-life,12,HF3,Group_EnergyEfficiency,0.012825666546341378,0.012825666546341378,318,True,feature_common_within_state
CS2_36,cycle_position,Early-life,12,HF4,Group_DischargeIC,-0.0813665216699619,0.05411772027733636,318,True,feature_common_within_state
CS2_36,cycle_position,Early-life,12,HF5,Group_DischargeIC,-0.039472863567921145,0.05411772027733636,318,True,feature_common_within_state
CS2_36,cycle_position,Early-life,12,HF6,Group_DischargeIC,-0.04151377559412606,0.05411772027733636,318,True,feature_common_within_state
CS2_36,cycle_position,Early-life,12,HF7,Group_CC,-0.009698070750850626,0.010166118043163076,318,True,feature_common_within_state
CS2_36,cycle_position,Early-life,12,HF8,Group_CV,0.009096892195293606,0.006270166003489072,318,True,feature_common_within_state
CS2_36,cycle_position,Mid-life,12,HF1,Group_CC,-0.01980331702149924,0.02102457327074682,259,True,feature_common_within_state
CS2_36,cycle_position,Mid-life,12,HF2,Group_CV,0.11796956488925447,0.1134103599045804,259,True,feature_common_within_state
CS2_36,cycle_position,Mid-life,12,HF3,Group_EnergyEfficiency,0.0010515044643826478,0.0010515044643826478,259,True,feature_common_within_state
CS2_36,cycle_position,Mid-life,12,HF4,Group_DischargeIC,-0.13200459631819833,0.16820030658349575,259,True,feature_common_within_state
CS2_36,cycle_position,Mid-life,12,HF5,Group_DischargeIC,-0.15211338551145243,0.16820030658349575,259,True,feature_common_within_state
CS2_36,cycle_position,Mid-life,12,HF6,Group_DischargeIC,-0.2204829379208365,0.16820030658349575,259,True,feature_common_within_state
CS2_36,cycle_position,Mid-life,12,HF7,Group_CC,-0.022245829519994396,0.02102457327074682,259,True,feature_common_within_state
CS2_36,cycle_position,Mid-life,12,HF8,Group_CV,0.10885115491990631,0.1134103599045804,259,True,feature_common_within_state
CS2_36,cycle_position,Late-life,12,HF1,Group_CC,0.3475923689675444,0.3453153183458727,29,False,feature_common_within_state
CS2_36,cycle_position,Late-life,12,HF2,Group_CV,0.15444740701597096,0.09424427837873445,29,False,feature_common_within_state
CS2_36,cycle_position,Late-life,12,HF3,Group_EnergyEfficiency,-0.47310839455024156,0.47310839455024156,29,False,feature_common_within_state
CS2_36,cycle_position,Late-life,12,HF4,Group_DischargeIC,-0.11692262729247015,0.13105045670224597,29,False,feature_common_within_state
CS2_36,cycle_position,Late-life,12,HF5,Group_DischargeIC,0.24278697738946545,0.13105045670224597,29,False,feature_common_within_state
CS2_36,cycle_position,Late-life,12,HF6,Group_DischargeIC,-0.033441765424802296,0.13105045670224597,29,False,feature_common_within_state
CS2_36,cycle_position,Late-life,12,HF7,Group_CC,0.343038267724201,0.3453153183458727,29,False,feature_common_within_state
CS2_36,cycle_position,Late-life,12,HF8,Group_CV,0.03404114974149795,0.09424427837873445,29,False,feature_common_within_state
CS2_36,soh_level,Early,16,HF1,Group_CC,-0.005309862066417475,0.005315412317680835,513,True,feature_common_within_state
CS2_36,soh_level,Early,16,HF2,Group_CV,-0.0029061183665056115,0.014038031574559913,513,True,feature_common_within_state
CS2_36,soh_level,Early,16,HF3,Group_EnergyEfficiency,0.006053788418492857,0.006053788418492857,513,True,feature_common_within_state
CS2_36,soh_level,Early,16,HF4,Group_DischargeIC,0.05320381348755908,0.04177427558879355,513,True,feature_common_within_state
CS2_36,soh_level,Early,16,HF5,Group_DischargeIC,0.011058111407267411,0.04177427558879355,513,True,feature_common_within_state
CS2_36,soh_level,Early,16,HF6,Group_DischargeIC,-0.06106090187155416,0.04177427558879355,513,True,feature_common_within_state
CS2_36,soh_level,Early,16,HF7,Group_CC,-0.005320962568944195,0.005315412317680835,513,True,feature_common_within_state
CS2_36,soh_level,Early,16,HF8,Group_CV,-0.025169944782614213,0.014038031574559913,513,True,feature_common_within_state
CS2_36,soh_level,Middle,16,HF1,Group_CC,0.07838463994472385,0.07642333837531455,94,True,feature_common_within_state
CS2_36,soh_level,Middle,16,HF2,Group_CV,0.19572834243534148,0.19796775010947923,94,True,feature_common_within_state
CS2_36,soh_level,Middle,16,HF3,Group_EnergyEfficiency,-0.19475888705208763,0.19475888705208763,94,True,feature_common_within_state
CS2_36,soh_level,Middle,16,HF4,Group_DischargeIC,-0.1900955456332069,0.17221247184323984,94,True,feature_common_within_state
CS2_36,soh_level,Middle,16,HF5,Group_DischargeIC,-0.18764505349698027,0.17221247184323984,94,True,feature_common_within_state
CS2_36,soh_level,Middle,16,HF6,Group_DischargeIC,-0.1388968163995323,0.17221247184323984,94,True,feature_common_within_state
CS2_36,soh_level,Middle,16,HF7,Group_CC,0.07446203680590525,0.07642333837531455,94,True,feature_common_within_state
CS2_36,soh_level,Middle,16,HF8,Group_CV,0.20020715778361697,0.19796775010947923,94,True,feature_common_within_state
CS2_36,soh_level,Late,16,HF1,Group_CC,,,0,False,feature_common_within_state
CS2_36,soh_level,Late,16,HF2,Group_CV,,,0,False,feature_common_within_state
CS2_36,soh_level,Late,16,HF3,Group_EnergyEfficiency,,,0,False,feature_common_within_state
CS2_36,soh_level,Late,16,HF4,Group_DischargeIC,,,0,False,feature_common_within_state
CS2_36,soh_level,Late,16,HF5,Group_DischargeIC,,,0,False,feature_common_within_state
CS2_36,soh_level,Late,16,HF6,Group_DischargeIC,,,0,False,feature_common_within_state
CS2_36,soh_level,Late,16,HF7,Group_CC,,,0,False,feature_common_within_state
CS2_36,soh_level,Late,16,HF8,Group_CV,,,0,False,feature_common_within_state
CS2_36,degradation_dynamics,Slow,16,HF1,Group_CC,-0.030315196454786465,0.02942836264529225,215,True,feature_common_within_state
CS2_36,degradation_dynamics,Slow,16,HF2,Group_CV,0.002960418009210276,0.00426581295559587,215,True,feature_common_within_state
CS2_36,degradation_dynamics,Slow,16,HF3,Group_EnergyEfficiency,0.04695799252144984,0.04695799252144984,215,True,feature_common_within_state
CS2_36,degradation_dynamics,Slow,16,HF4,Group_DischargeIC,-0.03675783551560949,0.023644597111730878,215,True,feature_common_within_state
CS2_36,degradation_dynamics,Slow,16,HF5,Group_DischargeIC,-0.02661537856466142,0.023644597111730878,215,True,feature_common_within_state
CS2_36,degradation_dynamics,Slow,16,HF6,Group_DischargeIC,-0.007560577254921716,0.023644597111730878,215,True,feature_common_within_state
CS2_36,degradation_dynamics,Slow,16,HF7,Group_CC,-0.02854152883579803,0.02942836264529225,215,True,feature_common_within_state
CS2_36,degradation_dynamics,Slow,16,HF8,Group_CV,-0.005571207901981463,0.00426581295559587,215,True,feature_common_within_state
CS2_36,degradation_dynamics,Medium,16,HF1,Group_CC,-0.017109136263237963,0.021828722073574055,171,True,feature_common_within_state
CS2_36,degradation_dynamics,Medium,16,HF2,Group_CV,0.0921085777704204,0.09476280284208602,171,True,feature_common_within_state
CS2_36,degradation_dynamics,Medium,16,HF3,Group_EnergyEfficiency,-0.11373463412107031,0.11373463412107031,171,True,feature_common_within_state
CS2_36,degradation_dynamics,Medium,16,HF4,Group_DischargeIC,-0.06557625048248879,0.07257237129897605,171,True,feature_common_within_state
CS2_36,degradation_dynamics,Medium,16,HF5,Group_DischargeIC,-0.06178318229170144,0.07257237129897605,171,True,feature_common_within_state
CS2_36,degradation_dynamics,Medium,16,HF6,Group_DischargeIC,-0.09035768112273793,0.07257237129897605,171,True,feature_common_within_state
CS2_36,degradation_dynamics,Medium,16,HF7,Group_CC,-0.026548307883910147,0.021828722073574055,171,True,feature_common_within_state
CS2_36,degradation_dynamics,Medium,16,HF8,Group_CV,0.09741702791375162,0.09476280284208602,171,True,feature_common_within_state
CS2_36,degradation_dynamics,Fast,16,HF1,Group_CC,0.0006608854099913314,0.0014716246977166101,113,True,feature_common_within_state
CS2_36,degradation_dynamics,Fast,16,HF2,Group_CV,-0.11981395449935206,0.14980370813330934,113,True,feature_common_within_state
CS2_36,degradation_dynamics,Fast,16,HF3,Group_EnergyEfficiency,0.008864514826834658,0.008864514826834658,113,True,feature_common_within_state
CS2_36,degradation_dynamics,Fast,16,HF4,Group_DischargeIC,0.1691486805383378,0.14896147667747459,113,True,feature_common_within_state
CS2_36,degradation_dynamics,Fast,16,HF5,Group_DischargeIC,0.18227398373980466,0.14896147667747459,113,True,feature_common_within_state
CS2_36,degradation_dynamics,Fast,16,HF6,Group_DischargeIC,-0.09546176575428134,0.14896147667747459,113,True,feature_common_within_state
CS2_36,degradation_dynamics,Fast,16,HF7,Group_CC,0.002282363985441889,0.0014716246977166101,113,True,feature_common_within_state
CS2_36,degradation_dynamics,Fast,16,HF8,Group_CV,-0.1797934617672666,0.14980370813330934,113,True,feature_common_within_state
CS2_36,cycle_position,Early-life,16,HF1,Group_CC,-0.005409110601746949,0.005379077995221113,318,True,feature_common_within_state
CS2_36,cycle_position,Early-life,16,HF2,Group_CV,-0.004666263025190882,0.004183691274980975,318,True,feature_common_within_state
CS2_36,cycle_position,Early-life,16,HF3,Group_EnergyEfficiency,0.006832434780931507,0.006832434780931507,318,True,feature_common_within_state
CS2_36,cycle_position,Early-life,16,HF4,Group_DischargeIC,-0.0753472737871465,0.0324768927451338,318,True,feature_common_within_state
CS2_36,cycle_position,Early-life,16,HF5,Group_DischargeIC,-0.017170470131255805,0.0324768927451338,318,True,feature_common_within_state
CS2_36,cycle_position,Early-life,16,HF6,Group_DischargeIC,0.004912934316999116,0.0324768927451338,318,True,feature_common_within_state
CS2_36,cycle_position,Early-life,16,HF7,Group_CC,-0.005349045388695278,0.005379077995221113,318,True,feature_common_within_state
CS2_36,cycle_position,Early-life,16,HF8,Group_CV,-0.0037011195247710683,0.004183691274980975,318,True,feature_common_within_state
CS2_36,cycle_position,Mid-life,16,HF1,Group_CC,0.022917402052977813,0.023951154396163354,259,True,feature_common_within_state
CS2_36,cycle_position,Mid-life,16,HF2,Group_CV,-0.04476413623452616,0.05867335692161216,259,True,feature_common_within_state
CS2_36,cycle_position,Mid-life,16,HF3,Group_EnergyEfficiency,-0.021972806975515645,0.021972806975515645,259,True,feature_common_within_state
CS2_36,cycle_position,Mid-life,16,HF4,Group_DischargeIC,0.03495276210339685,0.05816737686149215,259,True,feature_common_within_state
CS2_36,cycle_position,Mid-life,16,HF5,Group_DischargeIC,0.03720463973658866,0.05816737686149215,259,True,feature_common_within_state
CS2_36,cycle_position,Mid-life,16,HF6,Group_DischargeIC,-0.10234472874449095,0.05816737686149215,259,True,feature_common_within_state
CS2_36,cycle_position,Mid-life,16,HF7,Group_CC,0.024984906739348896,0.023951154396163354,259,True,feature_common_within_state
CS2_36,cycle_position,Mid-life,16,HF8,Group_CV,-0.07258257760869816,0.05867335692161216,259,True,feature_common_within_state
CS2_36,cycle_position,Late-life,16,HF1,Group_CC,0.023645276581831944,0.02376382942505178,30,True,feature_common_within_state
CS2_36,cycle_position,Late-life,16,HF2,Group_CV,0.21133700993948334,0.20595617428785234,30,True,feature_common_within_state
CS2_36,cycle_position,Late-life,16,HF3,Group_EnergyEfficiency,-0.08159929786109467,0.08159929786109467,30,True,feature_common_within_state
CS2_36,cycle_position,Late-life,16,HF4,Group_DischargeIC,-0.17220048535019156,0.1331681971802465,30,True,feature_common_within_state
CS2_36,cycle_position,Late-life,16,HF5,Group_DischargeIC,-0.05808311399700241,0.1331681971802465,30,True,feature_common_within_state
CS2_36,cycle_position,Late-life,16,HF6,Group_DischargeIC,-0.1692209921935455,0.1331681971802465,30,True,feature_common_within_state
CS2_36,cycle_position,Late-life,16,HF7,Group_CC,0.023882382268271617,0.02376382942505178,30,True,feature_common_within_state
CS2_36,cycle_position,Late-life,16,HF8,Group_CV,0.20057533863622137,0.20595617428785234,30,True,feature_common_within_state
CS2_36,soh_level,Early,24,HF1,Group_CC,-0.011064440649451399,0.011635219405117792,513,True,feature_common_within_state
CS2_36,soh_level,Early,24,HF2,Group_CV,0.07003324803603328,0.05951653819342758,513,True,feature_common_within_state
CS2_36,soh_level,Early,24,HF3,Group_EnergyEfficiency,0.00511231838268543,0.00511231838268543,513,True,feature_common_within_state
CS2_36,soh_level,Early,24,HF4,Group_DischargeIC,0.05278787524218067,0.08160698616338842,513,True,feature_common_within_state
CS2_36,soh_level,Early,24,HF5,Group_DischargeIC,-0.07529118199222198,0.08160698616338842,513,True,feature_common_within_state
CS2_36,soh_level,Early,24,HF6,Group_DischargeIC,-0.1167419012557626,0.08160698616338842,513,True,feature_common_within_state
CS2_36,soh_level,Early,24,HF7,Group_CC,-0.012205998160784184,0.011635219405117792,513,True,feature_common_within_state
CS2_36,soh_level,Early,24,HF8,Group_CV,0.04899982835082188,0.05951653819342758,513,True,feature_common_within_state
CS2_36,soh_level,Middle,24,HF1,Group_CC,0.05314911921277869,0.05102343298023482,93,True,feature_common_within_state
CS2_36,soh_level,Middle,24,HF2,Group_CV,0.1835432298336006,0.19157259316836583,93,True,feature_common_within_state
CS2_36,soh_level,Middle,24,HF3,Group_EnergyEfficiency,-0.1575726431637015,0.1575726431637015,93,True,feature_common_within_state
CS2_36,soh_level,Middle,24,HF4,Group_DischargeIC,-0.09188404473242881,0.10355589158512396,93,True,feature_common_within_state
CS2_36,soh_level,Middle,24,HF5,Group_DischargeIC,-0.11753676607158023,0.10355589158512396,93,True,feature_common_within_state
CS2_36,soh_level,Middle,24,HF6,Group_DischargeIC,-0.10124686395136284,0.10355589158512396,93,True,feature_common_within_state
CS2_36,soh_level,Middle,24,HF7,Group_CC,0.04889774674769095,0.05102343298023482,93,True,feature_common_within_state
CS2_36,soh_level,Middle,24,HF8,Group_CV,0.19960195650313106,0.19157259316836583,93,True,feature_common_within_state
CS2_36,soh_level,Late,24,HF1,Group_CC,,,0,False,feature_common_within_state
CS2_36,soh_level,Late,24,HF2,Group_CV,,,0,False,feature_common_within_state
CS2_36,soh_level,Late,24,HF3,Group_EnergyEfficiency,,,0,False,feature_common_within_state
CS2_36,soh_level,Late,24,HF4,Group_DischargeIC,,,0,False,feature_common_within_state
CS2_36,soh_level,Late,24,HF5,Group_DischargeIC,,,0,False,feature_common_within_state
CS2_36,soh_level,Late,24,HF6,Group_DischargeIC,,,0,False,feature_common_within_state
CS2_36,soh_level,Late,24,HF7,Group_CC,,,0,False,feature_common_within_state
CS2_36,soh_level,Late,24,HF8,Group_CV,,,0,False,feature_common_within_state
CS2_36,degradation_dynamics,Slow,24,HF1,Group_CC,-0.049807935178309795,0.050617209004658936,216,True,feature_common_within_state
CS2_36,degradation_dynamics,Slow,24,HF2,Group_CV,0.05178198264721775,0.04632643987908606,216,True,feature_common_within_state
CS2_36,degradation_dynamics,Slow,24,HF3,Group_EnergyEfficiency,-0.012976512351931311,0.012976512351931311,216,True,feature_common_within_state
CS2_36,degradation_dynamics,Slow,24,HF4,Group_DischargeIC,0.0692093852801195,0.052790509489778294,216,True,feature_common_within_state
CS2_36,degradation_dynamics,Slow,24,HF5,Group_DischargeIC,-0.030501829704090884,0.052790509489778294,216,True,feature_common_within_state
CS2_36,degradation_dynamics,Slow,24,HF6,Group_DischargeIC,-0.05866031348512452,0.052790509489778294,216,True,feature_common_within_state
CS2_36,degradation_dynamics,Slow,24,HF7,Group_CC,-0.05142648283100808,0.050617209004658936,216,True,feature_common_within_state
CS2_36,degradation_dynamics,Slow,24,HF8,Group_CV,0.04087089711095437,0.04632643987908606,216,True,feature_common_within_state
CS2_36,degradation_dynamics,Medium,24,HF1,Group_CC,-0.10556738392682373,0.10685495714661608,169,True,feature_common_within_state
CS2_36,degradation_dynamics,Medium,24,HF2,Group_CV,0.2323599503628613,0.24245314937606965,169,True,feature_common_within_state
CS2_36,degradation_dynamics,Medium,24,HF3,Group_EnergyEfficiency,-0.17898310624751346,0.17898310624751346,169,True,feature_common_within_state
CS2_36,degradation_dynamics,Medium,24,HF4,Group_DischargeIC,-0.08122664943970496,0.12928011545495097,169,True,feature_common_within_state
CS2_36,degradation_dynamics,Medium,24,HF5,Group_DischargeIC,-0.09817739317996525,0.12928011545495097,169,True,feature_common_within_state
CS2_36,degradation_dynamics,Medium,24,HF6,Group_DischargeIC,-0.20843630374518268,0.12928011545495097,169,True,feature_common_within_state
CS2_36,degradation_dynamics,Medium,24,HF7,Group_CC,-0.10814253036640845,0.10685495714661608,169,True,feature_common_within_state
CS2_36,degradation_dynamics,Medium,24,HF8,Group_CV,0.25254634838927803,0.24245314937606965,169,True,feature_common_within_state
CS2_36,degradation_dynamics,Fast,24,HF1,Group_CC,0.01605965443319827,0.015423299717662306,113,True,feature_common_within_state
CS2_36,degradation_dynamics,Fast,24,HF2,Group_CV,0.19273966278215876,0.18782865720232927,113,True,feature_common_within_state
CS2_36,degradation_dynamics,Fast,24,HF3,Group_EnergyEfficiency,-0.001018220240633721,0.001018220240633721,113,True,feature_common_within_state
CS2_36,degradation_dynamics,Fast,24,HF4,Group_DischargeIC,-0.06475083399626202,0.12970599788059092,113,True,feature_common_within_state
CS2_36,degradation_dynamics,Fast,24,HF5,Group_DischargeIC,-0.08083276704064407,0.12970599788059092,113,True,feature_common_within_state
CS2_36,degradation_dynamics,Fast,24,HF6,Group_DischargeIC,-0.2435343926048667,0.12970599788059092,113,True,feature_common_within_state
CS2_36,degradation_dynamics,Fast,24,HF7,Group_CC,0.014786945002126343,0.015423299717662306,113,True,feature_common_within_state
CS2_36,degradation_dynamics,Fast,24,HF8,Group_CV,0.18291765162249982,0.18782865720232927,113,True,feature_common_within_state
CS2_36,cycle_position,Early-life,24,HF1,Group_CC,-0.008079370462949563,0.00824335288651146,318,True,feature_common_within_state
CS2_36,cycle_position,Early-life,24,HF2,Group_CV,0.016372103070622448,0.014864268716343313,318,True,feature_common_within_state
CS2_36,cycle_position,Early-life,24,HF3,Group_EnergyEfficiency,0.0050093506759026525,0.0050093506759026525,318,True,feature_common_within_state
CS2_36,cycle_position,Early-life,24,HF4,Group_DischargeIC,0.007934720932006397,0.021022871714761988,318,True,feature_common_within_state
CS2_36,cycle_position,Early-life,24,HF5,Group_DischargeIC,-0.03673817692315979,0.021022871714761988,318,True,feature_common_within_state
CS2_36,cycle_position,Early-life,24,HF6,Group_DischargeIC,-0.018395717289119776,0.021022871714761988,318,True,feature_common_within_state
CS2_36,cycle_position,Early-life,24,HF7,Group_CC,-0.008407335310073358,0.00824335288651146,318,True,feature_common_within_state
CS2_36,cycle_position,Early-life,24,HF8,Group_CV,0.013356434362064178,0.014864268716343313,318,True,feature_common_within_state
CS2_36,cycle_position,Mid-life,24,HF1,Group_CC,0.011506841732856703,0.010322079785296479,259,True,feature_common_within_state
CS2_36,cycle_position,Mid-life,24,HF2,Group_CV,0.1702305122980427,0.1622905132234374,259,True,feature_common_within_state
CS2_36,cycle_position,Mid-life,24,HF3,Group_EnergyEfficiency,-0.02932743070459066,0.02932743070459066,259,True,feature_common_within_state
CS2_36,cycle_position,Mid-life,24,HF4,Group_DischargeIC,-0.143739582566592,0.17528049371403245,259,True,feature_common_within_state
CS2_36,cycle_position,Mid-life,24,HF5,Group_DischargeIC,-0.16152145603394538,0.17528049371403245,259,True,feature_common_within_state
CS2_36,cycle_position,Mid-life,24,HF6,Group_DischargeIC,-0.22058044254156,0.17528049371403245,259,True,feature_common_within_state
CS2_36,cycle_position,Mid-life,24,HF7,Group_CC,0.009137317837736254,0.010322079785296479,259,True,feature_common_within_state
CS2_36,cycle_position,Mid-life,24,HF8,Group_CV,0.1543505141488321,0.1622905132234374,259,True,feature_common_within_state
CS2_36,cycle_position,Late-life,24,HF1,Group_CC,-0.028769540663796906,0.027659243205006408,29,False,feature_common_within_state
CS2_36,cycle_position,Late-life,24,HF2,Group_CV,0.09866847062239924,0.1131131521217511,29,False,feature_common_within_state
CS2_36,cycle_position,Late-life,24,HF3,Group_EnergyEfficiency,0.004043999713100165,0.004043999713100165,29,False,feature_common_within_state
CS2_36,cycle_position,Late-life,24,HF4,Group_DischargeIC,0.007342470797756554,0.03616731287642614,29,False,feature_common_within_state
CS2_36,cycle_position,Late-life,24,HF5,Group_DischargeIC,0.01322684628842214,0.03616731287642614,29,False,feature_common_within_state
CS2_36,cycle_position,Late-life,24,HF6,Group_DischargeIC,-0.08793262154309972,0.03616731287642614,29,False,feature_common_within_state
CS2_36,cycle_position,Late-life,24,HF7,Group_CC,-0.026548945746215906,0.027659243205006408,29,False,feature_common_within_state
CS2_36,cycle_position,Late-life,24,HF8,Group_CV,0.12755783362110296,0.1131131521217511,29,False,feature_common_within_state
CS2_36,soh_level,Early,32,HF1,Group_CC,-0.012814749179138054,0.01333967339967665,513,True,feature_common_within_state
CS2_36,soh_level,Early,32,HF2,Group_CV,0.02711594386257944,0.01522006761818391,513,True,feature_common_within_state
CS2_36,soh_level,Early,32,HF3,Group_EnergyEfficiency,0.013716795223299338,0.013716795223299338,513,True,feature_common_within_state
CS2_36,soh_level,Early,32,HF4,Group_DischargeIC,0.07336155108073669,0.08222955308782941,513,True,feature_common_within_state
CS2_36,soh_level,Early,32,HF5,Group_DischargeIC,-0.0667641031432042,0.08222955308782941,513,True,feature_common_within_state
CS2_36,soh_level,Early,32,HF6,Group_DischargeIC,-0.10656300503954731,0.08222955308782941,513,True,feature_common_within_state
CS2_36,soh_level,Early,32,HF7,Group_CC,-0.013864597620215245,0.01333967339967665,513,True,feature_common_within_state
CS2_36,soh_level,Early,32,HF8,Group_CV,0.003324191373788382,0.01522006761818391,513,True,feature_common_within_state
CS2_36,soh_level,Middle,32,HF1,Group_CC,0.03864116168586578,0.033684489085734244,93,True,feature_common_within_state
CS2_36,soh_level,Middle,32,HF2,Group_CV,0.3460558739005616,0.3368477019134207,93,True,feature_common_within_state
CS2_36,soh_level,Middle,32,HF3,Group_EnergyEfficiency,-0.2471274121819035,0.2471274121819035,93,True,feature_common_within_state
CS2_36,soh_level,Middle,32,HF4,Group_DischargeIC,-0.20691737761799564,0.2032501336278332,93,True,feature_common_within_state
CS2_36,soh_level,Middle,32,HF5,Group_DischargeIC,-0.14233860613467667,0.2032501336278332,93,True,feature_common_within_state
CS2_36,soh_level,Middle,32,HF6,Group_DischargeIC,-0.2604944171308273,0.2032501336278332,93,True,feature_common_within_state
CS2_36,soh_level,Middle,32,HF7,Group_CC,0.028727816485602707,0.033684489085734244,93,True,feature_common_within_state
CS2_36,soh_level,Middle,32,HF8,Group_CV,0.3276395299262798,0.3368477019134207,93,True,feature_common_within_state
CS2_36,soh_level,Late,32,HF1,Group_CC,,,0,False,feature_common_within_state
CS2_36,soh_level,Late,32,HF2,Group_CV,,,0,False,feature_common_within_state
CS2_36,soh_level,Late,32,HF3,Group_EnergyEfficiency,,,0,False,feature_common_within_state
CS2_36,soh_level,Late,32,HF4,Group_DischargeIC,,,0,False,feature_common_within_state
CS2_36,soh_level,Late,32,HF5,Group_DischargeIC,,,0,False,feature_common_within_state
CS2_36,soh_level,Late,32,HF6,Group_DischargeIC,,,0,False,feature_common_within_state
CS2_36,soh_level,Late,32,HF7,Group_CC,,,0,False,feature_common_within_state
CS2_36,soh_level,Late,32,HF8,Group_CV,,,0,False,feature_common_within_state
CS2_36,degradation_dynamics,Slow,32,HF1,Group_CC,-0.08815837781379016,0.0927824620444841,215,True,feature_common_within_state
CS2_36,degradation_dynamics,Slow,32,HF2,Group_CV,0.14927447133679317,0.14810899112848003,215,True,feature_common_within_state
CS2_36,degradation_dynamics,Slow,32,HF3,Group_EnergyEfficiency,-0.11654170155235202,0.11654170155235202,215,True,feature_common_within_state
CS2_36,degradation_dynamics,Slow,32,HF4,Group_DischargeIC,0.05807143521571326,0.1039021279251345,215,True,feature_common_within_state
CS2_36,degradation_dynamics,Slow,32,HF5,Group_DischargeIC,-0.11226191374822984,0.1039021279251345,215,True,feature_common_within_state
CS2_36,degradation_dynamics,Slow,32,HF6,Group_DischargeIC,-0.1413730348114604,0.1039021279251345,215,True,feature_common_within_state
CS2_36,degradation_dynamics,Slow,32,HF7,Group_CC,-0.09740654627517803,0.0927824620444841,215,True,feature_common_within_state
CS2_36,degradation_dynamics,Slow,32,HF8,Group_CV,0.14694351092016691,0.14810899112848003,215,True,feature_common_within_state
CS2_36,degradation_dynamics,Medium,32,HF1,Group_CC,-0.1188259377466131,0.1198103548155534,171,True,feature_common_within_state
CS2_36,degradation_dynamics,Medium,32,HF2,Group_CV,0.1676464618027528,0.1787560108264834,171,True,feature_common_within_state
CS2_36,degradation_dynamics,Medium,32,HF3,Group_EnergyEfficiency,-0.1184131768776209,0.1184131768776209,171,True,feature_common_within_state
CS2_36,degradation_dynamics,Medium,32,HF4,Group_DischargeIC,-0.1500521795149175,0.16524125008639112,171,True,feature_common_within_state
CS2_36,degradation_dynamics,Medium,32,HF5,Group_DischargeIC,-0.1490475747511842,0.16524125008639112,171,True,feature_common_within_state
CS2_36,degradation_dynamics,Medium,32,HF6,Group_DischargeIC,-0.19662399599307168,0.16524125008639112,171,True,feature_common_within_state
CS2_36,degradation_dynamics,Medium,32,HF7,Group_CC,-0.1207947718844937,0.1198103548155534,171,True,feature_common_within_state
CS2_36,degradation_dynamics,Medium,32,HF8,Group_CV,0.18986555985021397,0.1787560108264834,171,True,feature_common_within_state
CS2_36,degradation_dynamics,Fast,32,HF1,Group_CC,-0.014352907123525844,0.014839824575915884,112,True,feature_common_within_state
CS2_36,degradation_dynamics,Fast,32,HF2,Group_CV,0.03567032228916207,0.01793283916378373,112,True,feature_common_within_state
CS2_36,degradation_dynamics,Fast,32,HF3,Group_EnergyEfficiency,0.022824242156776045,0.022824242156776045,112,True,feature_common_within_state
CS2_36,degradation_dynamics,Fast,32,HF4,Group_DischargeIC,0.06289223336808607,0.08139843668735297,112,True,feature_common_within_state
CS2_36,degradation_dynamics,Fast,32,HF5,Group_DischargeIC,0.030941816572721617,0.08139843668735297,112,True,feature_common_within_state
CS2_36,degradation_dynamics,Fast,32,HF6,Group_DischargeIC,-0.15036126012125123,0.08139843668735297,112,True,feature_common_within_state
CS2_36,degradation_dynamics,Fast,32,HF7,Group_CC,-0.015326742028305924,0.014839824575915884,112,True,feature_common_within_state
CS2_36,degradation_dynamics,Fast,32,HF8,Group_CV,0.0001953560384053924,0.01793283916378373,112,True,feature_common_within_state
CS2_36,cycle_position,Early-life,32,HF1,Group_CC,-0.013888161508425803,0.014221193760872029,318,True,feature_common_within_state
CS2_36,cycle_position,Early-life,32,HF2,Group_CV,-0.017178959804071144,0.01530994561469475,318,True,feature_common_within_state
CS2_36,cycle_position,Early-life,32,HF3,Group_EnergyEfficiency,0.012901871394083731,0.012901871394083731,318,True,feature_common_within_state
CS2_36,cycle_position,Early-life,32,HF4,Group_DischargeIC,0.009100845492753293,0.00990691848889961,318,True,feature_common_within_state
CS2_36,cycle_position,Early-life,32,HF5,Group_DischargeIC,-0.002587823241111813,0.00990691848889961,318,True,feature_common_within_state
CS2_36,cycle_position,Early-life,32,HF6,Group_DischargeIC,0.018032086732833724,0.00990691848889961,318,True,feature_common_within_state
CS2_36,cycle_position,Early-life,32,HF7,Group_CC,-0.014554226013318256,0.014221193760872029,318,True,feature_common_within_state
CS2_36,cycle_position,Early-life,32,HF8,Group_CV,-0.013440931425318357,0.01530994561469475,318,True,feature_common_within_state
CS2_36,cycle_position,Mid-life,32,HF1,Group_CC,0.03077647541096986,0.03039563272017133,259,True,feature_common_within_state
CS2_36,cycle_position,Mid-life,32,HF2,Group_CV,0.10028081998400838,0.08510295800297293,259,True,feature_common_within_state
CS2_36,cycle_position,Mid-life,32,HF3,Group_EnergyEfficiency,-0.028198993609849378,0.028198993609849378,259,True,feature_common_within_state
CS2_36,cycle_position,Mid-life,32,HF4,Group_DischargeIC,-0.1859517227954307,0.20547398995865665,259,True,feature_common_within_state
CS2_36,cycle_position,Mid-life,32,HF5,Group_DischargeIC,-0.20044085614708987,0.20547398995865665,259,True,feature_common_within_state
CS2_36,cycle_position,Mid-life,32,HF6,Group_DischargeIC,-0.23002939093344946,0.20547398995865665,259,True,feature_common_within_state
CS2_36,cycle_position,Mid-life,32,HF7,Group_CC,0.0300147900293728,0.03039563272017133,259,True,feature_common_within_state
CS2_36,cycle_position,Mid-life,32,HF8,Group_CV,0.0699250960219375,0.08510295800297293,259,True,feature_common_within_state
CS2_36,cycle_position,Late-life,32,HF1,Group_CC,0.11137389263426808,0.11144500274595454,29,False,feature_common_within_state
CS2_36,cycle_position,Late-life,32,HF2,Group_CV,0.1339336677111739,0.1558185611202842,29,False,feature_common_within_state
CS2_36,cycle_position,Late-life,32,HF3,Group_EnergyEfficiency,-0.1737325432627208,0.1737325432627208,29,False,feature_common_within_state
CS2_36,cycle_position,Late-life,32,HF4,Group_DischargeIC,0.06994599627382764,0.1088054371924943,29,False,feature_common_within_state
CS2_36,cycle_position,Late-life,32,HF5,Group_DischargeIC,0.19364261501400817,0.1088054371924943,29,False,feature_common_within_state
CS2_36,cycle_position,Late-life,32,HF6,Group_DischargeIC,0.06282770028964707,0.1088054371924943,29,False,feature_common_within_state
CS2_36,cycle_position,Late-life,32,HF7,Group_CC,0.111516112857641,0.11144500274595454,29,False,feature_common_within_state
CS2_36,cycle_position,Late-life,32,HF8,Group_CV,0.17770345452939446,0.1558185611202842,29,False,feature_common_within_state
CS2_36,soh_level,Early,48,HF1,Group_CC,-0.023733970093837535,0.02448869050336716,513,True,feature_common_within_state
CS2_36,soh_level,Early,48,HF2,Group_CV,0.07753301245231282,0.06617550723942926,513,True,feature_common_within_state
CS2_36,soh_level,Early,48,HF3,Group_EnergyEfficiency,0.015616718467392885,0.015616718467392885,513,True,feature_common_within_state
CS2_36,soh_level,Early,48,HF4,Group_DischargeIC,0.06833406276027713,0.11940173497778277,513,True,feature_common_within_state
CS2_36,soh_level,Early,48,HF5,Group_DischargeIC,-0.11485933129924739,0.11940173497778277,513,True,feature_common_within_state
CS2_36,soh_level,Early,48,HF6,Group_DischargeIC,-0.17501181087382378,0.11940173497778277,513,True,feature_common_within_state
CS2_36,soh_level,Early,48,HF7,Group_CC,-0.025243410912896787,0.02448869050336716,513,True,feature_common_within_state
CS2_36,soh_level,Early,48,HF8,Group_CV,0.0548180020265457,0.06617550723942926,513,True,feature_common_within_state
CS2_36,soh_level,Middle,48,HF1,Group_CC,-0.0025957969841835958,0.0021351236861344384,94,True,feature_common_within_state
CS2_36,soh_level,Middle,48,HF2,Group_CV,0.16662589624779345,0.18815678654828044,94,True,feature_common_within_state
CS2_36,soh_level,Middle,48,HF3,Group_EnergyEfficiency,-0.08157568571285109,0.08157568571285109,94,True,feature_common_within_state
CS2_36,soh_level,Middle,48,HF4,Group_DischargeIC,-0.045145802078511245,0.07199334001661883,94,True,feature_common_within_state
CS2_36,soh_level,Middle,48,HF5,Group_DischargeIC,-0.0814564864612003,0.07199334001661883,94,True,feature_common_within_state
CS2_36,soh_level,Middle,48,HF6,Group_DischargeIC,-0.08937773151014497,0.07199334001661883,94,True,feature_common_within_state
CS2_36,soh_level,Middle,48,HF7,Group_CC,-0.0016744503880852808,0.0021351236861344384,94,True,feature_common_within_state
CS2_36,soh_level,Middle,48,HF8,Group_CV,0.20968767684876743,0.18815678654828044,94,True,feature_common_within_state
CS2_36,soh_level,Late,48,HF1,Group_CC,,,0,False,feature_common_within_state
CS2_36,soh_level,Late,48,HF2,Group_CV,,,0,False,feature_common_within_state
CS2_36,soh_level,Late,48,HF3,Group_EnergyEfficiency,,,0,False,feature_common_within_state
CS2_36,soh_level,Late,48,HF4,Group_DischargeIC,,,0,False,feature_common_within_state
CS2_36,soh_level,Late,48,HF5,Group_DischargeIC,,,0,False,feature_common_within_state
CS2_36,soh_level,Late,48,HF6,Group_DischargeIC,,,0,False,feature_common_within_state
CS2_36,soh_level,Late,48,HF7,Group_CC,,,0,False,feature_common_within_state
CS2_36,soh_level,Late,48,HF8,Group_CV,,,0,False,feature_common_within_state
CS2_36,degradation_dynamics,Slow,48,HF1,Group_CC,-0.18457486210807716,0.18608289845181047,216,True,feature_common_within_state
CS2_36,degradation_dynamics,Slow,48,HF2,Group_CV,0.11880196108164777,0.11906142559776697,216,True,feature_common_within_state
CS2_36,degradation_dynamics,Slow,48,HF3,Group_EnergyEfficiency,0.07732415785170665,0.07732415785170665,216,True,feature_common_within_state
CS2_36,degradation_dynamics,Slow,48,HF4,Group_DischargeIC,0.1372657078419678,0.07872773761859954,216,True,feature_common_within_state
CS2_36,degradation_dynamics,Slow,48,HF5,Group_DischargeIC,0.008565421494857197,0.07872773761859954,216,True,feature_common_within_state
CS2_36,degradation_dynamics,Slow,48,HF6,Group_DischargeIC,-0.09035208351897366,0.07872773761859954,216,True,feature_common_within_state
CS2_36,degradation_dynamics,Slow,48,HF7,Group_CC,-0.18759093479554378,0.18608289845181047,216,True,feature_common_within_state
CS2_36,degradation_dynamics,Slow,48,HF8,Group_CV,0.11932089011388618,0.11906142559776697,216,True,feature_common_within_state
CS2_36,degradation_dynamics,Medium,48,HF1,Group_CC,-0.06603671837770092,0.07002147282655102,170,True,feature_common_within_state
CS2_36,degradation_dynamics,Medium,48,HF2,Group_CV,0.14607293660171022,0.15281166698107312,170,True,feature_common_within_state
CS2_36,degradation_dynamics,Medium,48,HF3,Group_EnergyEfficiency,-0.10832142184622388,0.10832142184622388,170,True,feature_common_within_state
CS2_36,degradation_dynamics,Medium,48,HF4,Group_DischargeIC,-0.06881002756325394,0.10082300767427237,170,True,feature_common_within_state
CS2_36,degradation_dynamics,Medium,48,HF5,Group_DischargeIC,-0.0813101681669228,0.10082300767427237,170,True,feature_common_within_state
CS2_36,degradation_dynamics,Medium,48,HF6,Group_DischargeIC,-0.15234882729264038,0.10082300767427237,170,True,feature_common_within_state
CS2_36,degradation_dynamics,Medium,48,HF7,Group_CC,-0.07400622727540114,0.07002147282655102,170,True,feature_common_within_state
CS2_36,degradation_dynamics,Medium,48,HF8,Group_CV,0.15955039736043602,0.15281166698107312,170,True,feature_common_within_state
CS2_36,degradation_dynamics,Fast,48,HF1,Group_CC,-0.024717112929745464,0.024726244562314245,113,True,feature_common_within_state
CS2_36,degradation_dynamics,Fast,48,HF2,Group_CV,0.11395950204642928,0.11404145798646001,113,True,feature_common_within_state
CS2_36,degradation_dynamics,Fast,48,HF3,Group_EnergyEfficiency,0.025607096343338468,0.025607096343338468,113,True,feature_common_within_state
CS2_36,degradation_dynamics,Fast,48,HF4,Group_DischargeIC,-0.08685789548430918,0.18177969777627032,113,True,feature_common_within_state
CS2_36,degradation_dynamics,Fast,48,HF5,Group_DischargeIC,-0.1500867831629634,0.18177969777627032,113,True,feature_common_within_state
CS2_36,degradation_dynamics,Fast,48,HF6,Group_DischargeIC,-0.3083944146815384,0.18177969777627032,113,True,feature_common_within_state
CS2_36,degradation_dynamics,Fast,48,HF7,Group_CC,-0.024735376194883023,0.024726244562314245,113,True,feature_common_within_state
CS2_36,degradation_dynamics,Fast,48,HF8,Group_CV,0.11412341392649075,0.11404145798646001,113,True,feature_common_within_state
CS2_36,cycle_position,Early-life,48,HF1,Group_CC,-0.009305043109226857,0.009821887788833188,318,True,feature_common_within_state
CS2_36,cycle_position,Early-life,48,HF2,Group_CV,0.021013278946614613,0.020524034567515642,318,True,feature_common_within_state
CS2_36,cycle_position,Early-life,48,HF3,Group_EnergyEfficiency,0.005622499698760395,0.005622499698760395,318,True,feature_common_within_state
CS2_36,cycle_position,Early-life,48,HF4,Group_DischargeIC,-0.024670209089369552,0.047406461996857795,318,True,feature_common_within_state
CS2_36,cycle_position,Early-life,48,HF5,Group_DischargeIC,-0.06363928848055198,0.047406461996857795,318,True,feature_common_within_state
CS2_36,cycle_position,Early-life,48,HF6,Group_DischargeIC,-0.05390988842065186,0.047406461996857795,318,True,feature_common_within_state
CS2_36,cycle_position,Early-life,48,HF7,Group_CC,-0.01033873246843952,0.009821887788833188,318,True,feature_common_within_state
CS2_36,cycle_position,Early-life,48,HF8,Group_CV,0.02003479018841667,0.020524034567515642,318,True,feature_common_within_state
CS2_36,cycle_position,Mid-life,48,HF1,Group_CC,-0.009245633430326895,0.009652635620572522,259,True,feature_common_within_state
CS2_36,cycle_position,Mid-life,48,HF2,Group_CV,0.11370664916250964,0.10295155151608618,259,True,feature_common_within_state
CS2_36,cycle_position,Mid-life,48,HF3,Group_EnergyEfficiency,0.0065635464641148975,0.0065635464641148975,259,True,feature_common_within_state
CS2_36,cycle_position,Mid-life,48,HF4,Group_DischargeIC,-0.04809636658202076,0.13876200621729032,259,True,feature_common_within_state
CS2_36,cycle_position,Mid-life,48,HF5,Group_DischargeIC,-0.12368335682098343,0.13876200621729032,259,True,feature_common_within_state
CS2_36,cycle_position,Mid-life,48,HF6,Group_DischargeIC,-0.24450629524886675,0.13876200621729032,259,True,feature_common_within_state
CS2_36,cycle_position,Mid-life,48,HF7,Group_CC,-0.010059637810818148,0.009652635620572522,259,True,feature_common_within_state
CS2_36,cycle_position,Mid-life,48,HF8,Group_CV,0.09219645386966273,0.10295155151608618,259,True,feature_common_within_state
CS2_36,cycle_position,Late-life,48,HF1,Group_CC,-0.09128028755588109,0.0895997849199534,30,True,feature_common_within_state
CS2_36,cycle_position,Late-life,48,HF2,Group_CV,-0.008645553816583435,0.0064928936840273205,30,True,feature_common_within_state
CS2_36,cycle_position,Late-life,48,HF3,Group_EnergyEfficiency,0.10113418436233555,0.10113418436233555,30,True,feature_common_within_state
CS2_36,cycle_position,Late-life,48,HF4,Group_DischargeIC,0.1215577952365981,0.0864693941049387,30,True,feature_common_within_state
CS2_36,cycle_position,Late-life,48,HF5,Group_DischargeIC,0.07836448176000475,0.0864693941049387,30,True,feature_common_within_state
CS2_36,cycle_position,Late-life,48,HF6,Group_DischargeIC,0.05948590531821326,0.0864693941049387,30,True,feature_common_within_state
CS2_36,cycle_position,Late-life,48,HF7,Group_CC,-0.08791928228402572,0.0895997849199534,30,True,feature_common_within_state
CS2_36,cycle_position,Late-life,48,HF8,Group_CV,0.004340233551471206,0.0064928936840273205,30,True,feature_common_within_state
CS2_36,soh_level,Early,64,HF1,Group_CC,-0.0128327950825435,0.013332403148076068,513,True,feature_common_within_state
CS2_36,soh_level,Early,64,HF2,Group_CV,0.06630119716267288,0.0551723797282702,513,True,feature_common_within_state
CS2_36,soh_level,Early,64,HF3,Group_EnergyEfficiency,0.012043328106608044,0.012043328106608044,513,True,feature_common_within_state
CS2_36,soh_level,Early,64,HF4,Group_DischargeIC,0.10357592246398446,0.1411393042925553,513,True,feature_common_within_state
CS2_36,soh_level,Early,64,HF5,Group_DischargeIC,-0.16612107754771907,0.1411393042925553,513,True,feature_common_within_state
CS2_36,soh_level,Early,64,HF6,Group_DischargeIC,-0.15372091286596234,0.1411393042925553,513,True,feature_common_within_state
CS2_36,soh_level,Early,64,HF7,Group_CC,-0.013832011213608638,0.013332403148076068,513,True,feature_common_within_state
CS2_36,soh_level,Early,64,HF8,Group_CV,0.04404356229386753,0.0551723797282702,513,True,feature_common_within_state
CS2_36,soh_level,Middle,64,HF1,Group_CC,-0.003423275685106932,0.003364958961896824,94,True,feature_common_within_state
CS2_36,soh_level,Middle,64,HF2,Group_CV,0.3065466885772405,0.3428708005228299,94,True,feature_common_within_state
CS2_36,soh_level,Middle,64,HF3,Group_EnergyEfficiency,-0.1632356938138902,0.1632356938138902,94,True,feature_common_within_state
CS2_36,soh_level,Middle,64,HF4,Group_DischargeIC,-0.15589246601962475,0.16540666003712123,94,True,feature_common_within_state
CS2_36,soh_level,Middle,64,HF5,Group_DischargeIC,-0.16261899588815654,0.16540666003712123,94,True,feature_common_within_state
CS2_36,soh_level,Middle,64,HF6,Group_DischargeIC,-0.1777085182035824,0.16540666003712123,94,True,feature_common_within_state
CS2_36,soh_level,Middle,64,HF7,Group_CC,-0.003306642238686716,0.003364958961896824,94,True,feature_common_within_state
CS2_36,soh_level,Middle,64,HF8,Group_CV,0.3791949124684193,0.3428708005228299,94,True,feature_common_within_state
CS2_36,soh_level,Late,64,HF1,Group_CC,,,0,False,feature_common_within_state
CS2_36,soh_level,Late,64,HF2,Group_CV,,,0,False,feature_common_within_state
CS2_36,soh_level,Late,64,HF3,Group_EnergyEfficiency,,,0,False,feature_common_within_state
CS2_36,soh_level,Late,64,HF4,Group_DischargeIC,,,0,False,feature_common_within_state
CS2_36,soh_level,Late,64,HF5,Group_DischargeIC,,,0,False,feature_common_within_state
CS2_36,soh_level,Late,64,HF6,Group_DischargeIC,,,0,False,feature_common_within_state
CS2_36,soh_level,Late,64,HF7,Group_CC,,,0,False,feature_common_within_state
CS2_36,soh_level,Late,64,HF8,Group_CV,,,0,False,feature_common_within_state
CS2_36,degradation_dynamics,Slow,64,HF1,Group_CC,-0.18950785212288215,0.18952052599299302,216,True,feature_common_within_state
CS2_36,degradation_dynamics,Slow,64,HF2,Group_CV,0.2360373990170842,0.2549043326373994,216,True,feature_common_within_state
CS2_36,degradation_dynamics,Slow,64,HF3,Group_EnergyEfficiency,-0.08477314965972557,0.08477314965972557,216,True,feature_common_within_state
CS2_36,degradation_dynamics,Slow,64,HF4,Group_DischargeIC,0.06525403949575542,0.08992932793880663,216,True,feature_common_within_state
CS2_36,degradation_dynamics,Slow,64,HF5,Group_DischargeIC,-0.07958374016128053,0.08992932793880663,216,True,feature_common_within_state
CS2_36,degradation_dynamics,Slow,64,HF6,Group_DischargeIC,-0.12495020415938393,0.08992932793880663,216,True,feature_common_within_state
CS2_36,degradation_dynamics,Slow,64,HF7,Group_CC,-0.18953319986310385,0.18952052599299302,216,True,feature_common_within_state
CS2_36,degradation_dynamics,Slow,64,HF8,Group_CV,0.27377126625771464,0.2549043326373994,216,True,feature_common_within_state
CS2_36,degradation_dynamics,Medium,64,HF1,Group_CC,0.05544620285755642,0.050211430424306175,170,True,feature_common_within_state
CS2_36,degradation_dynamics,Medium,64,HF2,Group_CV,0.035849740970825036,0.039789682717260924,170,True,feature_common_within_state
CS2_36,degradation_dynamics,Medium,64,HF3,Group_EnergyEfficiency,-0.12361840604839386,0.12361840604839386,170,True,feature_common_within_state
CS2_36,degradation_dynamics,Medium,64,HF4,Group_DischargeIC,-0.07051012314691062,0.07603176260176982,170,True,feature_common_within_state
CS2_36,degradation_dynamics,Medium,64,HF5,Group_DischargeIC,-0.0615576094584838,0.07603176260176982,170,True,feature_common_within_state
CS2_36,degradation_dynamics,Medium,64,HF6,Group_DischargeIC,-0.09602755519991506,0.07603176260176982,170,True,feature_common_within_state
CS2_36,degradation_dynamics,Medium,64,HF7,Group_CC,0.04497665799105593,0.050211430424306175,170,True,feature_common_within_state
CS2_36,degradation_dynamics,Medium,64,HF8,Group_CV,0.043729624463696805,0.039789682717260924,170,True,feature_common_within_state
CS2_36,degradation_dynamics,Fast,64,HF1,Group_CC,0.030918748964647413,0.03042387630463337,113,True,feature_common_within_state
CS2_36,degradation_dynamics,Fast,64,HF2,Group_CV,0.25126800282118517,0.26739993662080735,113,True,feature_common_within_state
CS2_36,degradation_dynamics,Fast,64,HF3,Group_EnergyEfficiency,-0.00471366118040664,0.00471366118040664,113,True,feature_common_within_state
CS2_36,degradation_dynamics,Fast,64,HF4,Group_DischargeIC,-0.1528907284479836,0.21917961083599388,113,True,feature_common_within_state
CS2_36,degradation_dynamics,Fast,64,HF5,Group_DischargeIC,-0.17322592943006537,0.21917961083599388,113,True,feature_common_within_state
CS2_36,degradation_dynamics,Fast,64,HF6,Group_DischargeIC,-0.3314221746299327,0.21917961083599388,113,True,feature_common_within_state
CS2_36,degradation_dynamics,Fast,64,HF7,Group_CC,0.029929003644619322,0.03042387630463337,113,True,feature_common_within_state
CS2_36,degradation_dynamics,Fast,64,HF8,Group_CV,0.28353187042042954,0.26739993662080735,113,True,feature_common_within_state
CS2_36,cycle_position,Early-life,64,HF1,Group_CC,-0.003923339403034286,0.004067852054566704,318,True,feature_common_within_state
CS2_36,cycle_position,Early-life,64,HF2,Group_CV,0.01358099151592176,0.015713016870119167,318,True,feature_common_within_state
CS2_36,cycle_position,Early-life,64,HF3,Group_EnergyEfficiency,0.005015879575504235,0.005015879575504235,318,True,feature_common_within_state
CS2_36,cycle_position,Early-life,64,HF4,Group_DischargeIC,0.020683354332193083,0.04819962330727287,318,True,feature_common_within_state
CS2_36,cycle_position,Early-life,64,HF5,Group_DischargeIC,-0.11819009430933759,0.04819962330727287,318,True,feature_common_within_state
CS2_36,cycle_position,Early-life,64,HF6,Group_DischargeIC,-0.005725421280287949,0.04819962330727287,318,True,feature_common_within_state
CS2_36,cycle_position,Early-life,64,HF7,Group_CC,-0.004212364706099122,0.004067852054566704,318,True,feature_common_within_state
CS2_36,cycle_position,Early-life,64,HF8,Group_CV,0.01784504222431657,0.015713016870119167,318,True,feature_common_within_state
CS2_36,cycle_position,Mid-life,64,HF1,Group_CC,0.03506521020910491,0.03413753974973253,259,True,feature_common_within_state
CS2_36,cycle_position,Mid-life,64,HF2,Group_CV,0.1252752234216085,0.116009259563396,259,True,feature_common_within_state
CS2_36,cycle_position,Mid-life,64,HF3,Group_EnergyEfficiency,-0.03964230438080578,0.03964230438080578,259,True,feature_common_within_state
CS2_36,cycle_position,Mid-life,64,HF4,Group_DischargeIC,-0.1047976646890155,0.16805422603442866,259,True,feature_common_within_state
CS2_36,cycle_position,Mid-life,64,HF5,Group_DischargeIC,-0.16121189051217957,0.16805422603442866,259,True,feature_common_within_state
CS2_36,cycle_position,Mid-life,64,HF6,Group_DischargeIC,-0.23815312290209095,0.16805422603442866,259,True,feature_common_within_state
CS2_36,cycle_position,Mid-life,64,HF7,Group_CC,0.03320986929036014,0.03413753974973253,259,True,feature_common_within_state
CS2_36,cycle_position,Mid-life,64,HF8,Group_CV,0.10674329570518352,0.116009259563396,259,True,feature_common_within_state
CS2_36,cycle_position,Late-life,64,HF1,Group_CC,0.015434071807553783,0.016104898402303044,30,True,feature_common_within_state
CS2_36,cycle_position,Late-life,64,HF2,Group_CV,0.16337556963600652,0.1765055398261112,30,True,feature_common_within_state
CS2_36,cycle_position,Late-life,64,HF3,Group_EnergyEfficiency,-0.06515091408617152,0.06515091408617152,30,True,feature_common_within_state
CS2_36,cycle_position,Late-life,64,HF4,Group_DischargeIC,0.10723725402606274,0.10899121807669758,30,True,feature_common_within_state
CS2_36,cycle_position,Late-life,64,HF5,Group_DischargeIC,0.16892270019604874,0.10899121807669758,30,True,feature_common_within_state
CS2_36,cycle_position,Late-life,64,HF6,Group_DischargeIC,0.050813700007981244,0.10899121807669758,30,True,feature_common_within_state
CS2_36,cycle_position,Late-life,64,HF7,Group_CC,0.016775724997052308,0.016104898402303044,30,True,feature_common_within_state
CS2_36,cycle_position,Late-life,64,HF8,Group_CV,0.18963551001621587,0.1765055398261112,30,True,feature_common_within_state
CS2_37,soh_level,Early,1,HF1,Group_CC,-0.008353913679452079,0.007905291815123002,577,True,feature_common_within_state
CS2_37,soh_level,Early,1,HF2,Group_CV,-0.012635486294914544,0.01613477368785545,577,True,feature_common_within_state
CS2_37,soh_level,Early,1,HF3,Group_EnergyEfficiency,0.004698086630934119,0.004698086630934119,577,True,feature_common_within_state
CS2_37,soh_level,Early,1,HF4,Group_DischargeIC,-0.028446954754929053,0.021991830785155677,577,True,feature_common_within_state
CS2_37,soh_level,Early,1,HF5,Group_DischargeIC,0.02025815081426611,0.021991830785155677,577,True,feature_common_within_state
CS2_37,soh_level,Early,1,HF6,Group_DischargeIC,-0.017270386786271862,0.021991830785155677,577,True,feature_common_within_state
CS2_37,soh_level,Early,1,HF7,Group_CC,-0.007456669950793926,0.007905291815123002,577,True,feature_common_within_state
CS2_37,soh_level,Early,1,HF8,Group_CV,-0.01963406108079636,0.01613477368785545,577,True,feature_common_within_state
CS2_37,soh_level,Middle,1,HF1,Group_CC,-0.015060088525989234,0.01535672393626449,63,True,feature_common_within_state
CS2_37,soh_level,Middle,1,HF2,Group_CV,0.01622223487884739,0.018197349812775175,63,True,feature_common_within_state
CS2_37,soh_level,Middle,1,HF3,Group_EnergyEfficiency,0.009410918190922843,0.009410918190922843,63,True,feature_common_within_state
CS2_37,soh_level,Middle,1,HF4,Group_DischargeIC,0.09823555318856594,0.08348753019587223,63,True,feature_common_within_state
CS2_37,soh_level,Middle,1,HF5,Group_DischargeIC,0.044228430029336824,0.08348753019587223,63,True,feature_common_within_state
CS2_37,soh_level,Middle,1,HF6,Group_DischargeIC,0.10799860736971391,0.08348753019587223,63,True,feature_common_within_state
CS2_37,soh_level,Middle,1,HF7,Group_CC,-0.015653359346539747,0.01535672393626449,63,True,feature_common_within_state
CS2_37,soh_level,Middle,1,HF8,Group_CV,0.020172464746702964,0.018197349812775175,63,True,feature_common_within_state
CS2_37,soh_level,Late,1,HF1,Group_CC,,,0,False,feature_common_within_state
CS2_37,soh_level,Late,1,HF2,Group_CV,,,0,False,feature_common_within_state
CS2_37,soh_level,Late,1,HF3,Group_EnergyEfficiency,,,0,False,feature_common_within_state
CS2_37,soh_level,Late,1,HF4,Group_DischargeIC,,,0,False,feature_common_within_state
CS2_37,soh_level,Late,1,HF5,Group_DischargeIC,,,0,False,feature_common_within_state
CS2_37,soh_level,Late,1,HF6,Group_DischargeIC,,,0,False,feature_common_within_state
CS2_37,soh_level,Late,1,HF7,Group_CC,,,0,False,feature_common_within_state
CS2_37,soh_level,Late,1,HF8,Group_CV,,,0,False,feature_common_within_state
CS2_37,degradation_dynamics,Slow,1,HF1,Group_CC,-0.05798302139502318,0.057370486874680604,212,True,feature_common_within_state
CS2_37,degradation_dynamics,Slow,1,HF2,Group_CV,0.02779913723644466,0.025458003732428725,212,True,feature_common_within_state
CS2_37,degradation_dynamics,Slow,1,HF3,Group_EnergyEfficiency,0.05278546148131692,0.05278546148131692,212,True,feature_common_within_state
CS2_37,degradation_dynamics,Slow,1,HF4,Group_DischargeIC,0.028596628864882085,0.057218846300164126,212,True,feature_common_within_state
CS2_37,degradation_dynamics,Slow,1,HF5,Group_DischargeIC,0.09011142711683587,0.057218846300164126,212,True,feature_common_within_state
CS2_37,degradation_dynamics,Slow,1,HF6,Group_DischargeIC,-0.05294848291877442,0.057218846300164126,212,True,feature_common_within_state
CS2_37,degradation_dynamics,Slow,1,HF7,Group_CC,-0.056757952354338025,0.057370486874680604,212,True,feature_common_within_state
CS2_37,degradation_dynamics,Slow,1,HF8,Group_CV,0.02311687022841279,0.025458003732428725,212,True,feature_common_within_state
CS2_37,degradation_dynamics,Medium,1,HF1,Group_CC,-0.05153635570727698,0.052394513569952776,216,True,feature_common_within_state
CS2_37,degradation_dynamics,Medium,1,HF2,Group_CV,0.06452810107429156,0.06545756506580525,216,True,feature_common_within_state
CS2_37,degradation_dynamics,Medium,1,HF3,Group_EnergyEfficiency,-0.049370052162087466,0.049370052162087466,216,True,feature_common_within_state
CS2_37,degradation_dynamics,Medium,1,HF4,Group_DischargeIC,-0.038711628548824276,0.05464207639047122,216,True,feature_common_within_state
CS2_37,degradation_dynamics,Medium,1,HF5,Group_DischargeIC,-0.10513919074867266,0.05464207639047122,216,True,feature_common_within_state
CS2_37,degradation_dynamics,Medium,1,HF6,Group_DischargeIC,-0.020075409873916737,0.05464207639047122,216,True,feature_common_within_state
CS2_37,degradation_dynamics,Medium,1,HF7,Group_CC,-0.05325267143262857,0.052394513569952776,216,True,feature_common_within_state
CS2_37,degradation_dynamics,Medium,1,HF8,Group_CV,0.06638702905731894,0.06545756506580525,216,True,feature_common_within_state
CS2_37,degradation_dynamics,Fast,1,HF1,Group_CC,-0.030867950481039692,0.024578953849620215,101,True,feature_common_within_state
CS2_37,degradation_dynamics,Fast,1,HF2,Group_CV,0.0025385997218325346,0.012722060981760576,101,True,feature_common_within_state
CS2_37,degradation_dynamics,Fast,1,HF3,Group_EnergyEfficiency,0.04673039190206104,0.04673039190206104,101,True,feature_common_within_state
CS2_37,degradation_dynamics,Fast,1,HF4,Group_DischargeIC,-0.019224946484720923,0.04773921117799201,101,True,feature_common_within_state
CS2_37,degradation_dynamics,Fast,1,HF5,Group_DischargeIC,0.025208182819224555,0.04773921117799201,101,True,feature_common_within_state
CS2_37,degradation_dynamics,Fast,1,HF6,Group_DischargeIC,-0.09878450423003053,0.04773921117799201,101,True,feature_common_within_state
CS2_37,degradation_dynamics,Fast,1,HF7,Group_CC,-0.018289957218200738,0.024578953849620215,101,True,feature_common_within_state
CS2_37,degradation_dynamics,Fast,1,HF8,Group_CV,-0.022905522241688618,0.012722060981760576,101,True,feature_common_within_state
CS2_37,cycle_position,Early-life,1,HF1,Group_CC,-0.016479391041797086,0.011817696285449125,315,True,feature_common_within_state
CS2_37,cycle_position,Early-life,1,HF2,Group_CV,-0.055071459527085344,0.06228021712926564,315,True,feature_common_within_state
CS2_37,cycle_position,Early-life,1,HF3,Group_EnergyEfficiency,0.08095833409518587,0.08095833409518587,315,True,feature_common_within_state
CS2_37,cycle_position,Early-life,1,HF4,Group_DischargeIC,0.004075934601610201,0.012626355750363043,315,True,feature_common_within_state
CS2_37,cycle_position,Early-life,1,HF5,Group_DischargeIC,0.028409251245468448,0.012626355750363043,315,True,feature_common_within_state
CS2_37,cycle_position,Early-life,1,HF6,Group_DischargeIC,-0.005393881404010483,0.012626355750363043,315,True,feature_common_within_state
CS2_37,cycle_position,Early-life,1,HF7,Group_CC,-0.0071560015291011626,0.011817696285449125,315,True,feature_common_within_state
CS2_37,cycle_position,Early-life,1,HF8,Group_CV,-0.06948897473144594,0.06228021712926564,315,True,feature_common_within_state
CS2_37,cycle_position,Mid-life,1,HF1,Group_CC,-0.01860459757489777,0.019008771556087094,287,True,feature_common_within_state
CS2_37,cycle_position,Mid-life,1,HF2,Group_CV,0.06658738808914545,0.0709688657481585,287,True,feature_common_within_state
CS2_37,cycle_position,Mid-life,1,HF3,Group_EnergyEfficiency,0.008417610097557331,0.008417610097557331,287,True,feature_common_within_state
CS2_37,cycle_position,Mid-life,1,HF4,Group_DischargeIC,-0.06546576860951459,0.05888266292778061,287,True,feature_common_within_state
CS2_37,cycle_position,Mid-life,1,HF5,Group_DischargeIC,-0.06255071093155645,0.05888266292778061,287,True,feature_common_within_state
CS2_37,cycle_position,Mid-life,1,HF6,Group_DischargeIC,-0.048631509242270804,0.05888266292778061,287,True,feature_common_within_state
CS2_37,cycle_position,Mid-life,1,HF7,Group_CC,-0.019412945537276415,0.019008771556087094,287,True,feature_common_within_state
CS2_37,cycle_position,Mid-life,1,HF8,Group_CV,0.07535034340717156,0.0709688657481585,287,True,feature_common_within_state
CS2_37,cycle_position,Late-life,1,HF1,Group_CC,-0.009926084984752559,0.01025406906616279,38,True,feature_common_within_state
CS2_37,cycle_position,Late-life,1,HF2,Group_CV,0.01686155811659773,0.015630687392848272,38,True,feature_common_within_state
CS2_37,cycle_position,Late-life,1,HF3,Group_EnergyEfficiency,0.0073863259096107236,0.0073863259096107236,38,True,feature_common_within_state
CS2_37,cycle_position,Late-life,1,HF4,Group_DischargeIC,0.027002311285939072,0.04600370667009753,38,True,feature_common_within_state
CS2_37,cycle_position,Late-life,1,HF5,Group_DischargeIC,-0.058596740002947664,0.04600370667009753,38,True,feature_common_within_state
CS2_37,cycle_position,Late-life,1,HF6,Group_DischargeIC,0.052412068721405844,0.04600370667009753,38,True,feature_common_within_state
CS2_37,cycle_position,Late-life,1,HF7,Group_CC,-0.01058205314757302,0.01025406906616279,38,True,feature_common_within_state
CS2_37,cycle_position,Late-life,1,HF8,Group_CV,0.01439981666909881,0.015630687392848272,38,True,feature_common_within_state
CS2_37,soh_level,Early,4,HF1,Group_CC,-0.027009288629796763,0.028213854123434745,576,True,feature_common_within_state
CS2_37,soh_level,Early,4,HF2,Group_CV,0.05471467411265707,0.05243844282986488,576,True,feature_common_within_state
CS2_37,soh_level,Early,4,HF3,Group_EnergyEfficiency,0.01697079075626565,0.01697079075626565,576,True,feature_common_within_state
CS2_37,soh_level,Early,4,HF4,Group_DischargeIC,-0.02041720381596763,0.05062444465965238,576,True,feature_common_within_state
CS2_37,soh_level,Early,4,HF5,Group_DischargeIC,-0.07856272091808046,0.05062444465965238,576,True,feature_common_within_state
CS2_37,soh_level,Early,4,HF6,Group_DischargeIC,-0.052893409244909026,0.05062444465965238,576,True,feature_common_within_state
CS2_37,soh_level,Early,4,HF7,Group_CC,-0.029418419617072727,0.028213854123434745,576,True,feature_common_within_state
CS2_37,soh_level,Early,4,HF8,Group_CV,0.05016221154707269,0.05243844282986488,576,True,feature_common_within_state
CS2_37,soh_level,Middle,4,HF1,Group_CC,0.4419901094827208,0.4417833467040686,63,True,feature_common_within_state
CS2_37,soh_level,Middle,4,HF2,Group_CV,0.17989236121350427,0.22968451722981348,63,True,feature_common_within_state
CS2_37,soh_level,Middle,4,HF3,Group_EnergyEfficiency,-0.4447657561565521,0.4447657561565521,63,True,feature_common_within_state
CS2_37,soh_level,Middle,4,HF4,Group_DischargeIC,0.25104396765397213,0.272407316609324,63,True,feature_common_within_state
CS2_37,soh_level,Middle,4,HF5,Group_DischargeIC,0.26576532593863406,0.272407316609324,63,True,feature_common_within_state
CS2_37,soh_level,Middle,4,HF6,Group_DischargeIC,0.3004126562353657,0.272407316609324,63,True,feature_common_within_state
CS2_37,soh_level,Middle,4,HF7,Group_CC,0.4415765839254164,0.4417833467040686,63,True,feature_common_within_state
CS2_37,soh_level,Middle,4,HF8,Group_CV,0.2794766732461227,0.22968451722981348,63,True,feature_common_within_state
CS2_37,soh_level,Late,4,HF1,Group_CC,,,0,False,feature_common_within_state
CS2_37,soh_level,Late,4,HF2,Group_CV,,,0,False,feature_common_within_state
CS2_37,soh_level,Late,4,HF3,Group_EnergyEfficiency,,,0,False,feature_common_within_state
CS2_37,soh_level,Late,4,HF4,Group_DischargeIC,,,0,False,feature_common_within_state
CS2_37,soh_level,Late,4,HF5,Group_DischargeIC,,,0,False,feature_common_within_state
CS2_37,soh_level,Late,4,HF6,Group_DischargeIC,,,0,False,feature_common_within_state
CS2_37,soh_level,Late,4,HF7,Group_CC,,,0,False,feature_common_within_state
CS2_37,soh_level,Late,4,HF8,Group_CV,,,0,False,feature_common_within_state
CS2_37,degradation_dynamics,Slow,4,HF1,Group_CC,-0.015858712615731782,0.018481193092356664,211,True,feature_common_within_state
CS2_37,degradation_dynamics,Slow,4,HF2,Group_CV,0.009113140414531807,0.009900880266398224,211,True,feature_common_within_state
CS2_37,degradation_dynamics,Slow,4,HF3,Group_EnergyEfficiency,0.01760075309605146,0.01760075309605146,211,True,feature_common_within_state
CS2_37,degradation_dynamics,Slow,4,HF4,Group_DischargeIC,0.1347791507150436,0.06650663905579758,211,True,feature_common_within_state
CS2_37,degradation_dynamics,Slow,4,HF5,Group_DischargeIC,-0.056261364155677174,0.06650663905579758,211,True,feature_common_within_state
CS2_37,degradation_dynamics,Slow,4,HF6,Group_DischargeIC,0.008479402296671962,0.06650663905579758,211,True,feature_common_within_state
CS2_37,degradation_dynamics,Slow,4,HF7,Group_CC,-0.021103673568981546,0.018481193092356664,211,True,feature_common_within_state
CS2_37,degradation_dynamics,Slow,4,HF8,Group_CV,0.01068862011826464,0.009900880266398224,211,True,feature_common_within_state
CS2_37,degradation_dynamics,Medium,4,HF1,Group_CC,-0.08842908434892154,0.09238257670590312,216,True,feature_common_within_state
CS2_37,degradation_dynamics,Medium,4,HF2,Group_CV,0.12203039339023088,0.11548757637294146,216,True,feature_common_within_state
CS2_37,degradation_dynamics,Medium,4,HF3,Group_EnergyEfficiency,-0.11399818832408742,0.11399818832408742,216,True,feature_common_within_state
CS2_37,degradation_dynamics,Medium,4,HF4,Group_DischargeIC,-0.14100829423004022,0.14465810471859786,216,True,feature_common_within_state
CS2_37,degradation_dynamics,Medium,4,HF5,Group_DischargeIC,-0.15257953617352016,0.14465810471859786,216,True,feature_common_within_state
CS2_37,degradation_dynamics,Medium,4,HF6,Group_DischargeIC,-0.14038648375223317,0.14465810471859786,216,True,feature_common_within_state
CS2_37,degradation_dynamics,Medium,4,HF7,Group_CC,-0.09633606906288471,0.09238257670590312,216,True,feature_common_within_state
CS2_37,degradation_dynamics,Medium,4,HF8,Group_CV,0.10894475935565207,0.11548757637294146,216,True,feature_common_within_state
CS2_37,degradation_dynamics,Fast,4,HF1,Group_CC,-0.042084109988982946,0.04580348951367752,101,True,feature_common_within_state
CS2_37,degradation_dynamics,Fast,4,HF2,Group_CV,0.1658818174886449,0.166976246708449,101,True,feature_common_within_state
CS2_37,degradation_dynamics,Fast,4,HF3,Group_EnergyEfficiency,-0.15265917740310472,0.15265917740310472,101,True,feature_common_within_state
CS2_37,degradation_dynamics,Fast,4,HF4,Group_DischargeIC,-0.17811041357410387,0.18877815518845145,101,True,feature_common_within_state
CS2_37,degradation_dynamics,Fast,4,HF5,Group_DischargeIC,-0.20562664530004984,0.18877815518845145,101,True,feature_common_within_state
CS2_37,degradation_dynamics,Fast,4,HF6,Group_DischargeIC,-0.1825974066912007,0.18877815518845145,101,True,feature_common_within_state
CS2_37,degradation_dynamics,Fast,4,HF7,Group_CC,-0.0495228690383721,0.04580348951367752,101,True,feature_common_within_state
CS2_37,degradation_dynamics,Fast,4,HF8,Group_CV,0.1680706759282531,0.166976246708449,101,True,feature_common_within_state
CS2_37,cycle_position,Early-life,4,HF1,Group_CC,-0.03513937491521033,0.038849612012606546,315,True,feature_common_within_state
CS2_37,cycle_position,Early-life,4,HF2,Group_CV,0.02786746295369288,0.02877574658592473,315,True,feature_common_within_state
CS2_37,cycle_position,Early-life,4,HF3,Group_EnergyEfficiency,-0.016166536794691478,0.016166536794691478,315,True,feature_common_within_state
CS2_37,cycle_position,Early-life,4,HF4,Group_DischargeIC,-0.0014445972028208033,0.022433897660586816,315,True,feature_common_within_state
CS2_37,cycle_position,Early-life,4,HF5,Group_DischargeIC,-0.03116810056392594,0.022433897660586816,315,True,feature_common_within_state
CS2_37,cycle_position,Early-life,4,HF6,Group_DischargeIC,0.03468899521501371,0.022433897660586816,315,True,feature_common_within_state
CS2_37,cycle_position,Early-life,4,HF7,Group_CC,-0.04255984911000276,0.038849612012606546,315,True,feature_common_within_state
CS2_37,cycle_position,Early-life,4,HF8,Group_CV,0.029684030218156583,0.02877574658592473,315,True,feature_common_within_state
CS2_37,cycle_position,Mid-life,4,HF1,Group_CC,-0.03770163910196423,0.03843423350654386,286,True,feature_common_within_state
CS2_37,cycle_position,Mid-life,4,HF2,Group_CV,0.1044911989529848,0.11178427745229273,286,True,feature_common_within_state
CS2_37,cycle_position,Mid-life,4,HF3,Group_EnergyEfficiency,0.029928567740631854,0.029928567740631854,286,True,feature_common_within_state
CS2_37,cycle_position,Mid-life,4,HF4,Group_DischargeIC,-0.15101103083729486,0.13206486029420914,286,True,feature_common_within_state
CS2_37,cycle_position,Mid-life,4,HF5,Group_DischargeIC,-0.12100704348617368,0.13206486029420914,286,True,feature_common_within_state
CS2_37,cycle_position,Mid-life,4,HF6,Group_DischargeIC,-0.12417650655915885,0.13206486029420914,286,True,feature_common_within_state
CS2_37,cycle_position,Mid-life,4,HF7,Group_CC,-0.0391668279111235,0.03843423350654386,286,True,feature_common_within_state
CS2_37,cycle_position,Mid-life,4,HF8,Group_CV,0.11907735595160067,0.11178427745229273,286,True,feature_common_within_state
CS2_37,cycle_position,Late-life,4,HF1,Group_CC,0.49609164206183237,0.4954929916507237,38,True,feature_common_within_state
CS2_37,cycle_position,Late-life,4,HF2,Group_CV,0.4997003472360925,0.5180392287761996,38,True,feature_common_within_state
CS2_37,cycle_position,Late-life,4,HF3,Group_EnergyEfficiency,-0.5056128235190126,0.5056128235190126,38,True,feature_common_within_state
CS2_37,cycle_position,Late-life,4,HF4,Group_DischargeIC,0.15401730652124546,0.1677877591261142,38,True,feature_common_within_state
CS2_37,cycle_position,Late-life,4,HF5,Group_DischargeIC,0.1519095695715485,0.1677877591261142,38,True,feature_common_within_state
CS2_37,cycle_position,Late-life,4,HF6,Group_DischargeIC,0.1974364012855487,0.1677877591261142,38,True,feature_common_within_state
CS2_37,cycle_position,Late-life,4,HF7,Group_CC,0.49489434123961495,0.4954929916507237,38,True,feature_common_within_state
CS2_37,cycle_position,Late-life,4,HF8,Group_CV,0.5363781103163066,0.5180392287761996,38,True,feature_common_within_state
CS2_37,soh_level,Early,8,HF1,Group_CC,-0.024441437610978018,0.024782747040280006,577,True,feature_common_within_state
CS2_37,soh_level,Early,8,HF2,Group_CV,0.027273550237889327,0.02166595195336011,577,True,feature_common_within_state
CS2_37,soh_level,Early,8,HF3,Group_EnergyEfficiency,0.01161719884677702,0.01161719884677702,577,True,feature_common_within_state
CS2_37,soh_level,Early,8,HF4,Group_DischargeIC,-0.016718839542227932,0.032680105614698994,577,True,feature_common_within_state
CS2_37,soh_level,Early,8,HF5,Group_DischargeIC,-0.01836602847876117,0.032680105614698994,577,True,feature_common_within_state
CS2_37,soh_level,Early,8,HF6,Group_DischargeIC,-0.06295544882310788,0.032680105614698994,577,True,feature_common_within_state
CS2_37,soh_level,Early,8,HF7,Group_CC,-0.025124056469581994,0.024782747040280006,577,True,feature_common_within_state
CS2_37,soh_level,Early,8,HF8,Group_CV,0.016058353668830894,0.02166595195336011,577,True,feature_common_within_state
CS2_37,soh_level,Middle,8,HF1,Group_CC,0.2845528221149232,0.2841119629305891,63,True,feature_common_within_state
CS2_37,soh_level,Middle,8,HF2,Group_CV,0.28815562270329353,0.3202381323569222,63,True,feature_common_within_state
CS2_37,soh_level,Middle,8,HF3,Group_EnergyEfficiency,-0.3099265989016376,0.3099265989016376,63,True,feature_common_within_state
CS2_37,soh_level,Middle,8,HF4,Group_DischargeIC,0.34565393057226423,0.3257297679464219,63,True,feature_common_within_state
CS2_37,soh_level,Middle,8,HF5,Group_DischargeIC,0.3145406418718827,0.3257297679464219,63,True,feature_common_within_state
CS2_37,soh_level,Middle,8,HF6,Group_DischargeIC,0.3169947313951188,0.3257297679464219,63,True,feature_common_within_state
CS2_37,soh_level,Middle,8,HF7,Group_CC,0.283671103746255,0.2841119629305891,63,True,feature_common_within_state
CS2_37,soh_level,Middle,8,HF8,Group_CV,0.35232064201055097,0.3202381323569222,63,True,feature_common_within_state
CS2_37,soh_level,Late,8,HF1,Group_CC,,,0,False,feature_common_within_state
CS2_37,soh_level,Late,8,HF2,Group_CV,,,0,False,feature_common_within_state
CS2_37,soh_level,Late,8,HF3,Group_EnergyEfficiency,,,0,False,feature_common_within_state
CS2_37,soh_level,Late,8,HF4,Group_DischargeIC,,,0,False,feature_common_within_state
CS2_37,soh_level,Late,8,HF5,Group_DischargeIC,,,0,False,feature_common_within_state
CS2_37,soh_level,Late,8,HF6,Group_DischargeIC,,,0,False,feature_common_within_state
CS2_37,soh_level,Late,8,HF7,Group_CC,,,0,False,feature_common_within_state
CS2_37,soh_level,Late,8,HF8,Group_CV,,,0,False,feature_common_within_state
CS2_37,degradation_dynamics,Slow,8,HF1,Group_CC,-0.033026171606992574,0.028924283142793238,213,True,feature_common_within_state
CS2_37,degradation_dynamics,Slow,8,HF2,Group_CV,-0.018472371667581998,0.021689063531023057,213,True,feature_common_within_state
CS2_37,degradation_dynamics,Slow,8,HF3,Group_EnergyEfficiency,0.07448943175808856,0.07448943175808856,213,True,feature_common_within_state
CS2_37,degradation_dynamics,Slow,8,HF4,Group_DischargeIC,-0.010509190253306162,0.023409135486012405,213,True,feature_common_within_state
CS2_37,degradation_dynamics,Slow,8,HF5,Group_DischargeIC,0.030572397884171487,0.023409135486012405,213,True,feature_common_within_state
CS2_37,degradation_dynamics,Slow,8,HF6,Group_DischargeIC,-0.02914581832055957,0.023409135486012405,213,True,feature_common_within_state
CS2_37,degradation_dynamics,Slow,8,HF7,Group_CC,-0.0248223946785939,0.028924283142793238,213,True,feature_common_within_state
CS2_37,degradation_dynamics,Slow,8,HF8,Group_CV,-0.024905755394464116,0.021689063531023057,213,True,feature_common_within_state
CS2_37,degradation_dynamics,Medium,8,HF1,Group_CC,-0.07839448494829945,0.08001339558468765,216,True,feature_common_within_state
CS2_37,degradation_dynamics,Medium,8,HF2,Group_CV,0.0964500987329965,0.09654829878193574,216,True,feature_common_within_state
CS2_37,degradation_dynamics,Medium,8,HF3,Group_EnergyEfficiency,-0.08223942954307799,0.08223942954307799,216,True,feature_common_within_state
CS2_37,degradation_dynamics,Medium,8,HF4,Group_DischargeIC,-0.0981688810459229,0.08590522374018526,216,True,feature_common_within_state
CS2_37,degradation_dynamics,Medium,8,HF5,Group_DischargeIC,-0.09667258171571179,0.08590522374018526,216,True,feature_common_within_state
CS2_37,degradation_dynamics,Medium,8,HF6,Group_DischargeIC,-0.0628742084589211,0.08590522374018526,216,True,feature_common_within_state
CS2_37,degradation_dynamics,Medium,8,HF7,Group_CC,-0.08163230622107583,0.08001339558468765,216,True,feature_common_within_state
CS2_37,degradation_dynamics,Medium,8,HF8,Group_CV,0.096646498830875,0.09654829878193574,216,True,feature_common_within_state
CS2_37,degradation_dynamics,Fast,8,HF1,Group_CC,-0.3875602370537102,0.38768382918562605,100,True,feature_common_within_state
CS2_37,degradation_dynamics,Fast,8,HF2,Group_CV,0.33194973966739927,0.3361724361977054,100,True,feature_common_within_state
CS2_37,degradation_dynamics,Fast,8,HF3,Group_EnergyEfficiency,0.14756567866357825,0.14756567866357825,100,True,feature_common_within_state
CS2_37,degradation_dynamics,Fast,8,HF4,Group_DischargeIC,0.09527284079028228,0.114605488807437,100,True,feature_common_within_state
CS2_37,degradation_dynamics,Fast,8,HF5,Group_DischargeIC,0.09567827157562984,0.114605488807437,100,True,feature_common_within_state
CS2_37,degradation_dynamics,Fast,8,HF6,Group_DischargeIC,-0.1528653540563989,0.114605488807437,100,True,feature_common_within_state
CS2_37,degradation_dynamics,Fast,8,HF7,Group_CC,-0.38780742131754187,0.38768382918562605,100,True,feature_common_within_state
CS2_37,degradation_dynamics,Fast,8,HF8,Group_CV,0.3403951327280116,0.3361724361977054,100,True,feature_common_within_state
CS2_37,cycle_position,Early-life,8,HF1,Group_CC,-0.039269568771437446,0.03659914309545259,315,True,feature_common_within_state
CS2_37,cycle_position,Early-life,8,HF2,Group_CV,-0.003461118160299158,0.007176450827737282,315,True,feature_common_within_state
CS2_37,cycle_position,Early-life,8,HF3,Group_EnergyEfficiency,0.03613098146277076,0.03613098146277076,315,True,feature_common_within_state
CS2_37,cycle_position,Early-life,8,HF4,Group_DischargeIC,-0.07172469505210827,0.03921553382975996,315,True,feature_common_within_state
CS2_37,cycle_position,Early-life,8,HF5,Group_DischargeIC,-0.011854953534558092,0.03921553382975996,315,True,feature_common_within_state
CS2_37,cycle_position,Early-life,8,HF6,Group_DischargeIC,-0.03406695290261352,0.03921553382975996,315,True,feature_common_within_state
CS2_37,cycle_position,Early-life,8,HF7,Group_CC,-0.033928717419467735,0.03659914309545259,315,True,feature_common_within_state
CS2_37,cycle_position,Early-life,8,HF8,Group_CV,-0.010891783495175406,0.007176450827737282,315,True,feature_common_within_state
CS2_37,cycle_position,Mid-life,8,HF1,Group_CC,-0.061871699006201056,0.06321152455778539,287,True,feature_common_within_state
CS2_37,cycle_position,Mid-life,8,HF2,Group_CV,0.17027976913833207,0.17818262102845261,287,True,feature_common_within_state
CS2_37,cycle_position,Mid-life,8,HF3,Group_EnergyEfficiency,0.03541733400109766,0.03541733400109766,287,True,feature_common_within_state
CS2_37,cycle_position,Mid-life,8,HF4,Group_DischargeIC,-0.03409166150593622,0.0578508949902802,287,True,feature_common_within_state
CS2_37,cycle_position,Mid-life,8,HF5,Group_DischargeIC,0.017206926562194556,0.0578508949902802,287,True,feature_common_within_state
CS2_37,cycle_position,Mid-life,8,HF6,Group_DischargeIC,-0.1222540969027098,0.0578508949902802,287,True,feature_common_within_state
CS2_37,cycle_position,Mid-life,8,HF7,Group_CC,-0.06455135010936973,0.06321152455778539,287,True,feature_common_within_state
CS2_37,cycle_position,Mid-life,8,HF8,Group_CV,0.18608547291857314,0.17818262102845261,287,True,feature_common_within_state
CS2_37,cycle_position,Late-life,8,HF1,Group_CC,0.2950091764939328,0.2945296748020104,38,True,feature_common_within_state
CS2_37,cycle_position,Late-life,8,HF2,Group_CV,0.4520213947163913,0.4811739509915651,38,True,feature_common_within_state
CS2_37,cycle_position,Late-life,8,HF3,Group_EnergyEfficiency,-0.3178512226473257,0.3178512226473257,38,True,feature_common_within_state
CS2_37,cycle_position,Late-life,8,HF4,Group_DischargeIC,0.37521190520467573,0.3847610445863185,38,True,feature_common_within_state
CS2_37,cycle_position,Late-life,8,HF5,Group_DischargeIC,0.3982692656764813,0.3847610445863185,38,True,feature_common_within_state
CS2_37,cycle_position,Late-life,8,HF6,Group_DischargeIC,0.38080196287779833,0.3847610445863185,38,True,feature_common_within_state
CS2_37,cycle_position,Late-life,8,HF7,Group_CC,0.294050173110088,0.2945296748020104,38,True,feature_common_within_state
CS2_37,cycle_position,Late-life,8,HF8,Group_CV,0.5103265072667389,0.4811739509915651,38,True,feature_common_within_state
CS2_37,soh_level,Early,12,HF1,Group_CC,-0.020047212921449432,0.0206378260670807,577,True,feature_common_within_state
CS2_37,soh_level,Early,12,HF2,Group_CV,0.04130130269683654,0.035857429141636275,577,True,feature_common_within_state
CS2_37,soh_level,Early,12,HF3,Group_EnergyEfficiency,0.0104451050913991,0.0104451050913991,577,True,feature_common_within_state
CS2_37,soh_level,Early,12,HF4,Group_DischargeIC,-0.056983475561035425,0.07733294473040664,577,True,feature_common_within_state
CS2_37,soh_level,Early,12,HF5,Group_DischargeIC,-0.08534008985284706,0.07733294473040664,577,True,feature_common_within_state
CS2_37,soh_level,Early,12,HF6,Group_DischargeIC,-0.08967526877733742,0.07733294473040664,577,True,feature_common_within_state
CS2_37,soh_level,Early,12,HF7,Group_CC,-0.02122843921271197,0.0206378260670807,577,True,feature_common_within_state
CS2_37,soh_level,Early,12,HF8,Group_CV,0.030413555586436013,0.035857429141636275,577,True,feature_common_within_state
CS2_37,soh_level,Middle,12,HF1,Group_CC,0.44329905071478987,0.442602361421468,63,True,feature_common_within_state
CS2_37,soh_level,Middle,12,HF2,Group_CV,0.3404248903735673,0.36279674302116494,63,True,feature_common_within_state
CS2_37,soh_level,Middle,12,HF3,Group_EnergyEfficiency,-0.4715501732694889,0.4715501732694889,63,True,feature_common_within_state
CS2_37,soh_level,Middle,12,HF4,Group_DischargeIC,0.3477895893916562,0.3087277302995172,63,True,feature_common_within_state
CS2_37,soh_level,Middle,12,HF5,Group_DischargeIC,0.3192679821428088,0.3087277302995172,63,True,feature_common_within_state
CS2_37,soh_level,Middle,12,HF6,Group_DischargeIC,0.25912561936408646,0.3087277302995172,63,True,feature_common_within_state
CS2_37,soh_level,Middle,12,HF7,Group_CC,0.44190567212814613,0.442602361421468,63,True,feature_common_within_state
CS2_37,soh_level,Middle,12,HF8,Group_CV,0.3851685956687625,0.36279674302116494,63,True,feature_common_within_state
CS2_37,soh_level,Late,12,HF1,Group_CC,,,0,False,feature_common_within_state
CS2_37,soh_level,Late,12,HF2,Group_CV,,,0,False,feature_common_within_state
CS2_37,soh_level,Late,12,HF3,Group_EnergyEfficiency,,,0,False,feature_common_within_state
CS2_37,soh_level,Late,12,HF4,Group_DischargeIC,,,0,False,feature_common_within_state
CS2_37,soh_level,Late,12,HF5,Group_DischargeIC,,,0,False,feature_common_within_state
CS2_37,soh_level,Late,12,HF6,Group_DischargeIC,,,0,False,feature_common_within_state
CS2_37,soh_level,Late,12,HF7,Group_CC,,,0,False,feature_common_within_state
CS2_37,soh_level,Late,12,HF8,Group_CV,,,0,False,feature_common_within_state
CS2_37,degradation_dynamics,Slow,12,HF1,Group_CC,0.006230749186618631,0.004302459668543391,213,True,feature_common_within_state
CS2_37,degradation_dynamics,Slow,12,HF2,Group_CV,0.06662064816592961,0.06422990270769566,213,True,feature_common_within_state
CS2_37,degradation_dynamics,Slow,12,HF3,Group_EnergyEfficiency,-0.07951999647557678,0.07951999647557678,213,True,feature_common_within_state
CS2_37,degradation_dynamics,Slow,12,HF4,Group_DischargeIC,0.05099050180802188,0.04720329525862733,213,True,feature_common_within_state
CS2_37,degradation_dynamics,Slow,12,HF5,Group_DischargeIC,-0.06864650871567571,0.04720329525862733,213,True,feature_common_within_state
CS2_37,degradation_dynamics,Slow,12,HF6,Group_DischargeIC,-0.021972875252184398,0.04720329525862733,213,True,feature_common_within_state
CS2_37,degradation_dynamics,Slow,12,HF7,Group_CC,-0.0023741701504681498,0.004302459668543391,213,True,feature_common_within_state
CS2_37,degradation_dynamics,Slow,12,HF8,Group_CV,0.06183915724946169,0.06422990270769566,213,True,feature_common_within_state
CS2_37,degradation_dynamics,Medium,12,HF1,Group_CC,-0.19095401046723817,0.1930335781934508,215,True,feature_common_within_state
CS2_37,degradation_dynamics,Medium,12,HF2,Group_CV,0.1926047086627014,0.19555782513036832,215,True,feature_common_within_state
CS2_37,degradation_dynamics,Medium,12,HF3,Group_EnergyEfficiency,-0.08956732644167252,0.08956732644167252,215,True,feature_common_within_state
CS2_37,degradation_dynamics,Medium,12,HF4,Group_DischargeIC,-0.11370563610615957,0.17641155339538095,215,True,feature_common_within_state
CS2_37,degradation_dynamics,Medium,12,HF5,Group_DischargeIC,-0.23495663630796265,0.17641155339538095,215,True,feature_common_within_state
CS2_37,degradation_dynamics,Medium,12,HF6,Group_DischargeIC,-0.18057238777202067,0.17641155339538095,215,True,feature_common_within_state
CS2_37,degradation_dynamics,Medium,12,HF7,Group_CC,-0.19511314591966344,0.1930335781934508,215,True,feature_common_within_state
CS2_37,degradation_dynamics,Medium,12,HF8,Group_CV,0.19851094159803523,0.19555782513036832,215,True,feature_common_within_state
CS2_37,degradation_dynamics,Fast,12,HF1,Group_CC,-0.05490132735993651,0.05545494650060823,101,True,feature_common_within_state
CS2_37,degradation_dynamics,Fast,12,HF2,Group_CV,0.12851471782930288,0.12137077788700681,101,True,feature_common_within_state
CS2_37,degradation_dynamics,Fast,12,HF3,Group_EnergyEfficiency,-0.08263523777992117,0.08263523777992117,101,True,feature_common_within_state
CS2_37,degradation_dynamics,Fast,12,HF4,Group_DischargeIC,-0.13666039954952192,0.14898804328406498,101,True,feature_common_within_state
CS2_37,degradation_dynamics,Fast,12,HF5,Group_DischargeIC,-0.12003242524505682,0.14898804328406498,101,True,feature_common_within_state
CS2_37,degradation_dynamics,Fast,12,HF6,Group_DischargeIC,-0.1902713050576162,0.14898804328406498,101,True,feature_common_within_state
CS2_37,degradation_dynamics,Fast,12,HF7,Group_CC,-0.056008565641279956,0.05545494650060823,101,True,feature_common_within_state
CS2_37,degradation_dynamics,Fast,12,HF8,Group_CV,0.11422683794471074,0.12137077788700681,101,True,feature_common_within_state
CS2_37,cycle_position,Early-life,12,HF1,Group_CC,0.00031912326648550883,0.0008623241514684617,315,True,feature_common_within_state
CS2_37,cycle_position,Early-life,12,HF2,Group_CV,-0.02035699329307592,0.022769746084893513,315,True,feature_common_within_state
CS2_37,cycle_position,Early-life,12,HF3,Group_EnergyEfficiency,0.014028553630197362,0.014028553630197362,315,True,feature_common_within_state
CS2_37,cycle_position,Early-life,12,HF4,Group_DischargeIC,-0.0750962188993822,0.0418089963953484,315,True,feature_common_within_state
CS2_37,cycle_position,Early-life,12,HF5,Group_DischargeIC,-0.04400470987765903,0.0418089963953484,315,True,feature_common_within_state
CS2_37,cycle_position,Early-life,12,HF6,Group_DischargeIC,-0.006326060409003958,0.0418089963953484,315,True,feature_common_within_state
CS2_37,cycle_position,Early-life,12,HF7,Group_CC,0.0014055250364514147,0.0008623241514684617,315,True,feature_common_within_state
CS2_37,cycle_position,Early-life,12,HF8,Group_CV,-0.025182498876711104,0.022769746084893513,315,True,feature_common_within_state
CS2_37,cycle_position,Mid-life,12,HF1,Group_CC,-0.06598324799669568,0.06813525234916876,287,True,feature_common_within_state
CS2_37,cycle_position,Mid-life,12,HF2,Group_CV,0.29882330249284145,0.31093509281372167,287,True,feature_common_within_state
CS2_37,cycle_position,Mid-life,12,HF3,Group_EnergyEfficiency,0.03359093635020936,0.03359093635020936,287,True,feature_common_within_state
CS2_37,cycle_position,Mid-life,12,HF4,Group_DischargeIC,-0.2737850543657318,0.26838275092568337,287,True,feature_common_within_state
CS2_37,cycle_position,Mid-life,12,HF5,Group_DischargeIC,-0.2141570718931236,0.26838275092568337,287,True,feature_common_within_state
CS2_37,cycle_position,Mid-life,12,HF6,Group_DischargeIC,-0.3172061265181948,0.26838275092568337,287,True,feature_common_within_state
CS2_37,cycle_position,Mid-life,12,HF7,Group_CC,-0.07028725670164185,0.06813525234916876,287,True,feature_common_within_state
CS2_37,cycle_position,Mid-life,12,HF8,Group_CV,0.3230468831346019,0.31093509281372167,287,True,feature_common_within_state
CS2_37,cycle_position,Late-life,12,HF1,Group_CC,0.5020029646663006,0.5011721077996663,38,True,feature_common_within_state
CS2_37,cycle_position,Late-life,12,HF2,Group_CV,0.4482809321866929,0.4640609617327973,38,True,feature_common_within_state
CS2_37,cycle_position,Late-life,12,HF3,Group_EnergyEfficiency,-0.5211718482543306,0.5211718482543306,38,True,feature_common_within_state
CS2_37,cycle_position,Late-life,12,HF4,Group_DischargeIC,0.38161378219858033,0.3720187024268644,38,True,feature_common_within_state
CS2_37,cycle_position,Late-life,12,HF5,Group_DischargeIC,0.42109042229212024,0.3720187024268644,38,True,feature_common_within_state
CS2_37,cycle_position,Late-life,12,HF6,Group_DischargeIC,0.3133519027898927,0.3720187024268644,38,True,feature_common_within_state
CS2_37,cycle_position,Late-life,12,HF7,Group_CC,0.5003412509330321,0.5011721077996663,38,True,feature_common_within_state
CS2_37,cycle_position,Late-life,12,HF8,Group_CV,0.4798409912789017,0.4640609617327973,38,True,feature_common_within_state
CS2_37,soh_level,Early,16,HF1,Group_CC,-0.041067022249954656,0.04229091092279491,576,True,feature_common_within_state
CS2_37,soh_level,Early,16,HF2,Group_CV,0.08598461380233699,0.07349202690318173,576,True,feature_common_within_state
CS2_37,soh_level,Early,16,HF3,Group_EnergyEfficiency,0.016972551965002622,0.016972551965002622,576,True,feature_common_within_state
CS2_37,soh_level,Early,16,HF4,Group_DischargeIC,0.05251168821773661,0.10282075301833511,576,True,feature_common_within_state
CS2_37,soh_level,Early,16,HF5,Group_DischargeIC,-0.12819173091310748,0.10282075301833511,576,True,feature_common_within_state
CS2_37,soh_level,Early,16,HF6,Group_DischargeIC,-0.12775883992416126,0.10282075301833511,576,True,feature_common_within_state
CS2_37,soh_level,Early,16,HF7,Group_CC,-0.04351479959563516,0.04229091092279491,576,True,feature_common_within_state
CS2_37,soh_level,Early,16,HF8,Group_CV,0.06099944000402647,0.07349202690318173,576,True,feature_common_within_state
CS2_37,soh_level,Middle,16,HF1,Group_CC,0.3192707698477311,0.31851237857770587,63,True,feature_common_within_state
CS2_37,soh_level,Middle,16,HF2,Group_CV,0.27370221415711565,0.24076344388191082,63,True,feature_common_within_state
CS2_37,soh_level,Middle,16,HF3,Group_EnergyEfficiency,-0.3424047580868103,0.3424047580868103,63,True,feature_common_within_state
CS2_37,soh_level,Middle,16,HF4,Group_DischargeIC,0.12736010251186902,0.11459001739687473,63,True,feature_common_within_state
CS2_37,soh_level,Middle,16,HF5,Group_DischargeIC,0.14592943364591948,0.11459001739687473,63,True,feature_common_within_state
CS2_37,soh_level,Middle,16,HF6,Group_DischargeIC,-0.0704805160328357,0.11459001739687473,63,True,feature_common_within_state
CS2_37,soh_level,Middle,16,HF7,Group_CC,0.3177539873076806,0.31851237857770587,63,True,feature_common_within_state
CS2_37,soh_level,Middle,16,HF8,Group_CV,0.20782467360670598,0.24076344388191082,63,True,feature_common_within_state
CS2_37,soh_level,Late,16,HF1,Group_CC,,,0,False,feature_common_within_state
CS2_37,soh_level,Late,16,HF2,Group_CV,,,0,False,feature_common_within_state
CS2_37,soh_level,Late,16,HF3,Group_EnergyEfficiency,,,0,False,feature_common_within_state
CS2_37,soh_level,Late,16,HF4,Group_DischargeIC,,,0,False,feature_common_within_state
CS2_37,soh_level,Late,16,HF5,Group_DischargeIC,,,0,False,feature_common_within_state
CS2_37,soh_level,Late,16,HF6,Group_DischargeIC,,,0,False,feature_common_within_state
CS2_37,soh_level,Late,16,HF7,Group_CC,,,0,False,feature_common_within_state
CS2_37,soh_level,Late,16,HF8,Group_CV,,,0,False,feature_common_within_state
CS2_37,degradation_dynamics,Slow,16,HF1,Group_CC,-0.018025503468499602,0.022339810330776443,213,True,feature_common_within_state
CS2_37,degradation_dynamics,Slow,16,HF2,Group_CV,0.024458052596795704,0.012456229747826734,213,True,feature_common_within_state
CS2_37,degradation_dynamics,Slow,16,HF3,Group_EnergyEfficiency,0.013279855333543953,0.013279855333543953,213,True,feature_common_within_state
CS2_37,degradation_dynamics,Slow,16,HF4,Group_DischargeIC,0.18859676489295213,0.13223556786724586,213,True,feature_common_within_state
CS2_37,degradation_dynamics,Slow,16,HF5,Group_DischargeIC,-0.12457017825099485,0.13223556786724586,213,True,feature_common_within_state
CS2_37,degradation_dynamics,Slow,16,HF6,Group_DischargeIC,-0.08353976045779062,0.13223556786724586,213,True,feature_common_within_state
CS2_37,degradation_dynamics,Slow,16,HF7,Group_CC,-0.026654117193053283,0.022339810330776443,213,True,feature_common_within_state
CS2_37,degradation_dynamics,Slow,16,HF8,Group_CV,0.0004544068988577626,0.012456229747826734,213,True,feature_common_within_state
CS2_37,degradation_dynamics,Medium,16,HF1,Group_CC,-0.24761943099541894,0.24956443023526606,216,True,feature_common_within_state
CS2_37,degradation_dynamics,Medium,16,HF2,Group_CV,0.2616262418886037,0.2514937583949572,216,True,feature_common_within_state
CS2_37,degradation_dynamics,Medium,16,HF3,Group_EnergyEfficiency,-0.11723301975099214,0.11723301975099214,216,True,feature_common_within_state
CS2_37,degradation_dynamics,Medium,16,HF4,Group_DischargeIC,-0.1948779139211492,0.21234095057954971,216,True,feature_common_within_state
CS2_37,degradation_dynamics,Medium,16,HF5,Group_DischargeIC,-0.19595692662742822,0.21234095057954971,216,True,feature_common_within_state
CS2_37,degradation_dynamics,Medium,16,HF6,Group_DischargeIC,-0.2461880111900717,0.21234095057954971,216,True,feature_common_within_state
CS2_37,degradation_dynamics,Medium,16,HF7,Group_CC,-0.2515094294751132,0.24956443023526606,216,True,feature_common_within_state
CS2_37,degradation_dynamics,Medium,16,HF8,Group_CV,0.2413612749013107,0.2514937583949572,216,True,feature_common_within_state
CS2_37,degradation_dynamics,Fast,16,HF1,Group_CC,-0.0565111653520339,0.05637682412073712,99,True,feature_common_within_state
CS2_37,degradation_dynamics,Fast,16,HF2,Group_CV,0.1001387644338957,0.08121320485451279,99,True,feature_common_within_state
CS2_37,degradation_dynamics,Fast,16,HF3,Group_EnergyEfficiency,-0.05008584399477137,0.05008584399477137,99,True,feature_common_within_state
CS2_37,degradation_dynamics,Fast,16,HF4,Group_DischargeIC,-0.012566656810740325,0.06741758935286318,99,True,feature_common_within_state
CS2_37,degradation_dynamics,Fast,16,HF5,Group_DischargeIC,-0.022037775849426792,0.06741758935286318,99,True,feature_common_within_state
CS2_37,degradation_dynamics,Fast,16,HF6,Group_DischargeIC,-0.16764833539842242,0.06741758935286318,99,True,feature_common_within_state
CS2_37,degradation_dynamics,Fast,16,HF7,Group_CC,-0.05624248288944035,0.05637682412073712,99,True,feature_common_within_state
CS2_37,degradation_dynamics,Fast,16,HF8,Group_CV,0.06228764527512987,0.08121320485451279,99,True,feature_common_within_state
CS2_37,cycle_position,Early-life,16,HF1,Group_CC,-0.03050603875296547,0.027457956866464878,315,True,feature_common_within_state
CS2_37,cycle_position,Early-life,16,HF2,Group_CV,-0.033560264796677966,0.03321921515704061,315,True,feature_common_within_state
CS2_37,cycle_position,Early-life,16,HF3,Group_EnergyEfficiency,0.056102289344298756,0.056102289344298756,315,True,feature_common_within_state
CS2_37,cycle_position,Early-life,16,HF4,Group_DischargeIC,0.09136139488931698,0.07446965343942193,315,True,feature_common_within_state
CS2_37,cycle_position,Early-life,16,HF5,Group_DischargeIC,-0.03726797950554589,0.07446965343942193,315,True,feature_common_within_state
CS2_37,cycle_position,Early-life,16,HF6,Group_DischargeIC,0.09477958592340292,0.07446965343942193,315,True,feature_common_within_state
CS2_37,cycle_position,Early-life,16,HF7,Group_CC,-0.024409874979964285,0.027457956866464878,315,True,feature_common_within_state
CS2_37,cycle_position,Early-life,16,HF8,Group_CV,-0.03287816551740325,0.03321921515704061,315,True,feature_common_within_state
CS2_37,cycle_position,Mid-life,16,HF1,Group_CC,-0.06533131008790784,0.06765520482402423,286,True,feature_common_within_state
CS2_37,cycle_position,Mid-life,16,HF2,Group_CV,0.32655484877928886,0.3298586648412872,286,True,feature_common_within_state
CS2_37,cycle_position,Mid-life,16,HF3,Group_EnergyEfficiency,0.02823363192158176,0.02823363192158176,286,True,feature_common_within_state
CS2_37,cycle_position,Mid-life,16,HF4,Group_DischargeIC,-0.28094705930654545,0.28918365930094825,286,True,feature_common_within_state
CS2_37,cycle_position,Mid-life,16,HF5,Group_DischargeIC,-0.22879410576307307,0.28918365930094825,286,True,feature_common_within_state
CS2_37,cycle_position,Mid-life,16,HF6,Group_DischargeIC,-0.35780981283322616,0.28918365930094825,286,True,feature_common_within_state
CS2_37,cycle_position,Mid-life,16,HF7,Group_CC,-0.06997909956014063,0.06765520482402423,286,True,feature_common_within_state
CS2_37,cycle_position,Mid-life,16,HF8,Group_CV,0.3331624809032855,0.3298586648412872,286,True,feature_common_within_state
CS2_37,cycle_position,Late-life,16,HF1,Group_CC,0.419344690124152,0.418629265845483,38,True,feature_common_within_state
CS2_37,cycle_position,Late-life,16,HF2,Group_CV,0.28799428895510715,0.23537574733609798,38,True,feature_common_within_state
CS2_37,cycle_position,Late-life,16,HF3,Group_EnergyEfficiency,-0.4319609374704996,0.4319609374704996,38,True,feature_common_within_state
CS2_37,cycle_position,Late-life,16,HF4,Group_DischargeIC,0.2710491056323376,0.23096398398045914,38,True,feature_common_within_state
CS2_37,cycle_position,Late-life,16,HF5,Group_DischargeIC,0.3728428929011012,0.23096398398045914,38,True,feature_common_within_state
CS2_37,cycle_position,Late-life,16,HF6,Group_DischargeIC,0.048999953407938564,0.23096398398045914,38,True,feature_common_within_state
CS2_37,cycle_position,Late-life,16,HF7,Group_CC,0.41791384156681394,0.418629265845483,38,True,feature_common_within_state
CS2_37,cycle_position,Late-life,16,HF8,Group_CV,0.1827572057170888,0.23537574733609798,38,True,feature_common_within_state
CS2_37,soh_level,Early,24,HF1,Group_CC,-0.012613483913253657,0.013241614578953769,576,True,feature_common_within_state
CS2_37,soh_level,Early,24,HF2,Group_CV,0.01743230614916093,0.009677551022246381,576,True,feature_common_within_state
CS2_37,soh_level,Early,24,HF3,Group_EnergyEfficiency,0.005915273057587397,0.005915273057587397,576,True,feature_common_within_state
CS2_37,soh_level,Early,24,HF4,Group_DischargeIC,-0.0054414809945238715,0.04781351607722642,576,True,feature_common_within_state
CS2_37,soh_level,Early,24,HF5,Group_DischargeIC,-0.06409962588951637,0.04781351607722642,576,True,feature_common_within_state
CS2_37,soh_level,Early,24,HF6,Group_DischargeIC,-0.07389944134763901,0.04781351607722642,576,True,feature_common_within_state
CS2_37,soh_level,Early,24,HF7,Group_CC,-0.01386974524465388,0.013241614578953769,576,True,feature_common_within_state
CS2_37,soh_level,Early,24,HF8,Group_CV,0.001922795895331831,0.009677551022246381,576,True,feature_common_within_state
CS2_37,soh_level,Middle,24,HF1,Group_CC,0.6855588730354617,0.6848322651903102,62,True,feature_common_within_state
CS2_37,soh_level,Middle,24,HF2,Group_CV,0.33165138238777525,0.30467894132839496,62,True,feature_common_within_state
CS2_37,soh_level,Middle,24,HF3,Group_EnergyEfficiency,-0.6996893843364511,0.6996893843364511,62,True,feature_common_within_state
CS2_37,soh_level,Middle,24,HF4,Group_DischargeIC,0.15538031530516133,0.13321244968372808,62,True,feature_common_within_state
CS2_37,soh_level,Middle,24,HF5,Group_DischargeIC,0.2265490882656406,0.13321244968372808,62,True,feature_common_within_state
CS2_37,soh_level,Middle,24,HF6,Group_DischargeIC,0.01770794548038227,0.13321244968372808,62,True,feature_common_within_state
CS2_37,soh_level,Middle,24,HF7,Group_CC,0.6841056573451586,0.6848322651903102,62,True,feature_common_within_state
CS2_37,soh_level,Middle,24,HF8,Group_CV,0.27770650026901467,0.30467894132839496,62,True,feature_common_within_state
CS2_37,soh_level,Late,24,HF1,Group_CC,,,0,False,feature_common_within_state
CS2_37,soh_level,Late,24,HF2,Group_CV,,,0,False,feature_common_within_state
CS2_37,soh_level,Late,24,HF3,Group_EnergyEfficiency,,,0,False,feature_common_within_state
CS2_37,soh_level,Late,24,HF4,Group_DischargeIC,,,0,False,feature_common_within_state
CS2_37,soh_level,Late,24,HF5,Group_DischargeIC,,,0,False,feature_common_within_state
CS2_37,soh_level,Late,24,HF6,Group_DischargeIC,,,0,False,feature_common_within_state
CS2_37,soh_level,Late,24,HF7,Group_CC,,,0,False,feature_common_within_state
CS2_37,soh_level,Late,24,HF8,Group_CV,,,0,False,feature_common_within_state
CS2_37,degradation_dynamics,Slow,24,HF1,Group_CC,0.012724863047146933,0.01353447704865892,211,True,feature_common_within_state
CS2_37,degradation_dynamics,Slow,24,HF2,Group_CV,-0.06442551534868302,0.07215708173653317,211,True,feature_common_within_state
CS2_37,degradation_dynamics,Slow,24,HF3,Group_EnergyEfficiency,0.08019807578429025,0.08019807578429025,211,True,feature_common_within_state
CS2_37,degradation_dynamics,Slow,24,HF4,Group_DischargeIC,0.09658345330852494,0.04390337191602942,211,True,feature_common_within_state
CS2_37,degradation_dynamics,Slow,24,HF5,Group_DischargeIC,0.023300767842846043,0.04390337191602942,211,True,feature_common_within_state
CS2_37,degradation_dynamics,Slow,24,HF6,Group_DischargeIC,0.0118258945967173,0.04390337191602942,211,True,feature_common_within_state
CS2_37,degradation_dynamics,Slow,24,HF7,Group_CC,0.014344091050170905,0.01353447704865892,211,True,feature_common_within_state
CS2_37,degradation_dynamics,Slow,24,HF8,Group_CV,-0.07988864812438332,0.07215708173653317,211,True,feature_common_within_state
CS2_37,degradation_dynamics,Medium,24,HF1,Group_CC,-0.19951490800256913,0.2037165072974415,215,True,feature_common_within_state
CS2_37,degradation_dynamics,Medium,24,HF2,Group_CV,0.2595726254754462,0.2570097888480607,215,True,feature_common_within_state
CS2_37,degradation_dynamics,Medium,24,HF3,Group_EnergyEfficiency,-0.1809189624672359,0.1809189624672359,215,True,feature_common_within_state
CS2_37,degradation_dynamics,Medium,24,HF4,Group_DischargeIC,-0.23502874513749997,0.24828701568549247,215,True,feature_common_within_state
CS2_37,degradation_dynamics,Medium,24,HF5,Group_DischargeIC,-0.22369567808071814,0.24828701568549247,215,True,feature_common_within_state
CS2_37,degradation_dynamics,Medium,24,HF6,Group_DischargeIC,-0.28613662383825933,0.24828701568549247,215,True,feature_common_within_state
CS2_37,degradation_dynamics,Medium,24,HF7,Group_CC,-0.20791810659231388,0.2037165072974415,215,True,feature_common_within_state
CS2_37,degradation_dynamics,Medium,24,HF8,Group_CV,0.2544469522206752,0.2570097888480607,215,True,feature_common_within_state
CS2_37,degradation_dynamics,Fast,24,HF1,Group_CC,0.060905359632902875,0.05852008730531834,101,True,feature_common_within_state
CS2_37,degradation_dynamics,Fast,24,HF2,Group_CV,0.015600835298111848,0.01089232455196261,101,True,feature_common_within_state
CS2_37,degradation_dynamics,Fast,24,HF3,Group_EnergyEfficiency,-0.08739186702717314,0.08739186702717314,101,True,feature_common_within_state
CS2_37,degradation_dynamics,Fast,24,HF4,Group_DischargeIC,-0.012935201798662446,0.06696167813109843,101,True,feature_common_within_state
CS2_37,degradation_dynamics,Fast,24,HF5,Group_DischargeIC,-0.034699022140796267,0.06696167813109843,101,True,feature_common_within_state
CS2_37,degradation_dynamics,Fast,24,HF6,Group_DischargeIC,-0.1532508104538366,0.06696167813109843,101,True,feature_common_within_state
CS2_37,degradation_dynamics,Fast,24,HF7,Group_CC,0.05613481497773381,0.05852008730531834,101,True,feature_common_within_state
CS2_37,degradation_dynamics,Fast,24,HF8,Group_CV,-0.006183813805813371,0.01089232455196261,101,True,feature_common_within_state
CS2_37,cycle_position,Early-life,24,HF1,Group_CC,0.017786293187348555,0.01718696538022484,315,True,feature_common_within_state
CS2_37,cycle_position,Early-life,24,HF2,Group_CV,-0.037928132958232275,0.03548608068059782,315,True,feature_common_within_state
CS2_37,cycle_position,Early-life,24,HF3,Group_EnergyEfficiency,0.02088974890478537,0.02088974890478537,315,True,feature_common_within_state
CS2_37,cycle_position,Early-life,24,HF4,Group_DischargeIC,-0.04309251483312364,0.029445478583962088,315,True,feature_common_within_state
CS2_37,cycle_position,Early-life,24,HF5,Group_DischargeIC,-0.0032266133240870334,0.029445478583962088,315,True,feature_common_within_state
CS2_37,cycle_position,Early-life,24,HF6,Group_DischargeIC,0.04201730759467559,0.029445478583962088,315,True,feature_common_within_state
CS2_37,cycle_position,Early-life,24,HF7,Group_CC,0.016587637573101124,0.01718696538022484,315,True,feature_common_within_state
CS2_37,cycle_position,Early-life,24,HF8,Group_CV,-0.03304402840296335,0.03548608068059782,315,True,feature_common_within_state
CS2_37,cycle_position,Mid-life,24,HF1,Group_CC,-0.04937942594876105,0.05150470278815836,286,True,feature_common_within_state
CS2_37,cycle_position,Mid-life,24,HF2,Group_CV,0.27794378193295,0.2772440946085979,286,True,feature_common_within_state
CS2_37,cycle_position,Mid-life,24,HF3,Group_EnergyEfficiency,0.020696799864916567,0.020696799864916567,286,True,feature_common_within_state
CS2_37,cycle_position,Mid-life,24,HF4,Group_DischargeIC,-0.3021272452938664,0.28983328165201294,286,True,feature_common_within_state
CS2_37,cycle_position,Mid-life,24,HF5,Group_DischargeIC,-0.2283957799565311,0.28983328165201294,286,True,feature_common_within_state
CS2_37,cycle_position,Mid-life,24,HF6,Group_DischargeIC,-0.3389768197056413,0.28983328165201294,286,True,feature_common_within_state
CS2_37,cycle_position,Mid-life,24,HF7,Group_CC,-0.05362997962755566,0.05150470278815836,286,True,feature_common_within_state
CS2_37,cycle_position,Mid-life,24,HF8,Group_CV,0.2765444072842458,0.2772440946085979,286,True,feature_common_within_state
CS2_37,cycle_position,Late-life,24,HF1,Group_CC,0.7807566523536189,0.7803741826989574,37,True,feature_common_within_state
CS2_37,cycle_position,Late-life,24,HF2,Group_CV,0.4919983537619361,0.4408846753808954,37,True,feature_common_within_state
CS2_37,cycle_position,Late-life,24,HF3,Group_EnergyEfficiency,-0.7877551090635898,0.7877551090635898,37,True,feature_common_within_state
CS2_37,cycle_position,Late-life,24,HF4,Group_DischargeIC,0.28741773612401533,0.2806291208840375,37,True,feature_common_within_state
CS2_37,cycle_position,Late-life,24,HF5,Group_DischargeIC,0.44751634601879964,0.2806291208840375,37,True,feature_common_within_state
CS2_37,cycle_position,Late-life,24,HF6,Group_DischargeIC,0.10695328050929757,0.2806291208840375,37,True,feature_common_within_state
CS2_37,cycle_position,Late-life,24,HF7,Group_CC,0.7799917130442959,0.7803741826989574,37,True,feature_common_within_state
CS2_37,cycle_position,Late-life,24,HF8,Group_CV,0.3897709969998546,0.4408846753808954,37,True,feature_common_within_state
CS2_37,soh_level,Early,32,HF1,Group_CC,-0.013208729964739712,0.013565353905749445,576,True,feature_common_within_state
CS2_37,soh_level,Early,32,HF2,Group_CV,-0.0167653790228613,0.028345020591471936,576,True,feature_common_within_state
CS2_37,soh_level,Early,32,HF3,Group_EnergyEfficiency,0.00881129384912644,0.00881129384912644,576,True,feature_common_within_state
CS2_37,soh_level,Early,32,HF4,Group_DischargeIC,0.024744765555222994,0.041267125211619744,576,True,feature_common_within_state
CS2_37,soh_level,Early,32,HF5,Group_DischargeIC,-0.0410143942870073,0.041267125211619744,576,True,feature_common_within_state
CS2_37,soh_level,Early,32,HF6,Group_DischargeIC,-0.05804221579262894,0.041267125211619744,576,True,feature_common_within_state
CS2_37,soh_level,Early,32,HF7,Group_CC,-0.013921977846759177,0.013565353905749445,576,True,feature_common_within_state
CS2_37,soh_level,Early,32,HF8,Group_CV,-0.03992466216008257,0.028345020591471936,576,True,feature_common_within_state
CS2_37,soh_level,Middle,32,HF1,Group_CC,0.4105868134242922,0.40975036176366225,62,True,feature_common_within_state
CS2_37,soh_level,Middle,32,HF2,Group_CV,0.3589936703112184,0.3803537988697451,62,True,feature_common_within_state
CS2_37,soh_level,Middle,32,HF3,Group_EnergyEfficiency,-0.4385469286438677,0.4385469286438677,62,True,feature_common_within_state
CS2_37,soh_level,Middle,32,HF4,Group_DischargeIC,0.2750542536031902,0.25479729845036864,62,True,feature_common_within_state
CS2_37,soh_level,Middle,32,HF5,Group_DischargeIC,0.2559526791188377,0.25479729845036864,62,True,feature_common_within_state
CS2_37,soh_level,Middle,32,HF6,Group_DischargeIC,0.23338496262907796,0.25479729845036864,62,True,feature_common_within_state
CS2_37,soh_level,Middle,32,HF7,Group_CC,0.4089139101030323,0.40975036176366225,62,True,feature_common_within_state
CS2_37,soh_level,Middle,32,HF8,Group_CV,0.4017139274282717,0.3803537988697451,62,True,feature_common_within_state
CS2_37,soh_level,Late,32,HF1,Group_CC,,,0,False,feature_common_within_state
CS2_37,soh_level,Late,32,HF2,Group_CV,,,0,False,feature_common_within_state
CS2_37,soh_level,Late,32,HF3,Group_EnergyEfficiency,,,0,False,feature_common_within_state
CS2_37,soh_level,Late,32,HF4,Group_DischargeIC,,,0,False,feature_common_within_state
CS2_37,soh_level,Late,32,HF5,Group_DischargeIC,,,0,False,feature_common_within_state
CS2_37,soh_level,Late,32,HF6,Group_DischargeIC,,,0,False,feature_common_within_state
CS2_37,soh_level,Late,32,HF7,Group_CC,,,0,False,feature_common_within_state
CS2_37,soh_level,Late,32,HF8,Group_CV,,,0,False,feature_common_within_state
CS2_37,degradation_dynamics,Slow,32,HF1,Group_CC,-0.0759757627703807,0.08198656414966077,213,True,feature_common_within_state
CS2_37,degradation_dynamics,Slow,32,HF2,Group_CV,0.0075968685935278255,0.007497779521503589,213,True,feature_common_within_state
CS2_37,degradation_dynamics,Slow,32,HF3,Group_EnergyEfficiency,0.1025511592170199,0.1025511592170199,213,True,feature_common_within_state
CS2_37,degradation_dynamics,Slow,32,HF4,Group_DischargeIC,0.31224686343339386,0.1549278421334733,213,True,feature_common_within_state
CS2_37,degradation_dynamics,Slow,32,HF5,Group_DischargeIC,-0.14501867834534388,0.1549278421334733,213,True,feature_common_within_state
CS2_37,degradation_dynamics,Slow,32,HF6,Group_DischargeIC,0.007517984621682178,0.1549278421334733,213,True,feature_common_within_state
CS2_37,degradation_dynamics,Slow,32,HF7,Group_CC,-0.08799736552894084,0.08198656414966077,213,True,feature_common_within_state
CS2_37,degradation_dynamics,Slow,32,HF8,Group_CV,-0.0073986904494793525,0.007497779521503589,213,True,feature_common_within_state
CS2_37,degradation_dynamics,Medium,32,HF1,Group_CC,-0.10356499597848158,0.10519511597031606,215,True,feature_common_within_state
CS2_37,degradation_dynamics,Medium,32,HF2,Group_CV,0.20610062530844236,0.19284103466157193,215,True,feature_common_within_state
CS2_37,degradation_dynamics,Medium,32,HF3,Group_EnergyEfficiency,-0.23626177177799307,0.23626177177799307,215,True,feature_common_within_state
CS2_37,degradation_dynamics,Medium,32,HF4,Group_DischargeIC,-0.19387119302051753,0.21086262112780982,215,True,feature_common_within_state
CS2_37,degradation_dynamics,Medium,32,HF5,Group_DischargeIC,-0.17682775955132063,0.21086262112780982,215,True,feature_common_within_state
CS2_37,degradation_dynamics,Medium,32,HF6,Group_DischargeIC,-0.2618889108115913,0.21086262112780982,215,True,feature_common_within_state
CS2_37,degradation_dynamics,Medium,32,HF7,Group_CC,-0.10682523596215054,0.10519511597031606,215,True,feature_common_within_state
CS2_37,degradation_dynamics,Medium,32,HF8,Group_CV,0.17958144401470152,0.19284103466157193,215,True,feature_common_within_state
CS2_37,degradation_dynamics,Fast,32,HF1,Group_CC,-0.04201343106462671,0.043530854322347615,99,True,feature_common_within_state
CS2_37,degradation_dynamics,Fast,32,HF2,Group_CV,0.02852702890209591,0.018554403351075728,99,True,feature_common_within_state
CS2_37,degradation_dynamics,Fast,32,HF3,Group_EnergyEfficiency,0.029078153549815754,0.029078153549815754,99,True,feature_common_within_state
CS2_37,degradation_dynamics,Fast,32,HF4,Group_DischargeIC,0.07420351780461056,0.07285307329126205,99,True,feature_common_within_state
CS2_37,degradation_dynamics,Fast,32,HF5,Group_DischargeIC,0.047813788414867026,0.07285307329126205,99,True,feature_common_within_state
CS2_37,degradation_dynamics,Fast,32,HF6,Group_DischargeIC,-0.09654191365430854,0.07285307329126205,99,True,feature_common_within_state
CS2_37,degradation_dynamics,Fast,32,HF7,Group_CC,-0.045048277580068526,0.043530854322347615,99,True,feature_common_within_state
CS2_37,degradation_dynamics,Fast,32,HF8,Group_CV,0.008581777800055545,0.018554403351075728,99,True,feature_common_within_state
CS2_37,cycle_position,Early-life,32,HF1,Group_CC,0.023844317817187967,0.023214278797063788,315,True,feature_common_within_state
CS2_37,cycle_position,Early-life,32,HF2,Group_CV,-0.07453520252483997,0.07155497776177505,315,True,feature_common_within_state
CS2_37,cycle_position,Early-life,32,HF3,Group_EnergyEfficiency,0.05135509513658658,0.05135509513658658,315,True,feature_common_within_state
CS2_37,cycle_position,Early-life,32,HF4,Group_DischargeIC,-0.05066051975531316,0.05626503433727335,315,True,feature_common_within_state
CS2_37,cycle_position,Early-life,32,HF5,Group_DischargeIC,0.029507134385719575,0.05626503433727335,315,True,feature_common_within_state
CS2_37,cycle_position,Early-life,32,HF6,Group_DischargeIC,0.08862744887078733,0.05626503433727335,315,True,feature_common_within_state
CS2_37,cycle_position,Early-life,32,HF7,Group_CC,0.022584239776939605,0.023214278797063788,315,True,feature_common_within_state
CS2_37,cycle_position,Early-life,32,HF8,Group_CV,-0.06857475299871012,0.07155497776177505,315,True,feature_common_within_state
CS2_37,cycle_position,Mid-life,32,HF1,Group_CC,-0.054761772403716914,0.05614750326527147,286,True,feature_common_within_state
CS2_37,cycle_position,Mid-life,32,HF2,Group_CV,0.25955833204039486,0.25174572510586063,286,True,feature_common_within_state
CS2_37,cycle_position,Mid-life,32,HF3,Group_EnergyEfficiency,0.02936625697375091,0.02936625697375091,286,True,feature_common_within_state
CS2_37,cycle_position,Mid-life,32,HF4,Group_DischargeIC,-0.25361314989875705,0.2746542896698003,286,True,feature_common_within_state
CS2_37,cycle_position,Mid-life,32,HF5,Group_DischargeIC,-0.1995172355832338,0.2746542896698003,286,True,feature_common_within_state
CS2_37,cycle_position,Mid-life,32,HF6,Group_DischargeIC,-0.3708324835274101,0.2746542896698003,286,True,feature_common_within_state
CS2_37,cycle_position,Mid-life,32,HF7,Group_CC,-0.05753323412682603,0.05614750326527147,286,True,feature_common_within_state
CS2_37,cycle_position,Mid-life,32,HF8,Group_CV,0.24393311817132643,0.25174572510586063,286,True,feature_common_within_state
CS2_37,cycle_position,Late-life,32,HF1,Group_CC,0.42413110320592323,0.4233100331480009,37,True,feature_common_within_state
CS2_37,cycle_position,Late-life,32,HF2,Group_CV,0.5413473638047497,0.5652331099258487,37,True,feature_common_within_state
CS2_37,cycle_position,Late-life,32,HF3,Group_EnergyEfficiency,-0.44956049980388474,0.44956049980388474,37,True,feature_common_within_state
CS2_37,cycle_position,Late-life,32,HF4,Group_DischargeIC,0.3686504893861922,0.3845609294723953,37,True,feature_common_within_state
CS2_37,cycle_position,Late-life,32,HF5,Group_DischargeIC,0.42934905412901025,0.3845609294723953,37,True,feature_common_within_state
CS2_37,cycle_position,Late-life,32,HF6,Group_DischargeIC,0.3556832449019834,0.3845609294723953,37,True,feature_common_within_state
CS2_37,cycle_position,Late-life,32,HF7,Group_CC,0.4224889630900786,0.4233100331480009,37,True,feature_common_within_state
CS2_37,cycle_position,Late-life,32,HF8,Group_CV,0.5891188560469477,0.5652331099258487,37,True,feature_common_within_state
CS2_37,soh_level,Early,48,HF1,Group_CC,-0.04219215731819399,0.04358569339305153,576,True,feature_common_within_state
CS2_37,soh_level,Early,48,HF2,Group_CV,0.041084054570101045,0.026936930274378434,576,True,feature_common_within_state
CS2_37,soh_level,Early,48,HF3,Group_EnergyEfficiency,0.022777071833189687,0.022777071833189687,576,True,feature_common_within_state
CS2_37,soh_level,Early,48,HF4,Group_DischargeIC,0.059092778238050356,0.10483034776190796,576,True,feature_common_within_state
CS2_37,soh_level,Early,48,HF5,Group_DischargeIC,-0.1273986219924002,0.10483034776190796,576,True,feature_common_within_state
CS2_37,soh_level,Early,48,HF6,Group_DischargeIC,-0.12799964305527325,0.10483034776190796,576,True,feature_common_within_state
CS2_37,soh_level,Early,48,HF7,Group_CC,-0.04497922946790906,0.04358569339305153,576,True,feature_common_within_state
CS2_37,soh_level,Early,48,HF8,Group_CV,0.012789805978655824,0.026936930274378434,576,True,feature_common_within_state
CS2_37,soh_level,Middle,48,HF1,Group_CC,0.2472163891188852,0.2472464129728439,63,True,feature_common_within_state
CS2_37,soh_level,Middle,48,HF2,Group_CV,0.11737072424907255,0.14832583716357023,63,True,feature_common_within_state
CS2_37,soh_level,Middle,48,HF3,Group_EnergyEfficiency,-0.24804501529362244,0.24804501529362244,63,True,feature_common_within_state
CS2_37,soh_level,Middle,48,HF4,Group_DischargeIC,0.15815467215025206,0.16238676162160168,63,True,feature_common_within_state
CS2_37,soh_level,Middle,48,HF5,Group_DischargeIC,0.10143204642411399,0.16238676162160168,63,True,feature_common_within_state
CS2_37,soh_level,Middle,48,HF6,Group_DischargeIC,0.22757356629043896,0.16238676162160168,63,True,feature_common_within_state
CS2_37,soh_level,Middle,48,HF7,Group_CC,0.24727643682680256,0.2472464129728439,63,True,feature_common_within_state
CS2_37,soh_level,Middle,48,HF8,Group_CV,0.1792809500780679,0.14832583716357023,63,True,feature_common_within_state
CS2_37,soh_level,Late,48,HF1,Group_CC,,,0,False,feature_common_within_state
CS2_37,soh_level,Late,48,HF2,Group_CV,,,0,False,feature_common_within_state
CS2_37,soh_level,Late,48,HF3,Group_EnergyEfficiency,,,0,False,feature_common_within_state
CS2_37,soh_level,Late,48,HF4,Group_DischargeIC,,,0,False,feature_common_within_state
CS2_37,soh_level,Late,48,HF5,Group_DischargeIC,,,0,False,feature_common_within_state
CS2_37,soh_level,Late,48,HF6,Group_DischargeIC,,,0,False,feature_common_within_state
CS2_37,soh_level,Late,48,HF7,Group_CC,,,0,False,feature_common_within_state
CS2_37,soh_level,Late,48,HF8,Group_CV,,,0,False,feature_common_within_state
CS2_37,degradation_dynamics,Slow,48,HF1,Group_CC,-0.17360507127153824,0.17499639283826052,211,True,feature_common_within_state
CS2_37,degradation_dynamics,Slow,48,HF2,Group_CV,0.06273898841216691,0.057944458778101074,211,True,feature_common_within_state
CS2_37,degradation_dynamics,Slow,48,HF3,Group_EnergyEfficiency,0.1459885235674684,0.1459885235674684,211,True,feature_common_within_state
CS2_37,degradation_dynamics,Slow,48,HF4,Group_DischargeIC,0.21714048020096996,0.11569544409070276,211,True,feature_common_within_state
CS2_37,degradation_dynamics,Slow,48,HF5,Group_DischargeIC,-0.03842203549152967,0.11569544409070276,211,True,feature_common_within_state
CS2_37,degradation_dynamics,Slow,48,HF6,Group_DischargeIC,-0.09152381657960863,0.11569544409070276,211,True,feature_common_within_state
CS2_37,degradation_dynamics,Slow,48,HF7,Group_CC,-0.17638771440498283,0.17499639283826052,211,True,feature_common_within_state
CS2_37,degradation_dynamics,Slow,48,HF8,Group_CV,0.05314992914403525,0.057944458778101074,211,True,feature_common_within_state
CS2_37,degradation_dynamics,Medium,48,HF1,Group_CC,-0.15579426938603402,0.15882426239224326,217,True,feature_common_within_state
CS2_37,degradation_dynamics,Medium,48,HF2,Group_CV,0.29873394219974336,0.2902210964303803,217,True,feature_common_within_state
CS2_37,degradation_dynamics,Medium,48,HF3,Group_EnergyEfficiency,-0.2756073959902117,0.2756073959902117,217,True,feature_common_within_state
CS2_37,degradation_dynamics,Medium,48,HF4,Group_DischargeIC,-0.26564919096030415,0.2985175768058482,217,True,feature_common_within_state
CS2_37,degradation_dynamics,Medium,48,HF5,Group_DischargeIC,-0.2423541023161986,0.2985175768058482,217,True,feature_common_within_state
CS2_37,degradation_dynamics,Medium,48,HF6,Group_DischargeIC,-0.38754943714104184,0.2985175768058482,217,True,feature_common_within_state
CS2_37,degradation_dynamics,Medium,48,HF7,Group_CC,-0.1618542553984525,0.15882426239224326,217,True,feature_common_within_state
CS2_37,degradation_dynamics,Medium,48,HF8,Group_CV,0.28170825066101723,0.2902210964303803,217,True,feature_common_within_state
CS2_37,degradation_dynamics,Fast,48,HF1,Group_CC,-0.15133848691454085,0.1596459918031678,100,True,feature_common_within_state
CS2_37,degradation_dynamics,Fast,48,HF2,Group_CV,0.3221557963960624,0.2913766602005586,100,True,feature_common_within_state
CS2_37,degradation_dynamics,Fast,48,HF3,Group_EnergyEfficiency,-0.18981021656395053,0.18981021656395053,100,True,feature_common_within_state
CS2_37,degradation_dynamics,Fast,48,HF4,Group_DischargeIC,-0.1120152727978618,0.21129370329072628,100,True,feature_common_within_state
CS2_37,degradation_dynamics,Fast,48,HF5,Group_DischargeIC,-0.07613130299690216,0.21129370329072628,100,True,feature_common_within_state
CS2_37,degradation_dynamics,Fast,48,HF6,Group_DischargeIC,-0.4457345340774149,0.21129370329072628,100,True,feature_common_within_state
CS2_37,degradation_dynamics,Fast,48,HF7,Group_CC,-0.16795349669179474,0.1596459918031678,100,True,feature_common_within_state
CS2_37,degradation_dynamics,Fast,48,HF8,Group_CV,0.26059752400505476,0.2913766602005586,100,True,feature_common_within_state
CS2_37,cycle_position,Early-life,48,HF1,Group_CC,-0.09770396650415328,0.09778779735742818,315,True,feature_common_within_state
CS2_37,cycle_position,Early-life,48,HF2,Group_CV,0.015777351775257895,0.01830723043915876,315,True,feature_common_within_state
CS2_37,cycle_position,Early-life,48,HF3,Group_EnergyEfficiency,0.07162418367462219,0.07162418367462219,315,True,feature_common_within_state
CS2_37,cycle_position,Early-life,48,HF4,Group_DischargeIC,0.0036682398717744593,0.024868445439468496,315,True,feature_common_within_state
CS2_37,cycle_position,Early-life,48,HF5,Group_DischargeIC,-0.052598097472408234,0.024868445439468496,315,True,feature_common_within_state
CS2_37,cycle_position,Early-life,48,HF6,Group_DischargeIC,0.018338998974222802,0.024868445439468496,315,True,feature_common_within_state
CS2_37,cycle_position,Early-life,48,HF7,Group_CC,-0.09787162821070308,0.09778779735742818,315,True,feature_common_within_state
CS2_37,cycle_position,Early-life,48,HF8,Group_CV,0.020837109103059626,0.01830723043915876,315,True,feature_common_within_state
CS2_37,cycle_position,Mid-life,48,HF1,Group_CC,-0.0936376506489615,0.09517727817011776,286,True,feature_common_within_state
CS2_37,cycle_position,Mid-life,48,HF2,Group_CV,0.25116188829575536,0.2444286408198738,286,True,feature_common_within_state
CS2_37,cycle_position,Mid-life,48,HF3,Group_EnergyEfficiency,0.07404259581926242,0.07404259581926242,286,True,feature_common_within_state
CS2_37,cycle_position,Mid-life,48,HF4,Group_DischargeIC,-0.3879300182765861,0.3632687770070415,286,True,feature_common_within_state
CS2_37,cycle_position,Mid-life,48,HF5,Group_DischargeIC,-0.30218632720918803,0.3632687770070415,286,True,feature_common_within_state
CS2_37,cycle_position,Mid-life,48,HF6,Group_DischargeIC,-0.39968998553535035,0.3632687770070415,286,True,feature_common_within_state
CS2_37,cycle_position,Mid-life,48,HF7,Group_CC,-0.09671690569127403,0.09517727817011776,286,True,feature_common_within_state
CS2_37,cycle_position,Mid-life,48,HF8,Group_CV,0.23769539334399223,0.2444286408198738,286,True,feature_common_within_state
CS2_37,cycle_position,Late-life,48,HF1,Group_CC,0.2995012563385127,0.2999188160615757,38,True,feature_common_within_state
CS2_37,cycle_position,Late-life,48,HF2,Group_CV,0.22434660524569733,0.25906209011276216,38,True,feature_common_within_state
CS2_37,cycle_position,Late-life,48,HF3,Group_EnergyEfficiency,-0.30004439715184966,0.30004439715184966,38,True,feature_common_within_state
CS2_37,cycle_position,Late-life,48,HF4,Group_DischargeIC,0.2942272187307832,0.29798619640545837,38,True,feature_common_within_state
CS2_37,cycle_position,Late-life,48,HF5,Group_DischargeIC,0.20904204611284685,0.29798619640545837,38,True,feature_common_within_state
CS2_37,cycle_position,Late-life,48,HF6,Group_DischargeIC,0.390689324372745,0.29798619640545837,38,True,feature_common_within_state
CS2_37,cycle_position,Late-life,48,HF7,Group_CC,0.30033637578463873,0.2999188160615757,38,True,feature_common_within_state
CS2_37,cycle_position,Late-life,48,HF8,Group_CV,0.2937775749798269,0.25906209011276216,38,True,feature_common_within_state
CS2_37,soh_level,Early,64,HF1,Group_CC,-0.033146268698027496,0.035318918253261875,576,True,feature_common_within_state
CS2_37,soh_level,Early,64,HF2,Group_CV,0.10248088022639529,0.08729622536301024,576,True,feature_common_within_state
CS2_37,soh_level,Early,64,HF3,Group_EnergyEfficiency,0.010537449044905361,0.010537449044905361,576,True,feature_common_within_state
CS2_37,soh_level,Early,64,HF4,Group_DischargeIC,0.11987321915440863,0.17245170178221225,576,True,feature_common_within_state
CS2_37,soh_level,Early,64,HF5,Group_DischargeIC,-0.22052603522734085,0.17245170178221225,576,True,feature_common_within_state
CS2_37,soh_level,Early,64,HF6,Group_DischargeIC,-0.17695585096488728,0.17245170178221225,576,True,feature_common_within_state
CS2_37,soh_level,Early,64,HF7,Group_CC,-0.037491567808496246,0.035318918253261875,576,True,feature_common_within_state
CS2_37,soh_level,Early,64,HF8,Group_CV,0.07211157049962517,0.08729622536301024,576,True,feature_common_within_state
CS2_37,soh_level,Middle,64,HF1,Group_CC,0.28832600427953103,0.2891537908776773,63,True,feature_common_within_state
CS2_37,soh_level,Middle,64,HF2,Group_CV,0.12284582170633698,0.19751074661424312,63,True,feature_common_within_state
CS2_37,soh_level,Middle,64,HF3,Group_EnergyEfficiency,-0.2934021539286366,0.2934021539286366,63,True,feature_common_within_state
CS2_37,soh_level,Middle,64,HF4,Group_DischargeIC,0.4116744308470368,0.3267154925958983,63,True,feature_common_within_state
CS2_37,soh_level,Middle,64,HF5,Group_DischargeIC,0.23279324807736068,0.3267154925958983,63,True,feature_common_within_state
CS2_37,soh_level,Middle,64,HF6,Group_DischargeIC,0.3356787988632974,0.3267154925958983,63,True,feature_common_within_state
CS2_37,soh_level,Middle,64,HF7,Group_CC,0.28998157747582354,0.2891537908776773,63,True,feature_common_within_state
CS2_37,soh_level,Middle,64,HF8,Group_CV,0.2721756715221493,0.19751074661424312,63,True,feature_common_within_state
CS2_37,soh_level,Late,64,HF1,Group_CC,,,0,False,feature_common_within_state
CS2_37,soh_level,Late,64,HF2,Group_CV,,,0,False,feature_common_within_state
CS2_37,soh_level,Late,64,HF3,Group_EnergyEfficiency,,,0,False,feature_common_within_state
CS2_37,soh_level,Late,64,HF4,Group_DischargeIC,,,0,False,feature_common_within_state
CS2_37,soh_level,Late,64,HF5,Group_DischargeIC,,,0,False,feature_common_within_state
CS2_37,soh_level,Late,64,HF6,Group_DischargeIC,,,0,False,feature_common_within_state
CS2_37,soh_level,Late,64,HF7,Group_CC,,,0,False,feature_common_within_state
CS2_37,soh_level,Late,64,HF8,Group_CV,,,0,False,feature_common_within_state
CS2_37,degradation_dynamics,Slow,64,HF1,Group_CC,-0.12792840375055545,0.13751951140953614,212,True,feature_common_within_state
CS2_37,degradation_dynamics,Slow,64,HF2,Group_CV,0.24463330103039746,0.24409755461482074,212,True,feature_common_within_state
CS2_37,degradation_dynamics,Slow,64,HF3,Group_EnergyEfficiency,-0.09160594597688244,0.09160594597688244,212,True,feature_common_within_state
CS2_37,degradation_dynamics,Slow,64,HF4,Group_DischargeIC,0.46992267146379557,0.2619552280436972,212,True,feature_common_within_state
CS2_37,degradation_dynamics,Slow,64,HF5,Group_DischargeIC,-0.14207347692167013,0.2619552280436972,212,True,feature_common_within_state
CS2_37,degradation_dynamics,Slow,64,HF6,Group_DischargeIC,-0.17386953574562589,0.2619552280436972,212,True,feature_common_within_state
CS2_37,degradation_dynamics,Slow,64,HF7,Group_CC,-0.14711061906851683,0.13751951140953614,212,True,feature_common_within_state
CS2_37,degradation_dynamics,Slow,64,HF8,Group_CV,0.24356180819924406,0.24409755461482074,212,True,feature_common_within_state
CS2_37,degradation_dynamics,Medium,64,HF1,Group_CC,-0.43320407285213025,0.435906576208275,215,True,feature_common_within_state
CS2_37,degradation_dynamics,Medium,64,HF2,Group_CV,0.4623014811944181,0.45801993815696174,215,True,feature_common_within_state
CS2_37,degradation_dynamics,Medium,64,HF3,Group_EnergyEfficiency,-0.17371772387925458,0.17371772387925458,215,True,feature_common_within_state
CS2_37,degradation_dynamics,Medium,64,HF4,Group_DischargeIC,-0.16782578733284723,0.2969556074215611,215,True,feature_common_within_state
CS2_37,degradation_dynamics,Medium,64,HF5,Group_DischargeIC,-0.24743100764755255,0.2969556074215611,215,True,feature_common_within_state
CS2_37,degradation_dynamics,Medium,64,HF6,Group_DischargeIC,-0.47561002728428337,0.2969556074215611,215,True,feature_common_within_state
CS2_37,degradation_dynamics,Medium,64,HF7,Group_CC,-0.43860907956441975,0.435906576208275,215,True,feature_common_within_state
CS2_37,degradation_dynamics,Medium,64,HF8,Group_CV,0.4537383951195053,0.45801993815696174,215,True,feature_common_within_state
CS2_37,degradation_dynamics,Fast,64,HF1,Group_CC,-0.11145111923326788,0.12075908170260083,101,True,feature_common_within_state
CS2_37,degradation_dynamics,Fast,64,HF2,Group_CV,0.36761583634221384,0.34221675354604464,101,True,feature_common_within_state
CS2_37,degradation_dynamics,Fast,64,HF3,Group_EnergyEfficiency,-0.31048253978219387,0.31048253978219387,101,True,feature_common_within_state
CS2_37,degradation_dynamics,Fast,64,HF4,Group_DischargeIC,-0.24246021500348308,0.3316819622880267,101,True,feature_common_within_state
CS2_37,degradation_dynamics,Fast,64,HF5,Group_DischargeIC,-0.2717488897151094,0.3316819622880267,101,True,feature_common_within_state
CS2_37,degradation_dynamics,Fast,64,HF6,Group_DischargeIC,-0.4808367821454876,0.3316819622880267,101,True,feature_common_within_state
CS2_37,degradation_dynamics,Fast,64,HF7,Group_CC,-0.1300670441719338,0.12075908170260083,101,True,feature_common_within_state
CS2_37,degradation_dynamics,Fast,64,HF8,Group_CV,0.3168176707498755,0.34221675354604464,101,True,feature_common_within_state
CS2_37,cycle_position,Early-life,64,HF1,Group_CC,-0.04691817622743478,0.052372009508107616,315,True,feature_common_within_state
CS2_37,cycle_position,Early-life,64,HF2,Group_CV,0.07212606071823026,0.07808087935024585,315,True,feature_common_within_state
CS2_37,cycle_position,Early-life,64,HF3,Group_EnergyEfficiency,-0.0403874496560344,0.0403874496560344,315,True,feature_common_within_state
CS2_37,cycle_position,Early-life,64,HF4,Group_DischargeIC,0.05043577078089501,0.07095428928704188,315,True,feature_common_within_state
CS2_37,cycle_position,Early-life,64,HF5,Group_DischargeIC,-0.15858306211231746,0.07095428928704188,315,True,feature_common_within_state
CS2_37,cycle_position,Early-life,64,HF6,Group_DischargeIC,-0.00384403496791319,0.07095428928704188,315,True,feature_common_within_state
CS2_37,cycle_position,Early-life,64,HF7,Group_CC,-0.05782584278878045,0.052372009508107616,315,True,feature_common_within_state
CS2_37,cycle_position,Early-life,64,HF8,Group_CV,0.08403569798226143,0.07808087935024585,315,True,feature_common_within_state
CS2_37,cycle_position,Mid-life,64,HF1,Group_CC,-0.08999961189922798,0.09296583270798166,286,True,feature_common_within_state
CS2_37,cycle_position,Mid-life,64,HF2,Group_CV,0.4434078657088015,0.44388399220930574,286,True,feature_common_within_state
CS2_37,cycle_position,Mid-life,64,HF3,Group_EnergyEfficiency,0.042805511892261665,0.042805511892261665,286,True,feature_common_within_state
CS2_37,cycle_position,Mid-life,64,HF4,Group_DischargeIC,-0.38874601700392974,0.4028365391646127,286,True,feature_common_within_state
CS2_37,cycle_position,Mid-life,64,HF5,Group_DischargeIC,-0.29658298058307564,0.4028365391646127,286,True,feature_common_within_state
CS2_37,cycle_position,Mid-life,64,HF6,Group_DischargeIC,-0.5231806199068328,0.4028365391646127,286,True,feature_common_within_state
CS2_37,cycle_position,Mid-life,64,HF7,Group_CC,-0.09593205351673534,0.09296583270798166,286,True,feature_common_within_state
CS2_37,cycle_position,Mid-life,64,HF8,Group_CV,0.44436011870980996,0.44388399220930574,286,True,feature_common_within_state
CS2_37,cycle_position,Late-life,64,HF1,Group_CC,0.3379205486310343,0.3395277332573644,38,True,feature_common_within_state
CS2_37,cycle_position,Late-life,64,HF2,Group_CV,0.08195148976390514,0.1597411338673,38,True,feature_common_within_state
CS2_37,cycle_position,Late-life,64,HF3,Group_EnergyEfficiency,-0.33414048684272585,0.33414048684272585,38,True,feature_common_within_state
CS2_37,cycle_position,Late-life,64,HF4,Group_DischargeIC,0.6302482838317942,0.527207613886845,38,True,feature_common_within_state
CS2_37,cycle_position,Late-life,64,HF5,Group_DischargeIC,0.3904616938640937,0.527207613886845,38,True,feature_common_within_state
CS2_37,cycle_position,Late-life,64,HF6,Group_DischargeIC,0.5609128639646469,0.527207613886845,38,True,feature_common_within_state
CS2_37,cycle_position,Late-life,64,HF7,Group_CC,0.3411349178836945,0.3395277332573644,38,True,feature_common_within_state
CS2_37,cycle_position,Late-life,64,HF8,Group_CV,0.23753077797069486,0.1597411338673,38,True,feature_common_within_state
CS2_38,soh_level,Early,1,HF1,Group_CC,0.19975730841191386,0.19782792937706978,496,True,feature_common_within_state
CS2_38,soh_level,Early,1,HF2,Group_CV,0.09490389281466269,0.08552842246078046,496,True,feature_common_within_state
CS2_38,soh_level,Early,1,HF3,Group_EnergyEfficiency,-0.22583678709781765,0.22583678709781765,496,True,feature_common_within_state
CS2_38,soh_level,Early,1,HF4,Group_DischargeIC,0.07010005150861301,0.03892524506946767,496,True,feature_common_within_state
CS2_38,soh_level,Early,1,HF5,Group_DischargeIC,0.03336759093267748,0.03892524506946767,496,True,feature_common_within_state
CS2_38,soh_level,Early,1,HF6,Group_DischargeIC,-0.013308092767112525,0.03892524506946767,496,True,feature_common_within_state
CS2_38,soh_level,Early,1,HF7,Group_CC,0.19589855034222572,0.19782792937706978,496,True,feature_common_within_state
CS2_38,soh_level,Early,1,HF8,Group_CV,0.07615295210689824,0.08552842246078046,496,True,feature_common_within_state
CS2_38,soh_level,Middle,1,HF1,Group_CC,-0.03481007304338552,0.03512224448453809,52,True,feature_common_within_state
CS2_38,soh_level,Middle,1,HF2,Group_CV,0.013302423045786407,0.015081890416688934,52,True,feature_common_within_state
CS2_38,soh_level,Middle,1,HF3,Group_EnergyEfficiency,0.017486005402134353,0.017486005402134353,52,True,feature_common_within_state
CS2_38,soh_level,Middle,1,HF4,Group_DischargeIC,-0.06821981677273552,0.08632218280877457,52,True,feature_common_within_state
CS2_38,soh_level,Middle,1,HF5,Group_DischargeIC,-0.11888301900464103,0.08632218280877457,52,True,feature_common_within_state
CS2_38,soh_level,Middle,1,HF6,Group_DischargeIC,-0.07186371264894718,0.08632218280877457,52,True,feature_common_within_state
CS2_38,soh_level,Middle,1,HF7,Group_CC,-0.03543441592569065,0.03512224448453809,52,True,feature_common_within_state
CS2_38,soh_level,Middle,1,HF8,Group_CV,-0.01686135778759146,0.015081890416688934,52,True,feature_common_within_state
CS2_38,soh_level,Late,1,HF1,Group_CC,,,0,False,feature_common_within_state
CS2_38,soh_level,Late,1,HF2,Group_CV,,,0,False,feature_common_within_state
CS2_38,soh_level,Late,1,HF3,Group_EnergyEfficiency,,,0,False,feature_common_within_state
CS2_38,soh_level,Late,1,HF4,Group_DischargeIC,,,0,False,feature_common_within_state
CS2_38,soh_level,Late,1,HF5,Group_DischargeIC,,,0,False,feature_common_within_state
CS2_38,soh_level,Late,1,HF6,Group_DischargeIC,,,0,False,feature_common_within_state
CS2_38,soh_level,Late,1,HF7,Group_CC,,,0,False,feature_common_within_state
CS2_38,soh_level,Late,1,HF8,Group_CV,,,0,False,feature_common_within_state
CS2_38,degradation_dynamics,Slow,1,HF1,Group_CC,-0.14634241736107423,0.145986245030204,196,True,feature_common_within_state
CS2_38,degradation_dynamics,Slow,1,HF2,Group_CV,0.117233827501103,0.11954949311315893,196,True,feature_common_within_state
CS2_38,degradation_dynamics,Slow,1,HF3,Group_EnergyEfficiency,0.0266733783660241,0.0266733783660241,196,True,feature_common_within_state
CS2_38,degradation_dynamics,Slow,1,HF4,Group_DischargeIC,0.025543637481557746,0.0396297617914642,196,True,feature_common_within_state
CS2_38,degradation_dynamics,Slow,1,HF5,Group_DischargeIC,-0.02340793433485619,0.0396297617914642,196,True,feature_common_within_state
CS2_38,degradation_dynamics,Slow,1,HF6,Group_DischargeIC,-0.06993771355797866,0.0396297617914642,196,True,feature_common_within_state
CS2_38,degradation_dynamics,Slow,1,HF7,Group_CC,-0.14563007269933376,0.145986245030204,196,True,feature_common_within_state
CS2_38,degradation_dynamics,Slow,1,HF8,Group_CV,0.12186515872521486,0.11954949311315893,196,True,feature_common_within_state
CS2_38,degradation_dynamics,Medium,1,HF1,Group_CC,-0.02736551353177628,0.02715000860211908,200,True,feature_common_within_state
CS2_38,degradation_dynamics,Medium,1,HF2,Group_CV,-0.006107181764861134,0.02328220855957026,200,True,feature_common_within_state
CS2_38,degradation_dynamics,Medium,1,HF3,Group_EnergyEfficiency,0.041232209081289065,0.041232209081289065,200,True,feature_common_within_state
CS2_38,degradation_dynamics,Medium,1,HF4,Group_DischargeIC,0.025710439357327527,0.022650966965630587,200,True,feature_common_within_state
CS2_38,degradation_dynamics,Medium,1,HF5,Group_DischargeIC,0.0277109690632376,0.022650966965630587,200,True,feature_common_within_state
CS2_38,degradation_dynamics,Medium,1,HF6,Group_DischargeIC,-0.014531492476326636,0.022650966965630587,200,True,feature_common_within_state
CS2_38,degradation_dynamics,Medium,1,HF7,Group_CC,-0.02693450367246188,0.02715000860211908,200,True,feature_common_within_state
CS2_38,degradation_dynamics,Medium,1,HF8,Group_CV,-0.040457235354279385,0.02328220855957026,200,True,feature_common_within_state
CS2_38,degradation_dynamics,Fast,1,HF1,Group_CC,0.05591239319057052,0.054532261725519546,46,True,feature_common_within_state
CS2_38,degradation_dynamics,Fast,1,HF2,Group_CV,-0.03442575587174842,0.05314721872673986,46,True,feature_common_within_state
CS2_38,degradation_dynamics,Fast,1,HF3,Group_EnergyEfficiency,-0.011431924434497219,0.011431924434497219,46,True,feature_common_within_state
CS2_38,degradation_dynamics,Fast,1,HF4,Group_DischargeIC,0.045335584579388515,0.04804677195083742,46,True,feature_common_within_state
CS2_38,degradation_dynamics,Fast,1,HF5,Group_DischargeIC,0.04610961890648152,0.04804677195083742,46,True,feature_common_within_state
CS2_38,degradation_dynamics,Fast,1,HF6,Group_DischargeIC,0.05269511236664221,0.04804677195083742,46,True,feature_common_within_state
CS2_38,degradation_dynamics,Fast,1,HF7,Group_CC,0.05315213026046857,0.054532261725519546,46,True,feature_common_within_state
CS2_38,degradation_dynamics,Fast,1,HF8,Group_CV,-0.07186868158173129,0.05314721872673986,46,True,feature_common_within_state
CS2_38,cycle_position,Early-life,1,HF1,Group_CC,-0.04830057863896188,0.04974841045660756,226,True,feature_common_within_state
CS2_38,cycle_position,Early-life,1,HF2,Group_CV,0.05787577906582718,0.05972529062357018,226,True,feature_common_within_state
CS2_38,cycle_position,Early-life,1,HF3,Group_EnergyEfficiency,0.011241522908288346,0.011241522908288346,226,True,feature_common_within_state
CS2_38,cycle_position,Early-life,1,HF4,Group_DischargeIC,0.06199849373465224,0.040117385336822846,226,True,feature_common_within_state
CS2_38,cycle_position,Early-life,1,HF5,Group_DischargeIC,0.02035983424178899,0.040117385336822846,226,True,feature_common_within_state
CS2_38,cycle_position,Early-life,1,HF6,Group_DischargeIC,0.0379938280340273,0.040117385336822846,226,True,feature_common_within_state
CS2_38,cycle_position,Early-life,1,HF7,Group_CC,-0.051196242274253234,0.04974841045660756,226,True,feature_common_within_state
CS2_38,cycle_position,Early-life,1,HF8,Group_CV,0.061574802181313185,0.05972529062357018,226,True,feature_common_within_state
CS2_38,cycle_position,Mid-life,1,HF1,Group_CC,0.2836190242873288,0.28244350286684144,270,True,feature_common_within_state
CS2_38,cycle_position,Mid-life,1,HF2,Group_CV,0.12419103483430075,0.11185811731382622,270,True,feature_common_within_state
CS2_38,cycle_position,Mid-life,1,HF3,Group_EnergyEfficiency,-0.3000655978967628,0.3000655978967628,270,True,feature_common_within_state
CS2_38,cycle_position,Mid-life,1,HF4,Group_DischargeIC,0.06181641996445646,0.05249917045326605,270,True,feature_common_within_state
CS2_38,cycle_position,Mid-life,1,HF5,Group_DischargeIC,0.06426526425014718,0.05249917045326605,270,True,feature_common_within_state
CS2_38,cycle_position,Mid-life,1,HF6,Group_DischargeIC,-0.031415827145194496,0.05249917045326605,270,True,feature_common_within_state
CS2_38,cycle_position,Mid-life,1,HF7,Group_CC,0.28126798144635407,0.28244350286684144,270,True,feature_common_within_state
CS2_38,cycle_position,Mid-life,1,HF8,Group_CV,0.09952519979335171,0.11185811731382622,270,True,feature_common_within_state
CS2_38,cycle_position,Late-life,1,HF1,Group_CC,-0.044215054787683866,0.04323865285424493,52,True,feature_common_within_state
CS2_38,cycle_position,Late-life,1,HF2,Group_CV,-0.009578260787565063,0.025221042245812855,52,True,feature_common_within_state
CS2_38,cycle_position,Late-life,1,HF3,Group_EnergyEfficiency,0.05206715913701239,0.05206715913701239,52,True,feature_common_within_state
CS2_38,cycle_position,Late-life,1,HF4,Group_DischargeIC,-0.02886273018774375,0.055254872178687485,52,True,feature_common_within_state
CS2_38,cycle_position,Late-life,1,HF5,Group_DischargeIC,-0.09615750220502324,0.055254872178687485,52,True,feature_common_within_state
CS2_38,cycle_position,Late-life,1,HF6,Group_DischargeIC,-0.04074438414329546,0.055254872178687485,52,True,feature_common_within_state
CS2_38,cycle_position,Late-life,1,HF7,Group_CC,-0.04226225092080599,0.04323865285424493,52,True,feature_common_within_state
CS2_38,cycle_position,Late-life,1,HF8,Group_CV,-0.040863823704060644,0.025221042245812855,52,True,feature_common_within_state
CS2_38,soh_level,Early,4,HF1,Group_CC,-0.02964983378659903,0.030683255574781774,495,True,feature_common_within_state
CS2_38,soh_level,Early,4,HF2,Group_CV,0.06337089110673741,0.06181974928784477,495,True,feature_common_within_state
CS2_38,soh_level,Early,4,HF3,Group_EnergyEfficiency,0.023923272226750676,0.023923272226750676,495,True,feature_common_within_state
CS2_38,soh_level,Early,4,HF4,Group_DischargeIC,-0.11211512933513287,0.11832997836445408,495,True,feature_common_within_state
CS2_38,soh_level,Early,4,HF5,Group_DischargeIC,-0.13793978331807324,0.11832997836445408,495,True,feature_common_within_state
CS2_38,soh_level,Early,4,HF6,Group_DischargeIC,-0.10493502244015612,0.11832997836445408,495,True,feature_common_within_state
CS2_38,soh_level,Early,4,HF7,Group_CC,-0.03171667736296452,0.030683255574781774,495,True,feature_common_within_state
CS2_38,soh_level,Early,4,HF8,Group_CV,0.06026860746895212,0.06181974928784477,495,True,feature_common_within_state
CS2_38,soh_level,Middle,4,HF1,Group_CC,-0.21285085513966745,0.21151631826363765,52,True,feature_common_within_state
CS2_38,soh_level,Middle,4,HF2,Group_CV,0.012930243878822256,0.018368458592497437,52,True,feature_common_within_state
CS2_38,soh_level,Middle,4,HF3,Group_EnergyEfficiency,0.22441387154511158,0.22441387154511158,52,True,feature_common_within_state
CS2_38,soh_level,Middle,4,HF4,Group_DischargeIC,-0.1468568455603655,0.1316702030473227,52,True,feature_common_within_state
CS2_38,soh_level,Middle,4,HF5,Group_DischargeIC,-0.07578354149824133,0.1316702030473227,52,True,feature_common_within_state
CS2_38,soh_level,Middle,4,HF6,Group_DischargeIC,-0.17237022208336125,0.1316702030473227,52,True,feature_common_within_state
CS2_38,soh_level,Middle,4,HF7,Group_CC,-0.21018178138760782,0.21151631826363765,52,True,feature_common_within_state
CS2_38,soh_level,Middle,4,HF8,Group_CV,-0.02380667330617262,0.018368458592497437,52,True,feature_common_within_state
CS2_38,soh_level,Late,4,HF1,Group_CC,,,0,False,feature_common_within_state
CS2_38,soh_level,Late,4,HF2,Group_CV,,,0,False,feature_common_within_state
CS2_38,soh_level,Late,4,HF3,Group_EnergyEfficiency,,,0,False,feature_common_within_state
CS2_38,soh_level,Late,4,HF4,Group_DischargeIC,,,0,False,feature_common_within_state
CS2_38,soh_level,Late,4,HF5,Group_DischargeIC,,,0,False,feature_common_within_state
CS2_38,soh_level,Late,4,HF6,Group_DischargeIC,,,0,False,feature_common_within_state
CS2_38,soh_level,Late,4,HF7,Group_CC,,,0,False,feature_common_within_state
CS2_38,soh_level,Late,4,HF8,Group_CV,,,0,False,feature_common_within_state
CS2_38,degradation_dynamics,Slow,4,HF1,Group_CC,-0.049804475493224,0.052438485746509125,195,True,feature_common_within_state
CS2_38,degradation_dynamics,Slow,4,HF2,Group_CV,0.10920233160210424,0.10515768602855757,195,True,feature_common_within_state
CS2_38,degradation_dynamics,Slow,4,HF3,Group_EnergyEfficiency,-0.11195474963571417,0.11195474963571417,195,True,feature_common_within_state
CS2_38,degradation_dynamics,Slow,4,HF4,Group_DischargeIC,-0.10479466140221474,0.11695195516374753,195,True,feature_common_within_state
CS2_38,degradation_dynamics,Slow,4,HF5,Group_DischargeIC,-0.11453235393766642,0.11695195516374753,195,True,feature_common_within_state
CS2_38,degradation_dynamics,Slow,4,HF6,Group_DischargeIC,-0.13152885015136143,0.11695195516374753,195,True,feature_common_within_state
CS2_38,degradation_dynamics,Slow,4,HF7,Group_CC,-0.055072495999794246,0.052438485746509125,195,True,feature_common_within_state
CS2_38,degradation_dynamics,Slow,4,HF8,Group_CV,0.1011130404550109,0.10515768602855757,195,True,feature_common_within_state
CS2_38,degradation_dynamics,Medium,4,HF1,Group_CC,-0.13354978853416682,0.13294337553637242,200,True,feature_common_within_state
CS2_38,degradation_dynamics,Medium,4,HF2,Group_CV,0.08813261793698755,0.0794710442384359,200,True,feature_common_within_state
CS2_38,degradation_dynamics,Medium,4,HF3,Group_EnergyEfficiency,0.047338077187351287,0.047338077187351287,200,True,feature_common_within_state
CS2_38,degradation_dynamics,Medium,4,HF4,Group_DischargeIC,-0.08506535834724817,0.07431472207854746,200,True,feature_common_within_state
CS2_38,degradation_dynamics,Medium,4,HF5,Group_DischargeIC,-0.009410251381632703,0.07431472207854746,200,True,feature_common_within_state
CS2_38,degradation_dynamics,Medium,4,HF6,Group_DischargeIC,-0.1284685565067615,0.07431472207854746,200,True,feature_common_within_state
CS2_38,degradation_dynamics,Medium,4,HF7,Group_CC,-0.13233696253857805,0.13294337553637242,200,True,feature_common_within_state
CS2_38,degradation_dynamics,Medium,4,HF8,Group_CV,0.07080947053988425,0.0794710442384359,200,True,feature_common_within_state
CS2_38,degradation_dynamics,Fast,4,HF1,Group_CC,0.32345762907782794,0.31785028991816267,46,True,feature_common_within_state
CS2_38,degradation_dynamics,Fast,4,HF2,Group_CV,-0.11112899499516157,0.09751027675824386,46,True,feature_common_within_state
CS2_38,degradation_dynamics,Fast,4,HF3,Group_EnergyEfficiency,-0.35825483800876295,0.35825483800876295,46,True,feature_common_within_state
CS2_38,degradation_dynamics,Fast,4,HF4,Group_DischargeIC,-0.3236877720481611,0.266896071498734,46,True,feature_common_within_state
CS2_38,degradation_dynamics,Fast,4,HF5,Group_DischargeIC,-0.3372853166955176,0.266896071498734,46,True,feature_common_within_state
CS2_38,degradation_dynamics,Fast,4,HF6,Group_DischargeIC,-0.13971512575252326,0.266896071498734,46,True,feature_common_within_state
CS2_38,degradation_dynamics,Fast,4,HF7,Group_CC,0.3122429507584974,0.31785028991816267,46,True,feature_common_within_state
CS2_38,degradation_dynamics,Fast,4,HF8,Group_CV,-0.08389155852132615,0.09751027675824386,46,True,feature_common_within_state
CS2_38,cycle_position,Early-life,4,HF1,Group_CC,-0.05359917767033576,0.05705254397872093,226,True,feature_common_within_state
CS2_38,cycle_position,Early-life,4,HF2,Group_CV,0.12458999916036276,0.12388359746229899,226,True,feature_common_within_state
CS2_38,cycle_position,Early-life,4,HF3,Group_EnergyEfficiency,-0.04345736312512764,0.04345736312512764,226,True,feature_common_within_state
CS2_38,cycle_position,Early-life,4,HF4,Group_DischargeIC,-0.13405235530640183,0.14069667289983737,226,True,feature_common_within_state
CS2_38,cycle_position,Early-life,4,HF5,Group_DischargeIC,-0.15794503764549117,0.14069667289983737,226,True,feature_common_within_state
CS2_38,cycle_position,Early-life,4,HF6,Group_DischargeIC,-0.13009262574761912,0.14069667289983737,226,True,feature_common_within_state
CS2_38,cycle_position,Early-life,4,HF7,Group_CC,-0.0605059102871061,0.05705254397872093,226,True,feature_common_within_state
CS2_38,cycle_position,Early-life,4,HF8,Group_CV,0.12317719576423522,0.12388359746229899,226,True,feature_common_within_state
CS2_38,cycle_position,Mid-life,4,HF1,Group_CC,-0.030221236149761833,0.030620877741915284,269,True,feature_common_within_state
CS2_38,cycle_position,Mid-life,4,HF2,Group_CV,0.04216938691930693,0.047417356429535804,269,True,feature_common_within_state
CS2_38,cycle_position,Mid-life,4,HF3,Group_EnergyEfficiency,0.031605346514682976,0.031605346514682976,269,True,feature_common_within_state
CS2_38,cycle_position,Mid-life,4,HF4,Group_DischargeIC,-0.13341510055334946,0.09960375934254924,269,True,feature_common_within_state
CS2_38,cycle_position,Mid-life,4,HF5,Group_DischargeIC,-0.09137702720752303,0.09960375934254924,269,True,feature_common_within_state
CS2_38,cycle_position,Mid-life,4,HF6,Group_DischargeIC,-0.07401915026677522,0.09960375934254924,269,True,feature_common_within_state
CS2_38,cycle_position,Mid-life,4,HF7,Group_CC,-0.031020519334068738,0.030620877741915284,269,True,feature_common_within_state
CS2_38,cycle_position,Mid-life,4,HF8,Group_CV,0.05266532593976467,0.047417356429535804,269,True,feature_common_within_state
CS2_38,cycle_position,Late-life,4,HF1,Group_CC,-0.2232820678668165,0.2219720463978363,52,True,feature_common_within_state
CS2_38,cycle_position,Late-life,4,HF2,Group_CV,0.02442617685792198,0.015574535802023032,52,True,feature_common_within_state
CS2_38,cycle_position,Late-life,4,HF3,Group_EnergyEfficiency,0.23210976768612213,0.23210976768612213,52,True,feature_common_within_state
CS2_38,cycle_position,Late-life,4,HF4,Group_DischargeIC,-0.18570759222729527,0.16036537507775186,52,True,feature_common_within_state
CS2_38,cycle_position,Late-life,4,HF5,Group_DischargeIC,-0.09013645282304518,0.16036537507775186,52,True,feature_common_within_state
CS2_38,cycle_position,Late-life,4,HF6,Group_DischargeIC,-0.20525208018291513,0.16036537507775186,52,True,feature_common_within_state
CS2_38,cycle_position,Late-life,4,HF7,Group_CC,-0.22066202492885612,0.2219720463978363,52,True,feature_common_within_state
CS2_38,cycle_position,Late-life,4,HF8,Group_CV,-0.006722894746124081,0.015574535802023032,52,True,feature_common_within_state
CS2_38,soh_level,Early,8,HF1,Group_CC,-0.021864167113548976,0.021959918218353115,497,True,feature_common_within_state
CS2_38,soh_level,Early,8,HF2,Group_CV,0.012124017425059171,0.00667751968620647,497,True,feature_common_within_state
CS2_38,soh_level,Early,8,HF3,Group_EnergyEfficiency,0.02203122388224805,0.02203122388224805,497,True,feature_common_within_state
CS2_38,soh_level,Early,8,HF4,Group_DischargeIC,-0.0014578113070574472,0.05712192543868385,497,True,feature_common_within_state
CS2_38,soh_level,Early,8,HF5,Group_DischargeIC,-0.0922184647664461,0.05712192543868385,497,True,feature_common_within_state
CS2_38,soh_level,Early,8,HF6,Group_DischargeIC,-0.07768950024254799,0.05712192543868385,497,True,feature_common_within_state
CS2_38,soh_level,Early,8,HF7,Group_CC,-0.02205566932315725,0.021959918218353115,497,True,feature_common_within_state
CS2_38,soh_level,Early,8,HF8,Group_CV,0.001231021947353768,0.00667751968620647,497,True,feature_common_within_state
CS2_38,soh_level,Middle,8,HF1,Group_CC,-0.0033361137632173313,0.004699749867673995,52,True,feature_common_within_state
CS2_38,soh_level,Middle,8,HF2,Group_CV,0.15530530288118255,0.15913854859626925,52,True,feature_common_within_state
CS2_38,soh_level,Middle,8,HF3,Group_EnergyEfficiency,-0.136062362629859,0.136062362629859,52,True,feature_common_within_state
CS2_38,soh_level,Middle,8,HF4,Group_DischargeIC,-0.14767384074389223,0.11799708564498072,52,True,feature_common_within_state
CS2_38,soh_level,Middle,8,HF5,Group_DischargeIC,-0.0743464471677262,0.11799708564498072,52,True,feature_common_within_state
CS2_38,soh_level,Middle,8,HF6,Group_DischargeIC,-0.13197096902332373,0.11799708564498072,52,True,feature_common_within_state
CS2_38,soh_level,Middle,8,HF7,Group_CC,-0.006063385972130658,0.004699749867673995,52,True,feature_common_within_state
CS2_38,soh_level,Middle,8,HF8,Group_CV,0.16297179431135597,0.15913854859626925,52,True,feature_common_within_state
CS2_38,soh_level,Late,8,HF1,Group_CC,,,0,False,feature_common_within_state
CS2_38,soh_level,Late,8,HF2,Group_CV,,,0,False,feature_common_within_state
CS2_38,soh_level,Late,8,HF3,Group_EnergyEfficiency,,,0,False,feature_common_within_state
CS2_38,soh_level,Late,8,HF4,Group_DischargeIC,,,0,False,feature_common_within_state
CS2_38,soh_level,Late,8,HF5,Group_DischargeIC,,,0,False,feature_common_within_state
CS2_38,soh_level,Late,8,HF6,Group_DischargeIC,,,0,False,feature_common_within_state
CS2_38,soh_level,Late,8,HF7,Group_CC,,,0,False,feature_common_within_state
CS2_38,soh_level,Late,8,HF8,Group_CV,,,0,False,feature_common_within_state
CS2_38,degradation_dynamics,Slow,8,HF1,Group_CC,0.034596088212398596,0.03504081979767071,197,True,feature_common_within_state
CS2_38,degradation_dynamics,Slow,8,HF2,Group_CV,-0.001547306074410601,0.005366871798373354,197,True,feature_common_within_state
CS2_38,degradation_dynamics,Slow,8,HF3,Group_EnergyEfficiency,-0.04502777923435765,0.04502777923435765,197,True,feature_common_within_state
CS2_38,degradation_dynamics,Slow,8,HF4,Group_DischargeIC,0.028171697647484575,0.041507464259544775,197,True,feature_common_within_state
CS2_38,degradation_dynamics,Slow,8,HF5,Group_DischargeIC,0.057953939923610025,0.041507464259544775,197,True,feature_common_within_state
CS2_38,degradation_dynamics,Slow,8,HF6,Group_DischargeIC,-0.038396755207539726,0.041507464259544775,197,True,feature_common_within_state
CS2_38,degradation_dynamics,Slow,8,HF7,Group_CC,0.03548555138294282,0.03504081979767071,197,True,feature_common_within_state
CS2_38,degradation_dynamics,Slow,8,HF8,Group_CV,0.009186437522336107,0.005366871798373354,197,True,feature_common_within_state
CS2_38,degradation_dynamics,Medium,8,HF1,Group_CC,-0.03988694329207162,0.04304570841364632,200,True,feature_common_within_state
CS2_38,degradation_dynamics,Medium,8,HF2,Group_CV,0.12528195508152487,0.1240025769344966,200,True,feature_common_within_state
CS2_38,degradation_dynamics,Medium,8,HF3,Group_EnergyEfficiency,-0.13812909588196587,0.13812909588196587,200,True,feature_common_within_state
CS2_38,degradation_dynamics,Medium,8,HF4,Group_DischargeIC,-0.1004460739740145,0.11261355616894637,200,True,feature_common_within_state
CS2_38,degradation_dynamics,Medium,8,HF5,Group_DischargeIC,-0.0931492083514036,0.11261355616894637,200,True,feature_common_within_state
CS2_38,degradation_dynamics,Medium,8,HF6,Group_DischargeIC,-0.144245386181421,0.11261355616894637,200,True,feature_common_within_state
CS2_38,degradation_dynamics,Medium,8,HF7,Group_CC,-0.04620447353522102,0.04304570841364632,200,True,feature_common_within_state
CS2_38,degradation_dynamics,Medium,8,HF8,Group_CV,0.12272319878746832,0.1240025769344966,200,True,feature_common_within_state
CS2_38,degradation_dynamics,Fast,8,HF1,Group_CC,-0.07448761930521515,0.0771687881502005,46,True,feature_common_within_state
CS2_38,degradation_dynamics,Fast,8,HF2,Group_CV,0.19828897913552984,0.20565646181564673,46,True,feature_common_within_state
CS2_38,degradation_dynamics,Fast,8,HF3,Group_EnergyEfficiency,-0.19210291225867604,0.19210291225867604,46,True,feature_common_within_state
CS2_38,degradation_dynamics,Fast,8,HF4,Group_DischargeIC,-0.07890927072507774,0.12272650118755572,46,True,feature_common_within_state
CS2_38,degradation_dynamics,Fast,8,HF5,Group_DischargeIC,0.08853983620968126,0.12272650118755572,46,True,feature_common_within_state
CS2_38,degradation_dynamics,Fast,8,HF6,Group_DischargeIC,-0.20073039662790818,0.12272650118755572,46,True,feature_common_within_state
CS2_38,degradation_dynamics,Fast,8,HF7,Group_CC,-0.07984995699518588,0.0771687881502005,46,True,feature_common_within_state
CS2_38,degradation_dynamics,Fast,8,HF8,Group_CV,0.21302394449576365,0.20565646181564673,46,True,feature_common_within_state
CS2_38,cycle_position,Early-life,8,HF1,Group_CC,-0.012165849752635582,0.013201630220264885,226,True,feature_common_within_state
CS2_38,cycle_position,Early-life,8,HF2,Group_CV,0.08232006530510352,0.07782318876045319,226,True,feature_common_within_state
CS2_38,cycle_position,Early-life,8,HF3,Group_EnergyEfficiency,-0.05917927041390154,0.05917927041390154,226,True,feature_common_within_state
CS2_38,cycle_position,Early-life,8,HF4,Group_DischargeIC,0.0309356041615071,0.05563477742818975,226,True,feature_common_within_state
CS2_38,cycle_position,Early-life,8,HF5,Group_DischargeIC,-0.029686190250057694,0.05563477742818975,226,True,feature_common_within_state
CS2_38,cycle_position,Early-life,8,HF6,Group_DischargeIC,-0.10628253787300444,0.05563477742818975,226,True,feature_common_within_state
CS2_38,cycle_position,Early-life,8,HF7,Group_CC,-0.01423741068789419,0.013201630220264885,226,True,feature_common_within_state
CS2_38,cycle_position,Early-life,8,HF8,Group_CV,0.07332631221580287,0.07782318876045319,226,True,feature_common_within_state
CS2_38,cycle_position,Mid-life,8,HF1,Group_CC,-0.030696055050932407,0.030697879440085722,271,True,feature_common_within_state
CS2_38,cycle_position,Mid-life,8,HF2,Group_CV,-0.005525328363482298,0.004972101446185445,271,True,feature_common_within_state
CS2_38,cycle_position,Mid-life,8,HF3,Group_EnergyEfficiency,0.03162421996676045,0.03162421996676045,271,True,feature_common_within_state
CS2_38,cycle_position,Mid-life,8,HF4,Group_DischargeIC,-0.07450079614530973,0.06519817736623683,271,True,feature_common_within_state
CS2_38,cycle_position,Mid-life,8,HF5,Group_DischargeIC,-0.07056370903571006,0.06519817736623683,271,True,feature_common_within_state
CS2_38,cycle_position,Mid-life,8,HF6,Group_DischargeIC,-0.05053002691769071,0.06519817736623683,271,True,feature_common_within_state
CS2_38,cycle_position,Mid-life,8,HF7,Group_CC,-0.030699703829239033,0.030697879440085722,271,True,feature_common_within_state
CS2_38,cycle_position,Mid-life,8,HF8,Group_CV,-0.004418874528888592,0.004972101446185445,271,True,feature_common_within_state
CS2_38,cycle_position,Late-life,8,HF1,Group_CC,-0.022701188096416372,0.024081988354566947,52,True,feature_common_within_state
CS2_38,cycle_position,Late-life,8,HF2,Group_CV,0.1804207745166174,0.18198362856121547,52,True,feature_common_within_state
CS2_38,cycle_position,Late-life,8,HF3,Group_EnergyEfficiency,-0.1322129921596133,0.1322129921596133,52,True,feature_common_within_state
CS2_38,cycle_position,Late-life,8,HF4,Group_DischargeIC,-0.16629232696682011,0.12679737601138344,52,True,feature_common_within_state
CS2_38,cycle_position,Late-life,8,HF5,Group_DischargeIC,-0.07650600810375677,0.12679737601138344,52,True,feature_common_within_state
CS2_38,cycle_position,Late-life,8,HF6,Group_DischargeIC,-0.1375937929635735,0.12679737601138344,52,True,feature_common_within_state
CS2_38,cycle_position,Late-life,8,HF7,Group_CC,-0.025462788612717523,0.024081988354566947,52,True,feature_common_within_state
CS2_38,cycle_position,Late-life,8,HF8,Group_CV,0.18354648260581352,0.18198362856121547,52,True,feature_common_within_state
CS2_38,soh_level,Early,12,HF1,Group_CC,-0.03713345970395916,0.038466149941132746,496,True,feature_common_within_state
CS2_38,soh_level,Early,12,HF2,Group_CV,0.14083001553721586,0.13479072166116624,496,True,feature_common_within_state
CS2_38,soh_level,Early,12,HF3,Group_EnergyEfficiency,0.022298476055342544,0.022298476055342544,496,True,feature_common_within_state
CS2_38,soh_level,Early,12,HF4,Group_DischargeIC,-0.11490388523262335,0.15460263100146474,496,True,feature_common_within_state
CS2_38,soh_level,Early,12,HF5,Group_DischargeIC,-0.1640847906133358,0.15460263100146474,496,True,feature_common_within_state
CS2_38,soh_level,Early,12,HF6,Group_DischargeIC,-0.184819217158435,0.15460263100146474,496,True,feature_common_within_state
CS2_38,soh_level,Early,12,HF7,Group_CC,-0.03979884017830633,0.038466149941132746,496,True,feature_common_within_state
CS2_38,soh_level,Early,12,HF8,Group_CV,0.1287514277851166,0.13479072166116624,496,True,feature_common_within_state
CS2_38,soh_level,Middle,12,HF1,Group_CC,-0.07710757098392082,0.07887471415038336,52,True,feature_common_within_state
CS2_38,soh_level,Middle,12,HF2,Group_CV,0.20992571868668722,0.20687587650217046,52,True,feature_common_within_state
CS2_38,soh_level,Middle,12,HF3,Group_EnergyEfficiency,-0.10654509927124932,0.10654509927124932,52,True,feature_common_within_state
CS2_38,soh_level,Middle,12,HF4,Group_DischargeIC,-0.16227430584134908,0.12278556371529976,52,True,feature_common_within_state
CS2_38,soh_level,Middle,12,HF5,Group_DischargeIC,-0.06765179001227425,0.12278556371529976,52,True,feature_common_within_state
CS2_38,soh_level,Middle,12,HF6,Group_DischargeIC,-0.13843059529227597,0.12278556371529976,52,True,feature_common_within_state
CS2_38,soh_level,Middle,12,HF7,Group_CC,-0.08064185731684588,0.07887471415038336,52,True,feature_common_within_state
CS2_38,soh_level,Middle,12,HF8,Group_CV,0.2038260343176537,0.20687587650217046,52,True,feature_common_within_state
CS2_38,soh_level,Late,12,HF1,Group_CC,,,0,False,feature_common_within_state
CS2_38,soh_level,Late,12,HF2,Group_CV,,,0,False,feature_common_within_state
CS2_38,soh_level,Late,12,HF3,Group_EnergyEfficiency,,,0,False,feature_common_within_state
CS2_38,soh_level,Late,12,HF4,Group_DischargeIC,,,0,False,feature_common_within_state
CS2_38,soh_level,Late,12,HF5,Group_DischargeIC,,,0,False,feature_common_within_state
CS2_38,soh_level,Late,12,HF6,Group_DischargeIC,,,0,False,feature_common_within_state
CS2_38,soh_level,Late,12,HF7,Group_CC,,,0,False,feature_common_within_state
CS2_38,soh_level,Late,12,HF8,Group_CV,,,0,False,feature_common_within_state
CS2_38,degradation_dynamics,Slow,12,HF1,Group_CC,-0.059364440969788095,0.05911729346042103,196,True,feature_common_within_state
CS2_38,degradation_dynamics,Slow,12,HF2,Group_CV,0.13564893172850387,0.1392979606376547,196,True,feature_common_within_state
CS2_38,degradation_dynamics,Slow,12,HF3,Group_EnergyEfficiency,-0.14957541372093022,0.14957541372093022,196,True,feature_common_within_state
CS2_38,degradation_dynamics,Slow,12,HF4,Group_DischargeIC,-0.0720857769926819,0.07218279910978852,196,True,feature_common_within_state
CS2_38,degradation_dynamics,Slow,12,HF5,Group_DischargeIC,-0.02080242362274495,0.07218279910978852,196,True,feature_common_within_state
CS2_38,degradation_dynamics,Slow,12,HF6,Group_DischargeIC,-0.1236601967139387,0.07218279910978852,196,True,feature_common_within_state
CS2_38,degradation_dynamics,Slow,12,HF7,Group_CC,-0.058870145951053963,0.05911729346042103,196,True,feature_common_within_state
CS2_38,degradation_dynamics,Slow,12,HF8,Group_CV,0.14294698954680554,0.1392979606376547,196,True,feature_common_within_state
CS2_38,degradation_dynamics,Medium,12,HF1,Group_CC,-0.10176741511369981,0.10466760393370216,200,True,feature_common_within_state
CS2_38,degradation_dynamics,Medium,12,HF2,Group_CV,0.18945288926237044,0.18855278947001194,200,True,feature_common_within_state
CS2_38,degradation_dynamics,Medium,12,HF3,Group_EnergyEfficiency,-0.14850468618527032,0.14850468618527032,200,True,feature_common_within_state
CS2_38,degradation_dynamics,Medium,12,HF4,Group_DischargeIC,-0.18088016556830863,0.1314591042248918,200,True,feature_common_within_state
CS2_38,degradation_dynamics,Medium,12,HF5,Group_DischargeIC,-0.05623123544125471,0.1314591042248918,200,True,feature_common_within_state
CS2_38,degradation_dynamics,Medium,12,HF6,Group_DischargeIC,-0.157265911665112,0.1314591042248918,200,True,feature_common_within_state
CS2_38,degradation_dynamics,Medium,12,HF7,Group_CC,-0.1075677927537045,0.10466760393370216,200,True,feature_common_within_state
CS2_38,degradation_dynamics,Medium,12,HF8,Group_CV,0.18765268967765344,0.18855278947001194,200,True,feature_common_within_state
CS2_38,degradation_dynamics,Fast,12,HF1,Group_CC,0.06281104522466886,0.05492398778263498,46,True,feature_common_within_state
CS2_38,degradation_dynamics,Fast,12,HF2,Group_CV,0.16080081175046615,0.1744023764056984,46,True,feature_common_within_state
CS2_38,degradation_dynamics,Fast,12,HF3,Group_EnergyEfficiency,-0.34901788225366626,0.34901788225366626,46,True,feature_common_within_state
CS2_38,degradation_dynamics,Fast,12,HF4,Group_DischargeIC,-0.24298081757177634,0.2615724125292113,46,True,feature_common_within_state
CS2_38,degradation_dynamics,Fast,12,HF5,Group_DischargeIC,-0.1814354175637675,0.2615724125292113,46,True,feature_common_within_state
CS2_38,degradation_dynamics,Fast,12,HF6,Group_DischargeIC,-0.36030100245209,0.2615724125292113,46,True,feature_common_within_state
CS2_38,degradation_dynamics,Fast,12,HF7,Group_CC,0.047036930340601094,0.05492398778263498,46,True,feature_common_within_state
CS2_38,degradation_dynamics,Fast,12,HF8,Group_CV,0.18800394106093066,0.1744023764056984,46,True,feature_common_within_state
CS2_38,cycle_position,Early-life,12,HF1,Group_CC,-0.03039791637245694,0.03246348935043098,226,True,feature_common_within_state
CS2_38,cycle_position,Early-life,12,HF2,Group_CV,0.12087892937215831,0.1204177930460045,226,True,feature_common_within_state
CS2_38,cycle_position,Early-life,12,HF3,Group_EnergyEfficiency,-0.0650367712309571,0.0650367712309571,226,True,feature_common_within_state
CS2_38,cycle_position,Early-life,12,HF4,Group_DischargeIC,-0.029050198774480167,0.06290419341359209,226,True,feature_common_within_state
CS2_38,cycle_position,Early-life,12,HF5,Group_DischargeIC,-0.0786444348963692,0.06290419341359209,226,True,feature_common_within_state
CS2_38,cycle_position,Early-life,12,HF6,Group_DischargeIC,-0.0810179465699269,0.06290419341359209,226,True,feature_common_within_state
CS2_38,cycle_position,Early-life,12,HF7,Group_CC,-0.03452906232840502,0.03246348935043098,226,True,feature_common_within_state
CS2_38,cycle_position,Early-life,12,HF8,Group_CV,0.11995665671985069,0.1204177930460045,226,True,feature_common_within_state
CS2_38,cycle_position,Mid-life,12,HF1,Group_CC,-0.05094693700057235,0.0523997024725133,270,True,feature_common_within_state
CS2_38,cycle_position,Mid-life,12,HF2,Group_CV,0.21808011616199843,0.2189082492482971,270,True,feature_common_within_state
CS2_38,cycle_position,Mid-life,12,HF3,Group_EnergyEfficiency,0.03423799598361584,0.03423799598361584,270,True,feature_common_within_state
CS2_38,cycle_position,Mid-life,12,HF4,Group_DischargeIC,-0.2678791526873758,0.24718684663274967,270,True,feature_common_within_state
CS2_38,cycle_position,Mid-life,12,HF5,Group_DischargeIC,-0.19284199928959872,0.24718684663274967,270,True,feature_common_within_state
CS2_38,cycle_position,Mid-life,12,HF6,Group_DischargeIC,-0.28083938792127455,0.24718684663274967,270,True,feature_common_within_state
CS2_38,cycle_position,Mid-life,12,HF7,Group_CC,-0.05385246794445425,0.0523997024725133,270,True,feature_common_within_state
CS2_38,cycle_position,Mid-life,12,HF8,Group_CV,0.2197363823345958,0.2189082492482971,270,True,feature_common_within_state
CS2_38,cycle_position,Late-life,12,HF1,Group_CC,-0.09122673410580037,0.09272765733490218,52,True,feature_common_within_state
CS2_38,cycle_position,Late-life,12,HF2,Group_CV,0.22999518831099086,0.22471320804394196,52,True,feature_common_within_state
CS2_38,cycle_position,Late-life,12,HF3,Group_EnergyEfficiency,-0.1064609590285869,0.1064609590285869,52,True,feature_common_within_state
CS2_38,cycle_position,Late-life,12,HF4,Group_DischargeIC,-0.18457953524091997,0.13323163565631993,52,True,feature_common_within_state
CS2_38,cycle_position,Late-life,12,HF5,Group_DischargeIC,-0.06721036257165468,0.13323163565631993,52,True,feature_common_within_state
CS2_38,cycle_position,Late-life,12,HF6,Group_DischargeIC,-0.1479050091563851,0.13323163565631993,52,True,feature_common_within_state
CS2_38,cycle_position,Late-life,12,HF7,Group_CC,-0.09422858056400397,0.09272765733490218,52,True,feature_common_within_state
CS2_38,cycle_position,Late-life,12,HF8,Group_CV,0.21943122777689303,0.22471320804394196,52,True,feature_common_within_state
CS2_38,soh_level,Early,16,HF1,Group_CC,-0.02809835860102717,0.029351287053261066,495,True,feature_common_within_state
CS2_38,soh_level,Early,16,HF2,Group_CV,0.11233803320309982,0.10717092764249672,495,True,feature_common_within_state
CS2_38,soh_level,Early,16,HF3,Group_EnergyEfficiency,0.018323528020262426,0.018323528020262426,495,True,feature_common_within_state
CS2_38,soh_level,Early,16,HF4,Group_DischargeIC,-0.06032276853286422,0.13524799703990129,495,True,feature_common_within_state
CS2_38,soh_level,Early,16,HF5,Group_DischargeIC,-0.194192571021359,0.13524799703990129,495,True,feature_common_within_state
CS2_38,soh_level,Early,16,HF6,Group_DischargeIC,-0.15122865156548063,0.13524799703990129,495,True,feature_common_within_state
CS2_38,soh_level,Early,16,HF7,Group_CC,-0.03060421550549496,0.029351287053261066,495,True,feature_common_within_state
CS2_38,soh_level,Early,16,HF8,Group_CV,0.10200382208189364,0.10717092764249672,495,True,feature_common_within_state
CS2_38,soh_level,Middle,16,HF1,Group_CC,-0.033623080934425904,0.029657225631134702,52,True,feature_common_within_state
CS2_38,soh_level,Middle,16,HF2,Group_CV,-0.03605893755849175,0.03047874323288409,52,True,feature_common_within_state
CS2_38,soh_level,Middle,16,HF3,Group_EnergyEfficiency,0.10986920581209073,0.10986920581209073,52,True,feature_common_within_state
CS2_38,soh_level,Middle,16,HF4,Group_DischargeIC,0.2060978622364883,0.2174743938272005,52,True,feature_common_within_state
CS2_38,soh_level,Middle,16,HF5,Group_DischargeIC,0.2958162617167736,0.2174743938272005,52,True,feature_common_within_state
CS2_38,soh_level,Middle,16,HF6,Group_DischargeIC,0.1505090575283396,0.2174743938272005,52,True,feature_common_within_state
CS2_38,soh_level,Middle,16,HF7,Group_CC,-0.025691370327843497,0.029657225631134702,52,True,feature_common_within_state
CS2_38,soh_level,Middle,16,HF8,Group_CV,0.024898548907276427,0.03047874323288409,52,True,feature_common_within_state
CS2_38,soh_level,Late,16,HF1,Group_CC,,,0,False,feature_common_within_state
CS2_38,soh_level,Late,16,HF2,Group_CV,,,0,False,feature_common_within_state
CS2_38,soh_level,Late,16,HF3,Group_EnergyEfficiency,,,0,False,feature_common_within_state
CS2_38,soh_level,Late,16,HF4,Group_DischargeIC,,,0,False,feature_common_within_state
CS2_38,soh_level,Late,16,HF5,Group_DischargeIC,,,0,False,feature_common_within_state
CS2_38,soh_level,Late,16,HF6,Group_DischargeIC,,,0,False,feature_common_within_state
CS2_38,soh_level,Late,16,HF7,Group_CC,,,0,False,feature_common_within_state
CS2_38,soh_level,Late,16,HF8,Group_CV,,,0,False,feature_common_within_state
CS2_38,degradation_dynamics,Slow,16,HF1,Group_CC,-0.13432969408972895,0.1343685042901225,197,True,feature_common_within_state
CS2_38,degradation_dynamics,Slow,16,HF2,Group_CV,0.215660346675927,0.22815701600079039,197,True,feature_common_within_state
CS2_38,degradation_dynamics,Slow,16,HF3,Group_EnergyEfficiency,-0.17872701986666192,0.17872701986666192,197,True,feature_common_within_state
CS2_38,degradation_dynamics,Slow,16,HF4,Group_DischargeIC,-0.07226006478766178,0.0744435098832238,197,True,feature_common_within_state
CS2_38,degradation_dynamics,Slow,16,HF5,Group_DischargeIC,-0.008128446062614751,0.0744435098832238,197,True,feature_common_within_state
CS2_38,degradation_dynamics,Slow,16,HF6,Group_DischargeIC,-0.1429420187993949,0.0744435098832238,197,True,feature_common_within_state
CS2_38,degradation_dynamics,Slow,16,HF7,Group_CC,-0.13440731449051607,0.1343685042901225,197,True,feature_common_within_state
CS2_38,degradation_dynamics,Slow,16,HF8,Group_CV,0.24065368532565376,0.22815701600079039,197,True,feature_common_within_state
CS2_38,degradation_dynamics,Medium,16,HF1,Group_CC,-0.03113589501015792,0.0318145057468424,199,True,feature_common_within_state
CS2_38,degradation_dynamics,Medium,16,HF2,Group_CV,0.10127900072769312,0.10548961478836674,199,True,feature_common_within_state
CS2_38,degradation_dynamics,Medium,16,HF3,Group_EnergyEfficiency,-0.07028208538406255,0.07028208538406255,199,True,feature_common_within_state
CS2_38,degradation_dynamics,Medium,16,HF4,Group_DischargeIC,0.017018078375800338,0.05101466970174109,199,True,feature_common_within_state
CS2_38,degradation_dynamics,Medium,16,HF5,Group_DischargeIC,0.061258590671635346,0.05101466970174109,199,True,feature_common_within_state
CS2_38,degradation_dynamics,Medium,16,HF6,Group_DischargeIC,-0.07476734005778755,0.05101466970174109,199,True,feature_common_within_state
CS2_38,degradation_dynamics,Medium,16,HF7,Group_CC,-0.032493116483526874,0.0318145057468424,199,True,feature_common_within_state
CS2_38,degradation_dynamics,Medium,16,HF8,Group_CV,0.10970022884904036,0.10548961478836674,199,True,feature_common_within_state
CS2_38,degradation_dynamics,Fast,16,HF1,Group_CC,0.127192075747708,0.1252628712031581,45,True,feature_common_within_state
CS2_38,degradation_dynamics,Fast,16,HF2,Group_CV,-0.17994260924596894,0.18728694932715972,45,True,feature_common_within_state
CS2_38,degradation_dynamics,Fast,16,HF3,Group_EnergyEfficiency,0.06316696664498359,0.06316696664498359,45,True,feature_common_within_state
CS2_38,degradation_dynamics,Fast,16,HF4,Group_DischargeIC,0.04792920695904586,0.07742299319920372,45,True,feature_common_within_state
CS2_38,degradation_dynamics,Fast,16,HF5,Group_DischargeIC,0.13784734262565396,0.07742299319920372,45,True,feature_common_within_state
CS2_38,degradation_dynamics,Fast,16,HF6,Group_DischargeIC,-0.046492430012911354,0.07742299319920372,45,True,feature_common_within_state
CS2_38,degradation_dynamics,Fast,16,HF7,Group_CC,0.12333366665860823,0.1252628712031581,45,True,feature_common_within_state
CS2_38,degradation_dynamics,Fast,16,HF8,Group_CV,-0.1946312894083505,0.18728694932715972,45,True,feature_common_within_state
CS2_38,cycle_position,Early-life,16,HF1,Group_CC,-0.02289012063132936,0.028152736401124874,226,True,feature_common_within_state
CS2_38,cycle_position,Early-life,16,HF2,Group_CV,0.21045082956468275,0.20726840661082452,226,True,feature_common_within_state
CS2_38,cycle_position,Early-life,16,HF3,Group_EnergyEfficiency,-0.14092633262776855,0.14092633262776855,226,True,feature_common_within_state
CS2_38,cycle_position,Early-life,16,HF4,Group_DischargeIC,-0.09927325905404352,0.15448167962570092,226,True,feature_common_within_state
CS2_38,cycle_position,Early-life,16,HF5,Group_DischargeIC,-0.16912380957984888,0.15448167962570092,226,True,feature_common_within_state
CS2_38,cycle_position,Early-life,16,HF6,Group_DischargeIC,-0.19504797024321038,0.15448167962570092,226,True,feature_common_within_state
CS2_38,cycle_position,Early-life,16,HF7,Group_CC,-0.033415352170920384,0.028152736401124874,226,True,feature_common_within_state
CS2_38,cycle_position,Early-life,16,HF8,Group_CV,0.20408598365696629,0.20726840661082452,226,True,feature_common_within_state
CS2_38,cycle_position,Mid-life,16,HF1,Group_CC,-0.04551054934064862,0.046181979320480834,269,True,feature_common_within_state
CS2_38,cycle_position,Mid-life,16,HF2,Group_CV,0.10026161440111388,0.10699940328568376,269,True,feature_common_within_state
CS2_38,cycle_position,Mid-life,16,HF3,Group_EnergyEfficiency,0.03282404174701299,0.03282404174701299,269,True,feature_common_within_state
CS2_38,cycle_position,Mid-life,16,HF4,Group_DischargeIC,-0.037343823399890126,0.060872204191616895,269,True,feature_common_within_state
CS2_38,cycle_position,Mid-life,16,HF5,Group_DischargeIC,-0.06251576824254894,0.060872204191616895,269,True,feature_common_within_state
CS2_38,cycle_position,Mid-life,16,HF6,Group_DischargeIC,-0.08275702093241162,0.060872204191616895,269,True,feature_common_within_state
CS2_38,cycle_position,Mid-life,16,HF7,Group_CC,-0.04685340930031305,0.046181979320480834,269,True,feature_common_within_state
CS2_38,cycle_position,Mid-life,16,HF8,Group_CV,0.11373719217025365,0.10699940328568376,269,True,feature_common_within_state
CS2_38,cycle_position,Late-life,16,HF1,Group_CC,-0.018164399510239217,0.015178141907783148,52,True,feature_common_within_state
CS2_38,cycle_position,Late-life,16,HF2,Group_CV,-0.008726732018516653,0.033237412268530955,52,True,feature_common_within_state
CS2_38,cycle_position,Late-life,16,HF3,Group_EnergyEfficiency,0.062080852391437895,0.062080852391437895,52,True,feature_common_within_state
CS2_38,cycle_position,Late-life,16,HF4,Group_DischargeIC,0.16298323006179902,0.18130616428781196,52,True,feature_common_within_state
CS2_38,cycle_position,Late-life,16,HF5,Group_DischargeIC,0.279737341025939,0.18130616428781196,52,True,feature_common_within_state
CS2_38,cycle_position,Late-life,16,HF6,Group_DischargeIC,0.10119792177569786,0.18130616428781196,52,True,feature_common_within_state
CS2_38,cycle_position,Late-life,16,HF7,Group_CC,-0.01219188430532708,0.015178141907783148,52,True,feature_common_within_state
CS2_38,cycle_position,Late-life,16,HF8,Group_CV,0.05774809251854526,0.033237412268530955,52,True,feature_common_within_state
CS2_38,soh_level,Early,24,HF1,Group_CC,0.2061299585495374,0.20386628315395772,495,True,feature_common_within_state
CS2_38,soh_level,Early,24,HF2,Group_CV,0.0911932071442504,0.07367213578629357,495,True,feature_common_within_state
CS2_38,soh_level,Early,24,HF3,Group_EnergyEfficiency,-0.22095951003113265,0.22095951003113265,495,True,feature_common_within_state
CS2_38,soh_level,Early,24,HF4,Group_DischargeIC,-0.04798260945672043,0.13245893231301908,495,True,feature_common_within_state
CS2_38,soh_level,Early,24,HF5,Group_DischargeIC,-0.20963212588823554,0.13245893231301908,495,True,feature_common_within_state
CS2_38,soh_level,Early,24,HF6,Group_DischargeIC,-0.1397620615941013,0.13245893231301908,495,True,feature_common_within_state
CS2_38,soh_level,Early,24,HF7,Group_CC,0.20160260775837807,0.20386628315395772,495,True,feature_common_within_state
CS2_38,soh_level,Early,24,HF8,Group_CV,0.05615106442833675,0.07367213578629357,495,True,feature_common_within_state
CS2_38,soh_level,Middle,24,HF1,Group_CC,-0.16441615389046776,0.15975864021232086,52,True,feature_common_within_state
CS2_38,soh_level,Middle,24,HF2,Group_CV,-0.02690694338247509,0.03808151020585551,52,True,feature_common_within_state
CS2_38,soh_level,Middle,24,HF3,Group_EnergyEfficiency,0.2252783524532478,0.2252783524532478,52,True,feature_common_within_state
CS2_38,soh_level,Middle,24,HF4,Group_DischargeIC,0.2603233649330135,0.24842374702105216,52,True,feature_common_within_state
CS2_38,soh_level,Middle,24,HF5,Group_DischargeIC,0.258056252826358,0.24842374702105216,52,True,feature_common_within_state
CS2_38,soh_level,Middle,24,HF6,Group_DischargeIC,0.2268916233037849,0.24842374702105216,52,True,feature_common_within_state
CS2_38,soh_level,Middle,24,HF7,Group_CC,-0.15510112653417396,0.15975864021232086,52,True,feature_common_within_state
CS2_38,soh_level,Middle,24,HF8,Group_CV,0.04925607702923594,0.03808151020585551,52,True,feature_common_within_state
CS2_38,soh_level,Late,24,HF1,Group_CC,,,0,False,feature_common_within_state
CS2_38,soh_level,Late,24,HF2,Group_CV,,,0,False,feature_common_within_state
CS2_38,soh_level,Late,24,HF3,Group_EnergyEfficiency,,,0,False,feature_common_within_state
CS2_38,soh_level,Late,24,HF4,Group_DischargeIC,,,0,False,feature_common_within_state
CS2_38,soh_level,Late,24,HF5,Group_DischargeIC,,,0,False,feature_common_within_state
CS2_38,soh_level,Late,24,HF6,Group_DischargeIC,,,0,False,feature_common_within_state
CS2_38,soh_level,Late,24,HF7,Group_CC,,,0,False,feature_common_within_state
CS2_38,soh_level,Late,24,HF8,Group_CV,,,0,False,feature_common_within_state
CS2_38,degradation_dynamics,Slow,24,HF1,Group_CC,-0.10502916223216857,0.10710009884375009,197,True,feature_common_within_state
CS2_38,degradation_dynamics,Slow,24,HF2,Group_CV,0.16267470801838416,0.16628697247847551,197,True,feature_common_within_state
CS2_38,degradation_dynamics,Slow,24,HF3,Group_EnergyEfficiency,-0.09509564375802328,0.09509564375802328,197,True,feature_common_within_state
CS2_38,degradation_dynamics,Slow,24,HF4,Group_DischargeIC,-0.04789014106327469,0.06900004152132579,197,True,feature_common_within_state
CS2_38,degradation_dynamics,Slow,24,HF5,Group_DischargeIC,0.011569569016452846,0.06900004152132579,197,True,feature_common_within_state
CS2_38,degradation_dynamics,Slow,24,HF6,Group_DischargeIC,-0.14754041448424984,0.06900004152132579,197,True,feature_common_within_state
CS2_38,degradation_dynamics,Slow,24,HF7,Group_CC,-0.1091710354553316,0.10710009884375009,197,True,feature_common_within_state
CS2_38,degradation_dynamics,Slow,24,HF8,Group_CV,0.16989923693856687,0.16628697247847551,197,True,feature_common_within_state
CS2_38,degradation_dynamics,Medium,24,HF1,Group_CC,-0.07292375381091397,0.07377878150837773,198,True,feature_common_within_state
CS2_38,degradation_dynamics,Medium,24,HF2,Group_CV,0.08324848199403423,0.08636526295836666,198,True,feature_common_within_state
CS2_38,degradation_dynamics,Medium,24,HF3,Group_EnergyEfficiency,-0.007659085658068734,0.007659085658068734,198,True,feature_common_within_state
CS2_38,degradation_dynamics,Medium,24,HF4,Group_DischargeIC,0.04285216972596959,0.04377423734594959,198,True,feature_common_within_state
CS2_38,degradation_dynamics,Medium,24,HF5,Group_DischargeIC,0.03684396261469625,0.04377423734594959,198,True,feature_common_within_state
CS2_38,degradation_dynamics,Medium,24,HF6,Group_DischargeIC,-0.05162657969718292,0.04377423734594959,198,True,feature_common_within_state
CS2_38,degradation_dynamics,Medium,24,HF7,Group_CC,-0.07463380920584149,0.07377878150837773,198,True,feature_common_within_state
CS2_38,degradation_dynamics,Medium,24,HF8,Group_CV,0.08948204392269911,0.08636526295836666,198,True,feature_common_within_state
CS2_38,degradation_dynamics,Fast,24,HF1,Group_CC,-0.016603220403876833,0.0207890995157593,46,True,feature_common_within_state
CS2_38,degradation_dynamics,Fast,24,HF2,Group_CV,-0.05066425668852491,0.045794849224853176,46,True,feature_common_within_state
CS2_38,degradation_dynamics,Fast,24,HF3,Group_EnergyEfficiency,0.08347628124105715,0.08347628124105715,46,True,feature_common_within_state
CS2_38,degradation_dynamics,Fast,24,HF4,Group_DischargeIC,0.02235585495150934,0.02864632878175503,46,True,feature_common_within_state
CS2_38,degradation_dynamics,Fast,24,HF5,Group_DischargeIC,0.03844204199403957,0.02864632878175503,46,True,feature_common_within_state
CS2_38,degradation_dynamics,Fast,24,HF6,Group_DischargeIC,-0.025141089399716175,0.02864632878175503,46,True,feature_common_within_state
CS2_38,degradation_dynamics,Fast,24,HF7,Group_CC,-0.024974978627641774,0.0207890995157593,46,True,feature_common_within_state
CS2_38,degradation_dynamics,Fast,24,HF8,Group_CV,-0.04092544176118145,0.045794849224853176,46,True,feature_common_within_state
CS2_38,cycle_position,Early-life,24,HF1,Group_CC,-0.0028460866619561998,0.007863615715464074,226,True,feature_common_within_state
CS2_38,cycle_position,Early-life,24,HF2,Group_CV,0.1251782821616659,0.1245735374927201,226,True,feature_common_within_state
CS2_38,cycle_position,Early-life,24,HF3,Group_EnergyEfficiency,-0.10030388083240317,0.10030388083240317,226,True,feature_common_within_state
CS2_38,cycle_position,Early-life,24,HF4,Group_DischargeIC,-0.12152110896292832,0.13410335733664216,226,True,feature_common_within_state
CS2_38,cycle_position,Early-life,24,HF5,Group_DischargeIC,-0.1657473157151563,0.13410335733664216,226,True,feature_common_within_state
CS2_38,cycle_position,Early-life,24,HF6,Group_DischargeIC,-0.1150416473318419,0.13410335733664216,226,True,feature_common_within_state
CS2_38,cycle_position,Early-life,24,HF7,Group_CC,-0.012881144768971948,0.007863615715464074,226,True,feature_common_within_state
CS2_38,cycle_position,Early-life,24,HF8,Group_CV,0.1239687928237743,0.1245735374927201,226,True,feature_common_within_state
CS2_38,cycle_position,Mid-life,24,HF1,Group_CC,0.3192139306680212,0.31742483133793475,269,True,feature_common_within_state
CS2_38,cycle_position,Mid-life,24,HF2,Group_CV,0.182227173097831,0.16540540053582586,269,True,feature_common_within_state
CS2_38,cycle_position,Mid-life,24,HF3,Group_EnergyEfficiency,-0.3369463657366566,0.3369463657366566,269,True,feature_common_within_state
CS2_38,cycle_position,Mid-life,24,HF4,Group_DischargeIC,-0.04140378121801327,0.07834128690392565,269,True,feature_common_within_state
CS2_38,cycle_position,Mid-life,24,HF5,Group_DischargeIC,-0.026475819057573798,0.07834128690392565,269,True,feature_common_within_state
CS2_38,cycle_position,Mid-life,24,HF6,Group_DischargeIC,-0.16714426043618988,0.07834128690392565,269,True,feature_common_within_state
CS2_38,cycle_position,Mid-life,24,HF7,Group_CC,0.3156357320078483,0.31742483133793475,269,True,feature_common_within_state
CS2_38,cycle_position,Mid-life,24,HF8,Group_CV,0.14858362797382074,0.16540540053582586,269,True,feature_common_within_state
CS2_38,cycle_position,Late-life,24,HF1,Group_CC,-0.18593645325480151,0.1813082783544886,52,True,feature_common_within_state
CS2_38,cycle_position,Late-life,24,HF2,Group_CV,-0.008084292635987303,0.041027702244243444,52,True,feature_common_within_state
CS2_38,cycle_position,Late-life,24,HF3,Group_EnergyEfficiency,0.2445347877077371,0.2445347877077371,52,True,feature_common_within_state
CS2_38,cycle_position,Late-life,24,HF4,Group_DischargeIC,0.3102999473306208,0.2895234825142865,52,True,feature_common_within_state
CS2_38,cycle_position,Late-life,24,HF5,Group_DischargeIC,0.29147949288711866,0.2895234825142865,52,True,feature_common_within_state
CS2_38,cycle_position,Late-life,24,HF6,Group_DischargeIC,0.26679100732512,0.2895234825142865,52,True,feature_common_within_state
CS2_38,cycle_position,Late-life,24,HF7,Group_CC,-0.17668010345417567,0.1813082783544886,52,True,feature_common_within_state
CS2_38,cycle_position,Late-life,24,HF8,Group_CV,0.07397111185249959,0.041027702244243444,52,True,feature_common_within_state
CS2_38,soh_level,Early,32,HF1,Group_CC,-0.01993429162424564,0.02048096583723787,495,True,feature_common_within_state
CS2_38,soh_level,Early,32,HF2,Group_CV,-0.002520459228284249,0.024390863278980813,495,True,feature_common_within_state
CS2_38,soh_level,Early,32,HF3,Group_EnergyEfficiency,0.020601729193907112,0.020601729193907112,495,True,feature_common_within_state
CS2_38,soh_level,Early,32,HF4,Group_DischargeIC,-0.0003445063565023697,0.09854584182876165,495,True,feature_common_within_state
CS2_38,soh_level,Early,32,HF5,Group_DischargeIC,-0.1633419290308971,0.09854584182876165,495,True,feature_common_within_state
CS2_38,soh_level,Early,32,HF6,Group_DischargeIC,-0.1319510900988855,0.09854584182876165,495,True,feature_common_within_state
CS2_38,soh_level,Early,32,HF7,Group_CC,-0.021027640050230098,0.02048096583723787,495,True,feature_common_within_state
CS2_38,soh_level,Early,32,HF8,Group_CV,-0.04626126732967738,0.024390863278980813,495,True,feature_common_within_state
CS2_38,soh_level,Middle,32,HF1,Group_CC,-0.051847185315871215,0.05211388607975766,52,True,feature_common_within_state
CS2_38,soh_level,Middle,32,HF2,Group_CV,0.13787916050471463,0.13405059166175698,52,True,feature_common_within_state
CS2_38,soh_level,Middle,32,HF3,Group_EnergyEfficiency,-0.05560123870259353,0.05560123870259353,52,True,feature_common_within_state
CS2_38,soh_level,Middle,32,HF4,Group_DischargeIC,-0.03895490701669832,0.06305384718161901,52,True,feature_common_within_state
CS2_38,soh_level,Middle,32,HF5,Group_DischargeIC,-0.03634034402699372,0.06305384718161901,52,True,feature_common_within_state
CS2_38,soh_level,Middle,32,HF6,Group_DischargeIC,-0.11386629050116501,0.06305384718161901,52,True,feature_common_within_state
CS2_38,soh_level,Middle,32,HF7,Group_CC,-0.0523805868436441,0.05211388607975766,52,True,feature_common_within_state
CS2_38,soh_level,Middle,32,HF8,Group_CV,0.13022202281879935,0.13405059166175698,52,True,feature_common_within_state
CS2_38,soh_level,Late,32,HF1,Group_CC,,,0,False,feature_common_within_state
CS2_38,soh_level,Late,32,HF2,Group_CV,,,0,False,feature_common_within_state
CS2_38,soh_level,Late,32,HF3,Group_EnergyEfficiency,,,0,False,feature_common_within_state
CS2_38,soh_level,Late,32,HF4,Group_DischargeIC,,,0,False,feature_common_within_state
CS2_38,soh_level,Late,32,HF5,Group_DischargeIC,,,0,False,feature_common_within_state
CS2_38,soh_level,Late,32,HF6,Group_DischargeIC,,,0,False,feature_common_within_state
CS2_38,soh_level,Late,32,HF7,Group_CC,,,0,False,feature_common_within_state
CS2_38,soh_level,Late,32,HF8,Group_CV,,,0,False,feature_common_within_state
CS2_38,degradation_dynamics,Slow,32,HF1,Group_CC,-0.037017673799493264,0.03778749129143358,197,True,feature_common_within_state
CS2_38,degradation_dynamics,Slow,32,HF2,Group_CV,0.10360383723572378,0.10063763839344245,197,True,feature_common_within_state
CS2_38,degradation_dynamics,Slow,32,HF3,Group_EnergyEfficiency,-0.0948607652649853,0.0948607652649853,197,True,feature_common_within_state
CS2_38,degradation_dynamics,Slow,32,HF4,Group_DischargeIC,0.03257008269733818,0.05181951801816057,197,True,feature_common_within_state
CS2_38,degradation_dynamics,Slow,32,HF5,Group_DischargeIC,0.008385796284091574,0.05181951801816057,197,True,feature_common_within_state
CS2_38,degradation_dynamics,Slow,32,HF6,Group_DischargeIC,-0.11450267507305195,0.05181951801816057,197,True,feature_common_within_state
CS2_38,degradation_dynamics,Slow,32,HF7,Group_CC,-0.03855730878337389,0.03778749129143358,197,True,feature_common_within_state
CS2_38,degradation_dynamics,Slow,32,HF8,Group_CV,0.09767143955116112,0.10063763839344245,197,True,feature_common_within_state
CS2_38,degradation_dynamics,Medium,32,HF1,Group_CC,-0.11484315969923001,0.12158514263677371,199,True,feature_common_within_state
CS2_38,degradation_dynamics,Medium,32,HF2,Group_CV,0.22166545014718708,0.20760325652299438,199,True,feature_common_within_state
CS2_38,degradation_dynamics,Medium,32,HF3,Group_EnergyEfficiency,-0.16674679002679493,0.16674679002679493,199,True,feature_common_within_state
CS2_38,degradation_dynamics,Medium,32,HF4,Group_DischargeIC,-0.18587078637693716,0.18315401580849214,199,True,feature_common_within_state
CS2_38,degradation_dynamics,Medium,32,HF5,Group_DischargeIC,-0.08969416769803173,0.18315401580849214,199,True,feature_common_within_state
CS2_38,degradation_dynamics,Medium,32,HF6,Group_DischargeIC,-0.27389709335050755,0.18315401580849214,199,True,feature_common_within_state
CS2_38,degradation_dynamics,Medium,32,HF7,Group_CC,-0.1283271255743174,0.12158514263677371,199,True,feature_common_within_state
CS2_38,degradation_dynamics,Medium,32,HF8,Group_CV,0.19354106289880169,0.20760325652299438,199,True,feature_common_within_state
CS2_38,degradation_dynamics,Fast,32,HF1,Group_CC,-0.0246494836253998,0.026787150030692656,45,True,feature_common_within_state
CS2_38,degradation_dynamics,Fast,32,HF2,Group_CV,0.036577939911155,0.04746842457944439,45,True,feature_common_within_state
CS2_38,degradation_dynamics,Fast,32,HF3,Group_EnergyEfficiency,-0.008111076397459852,0.008111076397459852,45,True,feature_common_within_state
CS2_38,degradation_dynamics,Fast,32,HF4,Group_DischargeIC,0.015608284352665635,0.05614787615161349,45,True,feature_common_within_state
CS2_38,degradation_dynamics,Fast,32,HF5,Group_DischargeIC,0.10194392720325146,0.05614787615161349,45,True,feature_common_within_state
CS2_38,degradation_dynamics,Fast,32,HF6,Group_DischargeIC,-0.05089141689892339,0.05614787615161349,45,True,feature_common_within_state
CS2_38,degradation_dynamics,Fast,32,HF7,Group_CC,-0.02892481643598551,0.026787150030692656,45,True,feature_common_within_state
CS2_38,degradation_dynamics,Fast,32,HF8,Group_CV,0.05835890924773377,0.04746842457944439,45,True,feature_common_within_state
CS2_38,cycle_position,Early-life,32,HF1,Group_CC,0.0020793062586711934,0.0018447457530175225,226,True,feature_common_within_state
CS2_38,cycle_position,Early-life,32,HF2,Group_CV,0.011880208267350926,0.006102433304365612,226,True,feature_common_within_state
CS2_38,cycle_position,Early-life,32,HF3,Group_EnergyEfficiency,-0.016100550356764044,0.016100550356764044,226,True,feature_common_within_state
CS2_38,cycle_position,Early-life,32,HF4,Group_DischargeIC,0.0327524313718158,0.022815331748516226,226,True,feature_common_within_state
CS2_38,cycle_position,Early-life,32,HF5,Group_DischargeIC,0.007027259670912378,0.022815331748516226,226,True,feature_common_within_state
CS2_38,cycle_position,Early-life,32,HF6,Group_DischargeIC,-0.028666304202820497,0.022815331748516226,226,True,feature_common_within_state
CS2_38,cycle_position,Early-life,32,HF7,Group_CC,0.001610185247363852,0.0018447457530175225,226,True,feature_common_within_state
CS2_38,cycle_position,Early-life,32,HF8,Group_CV,0.0003246583413802984,0.006102433304365612,226,True,feature_common_within_state
CS2_38,cycle_position,Mid-life,32,HF1,Group_CC,-0.037459943384815786,0.038603011524407996,269,True,feature_common_within_state
CS2_38,cycle_position,Mid-life,32,HF2,Group_CV,0.08913048240978384,0.07555525111621439,269,True,feature_common_within_state
CS2_38,cycle_position,Mid-life,32,HF3,Group_EnergyEfficiency,0.029689207320280946,0.029689207320280946,269,True,feature_common_within_state
CS2_38,cycle_position,Mid-life,32,HF4,Group_DischargeIC,-0.13473309571493025,0.13903714507492237,269,True,feature_common_within_state
CS2_38,cycle_position,Mid-life,32,HF5,Group_DischargeIC,-0.0913944661849079,0.13903714507492237,269,True,feature_common_within_state
CS2_38,cycle_position,Mid-life,32,HF6,Group_DischargeIC,-0.190983873324929,0.13903714507492237,269,True,feature_common_within_state
CS2_38,cycle_position,Mid-life,32,HF7,Group_CC,-0.0397460796640002,0.038603011524407996,269,True,feature_common_within_state
CS2_38,cycle_position,Mid-life,32,HF8,Group_CV,0.06198001982264494,0.07555525111621439,269,True,feature_common_within_state
CS2_38,cycle_position,Late-life,32,HF1,Group_CC,-0.06736717771686442,0.0681934838225472,52,True,feature_common_within_state
CS2_38,cycle_position,Late-life,32,HF2,Group_CV,0.1733293071088191,0.16850989752803786,52,True,feature_common_within_state
CS2_38,cycle_position,Late-life,32,HF3,Group_EnergyEfficiency,-0.06555154054979845,0.06555154054979845,52,True,feature_common_within_state
CS2_38,cycle_position,Late-life,32,HF4,Group_DischargeIC,-0.06485849662098019,0.08620667975665765,52,True,feature_common_within_state
CS2_38,cycle_position,Late-life,32,HF5,Group_DischargeIC,-0.05333502816559936,0.08620667975665765,52,True,feature_common_within_state
CS2_38,cycle_position,Late-life,32,HF6,Group_DischargeIC,-0.1404265144833934,0.08620667975665765,52,True,feature_common_within_state
CS2_38,cycle_position,Late-life,32,HF7,Group_CC,-0.06901978992822998,0.0681934838225472,52,True,feature_common_within_state
CS2_38,cycle_position,Late-life,32,HF8,Group_CV,0.16369048794725663,0.16850989752803786,52,True,feature_common_within_state
CS2_38,soh_level,Early,48,HF1,Group_CC,0.09831166623713776,0.0978766436545532,495,True,feature_common_within_state
CS2_38,soh_level,Early,48,HF2,Group_CV,0.03405623799494771,0.02243838002372301,495,True,feature_common_within_state
CS2_38,soh_level,Early,48,HF3,Group_EnergyEfficiency,-0.08175234195676553,0.08175234195676553,495,True,feature_common_within_state
CS2_38,soh_level,Early,48,HF4,Group_DischargeIC,-0.07735801319705547,0.1303647143384926,495,True,feature_common_within_state
CS2_38,soh_level,Early,48,HF5,Group_DischargeIC,-0.2066599453184033,0.1303647143384926,495,True,feature_common_within_state
CS2_38,soh_level,Early,48,HF6,Group_DischargeIC,-0.10707618450001902,0.1303647143384926,495,True,feature_common_within_state
CS2_38,soh_level,Early,48,HF7,Group_CC,0.09744162107196865,0.0978766436545532,495,True,feature_common_within_state
CS2_38,soh_level,Early,48,HF8,Group_CV,0.010820522052498314,0.02243838002372301,495,True,feature_common_within_state
CS2_38,soh_level,Middle,48,HF1,Group_CC,-0.10715121841651873,0.10796778801304702,52,True,feature_common_within_state
CS2_38,soh_level,Middle,48,HF2,Group_CV,0.280220140340079,0.29185616789495206,52,True,feature_common_within_state
CS2_38,soh_level,Middle,48,HF3,Group_EnergyEfficiency,-0.13948137207936512,0.13948137207936512,52,True,feature_common_within_state
CS2_38,soh_level,Middle,48,HF4,Group_DischargeIC,-0.08520859395651381,0.12839622779334867,52,True,feature_common_within_state
CS2_38,soh_level,Middle,48,HF5,Group_DischargeIC,0.04983378063118895,0.12839622779334867,52,True,feature_common_within_state
CS2_38,soh_level,Middle,48,HF6,Group_DischargeIC,-0.2501463087923432,0.12839622779334867,52,True,feature_common_within_state
CS2_38,soh_level,Middle,48,HF7,Group_CC,-0.1087843576095753,0.10796778801304702,52,True,feature_common_within_state
CS2_38,soh_level,Middle,48,HF8,Group_CV,0.30349219544982514,0.29185616789495206,52,True,feature_common_within_state
CS2_38,soh_level,Late,48,HF1,Group_CC,,,0,False,feature_common_within_state
CS2_38,soh_level,Late,48,HF2,Group_CV,,,0,False,feature_common_within_state
CS2_38,soh_level,Late,48,HF3,Group_EnergyEfficiency,,,0,False,feature_common_within_state
CS2_38,soh_level,Late,48,HF4,Group_DischargeIC,,,0,False,feature_common_within_state
CS2_38,soh_level,Late,48,HF5,Group_DischargeIC,,,0,False,feature_common_within_state
CS2_38,soh_level,Late,48,HF6,Group_DischargeIC,,,0,False,feature_common_within_state
CS2_38,soh_level,Late,48,HF7,Group_CC,,,0,False,feature_common_within_state
CS2_38,soh_level,Late,48,HF8,Group_CV,,,0,False,feature_common_within_state
CS2_38,degradation_dynamics,Slow,48,HF1,Group_CC,0.017108472776193352,0.012404646742876172,195,True,feature_common_within_state
CS2_38,degradation_dynamics,Slow,48,HF2,Group_CV,0.02316682465987045,0.016545248945575127,195,True,feature_common_within_state
CS2_38,degradation_dynamics,Slow,48,HF3,Group_EnergyEfficiency,-0.020424346178029025,0.020424346178029025,195,True,feature_common_within_state
CS2_38,degradation_dynamics,Slow,48,HF4,Group_DischargeIC,-0.037447865401779204,0.10227098510173453,195,True,feature_common_within_state
CS2_38,degradation_dynamics,Slow,48,HF5,Group_DischargeIC,-0.17045764737740265,0.10227098510173453,195,True,feature_common_within_state
CS2_38,degradation_dynamics,Slow,48,HF6,Group_DischargeIC,-0.09890744252602172,0.10227098510173453,195,True,feature_common_within_state
CS2_38,degradation_dynamics,Slow,48,HF7,Group_CC,0.00770082070955899,0.012404646742876172,195,True,feature_common_within_state
CS2_38,degradation_dynamics,Slow,48,HF8,Group_CV,0.009923673231279805,0.016545248945575127,195,True,feature_common_within_state
CS2_38,degradation_dynamics,Medium,48,HF1,Group_CC,-0.08916709510218286,0.09328563975238466,200,True,feature_common_within_state
CS2_38,degradation_dynamics,Medium,48,HF2,Group_CV,0.25838800041654636,0.24636753849885173,200,True,feature_common_within_state
CS2_38,degradation_dynamics,Medium,48,HF3,Group_EnergyEfficiency,-0.2288387400260794,0.2288387400260794,200,True,feature_common_within_state
CS2_38,degradation_dynamics,Medium,48,HF4,Group_DischargeIC,-0.16078458080483912,0.19692848044924702,200,True,feature_common_within_state
CS2_38,degradation_dynamics,Medium,48,HF5,Group_DischargeIC,-0.0902357062065113,0.19692848044924702,200,True,feature_common_within_state
CS2_38,degradation_dynamics,Medium,48,HF6,Group_DischargeIC,-0.3397651543363906,0.19692848044924702,200,True,feature_common_within_state
CS2_38,degradation_dynamics,Medium,48,HF7,Group_CC,-0.09740418440258646,0.09328563975238466,200,True,feature_common_within_state
CS2_38,degradation_dynamics,Medium,48,HF8,Group_CV,0.23434707658115714,0.24636753849885173,200,True,feature_common_within_state
CS2_38,degradation_dynamics,Fast,48,HF1,Group_CC,0.04079198090686645,0.03948514410148492,46,True,feature_common_within_state
CS2_38,degradation_dynamics,Fast,48,HF2,Group_CV,0.0985351391268461,0.10437377190732505,46,True,feature_common_within_state
CS2_38,degradation_dynamics,Fast,48,HF3,Group_EnergyEfficiency,-0.23038421288303465,0.23038421288303465,46,True,feature_common_within_state
CS2_38,degradation_dynamics,Fast,48,HF4,Group_DischargeIC,-0.19933976713982948,0.13933485457267164,46,True,feature_common_within_state
CS2_38,degradation_dynamics,Fast,48,HF5,Group_DischargeIC,-0.11386580766680794,0.13933485457267164,46,True,feature_common_within_state
CS2_38,degradation_dynamics,Fast,48,HF6,Group_DischargeIC,-0.1047989889113775,0.13933485457267164,46,True,feature_common_within_state
CS2_38,degradation_dynamics,Fast,48,HF7,Group_CC,0.038178307296103386,0.03948514410148492,46,True,feature_common_within_state
CS2_38,degradation_dynamics,Fast,48,HF8,Group_CV,0.110212404687804,0.10437377190732505,46,True,feature_common_within_state
CS2_38,cycle_position,Early-life,48,HF1,Group_CC,0.1143249120727597,0.11059810559358496,226,True,feature_common_within_state
CS2_38,cycle_position,Early-life,48,HF2,Group_CV,0.028904164020240826,0.03351068387856046,226,True,feature_common_within_state
CS2_38,cycle_position,Early-life,48,HF3,Group_EnergyEfficiency,-0.14607150594851448,0.14607150594851448,226,True,feature_common_within_state
CS2_38,cycle_position,Early-life,48,HF4,Group_DischargeIC,-0.1020629213035162,0.08947675556662288,226,True,feature_common_within_state
CS2_38,cycle_position,Early-life,48,HF5,Group_DischargeIC,-0.135023036040624,0.08947675556662288,226,True,feature_common_within_state
CS2_38,cycle_position,Early-life,48,HF6,Group_DischargeIC,-0.031344309355728454,0.08947675556662288,226,True,feature_common_within_state
CS2_38,cycle_position,Early-life,48,HF7,Group_CC,0.1068712991144102,0.11059810559358496,226,True,feature_common_within_state
CS2_38,cycle_position,Early-life,48,HF8,Group_CV,0.038117203736880094,0.03351068387856046,226,True,feature_common_within_state
CS2_38,cycle_position,Mid-life,48,HF1,Group_CC,0.1902390817929675,0.18880979595864525,269,True,feature_common_within_state
CS2_38,cycle_position,Mid-life,48,HF2,Group_CV,0.21805861487998307,0.1970757029874176,269,True,feature_common_within_state
CS2_38,cycle_position,Mid-life,48,HF3,Group_EnergyEfficiency,-0.20492623894223794,0.20492623894223794,269,True,feature_common_within_state
CS2_38,cycle_position,Mid-life,48,HF4,Group_DischargeIC,-0.16554420384282684,0.19553111918713406,269,True,feature_common_within_state
CS2_38,cycle_position,Mid-life,48,HF5,Group_DischargeIC,-0.14305030158657134,0.19553111918713406,269,True,feature_common_within_state
CS2_38,cycle_position,Mid-life,48,HF6,Group_DischargeIC,-0.27799885213200404,0.19553111918713406,269,True,feature_common_within_state
CS2_38,cycle_position,Mid-life,48,HF7,Group_CC,0.187380510124323,0.18880979595864525,269,True,feature_common_within_state
CS2_38,cycle_position,Mid-life,48,HF8,Group_CV,0.17609279109485218,0.1970757029874176,269,True,feature_common_within_state
CS2_38,cycle_position,Late-life,48,HF1,Group_CC,-0.17736876062633217,0.17657450767281313,52,True,feature_common_within_state
CS2_38,cycle_position,Late-life,48,HF2,Group_CV,0.362442942540813,0.38879099478474033,52,True,feature_common_within_state
CS2_38,cycle_position,Late-life,48,HF3,Group_EnergyEfficiency,-0.11236105240566005,0.11236105240566005,52,True,feature_common_within_state
CS2_38,cycle_position,Late-life,48,HF4,Group_DischargeIC,-0.09144600284951043,0.12903413543316014,52,True,feature_common_within_state
CS2_38,cycle_position,Late-life,48,HF5,Group_DischargeIC,0.06834220772217509,0.12903413543316014,52,True,feature_common_within_state
CS2_38,cycle_position,Late-life,48,HF6,Group_DischargeIC,-0.2273141957277949,0.12903413543316014,52,True,feature_common_within_state
CS2_38,cycle_position,Late-life,48,HF7,Group_CC,-0.17578025471929407,0.17657450767281313,52,True,feature_common_within_state
CS2_38,cycle_position,Late-life,48,HF8,Group_CV,0.4151390470286676,0.38879099478474033,52,True,feature_common_within_state
CS2_38,soh_level,Early,64,HF1,Group_CC,-0.02496109470344972,0.025752384147721005,496,True,feature_common_within_state
CS2_38,soh_level,Early,64,HF2,Group_CV,0.027265048933503275,0.013742558449384754,496,True,feature_common_within_state
CS2_38,soh_level,Early,64,HF3,Group_EnergyEfficiency,0.018098402179985377,0.018098402179985377,496,True,feature_common_within_state
CS2_38,soh_level,Early,64,HF4,Group_DischargeIC,-0.03568631505709313,0.11218241708048404,496,True,feature_common_within_state
CS2_38,soh_level,Early,64,HF5,Group_DischargeIC,-0.1858232114289209,0.11218241708048404,496,True,feature_common_within_state
CS2_38,soh_level,Early,64,HF6,Group_DischargeIC,-0.11503772475543811,0.11218241708048404,496,True,feature_common_within_state
CS2_38,soh_level,Early,64,HF7,Group_CC,-0.026543673591992292,0.025752384147721005,496,True,feature_common_within_state
CS2_38,soh_level,Early,64,HF8,Group_CV,-0.00022006796526623414,0.013742558449384754,496,True,feature_common_within_state
CS2_38,soh_level,Middle,64,HF1,Group_CC,-0.09344268749340348,0.08318296125714422,52,True,feature_common_within_state
CS2_38,soh_level,Middle,64,HF2,Group_CV,0.059432778972091746,0.10327824056980106,52,True,feature_common_within_state
CS2_38,soh_level,Middle,64,HF3,Group_EnergyEfficiency,0.06812473614193437,0.06812473614193437,52,True,feature_common_within_state
CS2_38,soh_level,Middle,64,HF4,Group_DischargeIC,0.28198268443036,0.17748320545028284,52,True,feature_common_within_state
CS2_38,soh_level,Middle,64,HF5,Group_DischargeIC,0.18253064798813756,0.17748320545028284,52,True,feature_common_within_state
CS2_38,soh_level,Middle,64,HF6,Group_DischargeIC,0.06793628393235097,0.17748320545028284,52,True,feature_common_within_state
CS2_38,soh_level,Middle,64,HF7,Group_CC,-0.07292323502088498,0.08318296125714422,52,True,feature_common_within_state
CS2_38,soh_level,Middle,64,HF8,Group_CV,0.14712370216751036,0.10327824056980106,52,True,feature_common_within_state
CS2_38,soh_level,Late,64,HF1,Group_CC,,,0,False,feature_common_within_state
CS2_38,soh_level,Late,64,HF2,Group_CV,,,0,False,feature_common_within_state
CS2_38,soh_level,Late,64,HF3,Group_EnergyEfficiency,,,0,False,feature_common_within_state
CS2_38,soh_level,Late,64,HF4,Group_DischargeIC,,,0,False,feature_common_within_state
CS2_38,soh_level,Late,64,HF5,Group_DischargeIC,,,0,False,feature_common_within_state
CS2_38,soh_level,Late,64,HF6,Group_DischargeIC,,,0,False,feature_common_within_state
CS2_38,soh_level,Late,64,HF7,Group_CC,,,0,False,feature_common_within_state
CS2_38,soh_level,Late,64,HF8,Group_CV,,,0,False,feature_common_within_state
CS2_38,degradation_dynamics,Slow,64,HF1,Group_CC,-0.06534091253826242,0.06704765122890992,195,True,feature_common_within_state
CS2_38,degradation_dynamics,Slow,64,HF2,Group_CV,0.20770417966081317,0.20603267035517747,195,True,feature_common_within_state
CS2_38,degradation_dynamics,Slow,64,HF3,Group_EnergyEfficiency,-0.2136025608032688,0.2136025608032688,195,True,feature_common_within_state
CS2_38,degradation_dynamics,Slow,64,HF4,Group_DischargeIC,0.08985225086474138,0.12911972859940357,195,True,feature_common_within_state
CS2_38,degradation_dynamics,Slow,64,HF5,Group_DischargeIC,-0.06383611324572067,0.12911972859940357,195,True,feature_common_within_state
CS2_38,degradation_dynamics,Slow,64,HF6,Group_DischargeIC,-0.23367082168774864,0.12911972859940357,195,True,feature_common_within_state
CS2_38,degradation_dynamics,Slow,64,HF7,Group_CC,-0.06875438991955742,0.06704765122890992,195,True,feature_common_within_state
CS2_38,degradation_dynamics,Slow,64,HF8,Group_CV,0.2043611610495418,0.20603267035517747,195,True,feature_common_within_state
CS2_38,degradation_dynamics,Medium,64,HF1,Group_CC,-0.17432089201009351,0.1801530432071042,201,True,feature_common_within_state
CS2_38,degradation_dynamics,Medium,64,HF2,Group_CV,0.3344386322857081,0.32581331201760827,201,True,feature_common_within_state
CS2_38,degradation_dynamics,Medium,64,HF3,Group_EnergyEfficiency,-0.23091281918453624,0.23091281918453624,201,True,feature_common_within_state
CS2_38,degradation_dynamics,Medium,64,HF4,Group_DischargeIC,-0.21438202382369503,0.2273042942374104,201,True,feature_common_within_state
CS2_38,degradation_dynamics,Medium,64,HF5,Group_DischargeIC,-0.1393613076628241,0.2273042942374104,201,True,feature_common_within_state
CS2_38,degradation_dynamics,Medium,64,HF6,Group_DischargeIC,-0.328169551225712,0.2273042942374104,201,True,feature_common_within_state
CS2_38,degradation_dynamics,Medium,64,HF7,Group_CC,-0.1859851944041149,0.1801530432071042,201,True,feature_common_within_state
CS2_38,degradation_dynamics,Medium,64,HF8,Group_CV,0.31718799174950846,0.32581331201760827,201,True,feature_common_within_state
CS2_38,degradation_dynamics,Fast,64,HF1,Group_CC,-0.23280993929002125,0.23478381101879786,46,True,feature_common_within_state
CS2_38,degradation_dynamics,Fast,64,HF2,Group_CV,0.3055603198593632,0.3192232202447748,46,True,feature_common_within_state
CS2_38,degradation_dynamics,Fast,64,HF3,Group_EnergyEfficiency,-0.09034248457050127,0.09034248457050127,46,True,feature_common_within_state
CS2_38,degradation_dynamics,Fast,64,HF4,Group_DischargeIC,-0.14102664673432252,0.06676189298988174,46,True,feature_common_within_state
CS2_38,degradation_dynamics,Fast,64,HF5,Group_DischargeIC,0.002613226150888097,0.06676189298988174,46,True,feature_common_within_state
CS2_38,degradation_dynamics,Fast,64,HF6,Group_DischargeIC,-0.05664580608443456,0.06676189298988174,46,True,feature_common_within_state
CS2_38,degradation_dynamics,Fast,64,HF7,Group_CC,-0.23675768274757444,0.23478381101879786,46,True,feature_common_within_state
CS2_38,degradation_dynamics,Fast,64,HF8,Group_CV,0.33288612063018636,0.3192232202447748,46,True,feature_common_within_state
CS2_38,cycle_position,Early-life,64,HF1,Group_CC,0.0007481892989776959,0.0004356253193343335,226,True,feature_common_within_state
CS2_38,cycle_position,Early-life,64,HF2,Group_CV,-0.022710890302437076,0.022260686244625308,226,True,feature_common_within_state
CS2_38,cycle_position,Early-life,64,HF3,Group_EnergyEfficiency,0.014499665601677125,0.014499665601677125,226,True,feature_common_within_state
CS2_38,cycle_position,Early-life,64,HF4,Group_DischargeIC,-0.01955193874744007,0.020486457680296912,226,True,feature_common_within_state
CS2_38,cycle_position,Early-life,64,HF5,Group_DischargeIC,-0.0329876998665622,0.020486457680296912,226,True,feature_common_within_state
CS2_38,cycle_position,Early-life,64,HF6,Group_DischargeIC,0.008919734426888468,0.020486457680296912,226,True,feature_common_within_state
CS2_38,cycle_position,Early-life,64,HF7,Group_CC,0.00012306133969097104,0.0004356253193343335,226,True,feature_common_within_state
CS2_38,cycle_position,Early-life,64,HF8,Group_CV,-0.021810482186813536,0.022260686244625308,226,True,feature_common_within_state
CS2_38,cycle_position,Mid-life,64,HF1,Group_CC,-0.0775182644603877,0.08003076255051295,270,True,feature_common_within_state
CS2_38,cycle_position,Mid-life,64,HF2,Group_CV,0.30389757435715087,0.3031617543545848,270,True,feature_common_within_state
CS2_38,cycle_position,Mid-life,64,HF3,Group_EnergyEfficiency,0.04420799899518595,0.04420799899518595,270,True,feature_common_within_state
CS2_38,cycle_position,Mid-life,64,HF4,Group_DischargeIC,-0.25904852934052264,0.2728855258060761,270,True,feature_common_within_state
CS2_38,cycle_position,Mid-life,64,HF5,Group_DischargeIC,-0.22805185034443717,0.2728855258060761,270,True,feature_common_within_state
CS2_38,cycle_position,Mid-life,64,HF6,Group_DischargeIC,-0.33155619773326866,0.2728855258060761,270,True,feature_common_within_state
CS2_38,cycle_position,Mid-life,64,HF7,Group_CC,-0.08254326064063817,0.08003076255051295,270,True,feature_common_within_state
CS2_38,cycle_position,Mid-life,64,HF8,Group_CV,0.30242593435201875,0.3031617543545848,270,True,feature_common_within_state
CS2_38,cycle_position,Late-life,64,HF1,Group_CC,-0.1321855438150727,0.12385381841497638,52,True,feature_common_within_state
CS2_38,cycle_position,Late-life,64,HF2,Group_CV,0.16181743973263743,0.2121858839497246,52,True,feature_common_within_state
CS2_38,cycle_position,Late-life,64,HF3,Group_EnergyEfficiency,0.0337354116555401,0.0337354116555401,52,True,feature_common_within_state
CS2_38,cycle_position,Late-life,64,HF4,Group_DischargeIC,0.24553364257536395,0.13924060383548156,52,True,feature_common_within_state
CS2_38,cycle_position,Late-life,64,HF5,Group_DischargeIC,0.14563243104408166,0.13924060383548156,52,True,feature_common_within_state
CS2_38,cycle_position,Late-life,64,HF6,Group_DischargeIC,0.026555737886999088,0.13924060383548156,52,True,feature_common_within_state
CS2_38,cycle_position,Late-life,64,HF7,Group_CC,-0.11552209301488006,0.12385381841497638,52,True,feature_common_within_state
CS2_38,cycle_position,Late-life,64,HF8,Group_CV,0.2625543281668118,0.2121858839497246,52,True,feature_common_within_state
