battery,state_definition,state,horizon,feature_group,mae_full,mae_without,lofo_value,n_state_samples,reliable
CS2_35,soh_level,Early,1,Group_CC,0.01016551414168277,0.010551711966288315,0.0003861978246055449,541,True
CS2_35,soh_level,Early,1,Group_CV,0.01016551414168277,0.010007209738716211,-0.00015830440296655916,541,True
CS2_35,soh_level,Early,1,Group_EnergyEfficiency,0.01016551414168277,0.010388304336298577,0.0002227901946158066,541,True
CS2_35,soh_level,Early,1,Group_DischargeIC,0.01016551414168277,0.010365508960675165,0.00019999481899239495,541,True
CS2_35,soh_level,Middle,1,Group_CC,0.014400818085857697,0.016019605034899808,0.001618786949042111,230,True
CS2_35,soh_level,Middle,1,Group_CV,0.014400818085857697,0.014285081580842157,-0.00011573650501553977,230,True
CS2_35,soh_level,Middle,1,Group_EnergyEfficiency,0.014400818085857697,0.015214922748129682,0.000814104662271985,230,True
CS2_35,soh_level,Middle,1,Group_DischargeIC,0.014400818085857697,0.014250278326125361,-0.00015053975973233595,230,True
CS2_35,soh_level,Late,1,Group_CC,0.0222577398977914,0.02399156952860936,0.0017338296308179596,75,True
CS2_35,soh_level,Late,1,Group_CV,0.0222577398977914,0.021914911216091994,-0.00034282868169940514,75,True
CS2_35,soh_level,Late,1,Group_EnergyEfficiency,0.0222577398977914,0.02299798480804197,0.0007402449102505704,75,True
CS2_35,soh_level,Late,1,Group_DischargeIC,0.0222577398977914,0.021757580095219435,-0.0005001598025719638,75,True
CS2_35,degradation_dynamics,Slow,1,Group_CC,0.013986741095490012,0.014986981067105639,0.0010002399716156265,266,True
CS2_35,degradation_dynamics,Slow,1,Group_CV,0.013986741095490012,0.013879633688572403,-0.00010710740691760937,266,True
CS2_35,degradation_dynamics,Slow,1,Group_EnergyEfficiency,0.013986741095490012,0.014459292224710128,0.0004725511292201154,266,True
CS2_35,degradation_dynamics,Slow,1,Group_DischargeIC,0.013986741095490012,0.014201917990885118,0.00021517689539510623,266,True
CS2_35,degradation_dynamics,Medium,1,Group_CC,0.00819222744230376,0.008748949201183097,0.0005567217588793374,216,True
CS2_35,degradation_dynamics,Medium,1,Group_CV,0.00819222744230376,0.007903496404462708,-0.0002887310378410519,216,True
CS2_35,degradation_dynamics,Medium,1,Group_EnergyEfficiency,0.00819222744230376,0.008457612319076156,0.00026538487677239646,216,True
CS2_35,degradation_dynamics,Medium,1,Group_DischargeIC,0.00819222744230376,0.008631014490816628,0.0004387870485128686,216,True
CS2_35,degradation_dynamics,Fast,1,Group_CC,0.00911070823054992,0.010017877225126565,0.0009071689945766449,229,True
CS2_35,degradation_dynamics,Fast,1,Group_CV,0.00911070823054992,0.008985945425790325,-0.00012476280475959452,229,True
CS2_35,degradation_dynamics,Fast,1,Group_EnergyEfficiency,0.00911070823054992,0.009579679656656273,0.00046897142610635364,229,True
CS2_35,degradation_dynamics,Fast,1,Group_DischargeIC,0.00911070823054992,0.00895365493115646,-0.00015705329939346042,229,True
CS2_35,cycle_position,Early-life,1,Group_CC,0.012030969699797832,0.012488532537944581,0.0004575628381467498,301,True
CS2_35,cycle_position,Early-life,1,Group_CV,0.012030969699797832,0.012015924093573981,-1.5045606223850622e-05,301,True
CS2_35,cycle_position,Early-life,1,Group_EnergyEfficiency,0.012030969699797832,0.01227958014700691,0.0002486104472090786,301,True
CS2_35,cycle_position,Early-life,1,Group_DischargeIC,0.012030969699797832,0.012020158346710236,-1.081135308759508e-05,301,True
CS2_35,cycle_position,Mid-life,1,Group_CC,0.009744161432258697,0.009834827703645818,9.066627138712077e-05,331,True
CS2_35,cycle_position,Mid-life,1,Group_CV,0.009744161432258697,0.009392628544767124,-0.0003515328874915732,331,True
CS2_35,cycle_position,Mid-life,1,Group_EnergyEfficiency,0.009744161432258697,0.009809987814042152,6.582638178345528e-05,331,True
CS2_35,cycle_position,Mid-life,1,Group_DischargeIC,0.009744161432258697,0.010291952962431869,0.0005477915301731716,331,True
CS2_35,cycle_position,Late-life,1,Group_CC,0.01764604922625758,0.01955023517044296,0.0019041859441853819,218,True
CS2_35,cycle_position,Late-life,1,Group_CV,0.01764604922625758,0.017441706392943176,-0.0002043428333144033,218,True
CS2_35,cycle_position,Late-life,1,Group_EnergyEfficiency,0.01764604922625758,0.01856131580578533,0.0009152665795277501,218,True
CS2_35,cycle_position,Late-life,1,Group_DischargeIC,0.01764604922625758,0.01701214799189753,-0.0006339012343600479,218,True
CS2_36,soh_level,Early,1,Group_CC,0.01486644502224846,0.01579141229254603,0.0009249672702975695,495,True
CS2_36,soh_level,Early,1,Group_CV,0.01486644502224846,0.014914930783846212,4.848576159775103e-05,495,True
CS2_36,soh_level,Early,1,Group_EnergyEfficiency,0.01486644502224846,0.015340154960705564,0.00047370993845710294,495,True
CS2_36,soh_level,Early,1,Group_DischargeIC,0.01486644502224846,0.014832761661069362,-3.368336117909841e-05,495,True
CS2_36,soh_level,Middle,1,Group_CC,0.01722880046207084,0.01860551825132538,0.0013767177892545397,261,True
CS2_36,soh_level,Middle,1,Group_CV,0.01722880046207084,0.017371586591667106,0.00014278612959626666,261,True
CS2_36,soh_level,Middle,1,Group_EnergyEfficiency,0.01722880046207084,0.017670929056441707,0.00044212859437086846,261,True
CS2_36,soh_level,Middle,1,Group_DischargeIC,0.01722880046207084,0.017791168333442964,0.0005623678713721249,261,True
CS2_36,soh_level,Late,1,Group_CC,0.014773818682253333,0.015880646204527924,0.001106827522274591,182,True
CS2_36,soh_level,Late,1,Group_CV,0.014773818682253333,0.01444157726578634,-0.0003322414164669933,182,True
CS2_36,soh_level,Late,1,Group_EnergyEfficiency,0.014773818682253333,0.014910963570088606,0.00013714488783527282,182,True
CS2_36,soh_level,Late,1,Group_DischargeIC,0.014773818682253333,0.014254061587006773,-0.0005197570952465598,182,True
CS2_36,degradation_dynamics,Slow,1,Group_CC,0.017181294627122083,0.018075640755342882,0.0008943461282207993,247,True
CS2_36,degradation_dynamics,Slow,1,Group_CV,0.017181294627122083,0.01704698793159653,-0.00013430669552555452,247,True
CS2_36,degradation_dynamics,Slow,1,Group_EnergyEfficiency,0.017181294627122083,0.01741235013206397,0.00023105550494188776,247,True
CS2_36,degradation_dynamics,Slow,1,Group_DischargeIC,0.017181294627122083,0.017797741054549253,0.0006164464274271697,247,True
CS2_36,degradation_dynamics,Medium,1,Group_CC,0.009406864888788304,0.010127493601603988,0.0007206287128156841,234,True
CS2_36,degradation_dynamics,Medium,1,Group_CV,0.009406864888788304,0.009199459499479227,-0.00020740538930907708,234,True
CS2_36,degradation_dynamics,Medium,1,Group_EnergyEfficiency,0.009406864888788304,0.009597362186570962,0.00019049729778265745,234,True
CS2_36,degradation_dynamics,Medium,1,Group_DischargeIC,0.009406864888788304,0.009549680626416285,0.00014281573762798053,234,True
CS2_36,degradation_dynamics,Fast,1,Group_CC,0.01839108877873378,0.019747428432611017,0.0013563396538772386,353,True
CS2_36,degradation_dynamics,Fast,1,Group_CV,0.01839108877873378,0.01853767422353895,0.00014658544480516955,353,True
CS2_36,degradation_dynamics,Fast,1,Group_EnergyEfficiency,0.01839108877873378,0.018970354216658165,0.0005792654379243867,353,True
CS2_36,degradation_dynamics,Fast,1,Group_DischargeIC,0.01839108877873378,0.01816002169951197,-0.00023106707922180766,353,True
CS2_36,cycle_position,Early-life,1,Group_CC,0.019900701291538883,0.021192117966021343,0.0012914166744824596,301,True
CS2_36,cycle_position,Early-life,1,Group_CV,0.019900701291538883,0.019955860318565173,5.515902702629e-05,301,True
CS2_36,cycle_position,Early-life,1,Group_EnergyEfficiency,0.019900701291538883,0.0205068569261915,0.0006061556346526158,301,True
CS2_36,cycle_position,Early-life,1,Group_DischargeIC,0.019900701291538883,0.019536949457451314,-0.0003637518340875688,301,True
CS2_36,cycle_position,Mid-life,1,Group_CC,0.01203055890756462,0.01229475858057732,0.0002641996730127008,332,True
CS2_36,cycle_position,Mid-life,1,Group_CV,0.01203055890756462,0.01202335065948023,-7.208248084389704e-06,332,True
CS2_36,cycle_position,Mid-life,1,Group_EnergyEfficiency,0.01203055890756462,0.01217171040412721,0.00014115149656259048,332,True
CS2_36,cycle_position,Mid-life,1,Group_DischargeIC,0.01203055890756462,0.01265756307505257,0.000627004167487951,332,True
CS2_36,cycle_position,Late-life,1,Group_CC,0.01562874086338462,0.01670516997006281,0.0010764291066781909,308,True
CS2_36,cycle_position,Late-life,1,Group_CV,0.01562874086338462,0.015490013471196941,-0.00013872739218767811,308,True
CS2_36,cycle_position,Late-life,1,Group_EnergyEfficiency,0.01562874086338462,0.01584175185083951,0.00021301098745489175,308,True
CS2_36,cycle_position,Late-life,1,Group_DischargeIC,0.01562874086338462,0.01545918391456619,-0.0001695569488184296,308,True
CS2_37,soh_level,Early,1,Group_CC,0.012270924242757521,0.012817888762560441,0.0005469645198029199,560,True
CS2_37,soh_level,Early,1,Group_CV,0.012270924242757521,0.012413843342805922,0.00014291910004840015,560,True
CS2_37,soh_level,Early,1,Group_EnergyEfficiency,0.012270924242757521,0.012542702178231651,0.00027177793547412954,560,True
CS2_37,soh_level,Early,1,Group_DischargeIC,0.012270924242757521,0.012629820820825366,0.0003588965780678445,560,True
CS2_37,soh_level,Middle,1,Group_CC,0.010518914113062546,0.011229083394832588,0.0007101692817700414,283,True
CS2_37,soh_level,Middle,1,Group_CV,0.010518914113062546,0.010434635106249578,-8.42790068129682e-05,283,True
CS2_37,soh_level,Middle,1,Group_EnergyEfficiency,0.010518914113062546,0.01087059231648112,0.000351678203418573,283,True
CS2_37,soh_level,Middle,1,Group_DischargeIC,0.010518914113062546,0.010987860197808232,0.00046894608474568576,283,True
CS2_37,soh_level,Late,1,Group_CC,0.015617232722025786,0.01658661645635486,0.0009693837343290723,158,True
CS2_37,soh_level,Late,1,Group_CV,0.015617232722025786,0.015677170050982302,5.993732895651603e-05,158,True
CS2_37,soh_level,Late,1,Group_EnergyEfficiency,0.015617232722025786,0.015975269239997966,0.00035803651797217985,158,True
CS2_37,soh_level,Late,1,Group_DischargeIC,0.015617232722025786,0.015165372018058634,-0.00045186070396715204,158,True
CS2_37,degradation_dynamics,Slow,1,Group_CC,0.013660653276405152,0.014364022970753749,0.0007033696943485965,233,True
CS2_37,degradation_dynamics,Slow,1,Group_CV,0.013660653276405152,0.013866025703037714,0.00020537242663256142,233,True
CS2_37,degradation_dynamics,Slow,1,Group_EnergyEfficiency,0.013660653276405152,0.013964304745756228,0.00030365146935107563,233,True
CS2_37,degradation_dynamics,Slow,1,Group_DischargeIC,0.013660653276405152,0.014316243736012532,0.0006555904596073792,233,True
CS2_37,degradation_dynamics,Medium,1,Group_CC,0.007851206831967918,0.008177041564445878,0.00032583473247796077,289,True
CS2_37,degradation_dynamics,Medium,1,Group_CV,0.007851206831967918,0.007867818798614463,1.6611966646545503e-05,289,True
CS2_37,degradation_dynamics,Medium,1,Group_EnergyEfficiency,0.007851206831967918,0.00794135636998102,9.014953801310226e-05,289,True
CS2_37,degradation_dynamics,Medium,1,Group_DischargeIC,0.007851206831967918,0.008111980464036774,0.0002607736320688562,289,True
CS2_37,degradation_dynamics,Fast,1,Group_CC,0.013144920831155864,0.013868417388955856,0.0007234965577999925,313,True
CS2_37,degradation_dynamics,Fast,1,Group_CV,0.013144920831155864,0.01307627455224579,-6.864627891007419e-05,313,True
CS2_37,degradation_dynamics,Fast,1,Group_EnergyEfficiency,0.013144920831155864,0.013375559546882547,0.0002306387157266828,313,True
CS2_37,degradation_dynamics,Fast,1,Group_DischargeIC,0.013144920831155864,0.013192164469404612,4.724363824874789e-05,313,True
CS2_37,cycle_position,Early-life,1,Group_CC,0.01595565094732564,0.016894733996101603,0.0009390830487759627,301,True
CS2_37,cycle_position,Early-life,1,Group_CV,0.01595565094732564,0.016167922329481492,0.0002122713821558521,301,True
CS2_37,cycle_position,Early-life,1,Group_EnergyEfficiency,0.01595565094732564,0.01624064334513839,0.0002849923978127493,301,True
CS2_37,cycle_position,Early-life,1,Group_DischargeIC,0.01595565094732564,0.01593634697117619,-1.930397614945123e-05,301,True
CS2_37,cycle_position,Mid-life,1,Group_CC,0.00796095762015729,0.008211979268640687,0.00025102164848339777,331,True
CS2_37,cycle_position,Mid-life,1,Group_CV,0.00796095762015729,0.008001540870883108,4.0583250725818865e-05,331,True
CS2_37,cycle_position,Mid-life,1,Group_EnergyEfficiency,0.00796095762015729,0.008246684896489474,0.0002857272763321841,331,True
CS2_37,cycle_position,Mid-life,1,Group_DischargeIC,0.00796095762015729,0.008791961633437288,0.0008310040132799984,331,True
CS2_37,cycle_position,Late-life,1,Group_CC,0.013541706930913139,0.014270022847173451,0.0007283159162603126,374,True
CS2_37,cycle_position,Late-life,1,Group_CV,0.013541706930913139,0.0134665359160189,-7.517101489423923e-05,374,True
CS2_37,cycle_position,Late-life,1,Group_EnergyEfficiency,0.013541706930913139,0.013863246401255941,0.00032153947034280206,374,True
CS2_37,cycle_position,Late-life,1,Group_DischargeIC,0.013541706930913139,0.013481695374117862,-6.001155679527699e-05,374,True
CS2_38,soh_level,Early,1,Group_CC,0.013731500064557445,0.01448303865345697,0.0007515385888995241,597,True
CS2_38,soh_level,Early,1,Group_CV,0.013731500064557445,0.014168528710474323,0.00043702864591687804,597,True
CS2_38,soh_level,Early,1,Group_EnergyEfficiency,0.013731500064557445,0.013895427857447597,0.00016392779289015232,597,True
CS2_38,soh_level,Early,1,Group_DischargeIC,0.013731500064557445,0.013948469626215822,0.00021696956165837694,597,True
CS2_38,soh_level,Middle,1,Group_CC,0.015948418714106988,0.017012003000749367,0.0010635842866423793,277,True
CS2_38,soh_level,Middle,1,Group_CV,0.015948418714106988,0.016086046432700472,0.0001376277185934846,277,True
CS2_38,soh_level,Middle,1,Group_EnergyEfficiency,0.015948418714106988,0.016651193197813868,0.0007027744837068799,277,True
CS2_38,soh_level,Middle,1,Group_DischargeIC,0.015948418714106988,0.016218192387966728,0.00026977367385973977,277,True
CS2_38,soh_level,Late,1,Group_CC,0.011803537219420743,0.01303677523382691,0.0012332380144061666,118,True
CS2_38,soh_level,Late,1,Group_CV,0.011803537219420743,0.01233851290496197,0.0005349756855412263,118,True
CS2_38,soh_level,Late,1,Group_EnergyEfficiency,0.011803537219420743,0.012480271750448725,0.000676734531027982,118,True
CS2_38,soh_level,Late,1,Group_DischargeIC,0.011803537219420743,0.011787238284625237,-1.6298934795506287e-05,118,True
CS2_38,degradation_dynamics,Slow,1,Group_CC,0.016992232734661793,0.018017476716584796,0.0010252439819230033,289,True
CS2_38,degradation_dynamics,Slow,1,Group_CV,0.016992232734661793,0.017616015480978672,0.0006237827463168796,289,True
CS2_38,degradation_dynamics,Slow,1,Group_EnergyEfficiency,0.016992232734661793,0.017623276322590045,0.0006310435879282525,289,True
CS2_38,degradation_dynamics,Slow,1,Group_DischargeIC,0.016992232734661793,0.017465445030351412,0.00047321229568961926,289,True
CS2_38,degradation_dynamics,Medium,1,Group_CC,0.011349855096096468,0.011967824495248115,0.000617969399151647,265,True
CS2_38,degradation_dynamics,Medium,1,Group_CV,0.011349855096096468,0.01159344476225454,0.00024358966615807207,265,True
CS2_38,degradation_dynamics,Medium,1,Group_EnergyEfficiency,0.011349855096096468,0.011575587598598053,0.0002257325025015848,265,True
CS2_38,degradation_dynamics,Medium,1,Group_DischargeIC,0.011349855096096468,0.011811994477101777,0.0004621393810053092,265,True
CS2_38,degradation_dynamics,Fast,1,Group_CC,0.013404325005332495,0.01433796372744144,0.0009336387221089461,303,True
CS2_38,degradation_dynamics,Fast,1,Group_CV,0.013404325005332495,0.01375550098413781,0.000351175978805315,303,True
CS2_38,degradation_dynamics,Fast,1,Group_EnergyEfficiency,0.013404325005332495,0.01399639955525584,0.0005920745499233444,303,True
CS2_38,degradation_dynamics,Fast,1,Group_DischargeIC,0.013404325005332495,0.013351530498102454,-5.279450723004106e-05,303,True
CS2_38,cycle_position,Early-life,1,Group_CC,0.01768551239897735,0.0185901716476966,0.0009046592487192487,301,True
CS2_38,cycle_position,Early-life,1,Group_CV,0.01768551239897735,0.01831385708927141,0.0006283446902940575,301,True
CS2_38,cycle_position,Early-life,1,Group_EnergyEfficiency,0.01768551239897735,0.018094264571649275,0.0004087521726719237,301,True
CS2_38,cycle_position,Early-life,1,Group_DischargeIC,0.01768551239897735,0.01759264907224994,-9.286332672741107e-05,301,True
CS2_38,cycle_position,Mid-life,1,Group_CC,0.01014869360892017,0.010848526073961728,0.0006998324650415583,331,True
CS2_38,cycle_position,Mid-life,1,Group_CV,0.01014869360892017,0.010426666302918991,0.00027797269399882155,331,True
CS2_38,cycle_position,Mid-life,1,Group_EnergyEfficiency,0.01014869360892017,0.010218902790989385,7.02091820692155e-05,331,True
CS2_38,cycle_position,Mid-life,1,Group_DischargeIC,0.01014869360892017,0.010576230406646101,0.0004275367977259314,331,True
CS2_38,cycle_position,Late-life,1,Group_CC,0.014683608806804964,0.01582872729422476,0.001145118487419796,364,True
CS2_38,cycle_position,Late-life,1,Group_CV,0.014683608806804964,0.014919203577233881,0.00023559477042891727,364,True
CS2_38,cycle_position,Late-life,1,Group_EnergyEfficiency,0.014683608806804964,0.015366086786323703,0.0006824779795187395,364,True
CS2_38,cycle_position,Late-life,1,Group_DischargeIC,0.014683608806804964,0.014919363786138236,0.00023575497933327194,364,True
CS2_35,soh_level,Early,4,Group_CC,0.011456420497085921,0.011755024425435247,0.00029860392834932595,541,True
CS2_35,soh_level,Early,4,Group_CV,0.011456420497085921,0.011434428483517752,-2.199201356816935e-05,541,True
CS2_35,soh_level,Early,4,Group_EnergyEfficiency,0.011456420497085921,0.011654257873559969,0.00019783737647404744,541,True
CS2_35,soh_level,Early,4,Group_DischargeIC,0.011456420497085921,0.01169920594406303,0.00024278544697710867,541,True
CS2_35,soh_level,Middle,4,Group_CC,0.015975970717171682,0.01732502651534945,0.0013490557981777687,230,True
CS2_35,soh_level,Middle,4,Group_CV,0.015975970717171682,0.01592154788924853,-5.442282792315206e-05,230,True
CS2_35,soh_level,Middle,4,Group_EnergyEfficiency,0.015975970717171682,0.0168062706168945,0.0008302998997228167,230,True
CS2_35,soh_level,Middle,4,Group_DischargeIC,0.015975970717171682,0.01606639166184857,9.04209446768861e-05,230,True
CS2_35,soh_level,Late,4,Group_CC,0.026311054246876686,0.027769895550229604,0.001458841303352918,72,True
CS2_35,soh_level,Late,4,Group_CV,0.026311054246876686,0.02613197274128594,-0.00017908150559074743,72,True
CS2_35,soh_level,Late,4,Group_EnergyEfficiency,0.026311054246876686,0.027136523862661074,0.0008254696157843876,72,True
CS2_35,soh_level,Late,4,Group_DischargeIC,0.026311054246876686,0.026348384928752064,3.733068187537769e-05,72,True
CS2_35,degradation_dynamics,Slow,4,Group_CC,0.014432332158294536,0.015228103956564515,0.0007957717982699786,265,True
CS2_35,degradation_dynamics,Slow,4,Group_CV,0.014432332158294536,0.014392489891207822,-3.984226708671386e-05,265,True
CS2_35,degradation_dynamics,Slow,4,Group_EnergyEfficiency,0.014432332158294536,0.014883643881970833,0.0004513117236762971,265,True
CS2_35,degradation_dynamics,Slow,4,Group_DischargeIC,0.014432332158294536,0.014720755473399155,0.00028842331510461894,265,True
CS2_35,degradation_dynamics,Medium,4,Group_CC,0.008768639716387716,0.009185032910140917,0.00041639319375320026,214,True
CS2_35,degradation_dynamics,Medium,4,Group_CV,0.008768639716387716,0.008706906037316952,-6.173367907076448e-05,214,True
CS2_35,degradation_dynamics,Medium,4,Group_EnergyEfficiency,0.008768639716387716,0.008969663037533682,0.00020102332114596555,214,True
CS2_35,degradation_dynamics,Medium,4,Group_DischargeIC,0.008768639716387716,0.009135700991178369,0.00036706127479065216,214,True
CS2_35,degradation_dynamics,Fast,4,Group_CC,0.011802227707300696,0.012458162945949687,0.000655935238648991,229,True
CS2_35,degradation_dynamics,Fast,4,Group_CV,0.011802227707300696,0.011725145878294966,-7.708182900573006e-05,229,True
CS2_35,degradation_dynamics,Fast,4,Group_EnergyEfficiency,0.011802227707300696,0.012218929832895518,0.00041670212559482243,229,True
CS2_35,degradation_dynamics,Fast,4,Group_DischargeIC,0.011802227707300696,0.011817474748064036,1.5247040763340103e-05,229,True
CS2_35,cycle_position,Early-life,4,Group_CC,0.013677824242896318,0.013903384897851376,0.0002255606549550586,301,True
CS2_35,cycle_position,Early-life,4,Group_CV,0.013677824242896318,0.013681398013885479,3.5737709891611735e-06,301,True
CS2_35,cycle_position,Early-life,4,Group_EnergyEfficiency,0.013677824242896318,0.013821307455196795,0.00014348321230047735,301,True
CS2_35,cycle_position,Early-life,4,Group_DischargeIC,0.013677824242896318,0.01381076217539514,0.0001329379324988226,301,True
CS2_35,cycle_position,Mid-life,4,Group_CC,0.011315844469448201,0.011529305281099769,0.00021346081165156752,331,True
CS2_35,cycle_position,Mid-life,4,Group_CV,0.011315844469448201,0.011210374808414419,-0.00010546966103378193,331,True
CS2_35,cycle_position,Mid-life,4,Group_EnergyEfficiency,0.011315844469448201,0.011465815310037278,0.00014997084058907678,331,True
CS2_35,cycle_position,Mid-life,4,Group_DischargeIC,0.011315844469448201,0.011700284814003745,0.0003844403445555436,331,True
CS2_35,cycle_position,Late-life,4,Group_CC,0.019268766450778255,0.020799073983716217,0.0015303075329379627,215,True
CS2_35,cycle_position,Late-life,4,Group_CV,0.019268766450778255,0.01913657414351137,-0.00013219230726688527,215,True
CS2_35,cycle_position,Late-life,4,Group_EnergyEfficiency,0.019268766450778255,0.02016527786886242,0.0008965114180841637,215,True
CS2_35,cycle_position,Late-life,4,Group_DischargeIC,0.019268766450778255,0.019206092070980507,-6.267437979774748e-05,215,True
CS2_36,soh_level,Early,4,Group_CC,0.01684926604723727,0.01745284205195074,0.0006035760047134672,495,True
CS2_36,soh_level,Early,4,Group_CV,0.01684926604723727,0.01685996672881023,1.0700681572960169e-05,495,True
CS2_36,soh_level,Early,4,Group_EnergyEfficiency,0.01684926604723727,0.01732611251995949,0.00047684647272221853,495,True
CS2_36,soh_level,Early,4,Group_DischargeIC,0.01684926604723727,0.016778825787509576,-7.044025972769569e-05,495,True
CS2_36,soh_level,Middle,4,Group_CC,0.0184616565314243,0.019327569598903502,0.0008659130674792022,261,True
CS2_36,soh_level,Middle,4,Group_CV,0.0184616565314243,0.018563918202269842,0.00010226167084554164,261,True
CS2_36,soh_level,Middle,4,Group_EnergyEfficiency,0.0184616565314243,0.01881606743050801,0.0003544108990837097,261,True
CS2_36,soh_level,Middle,4,Group_DischargeIC,0.0184616565314243,0.018382059070469192,-7.959746095510811e-05,261,True
CS2_36,soh_level,Late,4,Group_CC,0.017976973090151078,0.01873981774259976,0.0007628446524486805,179,True
CS2_36,soh_level,Late,4,Group_CV,0.017976973090151078,0.01787334223967377,-0.00010363085047730702,179,True
CS2_36,soh_level,Late,4,Group_EnergyEfficiency,0.017976973090151078,0.01814295917523661,0.00016598608508553228,179,True
CS2_36,soh_level,Late,4,Group_DischargeIC,0.017976973090151078,0.01793597968088416,-4.099340926691855e-05,179,True
CS2_36,degradation_dynamics,Slow,4,Group_CC,0.01765658289055399,0.01833019858642613,0.0006736156958721401,244,True
CS2_36,degradation_dynamics,Slow,4,Group_CV,0.01765658289055399,0.017686254961479266,2.967207092527749e-05,244,True
CS2_36,degradation_dynamics,Slow,4,Group_EnergyEfficiency,0.01765658289055399,0.01790454837679132,0.00024796548623733095,244,True
CS2_36,degradation_dynamics,Slow,4,Group_DischargeIC,0.01765658289055399,0.017546348165691318,-0.00011023472486267061,244,True
CS2_36,degradation_dynamics,Medium,4,Group_CC,0.01416010881780165,0.014453252523520197,0.000293143705718547,233,True
CS2_36,degradation_dynamics,Medium,4,Group_CV,0.01416010881780165,0.014130931618831635,-2.9177198970015833e-05,233,True
CS2_36,degradation_dynamics,Medium,4,Group_EnergyEfficiency,0.01416010881780165,0.014235948763480517,7.583994567886623e-05,233,True
CS2_36,degradation_dynamics,Medium,4,Group_DischargeIC,0.01416010881780165,0.014171851066174718,1.1742248373067254e-05,233,True
CS2_36,degradation_dynamics,Fast,4,Group_CC,0.019413690654894775,0.02030263506949441,0.000888944414599635,354,True
CS2_36,degradation_dynamics,Fast,4,Group_CV,0.019413690654894775,0.01945940969681013,4.571904191535622e-05,354,True
CS2_36,degradation_dynamics,Fast,4,Group_EnergyEfficiency,0.019413690654894775,0.01999045606751779,0.0005767654126230155,354,True
CS2_36,degradation_dynamics,Fast,4,Group_DischargeIC,0.019413690654894775,0.0193430128528517,-7.067780204307594e-05,354,True
CS2_36,cycle_position,Early-life,4,Group_CC,0.020698296706399475,0.021615070355469237,0.0009167736490697624,301,True
CS2_36,cycle_position,Early-life,4,Group_CV,0.020698296706399475,0.02070107905314162,2.7823467421451975e-06,301,True
CS2_36,cycle_position,Early-life,4,Group_EnergyEfficiency,0.020698296706399475,0.021349010394667096,0.0006507136882676207,301,True
CS2_36,cycle_position,Early-life,4,Group_DischargeIC,0.020698296706399475,0.020636711061242232,-6.158564515724302e-05,301,True
CS2_36,cycle_position,Mid-life,4,Group_CC,0.013441235003677433,0.013318126082559278,-0.00012310892111815422,332,True
CS2_36,cycle_position,Mid-life,4,Group_CV,0.013441235003677433,0.01349294248846691,5.1707484789477454e-05,332,True
CS2_36,cycle_position,Mid-life,4,Group_EnergyEfficiency,0.013441235003677433,0.01338641998598514,-5.48150176922918e-05,332,True
CS2_36,cycle_position,Mid-life,4,Group_DischargeIC,0.013441235003677433,0.01338633601852875,-5.489898514868252e-05,332,True
CS2_36,cycle_position,Late-life,4,Group_CC,0.01913009496865176,0.020340533440120028,0.0012104384714682684,305,True
CS2_36,cycle_position,Late-life,4,Group_CV,0.01913009496865176,0.019089503801210272,-4.05911674414873e-05,305,True
CS2_36,cycle_position,Late-life,4,Group_EnergyEfficiency,0.01913009496865176,0.01955047977459697,0.0004203848059452092,305,True
CS2_36,cycle_position,Late-life,4,Group_DischargeIC,0.01913009496865176,0.01905183691184087,-7.825805681089051e-05,305,True
CS2_37,soh_level,Early,4,Group_CC,0.01443759389705371,0.014687583890568658,0.0002499899935149482,559,True
CS2_37,soh_level,Early,4,Group_CV,0.01443759389705371,0.014448900634022632,1.130673696892251e-05,559,True
CS2_37,soh_level,Early,4,Group_EnergyEfficiency,0.01443759389705371,0.014525969638002612,8.837574094890284e-05,559,True
CS2_37,soh_level,Early,4,Group_DischargeIC,0.01443759389705371,0.014334119054502397,-0.00010347484255131267,559,True
CS2_37,soh_level,Middle,4,Group_CC,0.013257561407614794,0.013774443934390779,0.0005168825267759854,284,True
CS2_37,soh_level,Middle,4,Group_CV,0.013257561407614794,0.01324005801541209,-1.7503392202702917e-05,284,True
CS2_37,soh_level,Middle,4,Group_EnergyEfficiency,0.013257561407614794,0.013613588186251203,0.00035602677863640943,284,True
CS2_37,soh_level,Middle,4,Group_DischargeIC,0.013257561407614794,0.013057958413600355,-0.00019960299401443858,284,True
CS2_37,soh_level,Late,4,Group_CC,0.017786798104147718,0.01816897519590404,0.0003821770917563222,155,True
CS2_37,soh_level,Late,4,Group_CV,0.017786798104147718,0.017803204293432903,1.6406189285184808e-05,155,True
CS2_37,soh_level,Late,4,Group_EnergyEfficiency,0.017786798104147718,0.017998815520549192,0.00021201741640147417,155,True
CS2_37,soh_level,Late,4,Group_DischargeIC,0.017786798104147718,0.017885569223076107,9.877111892838894e-05,155,True
CS2_37,degradation_dynamics,Slow,4,Group_CC,0.01463603252012827,0.015179072382191787,0.0005430398620635164,228,True
CS2_37,degradation_dynamics,Slow,4,Group_CV,0.01463603252012827,0.01462894084172871,-7.0916783995612215e-06,228,True
CS2_37,degradation_dynamics,Slow,4,Group_EnergyEfficiency,0.01463603252012827,0.015003317988609918,0.00036728546848164775,228,True
CS2_37,degradation_dynamics,Slow,4,Group_DischargeIC,0.01463603252012827,0.01382874991978693,-0.0008072826003413403,228,True
CS2_37,degradation_dynamics,Medium,4,Group_CC,0.011438864573470788,0.011571752802379985,0.00013288822890919656,289,True
CS2_37,degradation_dynamics,Medium,4,Group_CV,0.011438864573470788,0.011461242634091819,2.2378060621030746e-05,289,True
CS2_37,degradation_dynamics,Medium,4,Group_EnergyEfficiency,0.011438864573470788,0.011465690996902011,2.6826423431223004e-05,289,True
CS2_37,degradation_dynamics,Medium,4,Group_DischargeIC,0.011438864573470788,0.011491855863553713,5.299129008292519e-05,289,True
CS2_37,degradation_dynamics,Fast,4,Group_CC,0.015755711203984182,0.01595507968671689,0.00019936848273270635,315,True
CS2_37,degradation_dynamics,Fast,4,Group_CV,0.015755711203984182,0.01577095798914488,1.5246785160696885e-05,315,True
CS2_37,degradation_dynamics,Fast,4,Group_EnergyEfficiency,0.015755711203984182,0.0157730948864731,1.7383682488918833e-05,315,True
CS2_37,degradation_dynamics,Fast,4,Group_DischargeIC,0.015755711203984182,0.0157705875819126,1.48763779284182e-05,315,True
CS2_37,cycle_position,Early-life,4,Group_CC,0.018313718732318747,0.01879743480042856,0.00048371606810981155,301,True
CS2_37,cycle_position,Early-life,4,Group_CV,0.018313718732318747,0.018318632516927353,4.913784608606003e-06,301,True
CS2_37,cycle_position,Early-life,4,Group_EnergyEfficiency,0.018313718732318747,0.018466705232876426,0.00015298650055767943,301,True
CS2_37,cycle_position,Early-life,4,Group_DischargeIC,0.018313718732318747,0.017957553472408915,-0.0003561652599098318,301,True
CS2_37,cycle_position,Mid-life,4,Group_CC,0.009905332743348302,0.009973801085760734,6.846834241243209e-05,331,True
CS2_37,cycle_position,Mid-life,4,Group_CV,0.009905332743348302,0.009912725463706034,7.3927203577319606e-06,331,True
CS2_37,cycle_position,Mid-life,4,Group_EnergyEfficiency,0.009905332743348302,0.009993930422049605,8.859767870130278e-05,331,True
CS2_37,cycle_position,Mid-life,4,Group_DischargeIC,0.009905332743348302,0.010010455935446323,0.00010512319209802015,331,True
CS2_37,cycle_position,Late-life,4,Group_CC,0.016011823216485345,0.01651395666419546,0.0005021334477101139,371,True
CS2_37,cycle_position,Late-life,4,Group_CV,0.016011823216485345,0.016015986670561297,4.163454075951922e-06,371,True
CS2_37,cycle_position,Late-life,4,Group_EnergyEfficiency,0.016011823216485345,0.016278330732774043,0.00026650751628869845,371,True
CS2_37,cycle_position,Late-life,4,Group_DischargeIC,0.016011823216485345,0.015942951889848227,-6.887132663711826e-05,371,True
CS2_38,soh_level,Early,4,Group_CC,0.014975560481803254,0.015528311344339647,0.0005527508625363924,597,True
CS2_38,soh_level,Early,4,Group_CV,0.014975560481803254,0.014905621367829733,-6.993911397352136e-05,597,True
CS2_38,soh_level,Early,4,Group_EnergyEfficiency,0.014975560481803254,0.015253027361723029,0.0002774668799197747,597,True
CS2_38,soh_level,Early,4,Group_DischargeIC,0.014975560481803254,0.015202505739060637,0.00022694525725738303,597,True
CS2_38,soh_level,Middle,4,Group_CC,0.017637383078257556,0.01847391218026232,0.0008365291020047648,277,True
CS2_38,soh_level,Middle,4,Group_CV,0.017637383078257556,0.017585946313156915,-5.143676510064102e-05,277,True
CS2_38,soh_level,Middle,4,Group_EnergyEfficiency,0.017637383078257556,0.01813571817479771,0.0004983350965401534,277,True
CS2_38,soh_level,Middle,4,Group_DischargeIC,0.017637383078257556,0.017627287907739934,-1.0095170517622487e-05,277,True
CS2_38,soh_level,Late,4,Group_CC,0.013576024784665689,0.014450525422288639,0.0008745006376229495,115,True
CS2_38,soh_level,Late,4,Group_CV,0.013576024784665689,0.013479253856069675,-9.677092859601381e-05,115,True
CS2_38,soh_level,Late,4,Group_EnergyEfficiency,0.013576024784665689,0.01405010998709026,0.000474085202424571,115,True
CS2_38,soh_level,Late,4,Group_DischargeIC,0.013576024784665689,0.013538319936661112,-3.770484800457753e-05,115,True
CS2_38,degradation_dynamics,Slow,4,Group_CC,0.018387484137145842,0.019142248165350432,0.0007547640282045895,288,True
CS2_38,degradation_dynamics,Slow,4,Group_CV,0.018387484137145842,0.018273895862943618,-0.0001135882742022247,288,True
CS2_38,degradation_dynamics,Slow,4,Group_EnergyEfficiency,0.018387484137145842,0.018860561051822964,0.0004730769146771216,288,True
CS2_38,degradation_dynamics,Slow,4,Group_DischargeIC,0.018387484137145842,0.018578992434062594,0.00019150829691675156,288,True
CS2_38,degradation_dynamics,Medium,4,Group_CC,0.013174531903855964,0.01361291366678132,0.0004383817629253564,265,True
CS2_38,degradation_dynamics,Medium,4,Group_CV,0.013174531903855964,0.013127096976209797,-4.743492764616719e-05,265,True
CS2_38,degradation_dynamics,Medium,4,Group_EnergyEfficiency,0.013174531903855964,0.01331113013245266,0.00013659822859669705,265,True
CS2_38,degradation_dynamics,Medium,4,Group_DischargeIC,0.013174531903855964,0.013434085045746193,0.00025955314189022964,265,True
CS2_38,degradation_dynamics,Fast,4,Group_CC,0.01538591001201795,0.016090683883669018,0.0007047738716510678,301,True
CS2_38,degradation_dynamics,Fast,4,Group_CV,0.01538591001201795,0.015302905369319523,-8.300464269842683e-05,301,True
CS2_38,degradation_dynamics,Fast,4,Group_EnergyEfficiency,0.01538591001201795,0.01583100949251143,0.00044509948049348096,301,True
CS2_38,degradation_dynamics,Fast,4,Group_DischargeIC,0.01538591001201795,0.015215817578044908,-0.0001700924339730417,301,True
CS2_38,cycle_position,Early-life,4,Group_CC,0.019126234812921385,0.01985371330249882,0.0007274784895774343,301,True
CS2_38,cycle_position,Early-life,4,Group_CV,0.019126234812921385,0.019002616794843424,-0.0001236180180779617,301,True
CS2_38,cycle_position,Early-life,4,Group_EnergyEfficiency,0.019126234812921385,0.019489644946470847,0.0003634101335494612,301,True
CS2_38,cycle_position,Early-life,4,Group_DischargeIC,0.019126234812921385,0.018999892215014264,-0.00012634259790712116,301,True
CS2_38,cycle_position,Mid-life,4,Group_CC,0.011482635123632793,0.011969098901543355,0.00048646377791056183,331,True
CS2_38,cycle_position,Mid-life,4,Group_CV,0.011482635123632793,0.011437995170449371,-4.463995318342191e-05,331,True
CS2_38,cycle_position,Mid-life,4,Group_EnergyEfficiency,0.011482635123632793,0.011790891460142292,0.0003082563365094989,331,True
CS2_38,cycle_position,Mid-life,4,Group_DischargeIC,0.011482635123632793,0.012025197093794604,0.0005425619701618107,331,True
CS2_38,cycle_position,Late-life,4,Group_CC,0.016322258237288348,0.017176564655966786,0.0008543064186784383,361,True
CS2_38,cycle_position,Late-life,4,Group_CV,0.016322258237288348,0.01626565327588401,-5.660496140433638e-05,361,True
CS2_38,cycle_position,Late-life,4,Group_EnergyEfficiency,0.016322258237288348,0.016788387499369714,0.0004661292620813662,361,True
CS2_38,cycle_position,Late-life,4,Group_DischargeIC,0.016322258237288348,0.016305165465157277,-1.7092772131070688e-05,361,True
CS2_35,soh_level,Early,8,Group_CC,0.012228950846909835,0.012523546303412502,0.0002945954565026672,541,True
CS2_35,soh_level,Early,8,Group_CV,0.012228950846909835,0.01211816130193183,-0.00011078954497800372,541,True
CS2_35,soh_level,Early,8,Group_EnergyEfficiency,0.012228950846909835,0.012421731013908604,0.00019278016699876901,541,True
CS2_35,soh_level,Early,8,Group_DischargeIC,0.012228950846909835,0.01275547161006894,0.0005265207631591062,541,True
CS2_35,soh_level,Middle,8,Group_CC,0.017357000503231912,0.018950386574039215,0.0015933860708073032,230,True
CS2_35,soh_level,Middle,8,Group_CV,0.017357000503231912,0.017219938133680186,-0.00013706236955172632,230,True
CS2_35,soh_level,Middle,8,Group_EnergyEfficiency,0.017357000503231912,0.018103003979854822,0.0007460034766229098,230,True
CS2_35,soh_level,Middle,8,Group_DischargeIC,0.017357000503231912,0.01761364120019045,0.00025664069695853844,230,True
CS2_35,soh_level,Late,8,Group_CC,0.030629576404789347,0.0328312440215858,0.0022016676167964516,68,True
CS2_35,soh_level,Late,8,Group_CV,0.030629576404789347,0.03000495880203184,-0.000624617602757508,68,True
CS2_35,soh_level,Late,8,Group_EnergyEfficiency,0.030629576404789347,0.0315816663815877,0.0009520899767983537,68,True
CS2_35,soh_level,Late,8,Group_DischargeIC,0.030629576404789347,0.03089889038406075,0.00026931397927140374,68,True
CS2_35,degradation_dynamics,Slow,8,Group_CC,0.013695686921482127,0.014805851212674408,0.0011101642911922806,265,True
CS2_35,degradation_dynamics,Slow,8,Group_CV,0.013695686921482127,0.013618198743300638,-7.748817818148922e-05,265,True
CS2_35,degradation_dynamics,Slow,8,Group_EnergyEfficiency,0.013695686921482127,0.014155295850356311,0.0004596089288741844,265,True
CS2_35,degradation_dynamics,Slow,8,Group_DischargeIC,0.013695686921482127,0.014024693885535535,0.000329006964053408,265,True
CS2_35,degradation_dynamics,Medium,8,Group_CC,0.011369607399233055,0.011550458591552399,0.0001808511923193437,213,True
CS2_35,degradation_dynamics,Medium,8,Group_CV,0.011369607399233055,0.011045034022736171,-0.0003245733764968839,213,True
CS2_35,degradation_dynamics,Medium,8,Group_EnergyEfficiency,0.011369607399233055,0.011414856699714463,4.5249300481407795e-05,213,True
CS2_35,degradation_dynamics,Medium,8,Group_DischargeIC,0.011369607399233055,0.012307650659366617,0.0009380432601335618,213,True
CS2_35,degradation_dynamics,Fast,8,Group_CC,0.014247205204211995,0.014849952796975504,0.0006027475927635091,226,True
CS2_35,degradation_dynamics,Fast,8,Group_CV,0.014247205204211995,0.013999833068620153,-0.0002473721355918425,226,True
CS2_35,degradation_dynamics,Fast,8,Group_EnergyEfficiency,0.014247205204211995,0.014572895481506636,0.0003256902772946404,226,True
CS2_35,degradation_dynamics,Fast,8,Group_DischargeIC,0.014247205204211995,0.014393820896458631,0.000146615692246636,226,True
CS2_35,cycle_position,Early-life,8,Group_CC,0.014957419044512766,0.015111238500450326,0.00015381945593755976,301,True
CS2_35,cycle_position,Early-life,8,Group_CV,0.014957419044512766,0.015048795985768769,9.137694125600261e-05,301,True
CS2_35,cycle_position,Early-life,8,Group_EnergyEfficiency,0.014957419044512766,0.015051924505253044,9.450546074027746e-05,301,True
CS2_35,cycle_position,Early-life,8,Group_DischargeIC,0.014957419044512766,0.015072150330863619,0.00011473128635085261,301,True
CS2_35,cycle_position,Mid-life,8,Group_CC,0.012223992841098248,0.01242123472086636,0.00019724187976811157,331,True
CS2_35,cycle_position,Mid-life,8,Group_CV,0.012223992841098248,0.011758749092990165,-0.00046524374810808303,331,True
CS2_35,cycle_position,Mid-life,8,Group_EnergyEfficiency,0.012223992841098248,0.01236332150771589,0.00013932866661764236,331,True
CS2_35,cycle_position,Mid-life,8,Group_DischargeIC,0.012223992841098248,0.01318504571666062,0.0009610528755623713,331,True
CS2_35,cycle_position,Late-life,8,Group_CC,0.02152167857157483,0.023419464291009464,0.0018977857194346325,211,True
CS2_35,cycle_position,Late-life,8,Group_CV,0.02152167857157483,0.021078774182311327,-0.0004429043892635043,211,True
CS2_35,cycle_position,Late-life,8,Group_EnergyEfficiency,0.02152167857157483,0.02237110611823885,0.0008494275466640194,211,True
CS2_35,cycle_position,Late-life,8,Group_DischargeIC,0.02152167857157483,0.021550662310611146,2.898373903631457e-05,211,True
CS2_36,soh_level,Early,8,Group_CC,0.015901971876694312,0.01674048176018003,0.0008385098834857198,495,True
CS2_36,soh_level,Early,8,Group_CV,0.015901971876694312,0.01603275498528881,0.00013078310859449688,495,True
CS2_36,soh_level,Early,8,Group_EnergyEfficiency,0.015901971876694312,0.016428347950024656,0.0005263760733303438,495,True
CS2_36,soh_level,Early,8,Group_DischargeIC,0.015901971876694312,0.015841604869405373,-6.0367007288938956e-05,495,True
CS2_36,soh_level,Middle,8,Group_CC,0.02231534828791474,0.023842020999636247,0.0015266727117215079,261,True
CS2_36,soh_level,Middle,8,Group_CV,0.02231534828791474,0.0227385277450755,0.00042317945716075986,261,True
CS2_36,soh_level,Middle,8,Group_EnergyEfficiency,0.02231534828791474,0.02299680224933138,0.0006814539614166393,261,True
CS2_36,soh_level,Middle,8,Group_DischargeIC,0.02231534828791474,0.02233950132307831,2.4153035163568953e-05,261,True
CS2_36,soh_level,Late,8,Group_CC,0.022858585424127803,0.023655539474934477,0.0007969540508066739,175,True
CS2_36,soh_level,Late,8,Group_CV,0.022858585424127803,0.02146960813949722,-0.0013889772846305826,175,True
CS2_36,soh_level,Late,8,Group_EnergyEfficiency,0.022858585424127803,0.022774351446599245,-8.423397752855763e-05,175,True
CS2_36,soh_level,Late,8,Group_DischargeIC,0.022858585424127803,0.0227923977637779,-6.618766034990203e-05,175,True
CS2_36,degradation_dynamics,Slow,8,Group_CC,0.02019363092761569,0.021022730975323558,0.0008291000477078682,246,True
CS2_36,degradation_dynamics,Slow,8,Group_CV,0.02019363092761569,0.02023268366837317,3.9052740757480886e-05,246,True
CS2_36,degradation_dynamics,Slow,8,Group_EnergyEfficiency,0.02019363092761569,0.02047423916165092,0.00028060823403523033,246,True
CS2_36,degradation_dynamics,Slow,8,Group_DischargeIC,0.02019363092761569,0.020093074384587524,-0.00010055654302816575,246,True
CS2_36,degradation_dynamics,Medium,8,Group_CC,0.01675421588313758,0.017409827208848438,0.000655611325710858,229,True
CS2_36,degradation_dynamics,Medium,8,Group_CV,0.01675421588313758,0.016295334562269354,-0.0004588813208682256,229,True
CS2_36,degradation_dynamics,Medium,8,Group_EnergyEfficiency,0.01675421588313758,0.01693603536729963,0.00018181948416205046,229,True
CS2_36,degradation_dynamics,Medium,8,Group_DischargeIC,0.01675421588313758,0.016678513811474997,-7.570207166258253e-05,229,True
CS2_36,degradation_dynamics,Fast,8,Group_CC,0.01913944323502628,0.020330386739839418,0.001190943504813139,352,True
CS2_36,degradation_dynamics,Fast,8,Group_CV,0.01913944323502628,0.019082969273643505,-5.647396138277333e-05,352,True
CS2_36,degradation_dynamics,Fast,8,Group_EnergyEfficiency,0.01913944323502628,0.01968728549030763,0.0005478422552813514,352,True
CS2_36,degradation_dynamics,Fast,8,Group_DischargeIC,0.01913944323502628,0.019095949108104145,-4.3494126922134085e-05,352,True
CS2_36,cycle_position,Early-life,8,Group_CC,0.021176031732835606,0.022214782340735883,0.0010387506079002767,301,True
CS2_36,cycle_position,Early-life,8,Group_CV,0.021176031732835606,0.02124072906933934,6.469733650373358e-05,301,True
CS2_36,cycle_position,Early-life,8,Group_EnergyEfficiency,0.021176031732835606,0.021702288402400585,0.0005262566695649791,301,True
CS2_36,cycle_position,Early-life,8,Group_DischargeIC,0.021176031732835606,0.021077001245045298,-9.90304877903081e-05,301,True
CS2_36,cycle_position,Mid-life,8,Group_CC,0.013617612203152238,0.013937231118238686,0.00031961891508644827,332,True
CS2_36,cycle_position,Mid-life,8,Group_CV,0.013617612203152238,0.013710099344863134,9.248714171089696e-05,332,True
CS2_36,cycle_position,Mid-life,8,Group_EnergyEfficiency,0.013617612203152238,0.013799391841878719,0.0001817796387264814,332,True
CS2_36,cycle_position,Mid-life,8,Group_DischargeIC,0.013617612203152238,0.013685255001600642,6.764279844840432e-05,332,True
CS2_36,cycle_position,Late-life,8,Group_CC,0.02332953432538055,0.024729329258229987,0.001399794932849436,301,True
CS2_36,cycle_position,Late-life,8,Group_CV,0.02332953432538055,0.022710069385848387,-0.000619464939532164,301,True
CS2_36,cycle_position,Late-life,8,Group_EnergyEfficiency,0.02332953432538055,0.023597048788818804,0.000267514463438253,301,True
CS2_36,cycle_position,Late-life,8,Group_DischargeIC,0.02332953432538055,0.023263721451809643,-6.581287357090848e-05,301,True
CS2_37,soh_level,Early,8,Group_CC,0.01454897363467657,0.015078802929763456,0.0005298292950868862,560,True
CS2_37,soh_level,Early,8,Group_CV,0.01454897363467657,0.014647060302538423,9.808666786185333e-05,560,True
CS2_37,soh_level,Early,8,Group_EnergyEfficiency,0.01454897363467657,0.014848755530009911,0.00029978189533334115,560,True
CS2_37,soh_level,Early,8,Group_DischargeIC,0.01454897363467657,0.014528317091716805,-2.0656542959764795e-05,560,True
CS2_37,soh_level,Middle,8,Group_CC,0.014513519769637266,0.015515616615717327,0.0010020968460800611,283,True
CS2_37,soh_level,Middle,8,Group_CV,0.014513519769637266,0.014413676182750605,-9.98435868866613e-05,283,True
CS2_37,soh_level,Middle,8,Group_EnergyEfficiency,0.014513519769637266,0.014877725965220847,0.0003642061955835812,283,True
CS2_37,soh_level,Middle,8,Group_DischargeIC,0.014513519769637266,0.014601495876456965,8.797610681969895e-05,283,True
CS2_37,soh_level,Late,8,Group_CC,0.021032366000727772,0.02135825770846447,0.0003258917077366974,151,True
CS2_37,soh_level,Late,8,Group_CV,0.021032366000727772,0.020875367435834825,-0.00015699856489294686,151,True
CS2_37,soh_level,Late,8,Group_EnergyEfficiency,0.021032366000727772,0.02087658671739728,-0.00015577928333049273,151,True
CS2_37,soh_level,Late,8,Group_DischargeIC,0.021032366000727772,0.02105254726180455,2.018126107677931e-05,151,True
CS2_37,degradation_dynamics,Slow,8,Group_CC,0.018996327159426746,0.019523428942623346,0.0005271017831965999,231,True
CS2_37,degradation_dynamics,Slow,8,Group_CV,0.018996327159426746,0.01905510563920417,5.8778479777425036e-05,231,True
CS2_37,degradation_dynamics,Slow,8,Group_EnergyEfficiency,0.018996327159426746,0.019163687376729632,0.00016736021730288583,231,True
CS2_37,degradation_dynamics,Slow,8,Group_DischargeIC,0.018996327159426746,0.018695783501084976,-0.0003005436583417703,231,True
CS2_37,degradation_dynamics,Medium,8,Group_CC,0.012000126111662285,0.012189004079249778,0.00018887796758749326,284,True
CS2_37,degradation_dynamics,Medium,8,Group_CV,0.012000126111662285,0.011945534500818084,-5.459161084420128e-05,284,True
CS2_37,degradation_dynamics,Medium,8,Group_EnergyEfficiency,0.012000126111662285,0.012007780203262047,7.654091599761798e-06,284,True
CS2_37,degradation_dynamics,Medium,8,Group_DischargeIC,0.012000126111662285,0.011973494541815689,-2.6631569846596176e-05,284,True
CS2_37,degradation_dynamics,Fast,8,Group_CC,0.014723000536122981,0.01528501711207176,0.0005620165759487785,313,True
CS2_37,degradation_dynamics,Fast,8,Group_CV,0.014723000536122981,0.014562833255562404,-0.0001601672805605775,313,True
CS2_37,degradation_dynamics,Fast,8,Group_EnergyEfficiency,0.014723000536122981,0.014907020502433348,0.00018401996631036734,313,True
CS2_37,degradation_dynamics,Fast,8,Group_DischargeIC,0.014723000536122981,0.014668720781463931,-5.427975465904962e-05,313,True
CS2_37,cycle_position,Early-life,8,Group_CC,0.018540963980143127,0.019522888703018288,0.0009819247228751611,301,True
CS2_37,cycle_position,Early-life,8,Group_CV,0.018540963980143127,0.018717851413434718,0.00017688743329159068,301,True
CS2_37,cycle_position,Early-life,8,Group_EnergyEfficiency,0.018540963980143127,0.01886417218514141,0.00032320820499828415,301,True
CS2_37,cycle_position,Early-life,8,Group_DischargeIC,0.018540963980143127,0.018051817639429042,-0.0004891463407140847,301,True
CS2_37,cycle_position,Mid-life,8,Group_CC,0.010182431541249889,0.010398077636012512,0.000215646094762623,331,True
CS2_37,cycle_position,Mid-life,8,Group_CV,0.010182431541249889,0.01009776244651496,-8.466909473492899e-05,331,True
CS2_37,cycle_position,Mid-life,8,Group_EnergyEfficiency,0.010182431541249889,0.010495217592206714,0.0003127860509568245,331,True
CS2_37,cycle_position,Mid-life,8,Group_DischargeIC,0.010182431541249889,0.010679693246190261,0.0004972617049403723,331,True
CS2_37,cycle_position,Late-life,8,Group_CC,0.01817392971883473,0.01896995261438122,0.0007960228955464915,367,True
CS2_37,cycle_position,Late-life,8,Group_CV,0.01817392971883473,0.018004056415189335,-0.0001698733036453945,367,True
CS2_37,cycle_position,Late-life,8,Group_EnergyEfficiency,0.01817392971883473,0.018274452549136577,0.00010052283030184683,367,True
CS2_37,cycle_position,Late-life,8,Group_DischargeIC,0.01817392971883473,0.018148590423073877,-2.533929576085253e-05,367,True
CS2_38,soh_level,Early,8,Group_CC,0.01480459900040482,0.015583266830929594,0.0007786678305247742,597,True
CS2_38,soh_level,Early,8,Group_CV,0.01480459900040482,0.015055171807085047,0.0002505728066802271,597,True
CS2_38,soh_level,Early,8,Group_EnergyEfficiency,0.01480459900040482,0.015203691541180916,0.000399092540776096,597,True
CS2_38,soh_level,Early,8,Group_DischargeIC,0.01480459900040482,0.015159424804543286,0.00035482580413846547,597,True
CS2_38,soh_level,Middle,8,Group_CC,0.017835084608586495,0.018633438255332344,0.0007983536467458495,277,True
CS2_38,soh_level,Middle,8,Group_CV,0.017835084608586495,0.017884996725002798,4.991211641630286e-05,277,True
CS2_38,soh_level,Middle,8,Group_EnergyEfficiency,0.017835084608586495,0.01815243326930424,0.0003173486607177464,277,True
CS2_38,soh_level,Middle,8,Group_DischargeIC,0.017835084608586495,0.017990003340485526,0.00015491873189903138,277,True
CS2_38,soh_level,Late,8,Group_CC,0.014412613441436892,0.015014710785905192,0.0006020973444683005,111,True
CS2_38,soh_level,Late,8,Group_CV,0.014412613441436892,0.01450649699533141,9.388355389451826e-05,111,True
CS2_38,soh_level,Late,8,Group_EnergyEfficiency,0.014412613441436892,0.014447353667757288,3.474022632039657e-05,111,True
CS2_38,soh_level,Late,8,Group_DischargeIC,0.014412613441436892,0.014654153809441075,0.00024154036800418284,111,True
CS2_38,degradation_dynamics,Slow,8,Group_CC,0.017181262807108393,0.017827261839173398,0.0006459990320650047,290,True
CS2_38,degradation_dynamics,Slow,8,Group_CV,0.017181262807108393,0.01741037634156679,0.00022911353445839722,290,True
CS2_38,degradation_dynamics,Slow,8,Group_EnergyEfficiency,0.017181262807108393,0.017412866380051174,0.0002316035729427804,290,True
CS2_38,degradation_dynamics,Slow,8,Group_DischargeIC,0.017181262807108393,0.017542155419613074,0.00036089261250468047,290,True
CS2_38,degradation_dynamics,Medium,8,Group_CC,0.012479308639945935,0.013019072310450214,0.0005397636705042792,265,True
CS2_38,degradation_dynamics,Medium,8,Group_CV,0.012479308639945935,0.012571873563628377,9.256492368244287e-05,265,True
CS2_38,degradation_dynamics,Medium,8,Group_EnergyEfficiency,0.012479308639945935,0.012624037209269186,0.00014472856932325195,265,True
CS2_38,degradation_dynamics,Medium,8,Group_DischargeIC,0.012479308639945935,0.012679590779274658,0.00020028213932872345,265,True
CS2_38,degradation_dynamics,Fast,8,Group_CC,0.017609749093869687,0.01826849104222503,0.0006587419483553431,295,True
CS2_38,degradation_dynamics,Fast,8,Group_CV,0.017609749093869687,0.01781256580499873,0.00020281671112904257,295,True
CS2_38,degradation_dynamics,Fast,8,Group_EnergyEfficiency,0.017609749093869687,0.017922917277394042,0.0003131681835243545,295,True
CS2_38,degradation_dynamics,Fast,8,Group_DischargeIC,0.017609749093869687,0.017471459144073657,-0.0001382899497960298,295,True
CS2_38,cycle_position,Early-life,8,Group_CC,0.018894004334851316,0.01998503507533471,0.0010910307404833931,301,True
CS2_38,cycle_position,Early-life,8,Group_CV,0.018894004334851316,0.01928700023619697,0.0003929959013456545,301,True
CS2_38,cycle_position,Early-life,8,Group_EnergyEfficiency,0.018894004334851316,0.019288245506445027,0.0003942411715937115,301,True
CS2_38,cycle_position,Early-life,8,Group_DischargeIC,0.018894004334851316,0.018638435175411642,-0.0002555691594396739,301,True
CS2_38,cycle_position,Mid-life,8,Group_CC,0.011407853423726185,0.011938752215394356,0.0005308987916681704,331,True
CS2_38,cycle_position,Mid-life,8,Group_CV,0.011407853423726185,0.011538265676266956,0.00013041225254077117,331,True
CS2_38,cycle_position,Mid-life,8,Group_EnergyEfficiency,0.011407853423726185,0.01185138514753766,0.0004435317238114748,331,True
CS2_38,cycle_position,Mid-life,8,Group_DischargeIC,0.011407853423726185,0.01219732113499013,0.0007894677112639456,331,True
CS2_38,cycle_position,Late-life,8,Group_CC,0.016725492342395877,0.01751004435968961,0.0007845520172937333,357,True
CS2_38,cycle_position,Late-life,8,Group_CV,0.016725492342395877,0.016743591709794062,1.809936739818538e-05,357,True
CS2_38,cycle_position,Late-life,8,Group_EnergyEfficiency,0.016725492342395877,0.016952681581623982,0.00022718923922810524,357,True
CS2_38,cycle_position,Late-life,8,Group_DischargeIC,0.016725492342395877,0.01696187475426948,0.00023638241187360146,357,True
CS2_35,soh_level,Early,12,Group_CC,0.013652373276655314,0.013668574150253264,1.6200873597950124e-05,541,True
CS2_35,soh_level,Early,12,Group_CV,0.013652373276655314,0.013702687980575064,5.0314703919749834e-05,541,True
CS2_35,soh_level,Early,12,Group_EnergyEfficiency,0.013652373276655314,0.013698250538243403,4.5877261588089455e-05,541,True
CS2_35,soh_level,Early,12,Group_DischargeIC,0.013652373276655314,0.01411417635485674,0.00046180307820142645,541,True
CS2_35,soh_level,Middle,12,Group_CC,0.01859948473624821,0.01973817084933187,0.0011386861130836604,230,True
CS2_35,soh_level,Middle,12,Group_CV,0.01859948473624821,0.018897250115270738,0.0002977653790225271,230,True
CS2_35,soh_level,Middle,12,Group_EnergyEfficiency,0.01859948473624821,0.019199810098733516,0.0006003253624853044,230,True
CS2_35,soh_level,Middle,12,Group_DischargeIC,0.01859948473624821,0.018713019199759023,0.00011353446351081153,230,True
CS2_35,soh_level,Late,12,Group_CC,0.03349289509814281,0.035946351379670075,0.0024534562815272665,64,True
CS2_35,soh_level,Late,12,Group_CV,0.03349289509814281,0.03376743640356655,0.000274541305423745,64,True
CS2_35,soh_level,Late,12,Group_EnergyEfficiency,0.03349289509814281,0.034456395880931995,0.0009635007827891867,64,True
CS2_35,soh_level,Late,12,Group_DischargeIC,0.03349289509814281,0.034487238031251324,0.0009943429331085163,64,True
CS2_35,degradation_dynamics,Slow,12,Group_CC,0.015987551902165834,0.01638160806283914,0.0003940561606733048,265,True
CS2_35,degradation_dynamics,Slow,12,Group_CV,0.015987551902165834,0.015975990356515875,-1.1561545649959454e-05,265,True
CS2_35,degradation_dynamics,Slow,12,Group_EnergyEfficiency,0.015987551902165834,0.016092342956291295,0.00010479105412546097,265,True
CS2_35,degradation_dynamics,Slow,12,Group_DischargeIC,0.015987551902165834,0.016198567782250265,0.00021101588008443084,265,True
CS2_35,degradation_dynamics,Medium,12,Group_CC,0.01208720876928306,0.01228768256384987,0.00020047379456681128,214,True
CS2_35,degradation_dynamics,Medium,12,Group_CV,0.01208720876928306,0.01225664783093109,0.00016943906164803083,214,True
CS2_35,degradation_dynamics,Medium,12,Group_EnergyEfficiency,0.01208720876928306,0.012092102480280822,4.893710997763007e-06,214,True
CS2_35,degradation_dynamics,Medium,12,Group_DischargeIC,0.01208720876928306,0.013000747400002155,0.0009135386307190952,214,True
CS2_35,degradation_dynamics,Fast,12,Group_CC,0.015794186145329275,0.016392690852548426,0.000598504707219151,221,True
CS2_35,degradation_dynamics,Fast,12,Group_CV,0.015794186145329275,0.016090656100113482,0.00029646995478420715,221,True
CS2_35,degradation_dynamics,Fast,12,Group_EnergyEfficiency,0.015794186145329275,0.016208808783433247,0.00041462263810397235,221,True
CS2_35,degradation_dynamics,Fast,12,Group_DischargeIC,0.015794186145329275,0.015801402397473407,7.216252144132823e-06,221,True
CS2_35,cycle_position,Early-life,12,Group_CC,0.016712071147749894,0.016386054966998246,-0.0003260161807516482,301,True
CS2_35,cycle_position,Early-life,12,Group_CV,0.016712071147749894,0.016667119733302708,-4.495141444718631e-05,301,True
CS2_35,cycle_position,Early-life,12,Group_EnergyEfficiency,0.016712071147749894,0.016497685578691395,-0.0002143855690584992,301,True
CS2_35,cycle_position,Early-life,12,Group_DischargeIC,0.016712071147749894,0.01677508106926904,6.3009921519145e-05,301,True
CS2_35,cycle_position,Mid-life,12,Group_CC,0.0137482330652833,0.013908125103175035,0.0001598920378917349,331,True
CS2_35,cycle_position,Mid-life,12,Group_CV,0.0137482330652833,0.013997142196920102,0.00024890913163680244,331,True
CS2_35,cycle_position,Mid-life,12,Group_EnergyEfficiency,0.0137482330652833,0.013926422283883756,0.00017818921860045592,331,True
CS2_35,cycle_position,Mid-life,12,Group_DischargeIC,0.0137482330652833,0.014531424324676172,0.0007831912593928726,331,True
CS2_35,cycle_position,Late-life,12,Group_CC,0.02199474644832519,0.02342587410942481,0.0014311276610996203,207,True
CS2_35,cycle_position,Late-life,12,Group_CV,0.02199474644832519,0.0223245828620059,0.00032983641368071123,207,True
CS2_35,cycle_position,Late-life,12,Group_EnergyEfficiency,0.02199474644832519,0.022599312236508427,0.0006045657881832388,207,True
CS2_35,cycle_position,Late-life,12,Group_DischargeIC,0.02199474644832519,0.022299080587558848,0.0003043341392336592,207,True
CS2_36,soh_level,Early,12,Group_CC,0.01744390811463568,0.01791718237323816,0.00047327425860247893,495,True
CS2_36,soh_level,Early,12,Group_CV,0.01744390811463568,0.017451462622079,7.554507443319897e-06,495,True
CS2_36,soh_level,Early,12,Group_EnergyEfficiency,0.01744390811463568,0.017856413717034465,0.00041250560239878414,495,True
CS2_36,soh_level,Early,12,Group_DischargeIC,0.01744390811463568,0.01776787645644753,0.0003239683418118505,495,True
CS2_36,soh_level,Middle,12,Group_CC,0.02297967899090092,0.023997732737697865,0.0010180537467969451,261,True
CS2_36,soh_level,Middle,12,Group_CV,0.02297967899090092,0.02352387167519117,0.0005441926842902484,261,True
CS2_36,soh_level,Middle,12,Group_EnergyEfficiency,0.02297967899090092,0.023393830213447788,0.00041415122254686784,261,True
CS2_36,soh_level,Middle,12,Group_DischargeIC,0.02297967899090092,0.02290643794148357,-7.324104941735035e-05,261,True
CS2_36,soh_level,Late,12,Group_CC,0.02458104293736713,0.02503248148934378,0.00045143855197665034,171,True
CS2_36,soh_level,Late,12,Group_CV,0.02458104293736713,0.02443713624651382,-0.0001439066908533078,171,True
CS2_36,soh_level,Late,12,Group_EnergyEfficiency,0.02458104293736713,0.024485105025093445,-9.593791227368448e-05,171,True
CS2_36,soh_level,Late,12,Group_DischargeIC,0.02458104293736713,0.025063997364694245,0.0004829544273271154,171,True
CS2_36,degradation_dynamics,Slow,12,Group_CC,0.0140931704477054,0.01474365828696131,0.0006504878392559112,244,True
CS2_36,degradation_dynamics,Slow,12,Group_CV,0.0140931704477054,0.014292544747326883,0.0001993742996214843,244,True
CS2_36,degradation_dynamics,Slow,12,Group_EnergyEfficiency,0.0140931704477054,0.014317279841979924,0.0002241093942745246,244,True
CS2_36,degradation_dynamics,Slow,12,Group_DischargeIC,0.0140931704477054,0.013494108619599203,-0.0005990618281061962,244,True
CS2_36,degradation_dynamics,Medium,12,Group_CC,0.021497688119043474,0.0219578245044593,0.0004601363854158276,224,True
CS2_36,degradation_dynamics,Medium,12,Group_CV,0.021497688119043474,0.021659221441193702,0.00016153332215022853,224,True
CS2_36,degradation_dynamics,Medium,12,Group_EnergyEfficiency,0.021497688119043474,0.021643573562062462,0.00014588544301898793,224,True
CS2_36,degradation_dynamics,Medium,12,Group_DischargeIC,0.021497688119043474,0.022160026351318782,0.0006623382322753085,224,True
CS2_36,degradation_dynamics,Fast,12,Group_CC,0.023367350648070155,0.023880281097721754,0.0005129304496515989,355,True
CS2_36,degradation_dynamics,Fast,12,Group_CV,0.023367350648070155,0.023607523350936247,0.00024017270286609202,355,True
CS2_36,degradation_dynamics,Fast,12,Group_EnergyEfficiency,0.023367350648070155,0.023719442795430076,0.00035209214735992117,355,True
CS2_36,degradation_dynamics,Fast,12,Group_DischargeIC,0.023367350648070155,0.02366018775099332,0.0002928371029231637,355,True
CS2_36,cycle_position,Early-life,12,Group_CC,0.021513400838901946,0.022174246686736947,0.0006608458478350003,301,True
CS2_36,cycle_position,Early-life,12,Group_CV,0.021513400838901946,0.021471682835969893,-4.171800293205352e-05,301,True
CS2_36,cycle_position,Early-life,12,Group_EnergyEfficiency,0.021513400838901946,0.022023159302576163,0.0005097584636742161,301,True
CS2_36,cycle_position,Early-life,12,Group_DischargeIC,0.021513400838901946,0.021736516027463508,0.00022311518856156162,301,True
CS2_36,cycle_position,Mid-life,12,Group_CC,0.014192633068536874,0.014181955416781333,-1.0677651755540765e-05,332,True
CS2_36,cycle_position,Mid-life,12,Group_CV,0.014192633068536874,0.014571989913256879,0.00037935684472000485,332,True
CS2_36,cycle_position,Mid-life,12,Group_EnergyEfficiency,0.014192633068536874,0.014192965669937605,3.3260140073175515e-07,332,True
CS2_36,cycle_position,Mid-life,12,Group_DischargeIC,0.014192633068536874,0.014475176185426339,0.0002825431168894648,332,True
CS2_36,cycle_position,Late-life,12,Group_CC,0.02659360307618615,0.027884506931986085,0.0012909038557999339,297,True
CS2_36,cycle_position,Late-life,12,Group_CV,0.02659360307618615,0.02662100858582468,2.7405509638527004e-05,297,True
CS2_36,cycle_position,Late-life,12,Group_EnergyEfficiency,0.02659360307618615,0.02706385054808824,0.0004702474719020869,297,True
CS2_36,cycle_position,Late-life,12,Group_DischargeIC,0.02659360307618615,0.02680305773720217,0.0002094546610160175,297,True
CS2_37,soh_level,Early,12,Group_CC,0.01579204594174598,0.01605165475017269,0.00025960880842670897,559,True
CS2_37,soh_level,Early,12,Group_CV,0.01579204594174598,0.015650218054576157,-0.00014182788716982433,559,True
CS2_37,soh_level,Early,12,Group_EnergyEfficiency,0.01579204594174598,0.015910721891043533,0.0001186759492975524,559,True
CS2_37,soh_level,Early,12,Group_DischargeIC,0.01579204594174598,0.015651206048121567,-0.0001408398936244143,559,True
CS2_37,soh_level,Middle,12,Group_CC,0.0163829253280885,0.017151641664204784,0.0007687163361162833,284,True
CS2_37,soh_level,Middle,12,Group_CV,0.0163829253280885,0.016508745712411958,0.00012582038432345719,284,True
CS2_37,soh_level,Middle,12,Group_EnergyEfficiency,0.0163829253280885,0.01675912255593643,0.00037619722784792975,284,True
CS2_37,soh_level,Middle,12,Group_DischargeIC,0.0163829253280885,0.01608230192062543,-0.0003006234074630701,284,True
CS2_37,soh_level,Late,12,Group_CC,0.024302887735409402,0.024884006394281486,0.0005811186588720839,147,True
CS2_37,soh_level,Late,12,Group_CV,0.024302887735409402,0.024117315968526967,-0.00018557176688243499,147,True
CS2_37,soh_level,Late,12,Group_EnergyEfficiency,0.024302887735409402,0.024525641740071682,0.0002227540046622796,147,True
CS2_37,soh_level,Late,12,Group_DischargeIC,0.024302887735409402,0.02471585462834403,0.00041296689293462627,147,True
CS2_37,degradation_dynamics,Slow,12,Group_CC,0.015635695880214736,0.015918403154227104,0.00028270727401236845,231,True
CS2_37,degradation_dynamics,Slow,12,Group_CV,0.015635695880214736,0.015397209228036102,-0.00023848665217863357,231,True
CS2_37,degradation_dynamics,Slow,12,Group_EnergyEfficiency,0.015635695880214736,0.015868106237350407,0.0002324103571356706,231,True
CS2_37,degradation_dynamics,Slow,12,Group_DischargeIC,0.015635695880214736,0.01349865909307954,-0.0021370367871351957,231,True
CS2_37,degradation_dynamics,Medium,12,Group_CC,0.013546812240538976,0.01363516033213316,8.834809159418387e-05,278,True
CS2_37,degradation_dynamics,Medium,12,Group_CV,0.013546812240538976,0.01351635081983322,-3.046142070575568e-05,278,True
CS2_37,degradation_dynamics,Medium,12,Group_EnergyEfficiency,0.013546812240538976,0.013489878338822182,-5.693390171679358e-05,278,True
CS2_37,degradation_dynamics,Medium,12,Group_DischargeIC,0.013546812240538976,0.0139363169401135,0.0003895046995745239,278,True
CS2_37,degradation_dynamics,Fast,12,Group_CC,0.02041774693456925,0.02079002430423358,0.0003722773696643311,315,True
CS2_37,degradation_dynamics,Fast,12,Group_CV,0.02041774693456925,0.020569582874517878,0.00015183593994862882,315,True
CS2_37,degradation_dynamics,Fast,12,Group_EnergyEfficiency,0.02041774693456925,0.02054752633340373,0.0001297793988344828,315,True
CS2_37,degradation_dynamics,Fast,12,Group_DischargeIC,0.02041774693456925,0.02062708148134013,0.00020933454677088056,315,True
CS2_37,cycle_position,Early-life,12,Group_CC,0.020371889111368665,0.020960324521646152,0.0005884354102774873,301,True
CS2_37,cycle_position,Early-life,12,Group_CV,0.020371889111368665,0.020177383552961208,-0.00019450555840745676,301,True
CS2_37,cycle_position,Early-life,12,Group_EnergyEfficiency,0.020371889111368665,0.020598314905963047,0.0002264257945943822,301,True
CS2_37,cycle_position,Early-life,12,Group_DischargeIC,0.020371889111368665,0.019397142839131583,-0.0009747462722370821,301,True
CS2_37,cycle_position,Mid-life,12,Group_CC,0.010955848291988476,0.010867099097197906,-8.87491947905699e-05,331,True
CS2_37,cycle_position,Mid-life,12,Group_CV,0.010955848291988476,0.010949169658475524,-6.678633512951712e-06,331,True
CS2_37,cycle_position,Mid-life,12,Group_EnergyEfficiency,0.010955848291988476,0.01095614382128796,2.9552929948356566e-07,331,True
CS2_37,cycle_position,Mid-life,12,Group_DischargeIC,0.010955848291988476,0.011515889193529978,0.0005600409015415024,331,True
CS2_37,cycle_position,Late-life,12,Group_CC,0.02066937933582848,0.021604851374609907,0.0009354720387814257,363,True
CS2_37,cycle_position,Late-life,12,Group_CV,0.02066937933582848,0.020720095175138693,5.07158393102114e-05,363,True
CS2_37,cycle_position,Late-life,12,Group_EnergyEfficiency,0.02066937933582848,0.021083690255013277,0.0004143109191847953,363,True
CS2_37,cycle_position,Late-life,12,Group_DischargeIC,0.02066937933582848,0.020687987149511512,1.860781368303102e-05,363,True
CS2_38,soh_level,Early,12,Group_CC,0.015794839985384067,0.016654195080322728,0.0008593550949386602,597,True
CS2_38,soh_level,Early,12,Group_CV,0.015794839985384067,0.015386685574734906,-0.00040815441064916136,597,True
CS2_38,soh_level,Early,12,Group_EnergyEfficiency,0.015794839985384067,0.016280164538587705,0.00048532455320363793,597,True
CS2_38,soh_level,Early,12,Group_DischargeIC,0.015794839985384067,0.016763796508543944,0.0009689565231598765,597,True
CS2_38,soh_level,Middle,12,Group_CC,0.020326285310600246,0.021048129182757155,0.000721843872156909,277,True
CS2_38,soh_level,Middle,12,Group_CV,0.020326285310600246,0.02046331649603264,0.0001370311854323944,277,True
CS2_38,soh_level,Middle,12,Group_EnergyEfficiency,0.020326285310600246,0.020783994211749736,0.0004577089011494895,277,True
CS2_38,soh_level,Middle,12,Group_DischargeIC,0.020326285310600246,0.020331072049980352,4.7867393801054314e-06,277,True
CS2_38,soh_level,Late,12,Group_CC,0.014969707137815466,0.015964565538540955,0.0009948584007254888,107,True
CS2_38,soh_level,Late,12,Group_CV,0.014969707137815466,0.01471607926276938,-0.000253627875046087,107,True
CS2_38,soh_level,Late,12,Group_EnergyEfficiency,0.014969707137815466,0.015327996330410959,0.00035828919259549286,107,True
CS2_38,soh_level,Late,12,Group_DischargeIC,0.014969707137815466,0.014623441890548356,-0.0003462652472671097,107,True
CS2_38,degradation_dynamics,Slow,12,Group_CC,0.018490472938857822,0.019243267353317686,0.0007527944144598633,289,True
CS2_38,degradation_dynamics,Slow,12,Group_CV,0.018490472938857822,0.018053642270484505,-0.00043683066837331766,289,True
CS2_38,degradation_dynamics,Slow,12,Group_EnergyEfficiency,0.018490472938857822,0.018943248889211187,0.00045277595035336446,289,True
CS2_38,degradation_dynamics,Slow,12,Group_DischargeIC,0.018490472938857822,0.01865060927692074,0.00016013633806291616,289,True
CS2_38,degradation_dynamics,Medium,12,Group_CC,0.016448664937880532,0.016953157529004045,0.0005044925911235135,264,True
CS2_38,degradation_dynamics,Medium,12,Group_CV,0.016448664937880532,0.016362652237912004,-8.601269996852748e-05,264,True
CS2_38,degradation_dynamics,Medium,12,Group_EnergyEfficiency,0.016448664937880532,0.01660834079648784,0.00015967585860730826,264,True
CS2_38,degradation_dynamics,Medium,12,Group_DischargeIC,0.016448664937880532,0.017350453941695647,0.000901789003815115,264,True
CS2_38,degradation_dynamics,Fast,12,Group_CC,0.01714229173797301,0.01794379108716845,0.0008014993491954406,293,True
CS2_38,degradation_dynamics,Fast,12,Group_CV,0.01714229173797301,0.01703593488015561,-0.00010635685781739887,293,True
CS2_38,degradation_dynamics,Fast,12,Group_EnergyEfficiency,0.01714229173797301,0.017692673564071722,0.0005503818260987128,293,True
CS2_38,degradation_dynamics,Fast,12,Group_DischargeIC,0.01714229173797301,0.01687349243754575,-0.0002687993004272596,293,True
CS2_38,cycle_position,Early-life,12,Group_CC,0.01995060591991505,0.021060482295735917,0.0011098763758208667,301,True
CS2_38,cycle_position,Early-life,12,Group_CV,0.01995060591991505,0.01934079711710877,-0.0006098088028062797,301,True
CS2_38,cycle_position,Early-life,12,Group_EnergyEfficiency,0.01995060591991505,0.02054904332876746,0.0005984374088524105,301,True
CS2_38,cycle_position,Early-life,12,Group_DischargeIC,0.01995060591991505,0.02035433265280333,0.0004037267328882814,301,True
CS2_38,cycle_position,Mid-life,12,Group_CC,0.0129643916748591,0.013688609484506732,0.0007242178096476329,331,True
CS2_38,cycle_position,Mid-life,12,Group_CV,0.0129643916748591,0.012564804368479688,-0.0003995873063794113,331,True
CS2_38,cycle_position,Mid-life,12,Group_EnergyEfficiency,0.0129643916748591,0.013459623313823934,0.0004952316389648347,331,True
CS2_38,cycle_position,Mid-life,12,Group_DischargeIC,0.0129643916748591,0.014336865729642783,0.001372474054783683,331,True
CS2_38,cycle_position,Late-life,12,Group_CC,0.018334965953542552,0.019136479119267698,0.0008015131657251456,353,True
CS2_38,cycle_position,Late-life,12,Group_CV,0.018334965953542552,0.01843126706167081,9.630110812825637e-05,353,True
CS2_38,cycle_position,Late-life,12,Group_EnergyEfficiency,0.018334965953542552,0.01873222852113604,0.0003972625675934885,353,True
CS2_38,cycle_position,Late-life,12,Group_DischargeIC,0.018334965953542552,0.018231755042498847,-0.00010321091104370517,353,True
CS2_35,soh_level,Early,16,Group_CC,0.014311046952193873,0.014266982153459198,-4.406479873467553e-05,541,True
CS2_35,soh_level,Early,16,Group_CV,0.014311046952193873,0.014307527226514462,-3.519725679411098e-06,541,True
CS2_35,soh_level,Early,16,Group_EnergyEfficiency,0.014311046952193873,0.01427615719936613,-3.488975282774261e-05,541,True
CS2_35,soh_level,Early,16,Group_DischargeIC,0.014311046952193873,0.015018713020239965,0.0007076660680460922,541,True
CS2_35,soh_level,Middle,16,Group_CC,0.020038273409265082,0.020961010223544286,0.0009227368142792035,230,True
CS2_35,soh_level,Middle,16,Group_CV,0.020038273409265082,0.019950541771633024,-8.773163763205888e-05,230,True
CS2_35,soh_level,Middle,16,Group_EnergyEfficiency,0.020038273409265082,0.02058723293201964,0.0005489595227545566,230,True
CS2_35,soh_level,Middle,16,Group_DischargeIC,0.020038273409265082,0.0201126333891234,7.435997985831902e-05,230,True
CS2_35,soh_level,Late,16,Group_CC,0.04043332445304348,0.04217362682510572,0.0017403023720622413,60,True
CS2_35,soh_level,Late,16,Group_CV,0.04043332445304348,0.04044158402811504,8.25957507156333e-06,60,True
CS2_35,soh_level,Late,16,Group_EnergyEfficiency,0.04043332445304348,0.041162185895099374,0.0007288614420558961,60,True
CS2_35,soh_level,Late,16,Group_DischargeIC,0.04043332445304348,0.04132435720203087,0.0008910327489873929,60,True
CS2_35,degradation_dynamics,Slow,16,Group_CC,0.016724388484124112,0.017143251460105455,0.00041886297598134337,264,True
CS2_35,degradation_dynamics,Slow,16,Group_CV,0.016724388484124112,0.016730352169101233,5.963684977121353e-06,264,True
CS2_35,degradation_dynamics,Slow,16,Group_EnergyEfficiency,0.016724388484124112,0.016875543237944688,0.00015115475382057597,264,True
CS2_35,degradation_dynamics,Slow,16,Group_DischargeIC,0.016724388484124112,0.01721499417099182,0.0004906056868677067,264,True
CS2_35,degradation_dynamics,Medium,16,Group_CC,0.014490114686234196,0.014697996504075323,0.00020788181784112646,213,True
CS2_35,degradation_dynamics,Medium,16,Group_CV,0.014490114686234196,0.014455451732405122,-3.466295382907429e-05,213,True
CS2_35,degradation_dynamics,Medium,16,Group_EnergyEfficiency,0.014490114686234196,0.014527204492562208,3.708980632801187e-05,213,True
CS2_35,degradation_dynamics,Medium,16,Group_DischargeIC,0.014490114686234196,0.015511386919011945,0.0010212722327777486,213,True
CS2_35,degradation_dynamics,Fast,16,Group_CC,0.01608183686148326,0.01631194788575573,0.00023011102427247104,219,True
CS2_35,degradation_dynamics,Fast,16,Group_CV,0.01608183686148326,0.016021180140270538,-6.06567212127207e-05,219,True
CS2_35,degradation_dynamics,Fast,16,Group_EnergyEfficiency,0.01608183686148326,0.016259666343570962,0.00017782948208770397,219,True
CS2_35,degradation_dynamics,Fast,16,Group_DischargeIC,0.01608183686148326,0.016295149270787027,0.00021331240930376819,219,True
CS2_35,cycle_position,Early-life,16,Group_CC,0.01728505035474781,0.016912301996536767,-0.0003727483582110433,301,True
CS2_35,cycle_position,Early-life,16,Group_CV,0.01728505035474781,0.017299942203007776,1.4891848259965257e-05,301,True
CS2_35,cycle_position,Early-life,16,Group_EnergyEfficiency,0.01728505035474781,0.017054237397018026,-0.00023081295772978475,301,True
CS2_35,cycle_position,Early-life,16,Group_DischargeIC,0.01728505035474781,0.017393545056125434,0.00010849470137762329,301,True
CS2_35,cycle_position,Mid-life,16,Group_CC,0.01547444440854299,0.015624858985453377,0.00015041457691038727,331,True
CS2_35,cycle_position,Mid-life,16,Group_CV,0.01547444440854299,0.015439646633606344,-3.479777493664571e-05,331,True
CS2_35,cycle_position,Mid-life,16,Group_EnergyEfficiency,0.01547444440854299,0.015560258933246918,8.58145247039279e-05,331,True
CS2_35,cycle_position,Mid-life,16,Group_DischargeIC,0.01547444440854299,0.01666357380953183,0.0011891294009888417,331,True
CS2_35,cycle_position,Late-life,16,Group_CC,0.02352178501414671,0.024573028013876057,0.0010512429997293453,203,True
CS2_35,cycle_position,Late-life,16,Group_CV,0.02352178501414671,0.02344952080410974,-7.226421003697289e-05,203,True
CS2_35,cycle_position,Late-life,16,Group_EnergyEfficiency,0.02352178501414671,0.024045898430629337,0.0005241134164826258,203,True
CS2_35,cycle_position,Late-life,16,Group_DischargeIC,0.02352178501414671,0.023671852186960645,0.00015006717281393356,203,True
CS2_36,soh_level,Early,16,Group_CC,0.017602322543637937,0.018036366325340947,0.0004340437817030099,495,True
CS2_36,soh_level,Early,16,Group_CV,0.017602322543637937,0.01758409297987121,-1.8229563766725826e-05,495,True
CS2_36,soh_level,Early,16,Group_EnergyEfficiency,0.017602322543637937,0.01798490975195151,0.00038258720831357146,495,True
CS2_36,soh_level,Early,16,Group_DischargeIC,0.017602322543637937,0.017960414959054406,0.0003580924154164694,495,True
CS2_36,soh_level,Middle,16,Group_CC,0.025064969474852115,0.02601803618826493,0.0009530667134128139,261,True
CS2_36,soh_level,Middle,16,Group_CV,0.025064969474852115,0.02542688002542022,0.000361910550568105,261,True
CS2_36,soh_level,Middle,16,Group_EnergyEfficiency,0.025064969474852115,0.025434725081178604,0.0003697556063264884,261,True
CS2_36,soh_level,Middle,16,Group_DischargeIC,0.025064969474852115,0.02480339883885219,-0.0002615706359999255,261,True
CS2_36,soh_level,Late,16,Group_CC,0.02820072024530456,0.028527308817091476,0.0003265885717869156,167,True
CS2_36,soh_level,Late,16,Group_CV,0.02820072024530456,0.028305364407113516,0.00010464416180895608,167,True
CS2_36,soh_level,Late,16,Group_EnergyEfficiency,0.02820072024530456,0.02811144655401733,-8.927369128722967e-05,167,True
CS2_36,soh_level,Late,16,Group_DischargeIC,0.02820072024530456,0.02865919455783616,0.0004584743125316017,167,True
CS2_36,degradation_dynamics,Slow,16,Group_CC,0.02026615359095978,0.020893745360770512,0.0006275917698107328,243,True
CS2_36,degradation_dynamics,Slow,16,Group_CV,0.02026615359095978,0.020381027754896964,0.00011487416393718419,243,True
CS2_36,degradation_dynamics,Slow,16,Group_EnergyEfficiency,0.02026615359095978,0.020469620269381195,0.00020346667842141564,243,True
CS2_36,degradation_dynamics,Slow,16,Group_DischargeIC,0.02026615359095978,0.01991580059194984,-0.00035035299900993896,243,True
CS2_36,degradation_dynamics,Medium,16,Group_CC,0.01806489181540611,0.018446706284801672,0.00038181446939556177,225,True
CS2_36,degradation_dynamics,Medium,16,Group_CV,0.01806489181540611,0.01822751409640388,0.00016262228099777135,225,True
CS2_36,degradation_dynamics,Medium,16,Group_EnergyEfficiency,0.01806489181540611,0.01817219613178557,0.00010730431637945986,225,True
CS2_36,degradation_dynamics,Medium,16,Group_DischargeIC,0.01806489181540611,0.018599316564183805,0.0005344247487776947,225,True
CS2_36,degradation_dynamics,Fast,16,Group_CC,0.024440152276495722,0.024963984742924987,0.0005238324664292651,351,True
CS2_36,degradation_dynamics,Fast,16,Group_CV,0.024440152276495722,0.02465600367065106,0.00021585139415533985,351,True
CS2_36,degradation_dynamics,Fast,16,Group_EnergyEfficiency,0.024440152276495722,0.02481393952499066,0.00037378724849493686,351,True
CS2_36,degradation_dynamics,Fast,16,Group_DischargeIC,0.024440152276495722,0.024658356571104597,0.0002182042946088751,351,True
CS2_36,cycle_position,Early-life,16,Group_CC,0.021625076092662458,0.02229388494657179,0.000668808853909332,301,True
CS2_36,cycle_position,Early-life,16,Group_CV,0.021625076092662458,0.021555739442135104,-6.933665052735391e-05,301,True
CS2_36,cycle_position,Early-life,16,Group_EnergyEfficiency,0.021625076092662458,0.022132980964721587,0.0005079048720591298,301,True
CS2_36,cycle_position,Early-life,16,Group_DischargeIC,0.021625076092662458,0.022014791797060514,0.00038971570439805606,301,True
CS2_36,cycle_position,Mid-life,16,Group_CC,0.014895610708019834,0.014912339863895898,1.6729155876063842e-05,332,True
CS2_36,cycle_position,Mid-life,16,Group_CV,0.014895610708019834,0.01520223373620574,0.00030662302818590566,332,True
CS2_36,cycle_position,Mid-life,16,Group_EnergyEfficiency,0.014895610708019834,0.014874287897206295,-2.132281081353854e-05,332,True
CS2_36,cycle_position,Mid-life,16,Group_DischargeIC,0.014895610708019834,0.014938547091423008,4.2936383403174155e-05,332,True
CS2_36,cycle_position,Late-life,16,Group_CC,0.02953608167716124,0.03051702761272019,0.0009809459355589502,293,True
CS2_36,cycle_position,Late-life,16,Group_CV,0.02953608167716124,0.029648325230819804,0.00011224355365856489,293,True
CS2_36,cycle_position,Late-life,16,Group_EnergyEfficiency,0.02953608167716124,0.02981505636013083,0.0002789746829695919,293,True
CS2_36,cycle_position,Late-life,16,Group_DischargeIC,0.02953608167716124,0.02972531436719862,0.00018923269003738238,293,True
CS2_37,soh_level,Early,16,Group_CC,0.016835713175075966,0.01717424155423825,0.00033852837916228257,559,True
CS2_37,soh_level,Early,16,Group_CV,0.016835713175075966,0.016787856313784582,-4.7856861291384334e-05,559,True
CS2_37,soh_level,Early,16,Group_EnergyEfficiency,0.016835713175075966,0.017025691212907902,0.00018997803783193587,559,True
CS2_37,soh_level,Early,16,Group_DischargeIC,0.016835713175075966,0.016368305349874025,-0.00046740782520194105,559,True
CS2_37,soh_level,Middle,16,Group_CC,0.01845284435514512,0.019241704361180736,0.0007888600060356153,284,True
CS2_37,soh_level,Middle,16,Group_CV,0.01845284435514512,0.018556922773079743,0.00010407841793462144,284,True
CS2_37,soh_level,Middle,16,Group_EnergyEfficiency,0.01845284435514512,0.018807409875293057,0.00035456552014793627,284,True
CS2_37,soh_level,Middle,16,Group_DischargeIC,0.01845284435514512,0.01774473624325393,-0.0007081081118911897,284,True
CS2_37,soh_level,Late,16,Group_CC,0.027658705287412346,0.027963270508175028,0.00030456522076268214,143,True
CS2_37,soh_level,Late,16,Group_CV,0.027658705287412346,0.02761307974258156,-4.562554483078518e-05,143,True
CS2_37,soh_level,Late,16,Group_EnergyEfficiency,0.027658705287412346,0.027740886119381417,8.218083196907117e-05,143,True
CS2_37,soh_level,Late,16,Group_DischargeIC,0.027658705287412346,0.02785997433770439,0.00020126905029204528,143,True
CS2_37,degradation_dynamics,Slow,16,Group_CC,0.01508215672904282,0.01557544055990197,0.0004932838308591495,231,True
CS2_37,degradation_dynamics,Slow,16,Group_CV,0.01508215672904282,0.014921629842888957,-0.0001605268861538632,231,True
CS2_37,degradation_dynamics,Slow,16,Group_EnergyEfficiency,0.01508215672904282,0.015413937512412396,0.0003317807833695761,231,True
CS2_37,degradation_dynamics,Slow,16,Group_DischargeIC,0.01508215672904282,0.013039717821537214,-0.002042438907505606,231,True
CS2_37,degradation_dynamics,Medium,16,Group_CC,0.015290672418686138,0.015404865365842606,0.00011419294715646865,278,True
CS2_37,degradation_dynamics,Medium,16,Group_CV,0.015290672418686138,0.015310486301646697,1.9813882960559304e-05,278,True
CS2_37,degradation_dynamics,Medium,16,Group_EnergyEfficiency,0.015290672418686138,0.015269664451279297,-2.100796740684037e-05,278,True
CS2_37,degradation_dynamics,Medium,16,Group_DischargeIC,0.015290672418686138,0.01526472633978918,-2.5946078896957325e-05,278,True
CS2_37,degradation_dynamics,Fast,16,Group_CC,0.023201127191832437,0.023550048249383206,0.00034892105755076827,311,True
CS2_37,degradation_dynamics,Fast,16,Group_CV,0.023201127191832437,0.023295864770419398,9.473757858696058e-05,311,True
CS2_37,degradation_dynamics,Fast,16,Group_EnergyEfficiency,0.023201127191832437,0.023285972294259927,8.484510242749016e-05,311,True
CS2_37,degradation_dynamics,Fast,16,Group_DischargeIC,0.023201127191832437,0.023127658274108197,-7.34689177242405e-05,311,True
CS2_37,cycle_position,Early-life,16,Group_CC,0.021296298012519102,0.022096925186371963,0.0008006271738528609,301,True
CS2_37,cycle_position,Early-life,16,Group_CV,0.021296298012519102,0.021114019673505378,-0.00018227833901372434,301,True
CS2_37,cycle_position,Early-life,16,Group_EnergyEfficiency,0.021296298012519102,0.021659778408799207,0.0003634803962801053,301,True
CS2_37,cycle_position,Early-life,16,Group_DischargeIC,0.021296298012519102,0.020123943630490828,-0.001172354382028274,301,True
CS2_37,cycle_position,Mid-life,16,Group_CC,0.012123140885046919,0.012002256626514041,-0.00012088425853287732,331,True
CS2_37,cycle_position,Mid-life,16,Group_CV,0.012123140885046919,0.012178410674986314,5.52697899393953e-05,331,True
CS2_37,cycle_position,Mid-life,16,Group_EnergyEfficiency,0.012123140885046919,0.012148092712941875,2.4951827894956202e-05,331,True
CS2_37,cycle_position,Mid-life,16,Group_DischargeIC,0.012123140885046919,0.012282232240477784,0.0001590913554308654,331,True
CS2_37,cycle_position,Late-life,16,Group_CC,0.02318806430234489,0.02389824663270797,0.0007101823303630808,359,True
CS2_37,cycle_position,Late-life,16,Group_CV,0.02318806430234489,0.023274207623181425,8.614332083653475e-05,359,True
CS2_37,cycle_position,Late-life,16,Group_EnergyEfficiency,0.02318806430234489,0.023411143277482598,0.00022307897513770825,359,True
CS2_37,cycle_position,Late-life,16,Group_DischargeIC,0.02318806430234489,0.02280025380851005,-0.0003878104938348399,359,True
CS2_38,soh_level,Early,16,Group_CC,0.016046168639330463,0.01667258291570643,0.000626414276375966,597,True
CS2_38,soh_level,Early,16,Group_CV,0.016046168639330463,0.015814169717238542,-0.0002319989220919208,597,True
CS2_38,soh_level,Early,16,Group_EnergyEfficiency,0.016046168639330463,0.016370802947356308,0.00032463430802584514,597,True
CS2_38,soh_level,Early,16,Group_DischargeIC,0.016046168639330463,0.016885710523183786,0.0008395418838533231,597,True
CS2_38,soh_level,Middle,16,Group_CC,0.02265140724757811,0.023087589853637645,0.0004361826060595361,277,True
CS2_38,soh_level,Middle,16,Group_CV,0.02265140724757811,0.022461707143095047,-0.00018970010448306207,277,True
CS2_38,soh_level,Middle,16,Group_EnergyEfficiency,0.02265140724757811,0.02294335914507822,0.00029195189750011105,277,True
CS2_38,soh_level,Middle,16,Group_DischargeIC,0.02265140724757811,0.022686280844853326,3.4873597275216633e-05,277,True
CS2_38,soh_level,Late,16,Group_CC,0.016321471874582206,0.01719243524562136,0.0008709633710391532,103,True
CS2_38,soh_level,Late,16,Group_CV,0.016321471874582206,0.01566040146583138,-0.0006610704087508246,103,True
CS2_38,soh_level,Late,16,Group_EnergyEfficiency,0.016321471874582206,0.016653377581474494,0.00033190570689228815,103,True
CS2_38,soh_level,Late,16,Group_DischargeIC,0.016321471874582206,0.01580459155436124,-0.0005168803202209651,103,True
CS2_38,degradation_dynamics,Slow,16,Group_CC,0.018193659719068066,0.01875792473370115,0.0005642650146330842,290,True
CS2_38,degradation_dynamics,Slow,16,Group_CV,0.018193659719068066,0.01793356743900675,-0.00026009228006131785,290,True
CS2_38,degradation_dynamics,Slow,16,Group_EnergyEfficiency,0.018193659719068066,0.018502295448788553,0.000308635729720487,290,True
CS2_38,degradation_dynamics,Slow,16,Group_DischargeIC,0.018193659719068066,0.018478096190182793,0.0002844364711147261,290,True
CS2_38,degradation_dynamics,Medium,16,Group_CC,0.017624927608126395,0.017927031155397583,0.0003021035472711882,263,True
CS2_38,degradation_dynamics,Medium,16,Group_CV,0.017624927608126395,0.017435785317822028,-0.00018914229030436713,263,True
CS2_38,degradation_dynamics,Medium,16,Group_EnergyEfficiency,0.017624927608126395,0.01766307787532531,3.8150267198916454e-05,263,True
CS2_38,degradation_dynamics,Medium,16,Group_DischargeIC,0.017624927608126395,0.01829258111919539,0.0006676535110689934,263,True
CS2_38,degradation_dynamics,Fast,16,Group_CC,0.018480850184166724,0.018931203396099827,0.00045035321193310357,289,True
CS2_38,degradation_dynamics,Fast,16,Group_CV,0.018480850184166724,0.018076877549836293,-0.0004039726343304309,289,True
CS2_38,degradation_dynamics,Fast,16,Group_EnergyEfficiency,0.018480850184166724,0.01875520637304607,0.0002743561888793461,289,True
CS2_38,degradation_dynamics,Fast,16,Group_DischargeIC,0.018480850184166724,0.018423113339874835,-5.773684429188908e-05,289,True
CS2_38,cycle_position,Early-life,16,Group_CC,0.019567835936674566,0.020384966803770974,0.0008171308670964078,301,True
CS2_38,cycle_position,Early-life,16,Group_CV,0.019567835936674566,0.01923969924799516,-0.0003281366886794049,301,True
CS2_38,cycle_position,Early-life,16,Group_EnergyEfficiency,0.019567835936674566,0.019894203187174338,0.00032636725049977125,301,True
CS2_38,cycle_position,Early-life,16,Group_DischargeIC,0.019567835936674566,0.01965163495611963,8.37990194450626e-05,301,True
CS2_38,cycle_position,Mid-life,16,Group_CC,0.013595663975112814,0.014127139322360604,0.0005314753472477896,331,True
CS2_38,cycle_position,Mid-life,16,Group_CV,0.013595663975112814,0.013325422488202942,-0.0002702414869098727,331,True
CS2_38,cycle_position,Mid-life,16,Group_EnergyEfficiency,0.013595663975112814,0.014008092903220002,0.00041242892810718773,331,True
CS2_38,cycle_position,Mid-life,16,Group_DischargeIC,0.013595663975112814,0.01497542928504288,0.0013797653099300658,331,True
CS2_38,cycle_position,Late-life,16,Group_CC,0.020719692512711444,0.02127412685147703,0.0005544343387655845,349,True
CS2_38,cycle_position,Late-life,16,Group_CV,0.020719692512711444,0.020455962270449445,-0.00026373024226199887,349,True
CS2_38,cycle_position,Late-life,16,Group_EnergyEfficiency,0.020719692512711444,0.020997426542292752,0.00027773402958130786,349,True
CS2_38,cycle_position,Late-life,16,Group_DischargeIC,0.020719692512711444,0.02064487673207195,-7.481578063949293e-05,349,True
CS2_35,soh_level,Early,24,Group_CC,0.015707994018544915,0.015612271424280257,-9.572259426465779e-05,541,True
CS2_35,soh_level,Early,24,Group_CV,0.015707994018544915,0.015713193773767883,5.199755222968366e-06,541,True
CS2_35,soh_level,Early,24,Group_EnergyEfficiency,0.015707994018544915,0.01566453602377159,-4.345799477332643e-05,541,True
CS2_35,soh_level,Early,24,Group_DischargeIC,0.015707994018544915,0.016450524153069405,0.0007425301345244904,541,True
CS2_35,soh_level,Middle,24,Group_CC,0.021151313935430224,0.02197640127565515,0.0008250873402249267,230,True
CS2_35,soh_level,Middle,24,Group_CV,0.021151313935430224,0.02110378397853891,-4.752995689131373e-05,230,True
CS2_35,soh_level,Middle,24,Group_EnergyEfficiency,0.021151313935430224,0.0215177621689931,0.00036644823356287576,230,True
CS2_35,soh_level,Middle,24,Group_DischargeIC,0.021151313935430224,0.021288282664477094,0.00013696872904686921,230,True
CS2_35,soh_level,Late,24,Group_CC,0.05684173455622539,0.05889814021687396,0.002056405660648568,52,True
CS2_35,soh_level,Late,24,Group_CV,0.05684173455622539,0.05700971380065938,0.00016797924443399254,52,True
CS2_35,soh_level,Late,24,Group_EnergyEfficiency,0.05684173455622539,0.05746505458161765,0.0006233200253922613,52,True
CS2_35,soh_level,Late,24,Group_DischargeIC,0.05684173455622539,0.059121743707995396,0.002280009151770006,52,True
CS2_35,degradation_dynamics,Slow,24,Group_CC,0.018434313512040227,0.01893111757839143,0.0004968040663512023,262,True
CS2_35,degradation_dynamics,Slow,24,Group_CV,0.018434313512040227,0.018449032952913513,1.4719440873285639e-05,262,True
CS2_35,degradation_dynamics,Slow,24,Group_EnergyEfficiency,0.018434313512040227,0.018571218304555957,0.00013690479251573032,262,True
CS2_35,degradation_dynamics,Slow,24,Group_DischargeIC,0.018434313512040227,0.019225997632574685,0.0007916841205344582,262,True
CS2_35,degradation_dynamics,Medium,24,Group_CC,0.015747522574180297,0.015782521165718308,3.499859153801091e-05,213,True
CS2_35,degradation_dynamics,Medium,24,Group_CV,0.015747522574180297,0.015734119527191344,-1.3403046988953032e-05,213,True
CS2_35,degradation_dynamics,Medium,24,Group_EnergyEfficiency,0.015747522574180297,0.015678711882771243,-6.881069140905402e-05,213,True
CS2_35,degradation_dynamics,Medium,24,Group_DischargeIC,0.015747522574180297,0.017050753748256618,0.0013032311740763212,213,True
CS2_35,degradation_dynamics,Fast,24,Group_CC,0.019285962926153397,0.01954795956735133,0.000261996641197932,218,True
CS2_35,degradation_dynamics,Fast,24,Group_CV,0.019285962926153397,0.01928891326441422,2.9503382608236928e-06,218,True
CS2_35,degradation_dynamics,Fast,24,Group_EnergyEfficiency,0.019285962926153397,0.019409775780152728,0.0001238128539993305,218,True
CS2_35,degradation_dynamics,Fast,24,Group_DischargeIC,0.019285962926153397,0.0191822940307654,-0.00010366889538799759,218,True
CS2_35,cycle_position,Early-life,24,Group_CC,0.01744372174915566,0.016937695816073933,-0.0005060259330817267,301,True
CS2_35,cycle_position,Early-life,24,Group_CV,0.01744372174915566,0.01745537559373357,1.1653844577911437e-05,301,True
CS2_35,cycle_position,Early-life,24,Group_EnergyEfficiency,0.01744372174915566,0.017187922454291737,-0.00025579929486392247,301,True
CS2_35,cycle_position,Early-life,24,Group_DischargeIC,0.01744372174915566,0.017680662536257247,0.00023694078710158675,301,True
CS2_35,cycle_position,Mid-life,24,Group_CC,0.018781405407247685,0.019000409794954008,0.00021900438770632372,331,True
CS2_35,cycle_position,Mid-life,24,Group_CV,0.018781405407247685,0.01875745012678237,-2.3955280465313283e-05,331,True
CS2_35,cycle_position,Mid-life,24,Group_EnergyEfficiency,0.018781405407247685,0.01890478903928262,0.00012338363203493602,331,True
CS2_35,cycle_position,Mid-life,24,Group_DischargeIC,0.018781405407247685,0.019868187232021516,0.001086781824773831,331,True
CS2_35,cycle_position,Late-life,24,Group_CC,0.026649247197722502,0.02756274043732887,0.0009134932396063673,195,True
CS2_35,cycle_position,Late-life,24,Group_CV,0.026649247197722502,0.026681591083616504,3.234388589400117e-05,195,True
CS2_35,cycle_position,Late-life,24,Group_EnergyEfficiency,0.026649247197722502,0.02692483578880243,0.0002755885910799283,195,True
CS2_35,cycle_position,Late-life,24,Group_DischargeIC,0.026649247197722502,0.027269962593836693,0.0006207153961141909,195,True
CS2_36,soh_level,Early,24,Group_CC,0.01815193512515508,0.01858754868076634,0.00043561355561125975,495,True
CS2_36,soh_level,Early,24,Group_CV,0.01815193512515508,0.01807497405490391,-7.696107025117332e-05,495,True
CS2_36,soh_level,Early,24,Group_EnergyEfficiency,0.01815193512515508,0.018350025451731068,0.00019809032657598646,495,True
CS2_36,soh_level,Early,24,Group_DischargeIC,0.01815193512515508,0.018357637309796653,0.00020570218464157145,495,True
CS2_36,soh_level,Middle,24,Group_CC,0.028194522547151237,0.029166635867485195,0.0009721133203339574,261,True
CS2_36,soh_level,Middle,24,Group_CV,0.028194522547151237,0.028593651581799908,0.0003991290346486709,261,True
CS2_36,soh_level,Middle,24,Group_EnergyEfficiency,0.028194522547151237,0.028385038460782188,0.00019051591363095088,261,True
CS2_36,soh_level,Middle,24,Group_DischargeIC,0.028194522547151237,0.027829262420514714,-0.0003652601266365234,261,True
CS2_36,soh_level,Late,24,Group_CC,0.03358477073992128,0.033452153716547306,-0.00013261702337397097,159,True
CS2_36,soh_level,Late,24,Group_CV,0.03358477073992128,0.03346851909907599,-0.00011625164084528433,159,True
CS2_36,soh_level,Late,24,Group_EnergyEfficiency,0.03358477073992128,0.033438862489163355,-0.00014590825075792152,159,True
CS2_36,soh_level,Late,24,Group_DischargeIC,0.03358477073992128,0.03438565257741874,0.0008008818374974636,159,True
CS2_36,degradation_dynamics,Slow,24,Group_CC,0.02706503191017115,0.027647843289466536,0.0005828113792953858,244,True
CS2_36,degradation_dynamics,Slow,24,Group_CV,0.02706503191017115,0.027092889776499787,2.7857866328636488e-05,244,True
CS2_36,degradation_dynamics,Slow,24,Group_EnergyEfficiency,0.02706503191017115,0.027170819496448,0.00010578758627684953,244,True
CS2_36,degradation_dynamics,Slow,24,Group_DischargeIC,0.02706503191017115,0.026452544172900598,-0.000612487737270552,244,True
CS2_36,degradation_dynamics,Medium,24,Group_CC,0.014927723925466587,0.015248214602064282,0.0003204906765976942,218,True
CS2_36,degradation_dynamics,Medium,24,Group_CV,0.014927723925466587,0.01506947868181399,0.00014175475634740226,218,True
CS2_36,degradation_dynamics,Medium,24,Group_EnergyEfficiency,0.014927723925466587,0.014974173533216714,4.6449607750126756e-05,218,True
CS2_36,degradation_dynamics,Medium,24,Group_DischargeIC,0.014927723925466587,0.015182641477517012,0.0002549175520504248,218,True
CS2_36,degradation_dynamics,Fast,24,Group_CC,0.02668684427399304,0.027115160385953883,0.0004283161119608414,349,True
CS2_36,degradation_dynamics,Fast,24,Group_CV,0.02668684427399304,0.02677791611317655,9.1071839183509e-05,349,True
CS2_36,degradation_dynamics,Fast,24,Group_EnergyEfficiency,0.02668684427399304,0.026857278636954127,0.00017043436296108536,349,True
CS2_36,degradation_dynamics,Fast,24,Group_DischargeIC,0.02668684427399304,0.026943225260322595,0.00025638098632955325,349,True
CS2_36,cycle_position,Early-life,24,Group_CC,0.022456528313356403,0.023171619462424145,0.0007150911490677418,301,True
CS2_36,cycle_position,Early-life,24,Group_CV,0.022456528313356403,0.022325034267808845,-0.00013149404554755814,301,True
CS2_36,cycle_position,Early-life,24,Group_EnergyEfficiency,0.022456528313356403,0.02273935853769846,0.0002828302243420566,301,True
CS2_36,cycle_position,Early-life,24,Group_DischargeIC,0.022456528313356403,0.023000340052072122,0.0005438117387157188,301,True
CS2_36,cycle_position,Mid-life,24,Group_CC,0.01559900390642493,0.01559860941753838,-3.9448888655008174e-07,332,True
CS2_36,cycle_position,Mid-life,24,Group_CV,0.01559900390642493,0.01588266417095745,0.0002836602645325207,332,True
CS2_36,cycle_position,Mid-life,24,Group_EnergyEfficiency,0.01559900390642493,0.015557072687185513,-4.193121923941681e-05,332,True
CS2_36,cycle_position,Mid-life,24,Group_DischargeIC,0.01559900390642493,0.015249906782854214,-0.00034909712357071576,332,True
CS2_36,cycle_position,Late-life,24,Group_CC,0.03464930197473438,0.03555011961721115,0.0009008176424767714,285,True
CS2_36,cycle_position,Late-life,24,Group_CV,0.03464930197473438,0.03462486571464656,-2.4436260087815076e-05,285,True
CS2_36,cycle_position,Late-life,24,Group_EnergyEfficiency,0.03464930197473438,0.03483186410475635,0.00018256213002196958,285,True
CS2_36,cycle_position,Late-life,24,Group_DischargeIC,0.03464930197473438,0.03494960768336442,0.00030030570863004424,285,True
CS2_37,soh_level,Early,24,Group_CC,0.01800285934781497,0.01829623114539472,0.0002933717975797494,559,True
CS2_37,soh_level,Early,24,Group_CV,0.01800285934781497,0.017977292350569312,-2.556699724565875e-05,559,True
CS2_37,soh_level,Early,24,Group_EnergyEfficiency,0.01800285934781497,0.018171847532155252,0.000168988184340281,559,True
CS2_37,soh_level,Early,24,Group_DischargeIC,0.01800285934781497,0.017655441698389614,-0.0003474176494253564,559,True
CS2_37,soh_level,Middle,24,Group_CC,0.02100579380332908,0.02156708385037059,0.0005612900470415121,284,True
CS2_37,soh_level,Middle,24,Group_CV,0.02100579380332908,0.021045369421140613,3.95756178115346e-05,284,True
CS2_37,soh_level,Middle,24,Group_EnergyEfficiency,0.02100579380332908,0.021176826899579112,0.00017103309625003324,284,True
CS2_37,soh_level,Middle,24,Group_DischargeIC,0.02100579380332908,0.0206919826363999,-0.00031381116692917946,284,True
CS2_37,soh_level,Late,24,Group_CC,0.03084059135053489,0.030846726664871597,6.135314336706832e-06,135,True
CS2_37,soh_level,Late,24,Group_CV,0.03084059135053489,0.03090707204061559,6.648069008070162e-05,135,True
CS2_37,soh_level,Late,24,Group_EnergyEfficiency,0.03084059135053489,0.030768169953983827,-7.242139655106242e-05,135,True
CS2_37,soh_level,Late,24,Group_DischargeIC,0.03084059135053489,0.0308470894201556,6.498069620709118e-06,135,True
CS2_37,degradation_dynamics,Slow,24,Group_CC,0.02245099203684321,0.022918135306138298,0.0004671432692950894,229,True
CS2_37,degradation_dynamics,Slow,24,Group_CV,0.02245099203684321,0.022344891886077876,-0.00010610015076533211,229,True
CS2_37,degradation_dynamics,Slow,24,Group_EnergyEfficiency,0.02245099203684321,0.022658601653158392,0.00020760961631518388,229,True
CS2_37,degradation_dynamics,Slow,24,Group_DischargeIC,0.02245099203684321,0.020113344632039096,-0.002337647404804112,229,True
CS2_37,degradation_dynamics,Medium,24,Group_CC,0.0160382723886924,0.0160711497506545,3.287736196209978e-05,277,True
CS2_37,degradation_dynamics,Medium,24,Group_CV,0.0160382723886924,0.01607485068519564,3.6578296503241015e-05,277,True
CS2_37,degradation_dynamics,Medium,24,Group_EnergyEfficiency,0.0160382723886924,0.01600930945271292,-2.8962935979481852e-05,277,True
CS2_37,degradation_dynamics,Medium,24,Group_DischargeIC,0.0160382723886924,0.016227397150277087,0.00018912476158468652,277,True
CS2_37,degradation_dynamics,Fast,24,Group_CC,0.022266286566119533,0.022514379969162595,0.00024809340304306204,311,True
CS2_37,degradation_dynamics,Fast,24,Group_CV,0.022266286566119533,0.02223495414102159,-3.133242509794146e-05,311,True
CS2_37,degradation_dynamics,Fast,24,Group_EnergyEfficiency,0.022266286566119533,0.02230882232768576,4.253576156622654e-05,311,True
CS2_37,degradation_dynamics,Fast,24,Group_DischargeIC,0.022266286566119533,0.022378242470239416,0.00011195590411988351,311,True
CS2_37,cycle_position,Early-life,24,Group_CC,0.022869557100880792,0.023474734977073492,0.0006051778761927001,301,True
CS2_37,cycle_position,Early-life,24,Group_CV,0.022869557100880792,0.022714569073106025,-0.00015498802777476686,301,True
CS2_37,cycle_position,Early-life,24,Group_EnergyEfficiency,0.022869557100880792,0.0230648184819688,0.00019526138108800703,301,True
CS2_37,cycle_position,Early-life,24,Group_DischargeIC,0.022869557100880792,0.021644528499235857,-0.0012250286016449348,301,True
CS2_37,cycle_position,Mid-life,24,Group_CC,0.01267596251105455,0.012701453780289527,2.5491269234977076e-05,331,True
CS2_37,cycle_position,Mid-life,24,Group_CV,0.01267596251105455,0.012769910441977414,9.394793092286358e-05,331,True
CS2_37,cycle_position,Mid-life,24,Group_EnergyEfficiency,0.01267596251105455,0.012822619183045022,0.00014665667199047216,331,True
CS2_37,cycle_position,Mid-life,24,Group_DischargeIC,0.01267596251105455,0.013080736634632013,0.0004047741235774626,331,True
CS2_37,cycle_position,Late-life,24,Group_CC,0.02620717988345093,0.02676129605169837,0.0005541161682474406,351,True
CS2_37,cycle_position,Late-life,24,Group_CV,0.02620717988345093,0.02633294601995117,0.00012576613650023757,351,True
CS2_37,cycle_position,Late-life,24,Group_EnergyEfficiency,0.02620717988345093,0.02633951359016516,0.00013233370671423064,351,True
CS2_37,cycle_position,Late-life,24,Group_DischargeIC,0.02620717988345093,0.026078058050117515,-0.00012912183333341556,351,True
CS2_38,soh_level,Early,24,Group_CC,0.01623141773594432,0.016952601313366004,0.0007211835774216836,597,True
CS2_38,soh_level,Early,24,Group_CV,0.01623141773594432,0.01573903604279894,-0.0004923816931453814,597,True
CS2_38,soh_level,Early,24,Group_EnergyEfficiency,0.01623141773594432,0.016431255016138298,0.00019983728019397698,597,True
CS2_38,soh_level,Early,24,Group_DischargeIC,0.01623141773594432,0.017874621290970574,0.0016432035550262535,597,True
CS2_38,soh_level,Middle,24,Group_CC,0.02778379034712054,0.028040251795156214,0.00025646144803567403,277,True
CS2_38,soh_level,Middle,24,Group_CV,0.02778379034712054,0.027811393271755056,2.7602924634516357e-05,277,True
CS2_38,soh_level,Middle,24,Group_EnergyEfficiency,0.02778379034712054,0.02796442191009941,0.00018063156297886893,277,True
CS2_38,soh_level,Middle,24,Group_DischargeIC,0.02778379034712054,0.02784626264693376,6.24722998132203e-05,277,True
CS2_38,soh_level,Late,24,Group_CC,0.016512711438491458,0.01748542917622816,0.000972717737736703,95,True
CS2_38,soh_level,Late,24,Group_CV,0.016512711438491458,0.015138350404596254,-0.0013743610338952036,95,True
CS2_38,soh_level,Late,24,Group_EnergyEfficiency,0.016512711438491458,0.016933817201470996,0.00042110576297953867,95,True
CS2_38,soh_level,Late,24,Group_DischargeIC,0.016512711438491458,0.01511160473623314,-0.0014011067022583184,95,True
CS2_38,degradation_dynamics,Slow,24,Group_CC,0.015818965339901063,0.016551257773471294,0.0007322924335702308,290,True
CS2_38,degradation_dynamics,Slow,24,Group_CV,0.015818965339901063,0.015490060830061866,-0.00032890450983919656,290,True
CS2_38,degradation_dynamics,Slow,24,Group_EnergyEfficiency,0.015818965339901063,0.016204763938077283,0.00038579859817622006,290,True
CS2_38,degradation_dynamics,Slow,24,Group_DischargeIC,0.015818965339901063,0.016190294913738308,0.0003713295738372452,290,True
CS2_38,degradation_dynamics,Medium,24,Group_CC,0.020597283930098742,0.02082260860233262,0.00022532467223387864,262,True
CS2_38,degradation_dynamics,Medium,24,Group_CV,0.020597283930098742,0.020457587607175375,-0.00013969632292336678,262,True
CS2_38,degradation_dynamics,Medium,24,Group_EnergyEfficiency,0.020597283930098742,0.020632492061415972,3.5208131317229774e-05,262,True
CS2_38,degradation_dynamics,Medium,24,Group_DischargeIC,0.020597283930098742,0.02212878250771923,0.0015314985776204888,262,True
CS2_38,degradation_dynamics,Fast,24,Group_CC,0.02338004460109979,0.023890610717228387,0.0005105661161285968,287,True
CS2_38,degradation_dynamics,Fast,24,Group_CV,0.02338004460109979,0.022673606030651425,-0.0007064385704483658,287,True
CS2_38,degradation_dynamics,Fast,24,Group_EnergyEfficiency,0.02338004460109979,0.023773747108190104,0.00039370250709031343,287,True
CS2_38,degradation_dynamics,Fast,24,Group_DischargeIC,0.02338004460109979,0.023314030655702707,-6.601394539708372e-05,287,True
CS2_38,cycle_position,Early-life,24,Group_CC,0.019702218941619002,0.02066441882496049,0.0009621998833414871,301,True
CS2_38,cycle_position,Early-life,24,Group_CV,0.019702218941619002,0.019070617596783905,-0.000631601344835097,301,True
CS2_38,cycle_position,Early-life,24,Group_EnergyEfficiency,0.019702218941619002,0.02020228172974473,0.0005000627881257269,301,True
CS2_38,cycle_position,Early-life,24,Group_DischargeIC,0.019702218941619002,0.02004525132496221,0.00034303238334320793,301,True
CS2_38,cycle_position,Mid-life,24,Group_CC,0.014681917282659692,0.01521631486110161,0.0005343975784419183,331,True
CS2_38,cycle_position,Mid-life,24,Group_CV,0.014681917282659692,0.014163209816927654,-0.0005187074657320382,331,True
CS2_38,cycle_position,Mid-life,24,Group_EnergyEfficiency,0.014681917282659692,0.014676151950910887,-5.7653317488051e-06,331,True
CS2_38,cycle_position,Mid-life,24,Group_DischargeIC,0.014681917282659692,0.017256419901402295,0.0025745026187426034,331,True
CS2_38,cycle_position,Late-life,24,Group_CC,0.024229225960689073,0.024699320074313375,0.0004700941136243017,341,True
CS2_38,cycle_position,Late-life,24,Group_CV,0.024229225960689073,0.02396280345951093,-0.0002664225011781429,341,True
CS2_38,cycle_position,Late-life,24,Group_EnergyEfficiency,0.024229225960689073,0.024469918101534642,0.00024069214084556853,341,True
CS2_38,cycle_position,Late-life,24,Group_DischargeIC,0.024229225960689073,0.023952885938614974,-0.0002763400220740994,341,True
CS2_35,soh_level,Early,32,Group_CC,0.01721412499336277,0.017227987998521436,1.3863005158664538e-05,541,True
CS2_35,soh_level,Early,32,Group_CV,0.01721412499336277,0.01718638392225945,-2.7741071103322412e-05,541,True
CS2_35,soh_level,Early,32,Group_EnergyEfficiency,0.01721412499336277,0.01720294716323945,-1.117783012332188e-05,541,True
CS2_35,soh_level,Early,32,Group_DischargeIC,0.01721412499336277,0.018079474702150124,0.0008653497087873531,541,True
CS2_35,soh_level,Middle,32,Group_CC,0.022653776704857444,0.023138142418493723,0.00048436571363627903,229,True
CS2_35,soh_level,Middle,32,Group_CV,0.022653776704857444,0.022539399929734933,-0.00011437677512251068,229,True
CS2_35,soh_level,Middle,32,Group_EnergyEfficiency,0.022653776704857444,0.022887116267357965,0.00023333956250052093,229,True
CS2_35,soh_level,Middle,32,Group_DischargeIC,0.022653776704857444,0.022776630762727772,0.0001228540578703287,229,True
CS2_35,soh_level,Late,32,Group_CC,0.0742159599510587,0.07643796897097775,0.0022220090199190495,45,True
CS2_35,soh_level,Late,32,Group_CV,0.0742159599510587,0.07458197153966763,0.0003660115886089249,45,True
CS2_35,soh_level,Late,32,Group_EnergyEfficiency,0.0742159599510587,0.0750460025296343,0.0008300425785755933,45,True
CS2_35,soh_level,Late,32,Group_DischargeIC,0.0742159599510587,0.07749519875554448,0.0032792388044857734,45,True
CS2_35,degradation_dynamics,Slow,32,Group_CC,0.019273031083309078,0.01934249029942628,6.94592161172014e-05,261,True
CS2_35,degradation_dynamics,Slow,32,Group_CV,0.019273031083309078,0.019338695273755396,6.566419044631844e-05,261,True
CS2_35,degradation_dynamics,Slow,32,Group_EnergyEfficiency,0.019273031083309078,0.019179964997513368,-9.30660857957101e-05,261,True
CS2_35,degradation_dynamics,Slow,32,Group_DischargeIC,0.019273031083309078,0.020107644414272534,0.000834613330963456,261,True
CS2_35,degradation_dynamics,Medium,32,Group_CC,0.018890941335256928,0.01885847137081008,-3.246996444684902e-05,215,True
CS2_35,degradation_dynamics,Medium,32,Group_CV,0.018890941335256928,0.018786216234538217,-0.0001047251007187111,215,True
CS2_35,degradation_dynamics,Medium,32,Group_EnergyEfficiency,0.018890941335256928,0.01882622979687937,-6.471153837755636e-05,215,True
CS2_35,degradation_dynamics,Medium,32,Group_DischargeIC,0.018890941335256928,0.01986780154182658,0.0009768602065696533,215,True
CS2_35,degradation_dynamics,Fast,32,Group_CC,0.023540323273716045,0.023916604653603644,0.0003762813798875997,217,True
CS2_35,degradation_dynamics,Fast,32,Group_CV,0.023540323273716045,0.023509693366527775,-3.062990718826972e-05,217,True
CS2_35,degradation_dynamics,Fast,32,Group_EnergyEfficiency,0.023540323273716045,0.0237193969903779,0.00017907371666185667,217,True
CS2_35,degradation_dynamics,Fast,32,Group_DischargeIC,0.023540323273716045,0.02370507330020566,0.0001647500264896143,217,True
CS2_35,cycle_position,Early-life,32,Group_CC,0.018479167594224195,0.018093090539904516,-0.00038607705431967926,301,True
CS2_35,cycle_position,Early-life,32,Group_CV,0.018479167594224195,0.018498330089630408,1.9162495406212232e-05,301,True
CS2_35,cycle_position,Early-life,32,Group_EnergyEfficiency,0.018479167594224195,0.01824320235892829,-0.00023596523529590546,301,True
CS2_35,cycle_position,Early-life,32,Group_DischargeIC,0.018479167594224195,0.018826828790520434,0.0003476611962962388,301,True
CS2_35,cycle_position,Mid-life,32,Group_CC,0.021577529168624855,0.021815715586450013,0.00023818641782515776,331,True
CS2_35,cycle_position,Mid-life,32,Group_CV,0.021577529168624855,0.021459805351215434,-0.00011772381740942153,331,True
CS2_35,cycle_position,Mid-life,32,Group_EnergyEfficiency,0.021577529168624855,0.021698926802764338,0.00012139763413948276,331,True
CS2_35,cycle_position,Mid-life,32,Group_DischargeIC,0.021577529168624855,0.022707911523536933,0.0011303823549120781,331,True
CS2_35,cycle_position,Late-life,32,Group_CC,0.029264029978848843,0.029925094687750082,0.0006610647089012392,187,True
CS2_35,cycle_position,Late-life,32,Group_CV,0.029264029978848843,0.029288474671638313,2.444469278947009e-05,187,True
CS2_35,cycle_position,Late-life,32,Group_EnergyEfficiency,0.029264029978848843,0.029411283134068322,0.0001472531552194796,187,True
CS2_35,cycle_position,Late-life,32,Group_DischargeIC,0.029264029978848843,0.030139531207086963,0.0008755012282381201,187,True
CS2_36,soh_level,Early,32,Group_CC,0.019039217024677594,0.019414801798672856,0.00037558477399526197,495,True
CS2_36,soh_level,Early,32,Group_CV,0.019039217024677594,0.018897893620630792,-0.00014132340404680171,495,True
CS2_36,soh_level,Early,32,Group_EnergyEfficiency,0.019039217024677594,0.01941434029642737,0.00037512327174977697,495,True
CS2_36,soh_level,Early,32,Group_DischargeIC,0.019039217024677594,0.018980630945510408,-5.8586079167186056e-05,495,True
CS2_36,soh_level,Middle,32,Group_CC,0.031496573817629415,0.03223819510814554,0.0007416212905161229,261,True
CS2_36,soh_level,Middle,32,Group_CV,0.031496573817629415,0.031941064906040935,0.0004444910884115194,261,True
CS2_36,soh_level,Middle,32,Group_EnergyEfficiency,0.031496573817629415,0.03176054401127802,0.00026397019364860635,261,True
CS2_36,soh_level,Middle,32,Group_DischargeIC,0.031496573817629415,0.03121545167178509,-0.00028112214584432443,261,True
CS2_36,soh_level,Late,32,Group_CC,0.0343815071220715,0.03393788997013499,-0.00044361715193650536,151,True
CS2_36,soh_level,Late,32,Group_CV,0.0343815071220715,0.03487253170151667,0.000491024579445172,151,True
CS2_36,soh_level,Late,32,Group_EnergyEfficiency,0.0343815071220715,0.03397472713002067,-0.0004067799920508264,151,True
CS2_36,soh_level,Late,32,Group_DischargeIC,0.0343815071220715,0.03558223742124477,0.0012007302991732735,151,True
CS2_36,degradation_dynamics,Slow,32,Group_CC,0.024185757880510157,0.024686763292502422,0.0005010054119922655,242,True
CS2_36,degradation_dynamics,Slow,32,Group_CV,0.024185757880510157,0.024191487780184952,5.729899674795924e-06,242,True
CS2_36,degradation_dynamics,Slow,32,Group_EnergyEfficiency,0.024185757880510157,0.024376089817327144,0.000190331936816987,242,True
CS2_36,degradation_dynamics,Slow,32,Group_DischargeIC,0.024185757880510157,0.02323323165484405,-0.000952526225666106,242,True
CS2_36,degradation_dynamics,Medium,32,Group_CC,0.01603356233581885,0.016256480044607835,0.0002229177087889854,218,True
CS2_36,degradation_dynamics,Medium,32,Group_CV,0.01603356233581885,0.016087886807729407,5.43244719105572e-05,218,True
CS2_36,degradation_dynamics,Medium,32,Group_EnergyEfficiency,0.01603356233581885,0.016129351431817457,9.578909599860727e-05,218,True
CS2_36,degradation_dynamics,Medium,32,Group_DischargeIC,0.01603356233581885,0.01603353755383824,-2.47819806099836e-08,218,True
CS2_36,degradation_dynamics,Fast,32,Group_CC,0.032043543603440486,0.03222174204888679,0.0001781984454463023,343,True
CS2_36,degradation_dynamics,Fast,32,Group_CV,0.032043543603440486,0.03241681837736544,0.00037327477392495173,343,True
CS2_36,degradation_dynamics,Fast,32,Group_EnergyEfficiency,0.032043543603440486,0.03224931195753137,0.00020576835409088362,343,True
CS2_36,degradation_dynamics,Fast,32,Group_DischargeIC,0.032043543603440486,0.0323773385248245,0.00033379492138401606,343,True
CS2_36,cycle_position,Early-life,32,Group_CC,0.02357821556063068,0.02420924006631536,0.000631024505684679,301,True
CS2_36,cycle_position,Early-life,32,Group_CV,0.02357821556063068,0.023356823468316905,-0.0002213920923137755,301,True
CS2_36,cycle_position,Early-life,32,Group_EnergyEfficiency,0.02357821556063068,0.02410089289628056,0.0005226773356498786,301,True
CS2_36,cycle_position,Early-life,32,Group_DischargeIC,0.02357821556063068,0.023739342804136983,0.00016112724350630242,301,True
CS2_36,cycle_position,Mid-life,32,Group_CC,0.017204118792398,0.017069328007228858,-0.00013479078516914073,332,True
CS2_36,cycle_position,Mid-life,32,Group_CV,0.017204118792398,0.017538834319027717,0.0003347155266297183,332,True
CS2_36,cycle_position,Mid-life,32,Group_EnergyEfficiency,0.017204118792398,0.01706234415618471,-0.00014177463621328767,332,True
CS2_36,cycle_position,Mid-life,32,Group_DischargeIC,0.017204118792398,0.016584623147837818,-0.0006194956445601807,332,True
CS2_36,cycle_position,Late-life,32,Group_CC,0.036673447176573844,0.03736652978186437,0.0006930826052905237,277,True
CS2_36,cycle_position,Late-life,32,Group_CV,0.036673447176573844,0.036945111669944714,0.0002716644933708698,277,True
CS2_36,cycle_position,Late-life,32,Group_EnergyEfficiency,0.036673447176573844,0.03696317474726261,0.00028972757068876365,277,True
CS2_36,cycle_position,Late-life,32,Group_DischargeIC,0.036673447176573844,0.03752198496597825,0.0008485377894044063,277,True
CS2_37,soh_level,Early,32,Group_CC,0.01988602245594473,0.020237361789467556,0.00035133933352282654,559,True
CS2_37,soh_level,Early,32,Group_CV,0.01988602245594473,0.01994281421332278,5.6791757378049645e-05,559,True
CS2_37,soh_level,Early,32,Group_EnergyEfficiency,0.01988602245594473,0.02010308667999303,0.0002170642240483002,559,True
CS2_37,soh_level,Early,32,Group_DischargeIC,0.01988602245594473,0.01968266629164419,-0.0002033561643005402,559,True
CS2_37,soh_level,Middle,32,Group_CC,0.024176871387080502,0.02451881161654039,0.0003419402294598875,284,True
CS2_37,soh_level,Middle,32,Group_CV,0.024176871387080502,0.02409703626865448,-7.983511842602278e-05,284,True
CS2_37,soh_level,Middle,32,Group_EnergyEfficiency,0.024176871387080502,0.024312886253548226,0.00013601486646772423,284,True
CS2_37,soh_level,Middle,32,Group_DischargeIC,0.024176871387080502,0.023316196835043462,-0.0008606745520370399,284,True
CS2_37,soh_level,Late,32,Group_CC,0.03136587853277716,0.03091340286438121,-0.00045247566839595396,127,True
CS2_37,soh_level,Late,32,Group_CV,0.03136587853277716,0.03120465821096651,-0.00016122032181065116,127,True
CS2_37,soh_level,Late,32,Group_EnergyEfficiency,0.03136587853277716,0.03103616932643077,-0.0003297092063463923,127,True
CS2_37,soh_level,Late,32,Group_DischargeIC,0.03136587853277716,0.03088027383299076,-0.000485604699786403,127,True
CS2_37,degradation_dynamics,Slow,32,Group_CC,0.022341027018863202,0.022868144369587087,0.0005271173507238845,231,True
CS2_37,degradation_dynamics,Slow,32,Group_CV,0.022341027018863202,0.022244409844599435,-9.661717426376684e-05,231,True
CS2_37,degradation_dynamics,Slow,32,Group_EnergyEfficiency,0.022341027018863202,0.02269788059160026,0.0003568535727370564,231,True
CS2_37,degradation_dynamics,Slow,32,Group_DischargeIC,0.022341027018863202,0.018802709546194903,-0.0035383174726682995,231,True
CS2_37,degradation_dynamics,Medium,32,Group_CC,0.018198321465663487,0.018228315970684004,2.9994505020516926e-05,276,True
CS2_37,degradation_dynamics,Medium,32,Group_CV,0.018198321465663487,0.018199387047181975,1.0655815184876238e-06,276,True
CS2_37,degradation_dynamics,Medium,32,Group_EnergyEfficiency,0.018198321465663487,0.01813258050364551,-6.574096201797733e-05,276,True
CS2_37,degradation_dynamics,Medium,32,Group_DischargeIC,0.018198321465663487,0.018037911203499703,-0.00016041026216378346,276,True
CS2_37,degradation_dynamics,Fast,32,Group_CC,0.02704177912560252,0.027250140340759153,0.00020836121515663275,310,True
CS2_37,degradation_dynamics,Fast,32,Group_CV,0.02704177912560252,0.026925588834048306,-0.00011619029155421345,310,True
CS2_37,degradation_dynamics,Fast,32,Group_EnergyEfficiency,0.02704177912560252,0.02709156769542546,4.978856982294083e-05,310,True
CS2_37,degradation_dynamics,Fast,32,Group_DischargeIC,0.02704177912560252,0.0275134031454761,0.0004716240198735788,310,True
CS2_37,cycle_position,Early-life,32,Group_CC,0.025514055264480393,0.026444072735797162,0.0009300174713167686,301,True
CS2_37,cycle_position,Early-life,32,Group_CV,0.025514055264480393,0.025379606765879643,-0.00013444849860074978,301,True
CS2_37,cycle_position,Early-life,32,Group_EnergyEfficiency,0.025514055264480393,0.02598008125982928,0.0004660259953488885,301,True
CS2_37,cycle_position,Early-life,32,Group_DischargeIC,0.025514055264480393,0.02431184511165561,-0.0012022101528247828,301,True
CS2_37,cycle_position,Mid-life,32,Group_CC,0.01384380287554479,0.01356559265698614,-0.00027821021855864957,331,True
CS2_37,cycle_position,Mid-life,32,Group_CV,0.01384380287554479,0.013938053118025262,9.425024248047205e-05,331,True
CS2_37,cycle_position,Mid-life,32,Group_EnergyEfficiency,0.01384380287554479,0.013807261212423325,-3.6541663121465034e-05,331,True
CS2_37,cycle_position,Mid-life,32,Group_DischargeIC,0.01384380287554479,0.014236275317029007,0.00039247244148421685,331,True
CS2_37,cycle_position,Late-life,32,Group_CC,0.028603486290314423,0.02893740276562817,0.00033391647531374677,343,True
CS2_37,cycle_position,Late-life,32,Group_CV,0.028603486290314423,0.02854111260848658,-6.23736818278417e-05,343,True
CS2_37,cycle_position,Late-life,32,Group_EnergyEfficiency,0.028603486290314423,0.028697990591132764,9.450430081834119e-05,343,True
CS2_37,cycle_position,Late-life,32,Group_DischargeIC,0.028603486290314423,0.028017088021143152,-0.0005863982691712705,343,True
CS2_38,soh_level,Early,32,Group_CC,0.01851869508716848,0.0193565456709239,0.0008378505837554201,597,True
CS2_38,soh_level,Early,32,Group_CV,0.01851869508716848,0.018053557533564316,-0.0004651375536041634,597,True
CS2_38,soh_level,Early,32,Group_EnergyEfficiency,0.01851869508716848,0.01901949471218844,0.0005007996250199626,597,True
CS2_38,soh_level,Early,32,Group_DischargeIC,0.01851869508716848,0.02036721446721254,0.001848519380044062,597,True
CS2_38,soh_level,Middle,32,Group_CC,0.030330017112340606,0.030481579146977904,0.00015156203463729742,277,True
CS2_38,soh_level,Middle,32,Group_CV,0.030330017112340606,0.03003017419628695,-0.0002998429160536546,277,True
CS2_38,soh_level,Middle,32,Group_EnergyEfficiency,0.030330017112340606,0.030518511197879912,0.00018849408553930566,277,True
CS2_38,soh_level,Middle,32,Group_DischargeIC,0.030330017112340606,0.030185365687946414,-0.0001446514243941925,277,True
CS2_38,soh_level,Late,32,Group_CC,0.01582984215642361,0.016639240295529798,0.0008093981391061877,87,True
CS2_38,soh_level,Late,32,Group_CV,0.01582984215642361,0.014800235672578769,-0.0010296064838448415,87,True
CS2_38,soh_level,Late,32,Group_EnergyEfficiency,0.01582984215642361,0.0161312600559416,0.0003014178995179896,87,True
CS2_38,soh_level,Late,32,Group_DischargeIC,0.01582984215642361,0.01468916404685517,-0.0011406781095684403,87,True
CS2_38,degradation_dynamics,Slow,32,Group_CC,0.02194580607170347,0.022675832870538745,0.0007300267988352739,290,True
CS2_38,degradation_dynamics,Slow,32,Group_CV,0.02194580607170347,0.021649940365139987,-0.0002958657065634841,290,True
CS2_38,degradation_dynamics,Slow,32,Group_EnergyEfficiency,0.02194580607170347,0.022351342068193447,0.0004055359964899759,290,True
CS2_38,degradation_dynamics,Slow,32,Group_DischargeIC,0.02194580607170347,0.022180803433251035,0.0002349973615475634,290,True
CS2_38,degradation_dynamics,Medium,32,Group_CC,0.016113164292112413,0.0162162169484444,0.00010305265633198807,263,True
CS2_38,degradation_dynamics,Medium,32,Group_CV,0.016113164292112413,0.015834226049511048,-0.0002789382426013655,263,True
CS2_38,degradation_dynamics,Medium,32,Group_EnergyEfficiency,0.016113164292112413,0.016145247377798416,3.2083085686002155e-05,263,True
CS2_38,degradation_dynamics,Medium,32,Group_DischargeIC,0.016113164292112413,0.018112673045464333,0.0019995087533519196,263,True
CS2_38,degradation_dynamics,Fast,32,Group_CC,0.026129772932072002,0.026650655352517465,0.0005208824204454635,286,True
CS2_38,degradation_dynamics,Fast,32,Group_CV,0.026129772932072002,0.02537155438488924,-0.0007582185471827624,286,True
CS2_38,degradation_dynamics,Fast,32,Group_EnergyEfficiency,0.026129772932072002,0.026456691595350475,0.00032691866327847277,286,True
CS2_38,degradation_dynamics,Fast,32,Group_DischargeIC,0.026129772932072002,0.025937257188819594,-0.00019251574325240828,286,True
CS2_38,cycle_position,Early-life,32,Group_CC,0.021591909704358397,0.022662092612895417,0.0010701829085370193,301,True
CS2_38,cycle_position,Early-life,32,Group_CV,0.021591909704358397,0.020933976423677215,-0.0006579332806811826,301,True
CS2_38,cycle_position,Early-life,32,Group_EnergyEfficiency,0.021591909704358397,0.02219266547814553,0.000600755773787133,301,True
CS2_38,cycle_position,Early-life,32,Group_DischargeIC,0.021591909704358397,0.02171344512248567,0.0001215354181272714,301,True
CS2_38,cycle_position,Mid-life,32,Group_CC,0.016527010066874268,0.017240736119966595,0.000713726053092327,331,True
CS2_38,cycle_position,Mid-life,32,Group_CV,0.016527010066874268,0.01600008613418343,-0.0005269239326908398,331,True
CS2_38,cycle_position,Mid-life,32,Group_EnergyEfficiency,0.016527010066874268,0.017032017224223348,0.00050500715734908,331,True
CS2_38,cycle_position,Mid-life,32,Group_DischargeIC,0.016527010066874268,0.01963612002894151,0.0031091099620672406,331,True
CS2_38,cycle_position,Late-life,32,Group_CC,0.026873091925784524,0.027139899138764172,0.00026680721297964866,333,True
CS2_38,cycle_position,Late-life,32,Group_CV,0.026873091925784524,0.02652418132227671,-0.00034891060350781405,333,True
CS2_38,cycle_position,Late-life,32,Group_EnergyEfficiency,0.026873091925784524,0.02703530059475252,0.00016220866896799607,333,True
CS2_38,cycle_position,Late-life,32,Group_DischargeIC,0.026873091925784524,0.026553853148974033,-0.0003192387768104904,333,True
CS2_35,soh_level,Early,48,Group_CC,0.01935146219544822,0.019417207179926184,6.574498447796395e-05,541,True
CS2_35,soh_level,Early,48,Group_CV,0.01935146219544822,0.019298097574128627,-5.3364621319593186e-05,541,True
CS2_35,soh_level,Early,48,Group_EnergyEfficiency,0.01935146219544822,0.019424184339675337,7.272214422711712e-05,541,True
CS2_35,soh_level,Early,48,Group_DischargeIC,0.01935146219544822,0.019343616354343392,-7.845841104827528e-06,541,True
CS2_35,soh_level,Middle,48,Group_CC,0.027905610695002053,0.02825623686823478,0.0003506261732327265,229,True
CS2_35,soh_level,Middle,48,Group_CV,0.027905610695002053,0.02797172310481264,6.611240981058836e-05,229,True
CS2_35,soh_level,Middle,48,Group_EnergyEfficiency,0.027905610695002053,0.02800338708927663,9.77763942745756e-05,229,True
CS2_35,soh_level,Middle,48,Group_DischargeIC,0.027905610695002053,0.029484328621879344,0.0015787179268772905,229,True
CS2_35,soh_level,Late,48,Group_CC,0.08520479315011328,0.0841490332860163,-0.0010557598640969779,29,False
CS2_35,soh_level,Late,48,Group_CV,0.08520479315011328,0.08508284632970006,-0.00012194682041322125,29,False
CS2_35,soh_level,Late,48,Group_EnergyEfficiency,0.08520479315011328,0.08385679261763379,-0.001348000532479493,29,False
CS2_35,soh_level,Late,48,Group_DischargeIC,0.08520479315011328,0.08978553901160553,0.00458074586149225,29,False
CS2_35,degradation_dynamics,Slow,48,Group_CC,0.025010482542518597,0.025296397808934404,0.00028591526641580725,262,True
CS2_35,degradation_dynamics,Slow,48,Group_CV,0.025010482542518597,0.025046759576706507,3.627703418791067e-05,262,True
CS2_35,degradation_dynamics,Slow,48,Group_EnergyEfficiency,0.025010482542518597,0.02510169018646704,9.120764394844258e-05,262,True
CS2_35,degradation_dynamics,Slow,48,Group_DischargeIC,0.025010482542518597,0.024925429847656496,-8.505269486210054e-05,262,True
CS2_35,degradation_dynamics,Medium,48,Group_CC,0.020557620542023182,0.02056500294458096,7.382402557779e-06,214,True
CS2_35,degradation_dynamics,Medium,48,Group_CV,0.020557620542023182,0.020414878899610828,-0.00014274164241235426,214,True
CS2_35,degradation_dynamics,Medium,48,Group_EnergyEfficiency,0.020557620542023182,0.020567257204184567,9.636662161385118e-06,214,True
CS2_35,degradation_dynamics,Medium,48,Group_DischargeIC,0.020557620542023182,0.021476876630658153,0.0009192560886349711,214,True
CS2_35,degradation_dynamics,Fast,48,Group_CC,0.027056384023313677,0.02723833227088554,0.00018194824757186354,217,True
CS2_35,degradation_dynamics,Fast,48,Group_CV,0.027056384023313677,0.026983035934148497,-7.334808916517957e-05,217,True
CS2_35,degradation_dynamics,Fast,48,Group_EnergyEfficiency,0.027056384023313677,0.026946038617288233,-0.00011034540602544371,217,True
CS2_35,degradation_dynamics,Fast,48,Group_DischargeIC,0.027056384023313677,0.027889031149477807,0.0008326471261641301,217,True
CS2_35,cycle_position,Early-life,48,Group_CC,0.01979727953479976,0.02010507739349587,0.0003077978586961093,301,True
CS2_35,cycle_position,Early-life,48,Group_CV,0.01979727953479976,0.019844225197403517,4.694566260375621e-05,301,True
CS2_35,cycle_position,Early-life,48,Group_EnergyEfficiency,0.01979727953479976,0.019777213470839668,-2.0066063960093306e-05,301,True
CS2_35,cycle_position,Early-life,48,Group_DischargeIC,0.01979727953479976,0.019175734936093456,-0.0006215445987063049,301,True
CS2_35,cycle_position,Mid-life,48,Group_CC,0.024485097285013163,0.02453388343118834,4.878614617517818e-05,331,True
CS2_35,cycle_position,Mid-life,48,Group_CV,0.024485097285013163,0.02431764532416766,-0.00016745196084550287,331,True
CS2_35,cycle_position,Mid-life,48,Group_EnergyEfficiency,0.024485097285013163,0.024610303365645698,0.0001252060806325346,331,True
CS2_35,cycle_position,Mid-life,48,Group_DischargeIC,0.024485097285013163,0.025435679465739953,0.0009505821807267896,331,True
CS2_35,cycle_position,Late-life,48,Group_CC,0.03236439930542901,0.03232500850693812,-3.939079849089172e-05,171,True
CS2_35,cycle_position,Late-life,48,Group_CV,0.03236439930542901,0.03240219167345892,3.779236802990693e-05,171,True
CS2_35,cycle_position,Late-life,48,Group_EnergyEfficiency,0.03236439930542901,0.03202038557108204,-0.0003440137343469693,171,True
CS2_35,cycle_position,Late-life,48,Group_DischargeIC,0.03236439930542901,0.03447990947950715,0.002115510174078142,171,True
CS2_36,soh_level,Early,48,Group_CC,0.020993840817689978,0.021900230909140343,0.0009063900914503646,495,True
CS2_36,soh_level,Early,48,Group_CV,0.020993840817689978,0.020922856960632445,-7.098385705753274e-05,495,True
CS2_36,soh_level,Early,48,Group_EnergyEfficiency,0.020993840817689978,0.021566881603569024,0.0005730407858790462,495,True
CS2_36,soh_level,Early,48,Group_DischargeIC,0.020993840817689978,0.02030799700098596,-0.0006858438167040189,495,True
CS2_36,soh_level,Middle,48,Group_CC,0.0348647725888603,0.03541931085851621,0.000554538269655909,261,True
CS2_36,soh_level,Middle,48,Group_CV,0.0348647725888603,0.03483840218664143,-2.6370402218874045e-05,261,True
CS2_36,soh_level,Middle,48,Group_EnergyEfficiency,0.0348647725888603,0.035001100967655456,0.00013632837879515303,261,True
CS2_36,soh_level,Middle,48,Group_DischargeIC,0.0348647725888603,0.03435682935744027,-0.0005079432314200327,261,True
CS2_36,soh_level,Late,48,Group_CC,0.040373992824255946,0.03920708679521472,-0.001166906029041223,135,True
CS2_36,soh_level,Late,48,Group_CV,0.040373992824255946,0.041043151796076,0.0006691589718200511,135,True
CS2_36,soh_level,Late,48,Group_EnergyEfficiency,0.040373992824255946,0.03955302290136984,-0.0008209699228861056,135,True
CS2_36,soh_level,Late,48,Group_DischargeIC,0.040373992824255946,0.042229296564929526,0.0018553037406735806,135,True
CS2_36,degradation_dynamics,Slow,48,Group_CC,0.02732886392421925,0.027924010230276745,0.0005951463060574931,243,True
CS2_36,degradation_dynamics,Slow,48,Group_CV,0.02732886392421925,0.027317716530484728,-1.1147393734523697e-05,243,True
CS2_36,degradation_dynamics,Slow,48,Group_EnergyEfficiency,0.02732886392421925,0.027529500941988038,0.00020063701776878648,243,True
CS2_36,degradation_dynamics,Slow,48,Group_DischargeIC,0.02732886392421925,0.026031908237879174,-0.0012969556863400775,243,True
CS2_36,degradation_dynamics,Medium,48,Group_CC,0.02341954169087186,0.023891725104762694,0.0004721834138908358,217,True
CS2_36,degradation_dynamics,Medium,48,Group_CV,0.02341954169087186,0.02340723372827745,-1.2307962594410027e-05,217,True
CS2_36,degradation_dynamics,Medium,48,Group_EnergyEfficiency,0.02341954169087186,0.023595260456637346,0.00017571876576548753,217,True
CS2_36,degradation_dynamics,Medium,48,Group_DischargeIC,0.02341954169087186,0.022098584534420318,-0.0013209571564515403,217,True
CS2_36,degradation_dynamics,Fast,48,Group_CC,0.03253523660992292,0.032540027577480084,4.7909675571639054e-06,327,True
CS2_36,degradation_dynamics,Fast,48,Group_CV,0.03253523660992292,0.032760330211636754,0.00022509360171383413,327,True
CS2_36,degradation_dynamics,Fast,48,Group_EnergyEfficiency,0.03253523660992292,0.03261831682287747,8.308021295454909e-05,327,True
CS2_36,degradation_dynamics,Fast,48,Group_DischargeIC,0.03253523660992292,0.032984957790953125,0.00044972118103020486,327,True
CS2_36,cycle_position,Early-life,48,Group_CC,0.025216687565311164,0.026324141357245496,0.001107453791934332,301,True
CS2_36,cycle_position,Early-life,48,Group_CV,0.025216687565311164,0.02513930949616962,-7.737806914154266e-05,301,True
CS2_36,cycle_position,Early-life,48,Group_EnergyEfficiency,0.025216687565311164,0.025881279695706534,0.0006645921303953702,301,True
CS2_36,cycle_position,Early-life,48,Group_DischargeIC,0.025216687565311164,0.024769307704560855,-0.00044737986075030906,301,True
CS2_36,cycle_position,Mid-life,48,Group_CC,0.021413682058066697,0.021232677451623,-0.00018100460644369584,332,True
CS2_36,cycle_position,Mid-life,48,Group_CV,0.021413682058066697,0.02143096780684872,1.7285748782021326e-05,332,True
CS2_36,cycle_position,Mid-life,48,Group_EnergyEfficiency,0.021413682058066697,0.021313796149791273,-9.988590827542457e-05,332,True
CS2_36,cycle_position,Mid-life,48,Group_DischargeIC,0.021413682058066697,0.019779474674779397,-0.0016342073832872998,332,True
CS2_36,cycle_position,Late-life,48,Group_CC,0.03999965513466413,0.04041555470000999,0.00041589956534585776,261,True
CS2_36,cycle_position,Late-life,48,Group_CV,0.03999965513466413,0.04031265061426567,0.00031299547960154245,261,True
CS2_36,cycle_position,Late-life,48,Group_EnergyEfficiency,0.03999965513466413,0.03994835067634257,-5.1304458321556334e-05,261,True
CS2_36,cycle_position,Late-life,48,Group_DischargeIC,0.03999965513466413,0.04177485956811733,0.0017752044334531994,261,True
CS2_37,soh_level,Early,48,Group_CC,0.022084167304027336,0.022590000224108103,0.0005058329200807662,559,True
CS2_37,soh_level,Early,48,Group_CV,0.022084167304027336,0.02216725328662829,8.30859826009521e-05,559,True
CS2_37,soh_level,Early,48,Group_EnergyEfficiency,0.022084167304027336,0.022357588615780903,0.0002734213117535668,559,True
CS2_37,soh_level,Early,48,Group_DischargeIC,0.022084167304027336,0.021553324630205026,-0.0005308426738223106,559,True
CS2_37,soh_level,Middle,48,Group_CC,0.027107793460952972,0.02717063321395472,6.283975300174979e-05,284,True
CS2_37,soh_level,Middle,48,Group_CV,0.027107793460952972,0.026876072952751472,-0.00023172050820149948,284,True
CS2_37,soh_level,Middle,48,Group_EnergyEfficiency,0.027107793460952972,0.027066087311632344,-4.170614932062777e-05,284,True
CS2_37,soh_level,Middle,48,Group_DischargeIC,0.027107793460952972,0.026702981893567075,-0.00040481156738589666,284,True
CS2_37,soh_level,Late,48,Group_CC,0.0265810361920347,0.02637043985622218,-0.00021059633581252055,111,True
CS2_37,soh_level,Late,48,Group_CV,0.0265810361920347,0.025838550508951147,-0.0007424856830835526,111,True
CS2_37,soh_level,Late,48,Group_EnergyEfficiency,0.0265810361920347,0.026475103543894003,-0.00010593264814069692,111,True
CS2_37,soh_level,Late,48,Group_DischargeIC,0.0265810361920347,0.02507062703773565,-0.00151040915429905,111,True
CS2_37,degradation_dynamics,Slow,48,Group_CC,0.03181200456361364,0.03234787012109275,0.000535865557479108,228,True
CS2_37,degradation_dynamics,Slow,48,Group_CV,0.03181200456361364,0.03178231893766588,-2.968562594776042e-05,228,True
CS2_37,degradation_dynamics,Slow,48,Group_EnergyEfficiency,0.03181200456361364,0.03205811288398042,0.00024610832036678354,228,True
CS2_37,degradation_dynamics,Slow,48,Group_DischargeIC,0.03181200456361364,0.027846675116610126,-0.003965329447003514,228,True
CS2_37,degradation_dynamics,Medium,48,Group_CC,0.018932002383751683,0.018805410404989054,-0.0001265919787626288,279,True
CS2_37,degradation_dynamics,Medium,48,Group_CV,0.018932002383751683,0.019032543218804106,0.0001005408350524227,279,True
CS2_37,degradation_dynamics,Medium,48,Group_EnergyEfficiency,0.018932002383751683,0.01882807458811971,-0.00010392779563197369,279,True
CS2_37,degradation_dynamics,Medium,48,Group_DischargeIC,0.018932002383751683,0.018952921047914986,2.091866416330246e-05,279,True
CS2_37,degradation_dynamics,Fast,48,Group_CC,0.024380764669323162,0.024645403237279356,0.00026463856795619356,310,True
CS2_37,degradation_dynamics,Fast,48,Group_CV,0.024380764669323162,0.024199595798446296,-0.00018116887087686606,310,True
CS2_37,degradation_dynamics,Fast,48,Group_EnergyEfficiency,0.024380764669323162,0.02439988598620185,1.91213168786869e-05,310,True
CS2_37,degradation_dynamics,Fast,48,Group_DischargeIC,0.024380764669323162,0.024498243035210667,0.00011747836588750504,310,True
CS2_37,cycle_position,Early-life,48,Group_CC,0.028495637104753144,0.029344741050649582,0.0008491039458964379,301,True
CS2_37,cycle_position,Early-life,48,Group_CV,0.028495637104753144,0.028512039506571517,1.640240181837241e-05,301,True
CS2_37,cycle_position,Early-life,48,Group_EnergyEfficiency,0.028495637104753144,0.028791139703622775,0.00029550259886963054,301,True
CS2_37,cycle_position,Early-life,48,Group_DischargeIC,0.028495637104753144,0.026563791671477013,-0.0019318454332761317,301,True
CS2_37,cycle_position,Mid-life,48,Group_CC,0.016303886970143226,0.01619694691666115,-0.00010694005348207622,331,True
CS2_37,cycle_position,Mid-life,48,Group_CV,0.016303886970143226,0.016281837359243653,-2.2049610899573663e-05,331,True
CS2_37,cycle_position,Mid-life,48,Group_EnergyEfficiency,0.016303886970143226,0.016435342510409085,0.0001314555402658589,331,True
CS2_37,cycle_position,Mid-life,48,Group_DischargeIC,0.016303886970143226,0.016732391917557928,0.00042850494741470194,331,True
CS2_37,cycle_position,Late-life,48,Group_CC,0.027777342107967447,0.028101356181445807,0.00032401407347835975,327,True
CS2_37,cycle_position,Late-life,48,Group_CV,0.027777342107967447,0.02749987681567413,-0.00027746529229331907,327,True
CS2_37,cycle_position,Late-life,48,Group_EnergyEfficiency,0.027777342107967447,0.0278248788400417,4.753673207425271e-05,327,True
CS2_37,cycle_position,Late-life,48,Group_DischargeIC,0.027777342107967447,0.027351384480169837,-0.00042595762779761015,327,True
CS2_38,soh_level,Early,48,Group_CC,0.020677957584105566,0.021747061757293882,0.0010691041731883157,597,True
CS2_38,soh_level,Early,48,Group_CV,0.020677957584105566,0.01952058995022938,-0.001157367633876187,597,True
CS2_38,soh_level,Early,48,Group_EnergyEfficiency,0.020677957584105566,0.021221162434467613,0.0005432048503620467,597,True
CS2_38,soh_level,Early,48,Group_DischargeIC,0.020677957584105566,0.021928196810358267,0.0012502392262527008,597,True
CS2_38,soh_level,Middle,48,Group_CC,0.03185526792722671,0.03223477030767946,0.0003795023804527495,277,True
CS2_38,soh_level,Middle,48,Group_CV,0.03185526792722671,0.030874133855412354,-0.000981134071814358,277,True
CS2_38,soh_level,Middle,48,Group_EnergyEfficiency,0.03185526792722671,0.032226358746684156,0.0003710908194574439,277,True
CS2_38,soh_level,Middle,48,Group_DischargeIC,0.03185526792722671,0.03134749718639185,-0.0005077707408348633,277,True
CS2_38,soh_level,Late,48,Group_CC,0.016814922285133267,0.016652522149133823,-0.0001624001359994444,71,True
CS2_38,soh_level,Late,48,Group_CV,0.016814922285133267,0.01705950920656415,0.0002445869214308845,71,True
CS2_38,soh_level,Late,48,Group_EnergyEfficiency,0.016814922285133267,0.01680036580438923,-1.4556480744037231e-05,71,True
CS2_38,soh_level,Late,48,Group_DischargeIC,0.016814922285133267,0.016560236245439633,-0.0002546860396936343,71,True
CS2_38,degradation_dynamics,Slow,48,Group_CC,0.027321971941465406,0.028235578860109006,0.0009136069186435995,288,True
CS2_38,degradation_dynamics,Slow,48,Group_CV,0.027321971941465406,0.025987032532281865,-0.0013349394091835415,288,True
CS2_38,degradation_dynamics,Slow,48,Group_EnergyEfficiency,0.027321971941465406,0.027926111813428134,0.0006041398719627278,288,True
CS2_38,degradation_dynamics,Slow,48,Group_DischargeIC,0.027321971941465406,0.02674932774463612,-0.0005726441968292861,288,True
CS2_38,degradation_dynamics,Medium,48,Group_CC,0.018906168608027355,0.01909602379508727,0.00018985518705991536,264,True
CS2_38,degradation_dynamics,Medium,48,Group_CV,0.018906168608027355,0.018144162160663023,-0.0007620064473643322,264,True
CS2_38,degradation_dynamics,Medium,48,Group_EnergyEfficiency,0.018906168608027355,0.01916098847673824,0.00025481986871088436,264,True
CS2_38,degradation_dynamics,Medium,48,Group_DischargeIC,0.018906168608027355,0.020627582974677552,0.0017214143666501973,264,True
CS2_38,degradation_dynamics,Fast,48,Group_CC,0.023889338724324045,0.024698066794854298,0.0008087280705302534,287,True
CS2_38,degradation_dynamics,Fast,48,Group_CV,0.023889338724324045,0.02296979806761849,-0.0009195406567055545,287,True
CS2_38,degradation_dynamics,Fast,48,Group_EnergyEfficiency,0.023889338724324045,0.024453146798116013,0.000563808073791968,287,True
CS2_38,degradation_dynamics,Fast,48,Group_DischargeIC,0.023889338724324045,0.02300778241340381,-0.0008815563109202361,287,True
CS2_38,cycle_position,Early-life,48,Group_CC,0.022398981811600206,0.023852834363002146,0.00145385255140194,301,True
CS2_38,cycle_position,Early-life,48,Group_CV,0.022398981811600206,0.020193399914765316,-0.002205581896834889,301,True
CS2_38,cycle_position,Early-life,48,Group_EnergyEfficiency,0.022398981811600206,0.0234669730910652,0.0010679912794649936,301,True
CS2_38,cycle_position,Early-life,48,Group_DischargeIC,0.022398981811600206,0.0211726481237907,-0.0012263336878095069,301,True
CS2_38,cycle_position,Mid-life,48,Group_CC,0.019959922204584188,0.020760559307701824,0.0008006371031176358,331,True
CS2_38,cycle_position,Mid-life,48,Group_CV,0.019959922204584188,0.019565610684560485,-0.00039431152002370254,331,True
CS2_38,cycle_position,Mid-life,48,Group_EnergyEfficiency,0.019959922204584188,0.020124159089297492,0.00016423688471330425,331,True
CS2_38,cycle_position,Mid-life,48,Group_DischargeIC,0.019959922204584188,0.023105819419183018,0.00314589721459883,331,True
CS2_38,cycle_position,Late-life,48,Group_CC,0.02878245072171427,0.028977406543365208,0.0001949558216509384,317,True
CS2_38,cycle_position,Late-life,48,Group_CV,0.02878245072171427,0.02820816166433286,-0.0005742890573814108,317,True
CS2_38,cycle_position,Late-life,48,Group_EnergyEfficiency,0.02878245072171427,0.029011532568190716,0.000229081846476447,317,True
CS2_38,cycle_position,Late-life,48,Group_DischargeIC,0.02878245072171427,0.028434429548331246,-0.00034802117338302366,317,True
CS2_35,soh_level,Early,64,Group_CC,0.021719201661606825,0.021796799107715065,7.759744610823932e-05,540,True
CS2_35,soh_level,Early,64,Group_CV,0.021719201661606825,0.021587099566859135,-0.00013210209474769086,540,True
CS2_35,soh_level,Early,64,Group_EnergyEfficiency,0.021719201661606825,0.02177783279939485,5.863113778802401e-05,540,True
CS2_35,soh_level,Early,64,Group_DischargeIC,0.021719201661606825,0.02247472164410127,0.0007555199824944431,540,True
CS2_35,soh_level,Middle,64,Group_CC,0.03669206745463242,0.03687684842575189,0.000184780971119472,230,True
CS2_35,soh_level,Middle,64,Group_CV,0.03669206745463242,0.03733915470025544,0.0006470872456230264,230,True
CS2_35,soh_level,Middle,64,Group_EnergyEfficiency,0.03669206745463242,0.03671585731533511,2.37898607026929e-05,230,True
CS2_35,soh_level,Middle,64,Group_DischargeIC,0.03669206745463242,0.03824294483593926,0.0015508773813068463,230,True
CS2_35,soh_level,Late,64,Group_CC,0.06889858377701323,0.07092492266269947,0.002026338885686235,14,False
CS2_35,soh_level,Late,64,Group_CV,0.06889858377701323,0.0705510863583716,0.0016525025813583644,14,False
CS2_35,soh_level,Late,64,Group_EnergyEfficiency,0.06889858377701323,0.06937430172014182,0.0004757179431285896,14,False
CS2_35,soh_level,Late,64,Group_DischargeIC,0.06889858377701323,0.0773197421000563,0.008421158323043063,14,False
CS2_35,degradation_dynamics,Slow,64,Group_CC,0.027421341547825637,0.026990735856977595,-0.00043060569084804254,263,True
CS2_35,degradation_dynamics,Slow,64,Group_CV,0.027421341547825637,0.027754465510138604,0.00033312396231296657,263,True
CS2_35,degradation_dynamics,Slow,64,Group_EnergyEfficiency,0.027421341547825637,0.027136814499731193,-0.0002845270480944448,263,True
CS2_35,degradation_dynamics,Slow,64,Group_DischargeIC,0.027421341547825637,0.02769363490663828,0.00027229335881264263,263,True
CS2_35,degradation_dynamics,Medium,64,Group_CC,0.02454232068442689,0.024609053057326358,6.673237289946815e-05,213,True
CS2_35,degradation_dynamics,Medium,64,Group_CV,0.02454232068442689,0.02428565559582455,-0.0002566650886023404,213,True
CS2_35,degradation_dynamics,Medium,64,Group_EnergyEfficiency,0.02454232068442689,0.024557071551282266,1.4750866855376549e-05,213,True
CS2_35,degradation_dynamics,Medium,64,Group_DischargeIC,0.02454232068442689,0.02688619270226798,0.00234387201784109,213,True
CS2_35,degradation_dynamics,Fast,64,Group_CC,0.029400159100819417,0.029913038383766678,0.0005128792829472602,205,True
CS2_35,degradation_dynamics,Fast,64,Group_CV,0.029400159100819417,0.0295853421981218,0.0001851830973023834,205,True
CS2_35,degradation_dynamics,Fast,64,Group_EnergyEfficiency,0.029400159100819417,0.02955552013910761,0.00015536103828819176,205,True
CS2_35,degradation_dynamics,Fast,64,Group_DischargeIC,0.029400159100819417,0.03027822438173939,0.0008780652809199721,205,True
CS2_35,cycle_position,Early-life,64,Group_CC,0.02271395043193156,0.022230235131596852,-0.00048371530033470764,301,True
CS2_35,cycle_position,Early-life,64,Group_CV,0.02271395043193156,0.022880465155163916,0.0001665147232323555,301,True
CS2_35,cycle_position,Early-life,64,Group_EnergyEfficiency,0.02271395043193156,0.022419529744285478,-0.00029442068764608254,301,True
CS2_35,cycle_position,Early-life,64,Group_DischargeIC,0.02271395043193156,0.023253603773556383,0.0005396533416248232,301,True
CS2_35,cycle_position,Mid-life,64,Group_CC,0.027687978812802553,0.02789567839688924,0.00020769958408668743,331,True
CS2_35,cycle_position,Mid-life,64,Group_CV,0.027687978812802553,0.027437240856539768,-0.0002507379562627851,331,True
CS2_35,cycle_position,Mid-life,64,Group_EnergyEfficiency,0.027687978812802553,0.02784099782150618,0.0001530190087036254,331,True
CS2_35,cycle_position,Mid-life,64,Group_DischargeIC,0.027687978812802553,0.028459749133158144,0.0007717703203555908,331,True
CS2_35,cycle_position,Late-life,64,Group_CC,0.034912203423114255,0.03496966602013811,5.7462597023855144e-05,155,True
CS2_35,cycle_position,Late-life,64,Group_CV,0.034912203423114255,0.03580190656455654,0.0008897031414422871,155,True
CS2_35,cycle_position,Late-life,64,Group_EnergyEfficiency,0.034912203423114255,0.03460687867184227,-0.0003053247512719848,155,True
CS2_35,cycle_position,Late-life,64,Group_DischargeIC,0.034912203423114255,0.03781464101843405,0.0029024375953197942,155,True
CS2_36,soh_level,Early,64,Group_CC,0.022523035185281568,0.023105848564113966,0.0005828133788323975,495,True
CS2_36,soh_level,Early,64,Group_CV,0.022523035185281568,0.022364570890779884,-0.00015846429450168398,495,True
CS2_36,soh_level,Early,64,Group_EnergyEfficiency,0.022523035185281568,0.023156046393025684,0.0006330112077441163,495,True
CS2_36,soh_level,Early,64,Group_DischargeIC,0.022523035185281568,0.02173589197525718,-0.0007871432100243873,495,True
CS2_36,soh_level,Middle,64,Group_CC,0.03851702645245217,0.03903376304873984,0.0005167365962876688,261,True
CS2_36,soh_level,Middle,64,Group_CV,0.03851702645245217,0.03800545418288881,-0.0005115722695633595,261,True
CS2_36,soh_level,Middle,64,Group_EnergyEfficiency,0.03851702645245217,0.0387636949064406,0.0002466684539884287,261,True
CS2_36,soh_level,Middle,64,Group_DischargeIC,0.03851702645245217,0.037410403946462445,-0.001106622505989724,261,True
CS2_36,soh_level,Late,64,Group_CC,0.048673667015109744,0.04832284770320152,-0.0003508193119082237,119,True
CS2_36,soh_level,Late,64,Group_CV,0.048673667015109744,0.05093932983811049,0.0022656628230007456,119,True
CS2_36,soh_level,Late,64,Group_EnergyEfficiency,0.048673667015109744,0.04788061046930265,-0.0007930565458070943,119,True
CS2_36,soh_level,Late,64,Group_DischargeIC,0.048673667015109744,0.05109528170542193,0.002421614690312185,119,True
CS2_36,degradation_dynamics,Slow,64,Group_CC,0.027007104074924678,0.027536181162707743,0.0005290770877830649,242,True
CS2_36,degradation_dynamics,Slow,64,Group_CV,0.027007104074924678,0.02693749492204833,-6.960915287634872e-05,242,True
CS2_36,degradation_dynamics,Slow,64,Group_EnergyEfficiency,0.027007104074924678,0.027243464437492787,0.0002363603625681089,242,True
CS2_36,degradation_dynamics,Slow,64,Group_DischargeIC,0.027007104074924678,0.02572788834510691,-0.001279215729817769,242,True
CS2_36,degradation_dynamics,Medium,64,Group_CC,0.03012803033094444,0.030201067852744044,7.303752179960502e-05,217,True
CS2_36,degradation_dynamics,Medium,64,Group_CV,0.03012803033094444,0.030035431731131604,-9.259859981283411e-05,217,True
CS2_36,degradation_dynamics,Medium,64,Group_EnergyEfficiency,0.03012803033094444,0.030224835080781037,9.680474983659801e-05,217,True
CS2_36,degradation_dynamics,Medium,64,Group_DischargeIC,0.03012803033094444,0.02875353492663206,-0.0013744954043123786,217,True
CS2_36,degradation_dynamics,Fast,64,Group_CC,0.03306964289732887,0.0332836633027747,0.00021402040544583195,312,True
CS2_36,degradation_dynamics,Fast,64,Group_CV,0.03306964289732887,0.03350120677474332,0.0004315638774144495,312,True
CS2_36,degradation_dynamics,Fast,64,Group_EnergyEfficiency,0.03306964289732887,0.03332306938591339,0.0002534264885845211,312,True
CS2_36,degradation_dynamics,Fast,64,Group_DischargeIC,0.03306964289732887,0.03313747940038629,6.783650305742378e-05,312,True
CS2_36,cycle_position,Early-life,64,Group_CC,0.025684009189471693,0.02653616094408451,0.0008521517546128191,301,True
CS2_36,cycle_position,Early-life,64,Group_CV,0.025684009189471693,0.025548797487303758,-0.00013521170216793457,301,True
CS2_36,cycle_position,Early-life,64,Group_EnergyEfficiency,0.025684009189471693,0.026511075601738453,0.0008270664122667602,301,True
CS2_36,cycle_position,Early-life,64,Group_DischargeIC,0.025684009189471693,0.02569853381109407,1.4524621622376971e-05,301,True
CS2_36,cycle_position,Mid-life,64,Group_CC,0.025551371323567863,0.02554777213043954,-3.5991931283223255e-06,331,True
CS2_36,cycle_position,Mid-life,64,Group_CV,0.025551371323567863,0.025341752415293642,-0.00020961890827422142,331,True
CS2_36,cycle_position,Mid-life,64,Group_EnergyEfficiency,0.025551371323567863,0.025484017123116338,-6.735420045152554e-05,331,True
CS2_36,cycle_position,Mid-life,64,Group_DischargeIC,0.025551371323567863,0.0230881008166449,-0.002463270506922962,331,True
CS2_36,cycle_position,Late-life,64,Group_CC,0.04490668298181576,0.04518824391433382,0.0002815609325180629,246,True
CS2_36,cycle_position,Late-life,64,Group_CV,0.04490668298181576,0.045794868919256965,0.0008881859374412077,246,True
CS2_36,cycle_position,Late-life,64,Group_EnergyEfficiency,0.04490668298181576,0.044755932541073344,-0.0001507504407424129,246,True
CS2_36,cycle_position,Late-life,64,Group_DischargeIC,0.04490668298181576,0.04658076126145014,0.0016740782796343806,246,True
CS2_37,soh_level,Early,64,Group_CC,0.022869733171374883,0.023183336397246943,0.00031360322587205974,559,True
CS2_37,soh_level,Early,64,Group_CV,0.022869733171374883,0.02368952817889658,0.0008197950075216967,559,True
CS2_37,soh_level,Early,64,Group_EnergyEfficiency,0.022869733171374883,0.023099910852350122,0.00023017768097523955,559,True
CS2_37,soh_level,Early,64,Group_DischargeIC,0.022869733171374883,0.02342150595491166,0.0005517727835367761,559,True
CS2_37,soh_level,Middle,64,Group_CC,0.02833045542032718,0.02856070999417719,0.00023025457385000836,284,True
CS2_37,soh_level,Middle,64,Group_CV,0.02833045542032718,0.02711333973314458,-0.0012171156871826003,284,True
CS2_37,soh_level,Middle,64,Group_EnergyEfficiency,0.02833045542032718,0.028409462862164767,7.900744183758635e-05,284,True
CS2_37,soh_level,Middle,64,Group_DischargeIC,0.02833045542032718,0.0278392183253094,-0.0004912370950177804,284,True
CS2_37,soh_level,Late,64,Group_CC,0.02026463815783709,0.02062186267207949,0.00035722451424240187,96,True
CS2_37,soh_level,Late,64,Group_CV,0.02026463815783709,0.021195124377810265,0.0009304862199731763,96,True
CS2_37,soh_level,Late,64,Group_EnergyEfficiency,0.02026463815783709,0.02029434000691537,2.970184907827994e-05,96,True
CS2_37,soh_level,Late,64,Group_DischargeIC,0.02026463815783709,0.020721132570558454,0.00045649441272136576,96,True
CS2_37,degradation_dynamics,Slow,64,Group_CC,0.026870192423267766,0.027080719084475527,0.00021052666120776123,229,True
CS2_37,degradation_dynamics,Slow,64,Group_CV,0.026870192423267766,0.02758597262551758,0.0007157802022498133,229,True
CS2_37,degradation_dynamics,Slow,64,Group_EnergyEfficiency,0.026870192423267766,0.02704812195374436,0.0001779295304765935,229,True
CS2_37,degradation_dynamics,Slow,64,Group_DischargeIC,0.026870192423267766,0.02394581838612595,-0.0029243740371418143,229,True
CS2_37,degradation_dynamics,Medium,64,Group_CC,0.021222808117021468,0.020945715888500006,-0.0002770922285214618,277,True
CS2_37,degradation_dynamics,Medium,64,Group_CV,0.021222808117021468,0.021701497483590564,0.0004786893665690954,277,True
CS2_37,degradation_dynamics,Medium,64,Group_EnergyEfficiency,0.021222808117021468,0.020989998598900012,-0.00023280951812145595,277,True
CS2_37,degradation_dynamics,Medium,64,Group_DischargeIC,0.021222808117021468,0.021803218210610858,0.0005804100935893897,277,True
CS2_37,degradation_dynamics,Fast,64,Group_CC,0.02258494779930874,0.02301630902777877,0.0004313612284700327,298,True
CS2_37,degradation_dynamics,Fast,64,Group_CV,0.02258494779930874,0.02220214797362316,-0.0003827998256855786,298,True
CS2_37,degradation_dynamics,Fast,64,Group_EnergyEfficiency,0.02258494779930874,0.022704101727631903,0.00011915392832316518,298,True
CS2_37,degradation_dynamics,Fast,64,Group_DischargeIC,0.02258494779930874,0.023502813236913007,0.0009178654376042691,298,True
CS2_37,cycle_position,Early-life,64,Group_CC,0.02772700062416456,0.0285690888424299,0.0008420882182653411,301,True
CS2_37,cycle_position,Early-life,64,Group_CV,0.02772700062416456,0.028648894104948062,0.0009218934807835033,301,True
CS2_37,cycle_position,Early-life,64,Group_EnergyEfficiency,0.02772700062416456,0.028135466714328948,0.00040846609016438953,301,True
CS2_37,cycle_position,Early-life,64,Group_DischargeIC,0.02772700062416456,0.02663301252715177,-0.0010939880970127873,301,True
CS2_37,cycle_position,Mid-life,64,Group_CC,0.018778421690055135,0.018634544135789185,-0.0001438775542659497,331,True
CS2_37,cycle_position,Mid-life,64,Group_CV,0.018778421690055135,0.01876449038923269,-1.3931300822445092e-05,331,True
CS2_37,cycle_position,Mid-life,64,Group_EnergyEfficiency,0.018778421690055135,0.01886298362673701,8.456193668187478e-05,331,True
CS2_37,cycle_position,Mid-life,64,Group_DischargeIC,0.018778421690055135,0.02035292384223277,0.001574502152177637,331,True
CS2_37,cycle_position,Late-life,64,Group_CC,0.027003987748268024,0.027473165615921925,0.0004691778676539013,311,True
CS2_37,cycle_position,Late-life,64,Group_CV,0.027003987748268024,0.026738827882447597,-0.0002651598658204267,311,True
CS2_37,cycle_position,Late-life,64,Group_EnergyEfficiency,0.027003987748268024,0.027136038761131864,0.00013205101286383955,311,True
CS2_37,cycle_position,Late-life,64,Group_DischargeIC,0.027003987748268024,0.027107823363482067,0.00010383561521404294,311,True
CS2_38,soh_level,Early,64,Group_CC,0.023253821390261515,0.02402285396748602,0.0007690325772245037,598,True
CS2_38,soh_level,Early,64,Group_CV,0.023253821390261515,0.021465884568007725,-0.0017879368222537897,598,True
CS2_38,soh_level,Early,64,Group_EnergyEfficiency,0.023253821390261515,0.023998659588030446,0.0007448381977689308,598,True
CS2_38,soh_level,Early,64,Group_DischargeIC,0.023253821390261515,0.024423374184181387,0.0011695527939198716,598,True
CS2_38,soh_level,Middle,64,Group_CC,0.03249796360533138,0.03240489559884566,-9.306800648572339e-05,276,True
CS2_38,soh_level,Middle,64,Group_CV,0.03249796360533138,0.03120718908791464,-0.0012907745174167394,276,True
CS2_38,soh_level,Middle,64,Group_EnergyEfficiency,0.03249796360533138,0.03262719852349542,0.00012923491816403676,276,True
CS2_38,soh_level,Middle,64,Group_DischargeIC,0.03249796360533138,0.0314374356381055,-0.0010605279672258813,276,True
CS2_38,soh_level,Late,64,Group_CC,0.014242724668479381,0.013670304834450975,-0.0005724198340284065,56,True
CS2_38,soh_level,Late,64,Group_CV,0.014242724668479381,0.013750207354549956,-0.0004925173139294255,56,True
CS2_38,soh_level,Late,64,Group_EnergyEfficiency,0.014242724668479381,0.014026936453679528,-0.000215788214799853,56,True
CS2_38,soh_level,Late,64,Group_DischargeIC,0.014242724668479381,0.013388222379960448,-0.0008545022885189327,56,True
CS2_38,degradation_dynamics,Slow,64,Group_CC,0.024037720682030972,0.02444678403361891,0.000409063351587937,287,True
CS2_38,degradation_dynamics,Slow,64,Group_CV,0.024037720682030972,0.023013693459391048,-0.0010240272226399241,287,True
CS2_38,degradation_dynamics,Slow,64,Group_EnergyEfficiency,0.024037720682030972,0.024410596071672203,0.0003728753896412307,287,True
CS2_38,degradation_dynamics,Slow,64,Group_DischargeIC,0.024037720682030972,0.023564014229234855,-0.0004737064527961174,287,True
CS2_38,degradation_dynamics,Medium,64,Group_CC,0.024803003463068636,0.024680324539449516,-0.00012267892361911975,265,True
CS2_38,degradation_dynamics,Medium,64,Group_CV,0.024803003463068636,0.023239565320730703,-0.0015634381423379334,265,True
CS2_38,degradation_dynamics,Medium,64,Group_EnergyEfficiency,0.024803003463068636,0.024973985217134526,0.0001709817540658902,265,True
CS2_38,degradation_dynamics,Medium,64,Group_DischargeIC,0.024803003463068636,0.025863951265255675,0.0010609478021870386,265,True
CS2_38,degradation_dynamics,Fast,64,Group_CC,0.023763237803950107,0.02426509592638944,0.0005018581224393338,274,True
CS2_38,degradation_dynamics,Fast,64,Group_CV,0.023763237803950107,0.021593954109846897,-0.00216928369410321,274,True
CS2_38,degradation_dynamics,Fast,64,Group_EnergyEfficiency,0.023763237803950107,0.024307535635774893,0.0005442978318247853,274,True
CS2_38,degradation_dynamics,Fast,64,Group_DischargeIC,0.023763237803950107,0.022322886704106246,-0.0014403510998438618,274,True
CS2_38,cycle_position,Early-life,64,Group_CC,0.02503205203907784,0.025881498342547875,0.000849446303470034,301,True
CS2_38,cycle_position,Early-life,64,Group_CV,0.02503205203907784,0.02185175208704599,-0.00318029995203185,301,True
CS2_38,cycle_position,Early-life,64,Group_EnergyEfficiency,0.02503205203907784,0.025951316702061945,0.0009192646629841046,301,True
CS2_38,cycle_position,Early-life,64,Group_DischargeIC,0.02503205203907784,0.023316340879219726,-0.0017157111598581146,301,True
CS2_38,cycle_position,Mid-life,64,Group_CC,0.02313721792795416,0.023900138975993995,0.0007629210480398357,331,True
CS2_38,cycle_position,Mid-life,64,Group_CV,0.02313721792795416,0.022395631358437636,-0.0007415865695165232,331,True
CS2_38,cycle_position,Mid-life,64,Group_EnergyEfficiency,0.02313721792795416,0.023794473068611984,0.0006572551406578246,331,True
CS2_38,cycle_position,Mid-life,64,Group_DischargeIC,0.02313721792795416,0.026498251267698933,0.0033610333397447734,331,True
CS2_38,cycle_position,Late-life,64,Group_CC,0.02843640991422627,0.02803185062577507,-0.0004045592884511992,301,True
CS2_38,cycle_position,Late-life,64,Group_CV,0.02843640991422627,0.02760966229030479,-0.0008267476239214797,301,True
CS2_38,cycle_position,Late-life,64,Group_EnergyEfficiency,0.02843640991422627,0.02834312621114906,-9.32837030772106e-05,301,True
CS2_38,cycle_position,Late-life,64,Group_DischargeIC,0.02843640991422627,0.02761382379692457,-0.0008225861173016998,301,True
