battery,feature,horizon,metric,block_length,bootstrap_n_c,circular_estimate,circular_low,circular_high,circular_n,bootstrap_n_n,noncircular_estimate,noncircular_low,noncircular_high,n_effective,contiguous_segments,max_segment_length,bootstrap_type,ci_width_circular,ci_width_noncircular
CS2_35,HF1,1,degradation_pearson,10,1000,-0.0191494374326951,-0.0462905903754271,0.0078500653335006,875,1000,-0.017619875355398773,-0.04524344935379538,0.008363701913825211,875,5,374,non_circular_segmented,0.0541406557089277,0.05360715126762059
CS2_35,HF1,1,degradation_spearman,10,1000,-0.0850963513286839,-0.1820549088805645,0.0058533842073187,875,1000,-0.07804895765169942,-0.1671814355464367,0.022746064363595813,875,5,374,non_circular_segmented,0.1879082930878832,0.1899274999100325
CS2_35,HF1,1,partial_pearson_controlling_SOH,10,1000,0.4514326580269094,0.3178499520220724,0.6144400321128629,875,1000,0.5989865982800912,0.4376082633759974,0.6516143616642234,875,5,374,non_circular_segmented,0.2965900800907905,0.21400609828822598
CS2_35,HF1,1,degradation_pearson,20,1000,-0.0183589744011915,-0.0425378107914857,0.0041984491949905,875,1000,-0.014409944243730937,-0.03747301138426098,0.006222421302947201,875,5,374,non_circular_segmented,0.0467362599864762,0.04369543268720818
CS2_35,HF1,1,degradation_spearman,20,1000,-0.0892016011798222,-0.1923558867332462,0.0314732645682832,875,1000,-0.06503560381653045,-0.16239028859638555,0.03968305827066918,875,5,374,non_circular_segmented,0.2238291513015294,0.20207334686705472
CS2_35,HF1,1,partial_pearson_controlling_SOH,20,1000,0.4547426369994909,0.3107605142607467,0.6318237473885554,875,1000,0.6148025791250333,0.4758890770308713,0.6632121598508096,875,5,374,non_circular_segmented,0.3210632331278087,0.1873230828199383
CS2_35,HF1,1,degradation_pearson,30,1000,-0.0181927629461703,-0.0430023515984741,0.0033849802610672,875,1000,-0.014096019039505768,-0.03132774752420027,0.0060532434909214864,875,5,374,non_circular_segmented,0.046387331859541296,0.03738099101512175
CS2_35,HF1,1,degradation_spearman,30,1000,-0.0835414027548258,-0.1935611839216763,0.049778032092115,875,1000,-0.05436296832487535,-0.17211517155028877,0.090672277639378,875,5,374,non_circular_segmented,0.2433392160137913,0.2627874491896668
CS2_35,HF1,1,partial_pearson_controlling_SOH,30,1000,0.4525468687168039,0.3142516420361527,0.6270687299408262,875,1000,0.6238554752997871,0.4850676335502965,0.670926402217808,875,5,374,non_circular_segmented,0.3128170879046735,0.1858587686675115
CS2_35,HF2,1,degradation_pearson,10,1000,0.0222807201425701,-0.0337763383833186,0.0786600484064727,851,1000,0.017116788923751708,-0.03648664055728618,0.08508251202523198,851,30,111,non_circular_segmented,0.1124363867897913,0.12156915258251816
CS2_35,HF2,1,degradation_spearman,10,1000,0.0443352371871413,-0.0606653143317418,0.1438470527407825,851,1000,0.027331511720793962,-0.07151110465044036,0.1251416633808261,851,30,111,non_circular_segmented,0.2045123670725243,0.19665276803126647
CS2_35,HF2,1,partial_pearson_controlling_SOH,10,1000,0.0724538153385653,0.0076961621103551,0.1412117175534608,851,1000,0.07160125456853873,0.005172355269252514,0.1675999769188188,851,30,111,non_circular_segmented,0.1335155554431057,0.16242762164956628
CS2_35,HF2,1,degradation_pearson,20,1000,0.0212343810821436,-0.038053924442571,0.0782462658935168,851,1000,0.007009639296264105,-0.053029801343621466,0.069890216954955,851,30,111,non_circular_segmented,0.1163001903360878,0.12292001829857646
CS2_35,HF2,1,degradation_spearman,20,1000,0.041664282241071,-0.0834256449437209,0.1510527070910055,851,1000,-0.024198835723448536,-0.14597256483550924,0.08580448915868813,851,30,111,non_circular_segmented,0.2344783520347264,0.23177705399419737
CS2_35,HF2,1,partial_pearson_controlling_SOH,20,1000,0.0737493780883909,0.0118899068509217,0.1329928320923002,851,1000,0.1086066260643342,0.015472428567107014,0.23120079857066728,851,30,111,non_circular_segmented,0.1211029252413785,0.21572837000356027
CS2_35,HF2,1,degradation_pearson,30,1000,0.020183755617645,-0.0394891258406104,0.0805058458199472,851,1000,0.006715255073212923,-0.08064306348102009,0.07720328709023717,851,30,111,non_circular_segmented,0.1199949716605576,0.15784635057125726
CS2_35,HF2,1,degradation_spearman,30,1000,0.0411609284754565,-0.094079451903078,0.1490050248177701,851,1000,-0.04171013366251529,-0.20417684140075115,0.0885726096556491,851,30,111,non_circular_segmented,0.2430844767208481,0.29274945105640027
CS2_35,HF2,1,partial_pearson_controlling_SOH,30,1000,0.0738821615573602,0.0111769810240099,0.1318400333188852,851,1000,0.13088050177501204,0.07103584943390824,0.23099665188212148,851,30,111,non_circular_segmented,0.12066305229487528,0.15996080244821326
CS2_35,HF3,1,degradation_pearson,10,1000,-0.0176798800052965,-0.0837679716159391,0.019826385548322,849,1000,-0.005858734029436061,-0.11875887030128397,0.0997714779767223,849,30,111,non_circular_segmented,0.1035943571642611,0.21853034827800627
CS2_35,HF3,1,degradation_spearman,10,1000,-0.1399364910003613,-0.2384076020803563,-0.0421376357115173,849,1000,-0.11691219531318872,-0.20469629320480576,-0.022870323510549215,849,30,111,non_circular_segmented,0.196269966368839,0.18182596969425655
CS2_35,HF3,1,partial_pearson_controlling_SOH,10,1000,-0.01726441276137,-0.0989248070391735,-0.0021420984842853,849,1000,-0.11149134741503966,-0.26551538516329004,0.011830266925048979,849,30,111,non_circular_segmented,0.0967827085548882,0.277345652088339
CS2_35,HF3,1,degradation_pearson,20,1000,-0.0174708985729349,-0.0891519601457402,0.0213251269490835,849,1000,0.019643036288126227,-0.08834531083864891,0.13849486985220558,849,30,111,non_circular_segmented,0.1104770870948237,0.2268401806908545
CS2_35,HF3,1,degradation_spearman,20,1000,-0.1395331643787781,-0.2452506187818642,-0.033663067759401,849,1000,-0.07609210441403029,-0.1698982166069815,0.02166158149058943,849,30,111,non_circular_segmented,0.21158755102246318,0.19155979809757095
CS2_35,HF3,1,partial_pearson_controlling_SOH,20,1000,-0.0162851300692384,-0.0836889646171796,-0.0013418800215599,849,1000,-0.1560821474990752,-0.28938737742737297,-0.025138089771464103,849,30,111,non_circular_segmented,0.08234708459561971,0.2642492876559089
CS2_35,HF3,1,degradation_pearson,30,1000,-0.0159058353155074,-0.0830564204306701,0.0224603196857887,849,1000,0.0009607527961944581,-0.08769746626813534,0.11334047566101939,849,30,111,non_circular_segmented,0.1055167401164588,0.20103794192915472
CS2_35,HF3,1,degradation_spearman,30,1000,-0.1356219118387139,-0.2519833237698442,-0.0105148345763512,849,1000,-0.06581996426207794,-0.19123568314753056,0.07267349585228289,849,30,111,non_circular_segmented,0.24146848919349304,0.2639091789998135
CS2_35,HF3,1,partial_pearson_controlling_SOH,30,1000,-0.0162603643897486,-0.0820888433983519,-0.002715072833858,849,1000,-0.13310030297889902,-0.2269007125312306,-0.02745250312873723,849,30,111,non_circular_segmented,0.0793737705644939,0.19944820940249336
CS2_35,HF4,1,degradation_pearson,10,1000,-0.0305521273866697,-0.0984123287200964,0.0463100252699547,575,1000,0.067975815749275,-0.012324080579708475,0.1318657605101156,575,39,98,non_circular_segmented,0.14472235399005112,0.14418984108982405
CS2_35,HF4,1,degradation_spearman,10,1000,0.0853407546262803,-0.0234912979564741,0.1860770437490796,575,1000,0.19674465221763598,0.09984926364074374,0.2895607642808376,575,39,98,non_circular_segmented,0.2095683417055537,0.18971150064009384
CS2_35,HF4,1,partial_pearson_controlling_SOH,10,1000,0.0192180072032669,-0.0951946639187412,0.152606407336434,575,1000,0.11376398724469543,-0.08516944680309638,0.3419825174753105,575,39,98,non_circular_segmented,0.2478010712551752,0.42715196427840685
CS2_35,HF4,1,degradation_pearson,20,1000,-0.0277683361880892,-0.0911735347157084,0.0435764331947322,575,1000,0.10677422375337774,0.04232963798297421,0.17631701629630053,575,39,98,non_circular_segmented,0.13474996791044058,0.13398737831332633
CS2_35,HF4,1,degradation_spearman,20,1000,0.0847341797527241,-0.0190531809600444,0.1824974130643668,575,1000,0.22615908791953587,0.11895049912247578,0.3221965401109033,575,39,98,non_circular_segmented,0.2015505940244112,0.20324604098842752
CS2_35,HF4,1,partial_pearson_controlling_SOH,20,1000,0.0212787564751089,-0.0892635244076886,0.150417836699032,575,1000,0.09591333214731729,-0.1229341102348657,0.34295661487183027,575,39,98,non_circular_segmented,0.23968136110672061,0.46589072510669594
CS2_35,HF4,1,degradation_pearson,30,1000,-0.0290785381020561,-0.0917205744072864,0.0472642739647869,575,1000,0.1390583648523615,0.07263354287043311,0.20715680064998618,575,39,98,non_circular_segmented,0.1389848483720733,0.13452325777955307
CS2_35,HF4,1,degradation_spearman,30,1000,0.0789625631241373,-0.0313119041452999,0.1938036257704108,575,1000,0.2622668091468457,0.1601526735772166,0.34242702760555904,575,39,98,non_circular_segmented,0.2251155299157107,0.18227435402834244
CS2_35,HF4,1,partial_pearson_controlling_SOH,30,1000,0.0228127516739103,-0.0859716618965027,0.1529528686611404,575,1000,0.09220281259376459,-0.1422602041346732,0.3407848890913328,575,39,98,non_circular_segmented,0.23892453055764312,0.483045093226006
CS2_35,HF5,1,degradation_pearson,10,1000,-0.0222411903665723,-0.0849141461659398,0.0449104549179548,574,1000,0.07606703292822234,-0.0029363124229952126,0.15349531306312572,574,40,98,non_circular_segmented,0.1298246010838946,0.15643162548612094
CS2_35,HF5,1,degradation_spearman,10,1000,0.0459187851341343,-0.0587767230848587,0.1385738324635179,574,1000,0.1305174142134659,0.04858267001950973,0.21724516328008545,574,40,98,non_circular_segmented,0.1973505555483766,0.16866249326057572
CS2_35,HF5,1,partial_pearson_controlling_SOH,10,1000,-0.0277768536842532,-0.1071965251489698,0.0593036900544167,574,1000,-0.039196887789796214,-0.12257893150951382,0.06485444581510048,574,40,98,non_circular_segmented,0.16650021520338648,0.1874333773246143
CS2_35,HF5,1,degradation_pearson,20,1000,-0.0233423369280702,-0.0780658720620812,0.0381383474041443,574,1000,0.12558068078604157,0.05402164672872207,0.186477446912995,574,40,98,non_circular_segmented,0.1162042194662255,0.13245580018427294
CS2_35,HF5,1,degradation_spearman,20,1000,0.0457665733763758,-0.051031944623709,0.137517823113387,574,1000,0.15959427864943643,0.05542941644074878,0.253010648833558,574,40,98,non_circular_segmented,0.188549767737096,0.19758123239280923
CS2_35,HF5,1,partial_pearson_controlling_SOH,20,1000,-0.0247181168151617,-0.0991697737747331,0.0550455490107857,574,1000,-0.05765847054763859,-0.14146446962773201,0.044199988412788736,574,40,98,non_circular_segmented,0.1542153227855188,0.18566445804052076
CS2_35,HF5,1,degradation_pearson,30,1000,-0.0241100697720853,-0.0795403009741431,0.0431115515249811,574,1000,0.15395414318082484,0.08465754191547724,0.2029208512300096,574,40,98,non_circular_segmented,0.12265185249912419,0.11826330931453237
CS2_35,HF5,1,degradation_spearman,30,1000,0.0451731215752067,-0.0603833622940384,0.1470149345685822,574,1000,0.18706097471459543,0.05458978538591599,0.27309016604365066,574,40,98,non_circular_segmented,0.2073982968626206,0.21850038065773467
CS2_35,HF5,1,partial_pearson_controlling_SOH,30,1000,-0.0259122191570657,-0.0961025197400821,0.0424875389505646,574,1000,-0.04662073499210069,-0.12479402581413569,0.033907338759219224,574,40,98,non_circular_segmented,0.1385900586906467,0.15870136457335493
CS2_35,HF6,1,degradation_pearson,10,1000,0.0162343631040729,-0.0436140094310744,0.0822064790687494,574,1000,0.11310189802155335,0.04061704114430566,0.19977919241283346,574,40,98,non_circular_segmented,0.1258204884998238,0.15916215126852779
CS2_35,HF6,1,degradation_spearman,10,1000,0.1200858862086597,0.0358129364596912,0.2006783070493745,574,1000,0.21136481128135182,0.13088121659991556,0.2949922079779788,574,40,98,non_circular_segmented,0.1648653705896833,0.16411099137806326
CS2_35,HF6,1,partial_pearson_controlling_SOH,10,1000,-0.0925594102271264,-0.1510676624804548,-0.0276865407742373,574,1000,-0.10891503683827483,-0.20535836715838998,-0.0313488600597448,574,40,98,non_circular_segmented,0.12338112170621751,0.17400950709864518
CS2_35,HF6,1,degradation_pearson,20,1000,0.0158932303846355,-0.0473535606886851,0.0834958485517139,574,1000,0.16062866978812457,0.09093800334713247,0.2419934493016053,574,40,98,non_circular_segmented,0.130849409240399,0.15105544595447284
CS2_35,HF6,1,degradation_spearman,20,1000,0.1198130527057793,0.044084498300665,0.2108224587669257,574,1000,0.2560197244896216,0.16772696719824387,0.3368715879903807,574,40,98,non_circular_segmented,0.16673796046626072,0.16914462079213682
CS2_35,HF6,1,partial_pearson_controlling_SOH,20,1000,-0.0914967059842535,-0.151569790523304,-0.0242591249664115,574,1000,-0.14229945902311564,-0.235885026592733,-0.03210219611959758,574,40,98,non_circular_segmented,0.1273106655568925,0.20378283047313542
CS2_35,HF6,1,degradation_pearson,30,1000,0.0212175594947364,-0.0439303909493177,0.096859812174818,574,1000,0.18748757530721277,0.11036534772983515,0.27181628631558746,574,40,98,non_circular_segmented,0.1407902031241357,0.16145093858575232
CS2_35,HF6,1,degradation_spearman,30,1000,0.1188050021209616,0.0342879599161941,0.2112804238804102,574,1000,0.2913418420812953,0.20879570102932465,0.3567563529074203,574,40,98,non_circular_segmented,0.1769924639642161,0.14796065187809565
CS2_35,HF6,1,partial_pearson_controlling_SOH,30,1000,-0.0927927872198094,-0.1510649244632179,-0.0229921457445317,574,1000,-0.14107712915195864,-0.23829024260770995,-0.01570441021623051,574,40,98,non_circular_segmented,0.1280727787186862,0.22258583239147944
CS2_35,HF7,1,degradation_pearson,10,1000,-0.0196082484381987,-0.0475270875047564,0.0058223347372332,875,1000,-0.01596670901406065,-0.04394589725636848,0.009515389424133842,875,5,374,non_circular_segmented,0.0533494222419896,0.05346128668050232
CS2_35,HF7,1,degradation_spearman,10,1000,-0.0882722404995546,-0.1796807470287285,0.0104578471579281,875,1000,-0.0753469886403903,-0.1629652937939263,0.017704951624595337,875,5,374,non_circular_segmented,0.1901385941866566,0.18067024541852164
CS2_35,HF7,1,partial_pearson_controlling_SOH,10,1000,0.449397580524439,0.2982034442807551,0.611127369381239,875,1000,0.5847758546616633,0.43042426368687203,0.6441686143839421,875,5,374,non_circular_segmented,0.3129239251004839,0.2137443506970701
CS2_35,HF7,1,degradation_pearson,20,1000,-0.0189519520450683,-0.0449998361629594,0.0034652011173061,875,1000,-0.01430418729085742,-0.037233695611053774,0.007959243308457776,875,5,374,non_circular_segmented,0.048465037280265494,0.04519293891951155
CS2_35,HF7,1,degradation_spearman,20,1000,-0.0821536526848141,-0.1858297455033448,0.0345938915295065,875,1000,-0.06002752160454469,-0.158102201858001,0.05697954369150194,875,5,374,non_circular_segmented,0.2204236370328513,0.21508174554950293
CS2_35,HF7,1,partial_pearson_controlling_SOH,20,1000,0.4498077262424692,0.3017923575021217,0.6218949868109149,875,1000,0.6000394244655872,0.46072441435795636,0.6588927374516225,875,5,374,non_circular_segmented,0.32010262930879324,0.1981683230936661
CS2_35,HF7,1,degradation_pearson,30,1000,-0.0178900083684078,-0.0419662645259717,0.0036333175747659,875,1000,-0.01250121275622797,-0.02916221628211741,0.007086911482778779,875,5,374,non_circular_segmented,0.0455995821007376,0.03624912776489619
CS2_35,HF7,1,degradation_spearman,30,1000,-0.0826077234891972,-0.1902690821514182,0.0555627635026523,875,1000,-0.052427634918369964,-0.1660735792599463,0.0896648735175554,875,5,374,non_circular_segmented,0.24583184565407049,0.25573845277750173
CS2_35,HF7,1,partial_pearson_controlling_SOH,30,1000,0.4418843434514005,0.2952323415677198,0.625674604893858,875,1000,0.6140209236273946,0.4735070160532332,0.6644813936401842,875,5,374,non_circular_segmented,0.33044226332613813,0.19097437758695102
CS2_35,HF8,1,degradation_pearson,10,1000,0.0308840226204965,-0.0257667303905545,0.0855441572214741,851,1000,0.019634825964430176,-0.033409746314228946,0.08244038337140801,851,30,111,non_circular_segmented,0.11131088761202859,0.11585012968563696
CS2_35,HF8,1,degradation_spearman,10,1000,0.0533349708054769,-0.0385600270752652,0.1393932987021721,851,1000,0.03089005517881173,-0.06888111077685785,0.13226251484107618,851,30,111,non_circular_segmented,0.1779533257774373,0.20114362561793403
CS2_35,HF8,1,partial_pearson_controlling_SOH,10,1000,0.0630131268133478,0.0023756761842045,0.1357205421972385,851,1000,0.06701319709674657,0.0027958428922254326,0.15911316146904883,851,30,111,non_circular_segmented,0.133344866013034,0.1563173185768234
CS2_35,HF8,1,degradation_pearson,20,1000,0.0298576251464034,-0.0344672452187024,0.0892881449456063,851,1000,0.014114607820018792,-0.04131954052362435,0.07747271464374417,851,30,111,non_circular_segmented,0.1237553901643087,0.11879225516736852
CS2_35,HF8,1,degradation_spearman,20,1000,0.0485521162459678,-0.0640697423545465,0.1480063598407749,851,1000,-0.018743211075379143,-0.13512767124785435,0.09029478719709284,851,30,111,non_circular_segmented,0.21207610219532141,0.22542245844494718
CS2_35,HF8,1,partial_pearson_controlling_SOH,20,1000,0.0653286855406743,0.0024360734612931,0.1310390965083231,851,1000,0.08786166486944329,-0.002839455324994589,0.21804046359905027,851,30,111,non_circular_segmented,0.12860302304703,0.22087991892404485
CS2_35,HF8,1,degradation_pearson,30,1000,0.0291584739737063,-0.0302033488170464,0.0831928255102288,851,1000,0.012740279539000894,-0.06734116524879279,0.08429423957815523,851,30,111,non_circular_segmented,0.1133961743272752,0.151635404826948
CS2_35,HF8,1,degradation_spearman,30,1000,0.0452837343656006,-0.0852462332964413,0.1543006674041798,851,1000,-0.038047201733622055,-0.19339969382100095,0.0997028582182454,851,30,111,non_circular_segmented,0.23954690070062112,0.29310255203924634
CS2_35,HF8,1,partial_pearson_controlling_SOH,30,1000,0.0665085470214804,0.0065240937822446,0.117800997315907,851,1000,0.11283119839959876,0.04693940180247606,0.20901820090466688,851,30,111,non_circular_segmented,0.1112769035336624,0.1620787991021908
CS2_35,HF1,4,degradation_pearson,10,1000,-0.0730406809472055,-0.1419269798085545,-0.0002959363687772,872,1000,-0.06331431662596534,-0.13506069221382455,0.008699460131437516,872,9,371,non_circular_segmented,0.1416310434397773,0.14376015234526207
CS2_35,HF1,4,degradation_spearman,10,1000,-0.0917817058220893,-0.2124704702901011,0.0358226891878871,872,1000,-0.07631162143904625,-0.20393542313542434,0.05126422818912867,872,9,371,non_circular_segmented,0.2482931594779882,0.255199651324553
CS2_35,HF1,4,partial_pearson_controlling_SOH,10,1000,0.4338221878765251,0.2676699186428971,0.6167961111961223,872,1000,0.5808151659205372,0.4115672467855037,0.6559948262332671,872,9,371,non_circular_segmented,0.34912619255322525,0.2444275794477634
CS2_35,HF1,4,degradation_pearson,20,1000,-0.0714813702508364,-0.1415341169617802,-0.0071868024051589,872,1000,-0.05457957796464585,-0.11858980069462109,-0.0038381197275571665,872,9,371,non_circular_segmented,0.1343473145566213,0.11475168096706392
CS2_35,HF1,4,degradation_spearman,20,1000,-0.091795591430723,-0.2196841806615745,0.0433434125564583,872,1000,-0.062270057371891674,-0.18738216865440585,0.06956747367449012,872,9,371,non_circular_segmented,0.2630275932180328,0.25694964232889594
CS2_35,HF1,4,partial_pearson_controlling_SOH,20,1000,0.4220717000888713,0.2561346438211,0.6219493815606766,872,1000,0.5938760143421435,0.4309428536545551,0.662609692448066,872,9,371,non_circular_segmented,0.36581473773957657,0.2316668387935109
CS2_35,HF1,4,degradation_pearson,30,1000,-0.0674383018730033,-0.1402398115328194,-0.0089769392578429,872,1000,-0.05307500963649901,-0.09604224803691126,-0.003730849782326666,872,9,371,non_circular_segmented,0.1312628722749765,0.09231139825458459
CS2_35,HF1,4,degradation_spearman,30,1000,-0.0821176637616862,-0.2279817567579286,0.0697602661822922,872,1000,-0.053459040692078304,-0.19364031225398975,0.10009729248492047,872,9,371,non_circular_segmented,0.2977420229402208,0.2937376047389102
CS2_35,HF1,4,partial_pearson_controlling_SOH,30,1000,0.4291775311360483,0.2614598804574099,0.6264207495261966,872,1000,0.6131063476099639,0.45243795349118715,0.6702674807842678,872,9,371,non_circular_segmented,0.3649608690687867,0.21782952729308064
CS2_35,HF2,4,degradation_pearson,10,1000,0.0744699829804504,-0.0041899784726492,0.1542803354578092,848,1000,0.09168389032878241,-0.0021327963747304105,0.1771425306796573,848,34,111,non_circular_segmented,0.1584703139304584,0.1792753270543877
CS2_35,HF2,4,degradation_spearman,10,1000,0.0520749637258647,-0.0747960945091542,0.1804345297343414,848,1000,0.027595089602898228,-0.10903600989926886,0.15034398729365747,848,34,111,non_circular_segmented,0.25523062424349563,0.2593799971929263
CS2_35,HF2,4,partial_pearson_controlling_SOH,10,1000,0.0953840583717816,0.0164138878857348,0.1833166590391769,848,1000,0.09932459344572335,0.006028590417725231,0.20403912251183942,848,34,111,non_circular_segmented,0.1669027711534421,0.19801053209411418
CS2_35,HF2,4,degradation_pearson,20,1000,0.070855908459979,-0.0087593687457884,0.144074757616847,848,1000,0.08852934880314658,-0.02520236133660906,0.1839004489160249,848,34,111,non_circular_segmented,0.15283412636263538,0.20910281025263394
CS2_35,HF2,4,degradation_spearman,20,1000,0.0439914646094669,-0.095737906478091,0.1725682121462138,848,1000,-0.0032286408063162625,-0.15627402506491447,0.1559516603115078,848,34,111,non_circular_segmented,0.26830611862430476,0.31222568537642226
CS2_35,HF2,4,partial_pearson_controlling_SOH,20,1000,0.0996246947589491,0.0158868173639402,0.1895400655062393,848,1000,0.1387303660569183,0.0363005688487428,0.2616880326428189,848,34,111,non_circular_segmented,0.1736532481422991,0.22538746379407612
CS2_35,HF2,4,degradation_pearson,30,1000,0.0709112478842443,-0.0159809581769744,0.1530260645090965,848,1000,0.08199912515455864,-0.08642010703429544,0.2074240915476629,848,34,111,non_circular_segmented,0.1690070226860709,0.2938441985819583
CS2_35,HF2,4,degradation_spearman,30,1000,0.0372078388723386,-0.1183550758774497,0.1858101544929817,848,1000,-0.04134718228631005,-0.24335186697144895,0.15422618159877807,848,34,111,non_circular_segmented,0.3041652303704314,0.39757804857022705
CS2_35,HF2,4,partial_pearson_controlling_SOH,30,1000,0.0968967901533966,0.0061583223014068,0.1819918477487995,848,1000,0.15902435554208766,0.07226625262777515,0.27668513074485146,848,34,111,non_circular_segmented,0.1758335254473927,0.20441887811707632
CS2_35,HF3,4,degradation_pearson,10,1000,-0.0809376567806514,-0.2208561580746729,-0.0232314738653428,846,1000,-0.07654503184609877,-0.18580562031255143,0.03504918956373822,846,34,111,non_circular_segmented,0.1976246842093301,0.22085480987628964
CS2_35,HF3,4,degradation_spearman,10,1000,-0.0524150182862894,-0.1788133428686539,0.0862630616853347,846,1000,-0.007527997583002353,-0.14631933140751055,0.12578516336638093,846,34,111,non_circular_segmented,0.2650764045539886,0.2721044947738915
CS2_35,HF3,4,partial_pearson_controlling_SOH,10,1000,0.0231182187792005,-0.1200197583858495,0.1234045516159565,846,1000,-0.15895782327091493,-0.28046353294163845,0.017206605101581583,846,34,111,non_circular_segmented,0.24342431000180598,0.29767013804322
CS2_35,HF3,4,degradation_pearson,20,1000,-0.0830394027192329,-0.2175760343119099,-0.0133664963807569,846,1000,-0.05134760844913439,-0.1767829374722915,0.10077919640683003,846,34,111,non_circular_segmented,0.20420953793115298,0.27756213387912154
CS2_35,HF3,4,degradation_spearman,20,1000,-0.0501972386281308,-0.2074310723933852,0.120600251952167,846,1000,0.023155620951751797,-0.13592217744350468,0.19905066583004935,846,34,111,non_circular_segmented,0.3280313243455522,0.33497284327355403
CS2_35,HF3,4,partial_pearson_controlling_SOH,20,1000,0.022493692650972,-0.1209244179530241,0.1275811694279763,846,1000,-0.20195354278181038,-0.3194551133470754,0.013826385626590349,846,34,111,non_circular_segmented,0.24850558738100037,0.3332814989736657
CS2_35,HF3,4,degradation_pearson,30,1000,-0.0815528214153441,-0.2334268215341861,-0.0115037579978127,846,1000,-0.06722489586704782,-0.20432168557225558,0.13367769783902164,846,34,111,non_circular_segmented,0.2219230635363734,0.3379993834112772
CS2_35,HF3,4,degradation_spearman,30,1000,-0.0470126898222461,-0.2329988134745832,0.1458295908842623,846,1000,0.05877383612120577,-0.1511830850945551,0.2860073432117404,846,34,111,non_circular_segmented,0.3788284043588455,0.4371904283062955
CS2_35,HF3,4,partial_pearson_controlling_SOH,30,1000,0.0245214149549587,-0.0953493598501981,0.134698332079711,846,1000,-0.1987189840788691,-0.3115438411344801,0.016710853923674777,846,34,111,non_circular_segmented,0.2300476919299091,0.32825469505815486
CS2_35,HF4,4,degradation_pearson,10,1000,-0.0002331512553449,-0.1324521563769214,0.1073922032527479,574,1000,0.12625339636785793,0.02798305812161565,0.22966005896530647,574,42,98,non_circular_segmented,0.2398443596296693,0.20167700084369083
CS2_35,HF4,4,degradation_spearman,10,1000,0.1444125851673712,0.0057548011224391,0.2692477376342657,574,1000,0.29898090283598605,0.1989183553516955,0.3967293746982497,574,42,98,non_circular_segmented,0.2634929365118266,0.1978110193465542
CS2_35,HF4,4,partial_pearson_controlling_SOH,10,1000,-0.0184845688743376,-0.1771314638366235,0.1301203870064489,574,1000,-0.00561749393786738,-0.2317306950036441,0.18818560008974403,574,42,98,non_circular_segmented,0.3072518508430724,0.4199162950933881
CS2_35,HF4,4,degradation_pearson,20,1000,-0.0044772936798089,-0.0939823059352682,0.1101555412087052,574,1000,0.21952602650995356,0.10779394927216196,0.3458933902430433,574,42,98,non_circular_segmented,0.2041378471439734,0.23809944097088132
CS2_35,HF4,4,degradation_spearman,20,1000,0.1472045633293018,0.0218884879277705,0.2753894014869424,574,1000,0.37460391695368706,0.2717271194648206,0.4763338797537362,574,42,98,non_circular_segmented,0.2535009135591719,0.2046067602889156
CS2_35,HF4,4,partial_pearson_controlling_SOH,20,1000,-0.025642443109297,-0.1898119585119691,0.1255501980172602,574,1000,-0.02754287838586969,-0.27872015352769275,0.2028011432700506,574,42,98,non_circular_segmented,0.3153621565292293,0.48152129679774336
CS2_35,HF4,4,degradation_pearson,30,1000,-0.0016752562617503,-0.0932156134156473,0.1200004624246104,574,1000,0.26317085971806814,0.15997446210894056,0.379468024535639,574,42,98,non_circular_segmented,0.2132160758402577,0.21949356242669843
CS2_35,HF4,4,degradation_spearman,30,1000,0.1474357036677488,0.0182830069377231,0.2931449026903526,574,1000,0.4288477950109528,0.33052388798295806,0.5395975404529054,574,42,98,non_circular_segmented,0.2748618957526295,0.20907365246994736
CS2_35,HF4,4,partial_pearson_controlling_SOH,30,1000,-0.0135492088764838,-0.1840677371892037,0.1350035943860571,574,1000,-0.05779512122198824,-0.3299829096697482,0.17201746787019312,574,42,98,non_circular_segmented,0.3190713315752608,0.5020003775399413
CS2_35,HF5,4,degradation_pearson,10,1000,0.0561483439851125,-0.0625415169824791,0.1678888615855505,573,1000,0.1860414830390546,0.08974468882098605,0.28035001177434743,573,43,98,non_circular_segmented,0.23043037856802961,0.19060532295336138
CS2_35,HF5,4,degradation_spearman,10,1000,0.2117668837821921,0.0773549397901462,0.3387278263554003,573,1000,0.330056187410503,0.23701012582162007,0.41881864351633674,573,43,98,non_circular_segmented,0.2613728865652541,0.18180851769471668
CS2_35,HF5,4,partial_pearson_controlling_SOH,10,1000,-0.1906658898651852,-0.2503895491230416,-0.127206206830776,573,1000,-0.2126183511163934,-0.28971014812451024,-0.14522456825937796,573,43,98,non_circular_segmented,0.12318334229226563,0.14448557986513227
CS2_35,HF5,4,degradation_pearson,20,1000,0.0606352804172192,-0.0501073752822747,0.1686295844208062,573,1000,0.2806810667289874,0.18736409881618812,0.39859423429647345,573,43,98,non_circular_segmented,0.21873695970308088,0.21123013548028532
CS2_35,HF5,4,degradation_spearman,20,1000,0.2208855072786269,0.0972244253430872,0.3389100408643423,573,1000,0.3981345785236782,0.31740548200405355,0.48503519601748,573,43,98,non_circular_segmented,0.2416856155212551,0.16762971401342647
CS2_35,HF5,4,partial_pearson_controlling_SOH,20,1000,-0.1918836873142519,-0.2520947869056925,-0.1287925346623591,573,1000,-0.22509338799436598,-0.34289287876613955,-0.13623206553434997,573,43,98,non_circular_segmented,0.12330225224333338,0.2066608132317896
CS2_35,HF5,4,degradation_pearson,30,1000,0.0576642331418502,-0.0475465830061337,0.1882014138503555,573,1000,0.3159795819337848,0.2286613465391881,0.42248022681145686,573,43,98,non_circular_segmented,0.2357479968564892,0.19381888027226876
CS2_35,HF5,4,degradation_spearman,30,1000,0.2146093635598041,0.0775132498469412,0.3651922985283373,573,1000,0.427521911324093,0.355903275557945,0.5006985644621698,573,43,98,non_circular_segmented,0.2876790486813961,0.14479528890422477
CS2_35,HF5,4,partial_pearson_controlling_SOH,30,1000,-0.1905827412035227,-0.2587680046422924,-0.126815291485555,573,1000,-0.2359482657065855,-0.33799020500152976,-0.15654251877506395,573,43,98,non_circular_segmented,0.13195271315673737,0.18144768622646582
CS2_35,HF6,4,degradation_pearson,10,1000,0.0625139111708351,-0.0288784539192994,0.1647517773635652,573,1000,0.1672137605841869,0.06976947239582974,0.28732131681669315,573,43,98,non_circular_segmented,0.1936302312828646,0.2175518444208634
CS2_35,HF6,4,degradation_spearman,10,1000,0.2072424269820708,0.0942875755567936,0.3258009632823316,573,1000,0.32922340726180044,0.23347118932874628,0.42933008757798724,573,43,98,non_circular_segmented,0.231513387725538,0.19585889824924096
CS2_35,HF6,4,partial_pearson_controlling_SOH,10,1000,-0.138067878991407,-0.2397886994075206,-0.0334067341199666,573,1000,-0.12081687926204501,-0.2693430481975307,0.010596754074432273,573,43,98,non_circular_segmented,0.20638196528755398,0.27993980227196297
CS2_35,HF6,4,degradation_pearson,20,1000,0.0636848400936251,-0.0213333473826487,0.1619197579169092,573,1000,0.22445757087773532,0.10780523034655408,0.37590838560790707,573,43,98,non_circular_segmented,0.1832531052995579,0.268103155261353
CS2_35,HF6,4,degradation_spearman,20,1000,0.212621120985376,0.1047100330493337,0.3284455375241901,573,1000,0.37663389160485417,0.28391349035194036,0.4681985346404544,573,43,98,non_circular_segmented,0.2237355044748564,0.18428504428851405
CS2_35,HF6,4,partial_pearson_controlling_SOH,20,1000,-0.141491739203339,-0.2446514612665466,-0.0231488335326556,573,1000,-0.08778162438871653,-0.2929836523463645,0.06648670670118381,573,43,98,non_circular_segmented,0.221502627733891,0.3594703590475483
CS2_35,HF6,4,degradation_pearson,30,1000,0.0608252367986483,-0.0264468967539458,0.1659195772038317,573,1000,0.2619738205700127,0.14392998814979874,0.42856647879886145,573,43,98,non_circular_segmented,0.19236647395777748,0.2846364906490627
CS2_35,HF6,4,degradation_spearman,30,1000,0.2088476917085075,0.0918180579167488,0.3386409149467445,573,1000,0.4090439874770819,0.3075351825972286,0.4973372715376332,573,43,98,non_circular_segmented,0.24682285702999568,0.18980208894040457
CS2_35,HF6,4,partial_pearson_controlling_SOH,30,1000,-0.1364587318775577,-0.2344249778217084,-0.0249853433442224,573,1000,-0.09183042402518081,-0.30257994021512563,0.06663990402102048,573,43,98,non_circular_segmented,0.209439634477486,0.3692198442361461
CS2_35,HF7,4,degradation_pearson,10,1000,-0.0749221191687501,-0.1494448132008721,-0.006409657111403,872,1000,-0.0655661375325352,-0.13347344577769996,0.00703956983222694,872,9,371,non_circular_segmented,0.1430351560894691,0.1405130156099269
CS2_35,HF7,4,degradation_spearman,10,1000,-0.0982476330772992,-0.2193589187013999,0.0246198329509672,872,1000,-0.08109977329346182,-0.19372343235672235,0.046332150625903186,872,9,371,non_circular_segmented,0.2439787516523671,0.24005558298262553
CS2_35,HF7,4,partial_pearson_controlling_SOH,10,1000,0.4200075735092942,0.2605826857792129,0.6062307086199,872,1000,0.563691511390547,0.4055894573816834,0.6490136509557243,872,9,371,non_circular_segmented,0.34564802284068713,0.24342419357404088
CS2_35,HF7,4,degradation_pearson,20,1000,-0.0729788858718389,-0.1402134856694391,-0.0105955272970985,872,1000,-0.05441895247360731,-0.11406931874749825,0.002662475794813226,872,9,371,non_circular_segmented,0.12961795837234058,0.11673179454231147
CS2_35,HF7,4,degradation_spearman,20,1000,-0.0968126417887632,-0.215288680367444,0.0389929863994534,872,1000,-0.06334449229307101,-0.1863669279825235,0.07453160789970394,872,9,371,non_circular_segmented,0.2542816667668974,0.26089853588222744
CS2_35,HF7,4,partial_pearson_controlling_SOH,20,1000,0.4260034225186199,0.2497372574635096,0.6118498312380933,872,1000,0.5807240840307588,0.44353160816040255,0.6563582415257452,872,9,371,non_circular_segmented,0.3621125737745837,0.21282663336534263
CS2_35,HF7,4,degradation_pearson,30,1000,-0.0685844615386243,-0.1374428435360808,-0.0086629839987322,872,1000,-0.05247239030993178,-0.09859822841597579,-0.0040702527529333015,872,9,371,non_circular_segmented,0.1287798595373486,0.0945279756630425
CS2_35,HF7,4,degradation_spearman,30,1000,-0.0863519670799062,-0.2244858492960595,0.0769872521257463,872,1000,-0.052295570478535044,-0.1916352896303317,0.10081928099709186,872,9,371,non_circular_segmented,0.3014731014218058,0.2924545706274235
CS2_35,HF7,4,partial_pearson_controlling_SOH,30,1000,0.4289100644820763,0.2509476770159169,0.613340795328612,872,1000,0.5981159485619245,0.449124156731447,0.6621187688801432,872,9,371,non_circular_segmented,0.36239311831269505,0.2129946121486962
CS2_35,HF8,4,degradation_pearson,10,1000,0.081444925213658,0.0043816175720998,0.1618505936280653,848,1000,0.09839138802720364,0.003659737970400109,0.18332157788797487,848,34,111,non_circular_segmented,0.15746897605596552,0.17966183991757476
CS2_35,HF8,4,degradation_spearman,10,1000,0.057704234133162,-0.0839901892162096,0.1863092494664181,848,1000,0.03582556252875344,-0.08975390690518556,0.15675470280186443,848,34,111,non_circular_segmented,0.27029943868262774,0.24650860970705
CS2_35,HF8,4,partial_pearson_controlling_SOH,10,1000,0.0853366087326283,0.0090386698205057,0.1729619854811677,848,1000,0.0905332805865629,0.0023271901450710388,0.1915330490060949,848,34,111,non_circular_segmented,0.163923315660662,0.18920585886102387
CS2_35,HF8,4,degradation_pearson,20,1000,0.0833165732215996,0.003304365983444,0.1783342799000243,848,1000,0.09428764188761966,-0.018007757161882316,0.1943579045910971,848,34,111,non_circular_segmented,0.1750299139165803,0.21236566175297944
CS2_35,HF8,4,degradation_spearman,20,1000,0.056243915628377,-0.0938255349299553,0.1833274030404093,848,1000,0.010896014541040177,-0.15952825585258484,0.14820217510149608,848,34,111,non_circular_segmented,0.27715293797036455,0.3077304309540809
CS2_35,HF8,4,partial_pearson_controlling_SOH,20,1000,0.0872573179510834,0.0044920505429227,0.1818871426348141,848,1000,0.11367859797408247,0.013133875608711506,0.23699270179615212,848,34,111,non_circular_segmented,0.1773950920918914,0.2238588261874406
CS2_35,HF8,4,degradation_pearson,30,1000,0.0840078814119787,-0.0082396311230619,0.1691952514927546,848,1000,0.09699923271006053,-0.05864719716271129,0.21646146009553566,848,34,111,non_circular_segmented,0.1774348826158165,0.27510865725824696
CS2_35,HF8,4,degradation_spearman,30,1000,0.0476938510977861,-0.1196816974617702,0.1940573759579633,848,1000,-0.029914446638768244,-0.23338879369287896,0.17213966799058056,848,34,111,non_circular_segmented,0.3137390734197335,0.4055284616834595
CS2_35,HF8,4,partial_pearson_controlling_SOH,30,1000,0.0851260097372844,0.009069477125079,0.1792188576401489,848,1000,0.14001262444500429,0.04894258788004683,0.25164916724394787,848,34,111,non_circular_segmented,0.1701493805150699,0.20270657936390105
CS2_35,HF1,8,degradation_pearson,10,1000,-0.1553396338805217,-0.2705028891201603,-0.0430772137142075,868,1000,-0.1296501291809282,-0.23656785301756011,-0.010041245720439212,868,9,367,non_circular_segmented,0.2274256754059528,0.2265266072971209
CS2_35,HF1,8,degradation_spearman,10,1000,-0.1660909059191986,-0.3213567264193071,0.0059506575305241,868,1000,-0.13025962642496336,-0.2846001520971181,0.056350503639797454,868,9,367,non_circular_segmented,0.3273073839498312,0.3409506557369155
CS2_35,HF1,8,partial_pearson_controlling_SOH,10,1000,0.4372078824521457,0.258132516657118,0.619481099000367,868,1000,0.5829758633124136,0.41519273025798775,0.6671406317394752,868,9,367,non_circular_segmented,0.36134858234324896,0.2519479014814875
CS2_35,HF1,8,degradation_pearson,20,1000,-0.1502698072477369,-0.2808201686707834,-0.0363566440924514,868,1000,-0.11196657260025632,-0.19722552195874196,-0.027640394994759926,868,9,367,non_circular_segmented,0.244463524578332,0.16958512696398204
CS2_35,HF1,8,degradation_spearman,20,1000,-0.1527049688106172,-0.3401972900372298,0.0391745310434522,868,1000,-0.09652422810380756,-0.27981831849775657,0.09874285431579513,868,9,367,non_circular_segmented,0.379371821080682,0.3785611728135517
CS2_35,HF1,8,partial_pearson_controlling_SOH,20,1000,0.4294602932922463,0.2665959929723507,0.622540961447089,868,1000,0.5938088278335918,0.44548780077710626,0.6562095996354903,868,9,367,non_circular_segmented,0.35594496847473833,0.21072179885838405
CS2_35,HF1,8,degradation_pearson,30,1000,-0.1548833528805887,-0.2761499970913404,-0.0393652965276608,868,1000,-0.10583326677959053,-0.17994207689411112,-0.023598488813035595,868,9,367,non_circular_segmented,0.23678470056367962,0.15634358808107554
CS2_35,HF1,8,degradation_spearman,30,1000,-0.159879048818573,-0.355482069201599,0.0474336675529015,868,1000,-0.0802580734844757,-0.27709328563725916,0.12589631946544957,868,9,367,non_circular_segmented,0.40291573675450054,0.40298960510270876
CS2_35,HF1,8,partial_pearson_controlling_SOH,30,1000,0.4332799029223787,0.2715801988580228,0.6174058129446003,868,1000,0.5958845807550315,0.4506625865856584,0.6583944696999697,868,9,367,non_circular_segmented,0.34582561408657747,0.20773188311431134
CS2_35,HF2,8,degradation_pearson,10,1000,0.1190252256968643,-0.0298959738423658,0.2387822739493163,844,1000,0.16978948097676272,0.052410542466456295,0.27321417838716794,844,34,111,non_circular_segmented,0.2686782477916821,0.22080363592071164
CS2_35,HF2,8,degradation_spearman,10,1000,0.1384265195432198,-0.0321096162951331,0.3084741184017955,844,1000,0.09426653769379331,-0.10184741726572745,0.2665475242558747,844,34,111,non_circular_segmented,0.3405837346969286,0.3683949415216021
CS2_35,HF2,8,partial_pearson_controlling_SOH,10,1000,0.1977532995991834,0.0400691265306526,0.3738055879777934,844,1000,0.13683089903868056,0.017394714778723525,0.2588313477638901,844,34,111,non_circular_segmented,0.3337364614471408,0.24143663298516657
CS2_35,HF2,8,degradation_pearson,20,1000,0.1174790407521515,-0.0280900358947024,0.236527441707781,844,1000,0.17792286180809067,0.028079445429400947,0.30014106636947335,844,34,111,non_circular_segmented,0.2646174776024834,0.2720616209400724
CS2_35,HF2,8,degradation_spearman,20,1000,0.1292979851729323,-0.0771045187262153,0.2962516522142756,844,1000,0.07237385963739476,-0.15961340017121203,0.29730292664961666,844,34,111,non_circular_segmented,0.3733561709404909,0.4569163268208287
CS2_35,HF2,8,partial_pearson_controlling_SOH,20,1000,0.1988156054192786,0.0483794888086075,0.3742500410181359,844,1000,0.10934484975461994,-0.005263334049240887,0.2698214068233827,844,34,111,non_circular_segmented,0.32587055220952843,0.2750847408726236
CS2_35,HF2,8,degradation_pearson,30,1000,0.1163566556066081,-0.0418625678320946,0.2348230631438981,844,1000,0.16896813917269882,-0.04745559369182314,0.33698530943958377,844,34,111,non_circular_segmented,0.2766856309759927,0.3844409031314069
CS2_35,HF2,8,degradation_spearman,30,1000,0.1339414702152543,-0.0988343067968272,0.309787446137741,844,1000,0.03909631644866704,-0.24173130828698466,0.30638258570333704,844,34,111,non_circular_segmented,0.4086217529345682,0.5481138939903217
CS2_35,HF2,8,partial_pearson_controlling_SOH,30,1000,0.18662080077775,0.0339496670574333,0.3789396092262923,844,1000,0.12835248005439887,0.024115467277970242,0.24864642490033967,844,34,111,non_circular_segmented,0.344989942168859,0.22453095762236944
CS2_35,HF3,8,degradation_pearson,10,1000,-0.1124580373637158,-0.3037845094933016,-0.0421389401856462,842,1000,-0.1858109287245749,-0.3239140973245927,-0.02878744092847906,842,34,111,non_circular_segmented,0.2616455693076554,0.29512665639611363
CS2_35,HF3,8,degradation_spearman,10,1000,-0.184428700210971,-0.3491584386393548,-0.0087130111914178,842,1000,-0.12588334617699662,-0.3101011322831559,0.05901545838978441,842,34,111,non_circular_segmented,0.340445427447937,0.3691165906729403
CS2_35,HF3,8,partial_pearson_controlling_SOH,10,1000,0.0007558766782954,-0.1178038004016369,0.0304688187983477,842,1000,-0.07999164515715415,-0.20331879478441522,0.01011097467335394,842,34,111,non_circular_segmented,0.1482726191999846,0.21342976945776918
CS2_35,HF3,8,degradation_pearson,20,1000,-0.1149961051154848,-0.3130316446430567,-0.0361973951688348,842,1000,-0.15050934666308205,-0.30121112139984807,0.0014735312640635895,842,34,111,non_circular_segmented,0.2768342494742219,0.30268465266391165
CS2_35,HF3,8,degradation_spearman,20,1000,-0.1822820044164926,-0.3759555959125128,0.013417784512411,842,1000,-0.09173059449943945,-0.3005380101795465,0.12291236265336435,842,34,111,non_circular_segmented,0.3893733804249238,0.42345037283291087
CS2_35,HF3,8,partial_pearson_controlling_SOH,20,1000,0.000733596695289,-0.0996940342999356,0.0271399630697491,842,1000,-0.09270085423454313,-0.2071582763313635,0.006887981963298222,842,34,111,non_circular_segmented,0.1268339973696847,0.21404625829466173
CS2_35,HF3,8,degradation_pearson,30,1000,-0.1106652856006779,-0.3211203695695542,-0.0265927165778996,842,1000,-0.1744243319032456,-0.3359788250253705,0.041872119201273345,842,34,111,non_circular_segmented,0.2945276529916546,0.3778509442266439
CS2_35,HF3,8,degradation_spearman,30,1000,-0.1868927119255884,-0.3756187809356818,0.0440128424850996,842,1000,-0.0768991311155961,-0.32464383060449825,0.18725590700414713,842,34,111,non_circular_segmented,0.4196316234207814,0.5118997376086454
CS2_35,HF3,8,partial_pearson_controlling_SOH,30,1000,0.0008765528659425,-0.108487384676723,0.0228261882541111,842,1000,-0.09035866907592316,-0.200147798637026,0.007418347479565775,842,34,111,non_circular_segmented,0.1313135729308341,0.20756614611659177
CS2_35,HF4,8,degradation_pearson,10,1000,-0.007919208107355,-0.1882434804139562,0.1532970538285914,574,1000,0.12950775567926615,0.017405827428991594,0.26146397609456445,574,42,98,non_circular_segmented,0.3415405342425476,0.24405814866557285
CS2_35,HF4,8,degradation_spearman,10,1000,0.194650540758437,0.0026701124041198,0.3639424621923475,574,1000,0.3589917698690845,0.21989294829561357,0.4946729986808563,574,42,98,non_circular_segmented,0.3612723497882277,0.2747800503852427
CS2_35,HF4,8,partial_pearson_controlling_SOH,10,1000,0.1279729838336874,-0.0405920371767577,0.2743706915226414,574,1000,0.06608661269283825,-0.08859049915611054,0.20603995939194544,574,42,98,non_circular_segmented,0.31496272869939906,0.294630458548056
CS2_35,HF4,8,degradation_pearson,20,1000,-0.0210171102967555,-0.1739413550337037,0.1492739468755187,574,1000,0.26824855249706686,0.12691464217662096,0.43440968776872185,574,42,98,non_circular_segmented,0.32321530190922243,0.3074950455921009
CS2_35,HF4,8,degradation_spearman,20,1000,0.1931599978955038,-0.0064367419647564,0.3654706169442928,574,1000,0.443292177849745,0.292969792272742,0.5800018344706687,574,42,98,non_circular_segmented,0.3719073589090492,0.28703204219792666
CS2_35,HF4,8,partial_pearson_controlling_SOH,20,1000,0.1280122432863357,-0.0636594505565666,0.2810906118393171,574,1000,0.08331421830413646,-0.08003528854333856,0.23057546716974064,574,42,98,non_circular_segmented,0.3447500623958837,0.3106107557130792
CS2_35,HF4,8,degradation_pearson,30,1000,-0.0216464836276292,-0.1706919666174235,0.1632475306941373,574,1000,0.3010033522146046,0.1668060878057073,0.4487070952918751,574,42,98,non_circular_segmented,0.3339394973115608,0.28190100748616775
CS2_35,HF4,8,degradation_spearman,30,1000,0.1955471918453875,-0.0231043765945025,0.3762476927573764,574,1000,0.46448119593260473,0.3277117356665375,0.581790256047658,574,42,98,non_circular_segmented,0.3993520693518789,0.2540785203811205
CS2_35,HF4,8,partial_pearson_controlling_SOH,30,1000,0.1259523357173106,-0.0607870318196003,0.2899165421970389,574,1000,0.0694383331103027,-0.10758906439981078,0.23689187440895015,574,42,98,non_circular_segmented,0.3507035740166392,0.34448093880876096
CS2_35,HF5,8,degradation_pearson,10,1000,-0.0014553143732681,-0.1886471279915497,0.1674386663747957,573,1000,0.1534007975320213,0.031861764419360325,0.27952960597785004,573,43,98,non_circular_segmented,0.3560857943663454,0.2476678415584897
CS2_35,HF5,8,degradation_spearman,10,1000,0.2080700213593584,0.0348642293572764,0.3637474549926573,573,1000,0.33971224768455177,0.197963717958501,0.46716383730267746,573,43,98,non_circular_segmented,0.3288832256353809,0.2692001193441764
CS2_35,HF5,8,partial_pearson_controlling_SOH,10,1000,-0.0152799787750297,-0.1379079285584881,0.1083579917371474,573,1000,-0.09458395248213877,-0.19349861970155127,0.0020324877827533525,573,43,98,non_circular_segmented,0.2462659202956355,0.19553110748430463
CS2_35,HF5,8,degradation_pearson,20,1000,-0.0060768789415721,-0.1789770342456225,0.1786405369528883,573,1000,0.2874552713883258,0.14402322927667285,0.4259412989125072,573,43,98,non_circular_segmented,0.3576175711985108,0.2819180696358343
CS2_35,HF5,8,degradation_spearman,20,1000,0.204238076070319,0.0406063110996492,0.3722819855212557,573,1000,0.4123133718561196,0.27320697334128197,0.5386458361724057,573,43,98,non_circular_segmented,0.3316756744216065,0.2654388628311237
CS2_35,HF5,8,partial_pearson_controlling_SOH,20,1000,-0.0180799195155314,-0.1489333737187575,0.112724950809407,573,1000,-0.08923376914775247,-0.19292453662614045,0.021539624493886175,573,43,98,non_circular_segmented,0.2616583245281645,0.21446416112002664
CS2_35,HF5,8,degradation_pearson,30,1000,-0.013098936612925,-0.1626175063207787,0.1843623200163686,573,1000,0.30297633586491973,0.16126685743348623,0.4319886200194501,573,43,98,non_circular_segmented,0.3469798263371473,0.27072176258596387
CS2_35,HF5,8,degradation_spearman,30,1000,0.2071986517594811,0.0099950253221794,0.3649004515779848,573,1000,0.39164853164366603,0.22500596831727024,0.5232131413264145,573,43,98,non_circular_segmented,0.3549054262558054,0.29820717300914423
CS2_35,HF5,8,partial_pearson_controlling_SOH,30,1000,-0.0170655711870809,-0.1478818281077519,0.1023657470875573,573,1000,-0.07654549830037996,-0.17055049154137514,0.03643728648011825,573,43,98,non_circular_segmented,0.2502475751953092,0.20698777802149337
CS2_35,HF6,8,degradation_pearson,10,1000,0.0463499736231321,-0.0744490833124916,0.1752236910136255,573,1000,0.15010885536810062,0.043534264638171075,0.2594499020828351,573,43,98,non_circular_segmented,0.24967277432611712,0.21591563744466402
CS2_35,HF6,8,degradation_spearman,10,1000,0.2272829788949183,0.0556734787498761,0.3732639921967878,573,1000,0.36074624770720687,0.22562864897290794,0.4894481498168016,573,43,98,non_circular_segmented,0.3175905134469117,0.2638195008438937
CS2_35,HF6,8,partial_pearson_controlling_SOH,10,1000,-0.1124310368033029,-0.2411731969355667,0.0180115910108823,573,1000,-0.08071121179499324,-0.20806724114380265,0.04536975592837682,573,43,98,non_circular_segmented,0.259184787946449,0.2534369970721795
CS2_35,HF6,8,degradation_pearson,20,1000,0.0466388840818296,-0.0728860721618004,0.1696269004946868,573,1000,0.22993642983924,0.08700633015147813,0.3872408208659836,573,43,98,non_circular_segmented,0.2425129726564872,0.3002344907145055
CS2_35,HF6,8,degradation_spearman,20,1000,0.2206619258336774,0.061716515760858,0.3645666007708725,573,1000,0.41215473027074234,0.2555107492895283,0.5508189696344974,573,43,98,non_circular_segmented,0.3028500850100145,0.29530822034496906
CS2_35,HF6,8,partial_pearson_controlling_SOH,20,1000,-0.1131366136893227,-0.2428526526018372,0.0253920546147678,573,1000,0.04483682540802647,-0.09768700342736303,0.1642436414460092,573,43,98,non_circular_segmented,0.268244707216605,0.26193064487337225
CS2_35,HF6,8,degradation_pearson,30,1000,0.0470925145330368,-0.0677626680747929,0.1720742716578588,573,1000,0.254186249419022,0.11816353520779503,0.4137862765166732,573,43,98,non_circular_segmented,0.2398369397326517,0.29562274130887817
CS2_35,HF6,8,degradation_spearman,30,1000,0.2228955923939187,0.0707213136453396,0.3729650977901616,573,1000,0.3949516531335732,0.22869902529848277,0.5367549908183359,573,43,98,non_circular_segmented,0.302243784144822,0.30805596551985315
CS2_35,HF6,8,partial_pearson_controlling_SOH,30,1000,-0.1144007150803745,-0.2306162979916873,0.0320511805509089,573,1000,0.040450348424451325,-0.11973285838674466,0.1590569759635368,573,43,98,non_circular_segmented,0.2626674785425962,0.2787898343502815
CS2_35,HF7,8,degradation_pearson,10,1000,-0.1550361558551095,-0.2665681418748581,-0.041558735711208,868,1000,-0.12697310234594272,-0.23406322372313487,-0.008490625771485448,868,9,367,non_circular_segmented,0.22500940616365012,0.2255725979516494
CS2_35,HF7,8,degradation_spearman,10,1000,-0.1594244633643393,-0.318087691547636,0.0056686198023474,868,1000,-0.1231935920431809,-0.269943223043167,0.04384651485123065,868,9,367,non_circular_segmented,0.3237563113499834,0.3137897378943976
CS2_35,HF7,8,partial_pearson_controlling_SOH,10,1000,0.4317883792399745,0.2518629346342515,0.6126736966368616,868,1000,0.5662700245788282,0.4032379107079257,0.6572927775770359,868,9,367,non_circular_segmented,0.36081076200261003,0.25405486686911016
CS2_35,HF7,8,degradation_pearson,20,1000,-0.1487834405483314,-0.2631330515793019,-0.0461554137762255,868,1000,-0.10880586723081948,-0.2050131835648072,-0.030086001652465024,868,9,367,non_circular_segmented,0.21697763780307638,0.17492718191234216
CS2_35,HF7,8,degradation_spearman,20,1000,-0.1548629658436875,-0.3218153318285208,0.0613650350930358,868,1000,-0.09337910330853219,-0.2797547812156746,0.09624468590497594,868,9,367,non_circular_segmented,0.3831803669215566,0.3759994671206505
CS2_35,HF7,8,partial_pearson_controlling_SOH,20,1000,0.428833685621235,0.276052434550802,0.6101890734205763,868,1000,0.5811691838530298,0.44583584473961996,0.6480707072367162,868,9,367,non_circular_segmented,0.3341366388697743,0.20223486249709627
CS2_35,HF7,8,degradation_pearson,30,1000,-0.1491276965118436,-0.2669778822750796,-0.0402607082603039,868,1000,-0.10517959545047129,-0.17760215390845238,-0.020255803347082425,868,9,367,non_circular_segmented,0.22671717401477573,0.15734635056136995
CS2_35,HF7,8,degradation_spearman,30,1000,-0.1553352548244787,-0.3496081911935679,0.0741079403738161,868,1000,-0.07486491129245901,-0.27060969571562354,0.13742658602017738,868,9,367,non_circular_segmented,0.42371613156738397,0.4080362817358009
CS2_35,HF7,8,partial_pearson_controlling_SOH,30,1000,0.4277917296094123,0.2682888826066592,0.6011645652838026,868,1000,0.5826555618863327,0.4530695783850022,0.6482828517574677,868,9,367,non_circular_segmented,0.3328756826771434,0.19521327337246547
CS2_35,HF8,8,degradation_pearson,10,1000,0.1428391275204494,0.0091615244785885,0.2537080451956859,844,1000,0.17996555700920583,0.06800455317264587,0.2904589343373096,844,34,111,non_circular_segmented,0.2445465207170974,0.22245438116466376
CS2_35,HF8,8,degradation_spearman,10,1000,0.1457382020453094,-0.0452357653160274,0.3044973070133261,844,1000,0.09662235636560507,-0.08366445108384758,0.28369970183939985,844,34,111,non_circular_segmented,0.3497330723293535,0.3673641529232474
CS2_35,HF8,8,partial_pearson_controlling_SOH,10,1000,0.1770915022006132,0.0266617800412288,0.335163833591403,844,1000,0.11587902953936546,-0.0046628276673141775,0.23618265609876404,844,34,111,non_circular_segmented,0.3085020535501742,0.24084548376607823
CS2_35,HF8,8,degradation_pearson,20,1000,0.1424851060686698,0.0012221664033288,0.2583665806959385,844,1000,0.18855999789385514,0.03614548652023038,0.308308024451872,844,34,111,non_circular_segmented,0.2571444142926097,0.27216253793164163
CS2_35,HF8,8,degradation_spearman,20,1000,0.1366306064094223,-0.0721397534808098,0.3222022277483781,844,1000,0.07498742852614362,-0.1769628676512349,0.28725612198191686,844,34,111,non_circular_segmented,0.3943419812291879,0.4642189896331518
CS2_35,HF8,8,partial_pearson_controlling_SOH,20,1000,0.1753328382343097,0.0232442085013954,0.3445633506891553,844,1000,0.09038222792888483,-0.028155773501556437,0.24627663262406446,844,34,111,non_circular_segmented,0.32131914218775987,0.2744324061256209
CS2_35,HF8,8,degradation_pearson,30,1000,0.1341847678120103,-0.0117758905297848,0.2604543302760586,844,1000,0.18377710427266672,-0.02441520009031631,0.3596521443106801,844,34,111,non_circular_segmented,0.27223022080584336,0.38406734440099644
CS2_35,HF8,8,degradation_spearman,30,1000,0.1363107823812582,-0.0942159996979645,0.3147102292286672,844,1000,0.04427574297864614,-0.23895505929200572,0.31438091819952224,844,34,111,non_circular_segmented,0.4089262289266317,0.553335977491528
CS2_35,HF8,8,partial_pearson_controlling_SOH,30,1000,0.1765968067915334,0.0287041552529547,0.3544297463241197,844,1000,0.10754888591256115,-0.004916347578527649,0.23148460973323381,844,34,111,non_circular_segmented,0.325725591071165,0.23640095731176147
CS2_35,HF1,12,degradation_pearson,10,1000,-0.2264936867258976,-0.3684641608553526,-0.092494164256635,864,1000,-0.17723479462468578,-0.3150456939018708,-0.04823901126064121,864,9,363,non_circular_segmented,0.2759699965987176,0.2668066826412296
CS2_35,HF1,12,degradation_spearman,10,1000,-0.1984842443955204,-0.363950928352382,-0.0116059752535732,864,1000,-0.1456698992038316,-0.30729585120681097,0.03487178346403458,864,9,363,non_circular_segmented,0.3523449530988088,0.34216763467084554
CS2_35,HF1,12,partial_pearson_controlling_SOH,10,1000,0.3911103539523564,0.2077943859299553,0.5866045491420463,864,1000,0.5379844628581025,0.3556914884015335,0.6332766631941892,864,9,363,non_circular_segmented,0.378810163212091,0.2775851747926557
CS2_35,HF1,12,degradation_pearson,20,1000,-0.2225351491995408,-0.3741901814496167,-0.0756121718506618,864,1000,-0.15478685255066466,-0.26417286831516434,-0.04234140829863253,864,9,363,non_circular_segmented,0.29857800959895486,0.2218314600165318
CS2_35,HF1,12,degradation_spearman,20,1000,-0.1959589647441986,-0.3678648733312136,0.0212036687872507,864,1000,-0.1090528145207933,-0.30411236361030325,0.088098817474465,864,9,363,non_circular_segmented,0.3890685421184643,0.39221118108476827
CS2_35,HF1,12,partial_pearson_controlling_SOH,20,1000,0.3890479023256241,0.2173718267352535,0.5791277588460984,864,1000,0.5514312062597623,0.40595984405725777,0.6290701506973847,864,9,363,non_circular_segmented,0.3617559321108449,0.22311030664012693
CS2_35,HF1,12,degradation_pearson,30,1000,-0.2159767527521087,-0.3677405664187496,-0.0618460332671092,864,1000,-0.14201577858135395,-0.24252330671843234,-0.03472854333031779,864,9,363,non_circular_segmented,0.3058945331516404,0.20779476338811453
CS2_35,HF1,12,degradation_spearman,30,1000,-0.1857388017485939,-0.3922833170419553,0.0446506021505524,864,1000,-0.0985836112695504,-0.30077809886773366,0.12631804328973045,864,9,363,non_circular_segmented,0.4369339191925077,0.4270961421574641
CS2_35,HF1,12,partial_pearson_controlling_SOH,30,1000,0.3855117616282649,0.2232774522610263,0.5817049828282923,864,1000,0.5533285713424793,0.42277147799648157,0.6211128380051366,864,9,363,non_circular_segmented,0.358427530567266,0.19834136000865504
CS2_35,HF2,12,degradation_pearson,10,1000,0.1880815965019369,0.0610013978035801,0.3105824880106838,840,1000,0.20155775118549918,0.061746077497277674,0.3159972317031022,840,34,111,non_circular_segmented,0.24958109020710367,0.2542511542058245
CS2_35,HF2,12,degradation_spearman,10,1000,0.1562967770117278,-0.0228083627130844,0.3147675193383962,840,1000,0.09174987520378719,-0.10183894218703896,0.2546926494194751,840,34,111,non_circular_segmented,0.3375758820514806,0.35653159160651404
CS2_35,HF2,12,partial_pearson_controlling_SOH,10,1000,0.2071619408359944,0.0794645901244818,0.3238355740439326,840,1000,0.20111056435143504,0.06811708270975303,0.3119668292939378,840,34,111,non_circular_segmented,0.24437098391945078,0.2438497465841848
CS2_35,HF2,12,degradation_pearson,20,1000,0.1849429216456114,0.0275283655437331,0.3209971861455765,840,1000,0.17943490561649034,0.010523060766644544,0.3229813737170283,840,34,111,non_circular_segmented,0.29346882060184337,0.31245831295038373
CS2_35,HF2,12,degradation_spearman,20,1000,0.1450337635373784,-0.0833492735548064,0.334683455029988,840,1000,0.05926978066424683,-0.16504922193016158,0.292266758033136,840,34,111,non_circular_segmented,0.41803272858479434,0.4573159799632976
CS2_35,HF2,12,partial_pearson_controlling_SOH,20,1000,0.2149805801785501,0.0758961157226731,0.333579021311909,840,1000,0.12869389873908568,0.00021525881741570388,0.2925098545310151,840,34,111,non_circular_segmented,0.2576829055892359,0.2922945957135994
CS2_35,HF2,12,degradation_pearson,30,1000,0.1832222187494648,0.0076544082164617,0.3206607989226829,840,1000,0.1520073558173085,-0.09563697016370123,0.3319860534545836,840,34,111,non_circular_segmented,0.3130063907062212,0.42762302361828486
CS2_35,HF2,12,degradation_spearman,30,1000,0.1435668446784627,-0.0912556149530728,0.3408851865462193,840,1000,-0.008299655866838979,-0.29274248519004714,0.26851817049196125,840,34,111,non_circular_segmented,0.4321408014992921,0.5612606556820083
CS2_35,HF2,12,partial_pearson_controlling_SOH,30,1000,0.2078770874074195,0.0808391432396541,0.3298466155481128,840,1000,0.15929399872291444,0.025222568559868784,0.3075789578213704,840,34,111,non_circular_segmented,0.24900747230845868,0.28235638926150164
CS2_35,HF3,12,degradation_pearson,10,1000,-0.1448809430375097,-0.3509731122915878,-0.0735239134308741,838,1000,-0.2071991276721699,-0.3770825643301468,-0.03790712252465682,838,34,111,non_circular_segmented,0.2774491988607137,0.33917544180549
CS2_35,HF3,12,degradation_spearman,10,1000,-0.1684069541137554,-0.3392222982151983,0.02728420876788,838,1000,-0.06292075164998946,-0.25732221733740496,0.1324874595491487,838,34,111,non_circular_segmented,0.3665065069830783,0.38980967688655366
CS2_35,HF3,12,partial_pearson_controlling_SOH,10,1000,0.0035340150668268,-0.15976045220845,0.0357501652204352,838,1000,-0.14052247183821573,-0.23601720998453016,0.01020717679326346,838,34,111,non_circular_segmented,0.1955106174288852,0.24622438677779362
CS2_35,HF3,12,degradation_pearson,20,1000,-0.1392509826594222,-0.3626278471640535,-0.0466518460950866,838,1000,-0.1324587603429516,-0.2957939880065854,0.035173116792291695,838,34,111,non_circular_segmented,0.3159760010689669,0.3309671047988771
CS2_35,HF3,12,degradation_spearman,20,1000,-0.1553701176677831,-0.3806828192493004,0.0997414659221572,838,1000,-0.0087519095797437,-0.24005938603883978,0.22191852282680946,838,34,111,non_circular_segmented,0.48042428517145763,0.46197790886564927
CS2_35,HF3,12,partial_pearson_controlling_SOH,20,1000,0.0035592998032161,-0.157766775201733,0.0366993437569561,838,1000,-0.1575854907462943,-0.2638954555770582,0.008577602827456725,838,34,111,non_circular_segmented,0.1944661189586891,0.2724730584045149
CS2_35,HF3,12,degradation_pearson,30,1000,-0.1390869598577799,-0.3773482552359211,-0.0379060067645828,838,1000,-0.1319885544690551,-0.3291875268762146,0.15032931708194489,838,34,111,non_circular_segmented,0.3394422484713383,0.4795168439581595
CS2_35,HF3,12,degradation_spearman,30,1000,-0.1461096261488784,-0.3885107071869296,0.149557072414677,838,1000,0.0622374778537545,-0.22964228691115285,0.35541522993048075,838,34,111,non_circular_segmented,0.5380677796016066,0.5850575168416337
CS2_35,HF3,12,partial_pearson_controlling_SOH,30,1000,0.0027011433277744,-0.1488957390866083,0.0337354670652108,838,1000,-0.17154363761014463,-0.26872730055303606,0.00826696742062911,838,34,111,non_circular_segmented,0.1826312061518191,0.27699426797366516
CS2_35,HF4,12,degradation_pearson,10,1000,-0.0147217845345248,-0.1953857330038533,0.1637067302564106,574,1000,0.17230686434235673,-0.005228227006620823,0.33197089983242234,574,42,98,non_circular_segmented,0.3590924632602639,0.3371991268390432
CS2_35,HF4,12,degradation_spearman,10,1000,0.1447693478039978,-0.0623939382785145,0.3331354445046375,574,1000,0.3862336666262465,0.21383962744727467,0.5421945464483015,574,42,98,non_circular_segmented,0.395529382783152,0.32835491900102676
CS2_35,HF4,12,partial_pearson_controlling_SOH,10,1000,0.0471204029348566,-0.120186671321749,0.1832990771977249,574,1000,-0.006800719136332305,-0.17467761557670006,0.1346782661606534,574,42,98,non_circular_segmented,0.3034857485194739,0.30935588173735346
CS2_35,HF4,12,degradation_pearson,20,1000,-0.017788534350968,-0.1926946263935346,0.1912244041093723,574,1000,0.32271001654279863,0.17190744601325414,0.4697942750713018,574,42,98,non_circular_segmented,0.3839190305029069,0.29788682905804764
CS2_35,HF4,12,degradation_spearman,20,1000,0.1406321592601893,-0.0779169684271576,0.3805064816210503,574,1000,0.4905461161931707,0.3064363887124846,0.6440510291987811,574,42,98,non_circular_segmented,0.4584234500482079,0.3376146404862965
CS2_35,HF4,12,partial_pearson_controlling_SOH,20,1000,0.0448286202326854,-0.1341486060362602,0.1885584574491595,574,1000,-0.01124758179341447,-0.20471225553230932,0.13021739110754965,574,42,98,non_circular_segmented,0.32270706348541967,0.33492964663985897
CS2_35,HF4,12,degradation_pearson,30,1000,-0.0218961067251247,-0.1805726705816648,0.1947806355829451,574,1000,0.349659573607586,0.21890923469490559,0.4855524300806624,574,42,98,non_circular_segmented,0.3753533061646099,0.2666431953857568
CS2_35,HF4,12,degradation_spearman,30,1000,0.145610367684816,-0.0665103179304582,0.3714043310400029,574,1000,0.5380821864720913,0.3814407100748467,0.6761516475240128,574,42,98,non_circular_segmented,0.4379146489704611,0.2947109374491661
CS2_35,HF4,12,partial_pearson_controlling_SOH,30,1000,0.0440637143168254,-0.1305086481339999,0.1875496066253339,574,1000,-0.052038881906412565,-0.2536349432546211,0.12032250669404443,574,42,98,non_circular_segmented,0.3180582547593338,0.37395744994866553
CS2_35,HF5,12,degradation_pearson,10,1000,0.0590089501051104,-0.1238015363255447,0.2377536456078268,573,1000,0.23239309505795425,0.05830023128440261,0.3610708601294295,573,43,98,non_circular_segmented,0.3615551819333715,0.3027706288450269
CS2_35,HF5,12,degradation_spearman,10,1000,0.2120538802122788,0.0313654543699046,0.3914265785083072,573,1000,0.4041378832341437,0.22547020028701006,0.542700122860945,573,43,98,non_circular_segmented,0.3600611241384026,0.317229922573935
CS2_35,HF5,12,partial_pearson_controlling_SOH,10,1000,-0.2269316152577601,-0.3255038335213416,-0.1287817917091827,573,1000,-0.23006043732788795,-0.3164694071755853,-0.1478633114923959,573,43,98,non_circular_segmented,0.1967220418121589,0.1686060956831894
CS2_35,HF5,12,degradation_pearson,20,1000,0.0597024302391691,-0.1417923693906032,0.2646723241101155,573,1000,0.3707536213540839,0.2315483422841787,0.5049843078886287,573,43,98,non_circular_segmented,0.4064646935007187,0.27343596560445
CS2_35,HF5,12,degradation_spearman,20,1000,0.2196518856819763,0.0015302728713172,0.4253129734609506,573,1000,0.4814598818134333,0.31715578980107334,0.6172635746257902,573,43,98,non_circular_segmented,0.4237827005896334,0.30010778482471684
CS2_35,HF5,12,partial_pearson_controlling_SOH,20,1000,-0.2248812342175493,-0.3251120770193644,-0.1020413752659888,573,1000,-0.21906195782632282,-0.30916447075355774,-0.12591389514109846,573,43,98,non_circular_segmented,0.2230707017533756,0.18325057561245928
CS2_35,HF5,12,degradation_pearson,30,1000,0.0532181450643093,-0.12857442806803,0.2858989062625563,573,1000,0.3929745452414065,0.2635049687971758,0.5298319492314789,573,43,98,non_circular_segmented,0.4144733343305863,0.26632698043430314
CS2_35,HF5,12,degradation_spearman,30,1000,0.2114278078928129,-0.0040825813753722,0.4501838703586872,573,1000,0.4898353386142609,0.3371256853251042,0.6326388799144127,573,43,98,non_circular_segmented,0.4542664517340594,0.2955131945893085
CS2_35,HF5,12,partial_pearson_controlling_SOH,30,1000,-0.2260358601759796,-0.3275380753332242,-0.1045769972145503,573,1000,-0.22688942823582492,-0.3415433996411,-0.09984125468632772,573,43,98,non_circular_segmented,0.2229610781186739,0.24170214495477227
CS2_35,HF6,12,degradation_pearson,10,1000,0.0796862841683143,-0.0438683624097815,0.2296897503395728,573,1000,0.20370337066047142,0.06324086084881984,0.3464660420748892,573,43,98,non_circular_segmented,0.2735581127493543,0.2832251812260693
CS2_35,HF6,12,degradation_spearman,10,1000,0.2034166149833893,0.0265806842124246,0.3682882757458069,573,1000,0.3813299428280668,0.205357384215872,0.540501557558808,573,43,98,non_circular_segmented,0.3417075915333823,0.335144173342936
CS2_35,HF6,12,partial_pearson_controlling_SOH,10,1000,-0.1998799379893114,-0.348925983971909,-0.0553598296776121,573,1000,-0.13892893431808845,-0.29226798527788833,0.025003185925634032,573,43,98,non_circular_segmented,0.2935661542942969,0.3172711712035224
CS2_35,HF6,12,degradation_pearson,20,1000,0.0854607919014627,-0.0591093924672242,0.2460797161660916,573,1000,0.2804921755866984,0.11618077552286511,0.4409322197038846,573,43,98,non_circular_segmented,0.3051891086333158,0.3247514441810195
CS2_35,HF6,12,degradation_spearman,20,1000,0.2104796619087394,0.0111694152280188,0.3993730971945473,573,1000,0.43288558203121497,0.2304848687562819,0.6030933026841195,573,43,98,non_circular_segmented,0.3882036819665285,0.3726084339278376
CS2_35,HF6,12,partial_pearson_controlling_SOH,20,1000,-0.198013762901864,-0.3550238837383264,-0.0300824600606596,573,1000,0.03463589066409732,-0.13799770134973674,0.16458763058249365,573,43,98,non_circular_segmented,0.32494142367766676,0.30258533193223036
CS2_35,HF6,12,degradation_pearson,30,1000,0.0881687105882545,-0.0426838176120447,0.262520158450347,573,1000,0.3087812848238087,0.15250704189206965,0.4819357649917142,573,43,98,non_circular_segmented,0.3052039760623917,0.32942872309964455
CS2_35,HF6,12,degradation_spearman,30,1000,0.2117924975889225,0.0442147418673464,0.412419456737688,573,1000,0.45361158675249263,0.26570225884464715,0.6237824897921941,573,43,98,non_circular_segmented,0.36820471487034157,0.35808023094754693
CS2_35,HF6,12,partial_pearson_controlling_SOH,30,1000,-0.1947919947236991,-0.3539889702407121,-0.0151833580774635,573,1000,-0.0021165594287535392,-0.24304937176073418,0.15036141297295672,573,43,98,non_circular_segmented,0.33880561216324856,0.3934107847336909
CS2_35,HF7,12,degradation_pearson,10,1000,-0.2250131794910271,-0.3589495568395904,-0.0867672841899175,864,1000,-0.18133370491164696,-0.3130834756610546,-0.04769910708252396,864,9,363,non_circular_segmented,0.2721822726496729,0.26538436857853065
CS2_35,HF7,12,degradation_spearman,10,1000,-0.1998889155238181,-0.3760729775314224,-0.0217520680884983,864,1000,-0.14757986167627324,-0.31506761433558084,0.032733639372444695,864,9,363,non_circular_segmented,0.3543209094429241,0.3478012537080255
CS2_35,HF7,12,partial_pearson_controlling_SOH,10,1000,0.3862574771677001,0.2209510604060043,0.5731387266533516,864,1000,0.5250635725779964,0.3628176311232871,0.612373308340376,864,9,363,non_circular_segmented,0.3521876662473473,0.24955567721708888
CS2_35,HF7,12,degradation_pearson,20,1000,-0.2179087950578495,-0.3685644802723559,-0.0681753791294975,864,1000,-0.15248475096607222,-0.26047987518941706,-0.041589295913288214,864,9,363,non_circular_segmented,0.3003891011428584,0.21889057927612884
CS2_35,HF7,12,degradation_spearman,20,1000,-0.1964260834541893,-0.3810194804843583,0.0275073199844443,864,1000,-0.10596111722427468,-0.2958640482159769,0.10418596100538365,864,9,363,non_circular_segmented,0.4085268004688026,0.4000500092213605
CS2_35,HF7,12,partial_pearson_controlling_SOH,20,1000,0.38038419125925,0.1992145683343164,0.5699289758781432,864,1000,0.5370945113253898,0.3774819586376892,0.6127955875968243,864,9,363,non_circular_segmented,0.3707144075438268,0.2353136289591351
CS2_35,HF7,12,degradation_pearson,30,1000,-0.2142255397670735,-0.370264587850599,-0.0666724236289947,864,1000,-0.13924241591611075,-0.2363896963986267,-0.025310071176437274,864,9,363,non_circular_segmented,0.3035921642216043,0.21107962522218943
CS2_35,HF7,12,degradation_spearman,30,1000,-0.1829463034542748,-0.4004968030670001,0.0411967898959705,864,1000,-0.09214863525924355,-0.2890295058318079,0.1424325003246885,864,9,363,non_circular_segmented,0.44169359296297056,0.43146200615649644
CS2_35,HF7,12,partial_pearson_controlling_SOH,30,1000,0.3854835760066881,0.2160796448532747,0.567310634352536,864,1000,0.5407652457269995,0.42077027873235795,0.6137669471631327,864,9,363,non_circular_segmented,0.35123098949926135,0.1929966684307748
CS2_35,HF8,12,degradation_pearson,10,1000,0.2026807535965326,0.0710394159381471,0.3285367480790052,840,1000,0.20457576695782026,0.06755127659046202,0.33017623326449463,840,34,111,non_circular_segmented,0.25749733214085807,0.26262495667403263
CS2_35,HF8,12,degradation_spearman,10,1000,0.1669613939652843,-0.0110064969127175,0.3283836210456416,840,1000,0.08911017666061807,-0.10273285367375894,0.27628924400167565,840,34,111,non_circular_segmented,0.3393901179583591,0.3790220976754346
CS2_35,HF8,12,partial_pearson_controlling_SOH,10,1000,0.2007777293216743,0.069804496295036,0.3191068057018028,840,1000,0.18967495860891054,0.045968964125197076,0.30826918616233984,840,34,111,non_circular_segmented,0.2493023094067668,0.26230022203714276
CS2_35,HF8,12,degradation_pearson,20,1000,0.2064376022532367,0.0627618868366688,0.3348520759659136,840,1000,0.18799335418658047,0.027952959255312323,0.33159160514125446,840,34,111,non_circular_segmented,0.27209018912924476,0.30363864588594214
CS2_35,HF8,12,degradation_spearman,20,1000,0.1643571051939539,-0.0493512040286503,0.3542801185169759,840,1000,0.06557480158033693,-0.17834718572120398,0.2942280743528208,840,34,111,non_circular_segmented,0.40363132254562617,0.47257526007402473
CS2_35,HF8,12,partial_pearson_controlling_SOH,20,1000,0.1986846130933794,0.0723638068379848,0.3355819828322777,840,1000,0.11224988419133346,-0.021701251570711136,0.28510249529156156,840,34,111,non_circular_segmented,0.26321817599429287,0.3068037468622727
CS2_35,HF8,12,degradation_pearson,30,1000,0.1968186041642191,0.0300029526923565,0.3361533651577174,840,1000,0.1656260885125404,-0.08240325944049154,0.34183442741653297,840,34,111,non_circular_segmented,0.3061504124653609,0.4242376868570245
CS2_35,HF8,12,degradation_spearman,30,1000,0.1473054964132899,-0.0975931484070979,0.3381872347718452,840,1000,-0.015509745813685154,-0.31189703316215456,0.25209393136657104,840,34,111,non_circular_segmented,0.4357803831789431,0.5639909645287255
CS2_35,HF8,12,partial_pearson_controlling_SOH,30,1000,0.2016834566911511,0.0717936698754931,0.3198564507434778,840,1000,0.13632465865950283,-0.003092114658932837,0.28231183149592864,840,34,111,non_circular_segmented,0.2480627808679847,0.2854039461548615
CS2_35,HF1,16,degradation_pearson,10,1000,-0.2849915679187733,-0.4301048536020609,-0.1369701567544676,860,1000,-0.23337416510698472,-0.37226196075837725,-0.09801035552493752,860,9,359,non_circular_segmented,0.2931346968475933,0.2742516052334397
CS2_35,HF1,16,degradation_spearman,10,1000,-0.238351925374856,-0.3956782023173294,-0.0495968835585567,860,1000,-0.18721680193336668,-0.3576706702746278,0.012868253240457844,860,9,359,non_circular_segmented,0.34608131875877274,0.37053892351508566
CS2_35,HF1,16,partial_pearson_controlling_SOH,10,1000,0.400419689626478,0.2298758443372724,0.5894080668618186,860,1000,0.5436832792370181,0.39207118719843953,0.6327865232894597,860,9,359,non_circular_segmented,0.3595322225245462,0.2407153360910202
CS2_35,HF1,16,degradation_pearson,20,1000,-0.2762403072016177,-0.4459650107754563,-0.1103378975911048,860,1000,-0.19324468838705194,-0.31593186009708224,-0.06273770188815467,860,9,359,non_circular_segmented,0.3356271131843515,0.25319415820892754
CS2_35,HF1,16,degradation_spearman,20,1000,-0.2200014995958048,-0.4232053980860261,0.005663076998229,860,1000,-0.12849224959410266,-0.3350948188329169,0.10572572330630635,860,9,359,non_circular_segmented,0.4288684750842551,0.4408205421392233
CS2_35,HF1,16,partial_pearson_controlling_SOH,20,1000,0.3934671462927863,0.2299057330896435,0.5977064644113882,860,1000,0.5575956557290114,0.4112200271997297,0.6458988516598794,860,9,359,non_circular_segmented,0.36780073132174473,0.23467882446014965
CS2_35,HF1,16,degradation_pearson,30,1000,-0.276643244534519,-0.4474609573265738,-0.0944657182126656,860,1000,-0.17179694682215835,-0.2811928737602266,-0.04875039563676444,860,9,359,non_circular_segmented,0.35299523911390823,0.23244247812346217
CS2_35,HF1,16,degradation_spearman,30,1000,-0.2165058743300258,-0.4517549884461547,0.039795205637775,860,1000,-0.11731814129749928,-0.3270413627981649,0.13386011527925015,860,9,359,non_circular_segmented,0.4915501940839297,0.4609014780774151
CS2_35,HF1,16,partial_pearson_controlling_SOH,30,1000,0.3934627157091918,0.2345245817943096,0.5769498128872277,860,1000,0.5678094176497992,0.40994482127188914,0.6467347593615936,860,9,359,non_circular_segmented,0.3424252310929181,0.2367899380897045
CS2_35,HF2,16,degradation_pearson,10,1000,0.2600221359098251,0.1171358241573492,0.3879826134213703,836,1000,0.26675605306702815,0.1083685524547974,0.41200605883843094,836,34,111,non_circular_segmented,0.2708467892640211,0.3036375063836335
CS2_35,HF2,16,degradation_spearman,10,1000,0.2063285558593902,0.0114158117763662,0.3844235035440638,836,1000,0.14772959910079542,-0.051384094042770175,0.3413856953678451,836,34,111,non_circular_segmented,0.3730076917676976,0.39276978941061524
CS2_35,HF2,16,partial_pearson_controlling_SOH,10,1000,0.1980082829401935,0.0566777260852955,0.3273513370608424,836,1000,0.18683813588342502,0.04864173540311454,0.31614789211394034,836,34,111,non_circular_segmented,0.27067361097554693,0.2675061567108258
CS2_35,HF2,16,degradation_pearson,20,1000,0.2472644969459738,0.0778076633759759,0.3975421645548974,836,1000,0.21613461232779801,0.02912858926954134,0.3850173829817296,836,34,111,non_circular_segmented,0.3197345011789215,0.3558887937121883
CS2_35,HF2,16,degradation_spearman,20,1000,0.1952608522034606,-0.0397983897537887,0.4015605119004444,836,1000,0.10796795390529107,-0.15850585117041566,0.3591914354656185,836,34,111,non_circular_segmented,0.4413589016542331,0.5176972866360341
CS2_35,HF2,16,partial_pearson_controlling_SOH,20,1000,0.1970537723958595,0.0481899938293673,0.333566782500096,836,1000,0.09136386421392982,-0.07105284111087372,0.2645127782918136,836,34,111,non_circular_segmented,0.28537678867072874,0.3355656194026873
CS2_35,HF2,16,degradation_pearson,30,1000,0.2481486150805867,0.0523627702864984,0.4098059305566976,836,1000,0.16147613272358124,-0.10498573588094433,0.3660617871590019,836,34,111,non_circular_segmented,0.35744316027019923,0.47104752303994624
CS2_35,HF2,16,degradation_spearman,30,1000,0.2007797446901786,-0.0736017570375818,0.4040706225222926,836,1000,0.0073681929812344366,-0.2877143476527813,0.2957752336965662,836,34,111,non_circular_segmented,0.4776723795598744,0.5834895813493475
CS2_35,HF2,16,partial_pearson_controlling_SOH,30,1000,0.1976226764144084,0.0484433868699603,0.3329832603047462,836,1000,0.12248996965329106,-0.06107761838794247,0.2887483693192269,836,34,111,non_circular_segmented,0.2845398734347859,0.3498259877071694
CS2_35,HF3,16,degradation_pearson,10,1000,-0.1604713336438856,-0.4467073786859576,-0.0650516706484633,834,1000,-0.29684548857395693,-0.49492911598729306,-0.06731435158077148,834,34,111,non_circular_segmented,0.3816557080374943,0.4276147644065216
CS2_35,HF3,16,degradation_spearman,10,1000,-0.2415595349302477,-0.4193817488586456,-0.0476154386195411,834,1000,-0.15679530360675836,-0.34340004272529984,0.05241606609816956,834,34,111,non_circular_segmented,0.3717663102391045,0.3958161088234694
CS2_35,HF3,16,partial_pearson_controlling_SOH,10,1000,0.0005319946835741,-0.0949756380343467,0.0401031993296026,834,1000,-0.025391950374531763,-0.15132894858597956,0.09254590415957992,834,34,111,non_circular_segmented,0.1350788373639493,0.24387485274555948
CS2_35,HF3,16,degradation_pearson,20,1000,-0.1675495943472019,-0.4622084718080713,-0.0521277899734811,834,1000,-0.2018219697254355,-0.3738652541157439,-0.012112455739576668,834,34,111,non_circular_segmented,0.4100806818345902,0.36175279837616725
CS2_35,HF3,16,degradation_spearman,20,1000,-0.2458758821249131,-0.4550044642179562,-0.0063717152519587,834,1000,-0.10157380595240979,-0.343885766938725,0.157515658020606,834,34,111,non_circular_segmented,0.44863274896599753,0.501401424959331
CS2_35,HF3,16,partial_pearson_controlling_SOH,20,1000,-0.0013848754311613,-0.115520807910344,0.0337249751396824,834,1000,-0.03908928938108707,-0.16773661176431773,0.08582740269992037,834,34,111,non_circular_segmented,0.1492457830500264,0.2535640144642381
CS2_35,HF3,16,degradation_pearson,30,1000,-0.1565708305384855,-0.4554992017316243,-0.0333893227198985,834,1000,-0.17400077588457946,-0.36282930677354114,0.09379718044830168,834,34,111,non_circular_segmented,0.4221098790117258,0.45662648722184285
CS2_35,HF3,16,degradation_spearman,30,1000,-0.2315709642537696,-0.4605684011772761,0.0458088583024884,834,1000,-0.008034279326532123,-0.2940543047561236,0.2587665516654378,834,34,111,non_circular_segmented,0.5063772594797645,0.5528208564215614
CS2_35,HF3,16,partial_pearson_controlling_SOH,30,1000,-0.0010390559909028,-0.109909944688999,0.0236478445481623,834,1000,-0.040714435460068324,-0.17776643472743262,0.09601251677479052,834,34,111,non_circular_segmented,0.1335577892371613,0.27377895150222314
CS2_35,HF4,16,degradation_pearson,10,1000,-0.0643652866627536,-0.2583529121658996,0.1488689592650094,574,1000,0.12421872146312293,-0.14840361621239964,0.3677178317644924,574,42,98,non_circular_segmented,0.40722187143090904,0.5161214479768921
CS2_35,HF4,16,degradation_spearman,10,1000,0.1357719721300785,-0.0845162577506651,0.3386263513424404,574,1000,0.34774622156887,0.113332169966052,0.5466169733299983,574,42,98,non_circular_segmented,0.4231426090931055,0.43328480336394626
CS2_35,HF4,16,partial_pearson_controlling_SOH,10,1000,0.1477568690407276,-0.0300890868099299,0.288973250531459,574,1000,0.11431255528431852,-0.04590998758922589,0.25025986822052565,574,42,98,non_circular_segmented,0.3190623373413889,0.2961698558097515
CS2_35,HF4,16,degradation_pearson,20,1000,-0.0639835345290839,-0.2950870412118376,0.1977711024488474,574,1000,0.3264884244335139,0.15410412565512036,0.4770715945360155,574,42,98,non_circular_segmented,0.49285814366068503,0.3229674688808951
CS2_35,HF4,16,degradation_spearman,20,1000,0.1349567373408265,-0.1211989504810934,0.4021218340057961,574,1000,0.4490508383489946,0.21515368336221993,0.6346505488886067,574,42,98,non_circular_segmented,0.5233207844868895,0.41949686552638676
CS2_35,HF4,16,partial_pearson_controlling_SOH,20,1000,0.1488541994284331,-0.0604254560068996,0.3170099961288516,574,1000,0.10377238592741977,-0.09722516470969814,0.2519225671784395,574,42,98,non_circular_segmented,0.3774354521357512,0.34914773188813764
CS2_35,HF4,16,degradation_pearson,30,1000,-0.054264705177134,-0.2982134044264005,0.2042053652246779,574,1000,0.35738727187077407,0.21859648456285977,0.5119929945045509,574,42,98,non_circular_segmented,0.5024187696510783,0.2933965099416912
CS2_35,HF4,16,degradation_spearman,30,1000,0.1548324486217423,-0.1163980200339586,0.4105343558736395,574,1000,0.5027918099366857,0.3059615488927916,0.6647217745463619,574,42,98,non_circular_segmented,0.5269323759075981,0.35876022565357035
CS2_35,HF4,16,partial_pearson_controlling_SOH,30,1000,0.14488800437174,-0.0649984506737387,0.3205003007516691,574,1000,0.059613274920706026,-0.17647609210775952,0.24056772479318903,574,42,98,non_circular_segmented,0.3854987514254078,0.41704381690094855
CS2_35,HF5,16,degradation_pearson,10,1000,-0.0199031763781131,-0.2330934685426242,0.2038279434638583,573,1000,0.1470636961633677,-0.07729870235151247,0.35143089971422753,573,43,98,non_circular_segmented,0.4369214120064825,0.42872960206574
CS2_35,HF5,16,degradation_spearman,10,1000,0.1730166693840705,-0.0420470685122547,0.3737702361999,573,1000,0.32697540047158746,0.1174382058984179,0.5083149045764506,573,43,98,non_circular_segmented,0.4158173047121547,0.39087669867803265
CS2_35,HF5,16,partial_pearson_controlling_SOH,10,1000,-0.1234541513126605,-0.2326417415576368,0.0095721649267354,573,1000,-0.09890123061109962,-0.2183201320186736,0.012124791467718853,573,43,98,non_circular_segmented,0.24221390648437222,0.23044492348639245
CS2_35,HF5,16,degradation_pearson,20,1000,-0.0111417341510542,-0.2532911624966423,0.2640802551003059,573,1000,0.3172197677902487,0.12690315952966466,0.47925482530075947,573,43,98,non_circular_segmented,0.5173714175969482,0.3523516657710948
CS2_35,HF5,16,degradation_spearman,20,1000,0.1777440540140225,-0.0740378062074296,0.427748309348987,573,1000,0.4031789393248101,0.18480414031306217,0.5803940151535452,573,43,98,non_circular_segmented,0.5017861155564166,0.395589874840483
CS2_35,HF5,16,partial_pearson_controlling_SOH,20,1000,-0.1228665155539545,-0.2402267420895672,0.0144134957330122,573,1000,-0.023913027167217518,-0.14288703184648777,0.07373321817095159,573,43,98,non_circular_segmented,0.2546402378225794,0.21662025001743934
CS2_35,HF5,16,degradation_pearson,30,1000,-0.0221334747188905,-0.2538887289791783,0.2630019458659739,573,1000,0.33766503166758455,0.16927994554471246,0.49675390859624835,573,43,98,non_circular_segmented,0.5168906748451523,0.32747396305153587
CS2_35,HF5,16,degradation_spearman,30,1000,0.1831705055112651,-0.0865833693684516,0.4332648834339389,573,1000,0.4109335527652517,0.22760525007081217,0.5932176766865412,573,43,98,non_circular_segmented,0.5198482528023904,0.36561242661572907
CS2_35,HF5,16,partial_pearson_controlling_SOH,30,1000,-0.1222015694814889,-0.2514522779551902,0.0121685981561413,573,1000,-0.02285553399538552,-0.18273944071853168,0.10751595594104395,573,43,98,non_circular_segmented,0.2636208761113315,0.2902553966595756
CS2_35,HF6,16,degradation_pearson,10,1000,0.0308454976954382,-0.1443479083452656,0.2229283003593086,573,1000,0.13522895487022837,-0.04855479079029461,0.32071106325610516,573,43,98,non_circular_segmented,0.3672762087045742,0.3692658540463998
CS2_35,HF6,16,degradation_spearman,10,1000,0.1764859070066101,-0.0493665955848151,0.3767328325496056,573,1000,0.29182990021191546,0.07392480286015697,0.4985087560226089,573,43,98,non_circular_segmented,0.4260994281344207,0.42458395316245195
CS2_35,HF6,16,partial_pearson_controlling_SOH,10,1000,-0.1573994360395738,-0.3173089008451648,0.0214217317076598,573,1000,-0.07322000946997932,-0.26484461025275496,0.1719924028634879,573,43,98,non_circular_segmented,0.3387306325528246,0.4368370131162429
CS2_35,HF6,16,degradation_pearson,20,1000,0.0341731419685716,-0.1520478535726873,0.2367734300495124,573,1000,0.22737042867347904,0.04358499634060353,0.4478776895527416,573,43,98,non_circular_segmented,0.3888212836221997,0.40429269321213807
CS2_35,HF6,16,degradation_spearman,20,1000,0.1757240186919019,-0.0441922528887283,0.3976902641200611,573,1000,0.35369531868167997,0.11796258684566524,0.5908558981598895,573,43,98,non_circular_segmented,0.4418825170087894,0.47289331131422424
CS2_35,HF6,16,partial_pearson_controlling_SOH,20,1000,-0.1530126523335909,-0.3236618837568222,0.0527323372845309,573,1000,0.1814833499903079,-0.06233013239861136,0.3630895317253584,573,43,98,non_circular_segmented,0.3763942210413531,0.42541966412396975
CS2_35,HF6,16,degradation_pearson,30,1000,0.0324723557959224,-0.149883375499942,0.2469270442281831,573,1000,0.27246015701025667,0.07380462404291607,0.4626068954896628,573,43,98,non_circular_segmented,0.3968104197281251,0.38880227144674673
CS2_35,HF6,16,degradation_spearman,30,1000,0.174135776174049,-0.0346376347280644,0.4051617315622001,573,1000,0.3913805306764186,0.16694071907477243,0.5825163174004092,573,43,98,non_circular_segmented,0.4397993662902645,0.4155755983256368
CS2_35,HF6,16,partial_pearson_controlling_SOH,30,1000,-0.1442172760450662,-0.3437133745769219,0.1012033096646811,573,1000,0.1380007181604469,-0.13855942868921858,0.34894455070615144,573,43,98,non_circular_segmented,0.444916684241603,0.48750397939537005
CS2_35,HF7,16,degradation_pearson,10,1000,-0.284602885691348,-0.4286076254926435,-0.1403871140077094,860,1000,-0.23381020406649974,-0.369121617696638,-0.09411951325160528,860,9,359,non_circular_segmented,0.2882205114849341,0.2750021044450327
CS2_35,HF7,16,degradation_spearman,10,1000,-0.2370994676980714,-0.4087749486990092,-0.0561295717569143,860,1000,-0.17822848581486442,-0.35819502862152647,0.010213919731149585,860,9,359,non_circular_segmented,0.3526453769420949,0.36840894835267607
CS2_35,HF7,16,partial_pearson_controlling_SOH,10,1000,0.3776837285953039,0.2292182727467779,0.5775805039557438,860,1000,0.5323059529383314,0.350966756346014,0.6180222947784174,860,9,359,non_circular_segmented,0.3483622312089659,0.2670555384324034
CS2_35,HF7,16,degradation_pearson,20,1000,-0.2745611529078643,-0.4585032074637518,-0.0985069673656256,860,1000,-0.19201925887913324,-0.3191900221445791,-0.062031841178015745,860,9,359,non_circular_segmented,0.3599962400981262,0.25715818096656334
CS2_35,HF7,16,degradation_spearman,20,1000,-0.2254590108773149,-0.4302892407228274,0.0124452685770814,860,1000,-0.12952575794573432,-0.33029669773615794,0.10350475362412528,860,9,359,non_circular_segmented,0.4427345092999088,0.43380145136028325
CS2_35,HF7,16,partial_pearson_controlling_SOH,20,1000,0.3920726439902238,0.2190846095663261,0.5821909269770745,860,1000,0.5462600372526019,0.40254954667177206,0.6352866678383571,860,9,359,non_circular_segmented,0.3631063174107484,0.23273712116658501
CS2_35,HF7,16,degradation_pearson,30,1000,-0.2773184031126534,-0.4538004673193603,-0.0969664732221781,860,1000,-0.1694472352576228,-0.28173932724150685,-0.04562125205479884,860,9,359,non_circular_segmented,0.3568339940971822,0.23611807518670802
CS2_35,HF7,16,degradation_spearman,30,1000,-0.222799685232281,-0.4431682745880757,0.038305454254793,860,1000,-0.11072617050409078,-0.3227018458617337,0.1355338226936389,860,9,359,non_circular_segmented,0.48147372884286865,0.4582356685553726
CS2_35,HF7,16,partial_pearson_controlling_SOH,30,1000,0.3848972948206837,0.222600993599163,0.5808992086040965,860,1000,0.5539186404209273,0.4154444455504245,0.6314014150744784,860,9,359,non_circular_segmented,0.35829821500493353,0.21595696952405397
CS2_35,HF8,16,degradation_pearson,10,1000,0.2718253106697528,0.1370129384229388,0.3935088193238824,836,1000,0.2682291771276524,0.11203875810380591,0.40659540644039655,836,34,111,non_circular_segmented,0.25649588090094355,0.2945566483365906
CS2_35,HF8,16,degradation_spearman,10,1000,0.2218293846877322,0.0263016171789974,0.3791201759249344,836,1000,0.1455696711540837,-0.0608654723909832,0.35251586964617615,836,34,111,non_circular_segmented,0.35281855874593704,0.41338134203715937
CS2_35,HF8,16,partial_pearson_controlling_SOH,10,1000,0.188899706724457,0.0599405424401702,0.3229966021933311,836,1000,0.18380781000108953,0.025164577295499112,0.3075078010333097,836,34,111,non_circular_segmented,0.2630560597531609,0.2823432237378106
CS2_35,HF8,16,degradation_pearson,20,1000,0.273558354768483,0.0961893600582718,0.4143294402210014,836,1000,0.22382527074595165,0.027926848227986033,0.38381107160266487,836,34,111,non_circular_segmented,0.31814008016272954,0.35588422337467884
CS2_35,HF8,16,degradation_spearman,20,1000,0.2164244929633388,-0.0228002981761861,0.4066878450353152,836,1000,0.11578388286302266,-0.16934583635687844,0.36163949758086006,836,34,111,non_circular_segmented,0.4294881432115013,0.5309853339377385
CS2_35,HF8,16,partial_pearson_controlling_SOH,20,1000,0.1884884820340018,0.0357022632487503,0.3339136924666287,836,1000,0.08086553850492068,-0.08717772449399304,0.2489532763868713,836,34,111,non_circular_segmented,0.2982114292178784,0.33613100088086434
CS2_35,HF8,16,degradation_pearson,30,1000,0.2669380941873248,0.0670932339742071,0.4173963544096433,836,1000,0.17599884131822066,-0.07370411481084438,0.3591189270942602,836,34,111,non_circular_segmented,0.3503031204354362,0.43282304190510457
CS2_35,HF8,16,degradation_spearman,30,1000,0.2110872544593505,-0.0470720220888899,0.4167279621335468,836,1000,0.008350168109593013,-0.2745825431335923,0.2769388839690865,836,34,111,non_circular_segmented,0.4637999842224367,0.5515214271026788
CS2_35,HF8,16,partial_pearson_controlling_SOH,30,1000,0.1888870264492191,0.0471136250669043,0.3356658008984802,836,1000,0.10548005450860076,-0.0786356640238056,0.28308467423275097,836,34,111,non_circular_segmented,0.2885521758315759,0.3617203382565566
CS2_35,HF1,24,degradation_pearson,10,1000,-0.3995621714239356,-0.5403390790797002,-0.2285106010817679,852,1000,-0.38667845504588405,-0.5213869263737411,-0.22322910428492357,852,9,351,non_circular_segmented,0.31182847799793234,0.29815782208881747
CS2_35,HF1,24,degradation_spearman,10,1000,-0.3294707714193189,-0.4883259138409037,-0.128581609194584,852,1000,-0.3139926010643449,-0.4753953319886757,-0.10272810427566915,852,9,351,non_circular_segmented,0.3597443046463197,0.37266722771300653
CS2_35,HF1,24,partial_pearson_controlling_SOH,10,1000,0.3787998677184376,0.2087171984935883,0.5735509272879563,852,1000,0.49978720186013353,0.3272646499000194,0.6159430325536258,852,9,351,non_circular_segmented,0.36483372879436804,0.2886783826536064
CS2_35,HF1,24,degradation_pearson,20,1000,-0.3887509922829704,-0.5664496988755766,-0.167447582110084,852,1000,-0.2995849999853024,-0.4671467486630998,-0.11542523486047453,852,9,351,non_circular_segmented,0.3990021167654926,0.3517215138026253
CS2_35,HF1,24,degradation_spearman,20,1000,-0.3192439940898157,-0.5190585110326387,-0.0487090368229806,852,1000,-0.2444218762360555,-0.45859511050148094,0.06427507123480446,852,9,351,non_circular_segmented,0.47034947420965806,0.5228701817362854
CS2_35,HF1,24,partial_pearson_controlling_SOH,20,1000,0.3748435539726982,0.210580808405974,0.5682844000662992,852,1000,0.5213436347087157,0.3692409078786143,0.631691693609992,852,9,351,non_circular_segmented,0.35770359166032517,0.2624507857313777
CS2_35,HF1,24,degradation_pearson,30,1000,-0.3911915832340021,-0.5712155452850581,-0.1574178287804104,852,1000,-0.2654218139009647,-0.3896249165274898,-0.0959288768475369,852,9,351,non_circular_segmented,0.4137977165046477,0.29369603967995295
CS2_35,HF1,24,degradation_spearman,30,1000,-0.319829758433293,-0.5423629536362109,-0.0406721431125491,852,1000,-0.2136166005461491,-0.4495024464979037,0.08057899728879901,852,9,351,non_circular_segmented,0.5016908105236618,0.5300814437867027
CS2_35,HF1,24,partial_pearson_controlling_SOH,30,1000,0.3790007737387468,0.2104490241914751,0.5709616152251306,852,1000,0.5308732221662866,0.3750670118498754,0.6405610569477309,852,9,351,non_circular_segmented,0.36051259103365546,0.2654940450978555
CS2_35,HF2,24,degradation_pearson,10,1000,0.3440341035868323,0.1795647062004579,0.4849228058877549,829,1000,0.3731742044947697,0.21250477180245403,0.5216463690700027,829,32,111,non_circular_segmented,0.305358099687297,0.3091415972675487
CS2_35,HF2,24,degradation_spearman,10,1000,0.2931809720698294,0.1036553031149114,0.4574162404794747,829,1000,0.2487285829364928,0.04251977916306844,0.43168352001009563,829,32,111,non_circular_segmented,0.3537609373645633,0.3891637408470272
CS2_35,HF2,24,partial_pearson_controlling_SOH,10,1000,0.2425398505055314,0.0634977503272295,0.4149200894136,829,1000,0.17306394869238115,0.038831331008511355,0.3375367419529983,829,32,111,non_circular_segmented,0.3514223390863705,0.298705410944487
CS2_35,HF2,24,degradation_pearson,20,1000,0.3385463967497031,0.1350062139699458,0.4940272832414851,829,1000,0.26836016182663613,0.03461053645740532,0.4778564646924556,829,32,111,non_circular_segmented,0.3590210692715393,0.44324592823505027
CS2_35,HF2,24,degradation_spearman,20,1000,0.2894987828963995,0.0273907552822435,0.4962012517860109,829,1000,0.1456047396006801,-0.11577797005861135,0.36181669316984355,829,32,111,non_circular_segmented,0.4688104965037674,0.4775946632284549
CS2_35,HF2,24,partial_pearson_controlling_SOH,20,1000,0.2447477888361726,0.0497907598317863,0.4076711931768983,829,1000,0.15786658762583053,-0.02577580948867404,0.3396410185314299,829,32,111,non_circular_segmented,0.357880433345112,0.36541682802010395
CS2_35,HF2,24,degradation_pearson,30,1000,0.3258299846230934,0.1043870000658988,0.5001623739117308,829,1000,0.2001982625373107,-0.10787764020071353,0.40235162585321727,829,32,111,non_circular_segmented,0.395775373845832,0.5102292660539308
CS2_35,HF2,24,degradation_spearman,30,1000,0.2791874078034834,-0.0148556901037078,0.5183240255993322,829,1000,0.04231814725200442,-0.25389754430045686,0.32367869724215886,829,32,111,non_circular_segmented,0.53317971570304,0.5775762415426158
CS2_35,HF2,24,partial_pearson_controlling_SOH,30,1000,0.251638162589988,0.0485928045684511,0.4054831415564859,829,1000,0.13135507606631353,-0.057759686825077795,0.29187663215285237,829,32,111,non_circular_segmented,0.3568903369880348,0.3496363189779302
CS2_35,HF3,24,degradation_pearson,10,1000,-0.1951718578167499,-0.5430272242513173,-0.0863935780349713,827,1000,-0.40163631368875546,-0.5664789736700695,-0.11875238579917076,827,32,111,non_circular_segmented,0.45663364621634606,0.44772658787089875
CS2_35,HF3,24,degradation_spearman,10,1000,-0.3199833149100449,-0.4778665047601418,-0.1085658997176099,827,1000,-0.23479100971973588,-0.41673701579324024,-0.028506826701453977,827,32,111,non_circular_segmented,0.3693006050425319,0.38823018909178625
CS2_35,HF3,24,partial_pearson_controlling_SOH,10,1000,0.0043691532467156,-0.0996407217186461,0.036026789068983,827,1000,-0.07177225967101065,-0.18502212820329533,0.03110437980788633,827,32,111,non_circular_segmented,0.13566751078762912,0.21612650801118166
CS2_35,HF3,24,degradation_pearson,20,1000,-0.1913262274731822,-0.5634426984400979,-0.0659945753021123,827,1000,-0.2502543835807064,-0.5118515439926051,-0.010110131173530573,827,32,111,non_circular_segmented,0.4974481231379856,0.5017414128190746
CS2_35,HF3,24,degradation_spearman,20,1000,-0.3147690642989168,-0.5139951625213682,-0.0624132296654695,827,1000,-0.10502010597403573,-0.33754866659991706,0.15044519835307477,827,32,111,non_circular_segmented,0.45158193285589876,0.4879938649529918
CS2_35,HF3,24,partial_pearson_controlling_SOH,20,1000,0.0032841784144559,-0.0932164912803153,0.0360009378583198,827,1000,-0.08059093655768905,-0.19676825030583078,0.023316538743245623,827,32,111,non_circular_segmented,0.1292174291386351,0.2200847890490764
CS2_35,HF3,24,degradation_pearson,30,1000,-0.2003970851350825,-0.5659594926580571,-0.0650928910125828,827,1000,-0.20632616377550758,-0.39138962562348034,0.05365428108508108,827,32,111,non_circular_segmented,0.5008666016454744,0.4450439067085614
CS2_35,HF3,24,degradation_spearman,30,1000,-0.316628876361785,-0.5466174808626535,-0.0469241574507674,827,1000,-0.017488111331528555,-0.2968688378325794,0.248698867245111,827,32,111,non_circular_segmented,0.4996933234118861,0.5455677050776904
CS2_35,HF3,24,partial_pearson_controlling_SOH,30,1000,0.002663587990247,-0.087786594456312,0.0306861899918707,827,1000,-0.07489361667182695,-0.19074192683766453,0.022590234540939943,827,32,111,non_circular_segmented,0.1184727844481827,0.21333216137860447
CS2_35,HF4,24,degradation_pearson,10,1000,-0.0919244235038832,-0.3196528923002079,0.1819918525473312,574,1000,-0.021947475842186356,-0.3067832584915011,0.33183260828436767,574,42,98,non_circular_segmented,0.5016447448475391,0.6386158667758688
CS2_35,HF4,24,degradation_spearman,10,1000,0.0563522375739507,-0.1797643552245496,0.3244536891979204,574,1000,0.19140888543091372,-0.0779137529616673,0.4407936273194913,574,42,98,non_circular_segmented,0.50421804442247,0.5187073802811586
CS2_35,HF4,24,partial_pearson_controlling_SOH,10,1000,0.141816464662183,-0.0279257191320604,0.274611790977194,574,1000,0.15297169631717972,-0.013069401840434593,0.2806981312520368,574,42,98,non_circular_segmented,0.3025375101092544,0.2937675330924714
CS2_35,HF4,24,degradation_pearson,20,1000,-0.0738046841603483,-0.3587221949774347,0.2670486172680114,574,1000,0.23944882756572716,-0.2698074476173556,0.49896549438118165,574,42,98,non_circular_segmented,0.6257708122454461,0.7687729419985372
CS2_35,HF4,24,degradation_spearman,20,1000,0.0630354322534914,-0.227531776184963,0.3838041277297123,574,1000,0.3155062081020554,0.020182751908753377,0.5854161020525931,574,42,98,non_circular_segmented,0.6113359039146753,0.5652333501438397
CS2_35,HF4,24,partial_pearson_controlling_SOH,20,1000,0.1330355498552038,-0.0865054960166652,0.2970780224382709,574,1000,0.08199667648954007,-0.10535491819937723,0.2753254220978731,574,42,98,non_circular_segmented,0.3835835184549361,0.3806803402972503
CS2_35,HF4,24,degradation_pearson,30,1000,-0.0824423753441502,-0.3448897755641028,0.2709431701766738,574,1000,0.37455895248193016,0.22871890903577002,0.5344083894178221,574,42,98,non_circular_segmented,0.6158329457407765,0.30568948038205207
CS2_35,HF4,24,degradation_spearman,30,1000,0.0737606114093768,-0.2315403141698107,0.3798771523176701,574,1000,0.46296659102578586,0.25548144342087364,0.6600553324003205,574,42,98,non_circular_segmented,0.6114174664874807,0.4045738889794469
CS2_35,HF4,24,partial_pearson_controlling_SOH,30,1000,0.1355317393297582,-0.0878942066840349,0.3198135138789265,574,1000,0.008789065027764883,-0.16800863882402706,0.17203836334179373,574,42,98,non_circular_segmented,0.4077077205629614,0.3400470021658208
CS2_35,HF5,24,degradation_pearson,10,1000,-0.0249287438235303,-0.280978514519544,0.2608698917274776,573,1000,0.03979033322224218,-0.2334139759479432,0.36090245579907293,573,43,98,non_circular_segmented,0.5418484062470216,0.5943164317470161
CS2_35,HF5,24,degradation_spearman,10,1000,0.1159893597782476,-0.1255935411308946,0.3537412742139146,573,1000,0.1997583447441193,-0.06771871395784917,0.43620745626732144,573,43,98,non_circular_segmented,0.4793348153448092,0.5039261702251706
CS2_35,HF5,24,partial_pearson_controlling_SOH,10,1000,-0.1752352881935948,-0.2929603186861799,-0.0465543890570224,573,1000,-0.17183086534335623,-0.29605260314153076,-0.0604190389124542,573,43,98,non_circular_segmented,0.24640592962915747,0.23563356422907655
CS2_35,HF5,24,degradation_pearson,20,1000,-0.0180724313533495,-0.3125956188286896,0.3459508644123307,573,1000,0.2676031839166797,-0.15472029921621544,0.5067069554672549,573,43,98,non_circular_segmented,0.6585464832410203,0.6614272546834703
CS2_35,HF5,24,degradation_spearman,20,1000,0.1227182062538805,-0.2015183245548608,0.4048370212302888,573,1000,0.301758426882248,0.015908597404446133,0.5435770578187628,573,43,98,non_circular_segmented,0.6063553457851496,0.5276684604143166
CS2_35,HF5,24,partial_pearson_controlling_SOH,20,1000,-0.1799460671946754,-0.3191840358692915,-0.0220480333118514,573,1000,-0.15192713290233312,-0.29875692567216394,-0.04603597190435406,573,43,98,non_circular_segmented,0.2971360025574401,0.2527209537678099
CS2_35,HF5,24,degradation_pearson,30,1000,-0.0086920121741292,-0.3090375338931151,0.3403042761328461,573,1000,0.38001557205535835,0.22844354523114263,0.5143820258143289,573,43,98,non_circular_segmented,0.6493418100259611,0.28593848058318627
CS2_35,HF5,24,degradation_spearman,30,1000,0.129612261495696,-0.1956577343998564,0.4152770543059728,573,1000,0.3994535929684162,0.21413296885375688,0.5728803639622777,573,43,98,non_circular_segmented,0.6109347887058292,0.35874739510852083
CS2_35,HF5,24,partial_pearson_controlling_SOH,30,1000,-0.1783770246175287,-0.3203089441020157,-0.0145529670915149,573,1000,-0.1086163568903977,-0.22271901705190209,-0.02159361312820384,573,43,98,non_circular_segmented,0.30575597701050083,0.20112540392369824
CS2_35,HF6,24,degradation_pearson,10,1000,0.0390207486777069,-0.139528634833955,0.2529162162920395,573,1000,0.07814383854893742,-0.1328962808164217,0.28997056445808844,573,43,98,non_circular_segmented,0.3924448511259945,0.42286684527451013
CS2_35,HF6,24,degradation_spearman,10,1000,0.0964622463314969,-0.115005904600659,0.3306219452738285,573,1000,0.16043789498807082,-0.07884826007775597,0.3856324870957918,573,43,98,non_circular_segmented,0.4456278498744875,0.46448074717354776
CS2_35,HF6,24,partial_pearson_controlling_SOH,10,1000,-0.222444813208565,-0.3905285261495347,-0.0202181569203885,573,1000,-0.16320411974887844,-0.35302319604127014,0.10349807625613466,573,43,98,non_circular_segmented,0.37031036922914623,0.4565212722974048
CS2_35,HF6,24,degradation_pearson,20,1000,0.0401803669982776,-0.1996400513031049,0.2831694337882442,573,1000,0.18021544985649396,-0.1086487205635047,0.43348264908824635,573,43,98,non_circular_segmented,0.48280948509134913,0.542131369651751
CS2_35,HF6,24,degradation_spearman,20,1000,0.1090179041053996,-0.1639096444035432,0.3654273214044721,573,1000,0.25406205930536013,-0.04069944019379408,0.5369688915253149,573,43,98,non_circular_segmented,0.5293369658080153,0.577668331719109
CS2_35,HF6,24,partial_pearson_controlling_SOH,20,1000,-0.216424898259738,-0.4275399340548568,0.0250899423760623,573,1000,0.0006785286326070572,-0.3716289235276414,0.2837408376718393,573,43,98,non_circular_segmented,0.4526298764309191,0.6553697611994806
CS2_35,HF6,24,degradation_pearson,30,1000,0.0387260400961235,-0.190568639481745,0.3007977913005038,573,1000,0.2972796727837845,0.09817318025955639,0.4740145386542592,573,43,98,non_circular_segmented,0.49136643078224884,0.3758413583947028
CS2_35,HF6,24,degradation_spearman,30,1000,0.1016649294736577,-0.1660235484727105,0.3798414637434103,573,1000,0.3869127066434888,0.13466261461227697,0.5743474412871739,573,43,98,non_circular_segmented,0.5458650122161208,0.4396848266748969
CS2_35,HF6,24,partial_pearson_controlling_SOH,30,1000,-0.2252435770209505,-0.4346422444412374,0.0494145172518336,573,1000,0.0822011878413193,-0.13463850195145372,0.2777356458053609,573,43,98,non_circular_segmented,0.484056761693071,0.41237414775681464
CS2_35,HF7,24,degradation_pearson,10,1000,-0.3957123830757638,-0.5427190581275441,-0.2382698409942132,852,1000,-0.38299816948852017,-0.5143556869912133,-0.22739404501676597,852,9,351,non_circular_segmented,0.30444921713333084,0.2869616419744473
CS2_35,HF7,24,degradation_spearman,10,1000,-0.3190155714222321,-0.4895015116334826,-0.1410387076400366,852,1000,-0.3012516882751627,-0.4750823971098334,-0.1232598494886723,852,9,351,non_circular_segmented,0.348462803993446,0.3518225476211611
CS2_35,HF7,24,partial_pearson_controlling_SOH,10,1000,0.3712940901634077,0.212658198023882,0.5522486896406398,852,1000,0.4818946477253928,0.31631786138350076,0.5947217264318029,852,9,351,non_circular_segmented,0.3395904916167578,0.2784038650483021
CS2_35,HF7,24,degradation_pearson,20,1000,-0.3988634252010458,-0.5571343866110166,-0.1819901548553167,852,1000,-0.29643799508396595,-0.4830228326407314,-0.1181469003958561,852,9,351,non_circular_segmented,0.3751442317556999,0.36487593224487536
CS2_35,HF7,24,degradation_spearman,20,1000,-0.3237745799963368,-0.5236396132206446,-0.0851321855057346,852,1000,-0.23814629560159553,-0.48311189885438327,0.03273946395721922,852,9,351,non_circular_segmented,0.43850742771490997,0.5158513628116025
CS2_35,HF7,24,partial_pearson_controlling_SOH,20,1000,0.3732544292864007,0.2048552564886383,0.5572278358982616,852,1000,0.5122234139089086,0.3568375527339206,0.6268365205153471,852,9,351,non_circular_segmented,0.3523725794096233,0.2699989677814265
CS2_35,HF7,24,degradation_pearson,30,1000,-0.3942887940072066,-0.5735228506077459,-0.1595170932086219,852,1000,-0.26360396269283776,-0.40099921496565055,-0.10934944458667935,852,9,351,non_circular_segmented,0.414005757399124,0.2916497703789712
CS2_35,HF7,24,degradation_spearman,30,1000,-0.3191250774148424,-0.5570471546504715,-0.0297037877498225,852,1000,-0.2168951497554497,-0.45638826751990536,0.06682558308887053,852,9,351,non_circular_segmented,0.527343366900649,0.5232138506087759
CS2_35,HF7,24,partial_pearson_controlling_SOH,30,1000,0.372900548392224,0.2073976854040009,0.559430684292661,852,1000,0.5253467670790273,0.3586029930105717,0.6343361543390453,852,9,351,non_circular_segmented,0.3520329988886601,0.27573316132847364
CS2_35,HF8,24,degradation_pearson,10,1000,0.3559245548371726,0.2069599916976602,0.4837615326797997,829,1000,0.38036074029768313,0.2112163879910911,0.5243898197410931,829,32,111,non_circular_segmented,0.2768015409821395,0.313173431750002
CS2_35,HF8,24,degradation_spearman,10,1000,0.3053429859969518,0.1097463418971978,0.4702884998331665,829,1000,0.26441027183120996,0.061376786436648206,0.43059046273417473,829,32,111,non_circular_segmented,0.3605421579359687,0.36921367629752655
CS2_35,HF8,24,partial_pearson_controlling_SOH,10,1000,0.2358514672513164,0.0587717790267983,0.4014988474624876,829,1000,0.17261290005802882,0.030827314634793834,0.3346906629984048,829,32,111,non_circular_segmented,0.3427270684356893,0.30386334836361095
CS2_35,HF8,24,degradation_pearson,20,1000,0.3602821036834357,0.1664900243137326,0.4989814204448117,829,1000,0.266646890678613,0.03725282286670868,0.4545184992178194,829,32,111,non_circular_segmented,0.3324913961310791,0.4172656763511107
CS2_35,HF8,24,degradation_spearman,20,1000,0.3056541362772508,0.0542296750523817,0.4957540425520422,829,1000,0.13746084905682593,-0.13020976716123334,0.3738194683012016,829,32,111,non_circular_segmented,0.4415243674996605,0.5040292354624349
CS2_35,HF8,24,partial_pearson_controlling_SOH,20,1000,0.239116115019614,0.0358269605874154,0.4125474977795822,829,1000,0.1478658500542866,-0.04516609353407882,0.33204677364717405,829,32,111,non_circular_segmented,0.3767205371921668,0.37721286718125285
CS2_35,HF8,24,degradation_pearson,30,1000,0.3497532396840665,0.1215718764679901,0.5089978399639914,829,1000,0.21203662643962623,-0.08200694241477699,0.41471104206771675,829,32,111,non_circular_segmented,0.3874259634960013,0.4967179844824937
CS2_35,HF8,24,degradation_spearman,30,1000,0.29234610380436,0.0046162966241528,0.5123455150153269,829,1000,0.034564889783493306,-0.2520761721121614,0.30536877239945315,829,32,111,non_circular_segmented,0.5077292183911741,0.5574449445116145
CS2_35,HF8,24,partial_pearson_controlling_SOH,30,1000,0.2384279256062174,0.0511246250389309,0.4062247819506071,829,1000,0.1262423631828447,-0.07290385209264769,0.2795420245415922,829,32,111,non_circular_segmented,0.3551001569116762,0.3524458766342399
CS2_35,HF1,32,degradation_pearson,10,1000,-0.5164883501842473,-0.6373348177833225,-0.3535120026455757,844,1000,-0.4954626371854691,-0.6213898630568075,-0.3111265173610314,844,9,343,non_circular_segmented,0.28382281513774676,0.3102633456957761
CS2_35,HF1,32,degradation_spearman,10,1000,-0.3801722471802936,-0.5449440836718883,-0.1834892271757262,844,1000,-0.36197461404062325,-0.5309753547082543,-0.17100466707132642,844,9,343,non_circular_segmented,0.3614548564961621,0.35997068763692786
CS2_35,HF1,32,partial_pearson_controlling_SOH,10,1000,0.3549889406546187,0.1970195828896577,0.5585379876870766,844,1000,0.49744381035697327,0.31504156101187736,0.5967379616354852,844,9,343,non_circular_segmented,0.3615184047974189,0.28169640062360785
CS2_35,HF1,32,degradation_pearson,20,1000,-0.5110467669727221,-0.664375609921271,-0.2918459148054567,844,1000,-0.4288702203281817,-0.630968644469043,-0.2119326205841391,844,9,343,non_circular_segmented,0.3725296951158143,0.4190360238849039
CS2_35,HF1,32,degradation_spearman,20,1000,-0.3803503286151435,-0.5713090672735986,-0.1446877501752448,844,1000,-0.3162322674891491,-0.5387521374741002,-0.048316657180397286,844,9,343,non_circular_segmented,0.4266213170983538,0.49043548029370293
CS2_35,HF1,32,partial_pearson_controlling_SOH,20,1000,0.3651285308870626,0.185892057447082,0.5618004671814687,844,1000,0.5110776753195794,0.3342476255255497,0.622605726540081,844,9,343,non_circular_segmented,0.37590840973438666,0.28835810101453124
CS2_35,HF1,32,degradation_pearson,30,1000,-0.5035837885948629,-0.6759483745654071,-0.2465258224192938,844,1000,-0.36539361029543294,-0.5646633885110636,-0.16826881111265998,844,9,343,non_circular_segmented,0.42942255214611336,0.39639457739840356
CS2_35,HF1,32,degradation_spearman,30,1000,-0.3780077388551423,-0.6015685709260158,-0.0797870112720401,844,1000,-0.28651735271360634,-0.5322384660873282,0.019996139597738397,844,9,343,non_circular_segmented,0.5217815596539757,0.5522346056850665
CS2_35,HF1,32,partial_pearson_controlling_SOH,30,1000,0.3583912607256904,0.1927053625119667,0.5510524382382213,844,1000,0.5368742736007804,0.37527216448927725,0.6509739750684593,844,9,343,non_circular_segmented,0.35834707572625457,0.2757018105791821
CS2_35,HF2,32,degradation_pearson,10,1000,0.4524809877676641,0.283166872208431,0.5812860393423847,824,1000,0.46465624801506633,0.28328512782523196,0.5943543396490796,824,31,109,non_circular_segmented,0.29811916713395364,0.3110692118238476
CS2_35,HF2,32,degradation_spearman,10,1000,0.3515406170220924,0.169709608824691,0.5128249649107168,824,1000,0.2817527582834084,0.08080486102868259,0.45903907761615026,824,31,109,non_circular_segmented,0.34311535608602584,0.3782342165874677
CS2_35,HF2,32,partial_pearson_controlling_SOH,10,1000,0.1944332325212951,0.0534538388843846,0.3385916199137274,824,1000,0.21447768208559326,0.0818406391856934,0.37188906595497523,824,31,109,non_circular_segmented,0.2851377810293428,0.29004842676928183
CS2_35,HF2,32,degradation_pearson,20,1000,0.4413772294662881,0.2282676157129864,0.5989340628600959,824,1000,0.40866240904633777,0.10625979781009877,0.6094275686280751,824,31,109,non_circular_segmented,0.3706664471471095,0.5031677708179764
CS2_35,HF2,32,degradation_spearman,20,1000,0.3406564970412064,0.094114158052657,0.54608888338973,824,1000,0.212784437177036,-0.07442281667928591,0.42616607807068746,824,31,109,non_circular_segmented,0.45197472533707306,0.5005888947499734
CS2_35,HF2,32,partial_pearson_controlling_SOH,20,1000,0.1989187797521293,0.0379198096726399,0.3550498378552556,824,1000,0.2683420620920499,0.08475872475831205,0.42415347155838545,824,31,109,non_circular_segmented,0.3171300281826157,0.3393947468000734
CS2_35,HF2,32,degradation_pearson,30,1000,0.4425839680039358,0.187042722754599,0.6278795131512526,824,1000,0.2964901006775878,-0.028636283962328382,0.5386226931620073,824,31,109,non_circular_segmented,0.4408367903966536,0.5672589771243357
CS2_35,HF2,32,degradation_spearman,30,1000,0.3401120577279788,0.0608603412896626,0.5784675969481592,824,1000,0.09588907140681353,-0.2399760593566717,0.385065037712222,824,31,109,non_circular_segmented,0.5176072556584966,0.6250410970688938
CS2_35,HF2,32,partial_pearson_controlling_SOH,30,1000,0.1936094139848041,0.0210179638719781,0.378882893545388,824,1000,0.19512788564934405,0.028023354528023712,0.3623689606710381,824,31,109,non_circular_segmented,0.3578649296734099,0.33434560614301434
CS2_35,HF3,32,degradation_pearson,10,1000,-0.2163967508680601,-0.6147175819262576,-0.1045721570521576,822,1000,-0.49654686116955105,-0.6455053048446032,-0.14057016520691815,822,31,109,non_circular_segmented,0.5101454248741,0.5049351396376851
CS2_35,HF3,32,degradation_spearman,10,1000,-0.3725441051260451,-0.525802042082285,-0.1779015532015667,822,1000,-0.26369665509975815,-0.44741355950539663,-0.055741844444315125,822,31,109,non_circular_segmented,0.3479004888807183,0.3916717150610815
CS2_35,HF3,32,partial_pearson_controlling_SOH,10,1000,0.0024814739904071,-0.0988904839905645,0.0280029706020889,822,1000,-0.09864541714138916,-0.20750885936552507,0.009811416295103997,822,31,109,non_circular_segmented,0.12689345459265342,0.21732027566062906
CS2_35,HF3,32,degradation_pearson,20,1000,-0.2131854126597384,-0.6217443673368451,-0.0931945083480353,822,1000,-0.4146014031473557,-0.6597309265658804,-0.04387944859830989,822,31,109,non_circular_segmented,0.5285498589888098,0.6158514779675706
CS2_35,HF3,32,degradation_spearman,20,1000,-0.3662585526297696,-0.5652877758869204,-0.1013867442973281,822,1000,-0.16285075359588347,-0.4041275849652744,0.11873730341295578,822,31,109,non_circular_segmented,0.4639010315895923,0.5228648883782302
CS2_35,HF3,32,partial_pearson_controlling_SOH,20,1000,0.0016827580142174,-0.1202816324062598,0.0339836494955526,822,1000,-0.10191745568977031,-0.21068419937240684,0.0058074302401689044,822,31,109,non_circular_segmented,0.1542652819018124,0.21649162961257576
CS2_35,HF3,32,degradation_pearson,30,1000,-0.2096967863909196,-0.6465117993029892,-0.0583641946912855,822,1000,-0.29106909089755245,-0.5947297587404714,0.06523446551765955,822,31,109,non_circular_segmented,0.5881476046117037,0.659964224258131
CS2_35,HF3,32,degradation_spearman,30,1000,-0.3548228204443193,-0.5985632303986282,-0.0343061480819589,822,1000,-0.04194127952602776,-0.3717199562800861,0.2797506311667887,822,31,109,non_circular_segmented,0.5642570823166694,0.6514705874468748
CS2_35,HF3,32,partial_pearson_controlling_SOH,30,1000,0.001425466836474,-0.1129897297068825,0.0406027446785933,822,1000,-0.10590714794889608,-0.20551712319965718,0.008706702610319032,822,31,109,non_circular_segmented,0.1535924743854758,0.2142238258099762
CS2_35,HF4,32,degradation_pearson,10,1000,-0.1877794833464224,-0.4284484215944476,0.1186812935458667,574,1000,-0.08935886830678083,-0.39819989660027594,0.32952987601376993,574,42,98,non_circular_segmented,0.5471297151403143,0.7277297726140459
CS2_35,HF4,32,degradation_spearman,10,1000,-0.0064412976496992,-0.2657614336925821,0.2487958148057602,574,1000,0.20005434049883464,-0.06092878471137428,0.46872244817544306,574,42,98,non_circular_segmented,0.5145572484983423,0.5296512328868174
CS2_35,HF4,32,partial_pearson_controlling_SOH,10,1000,0.1924741793519802,-0.0003352486790508,0.3350861074613411,574,1000,0.14595861345832295,-0.02622712758897365,0.2875691073363044,574,42,98,non_circular_segmented,0.3354213561403919,0.3137962349252781
CS2_35,HF4,32,degradation_pearson,20,1000,-0.1661098951548009,-0.4703637302889744,0.2279939415429029,574,1000,0.08602814636970915,-0.40720352672600907,0.49428977176072236,574,42,98,non_circular_segmented,0.6983576718318772,0.9014932984867314
CS2_35,HF4,32,degradation_spearman,20,1000,0.0072541941706779,-0.3002336274837751,0.3326393974465887,574,1000,0.3067147050364592,-0.005518578763770945,0.5940069916408421,574,42,98,non_circular_segmented,0.6328730249303638,0.5995255704046131
CS2_35,HF4,32,partial_pearson_controlling_SOH,20,1000,0.1774587399303899,-0.0504718361851392,0.3530471152000656,574,1000,0.09061024600110289,-0.12018772876811197,0.2936409906629659,574,42,98,non_circular_segmented,0.40351895138520477,0.41382871943107785
CS2_35,HF4,32,degradation_pearson,30,1000,-0.1714599390058085,-0.4565159315269487,0.2343976311735796,574,1000,0.3852884815318583,0.2351808854316159,0.5256918952784391,574,42,98,non_circular_segmented,0.6909135627005283,0.2905110098468232
CS2_35,HF4,32,degradation_spearman,30,1000,0.0053550676168118,-0.3364407384568599,0.3798534371547775,574,1000,0.5469214039746276,0.3204699365148749,0.7275445718400657,574,42,98,non_circular_segmented,0.7162941756116374,0.40707463532519084
CS2_35,HF4,32,partial_pearson_controlling_SOH,30,1000,0.1777428494659875,-0.0681936019854713,0.3752739457531949,574,1000,-0.032755010355134104,-0.20977190970694956,0.09884598459922321,574,42,98,non_circular_segmented,0.4434675477386662,0.30861789430617276
CS2_35,HF5,32,degradation_pearson,10,1000,-0.1249625048268531,-0.3792026879908259,0.2080989843503621,573,1000,-0.03535822738177935,-0.3450850105003665,0.35537268557261936,573,43,98,non_circular_segmented,0.587301672341188,0.7004576960729858
CS2_35,HF5,32,degradation_spearman,10,1000,0.0537895285556512,-0.1926131309070729,0.3183973994005754,573,1000,0.19364010152509342,-0.06696058180749576,0.43793304308983,573,43,98,non_circular_segmented,0.5110105303076483,0.5048936248973257
CS2_35,HF5,32,partial_pearson_controlling_SOH,10,1000,-0.1309468776284747,-0.2781534218239505,0.0042146255642308,573,1000,-0.17519264479101684,-0.3009206989617169,-0.05507034914461178,573,43,98,non_circular_segmented,0.2823680473881813,0.24585034981710513
CS2_35,HF5,32,degradation_pearson,20,1000,-0.109716139784998,-0.415129801525768,0.2778370407384824,573,1000,0.11397459147607014,-0.3165266744895776,0.4852923760428686,573,43,98,non_circular_segmented,0.6929668422642504,0.8018190505324463
CS2_35,HF5,32,degradation_spearman,20,1000,0.0597492972855057,-0.2501396735230395,0.3801016947768526,573,1000,0.2687621653730451,-0.031791120273017684,0.5371611846151322,573,43,98,non_circular_segmented,0.6302413682998922,0.5689523048881499
CS2_35,HF5,32,partial_pearson_controlling_SOH,20,1000,-0.1331472280585942,-0.2930775657537161,0.0209446892812287,573,1000,-0.1595553108568682,-0.3150274531840881,-0.014217740272679868,573,43,98,non_circular_segmented,0.3140222550349448,0.30080971291140823
CS2_35,HF5,32,degradation_pearson,30,1000,-0.104539953243161,-0.4177707045523529,0.3134883161732886,573,1000,0.369553691527772,0.23185503939216742,0.4936868616428761,573,43,98,non_circular_segmented,0.7312590207256415,0.26183182225070867
CS2_35,HF5,32,degradation_spearman,30,1000,0.0719321467740966,-0.2617641679630398,0.3953067991266248,573,1000,0.4600057142335282,0.2988055551149623,0.5938637733958734,573,43,98,non_circular_segmented,0.6570709670896646,0.29505821828091106
CS2_35,HF5,32,partial_pearson_controlling_SOH,30,1000,-0.1365812424686455,-0.312039760828698,0.0267995137717971,573,1000,-0.09232082012220033,-0.18767899540648983,-0.005992039467177352,573,43,98,non_circular_segmented,0.3388392746004951,0.18168695593931247
CS2_35,HF6,32,degradation_pearson,10,1000,-0.0186861018051733,-0.2063207327794811,0.1961351510660506,573,1000,0.05345117409188,-0.17904786598696212,0.310857490217997,573,43,98,non_circular_segmented,0.40245588384553166,0.4899053562049591
CS2_35,HF6,32,degradation_spearman,10,1000,0.0496868437093972,-0.1621239399941007,0.2735518930983722,573,1000,0.16733918385289132,-0.07875240672335769,0.39881993208029126,573,43,98,non_circular_segmented,0.43567583309247293,0.47757233880364897
CS2_35,HF6,32,partial_pearson_controlling_SOH,10,1000,-0.243485184058681,-0.4202028691724005,-0.0499965932415926,573,1000,-0.26253814687094734,-0.4656386925441958,0.0402125569742192,573,43,98,non_circular_segmented,0.3702062759308079,0.505851249518415
CS2_35,HF6,32,degradation_pearson,20,1000,-0.0148336633028196,-0.2600667568650571,0.2631556224244417,573,1000,0.15382852013019288,-0.1827805552910818,0.41967596209455243,573,43,98,non_circular_segmented,0.5232223792894988,0.6024565173856342
CS2_35,HF6,32,degradation_spearman,20,1000,0.0582267623275934,-0.217158360543159,0.3306825581850923,573,1000,0.2535459498622018,-0.05284713441069079,0.5182857797478033,573,43,98,non_circular_segmented,0.5478409187282514,0.5711329141584941
CS2_35,HF6,32,partial_pearson_controlling_SOH,20,1000,-0.2496416614337751,-0.4451161602511835,0.0187760860732685,573,1000,-0.1858234440914788,-0.49113285792834027,0.18406860821686585,573,43,98,non_circular_segmented,0.46389224632445203,0.6752014661452062
CS2_35,HF6,32,degradation_pearson,30,1000,-0.0146449340747598,-0.2800769900335048,0.2910203193593178,573,1000,0.33230345428745034,0.15647878508137344,0.47974281740350583,573,43,98,non_circular_segmented,0.5710973093928227,0.3232640323221324
CS2_35,HF6,32,degradation_spearman,30,1000,0.0588262607699463,-0.2370385185808143,0.368264172858559,573,1000,0.4468704951201905,0.20047990073905375,0.6323758251574328,573,43,98,non_circular_segmented,0.6053026914393733,0.4318959244183791
CS2_35,HF6,32,partial_pearson_controlling_SOH,30,1000,-0.2373485458350585,-0.4433700418646789,0.0455305305137562,573,1000,-0.0021053907931790255,-0.21319584455822504,0.19337551452028853,573,43,98,non_circular_segmented,0.4889005723784351,0.4065713590785136
CS2_35,HF7,32,degradation_pearson,10,1000,-0.5131140708365423,-0.6387857105476874,-0.3678188731759574,844,1000,-0.48844561260523545,-0.6186492948804012,-0.33187083821650437,844,9,343,non_circular_segmented,0.27096683737173,0.28677845666389684
CS2_35,HF7,32,degradation_spearman,10,1000,-0.3891027237751166,-0.552624756251661,-0.2002182595689814,844,1000,-0.3686055923286666,-0.5206558145556907,-0.1649669575971,844,9,343,non_circular_segmented,0.35240649668267954,0.35568885695859065
CS2_35,HF7,32,partial_pearson_controlling_SOH,10,1000,0.3489150514961707,0.2011944012132153,0.5384828161355806,844,1000,0.47913813632938695,0.3118581464913298,0.5806038677195944,844,9,343,non_circular_segmented,0.3372884149223653,0.26874572122826457
CS2_35,HF7,32,degradation_pearson,20,1000,-0.5055222852268404,-0.6594689056651143,-0.3017098700214211,844,1000,-0.4258737649675915,-0.6159859771122671,-0.21152611271502367,844,9,343,non_circular_segmented,0.3577590356436932,0.40445986439724346
CS2_35,HF7,32,degradation_spearman,20,1000,-0.3809133419869735,-0.5929531879734088,-0.1450243256928834,844,1000,-0.32402766536487015,-0.5421745887968547,-0.0491029857594732,844,9,343,non_circular_segmented,0.4479288622805254,0.49307160303738146
CS2_35,HF7,32,partial_pearson_controlling_SOH,20,1000,0.3555962261929074,0.1882195337726371,0.5502167378167244,844,1000,0.4987223813131557,0.3314382850304209,0.6160756342120621,844,9,343,non_circular_segmented,0.3619972040440873,0.28463734918164124
CS2_35,HF7,32,degradation_pearson,30,1000,-0.4983045140037474,-0.6618224028690757,-0.235489899997077,844,1000,-0.35924074780836096,-0.558338128429701,-0.15487383642894406,844,9,343,non_circular_segmented,0.42633250287199864,0.40346429200075695
CS2_35,HF7,32,degradation_spearman,30,1000,-0.3771352207041452,-0.5897188431307555,-0.0754295874489927,844,1000,-0.281806758815613,-0.5212268539029445,0.042534240734352836,844,9,343,non_circular_segmented,0.5142892556817629,0.5637610946372974
CS2_35,HF7,32,partial_pearson_controlling_SOH,30,1000,0.3482241139960851,0.1771359541772252,0.5523704456354998,844,1000,0.5288928570460134,0.39062608868016957,0.6347141466586079,844,9,343,non_circular_segmented,0.3752344914582746,0.24408805797843836
CS2_35,HF8,32,degradation_pearson,10,1000,0.4680386363459511,0.3066420769052241,0.5884956451822282,824,1000,0.46573377884562417,0.2904628534444585,0.5828356197962846,824,31,109,non_circular_segmented,0.2818535682770041,0.29237276635182613
CS2_35,HF8,32,degradation_spearman,10,1000,0.3694963235967186,0.1714188429741565,0.5154780357014206,824,1000,0.29962264290186025,0.09436581450554019,0.45641140657458,824,31,109,non_circular_segmented,0.3440591927272641,0.36204559206903986
CS2_35,HF8,32,partial_pearson_controlling_SOH,10,1000,0.1968724011799955,0.0554469018386223,0.3478068385204541,824,1000,0.21765461451360232,0.09490181602566726,0.37551231494637405,824,31,109,non_circular_segmented,0.2923599366818318,0.2806104989207068
CS2_35,HF8,32,degradation_pearson,20,1000,0.462588987626522,0.2319061192746121,0.6147606775476157,824,1000,0.4134705200662454,0.11365895001276873,0.6047196058829055,824,31,109,non_circular_segmented,0.3828545582730035,0.4910606558701368
CS2_35,HF8,32,degradation_spearman,20,1000,0.3672498265589021,0.1165894298237294,0.5620507584579099,824,1000,0.21622228959014733,-0.0683193362983678,0.4576395638320584,824,31,109,non_circular_segmented,0.4454613286341805,0.5259589001304262
CS2_35,HF8,32,partial_pearson_controlling_SOH,20,1000,0.19689179194156,0.0173206170454324,0.3775129164281295,824,1000,0.27544380802106283,0.0640254274916443,0.42385895053617156,824,31,109,non_circular_segmented,0.3601922993826971,0.35983352304452726
CS2_35,HF8,32,degradation_pearson,30,1000,0.4518704817780933,0.2026199006121964,0.6149045612037688,824,1000,0.30079280944289455,-0.061017985229369,0.5326585970919883,824,31,109,non_circular_segmented,0.4122846605915724,0.5936765823213572
CS2_35,HF8,32,degradation_spearman,30,1000,0.3584445635218835,0.0783274847900714,0.5733418081221993,824,1000,0.09726698403424856,-0.2495173268194782,0.39317995076655515,824,31,109,non_circular_segmented,0.49501432333212786,0.6426972775860333
CS2_35,HF8,32,partial_pearson_controlling_SOH,30,1000,0.1926399000182704,0.01720721297106,0.3877053285163198,824,1000,0.17278933877206404,-0.0048099232820769545,0.3700523259390317,824,31,109,non_circular_segmented,0.3704981155452598,0.37486224922110867
CS2_35,HF1,48,degradation_pearson,10,1000,-0.6351389339354875,-0.7396065137030524,-0.4957100665373791,828,1000,-0.6523214993319948,-0.755442078786148,-0.5028030076188862,828,9,327,non_circular_segmented,0.24389644716567332,0.2526390711672618
CS2_35,HF1,48,degradation_spearman,10,1000,-0.4611067367086124,-0.6051329585977385,-0.2755039136559433,828,1000,-0.4751070736935894,-0.6172511455539504,-0.287212766988205,828,9,327,non_circular_segmented,0.32962904494179524,0.3300383785657454
CS2_35,HF1,48,partial_pearson_controlling_SOH,10,1000,0.3781106868938536,0.200486893705432,0.5662409920714471,828,1000,0.5073059241709822,0.3193392019352663,0.6090680240757887,828,9,327,non_circular_segmented,0.3657540983660151,0.2897288221405224
CS2_35,HF1,48,degradation_pearson,20,1000,-0.6307764616071159,-0.7596829776909446,-0.4132108071447172,828,1000,-0.6432149509286655,-0.7749352472525588,-0.4243374547554514,828,9,327,non_circular_segmented,0.3464721705462274,0.3505977924971074
CS2_35,HF1,48,degradation_spearman,20,1000,-0.4607987696151696,-0.6373247140349705,-0.1987103050107606,828,1000,-0.4692571190469881,-0.6639618700634506,-0.1878499688465084,828,9,327,non_circular_segmented,0.4386144090242099,0.47611190121694225
CS2_35,HF1,48,partial_pearson_controlling_SOH,20,1000,0.3711745512596894,0.195861342147297,0.5758235528698327,828,1000,0.5289839681657009,0.35318504383820215,0.6425576224190579,828,9,327,non_circular_segmented,0.37996221072253566,0.28937257858085574
CS2_35,HF1,48,degradation_pearson,30,1000,-0.6252976778857811,-0.7571178679762643,-0.3644291598406877,828,1000,-0.6236871556489028,-0.7964424017186511,-0.3488028751833676,828,9,327,non_circular_segmented,0.39268870813557666,0.4476395265352835
CS2_35,HF1,48,degradation_spearman,30,1000,-0.4519970134967129,-0.6577351782644094,-0.1371822279244138,828,1000,-0.4498885296077587,-0.6774943052108802,-0.08464460290599324,828,9,327,non_circular_segmented,0.5205529503399956,0.5928497023048869
CS2_35,HF1,48,partial_pearson_controlling_SOH,30,1000,0.3731561731986424,0.193337793183309,0.5846225185492034,828,1000,0.5632527579989799,0.3836696528526562,0.6745782131118732,828,9,327,non_circular_segmented,0.3912847253658944,0.29090856025921696
CS2_35,HF2,48,degradation_pearson,10,1000,0.5569424910715324,0.3896868451227814,0.6680802883923695,808,1000,0.6086052027560297,0.4216561833513517,0.7116511754530522,808,31,98,non_circular_segmented,0.27839344326958815,0.28999499210170054
CS2_35,HF2,48,degradation_spearman,10,1000,0.4213194337325922,0.2276608796784271,0.5686012847459233,808,1000,0.3962120646794623,0.18678086017391962,0.5607612113852588,808,31,98,non_circular_segmented,0.34094040506749623,0.3739803512113392
CS2_35,HF2,48,partial_pearson_controlling_SOH,10,1000,0.2492408468954615,0.1337617259807027,0.3761773383402907,808,1000,0.3137247570784896,0.16694066994294032,0.4373005724953966,808,31,98,non_circular_segmented,0.242415612359588,0.2703599025524563
CS2_35,HF2,48,degradation_pearson,20,1000,0.5572239603276834,0.3252816584373152,0.6937199451221743,808,1000,0.6303152647350951,0.35982239390601006,0.7609775689079925,808,31,98,non_circular_segmented,0.36843828668485906,0.40115517500198244
CS2_35,HF2,48,degradation_spearman,20,1000,0.4200762190497881,0.1457228863255647,0.6199785615795088,808,1000,0.38576959223169865,0.059237091826188935,0.6214943866518952,808,31,98,non_circular_segmented,0.4742556752539441,0.5622572948257062
CS2_35,HF2,48,partial_pearson_controlling_SOH,20,1000,0.2444417841510178,0.123494066581383,0.3837587026011546,808,1000,0.3171643905966579,0.15059460854656073,0.459379108149405,808,31,98,non_circular_segmented,0.26026463601977157,0.30878449960284426
CS2_35,HF2,48,degradation_pearson,30,1000,0.5514293824143948,0.2564902392138094,0.712080147185473,808,1000,0.6589155534299198,0.23531919078697977,0.8040137149971186,808,31,98,non_circular_segmented,0.45558990797166354,0.5686945242101389
CS2_35,HF2,48,degradation_spearman,30,1000,0.4130552276850886,0.1036112078351597,0.6266999111065866,808,1000,0.34070456160059187,-0.08465567774695745,0.660963250004752,808,31,98,non_circular_segmented,0.5230887032714269,0.7456189277517095
CS2_35,HF2,48,partial_pearson_controlling_SOH,30,1000,0.2402866601111437,0.1081418407760541,0.3755530261217866,808,1000,0.286182114424958,0.08892733686544084,0.4365634958852464,808,31,98,non_circular_segmented,0.2674111853457325,0.34763615901980555
CS2_35,HF3,48,degradation_pearson,10,1000,-0.2256020425400934,-0.6937257932559066,-0.1287930327309498,806,1000,-0.6193615662811953,-0.7671075522803866,-0.17766752308324607,806,31,98,non_circular_segmented,0.5649327605249568,0.5894400291971406
CS2_35,HF3,48,degradation_spearman,10,1000,-0.4225852549759591,-0.5778390618417033,-0.2286861920774205,806,1000,-0.3703673594482791,-0.5531798702961299,-0.16403034293974317,806,31,98,non_circular_segmented,0.34915286976428284,0.38914952735638675
CS2_35,HF3,48,partial_pearson_controlling_SOH,10,1000,0.0058775487550861,-0.1523358138085759,0.0421918293170489,806,1000,-0.07498212915633796,-0.1965372114937184,0.03649368605374879,806,31,98,non_circular_segmented,0.1945276431256248,0.23303089754746717
CS2_35,HF3,48,degradation_pearson,20,1000,-0.2268537120734961,-0.7154614619206636,-0.1063854286568157,806,1000,-0.6598224623102502,-0.8086462265324923,-0.17504388101950344,806,31,98,non_circular_segmented,0.609076033263848,0.6336023455129889
CS2_35,HF3,48,degradation_spearman,20,1000,-0.4186369372430083,-0.6085366973602946,-0.1454676647368262,806,1000,-0.3407854842410504,-0.5975865426028292,-0.0213018271576636,806,31,98,non_circular_segmented,0.4630690326234684,0.5762847154451656
CS2_35,HF3,48,partial_pearson_controlling_SOH,20,1000,0.0086738409150869,-0.1654911458078536,0.0463116518258673,806,1000,-0.050743332488299445,-0.18751074457933853,0.07025509305276752,806,31,98,non_circular_segmented,0.2118027976337209,0.25776583763210603
CS2_35,HF3,48,degradation_pearson,30,1000,-0.2256277928747646,-0.716788707962716,-0.0865160940599378,806,1000,-0.7150015660895755,-0.8470845566073611,-0.1502390765111787,806,31,98,non_circular_segmented,0.6302726139027782,0.6968454800961824
CS2_35,HF3,48,degradation_spearman,30,1000,-0.4019153287255654,-0.6344036624348771,-0.0495271499167366,806,1000,-0.2816820011090569,-0.6025469231742124,0.159145726758203,806,31,98,non_circular_segmented,0.5848765125181405,0.7616926499324155
CS2_35,HF3,48,partial_pearson_controlling_SOH,30,1000,0.0070470618274539,-0.1548801266469775,0.0488426751349174,806,1000,-0.014376477644482596,-0.1530097472053109,0.08975237508682218,806,31,98,non_circular_segmented,0.2037228017818949,0.2427621222921331
CS2_35,HF4,48,degradation_pearson,10,1000,-0.2811914579763141,-0.493842237011991,0.0478955694816212,575,1000,-0.24761507579869158,-0.5273748658812037,0.22131677290288412,575,41,98,non_circular_segmented,0.5417378064936121,0.7486916387840878
CS2_35,HF4,48,degradation_spearman,10,1000,-0.0433388270806573,-0.2829845686468791,0.2416378976440945,575,1000,0.20176603881214056,-0.09020192908925044,0.47523922195241397,575,41,98,non_circular_segmented,0.5246224662909735,0.5654411510416644
CS2_35,HF4,48,partial_pearson_controlling_SOH,10,1000,0.2080052653728638,0.01957111991808,0.3528725943589124,575,1000,0.17487842887313193,-0.010039093186331583,0.3301240624574168,575,41,98,non_circular_segmented,0.33330147444083236,0.3401631556437484
CS2_35,HF4,48,degradation_pearson,20,1000,-0.2730643098164255,-0.5452904324981384,0.1893945802936666,575,1000,0.0066573512315405295,-0.4590235388826504,0.5813105882466287,575,41,98,non_circular_segmented,0.734685012791805,1.0403341271292792
CS2_35,HF4,48,degradation_spearman,20,1000,-0.0268839288599191,-0.3338710431368028,0.3425419067065131,575,1000,0.44278343750927396,0.11798043312823556,0.6951736894417159,575,41,98,non_circular_segmented,0.6764129498433159,0.5771932563134803
CS2_35,HF4,48,partial_pearson_controlling_SOH,20,1000,0.1986360287938733,-0.0244861934596864,0.3676666692601587,575,1000,0.11853766029321007,-0.07800824660715378,0.3311538391077777,575,41,98,non_circular_segmented,0.39215286271984506,0.40916208571493146
CS2_35,HF4,48,degradation_pearson,30,1000,-0.2812105706681312,-0.5871254693606888,0.2547480228370951,575,1000,0.48966489407983615,0.2749211691563549,0.6268962736750314,575,41,98,non_circular_segmented,0.8418734921977838,0.35197510451867653
CS2_35,HF4,48,degradation_spearman,30,1000,-0.0361778984429683,-0.4009163611731594,0.4205690682568747,575,1000,0.6372400019620201,0.4505861410142422,0.7630736233399845,575,41,98,non_circular_segmented,0.821485429430034,0.3124874823257423
CS2_35,HF4,48,partial_pearson_controlling_SOH,30,1000,0.2079762347002581,-0.0325126688101087,0.3836010769494417,575,1000,0.026650304820313726,-0.10711147512875728,0.12737659133163182,575,41,98,non_circular_segmented,0.4161137457595504,0.2344880664603891
CS2_35,HF5,48,degradation_pearson,10,1000,-0.1937817146917639,-0.4211991218604602,0.1388332387138157,574,1000,-0.16285808687986242,-0.4481129788178183,0.3248772230681786,574,42,98,non_circular_segmented,0.5600323605742759,0.7729902018859969
CS2_35,HF5,48,degradation_spearman,10,1000,0.0286208709598371,-0.2187973200507794,0.2786929328692141,574,1000,0.2137982063191448,-0.05304145309462549,0.47539281471213557,574,42,98,non_circular_segmented,0.4974902529199935,0.5284342678067611
CS2_35,HF5,48,partial_pearson_controlling_SOH,10,1000,-0.2144792142004437,-0.3525370443091529,-0.0754624147350908,574,1000,-0.2280509184566391,-0.36512245921877196,-0.09802923040757386,574,42,98,non_circular_segmented,0.2770746295740621,0.2670932288111981
CS2_35,HF5,48,degradation_pearson,20,1000,-0.1709800212994616,-0.4498931794665594,0.2593692909331888,574,1000,0.09327972463999412,-0.3883784510622196,0.5682967995036851,574,42,98,non_circular_segmented,0.7092624703997481,0.9566752505659046
CS2_35,HF5,48,degradation_spearman,20,1000,0.0427913227343946,-0.2959503926263005,0.3753415557568835,574,1000,0.437824587251886,0.07587138922902989,0.6927902574323993,574,42,98,non_circular_segmented,0.6712919483831841,0.6169188682033694
CS2_35,HF5,48,partial_pearson_controlling_SOH,20,1000,-0.2182438914560079,-0.3735067221289656,-0.0472067649698483,574,1000,-0.18144936170924986,-0.347523177513253,-0.029942841064244323,574,42,98,non_circular_segmented,0.3262999571591173,0.3175803364490087
CS2_35,HF5,48,degradation_pearson,30,1000,-0.1967865585672897,-0.49833484929088,0.3288514696027217,574,1000,0.46743594881781714,0.24023153905217062,0.5992340375874659,574,42,98,non_circular_segmented,0.8271863188936017,0.3590024985352952
CS2_35,HF5,48,degradation_spearman,30,1000,0.0253481836523823,-0.333176099159928,0.4173284385051389,574,1000,0.5681409718065475,0.371906931271886,0.7300655843274524,574,42,98,non_circular_segmented,0.750504537665067,0.3581586530555664
CS2_35,HF5,48,partial_pearson_controlling_SOH,30,1000,-0.2101907229016053,-0.3779819138816416,-0.0366758094216279,574,1000,-0.0738373621871998,-0.19999239281333023,0.02092457553372684,574,42,98,non_circular_segmented,0.3413061044600137,0.22091696834705707
CS2_35,HF6,48,degradation_pearson,10,1000,-0.0826607123195401,-0.2596003246861978,0.1316861221893183,574,1000,-0.041737969503286426,-0.2515945499094057,0.2786734201500877,574,42,98,non_circular_segmented,0.3912864468755161,0.5302679700594934
CS2_35,HF6,48,degradation_spearman,10,1000,0.0075066329589467,-0.1926785791732438,0.220508412554747,574,1000,0.16481933822718475,-0.06716214455419751,0.4243116156638204,574,42,98,non_circular_segmented,0.4131869917279908,0.4914737602180179
CS2_35,HF6,48,partial_pearson_controlling_SOH,10,1000,-0.2939368280573586,-0.4545878930591537,-0.1030317246971754,574,1000,-0.363065335762793,-0.5282686103779092,-0.07939161294595294,574,42,98,non_circular_segmented,0.3515561683619783,0.44887699743195625
CS2_35,HF6,48,degradation_pearson,20,1000,-0.0756268523444435,-0.3195545701534466,0.2189538764624183,574,1000,0.18851890558712134,-0.20806195192160404,0.5134018398296957,574,42,98,non_circular_segmented,0.5385084466158649,0.7214637917512997
CS2_35,HF6,48,degradation_spearman,20,1000,0.0126306899211816,-0.2673792320003738,0.3141091561119628,574,1000,0.3824375273687609,0.050029584379522325,0.6310636240843419,574,42,98,non_circular_segmented,0.5814883881123365,0.5810340397048196
CS2_35,HF6,48,partial_pearson_controlling_SOH,20,1000,-0.284647407382452,-0.4748815206929544,-0.0317630835605597,574,1000,-0.26247693607910827,-0.5432270976703442,0.1481466757079709,574,42,98,non_circular_segmented,0.44311843713239474,0.6913737733783151
CS2_35,HF6,48,degradation_pearson,30,1000,-0.0826155433771861,-0.3299504594526615,0.2651308301887637,574,1000,0.4063957872338523,0.16399776699740692,0.5713106515636712,574,42,98,non_circular_segmented,0.5950812896414253,0.4073128845662643
CS2_35,HF6,48,degradation_spearman,30,1000,0.0148351243128455,-0.2854435234011055,0.3604676158552716,574,1000,0.5174508610601423,0.2701237228947145,0.710165324733285,574,42,98,non_circular_segmented,0.6459111392563771,0.4400416018385705
CS2_35,HF6,48,partial_pearson_controlling_SOH,30,1000,-0.275610188820916,-0.4783913030778659,0.007844025146552,574,1000,0.06346863685710429,-0.06006434945153355,0.1848517197654623,574,42,98,non_circular_segmented,0.48623532822441795,0.24491606921699585
CS2_35,HF7,48,degradation_pearson,10,1000,-0.6328504661057355,-0.7349072445184508,-0.485070712246318,828,1000,-0.6482672593167464,-0.7521138657167827,-0.5078099848332082,828,9,327,non_circular_segmented,0.24983653227213282,0.24430388088357458
CS2_35,HF7,48,degradation_spearman,10,1000,-0.4596764416963279,-0.5969033288684694,-0.2571443565031246,828,1000,-0.4733064554766251,-0.6168225794360991,-0.2657700155120343,828,9,327,non_circular_segmented,0.3397589723653448,0.3510525639240648
CS2_35,HF7,48,partial_pearson_controlling_SOH,10,1000,0.3633518139578219,0.1839864032610341,0.5472580948497536,828,1000,0.48536518056281464,0.3024905756727423,0.589988335962193,828,9,327,non_circular_segmented,0.3632716915887195,0.28749776028945073
CS2_35,HF7,48,degradation_pearson,20,1000,-0.6311581753672852,-0.7543708772703953,-0.4230056629980437,828,1000,-0.6432081892218122,-0.7793812667420923,-0.4166924332225527,828,9,327,non_circular_segmented,0.3313652142723516,0.36268883351953957
CS2_35,HF7,48,degradation_spearman,20,1000,-0.4589513791955961,-0.6462945154604463,-0.2162895505520216,828,1000,-0.46039550674044705,-0.6551793350624301,-0.1920635902373034,828,9,327,non_circular_segmented,0.43000496490842466,0.4631157448251267
CS2_35,HF7,48,partial_pearson_controlling_SOH,20,1000,0.360107269797088,0.1840146493134627,0.5797788286720776,828,1000,0.508113827363311,0.3233842427503996,0.6314942434552459,828,9,327,non_circular_segmented,0.39576417935861496,0.30811000070484623
CS2_35,HF7,48,degradation_pearson,30,1000,-0.6295469923270951,-0.7698623009630851,-0.3763076792168223,828,1000,-0.6243602437547806,-0.7804835386973298,-0.3482523836673647,828,9,327,non_circular_segmented,0.39355462174626277,0.43223115502996506
CS2_35,HF7,48,degradation_spearman,30,1000,-0.4510106744671736,-0.6518542556111423,-0.1261929295310257,828,1000,-0.43608265570458493,-0.6660792664875064,-0.12322690152995751,828,9,327,non_circular_segmented,0.5256613260801166,0.5428523649575488
CS2_35,HF7,48,partial_pearson_controlling_SOH,30,1000,0.3560455521304214,0.1724124156851671,0.5641615777119242,828,1000,0.5510607697530068,0.3782589921393919,0.6636895928091117,828,9,327,non_circular_segmented,0.39174916202675714,0.28543060066971976
CS2_35,HF8,48,degradation_pearson,10,1000,0.5834411572453113,0.4380398477195319,0.6908429822630885,808,1000,0.6175947768730468,0.47333958563715306,0.7139775712948356,808,31,98,non_circular_segmented,0.2528031345435566,0.24063798565768257
CS2_35,HF8,48,degradation_spearman,10,1000,0.4551659843928896,0.2407501449685014,0.5864620548585855,808,1000,0.42822369476945693,0.21165077963702825,0.5795006915113616,808,31,98,non_circular_segmented,0.3457119098900841,0.36784991187433336
CS2_35,HF8,48,partial_pearson_controlling_SOH,10,1000,0.2500593794337474,0.1276398206731815,0.3720043629186551,808,1000,0.3116796731408318,0.1840484519273961,0.43012222905763803,808,31,98,non_circular_segmented,0.24436454224547358,0.24607377713024192
CS2_35,HF8,48,degradation_pearson,20,1000,0.5736917400561534,0.3628023104338171,0.7068202545900383,808,1000,0.6294517948687359,0.40251154578649245,0.7503704738550847,808,31,98,non_circular_segmented,0.34401794415622117,0.34785892806859225
CS2_35,HF8,48,degradation_spearman,20,1000,0.4327080531920684,0.2004671261267458,0.6322877909863893,808,1000,0.3873371382723636,0.08609298418083461,0.6366029171677339,808,31,98,non_circular_segmented,0.43182066485964354,0.5505099329868992
CS2_35,HF8,48,partial_pearson_controlling_SOH,20,1000,0.2488920300265835,0.1214981298293263,0.3839089321502568,808,1000,0.3243841259432826,0.1299180165438384,0.46496450083229307,808,31,98,non_circular_segmented,0.2624108023209305,0.3350464842884547
CS2_35,HF8,48,degradation_pearson,30,1000,0.5750015659038572,0.3212046747091118,0.7193877880818738,808,1000,0.6695189071619314,0.3195926842979622,0.8017031707769781,808,31,98,non_circular_segmented,0.39818311337276197,0.48211048647901583
CS2_35,HF8,48,degradation_spearman,30,1000,0.4389047514260383,0.1459453270689447,0.65611390778435,808,1000,0.354884296984917,-0.05086841774747643,0.6744504261446344,808,31,98,non_circular_segmented,0.5101685807154053,0.7253188438921108
CS2_35,HF8,48,partial_pearson_controlling_SOH,30,1000,0.2440215922995712,0.1092554929584593,0.3772778436104293,808,1000,0.2910032218874959,0.07405407751326452,0.4352879553785568,808,31,98,non_circular_segmented,0.26802235065197,0.36123387786529226
CS2_35,HF1,64,degradation_pearson,10,1000,-0.6961062213901046,-0.7806544208242568,-0.558896787690292,814,1000,-0.7056268404408449,-0.7875311198913038,-0.5574535096664153,814,8,311,non_circular_segmented,0.2217576331339648,0.23007761022488848
CS2_35,HF1,64,degradation_spearman,10,1000,-0.4965687778608032,-0.6533788956310549,-0.3053080000731968,814,1000,-0.4981745527321493,-0.6607329186781821,-0.308676470757149,814,8,311,non_circular_segmented,0.3480708955578581,0.3520564479210331
CS2_35,HF1,64,partial_pearson_controlling_SOH,10,1000,0.3179083100343789,0.1636541071268101,0.5123024875718002,814,1000,0.45034506261886403,0.29140095917597814,0.5599175300182211,814,8,311,non_circular_segmented,0.3486483804449901,0.26851657084224295
CS2_35,HF1,64,degradation_pearson,20,1000,-0.6926152931326319,-0.7936979412120977,-0.4894300050513278,814,1000,-0.6948919507210034,-0.8061533137704341,-0.4524618480424131,814,8,311,non_circular_segmented,0.3042679361607699,0.353691465728021
CS2_35,HF1,64,degradation_spearman,20,1000,-0.496928456668675,-0.6800949705955258,-0.20323431296779,814,1000,-0.4960278340226643,-0.6748128694138443,-0.1867057445305947,814,8,311,non_circular_segmented,0.47686065762773583,0.4881071248832496
CS2_35,HF1,64,partial_pearson_controlling_SOH,20,1000,0.3126870908454844,0.1665644151109894,0.5150900473901514,814,1000,0.48847494465232666,0.33362485013189724,0.5867205454751059,814,8,311,non_circular_segmented,0.348525632279162,0.25309569534320864
CS2_35,HF1,64,degradation_pearson,30,1000,-0.6880659852838352,-0.8005665635725202,-0.4468067877902192,814,1000,-0.6849819714686813,-0.8114663413528886,-0.42516099231608473,814,8,311,non_circular_segmented,0.353759775782301,0.3863053490368039
CS2_35,HF1,64,degradation_spearman,30,1000,-0.4930925792585978,-0.7037200268098129,-0.152561416361258,814,1000,-0.48055908283294846,-0.6925378721978378,-0.12694520892533576,814,8,311,non_circular_segmented,0.551158610448555,0.565592663272502
CS2_35,HF1,64,partial_pearson_controlling_SOH,30,1000,0.3184366969757018,0.1463257759266974,0.509277889844893,814,1000,0.5040373245559775,0.3615658958131452,0.6054787754952815,814,8,311,non_circular_segmented,0.3629521139181956,0.24391287968213632
CS2_35,HF2,64,degradation_pearson,10,1000,0.6106863936550573,0.4425824349315285,0.7185994171180976,793,1000,0.6010653675141475,0.4061161002958116,0.7113086826805209,793,30,98,non_circular_segmented,0.2760169821865691,0.30519258238470937
CS2_35,HF2,64,degradation_spearman,10,1000,0.4534538944457023,0.256052594969784,0.6001774765136713,793,1000,0.3681222327267507,0.15015023474671757,0.5524124677706767,793,30,98,non_circular_segmented,0.34412488154388726,0.4022622330239591
CS2_35,HF2,64,partial_pearson_controlling_SOH,10,1000,0.3033235385568947,0.1663918285522257,0.4230948157693767,793,1000,0.36022641212252204,0.2316370495489255,0.48570322188954357,793,30,98,non_circular_segmented,0.256702987217151,0.25406617234061807
CS2_35,HF2,64,degradation_pearson,20,1000,0.6060936090945863,0.3606315176562164,0.7383044813387778,793,1000,0.5500088928137405,0.1156854043691593,0.7335290904027236,793,30,98,non_circular_segmented,0.37767296368256137,0.6178436860335643
CS2_35,HF2,64,degradation_spearman,20,1000,0.4365549284442615,0.1794968147927468,0.6401385696350711,793,1000,0.24543130491306359,-0.11749216844003309,0.5254044388968503,793,30,98,non_circular_segmented,0.4606417548423243,0.6428966073368834
CS2_35,HF2,64,partial_pearson_controlling_SOH,20,1000,0.305042471120146,0.1478459334608227,0.4400633685875194,793,1000,0.3574837313995527,0.19566672116388212,0.4901752205827492,793,30,98,non_circular_segmented,0.2922174351266967,0.2945084994188671
CS2_35,HF2,64,degradation_pearson,30,1000,0.597663789906221,0.29792770167026,0.7525908829126949,793,1000,0.4327967866445926,-0.10357719411528647,0.7175155174430923,793,30,98,non_circular_segmented,0.45466318124243493,0.8210927115583787
CS2_35,HF2,64,degradation_spearman,30,1000,0.4342486448614068,0.1061723662410249,0.6504510858087507,793,1000,0.1192922668839663,-0.31294879013700966,0.478902516362827,793,30,98,non_circular_segmented,0.5442787195677258,0.7918513064998367
CS2_35,HF2,64,partial_pearson_controlling_SOH,30,1000,0.3075483050657464,0.1272988855426449,0.4454195116092198,793,1000,0.27245696467213554,0.06162245139438338,0.40288657000635786,793,30,98,non_circular_segmented,0.3181206260665749,0.3412641186119745
CS2_35,HF3,64,degradation_pearson,10,1000,-0.211729266650136,-0.7142229854555858,-0.1157321557395485,792,1000,-0.6110124410768247,-0.7557250203269408,-0.13548434464296918,792,30,98,non_circular_segmented,0.5984908297160373,0.6202406756839716
CS2_35,HF3,64,degradation_spearman,10,1000,-0.4560698536781293,-0.6162995347242575,-0.2706899747466024,792,1000,-0.35395237052020156,-0.5447691457492186,-0.13558186724779592,792,30,98,non_circular_segmented,0.3456095599776551,0.4091872785014227
CS2_35,HF3,64,partial_pearson_controlling_SOH,10,1000,0.0007815273934838,-0.1271381225858898,0.0254092653212975,792,1000,-0.0840479552291645,-0.19077710931606365,0.01462018033807925,792,30,98,non_circular_segmented,0.1525473879071873,0.2053972896541429
CS2_35,HF3,64,degradation_pearson,20,1000,-0.2213628454855812,-0.7181226140448628,-0.0978627954894568,792,1000,-0.5654173873319424,-0.7783848246103998,-0.08521681919918404,792,30,98,non_circular_segmented,0.620259818555406,0.6931680054112158
CS2_35,HF3,64,degradation_spearman,20,1000,-0.4521421897582068,-0.6607970507155936,-0.1696053554360776,792,1000,-0.2244785191176315,-0.5038900637633554,0.1136075274467553,792,30,98,non_circular_segmented,0.491191695279516,0.6174975912101107
CS2_35,HF3,64,partial_pearson_controlling_SOH,20,1000,-0.0002167822229356,-0.1377761169123383,0.0324652332940492,792,1000,-0.08460350204922865,-0.20081438306938615,0.02252753871290351,792,30,98,non_circular_segmented,0.17024135020638748,0.22334192178228965
CS2_35,HF3,64,degradation_pearson,30,1000,-0.2157559951430178,-0.7446687220555036,-0.0868957326122487,792,1000,-0.4111409936563501,-0.7523502798612214,0.20705304446017778,792,30,98,non_circular_segmented,0.6577729894432549,0.9594033243213992
CS2_35,HF3,64,degradation_spearman,30,1000,-0.4522587116206492,-0.6655108601895047,-0.1165455208890933,792,1000,-0.04130864837130095,-0.43184827095676437,0.35284092022327124,792,30,98,non_circular_segmented,0.5489653393004114,0.7846891911800356
CS2_35,HF3,64,partial_pearson_controlling_SOH,30,1000,-0.0004332783359517,-0.1641660870211575,0.033133273869276,792,1000,-0.12760006807105018,-0.25843443959295104,0.0011359153082123187,792,30,98,non_circular_segmented,0.1972993608904335,0.25957035490116337
CS2_35,HF4,64,degradation_pearson,10,1000,-0.3264791326560488,-0.5311785510051102,-0.0043306714856486,575,1000,-0.20535574776136528,-0.48727618835337233,0.2436842263398075,575,41,98,non_circular_segmented,0.5268478795194617,0.7309604146931798
CS2_35,HF4,64,degradation_spearman,10,1000,-0.0701133514030403,-0.3282143070531456,0.2222402847684705,575,1000,0.1975061627460279,-0.09374542237524086,0.4771073919537413,575,41,98,non_circular_segmented,0.550454591821616,0.5708528143289822
CS2_35,HF4,64,partial_pearson_controlling_SOH,10,1000,0.2112421157191469,-0.0243311798959565,0.3618769712618908,575,1000,0.141834839350734,-0.06926714874223654,0.30583677299528633,575,41,98,non_circular_segmented,0.3862081511578473,0.3751039217375229
CS2_35,HF4,64,degradation_pearson,20,1000,-0.3195124271469794,-0.5802680841678163,0.1330776725471426,575,1000,0.06789518353684271,-0.4393118929694027,0.6464265109031552,575,41,98,non_circular_segmented,0.7133457567149588,1.085738403872558
CS2_35,HF4,64,degradation_spearman,20,1000,-0.0561140204232888,-0.4044966825209732,0.3090248284442514,575,1000,0.4124669352171378,0.05900827094783076,0.6827432920356169,575,41,98,non_circular_segmented,0.7135215109652246,0.6237350210877861
CS2_35,HF4,64,partial_pearson_controlling_SOH,20,1000,0.2032531391428956,-0.0470241101870843,0.3826907475485121,575,1000,0.04750701830439834,-0.18653309211986246,0.2705771239669574,575,41,98,non_circular_segmented,0.4297148577355964,0.45711021608681984
CS2_35,HF4,64,degradation_pearson,30,1000,-0.3136451419800888,-0.6021389894349346,0.2600031752367696,575,1000,0.5259717422963747,0.3431959348048865,0.7171167997223068,575,41,98,non_circular_segmented,0.8621421646717042,0.37392086491742027
CS2_35,HF4,64,degradation_spearman,30,1000,-0.057984262025091,-0.43208421468905,0.4024798894555286,575,1000,0.6380316133613653,0.467857983367946,0.7582006465547346,575,41,98,non_circular_segmented,0.8345641041445786,0.29034266318678864
CS2_35,HF4,64,partial_pearson_controlling_SOH,30,1000,0.1913184295304836,-0.0944672941267455,0.3975246949673993,575,1000,-0.08211022300179448,-0.26260877529497406,0.05005250126020548,575,41,98,non_circular_segmented,0.49199198909414477,0.31266127655517956
CS2_35,HF5,64,degradation_pearson,10,1000,-0.2027425360664157,-0.4444202966033367,0.1483700287262524,574,1000,-0.08731062447195091,-0.39687309040939556,0.3379830037093778,574,42,98,non_circular_segmented,0.5927903253295891,0.7348560941187734
CS2_35,HF5,64,degradation_spearman,10,1000,0.028872437798056,-0.2413414649341798,0.3115794049095942,574,1000,0.23284489181513068,-0.04945833989787885,0.4991882973248834,574,42,98,non_circular_segmented,0.552920869843774,0.5486466372227623
CS2_35,HF5,64,partial_pearson_controlling_SOH,10,1000,-0.2534199423295059,-0.3902352925709911,-0.0968968523519517,574,1000,-0.30901444201051986,-0.43956462433522936,-0.17057651497013077,574,42,98,non_circular_segmented,0.29333844021903943,0.2689881093650986
CS2_35,HF5,64,degradation_pearson,20,1000,-0.2219778999148113,-0.5214363006433864,0.2857108891579453,574,1000,0.16497645734726732,-0.3478141575088504,0.672811291698658,574,42,98,non_circular_segmented,0.8071471898013317,1.0206254492075084
CS2_35,HF5,64,degradation_spearman,20,1000,0.0211289344338402,-0.3280653294611583,0.4052168750580848,574,1000,0.4472750811783713,0.11477732131436753,0.6907879389813433,574,42,98,non_circular_segmented,0.7332822045192431,0.5760106176669757
CS2_35,HF5,64,partial_pearson_controlling_SOH,20,1000,-0.2600010045975219,-0.4231762702335708,-0.0582476050624641,574,1000,-0.30319602178373584,-0.4010612057909913,-0.204001508057875,574,42,98,non_circular_segmented,0.36492866517110667,0.1970596977331163
CS2_35,HF5,64,degradation_pearson,30,1000,-0.2161270274731725,-0.5296255789431334,0.3908540138428128,574,1000,0.5427931535459206,0.40667961705370326,0.7172934217539185,574,42,98,non_circular_segmented,0.9204795927859463,0.31061380470021527
CS2_35,HF5,64,degradation_spearman,30,1000,0.0293647391782329,-0.3669590464248087,0.4577956016767687,574,1000,0.622262430210091,0.481073522479601,0.7396387022097723,574,42,98,non_circular_segmented,0.8247546481015774,0.25856517973017135
CS2_35,HF5,64,partial_pearson_controlling_SOH,30,1000,-0.2504173295138788,-0.4351708053228352,-0.0716114304706121,574,1000,-0.2500902278617539,-0.3206691599826901,-0.17467720772160533,574,42,98,non_circular_segmented,0.3635593748522231,0.14599195226108475
CS2_35,HF6,64,degradation_pearson,10,1000,-0.0963053667158317,-0.2861406193334813,0.1364713313965316,574,1000,0.03436639121451027,-0.21363398872838943,0.31365724778830467,574,42,98,non_circular_segmented,0.4226119507300129,0.5272912365166941
CS2_35,HF6,64,degradation_spearman,10,1000,0.001129143050619,-0.232029603072265,0.2485495418777861,574,1000,0.19585464199242114,-0.06383457352352878,0.43638029899009956,574,42,98,non_circular_segmented,0.4805791449500511,0.5002148725136284
CS2_35,HF6,64,partial_pearson_controlling_SOH,10,1000,-0.3552123907003326,-0.4978126647198032,-0.1735623012141675,574,1000,-0.40607019119244137,-0.5609908142293677,-0.19433572871896135,574,42,98,non_circular_segmented,0.3242503635056357,0.3666550855104064
CS2_35,HF6,64,degradation_pearson,20,1000,-0.1007975571153753,-0.3427076039914908,0.225766283925994,574,1000,0.25013923692567097,-0.13639724962690603,0.589098411386851,574,42,98,non_circular_segmented,0.5684738879174848,0.7254956610137571
CS2_35,HF6,64,degradation_spearman,20,1000,0.0090064158981632,-0.2791729917325969,0.3220964068946544,574,1000,0.37865807897051784,0.059756537699895716,0.629953175453885,574,42,98,non_circular_segmented,0.6012693986272513,0.5701966377539892
CS2_35,HF6,64,partial_pearson_controlling_SOH,20,1000,-0.3455114540000549,-0.5101747944684817,-0.0902261168363835,574,1000,-0.33652056342460857,-0.568158539976156,0.0792470459406028,574,42,98,non_circular_segmented,0.4199486776320982,0.6474055859167588
CS2_35,HF6,64,degradation_pearson,30,1000,-0.0922606051428197,-0.347800703840139,0.2675783390166244,574,1000,0.4550639030029452,0.2676976482302092,0.662191914422935,574,42,98,non_circular_segmented,0.6153790428567634,0.3944942661927258
CS2_35,HF6,64,degradation_spearman,30,1000,0.01562748908674,-0.2990951329263102,0.344087261753921,574,1000,0.5487591734096926,0.32696032127001323,0.7124433838490791,574,42,98,non_circular_segmented,0.6431823946802312,0.3854830625790659
CS2_35,HF6,64,partial_pearson_controlling_SOH,30,1000,-0.3421413263221269,-0.535129015045701,-0.0569126005122035,574,1000,-0.06048291856606257,-0.23771802039259327,0.11086753291177855,574,42,98,non_circular_segmented,0.4782164145334975,0.3485855533043718
CS2_35,HF7,64,degradation_pearson,10,1000,-0.690647522911878,-0.7743868934469441,-0.5656429598693287,814,1000,-0.7012226331275956,-0.7843258295970192,-0.5668472533068705,814,8,311,non_circular_segmented,0.20874393357761545,0.21747857629014877
CS2_35,HF7,64,degradation_spearman,10,1000,-0.4972142436961936,-0.6377093641110108,-0.3128328767723385,814,1000,-0.5038367548816987,-0.6449622088896174,-0.2983446357528363,814,8,311,non_circular_segmented,0.32487648733867225,0.3466175731367811
CS2_35,HF7,64,partial_pearson_controlling_SOH,10,1000,0.3152167441367812,0.1629573580832165,0.4901249329035936,814,1000,0.4403338046774273,0.2817386884238239,0.5541690592119255,814,8,311,non_circular_segmented,0.32716757482037706,0.2724303707881016
CS2_35,HF7,64,degradation_pearson,20,1000,-0.6888867897632804,-0.7951213698704999,-0.5145341476282793,814,1000,-0.692300526006759,-0.8099645858796883,-0.49218706432465165,814,8,311,non_circular_segmented,0.28058722224222055,0.3177775215550367
CS2_35,HF7,64,degradation_spearman,20,1000,-0.4972455882746087,-0.6715973245590817,-0.2217805898291971,814,1000,-0.49905373600131353,-0.6799310065684091,-0.18545163605981674,814,8,311,non_circular_segmented,0.4498167347298846,0.49447937050859236
CS2_35,HF7,64,partial_pearson_controlling_SOH,20,1000,0.3160910245635225,0.1612008232250885,0.5005615487147607,814,1000,0.4672982108305319,0.3261301826110976,0.5780489941792204,814,8,311,non_circular_segmented,0.33936072548967217,0.2519188115681228
CS2_35,HF7,64,degradation_pearson,30,1000,-0.6881575867464724,-0.7972034106630806,-0.4236285062549086,814,1000,-0.6804558501832091,-0.8031094264774173,-0.41461564768986925,814,8,311,non_circular_segmented,0.37357490440817204,0.3884937787875481
CS2_35,HF7,64,degradation_spearman,30,1000,-0.4927419969355885,-0.699553291757587,-0.1614174456066192,814,1000,-0.47326400467104573,-0.688951995580297,-0.147952661471254,814,8,311,non_circular_segmented,0.5381358461509678,0.540999334109043
CS2_35,HF7,64,partial_pearson_controlling_SOH,30,1000,0.3176515782304687,0.1454335239753096,0.498084278631745,814,1000,0.4914327041702316,0.3511699939599665,0.5996245306884089,814,8,311,non_circular_segmented,0.35265075465643536,0.24845453672844242
CS2_35,HF8,64,degradation_pearson,10,1000,0.6264601061000912,0.4773583058389743,0.7365685557098608,793,1000,0.6104941888848789,0.43424557969549404,0.7330837450864377,793,30,98,non_circular_segmented,0.2592102498708865,0.29883816539094366
CS2_35,HF8,64,degradation_spearman,10,1000,0.4809709475363565,0.2865554208739964,0.6227150890454767,793,1000,0.4031284266008695,0.1824625421788343,0.5735613038777982,793,30,98,non_circular_segmented,0.3361596681714803,0.39109876169896396
CS2_35,HF8,64,partial_pearson_controlling_SOH,10,1000,0.2920414563455169,0.1455813404777656,0.4164400276428619,793,1000,0.34514697116664544,0.19190838312734768,0.47916658463343803,793,30,98,non_circular_segmented,0.2708586871650963,0.2872582015060904
CS2_35,HF8,64,degradation_pearson,20,1000,0.6229446745099583,0.4152566519697181,0.7536164955527921,793,1000,0.5652610086452488,0.2204367303508825,0.7339624509836477,793,30,98,non_circular_segmented,0.33835984358307397,0.5135257206327651
CS2_35,HF8,64,degradation_spearman,20,1000,0.4721379586939541,0.1922059059185739,0.6425793255343187,793,1000,0.26422554026389955,-0.09340047449974127,0.5348979734780666,793,30,98,non_circular_segmented,0.45037341961574484,0.6282984479778079
CS2_35,HF8,64,partial_pearson_controlling_SOH,20,1000,0.287193731096941,0.1109156486807573,0.422343927554945,793,1000,0.3413482536058468,0.16282803609673216,0.4750154990339493,793,30,98,non_circular_segmented,0.31142827887418767,0.3121874629372171
CS2_35,HF8,64,degradation_pearson,30,1000,0.621993517643263,0.3480281880687603,0.7583187769757093,793,1000,0.4598284329400194,-0.04571919874981692,0.7020367527019952,793,30,98,non_circular_segmented,0.41029058890694897,0.7477559514518121
CS2_35,HF8,64,degradation_spearman,30,1000,0.4623269384947611,0.1571480162432222,0.6741219344344528,793,1000,0.12146151075051723,-0.2724352462834004,0.4857875348169343,793,30,98,non_circular_segmented,0.5169739181912306,0.7582227811003347
CS2_35,HF8,64,partial_pearson_controlling_SOH,30,1000,0.2906488647310206,0.1180307746390042,0.4273307862790825,793,1000,0.24225937538339082,0.009265164812889679,0.41635788803762663,793,30,98,non_circular_segmented,0.3093000116400783,0.40709272322473694
CS2_36,HF1,1,degradation_pearson,10,1000,-0.0079788909308946,-0.0307402999938546,0.0091667319520297,968,1000,-0.008812345208283532,-0.02940246790564371,0.011346891587899893,968,5,293,non_circular_segmented,0.039907031945884304,0.04074935949354361
CS2_36,HF1,1,degradation_spearman,10,1000,-0.088694114205482,-0.1739553810974508,-0.0157348041286764,968,1000,-0.10056192575908024,-0.17155439238009565,-0.023415119071262154,968,5,293,non_circular_segmented,0.1582205769687744,0.1481392733088335
CS2_36,HF1,1,partial_pearson_controlling_SOH,10,1000,0.5331656367872529,0.3440617281778195,0.6691828856514309,968,1000,0.5220211157690482,0.3669835305767797,0.624701409039778,968,5,293,non_circular_segmented,0.3251211574736114,0.2577178784629983
CS2_36,HF1,1,degradation_pearson,20,1000,-0.0075280445179937,-0.0246710592217156,0.0088773668559211,968,1000,-0.011455146921912306,-0.03256505771140792,0.008080020793865135,968,5,293,non_circular_segmented,0.0335484260776367,0.040645078505273054
CS2_36,HF1,1,degradation_spearman,20,1000,-0.0855189148409317,-0.1696613339502695,0.0071009990188276,968,1000,-0.09947946269802323,-0.1806891068788701,-0.013012632956699393,968,5,293,non_circular_segmented,0.1767623329690971,0.16767647392217072
CS2_36,HF1,1,partial_pearson_controlling_SOH,20,1000,0.5356596241344111,0.3919124195592866,0.6746694061367577,968,1000,0.5305385451840143,0.37279244226559544,0.639727008742161,968,5,293,non_circular_segmented,0.28275698657747117,0.2669345664765656
CS2_36,HF1,1,degradation_pearson,30,1000,-0.0077840291069796,-0.0254294465978675,0.0047600236194436,968,1000,-0.013072278821641772,-0.03335149376269275,0.005185037435152577,968,5,293,non_circular_segmented,0.0301894702173111,0.03853653119784533
CS2_36,HF1,1,degradation_spearman,30,1000,-0.0849285394768595,-0.1639962975496004,0.014247040305592,968,1000,-0.10252743358591856,-0.17826793280309533,-0.00496304848780044,968,5,293,non_circular_segmented,0.17824333785519242,0.1733048843152949
CS2_36,HF1,1,partial_pearson_controlling_SOH,30,1000,0.5346973272205351,0.4049944729498573,0.6732953766383324,968,1000,0.5335958938229133,0.400727348396609,0.631441690672919,968,5,293,non_circular_segmented,0.2683009036884751,0.23071434227631
CS2_36,HF2,1,degradation_pearson,10,1000,0.0008818289113954,-0.0287104835095208,0.0284027487926524,944,1000,0.0013230845105895487,-0.015672540635222058,0.019436169828749888,944,27,108,non_circular_segmented,0.0571132323021732,0.035108710463971946
CS2_36,HF2,1,degradation_spearman,10,1000,0.0500673542410305,-0.0353819475381476,0.1309239287331678,944,1000,0.05568660587862474,-0.03926147412627678,0.13650172784225897,944,27,108,non_circular_segmented,0.1663058762713154,0.17576320196853576
CS2_36,HF2,1,partial_pearson_controlling_SOH,10,1000,-0.0746496722739168,-0.1721504824164791,0.001025342288296,944,1000,-0.10018785641724323,-0.2188493545609988,0.008681127506946508,944,27,108,non_circular_segmented,0.1731758247047751,0.2275304820679453
CS2_36,HF2,1,degradation_pearson,20,1000,0.0004834568085894,-0.0225244330752442,0.0246230535934519,944,1000,-0.0022330116515281748,-0.031084480960570354,0.02689078039872185,944,27,108,non_circular_segmented,0.0471474866686961,0.05797526135929221
CS2_36,HF2,1,degradation_spearman,20,1000,0.0453481577848269,-0.0514967355181376,0.1372339439610542,944,1000,0.05934686991551588,-0.04308798892448537,0.14956210847695953,944,27,108,non_circular_segmented,0.1887306794791918,0.1926500974014449
CS2_36,HF2,1,partial_pearson_controlling_SOH,20,1000,-0.07548394811847,-0.2344903996009242,-0.0067648930648598,944,1000,-0.08310043650355337,-0.22591019294059478,0.09563563624227255,944,27,108,non_circular_segmented,0.22772550653606438,0.32154582918286734
CS2_36,HF2,1,degradation_pearson,30,1000,0.0002734924721264,-0.0234436169841155,0.0274444631804929,944,1000,-0.004753439590497399,-0.04186819139458704,0.028454211833575153,944,27,108,non_circular_segmented,0.0508880801646084,0.07032240322816219
CS2_36,HF2,1,degradation_spearman,30,1000,0.047802407378108,-0.0658628430690261,0.1429524730872988,944,1000,0.0527508671392931,-0.05674570202194457,0.15313424164974254,944,27,108,non_circular_segmented,0.2088153161563249,0.2098799436716871
CS2_36,HF2,1,partial_pearson_controlling_SOH,30,1000,-0.0749699244765947,-0.2747518176496248,0.0026100801350148,944,1000,-0.051276236640236464,-0.1735198778125918,0.11902982363799768,944,27,108,non_circular_segmented,0.2773618977846396,0.29254970145058945
CS2_36,HF3,1,degradation_pearson,10,1000,0.1551618775591835,-0.002600982962782,0.4131193902662416,943,1000,0.1362182277281493,-0.06884438911961788,0.2972438176610897,943,28,108,non_circular_segmented,0.4157203732290236,0.3660882067807076
CS2_36,HF3,1,degradation_spearman,10,1000,-0.1160415748934764,-0.1899451990706139,-0.0474889290381369,943,1000,-0.15085093630047974,-0.23066913401755432,-0.06756595167962899,943,28,108,non_circular_segmented,0.14245627003247702,0.1631031823379253
CS2_36,HF3,1,partial_pearson_controlling_SOH,10,1000,-0.1261111887125312,-0.5286164540249286,0.0035950546011615,943,1000,-0.11592483714674873,-0.34207320164305416,0.028102842525359155,943,28,108,non_circular_segmented,0.5322115086260901,0.3701760441684133
CS2_36,HF3,1,degradation_pearson,20,1000,0.1501538625767976,0.0135656169909209,0.4288919509150718,943,1000,0.13774237966943553,-0.10927417264265733,0.28230796715327305,943,28,108,non_circular_segmented,0.4153263339241509,0.3915821397959304
CS2_36,HF3,1,degradation_spearman,20,1000,-0.1148602053691157,-0.1918107680310069,-0.0251757605878103,943,1000,-0.15953705161163678,-0.23880914637629913,-0.0728037330972678,943,28,108,non_circular_segmented,0.16663500744319662,0.16600541327903134
CS2_36,HF3,1,partial_pearson_controlling_SOH,20,1000,-0.1239646714300483,-0.5454511737682913,-0.0144336679526607,943,1000,-0.12006628296222244,-0.2768639203984389,0.05620450843421715,943,28,108,non_circular_segmented,0.5310175058156307,0.333068428832656
CS2_36,HF3,1,degradation_pearson,30,1000,0.1515162345410047,0.0116446500142061,0.4178971878040438,943,1000,0.15291306578206065,-0.10785888723377517,0.2367615280971915,943,28,108,non_circular_segmented,0.40625253778983766,0.34462041533096666
CS2_36,HF3,1,degradation_spearman,30,1000,-0.1149644921336471,-0.1939811890384009,-0.0177462001417976,943,1000,-0.15271764312460548,-0.23570628075812444,-0.061076015854560184,943,28,108,non_circular_segmented,0.1762349888966033,0.17463026490356426
CS2_36,HF3,1,partial_pearson_controlling_SOH,30,1000,-0.1236638948422273,-0.4907729346569265,-0.011116653511065,943,1000,-0.13987274810753406,-0.23433208568285277,0.059748183883009835,943,28,108,non_circular_segmented,0.4796562811458615,0.2940802695658626
CS2_36,HF4,1,degradation_pearson,10,1000,0.0336240930904295,-0.0363549518461754,0.0689571389717401,608,1000,0.023255362947600833,-0.050766541646777165,0.07342783237016999,608,38,79,non_circular_segmented,0.10531209081791551,0.12419437401694716
CS2_36,HF4,1,degradation_spearman,10,1000,0.0436204424995834,-0.0569777663022074,0.1375235798508254,608,1000,0.08682351755272401,-0.006650072744557079,0.18267441198996523,608,38,79,non_circular_segmented,0.19450134615303277,0.18932448473452232
CS2_36,HF4,1,partial_pearson_controlling_SOH,10,1000,-0.0238051791823702,-0.0627979782658943,0.011896895116603,608,1000,0.03117561493042719,-0.033826720021033374,0.13770833046124156,608,38,79,non_circular_segmented,0.07469487338249729,0.17153505048227494
CS2_36,HF4,1,degradation_pearson,20,1000,0.0323414822702093,-0.0540773200512248,0.0707428912383996,608,1000,0.03457972110129748,-0.012652786060999498,0.08688911670056788,608,38,79,non_circular_segmented,0.1248202112896244,0.09954190276156738
CS2_36,HF4,1,degradation_spearman,20,1000,0.0422849017968982,-0.065699422960155,0.1459440807453842,608,1000,0.09808863400296286,0.013225164963375382,0.17694415777471026,608,38,79,non_circular_segmented,0.2116435037055392,0.16371899281133487
CS2_36,HF4,1,partial_pearson_controlling_SOH,20,1000,-0.0221893981201628,-0.0602379723336402,0.028607301702983,608,1000,0.02255185018655763,-0.04441827818046283,0.1204600438074133,608,38,79,non_circular_segmented,0.0888452740366232,0.16487832198787614
CS2_36,HF4,1,degradation_pearson,30,1000,0.0323887849200487,-0.0538230638115621,0.0763737427822538,608,1000,0.05424665309722958,0.0120927377790139,0.10732445668914352,608,38,79,non_circular_segmented,0.13019680659381588,0.09523171891012962
CS2_36,HF4,1,degradation_spearman,30,1000,0.0433010593636747,-0.0525551006936371,0.1476631402952898,608,1000,0.118419104745733,0.011046730617450698,0.21464061427485223,608,38,79,non_circular_segmented,0.20021824098892688,0.20359388365740153
CS2_36,HF4,1,partial_pearson_controlling_SOH,30,1000,-0.0233089462167813,-0.0591116016355073,0.0172063501006808,608,1000,0.027871405081722644,-0.05344879521323805,0.11914405032682754,608,38,79,non_circular_segmented,0.0763179517361881,0.1725928455400656
CS2_36,HF5,1,degradation_pearson,10,1000,0.026969612679253,-0.0479564876135602,0.0615407315249998,608,1000,0.02821842117798242,-0.03774500052796917,0.08575421671848332,608,38,79,non_circular_segmented,0.10949721913856,0.12349921724645249
CS2_36,HF5,1,degradation_spearman,10,1000,0.0131827741528279,-0.0771645340064411,0.1251389480721131,608,1000,0.057791391215581286,-0.035942551084483985,0.15352946734801562,608,38,79,non_circular_segmented,0.2023034820785542,0.1894720184324996
CS2_36,HF5,1,partial_pearson_controlling_SOH,10,1000,0.0222974792852229,-0.0555818834870366,0.0978781678580361,608,1000,-0.024965879442257203,-0.09667505265864455,0.040371507957273435,608,38,79,non_circular_segmented,0.1534600513450727,0.137046560615918
CS2_36,HF5,1,degradation_pearson,20,1000,0.0262961384940757,-0.0491476628208593,0.0650733335597277,608,1000,0.04493669982498776,-0.003066068815014853,0.09912634004929548,608,38,79,non_circular_segmented,0.114220996380587,0.10219240886431033
CS2_36,HF5,1,degradation_spearman,20,1000,0.0179865151863618,-0.0904184436531666,0.1210410469323934,608,1000,0.06882542002577181,-0.024577267021057704,0.1552165278611056,608,38,79,non_circular_segmented,0.21145949058556002,0.1797937948821633
CS2_36,HF5,1,partial_pearson_controlling_SOH,20,1000,0.0241927980982938,-0.0509671437347658,0.0956693275622114,608,1000,-0.032869085523748516,-0.12080864993385518,0.040922243717278234,608,38,79,non_circular_segmented,0.1466364712969772,0.1617308936511334
CS2_36,HF5,1,degradation_pearson,30,1000,0.0269731223977446,-0.0393703336369584,0.0679199210612606,608,1000,0.07083414288642018,0.026508812704224668,0.11820263577186318,608,38,79,non_circular_segmented,0.10729025469821901,0.09169382306763851
CS2_36,HF5,1,degradation_spearman,30,1000,0.0140601404804469,-0.0919532540409296,0.1236063334983418,608,1000,0.09793323203185844,-0.017767481445377774,0.19344551365100549,608,38,79,non_circular_segmented,0.2155595875392714,0.21121299509638325
CS2_36,HF5,1,partial_pearson_controlling_SOH,30,1000,0.0187872749384402,-0.0518302894039921,0.0936283645863299,608,1000,-0.06129538134829988,-0.14378991852850334,0.015781372919468375,608,38,79,non_circular_segmented,0.145458653990322,0.15957129144797172
CS2_36,HF6,1,degradation_pearson,10,1000,0.0133205049308653,-0.0307275744875402,0.0745833827758659,608,1000,0.09081256286074037,-0.010569765295625866,0.1670540479472586,608,38,79,non_circular_segmented,0.1053109572634061,0.17762381324288445
CS2_36,HF6,1,degradation_spearman,10,1000,0.0656005813658637,-0.0224405276033556,0.1586136158828957,608,1000,0.1435873062198208,0.060234041713587365,0.22228128311881787,608,38,79,non_circular_segmented,0.1810541434862513,0.1620472414052305
CS2_36,HF6,1,partial_pearson_controlling_SOH,10,1000,0.0286690928342829,-0.1005625453797984,0.1042674971520088,608,1000,-0.12805374303421574,-0.2324473297484266,0.04664211826021554,608,38,79,non_circular_segmented,0.2048300425318072,0.27908944800864216
CS2_36,HF6,1,degradation_pearson,20,1000,0.0122937758786883,-0.0334943007465415,0.0681476527304786,608,1000,0.12255272339801443,-0.009760963685284214,0.19928216948413535,608,38,79,non_circular_segmented,0.1016419534770201,0.20904313316941955
CS2_36,HF6,1,degradation_spearman,20,1000,0.0689595090382664,-0.0298951166912145,0.1674466190078238,608,1000,0.17117919823926242,0.10489077619774197,0.23283615085971396,608,38,79,non_circular_segmented,0.1973417356990383,0.12794537466197198
CS2_36,HF6,1,partial_pearson_controlling_SOH,20,1000,0.0293482862268256,-0.0948942412722667,0.1034566221893369,608,1000,-0.167193560044412,-0.27243978895887594,0.051767454663834714,608,38,79,non_circular_segmented,0.1983508634616036,0.32420724362271064
CS2_36,HF6,1,degradation_pearson,30,1000,0.0079633259986171,-0.0388026684341107,0.0636723457072526,608,1000,0.1530646012497477,0.09128456767186073,0.2124657139357415,608,38,79,non_circular_segmented,0.10247501414136329,0.12118114626388078
CS2_36,HF6,1,degradation_spearman,30,1000,0.0649838879602623,-0.0399030325725811,0.1661771614565563,608,1000,0.1923393701722334,0.12068891761395802,0.2611646767872411,608,38,79,non_circular_segmented,0.2060801940291374,0.1404757591732831
CS2_36,HF6,1,partial_pearson_controlling_SOH,30,1000,0.0326802348748561,-0.0863694819268587,0.1040524930266373,608,1000,-0.20115642701964653,-0.2688778626361078,-0.1004388307885877,608,38,79,non_circular_segmented,0.190421974953496,0.1684390318475201
CS2_36,HF7,1,degradation_pearson,10,1000,-0.0079805462847814,-0.0280272640208031,0.0108999763480076,968,1000,-0.008792824061097354,-0.032683097320507594,0.013713629559412672,968,5,293,non_circular_segmented,0.0389272403688107,0.04639672687992027
CS2_36,HF7,1,degradation_spearman,10,1000,-0.0902538345860928,-0.1581059547424875,-0.0137408588519902,968,1000,-0.09983863846983562,-0.16796735798964446,-0.023646922074513094,968,5,293,non_circular_segmented,0.1443650958904973,0.14432043591513136
CS2_36,HF7,1,partial_pearson_controlling_SOH,10,1000,0.5359283031533673,0.3419983649201306,0.6677924949577777,968,1000,0.5166012796544335,0.3493392718869208,0.6249748144348036,968,5,293,non_circular_segmented,0.3257941300376471,0.2756355425478828
CS2_36,HF7,1,degradation_pearson,20,1000,-0.0078873067734427,-0.0251736212934342,0.0052619317369466,968,1000,-0.011077089373176249,-0.032104126325639824,0.009673458971348992,968,5,293,non_circular_segmented,0.0304355530303808,0.041777585296988815
CS2_36,HF7,1,degradation_spearman,20,1000,-0.0876684062279718,-0.1713376231928955,0.0038780954038233,968,1000,-0.10213580294313163,-0.18106572891413375,-0.012061849361521925,968,5,293,non_circular_segmented,0.1752157185967188,0.1690038795526118
CS2_36,HF7,1,partial_pearson_controlling_SOH,20,1000,0.532830849021192,0.3800336674408715,0.666502324122394,968,1000,0.5219891779179703,0.40130214519157525,0.6284429278208641,968,5,293,non_circular_segmented,0.28646865668152244,0.22714078262928883
CS2_36,HF7,1,degradation_pearson,30,1000,-0.0075720620812692,-0.0236957705304757,0.0043475999168367,968,1000,-0.012491352160984345,-0.033854430422227196,0.007882558950464663,968,5,293,non_circular_segmented,0.0280433704473124,0.04173698937269186
CS2_36,HF7,1,degradation_spearman,30,1000,-0.0827994121879686,-0.1670996230105451,0.0217954090024874,968,1000,-0.10028070239085755,-0.17900144359888348,-0.004171629386243506,968,5,293,non_circular_segmented,0.18889503201303248,0.17482981421263996
CS2_36,HF7,1,partial_pearson_controlling_SOH,30,1000,0.5311345829194543,0.4018615134524254,0.659810835242028,968,1000,0.5268823502110571,0.38864467634728167,0.6165835754802762,968,5,293,non_circular_segmented,0.2579493217896026,0.22793889913299453
CS2_36,HF8,1,degradation_pearson,10,1000,0.000841316688908,-0.028958677196745,0.0323408103984131,944,1000,0.0018374380873278715,-0.01610573255447256,0.02598072472524499,944,27,108,non_circular_segmented,0.0612994875951581,0.04208645727971755
CS2_36,HF8,1,degradation_spearman,10,1000,0.0631648383593053,-0.0208841987009582,0.1407838461224253,944,1000,0.07355691889566396,-0.01144503489938519,0.1553080737684171,944,27,108,non_circular_segmented,0.1616680448233835,0.1667531086678023
CS2_36,HF8,1,partial_pearson_controlling_SOH,10,1000,-0.0962442075052172,-0.2017231349558801,-0.0045685273817931,944,1000,-0.11734763660411775,-0.24638921022934918,-0.0020483085640443503,944,27,108,non_circular_segmented,0.19715460757408698,0.24434090166530484
CS2_36,HF8,1,degradation_pearson,20,1000,0.0010223738397338,-0.0223575844646989,0.0265584760102438,944,1000,-0.0016653285737765742,-0.024951093705743027,0.03360891948440708,944,27,108,non_circular_segmented,0.0489160604749427,0.058560013190150105
CS2_36,HF8,1,degradation_spearman,20,1000,0.0587168902927308,-0.0457838664918102,0.1488200035299455,944,1000,0.07313163853679924,-0.02814046107294519,0.16540271940832219,944,27,108,non_circular_segmented,0.19460387002175572,0.19354318048126737
CS2_36,HF8,1,partial_pearson_controlling_SOH,20,1000,-0.0993173801582581,-0.261071322512162,-0.0094855062720267,944,1000,-0.09370290015613804,-0.24501742914523963,0.08755385408660035,944,27,108,non_circular_segmented,0.25158581624013526,0.33257128323184
CS2_36,HF8,1,degradation_pearson,30,1000,0.0015572928563644,-0.0212747316886423,0.0301300840343821,944,1000,-0.003771228459246293,-0.03576364184686291,0.036302177544729385,944,27,108,non_circular_segmented,0.0514048157230244,0.07206581939159229
CS2_36,HF8,1,degradation_spearman,30,1000,0.0600064398260006,-0.0452956398967346,0.157383943843793,944,1000,0.06470183086749318,-0.03561379034312719,0.15774822559427293,944,27,108,non_circular_segmented,0.2026795837405276,0.19336201593740013
CS2_36,HF8,1,partial_pearson_controlling_SOH,30,1000,-0.0930940435892226,-0.2928756068235432,-0.0091138468444916,944,1000,-0.05485077046105903,-0.1880055329254924,0.10629286921182549,944,27,108,non_circular_segmented,0.28376175997905156,0.2942984021373179
CS2_36,HF1,4,degradation_pearson,10,1000,-0.0283098417654849,-0.0784082692538019,0.0118448395707798,965,1000,-0.02526774219406605,-0.08800206172808372,0.012765732551492359,965,8,290,non_circular_segmented,0.0902531088245817,0.10076779427957608
CS2_36,HF1,4,degradation_spearman,10,1000,-0.0888447786600155,-0.1851901777894464,0.0032670480188699,965,1000,-0.1040062530423724,-0.19899226728923428,-0.02235151520111318,965,8,290,non_circular_segmented,0.1884572258083163,0.1766407520881211
CS2_36,HF1,4,partial_pearson_controlling_SOH,10,1000,0.5272063790265434,0.2826822568593214,0.7060049910588239,965,1000,0.45127402508485204,0.24541289823317022,0.6146311962837256,965,8,290,non_circular_segmented,0.42332273419950245,0.3692182980505554
CS2_36,HF1,4,degradation_pearson,20,1000,-0.0260191123980326,-0.0843195017564093,0.005375270927586,965,1000,-0.03627176103583164,-0.10606831821121716,0.007112583556297421,965,8,290,non_circular_segmented,0.0896947726839953,0.11318090176751458
CS2_36,HF1,4,degradation_spearman,20,1000,-0.0820073695346996,-0.1827893273609106,0.0179052617172692,965,1000,-0.10415567732643094,-0.2004912029997292,0.010552248320243445,965,8,290,non_circular_segmented,0.2006945890781798,0.21104345131997265
CS2_36,HF1,4,partial_pearson_controlling_SOH,20,1000,0.5145681721513775,0.3022406918321035,0.6915333480486234,965,1000,0.4890107974216181,0.2888615775134031,0.6054182194050957,965,8,290,non_circular_segmented,0.38929265621651993,0.3165566418916926
CS2_36,HF1,4,degradation_pearson,30,1000,-0.026548910357984,-0.0778007074634388,0.0032471531060656,965,1000,-0.04374212423052237,-0.11356397469214062,-0.002595248124094976,965,8,290,non_circular_segmented,0.0810478605695044,0.11096872656804564
CS2_36,HF1,4,degradation_spearman,30,1000,-0.0770832327990651,-0.1761014290543125,0.0330948993986504,965,1000,-0.10401457010751716,-0.19207776140651037,0.007980096814697845,965,8,290,non_circular_segmented,0.2091963284529629,0.20005785822120822
CS2_36,HF1,4,partial_pearson_controlling_SOH,30,1000,0.5165153022489137,0.3617279315665008,0.674648130454651,965,1000,0.49259779049555596,0.3223836119088185,0.6058244033756947,965,8,290,non_circular_segmented,0.3129201988881502,0.2834407914668762
CS2_36,HF2,4,degradation_pearson,10,1000,-0.0046387808998916,-0.0466697953632096,0.0502444852473907,941,1000,-0.006625389033997684,-0.04595633642323796,0.04708304561748603,941,30,108,non_circular_segmented,0.0969142806106003,0.09303938204072398
CS2_36,HF2,4,degradation_spearman,10,1000,0.0228319838544475,-0.0822551766554412,0.1161771863545948,941,1000,0.030252676780914346,-0.07219289037846327,0.12957061945625611,941,30,108,non_circular_segmented,0.198432363010036,0.20176350983471938
CS2_36,HF2,4,partial_pearson_controlling_SOH,10,1000,-0.0578741248963803,-0.1648970639558619,0.0211796945915424,941,1000,-0.061737039162115315,-0.20038896651865362,0.04503945987903488,941,30,108,non_circular_segmented,0.1860767585474043,0.2454284263976885
CS2_36,HF2,4,degradation_pearson,20,1000,-0.0034329218247561,-0.0392311147132934,0.0512527047077838,941,1000,-0.013128419713515081,-0.05248415936126222,0.07799217640102274,941,30,108,non_circular_segmented,0.0904838194210772,0.13047633576228496
CS2_36,HF2,4,degradation_spearman,20,1000,0.0249979461633102,-0.0816999734732294,0.1170903780674858,941,1000,0.02031749995261532,-0.08807510616199457,0.1122866561832232,941,30,108,non_circular_segmented,0.1987903515407152,0.20036176234521777
CS2_36,HF2,4,partial_pearson_controlling_SOH,20,1000,-0.0587732864144654,-0.1949482858765402,0.0125794475791121,941,1000,-0.013463870982192983,-0.15767736688160067,0.14468470034511882,941,30,108,non_circular_segmented,0.2075277334556523,0.3023620672267195
CS2_36,HF2,4,degradation_pearson,30,1000,-0.0033708979034697,-0.0448605660762472,0.057355705564956,941,1000,-0.013253667959287629,-0.057171115239771336,0.06546883100592123,941,30,108,non_circular_segmented,0.1022162716412032,0.12263994624569256
CS2_36,HF2,4,degradation_spearman,30,1000,0.0199083211598628,-0.1215107878842679,0.124231787901747,941,1000,-0.00713204667490025,-0.11141355008705142,0.09631175358761153,941,30,108,non_circular_segmented,0.2457425757860149,0.20772530367466296
CS2_36,HF2,4,partial_pearson_controlling_SOH,30,1000,-0.0561656073254174,-0.2432546867839793,0.0232073333197286,941,1000,0.04171489027644493,-0.08050842696128191,0.18433495295500216,941,30,108,non_circular_segmented,0.2664620201037079,0.26484337991628404
CS2_36,HF3,4,degradation_pearson,10,1000,0.1380423734747187,-0.0295646007866794,0.4240052077390474,940,1000,0.11689612881608782,-0.09319931955223806,0.25407562304842807,940,31,108,non_circular_segmented,0.45356980852572676,0.34727494260066616
CS2_36,HF3,4,degradation_spearman,10,1000,-0.0364184751202437,-0.1300911573686032,0.0611154524032314,940,1000,-0.06415747760134019,-0.16316954743143197,0.03712763354125589,940,31,108,non_circular_segmented,0.1912066097718346,0.20029718097268787
CS2_36,HF3,4,partial_pearson_controlling_SOH,10,1000,-0.1165001033819667,-0.4880829367822598,0.0089830437406891,940,1000,-0.11519664113123487,-0.2907796967588114,-0.00023772294238354893,940,31,108,non_circular_segmented,0.49706598052294887,0.2905419738164278
CS2_36,HF3,4,degradation_pearson,20,1000,0.1396451617584605,-0.013564633757504,0.4112756299462555,940,1000,0.1156329352622387,-0.15438346329133057,0.2418177707122097,940,31,108,non_circular_segmented,0.4248402637037595,0.39620123400354024
CS2_36,HF3,4,degradation_spearman,20,1000,-0.0371467341921531,-0.1382946683708313,0.0707487043460866,940,1000,-0.04782245736703336,-0.1569209738207768,0.0621698016859615,940,31,108,non_circular_segmented,0.2090433727169179,0.2190907755067383
CS2_36,HF3,4,partial_pearson_controlling_SOH,20,1000,-0.1198173639091539,-0.4996099437594416,-0.0316283381060873,940,1000,-0.12433185048118148,-0.2541281887860917,-0.0010814481374718187,940,31,108,non_circular_segmented,0.46798160565335434,0.25304674064861993
CS2_36,HF3,4,degradation_pearson,30,1000,0.1366815645407754,-0.0235548208856751,0.40105424660537,940,1000,0.1250868326390965,-0.16363717008333958,0.22019677142688074,940,31,108,non_circular_segmented,0.4246090674910451,0.3838339415102203
CS2_36,HF3,4,degradation_spearman,30,1000,-0.0328142137682666,-0.1366652059379009,0.0818177652579719,940,1000,-0.02877363328077196,-0.15416526111742787,0.09244847176650622,940,31,108,non_circular_segmented,0.2184829711958728,0.2466137328839341
CS2_36,HF3,4,partial_pearson_controlling_SOH,30,1000,-0.1159179123122247,-0.5021459421824973,-0.0385627380794381,940,1000,-0.16676157154106908,-0.23313708943507638,0.0026488308047807455,940,31,108,non_circular_segmented,0.4635832041030592,0.23578592023985712
CS2_36,HF4,4,degradation_pearson,10,1000,-0.0071607948938,-0.118274448375735,0.0548347974136553,607,1000,0.018270648770199058,-0.07150100115218197,0.0814464652758886,607,40,79,non_circular_segmented,0.1731092457893903,0.15294746642807056
CS2_36,HF4,4,degradation_spearman,10,1000,-0.0198699926920965,-0.1675606306034975,0.1303990418906954,607,1000,0.06176895959556303,-0.047986757398740164,0.1867776507728128,607,40,79,non_circular_segmented,0.29795967249419286,0.23476440817155297
CS2_36,HF4,4,partial_pearson_controlling_SOH,10,1000,0.0251752188193635,-0.0443769064066383,0.1017916585657899,607,1000,0.03594254983705689,-0.08137874160684065,0.10413596340560244,607,40,79,non_circular_segmented,0.1461685649724282,0.1855147050124431
CS2_36,HF4,4,degradation_pearson,20,1000,-0.0081374340870605,-0.1289112668748026,0.0624959343621432,607,1000,0.04657678538417635,-0.012910093021701718,0.1385833228888661,607,40,79,non_circular_segmented,0.1914072012369458,0.1514934159105678
CS2_36,HF4,4,degradation_spearman,20,1000,-0.0149761968097907,-0.1598880020570222,0.1376772471600861,607,1000,0.12675666457119644,0.014968622183769925,0.2415945526441654,607,40,79,non_circular_segmented,0.2975652492171083,0.22662593046039547
CS2_36,HF4,4,partial_pearson_controlling_SOH,20,1000,0.0268837791166274,-0.0439789055140708,0.1077505297460524,607,1000,0.028192892158836164,-0.11116514431164659,0.10534355216094182,607,40,79,non_circular_segmented,0.1517294352601232,0.2165086964725884
CS2_36,HF4,4,degradation_pearson,30,1000,-0.0115576500124854,-0.1298842115482549,0.0632042239484971,607,1000,0.09263404413355258,0.007424842231834682,0.174251692806542,607,40,79,non_circular_segmented,0.19308843549675203,0.16682685057470734
CS2_36,HF4,4,degradation_spearman,30,1000,-0.0061573994953539,-0.1353192212738355,0.1394344210282733,607,1000,0.156401467306113,0.04197124497826843,0.26512439212318123,607,40,79,non_circular_segmented,0.2747536423021088,0.2231531471449128
CS2_36,HF4,4,partial_pearson_controlling_SOH,30,1000,0.0264127705611059,-0.0442967669327916,0.1100710752577705,607,1000,-0.023970807648162427,-0.15613691658862644,0.09360268862910126,607,40,79,non_circular_segmented,0.1543678421905621,0.2497396052177277
CS2_36,HF5,4,degradation_pearson,10,1000,-0.0149823909242556,-0.1075340422984336,0.0469117728995438,607,1000,0.015255424519392005,-0.036903420076273466,0.11592154427398277,607,40,79,non_circular_segmented,0.1544458151979774,0.15282496435025622
CS2_36,HF5,4,degradation_spearman,10,1000,0.0151592049278931,-0.1177830619364627,0.1519602524368362,607,1000,0.10734512931576289,-0.008068554804319958,0.2271568782755744,607,40,79,non_circular_segmented,0.2697433143732989,0.23522543307989435
CS2_36,HF5,4,partial_pearson_controlling_SOH,10,1000,0.039576930760781,-0.091796935777076,0.1646297971028108,607,1000,-0.08920483778188146,-0.26520712679566083,0.14894360624506237,607,40,79,non_circular_segmented,0.2564267328798868,0.4141507330407232
CS2_36,HF5,4,degradation_pearson,20,1000,-0.0210385246458867,-0.1152656132375795,0.0494378901632012,607,1000,0.0808754747255544,-0.0021633573931678926,0.19773382648420512,607,40,79,non_circular_segmented,0.16470350340078072,0.199897183877373
CS2_36,HF5,4,degradation_spearman,20,1000,0.0195417317448145,-0.1242684675996155,0.1680088389471949,607,1000,0.17015967096096465,0.06039028358354566,0.28439136928243364,607,40,79,non_circular_segmented,0.2922773065468104,0.224001085698888
CS2_36,HF5,4,partial_pearson_controlling_SOH,20,1000,0.0457850874777274,-0.0920884239897122,0.1574798966866611,607,1000,-0.14849622711751737,-0.32342669608379615,0.1416227169443709,607,40,79,non_circular_segmented,0.2495683206763733,0.46504941302816705
CS2_36,HF5,4,degradation_pearson,30,1000,-0.0177587904284729,-0.1218634980973645,0.0573715477573743,607,1000,0.15196677727511199,0.07636246023349394,0.24561101273613106,607,40,79,non_circular_segmented,0.17923504585473882,0.16924855250263712
CS2_36,HF5,4,degradation_spearman,30,1000,0.0212029004534605,-0.1221297937038033,0.1994271766827034,607,1000,0.19651194768879132,0.07680902454053697,0.31011819050672734,607,40,79,non_circular_segmented,0.3215569703865067,0.2333091659661904
CS2_36,HF5,4,partial_pearson_controlling_SOH,30,1000,0.0402161068046304,-0.0988691470962032,0.1617517676537355,607,1000,-0.2645403005325784,-0.38384834649993665,-0.14817244105678057,607,40,79,non_circular_segmented,0.2606209147499387,0.2356759054431561
CS2_36,HF6,4,degradation_pearson,10,1000,0.0222857858256694,-0.0500501703694736,0.0829828351892211,607,1000,0.06578960984724719,0.019664669847070184,0.18152937915210623,607,40,79,non_circular_segmented,0.1330330055586947,0.16186470930503605
CS2_36,HF6,4,degradation_spearman,10,1000,0.0857647538714188,-0.0556032097842797,0.2244148552887115,607,1000,0.20654362126460896,0.09280730015476957,0.3129448260072658,607,40,79,non_circular_segmented,0.2800180650729912,0.22013752585249624
CS2_36,HF6,4,partial_pearson_controlling_SOH,10,1000,-0.0604530994659014,-0.1568905440841282,-0.0122819443439928,607,1000,-0.11959086897481924,-0.26934614644091487,-0.006048644127635379,607,40,79,non_circular_segmented,0.1446085997401354,0.2632975023132795
CS2_36,HF6,4,degradation_pearson,20,1000,0.0227845747890366,-0.0589118676142633,0.0907923339493138,607,1000,0.1254415781197744,0.03054223745018361,0.25479472404832887,607,40,79,non_circular_segmented,0.1497042015635771,0.22425248659814526
CS2_36,HF6,4,degradation_spearman,20,1000,0.092932047788271,-0.0616488068779086,0.2350168970024957,607,1000,0.2710079340268041,0.17507502612163905,0.36808915158389965,607,40,79,non_circular_segmented,0.2966657038804043,0.1930141254622606
CS2_36,HF6,4,partial_pearson_controlling_SOH,20,1000,-0.0603145860005985,-0.1451643527522465,-0.0075186761196101,607,1000,-0.15987161826249718,-0.3357301489491055,-0.0022394842717960864,607,40,79,non_circular_segmented,0.1376456766326364,0.3334906646773094
CS2_36,HF6,4,degradation_pearson,30,1000,0.023108947037271,-0.0642256487460138,0.0962280880766565,607,1000,0.1994287529742389,0.11851604945448989,0.2986249999311137,607,40,79,non_circular_segmented,0.1604537368226703,0.18010895047662379
CS2_36,HF6,4,degradation_spearman,30,1000,0.0922516155131933,-0.0497628501703672,0.2412814272697616,607,1000,0.29721803740323793,0.20046067461310746,0.38659680241198907,607,40,79,non_circular_segmented,0.2910442774401288,0.1861361277988816
CS2_36,HF6,4,partial_pearson_controlling_SOH,30,1000,-0.0615544765956031,-0.1429427947601507,-0.0051833218888275,607,1000,-0.2334915750695679,-0.356478523661131,-0.12260679911622653,607,40,79,non_circular_segmented,0.1377594728713232,0.23387172454490446
CS2_36,HF7,4,degradation_pearson,10,1000,-0.0264350828519432,-0.0763436348247028,0.0096913631916513,965,1000,-0.02377532995633863,-0.08707132942194373,0.016688469407119464,965,8,290,non_circular_segmented,0.0860349980163541,0.1037597988290632
CS2_36,HF7,4,degradation_spearman,10,1000,-0.0894819890848843,-0.1797626797027887,0.0062206948659819,965,1000,-0.10316823355076694,-0.19806455044951002,-0.012040569840239275,965,8,290,non_circular_segmented,0.1859833745687706,0.18602398060927075
CS2_36,HF7,4,partial_pearson_controlling_SOH,10,1000,0.5197367024373719,0.2513572806490972,0.6874763626891525,965,1000,0.4560527486449965,0.22465115108693423,0.6007581262064517,965,8,290,non_circular_segmented,0.4361190820400553,0.3761069751195175
CS2_36,HF7,4,degradation_pearson,20,1000,-0.027399562891164,-0.0817448486153037,0.0039980864978243,965,1000,-0.03748856853451206,-0.10876727880189259,0.003687058434255758,965,8,290,non_circular_segmented,0.085742935113128,0.11245433723614835
CS2_36,HF7,4,degradation_spearman,20,1000,-0.0815224679120914,-0.1840422691193134,0.0256640381334727,965,1000,-0.10347556789571419,-0.19575570177983154,-0.0012619970131488795,965,8,290,non_circular_segmented,0.2097063072527861,0.19449370476668265
CS2_36,HF7,4,partial_pearson_controlling_SOH,20,1000,0.5230869100156428,0.3359530055949798,0.6921009211969875,965,1000,0.47387719614899576,0.26435607378866194,0.5976655667154654,965,8,290,non_circular_segmented,0.3561479156020077,0.3333094929268035
CS2_36,HF7,4,degradation_pearson,30,1000,-0.0256706489261072,-0.0817569055042856,0.0047490863475107,965,1000,-0.043478605156884176,-0.1179776710336829,0.0007608917589975177,965,8,290,non_circular_segmented,0.0865059918517963,0.11873856279268041
CS2_36,HF7,4,degradation_spearman,30,1000,-0.0786043194262036,-0.1791756758388458,0.0293412331646156,965,1000,-0.10029661400484102,-0.19543663056856608,0.003687804027036656,965,8,290,non_circular_segmented,0.2085169090034614,0.19912443459560275
CS2_36,HF7,4,partial_pearson_controlling_SOH,30,1000,0.5158652442111473,0.3462168925533523,0.6722861929232702,965,1000,0.4826170702135459,0.29955783231366767,0.5946471403097688,965,8,290,non_circular_segmented,0.3260693003699179,0.29508930799610117
CS2_36,HF8,4,degradation_pearson,10,1000,0.0011730708868991,-0.0457525034340606,0.0549422742905848,941,1000,2.5545695639318928e-05,-0.0393459352471888,0.06171074033775637,941,30,108,non_circular_segmented,0.1006947777246454,0.10105667558494517
CS2_36,HF8,4,degradation_spearman,10,1000,0.0450798228211329,-0.0556045832158873,0.1410532850426098,941,1000,0.05680564060120001,-0.04154213528716811,0.14538206264727718,941,30,108,non_circular_segmented,0.1966578682584971,0.18692419793444529
CS2_36,HF8,4,partial_pearson_controlling_SOH,10,1000,-0.0805658219135472,-0.1949561890597215,0.0128701661920478,941,1000,-0.08616770461443768,-0.2201926368566644,0.03268391322861007,941,30,108,non_circular_segmented,0.20782635525176932,0.2528765500852745
CS2_36,HF8,4,degradation_pearson,20,1000,0.0010305672054746,-0.0367620894523169,0.0537001421015255,941,1000,-0.0050830127810930475,-0.04947068492420957,0.08739632672834888,941,30,108,non_circular_segmented,0.09046223155384239,0.13686701165255843
CS2_36,HF8,4,degradation_spearman,20,1000,0.0402507520494619,-0.0757968113199055,0.139261192224958,941,1000,0.03784103836172881,-0.07243970313394095,0.13051850951714014,941,30,108,non_circular_segmented,0.21505800354486349,0.2029582126510811
CS2_36,HF8,4,partial_pearson_controlling_SOH,20,1000,-0.0802674990129052,-0.2213231150014386,0.0109623951871699,941,1000,-0.02878252699355669,-0.17891862950204337,0.12235936830329995,941,30,108,non_circular_segmented,0.2322855101886085,0.3012779978053433
CS2_36,HF8,4,degradation_pearson,30,1000,0.0005109214944689,-0.0357251090768751,0.0642794061953321,941,1000,-0.0030863034387834856,-0.04989973492693652,0.09387262651901532,941,30,108,non_circular_segmented,0.10000451527220719,0.14377236144595185
CS2_36,HF8,4,degradation_spearman,30,1000,0.0402337983301372,-0.0777333372514283,0.1417018011906542,941,1000,0.015540113703471383,-0.09158615066189682,0.10912264227665862,941,30,108,non_circular_segmented,0.2194351384420825,0.20070879293855542
CS2_36,HF8,4,partial_pearson_controlling_SOH,30,1000,-0.0807303866232487,-0.2551442304403014,0.0039480409896719,941,1000,0.024810355228903985,-0.0813205976149989,0.17493281262196866,941,30,108,non_circular_segmented,0.25909227142997326,0.25625341023696757
CS2_36,HF1,8,degradation_pearson,10,1000,-0.0673076072316458,-0.1353215324777743,-0.014142521334992,961,1000,-0.061105934347792754,-0.15581382139159056,-0.0034721759495805536,961,8,286,non_circular_segmented,0.12117901114278229,0.15234164544201
CS2_36,HF1,8,degradation_spearman,10,1000,-0.2202127559517624,-0.3398989209844518,-0.0917469157035797,961,1000,-0.2286491602542262,-0.348060523853977,-0.09984376605413975,961,8,286,non_circular_segmented,0.24815200528087208,0.24821675779983726
CS2_36,HF1,8,partial_pearson_controlling_SOH,10,1000,0.594064054791303,0.2895602332560324,0.8065639943448617,961,1000,0.4144656659924809,0.22702865858163312,0.6239428126164158,961,8,286,non_circular_segmented,0.5170037610888293,0.3969141540347827
CS2_36,HF1,8,degradation_pearson,20,1000,-0.064950547246992,-0.150890636927018,-0.0135521808552011,961,1000,-0.08120377715994131,-0.18313079711240315,-0.014888889505749493,961,8,286,non_circular_segmented,0.1373384560718169,0.16824190760665367
CS2_36,HF1,8,degradation_spearman,20,1000,-0.2133175339083154,-0.3469298619866499,-0.0647657036235454,961,1000,-0.2202508193078724,-0.3523713769193678,-0.07206690753945506,961,8,286,non_circular_segmented,0.2821641583631045,0.28030446937991277
CS2_36,HF1,8,partial_pearson_controlling_SOH,20,1000,0.5882661093702097,0.3441708411500934,0.7387934092050672,961,1000,0.4606595251299806,0.2667488709577711,0.6303149782915256,961,8,286,non_circular_segmented,0.3946225680549738,0.3635661073337545
CS2_36,HF1,8,degradation_pearson,30,1000,-0.0677110477071981,-0.1479892531634291,-0.0170491409501125,961,1000,-0.09123220932631586,-0.19841431354659467,-0.020116921121880918,961,8,286,non_circular_segmented,0.13094011221331658,0.17829739242471376
CS2_36,HF1,8,degradation_spearman,30,1000,-0.2101297635234855,-0.3401748965590946,-0.0617639340511913,961,1000,-0.22370573753192735,-0.3508859705382211,-0.0861356796046697,961,8,286,non_circular_segmented,0.2784109625079033,0.2647502909335514
CS2_36,HF1,8,partial_pearson_controlling_SOH,30,1000,0.5907504671175224,0.401403972162042,0.7343271968817489,961,1000,0.48510898455850404,0.3123386256805877,0.6353192892264447,961,8,286,non_circular_segmented,0.33292322471970687,0.32298066354585697
CS2_36,HF2,8,degradation_pearson,10,1000,0.0385878681669273,-0.0198450097202215,0.1052400783386646,937,1000,0.041174250561079734,-0.013316356939633739,0.11314197748269858,937,30,108,non_circular_segmented,0.1250850880588861,0.1264583344223323
CS2_36,HF2,8,degradation_spearman,10,1000,0.1664349187680243,0.0189642195581044,0.2851865810203085,937,1000,0.1850412960832738,0.05220397093923488,0.2945629635982904,937,30,108,non_circular_segmented,0.2662223614622041,0.2423589926590555
CS2_36,HF2,8,partial_pearson_controlling_SOH,10,1000,-0.0871036489443665,-0.2152208631592478,0.0076028056683617,937,1000,-0.07487144398665821,-0.22695052656672748,0.04912693870828846,937,30,108,non_circular_segmented,0.22282366882760948,0.2760774652750159
CS2_36,HF2,8,degradation_pearson,20,1000,0.035403711097105,-0.0123077458145556,0.1085980670315508,937,1000,0.04555863337197002,-0.019794650251931674,0.1849588968040592,937,30,108,non_circular_segmented,0.1209058128461064,0.20475354705599086
CS2_36,HF2,8,degradation_spearman,20,1000,0.1586309378417486,0.0085065911993384,0.288248245465933,937,1000,0.16648037447899527,0.03179390859131854,0.276408647468372,937,30,108,non_circular_segmented,0.2797416542665946,0.24461473887705348
CS2_36,HF2,8,partial_pearson_controlling_SOH,20,1000,-0.0858219857191586,-0.2284407942289672,-0.0019751116266561,937,1000,0.016851933217753485,-0.14772483916489787,0.18127517450960234,937,30,108,non_circular_segmented,0.22646568260231112,0.3290000136745002
CS2_36,HF2,8,degradation_pearson,30,1000,0.0341542686397294,-0.0137316505608901,0.1198051595100585,937,1000,0.046693995370450034,-0.02045744313702395,0.16091803077445146,937,30,108,non_circular_segmented,0.13353681007094861,0.1813754739114754
CS2_36,HF2,8,degradation_spearman,30,1000,0.1511622029229063,0.0017919676080501,0.2872777813798472,937,1000,0.11644979226678798,-0.0050519492025882275,0.21723453267981463,937,30,108,non_circular_segmented,0.2854858137717971,0.22228648188240285
CS2_36,HF2,8,partial_pearson_controlling_SOH,30,1000,-0.0906028697037408,-0.2994989334519671,-4.688307161020026e-06,937,1000,0.06313325897387853,-0.07995671359785093,0.21749548991355738,937,30,108,non_circular_segmented,0.2994942451448061,0.29745220351140833
CS2_36,HF3,8,degradation_pearson,10,1000,0.2411943139660066,-0.043684704757442,0.5158758048714963,936,1000,0.09265405319415092,-0.17628271657016364,0.26050936708474987,936,31,108,non_circular_segmented,0.5595605096289383,0.4367920836549135
CS2_36,HF3,8,degradation_spearman,10,1000,-0.1633176477109557,-0.2963077159420613,-0.0391222049615843,936,1000,-0.22775390830304365,-0.3457029973590131,-0.10027342145409271,936,31,108,non_circular_segmented,0.257185510980477,0.2454295759049204
CS2_36,HF3,8,partial_pearson_controlling_SOH,10,1000,-0.2455841815776871,-0.64246257985533,-0.0067247530136463,936,1000,-0.1475375066103687,-0.32578786095849505,-0.0024568755333255156,936,31,108,non_circular_segmented,0.6357378268416837,0.3233309854251695
CS2_36,HF3,8,degradation_pearson,20,1000,0.2438167923170229,-0.0576135685663085,0.4681381397654698,936,1000,0.10305246862813389,-0.25271285007180694,0.2565580027992849,936,31,108,non_circular_segmented,0.5257517083317783,0.5092708528710919
CS2_36,HF3,8,degradation_spearman,20,1000,-0.1677304400305686,-0.2953068703642029,-0.0324727574481696,936,1000,-0.2041717279136735,-0.33125553424820486,-0.06788829602968596,936,31,108,non_circular_segmented,0.2628341129160333,0.26336723821851893
CS2_36,HF3,8,partial_pearson_controlling_SOH,20,1000,-0.2487785130726437,-0.5897132275180706,-0.0352094675941429,936,1000,-0.17174796855247,-0.3034568107826487,-0.009159736686925428,936,31,108,non_circular_segmented,0.5545037599239278,0.29429707409572325
CS2_36,HF3,8,degradation_pearson,30,1000,0.2457915630142046,-0.0763280353485708,0.4326450021413246,936,1000,0.09238262885494958,-0.28021934839638685,0.2534869512244843,936,31,108,non_circular_segmented,0.5089730374898954,0.5337062996208711
CS2_36,HF3,8,degradation_spearman,30,1000,-0.1604714342696117,-0.2844466555993563,-0.008102922260825,936,1000,-0.1721171483359572,-0.30414084585353895,-0.031900495233829755,936,31,108,non_circular_segmented,0.2763437333385313,0.2722403506197092
CS2_36,HF3,8,partial_pearson_controlling_SOH,30,1000,-0.2454365432280829,-0.5698919246744829,-0.0337238751405607,936,1000,-0.1971993900609881,-0.2733812040499068,-0.016942328403885456,936,31,108,non_circular_segmented,0.5361680495339222,0.25643887564602136
CS2_36,HF4,8,degradation_pearson,10,1000,-0.0038396649960482,-0.166865888597457,0.0606698938886041,608,1000,-0.010835335122274588,-0.13501021296438268,0.03703883564414942,608,39,79,non_circular_segmented,0.2275357824860611,0.1720490486085321
CS2_36,HF4,8,degradation_spearman,10,1000,-0.0752300102171207,-0.2541626303400903,0.1207175648878906,608,1000,-0.06513499773784673,-0.2414364167500426,0.10882713237266882,608,39,79,non_circular_segmented,0.3748801952279809,0.3502635491227114
CS2_36,HF4,8,partial_pearson_controlling_SOH,10,1000,-0.0286183394749439,-0.0666443403970179,0.0559515451010866,608,1000,-0.0035308088519178295,-0.04729510419800574,0.12250202754707569,608,39,79,non_circular_segmented,0.1225958854981045,0.16979713174508143
CS2_36,HF4,8,degradation_pearson,20,1000,-0.0032882279369845,-0.1816827784117071,0.068122237290478,608,1000,0.025538627477163844,-0.07830503670252031,0.1437676472479526,608,39,79,non_circular_segmented,0.2498050157021851,0.22207268395047292
CS2_36,HF4,8,degradation_spearman,20,1000,-0.0616252981269817,-0.237997709330975,0.1142504695562598,608,1000,0.05772413872366014,-0.14747799782505644,0.2679691183834552,608,39,79,non_circular_segmented,0.3522481788872348,0.41544711620851166
CS2_36,HF4,8,partial_pearson_controlling_SOH,20,1000,-0.0290300815754096,-0.0669042006180116,0.0738842050899445,608,1000,0.019586478526969195,-0.04191109778413617,0.2059118350722615,608,39,79,non_circular_segmented,0.1407884057079561,0.24782293285639767
CS2_36,HF4,8,degradation_pearson,30,1000,-0.0038745294939465,-0.1839034874304228,0.0708326162651298,608,1000,0.07231971733051765,-0.06801006399022817,0.20696595888800887,608,39,79,non_circular_segmented,0.2547361036955526,0.274976022878237
CS2_36,HF4,8,degradation_spearman,30,1000,-0.0584581358674265,-0.224264248518525,0.1411161577246781,608,1000,0.09713347151920973,-0.13559752580234316,0.3098342097560763,608,39,79,non_circular_segmented,0.3653804062432031,0.4454317355584194
CS2_36,HF4,8,partial_pearson_controlling_SOH,30,1000,-0.0301523247242751,-0.0711878660589632,0.0807271856105563,608,1000,0.11700360016494864,-0.014751904320520978,0.2710915791502693,608,39,79,non_circular_segmented,0.15191505166951952,0.2858434834707903
CS2_36,HF5,8,degradation_pearson,10,1000,0.0001999217682378,-0.1541931598924188,0.0630431464103191,608,1000,-0.0048185866104234285,-0.11340244535468627,0.043644809980674854,608,39,79,non_circular_segmented,0.2172363063027379,0.15704725533536112
CS2_36,HF5,8,degradation_spearman,10,1000,-0.0355750416286063,-0.2113334866332756,0.1448395151110285,608,1000,-0.052792151606123654,-0.22530781997151403,0.1257697171471304,608,39,79,non_circular_segmented,0.3561730017443041,0.3510775371186444
CS2_36,HF5,8,partial_pearson_controlling_SOH,10,1000,-0.0280531065839005,-0.1455814477216372,0.0146621801763688,608,1000,-0.03752523327865244,-0.1590849509875937,0.0050416393017582665,608,39,79,non_circular_segmented,0.160243627898006,0.16412659028935198
CS2_36,HF5,8,degradation_pearson,20,1000,0.0019467946020977,-0.1544289465631706,0.072356762899365,608,1000,0.03883599184732257,-0.047899454373126225,0.17560078853202685,608,39,79,non_circular_segmented,0.22678570946253562,0.22350024290515308
CS2_36,HF5,8,degradation_spearman,20,1000,-0.0302361164835804,-0.199877205710419,0.160487207642949,608,1000,0.07943104646574808,-0.1627817913249318,0.2986679200844209,608,39,79,non_circular_segmented,0.360364413353368,0.4614497114093527
CS2_36,HF5,8,partial_pearson_controlling_SOH,20,1000,-0.0274183443378302,-0.1580820658455259,0.0179840760744951,608,1000,-0.05421710171641512,-0.21171380603316436,0.00288566808387635,608,39,79,non_circular_segmented,0.17606614192002099,0.21459947411704072
CS2_36,HF5,8,degradation_pearson,30,1000,0.0022990059805191,-0.1553905742457128,0.0763330020006627,608,1000,0.12242353842667611,-0.02816856417203896,0.25829582765590525,608,39,79,non_circular_segmented,0.2317235762463755,0.2864643918279442
CS2_36,HF5,8,degradation_spearman,30,1000,-0.0300050772441832,-0.1868766724402623,0.161605882416831,608,1000,0.10884419543078203,-0.15633524336274204,0.32628729726347117,608,39,79,non_circular_segmented,0.3484825548570933,0.48262254062621324
CS2_36,HF5,8,partial_pearson_controlling_SOH,30,1000,-0.0270080468345424,-0.1444184416420668,0.0175574841320287,608,1000,-0.16628038344975687,-0.24441316004075103,-0.10030456320704395,608,39,79,non_circular_segmented,0.1619759257740955,0.14410859683370708
CS2_36,HF6,8,degradation_pearson,10,1000,0.0330579650368238,-0.0629677296824949,0.1019747287950269,608,1000,0.026441494126727985,-0.02527775860128569,0.12184173326313366,608,39,79,non_circular_segmented,0.16494245847752181,0.14711949186441936
CS2_36,HF6,8,degradation_spearman,10,1000,0.0378756475103663,-0.1221396385348805,0.1895117109344332,608,1000,0.08136532511720618,-0.09197546027104987,0.23921781872750283,608,39,79,non_circular_segmented,0.3116513494693137,0.3311932789985527
CS2_36,HF6,8,partial_pearson_controlling_SOH,10,1000,-0.077088342567434,-0.2048779278460003,-0.0058858203006605,608,1000,-0.06154180948549777,-0.24926982152135024,0.012456996378986517,608,39,79,non_circular_segmented,0.1989921075453398,0.26172681790033675
CS2_36,HF6,8,degradation_pearson,20,1000,0.0329170295479178,-0.0747454343515436,0.1164965749248189,608,1000,0.07759839218773282,0.005009630534407333,0.24740019822504772,608,39,79,non_circular_segmented,0.19124200927636248,0.24239056769064038
CS2_36,HF6,8,degradation_spearman,20,1000,0.0462789373709238,-0.1135688584655009,0.2137366337465873,608,1000,0.2152446836620922,0.04929355963599117,0.38329776499573953,608,39,79,non_circular_segmented,0.3273054922120882,0.33400420535974834
CS2_36,HF6,8,partial_pearson_controlling_SOH,20,1000,-0.075703498065245,-0.223788968003062,-0.0113445957707845,608,1000,-0.11069354599222858,-0.314199793739355,0.004798445179222662,608,39,79,non_circular_segmented,0.2124443722322775,0.3189982389185777
CS2_36,HF6,8,degradation_pearson,30,1000,0.0355641131773703,-0.0923669131998674,0.1159356344370518,608,1000,0.19642655361868375,0.08222421777738388,0.3140661004245995,608,39,79,non_circular_segmented,0.2083025476369192,0.2318418826472156
CS2_36,HF6,8,degradation_spearman,30,1000,0.0450206617361618,-0.1044011676315324,0.2009099160038767,608,1000,0.256415785915875,0.07173284618128291,0.40306690850649934,608,39,79,non_circular_segmented,0.3053110836354091,0.33133406232521645
CS2_36,HF6,8,partial_pearson_controlling_SOH,30,1000,-0.0787510773579178,-0.2105963389819058,-0.0099785468969863,608,1000,-0.24675458561016073,-0.3433059134728589,-0.14837387394050108,608,39,79,non_circular_segmented,0.2006177920849195,0.1949320395323578
CS2_36,HF7,8,degradation_pearson,10,1000,-0.0658043090689133,-0.129083576332817,-0.0092337370198615,961,1000,-0.05996653900335091,-0.15148955552451154,-0.0011149996998114978,961,8,286,non_circular_segmented,0.11984983931295551,0.15037455582470005
CS2_36,HF7,8,degradation_spearman,10,1000,-0.2199056932358012,-0.3402751433286297,-0.0916710384211842,961,1000,-0.22562995894770144,-0.34614220459257167,-0.10102236835886212,961,8,286,non_circular_segmented,0.2486041049074455,0.24511983623370953
CS2_36,HF7,8,partial_pearson_controlling_SOH,10,1000,0.5857561511507983,0.265214629730529,0.8145205951938047,961,1000,0.4108796090514487,0.23038729071115888,0.6187271811105854,961,8,286,non_circular_segmented,0.5493059654632757,0.38833989039942657
CS2_36,HF7,8,degradation_pearson,20,1000,-0.0653473639672775,-0.1488857455699001,-0.0111311616740984,961,1000,-0.08021912193647732,-0.19772034949175507,-0.017671164749558908,961,8,286,non_circular_segmented,0.13775458389580172,0.18004918474219617
CS2_36,HF7,8,degradation_spearman,20,1000,-0.2097088536193145,-0.3513376749600598,-0.0616528067844488,961,1000,-0.21962114456743564,-0.36048840407469424,-0.07815843204587114,961,8,286,non_circular_segmented,0.289684868175611,0.2823299720288231
CS2_36,HF7,8,partial_pearson_controlling_SOH,20,1000,0.5844108832863095,0.3410066395796655,0.7495572379160508,961,1000,0.46010484164702015,0.2677232656030292,0.6196775327003562,961,8,286,non_circular_segmented,0.4085505983363853,0.35195426709732697
CS2_36,HF7,8,degradation_pearson,30,1000,-0.064837499966722,-0.1441689723761368,-0.0162177561543325,961,1000,-0.08869219851789169,-0.19595520533810568,-0.01737107565934674,961,8,286,non_circular_segmented,0.1279512162218043,0.17858412967875895
CS2_36,HF7,8,degradation_spearman,30,1000,-0.210948563183755,-0.340282103457266,-0.05763172973462,961,1000,-0.21621879045801096,-0.3488831415699486,-0.063717560423691,961,8,286,non_circular_segmented,0.282650373722646,0.28516558114625756
CS2_36,HF7,8,partial_pearson_controlling_SOH,30,1000,0.5858684740112723,0.3598786264882169,0.734253405087157,961,1000,0.4789324653978419,0.30249465443421575,0.6205773153141315,961,8,286,non_circular_segmented,0.3743747785989401,0.31808266087991577
CS2_36,HF8,8,degradation_pearson,10,1000,0.0425958534556616,-0.0162721327370263,0.1223194116410645,937,1000,0.048558328617319804,-0.011154887912690406,0.1341151999278566,937,30,108,non_circular_segmented,0.1385915443780908,0.14527008784054699
CS2_36,HF8,8,degradation_spearman,10,1000,0.1842140593106742,0.0403928724628691,0.3069331909271485,937,1000,0.20956544053682366,0.07024493539679089,0.32824072248835506,937,30,108,non_circular_segmented,0.2665403184642794,0.2579957870915642
CS2_36,HF8,8,partial_pearson_controlling_SOH,10,1000,-0.1013865245842304,-0.2381131447226995,0.0021929118519294,937,1000,-0.08933341740913496,-0.24332905458910964,0.030229236995955994,937,30,108,non_circular_segmented,0.24030605657462892,0.2735582915850656
CS2_36,HF8,8,degradation_pearson,20,1000,0.0392799869495984,-0.0132679961052651,0.1220074057587516,937,1000,0.05088420900329188,-0.015725088835032177,0.1959358556784532,937,30,108,non_circular_segmented,0.1352754018640167,0.21166094451348538
CS2_36,HF8,8,degradation_spearman,20,1000,0.1780138599398653,0.0355816542543804,0.3059152904193045,937,1000,0.19046389066615804,0.056777642168679296,0.29876168330067565,937,30,108,non_circular_segmented,0.27033363616492406,0.24198404113199634
CS2_36,HF8,8,partial_pearson_controlling_SOH,20,1000,-0.105333224957899,-0.2621893043508992,-0.0075076205898974,937,1000,0.006613550490952376,-0.15393387008977907,0.1425596985001752,937,30,108,non_circular_segmented,0.2546816837610018,0.29649356858995424
CS2_36,HF8,8,degradation_pearson,30,1000,0.0409546966663147,-0.0108324544640762,0.131888812292015,937,1000,0.06223703713862004,-0.01225300887856587,0.1852799350804952,937,30,108,non_circular_segmented,0.1427212667560912,0.19753294395906107
CS2_36,HF8,8,degradation_spearman,30,1000,0.1738277410018326,0.0192519471806532,0.3017591050523173,937,1000,0.14030210659708572,0.02683323475716932,0.23392624850694813,937,30,108,non_circular_segmented,0.2825071578716641,0.20709301374977881
CS2_36,HF8,8,partial_pearson_controlling_SOH,30,1000,-0.1064438419839023,-0.3032523146263191,-0.0022707327982324,937,1000,0.04806424340104057,-0.07646606817664937,0.19815797829630336,937,30,108,non_circular_segmented,0.30098158182808665,0.27462404647295274
CS2_36,HF1,12,degradation_pearson,10,1000,-0.0965588517718687,-0.1830843344348617,-0.0295082780273599,957,1000,-0.09648161530575117,-0.2077445162088656,-0.022366750273173225,957,8,282,non_circular_segmented,0.1535760564075018,0.18537776593569238
CS2_36,HF1,12,degradation_spearman,10,1000,-0.2727562213335352,-0.402480624345397,-0.1414617025765998,957,1000,-0.28461001501010336,-0.40987391285509,-0.15118165175318257,957,8,282,non_circular_segmented,0.2610189217687972,0.25869226110190746
CS2_36,HF1,12,partial_pearson_controlling_SOH,10,1000,0.522417241590381,0.1954855374848454,0.7670293005326382,957,1000,0.4029889632439019,0.2134777665751626,0.6477607990449891,957,8,282,non_circular_segmented,0.5715437630477928,0.43428303246982647
CS2_36,HF1,12,degradation_pearson,20,1000,-0.094291873656823,-0.186179772266042,-0.0331767997492547,957,1000,-0.11669256165825162,-0.25584220963320564,-0.028296842642762655,957,8,282,non_circular_segmented,0.1530029725167873,0.22754536699044298
CS2_36,HF1,12,degradation_spearman,20,1000,-0.2680053752359873,-0.4057308523985327,-0.1071679026999475,957,1000,-0.2701442964731152,-0.42487553036424136,-0.11111916015259664,957,8,282,non_circular_segmented,0.2985629496985852,0.3137563702116447
CS2_36,HF1,12,partial_pearson_controlling_SOH,20,1000,0.5300767700772807,0.3213978824049198,0.7280872134186286,957,1000,0.41951429341501423,0.2608586625437691,0.6076791719333455,957,8,282,non_circular_segmented,0.4066893310137088,0.3468205093895764
CS2_36,HF1,12,degradation_pearson,30,1000,-0.0937791321745622,-0.1949059990596046,-0.0276947945025728,957,1000,-0.1269259605129211,-0.2700590081073746,-0.02687909954688236,957,8,282,non_circular_segmented,0.16721120455703178,0.24317990856049224
CS2_36,HF1,12,degradation_spearman,30,1000,-0.2568429627708431,-0.3995362204604716,-0.085462711293025,957,1000,-0.2640554487590562,-0.41008475420608653,-0.10793688849996844,957,8,282,non_circular_segmented,0.3140735091674466,0.30214786570611807
CS2_36,HF1,12,partial_pearson_controlling_SOH,30,1000,0.5339332798364722,0.336211869095725,0.7103389968664862,957,1000,0.4430871776629234,0.27321602113493804,0.5968476695910702,957,8,282,non_circular_segmented,0.3741271277707612,0.3236316484561321
CS2_36,HF2,12,degradation_pearson,10,1000,0.0486625516868882,-0.0138416335673748,0.1296367912519999,933,1000,0.06478067748251354,-0.004357720788595074,0.15279051704412444,933,30,108,non_circular_segmented,0.1434784248193747,0.15714823783271953
CS2_36,HF2,12,degradation_spearman,10,1000,0.1918553918069389,0.0497933984303871,0.3249626304088353,933,1000,0.21829568839070454,0.09017965075308072,0.3377814239643587,933,30,108,non_circular_segmented,0.27516923197844817,0.24760177321127796
CS2_36,HF2,12,partial_pearson_controlling_SOH,10,1000,-0.0795108946161459,-0.2110067184936347,0.0208656410855712,933,1000,-0.07190732615354638,-0.2320873243581834,0.060862513418934526,933,30,108,non_circular_segmented,0.2318723595792059,0.2929498377771179
CS2_36,HF2,12,degradation_pearson,20,1000,0.0498074434207254,-0.0172694151698672,0.1465851888677925,933,1000,0.08376009489018152,-0.010321433107931127,0.21678923560822244,933,30,108,non_circular_segmented,0.16385460403765972,0.22711066871615357
CS2_36,HF2,12,degradation_spearman,20,1000,0.1832175193623121,-0.0052975201822759,0.3521731524166377,933,1000,0.1826159017891533,0.022137167343707305,0.3102296617598219,933,30,108,non_circular_segmented,0.35747067259891363,0.2880924944161146
CS2_36,HF2,12,partial_pearson_controlling_SOH,20,1000,-0.0873269412590089,-0.2615981891622169,0.0270009590763544,933,1000,0.05835795437352878,-0.1315890283688815,0.2274354750765348,933,30,108,non_circular_segmented,0.2885991482385713,0.3590245034454163
CS2_36,HF2,12,degradation_pearson,30,1000,0.0472261112194834,-0.0164011841310443,0.1674030304493691,933,1000,0.07127290655156218,-0.023391040439323933,0.18372752874715156,933,30,108,non_circular_segmented,0.1838042145804134,0.2071185691864755
CS2_36,HF2,12,degradation_spearman,30,1000,0.1807639934861697,-0.0210972719108317,0.3461711944882732,933,1000,0.1269799709963076,-0.03880027244221239,0.24799908240274376,933,30,108,non_circular_segmented,0.36726846639910493,0.28679935484495617
CS2_36,HF2,12,partial_pearson_controlling_SOH,30,1000,-0.0841088035152919,-0.2841659271658072,0.0303368945742123,933,1000,0.11887483754691534,-0.02682673807136321,0.2976752375065389,933,30,108,non_circular_segmented,0.3145028217400195,0.3245019755779021
CS2_36,HF3,12,degradation_pearson,10,1000,0.1231569562134462,-0.0437875591403444,0.3701946846062758,932,1000,0.07425309912217906,-0.1968217460625287,0.20017924949918764,932,31,108,non_circular_segmented,0.4139822437466202,0.3970009955617163
CS2_36,HF3,12,degradation_spearman,10,1000,-0.2003793915283898,-0.3436340948363081,-0.0605003095597921,932,1000,-0.25677644622230394,-0.38176903149102004,-0.12736264128782793,932,31,108,non_circular_segmented,0.283133785276516,0.2544063902031921
CS2_36,HF3,12,partial_pearson_controlling_SOH,10,1000,-0.1215096725918285,-0.4453732230554312,-0.0010972110236659,932,1000,-0.12306262600766504,-0.26592199180991394,-0.004931944221125196,932,31,108,non_circular_segmented,0.4442760120317653,0.26099004758878874
CS2_36,HF3,12,degradation_pearson,20,1000,0.1250831789048558,-0.0695477321846955,0.3908313706080212,932,1000,0.044316121628815854,-0.3307664853138841,0.21282529471305955,932,31,108,non_circular_segmented,0.4603791027927167,0.5435917800269436
CS2_36,HF3,12,degradation_spearman,20,1000,-0.1993217177179735,-0.3454837964485514,-0.0490981919596918,932,1000,-0.2285115195372033,-0.3605040759810199,-0.07784293182306538,932,31,108,non_circular_segmented,0.2963856044888596,0.2826611441579545
CS2_36,HF3,12,partial_pearson_controlling_SOH,20,1000,-0.1224063882148077,-0.5254353080088281,-0.0198565461012076,932,1000,-0.16945861682595328,-0.24439153578470318,-0.0033721408516289523,932,31,108,non_circular_segmented,0.5055787619076205,0.24101939493307423
CS2_36,HF3,12,degradation_pearson,30,1000,0.1223119979865052,-0.0563387701438737,0.3753837983477672,932,1000,0.04264681149268623,-0.3304544445198199,0.22801826622758106,932,31,108,non_circular_segmented,0.4317225684916409,0.558472710747401
CS2_36,HF3,12,degradation_spearman,30,1000,-0.1977656447469567,-0.3444774110856094,-0.012105026430807,932,1000,-0.18595601627434688,-0.3332408677233663,0.002795543556775169,932,31,108,non_circular_segmented,0.3323723846548024,0.3360364112801415
CS2_36,HF3,12,partial_pearson_controlling_SOH,30,1000,-0.1229110269059428,-0.5173934490648635,-0.0450496790952661,932,1000,-0.19385369380750184,-0.2522161200035636,-0.004021104731666984,932,31,108,non_circular_segmented,0.4723437699695974,0.2481950152718966
CS2_36,HF4,12,degradation_pearson,10,1000,-0.05626867360961,-0.2424687148221302,0.031801151018355,607,1000,-0.030466123727040613,-0.17130799840371547,0.035972811137033066,607,40,79,non_circular_segmented,0.2742698658404852,0.20728080954074854
CS2_36,HF4,12,degradation_spearman,10,1000,-0.1428397122778575,-0.3137068308715725,0.0505372586840379,607,1000,-0.09239601088649123,-0.28867172634840993,0.11955420485916952,607,40,79,non_circular_segmented,0.3642440895556104,0.40822593120757944
CS2_36,HF4,12,partial_pearson_controlling_SOH,10,1000,-0.0316359249132319,-0.0858201962734054,0.056878128780533,607,1000,-0.03791914531900639,-0.0860633286895493,0.05544645318163546,607,40,79,non_circular_segmented,0.1426983250539384,0.14150978187118476
CS2_36,HF4,12,degradation_pearson,20,1000,-0.0520005289056504,-0.2376037535946482,0.0448155916506287,607,1000,0.016079368428335697,-0.1440808401125858,0.1614677052351733,607,40,79,non_circular_segmented,0.2824193452452769,0.3055485453477591
CS2_36,HF4,12,degradation_spearman,20,1000,-0.1357006813699854,-0.316493563260469,0.0841703634094184,607,1000,0.08387611863973428,-0.14603939421324222,0.3076599393170277,607,40,79,non_circular_segmented,0.4006639266698874,0.4536993335302699
CS2_36,HF4,12,partial_pearson_controlling_SOH,20,1000,-0.0350196501424092,-0.0843780284568661,0.0485099157562947,607,1000,-0.0005009223937699123,-0.09589482189644778,0.1386971427461532,607,40,79,non_circular_segmented,0.1328879442131608,0.23459196464260096
CS2_36,HF4,12,degradation_pearson,30,1000,-0.0519215390480453,-0.2407539639680403,0.0489799601326695,607,1000,0.07127084141533552,-0.09024362578907363,0.22472506789829266,607,40,79,non_circular_segmented,0.2897339241007098,0.3149686936873663
CS2_36,HF4,12,degradation_spearman,30,1000,-0.123809716221641,-0.3052312511340837,0.1312788377571907,607,1000,0.15637478301277968,-0.09598889804728021,0.37464063974216955,607,40,79,non_circular_segmented,0.4365100888912744,0.47062953778944977
CS2_36,HF4,12,partial_pearson_controlling_SOH,30,1000,-0.0361699883488865,-0.088646644155794,0.057673765233328,607,1000,0.04630096742937442,-0.09916950877277361,0.17675264793693848,607,40,79,non_circular_segmented,0.146320409389122,0.2759221567097121
CS2_36,HF5,12,degradation_pearson,10,1000,-0.0393715658467072,-0.1997999066129093,0.032865613615976,607,1000,-0.003088998661898894,-0.12590721646985562,0.05584241193556174,607,40,79,non_circular_segmented,0.23266552022888531,0.18174962840541736
CS2_36,HF5,12,degradation_spearman,10,1000,-0.0854444381279872,-0.2539540493681336,0.1040533518453436,607,1000,-0.04846512833256131,-0.21896788442926404,0.16429427617223263,607,40,79,non_circular_segmented,0.3580074012134772,0.38326216060149665
CS2_36,HF5,12,partial_pearson_controlling_SOH,10,1000,-0.068528606822826,-0.1501903996683718,-9.03191685223278e-05,607,1000,-0.11364661174361519,-0.25607670677563565,-0.07458960889917082,607,40,79,non_circular_segmented,0.15010008049984946,0.18148709787646483
CS2_36,HF5,12,degradation_pearson,20,1000,-0.0451133224567062,-0.2084671395202747,0.0482015716608383,607,1000,0.05975790940196829,-0.0771302678429884,0.22825094035312904,607,40,79,non_circular_segmented,0.256668711181113,0.30538120819611747
CS2_36,HF5,12,degradation_spearman,20,1000,-0.0806823238698777,-0.2809057547063227,0.1416887981045006,607,1000,0.1285076415993256,-0.09932297950626202,0.3662843339985591,607,40,79,non_circular_segmented,0.42259455281082325,0.4656073135048211
CS2_36,HF5,12,partial_pearson_controlling_SOH,20,1000,-0.0677789325401123,-0.1691397729362615,0.0040735995231684,607,1000,-0.20870361517214725,-0.3571416505206075,-0.09155983229149667,607,40,79,non_circular_segmented,0.17321337245942992,0.2655818182291108
CS2_36,HF5,12,degradation_pearson,30,1000,-0.0401428715912246,-0.200357829579508,0.0539258082920285,607,1000,0.14340854354012395,-0.013719104388225253,0.29875595930726795,607,40,79,non_circular_segmented,0.2542836378715365,0.3124750636954932
CS2_36,HF5,12,degradation_spearman,30,1000,-0.0619064251509756,-0.252479904576511,0.1994608982456834,607,1000,0.19315715915199116,-0.03951049334986622,0.4342611941304347,607,40,79,non_circular_segmented,0.4519408028221944,0.4737716874803009
CS2_36,HF5,12,partial_pearson_controlling_SOH,30,1000,-0.0657135865343584,-0.1599065657545402,0.0101146691177488,607,1000,-0.29317084594715265,-0.4005930484105007,-0.18094250988348817,607,40,79,non_circular_segmented,0.170021234872289,0.21965053852701252
CS2_36,HF6,12,degradation_pearson,10,1000,0.0157027818146303,-0.112681724663338,0.090745593004486,607,1000,0.05655255310706141,-0.020314703920843693,0.11567070544152552,607,40,79,non_circular_segmented,0.20342731766782401,0.13598540936236922
CS2_36,HF6,12,degradation_spearman,10,1000,0.0160980077193116,-0.1567674926038604,0.2015886806343089,607,1000,0.11256670862964191,-0.06577492674138882,0.276464193841796,607,40,79,non_circular_segmented,0.35835617323816926,0.34223912058318484
CS2_36,HF6,12,partial_pearson_controlling_SOH,10,1000,-0.1215229069382215,-0.2283081386475366,-0.0688067962950751,607,1000,-0.1405581912930364,-0.2916778681189576,-0.09485081496943204,607,40,79,non_circular_segmented,0.1595013423524615,0.19682705314952553
CS2_36,HF6,12,degradation_pearson,20,1000,0.0141421971385734,-0.1053608462691041,0.0948988392111976,607,1000,0.12248098760347079,0.01976685300293841,0.28799290691921053,607,40,79,non_circular_segmented,0.2002596854803017,0.26822605391627213
CS2_36,HF6,12,degradation_spearman,20,1000,0.0195405427726947,-0.1548644205363868,0.2297194928433348,607,1000,0.28971840582872876,0.08990731944005696,0.4730680484059339,607,40,79,non_circular_segmented,0.3845839133797216,0.38316072896587694
CS2_36,HF6,12,partial_pearson_controlling_SOH,20,1000,-0.1227311823847893,-0.2212630225783955,-0.0662055666524513,607,1000,-0.23063090815486675,-0.39610171036510594,-0.09892948769624481,607,40,79,non_circular_segmented,0.15505745592594422,0.2971722226688611
CS2_36,HF6,12,degradation_pearson,30,1000,0.0154712270809658,-0.1278403460486057,0.0981181260106574,607,1000,0.2095457328462835,0.09825869252529328,0.3272941924576139,607,40,79,non_circular_segmented,0.22595847205926312,0.22903549993232059
CS2_36,HF6,12,degradation_spearman,30,1000,0.0243085912718622,-0.1654721312055528,0.2263441088010664,607,1000,0.35466025846575544,0.1831478111209939,0.509483259827239,607,40,79,non_circular_segmented,0.3918162400066192,0.3263354487062451
CS2_36,HF6,12,partial_pearson_controlling_SOH,30,1000,-0.1217737182273947,-0.2239921209382054,-0.0617707592290423,607,1000,-0.2829454331709654,-0.40246720627201327,-0.17499335617326003,607,40,79,non_circular_segmented,0.1622213617091631,0.22747385009875323
CS2_36,HF7,12,degradation_pearson,10,1000,-0.0943695176383949,-0.1789387031991708,-0.0288760939670984,957,1000,-0.09825660671553314,-0.20686597376303134,-0.027098519279488763,957,8,282,non_circular_segmented,0.1500626092320724,0.1797674544835426
CS2_36,HF7,12,degradation_spearman,10,1000,-0.2768036401628151,-0.3969865981112759,-0.1309811598808279,957,1000,-0.28543434582502103,-0.40034245971069193,-0.14150674963169582,957,8,282,non_circular_segmented,0.266005438230448,0.2588357100789961
CS2_36,HF7,12,partial_pearson_controlling_SOH,10,1000,0.5243007596071974,0.2181544653000763,0.7496863966454433,957,1000,0.3964502904016496,0.21283010141290515,0.6513535101194527,957,8,282,non_circular_segmented,0.531531931345367,0.4385234087065476
CS2_36,HF7,12,degradation_pearson,20,1000,-0.0949203936045606,-0.2144907961441388,-0.0297259922925139,957,1000,-0.11639229781212941,-0.2561104879559057,-0.030058584755244703,957,8,282,non_circular_segmented,0.1847648038516249,0.226051903200661
CS2_36,HF7,12,degradation_spearman,20,1000,-0.2626273647273906,-0.4176407486316579,-0.0971417119787975,957,1000,-0.2703053586759584,-0.4137435733876968,-0.10793111426487817,957,8,282,non_circular_segmented,0.3204990366528604,0.3058124591228186
CS2_36,HF7,12,partial_pearson_controlling_SOH,20,1000,0.5312609706402336,0.2795669490834182,0.7475880095111775,957,1000,0.4125464855979577,0.2448557404112594,0.6016330456643227,957,8,282,non_circular_segmented,0.4680210604277593,0.35677730525306334
CS2_36,HF7,12,degradation_pearson,30,1000,-0.0925673104504361,-0.2010648923483823,-0.02489766313909,957,1000,-0.12411039000629542,-0.2813943779857581,-0.040043436988290236,957,8,282,non_circular_segmented,0.1761672292092923,0.24135094099746787
CS2_36,HF7,12,degradation_spearman,30,1000,-0.2553544020683129,-0.4015775095552176,-0.0824116084515574,957,1000,-0.264550687776026,-0.41260879355235325,-0.10356898850824373,957,8,282,non_circular_segmented,0.31916590110366017,0.30903980504410955
CS2_36,HF7,12,partial_pearson_controlling_SOH,30,1000,0.5245761246201024,0.3138864956045805,0.7286826537216246,957,1000,0.4423773385787998,0.2633073034301811,0.5990945265308958,957,8,282,non_circular_segmented,0.41479615811704407,0.3357872231007147
CS2_36,HF8,12,degradation_pearson,10,1000,0.0536475305241182,-0.0115239444260641,0.136547814043533,933,1000,0.0715042800512212,-0.0030626373564827526,0.17920843752460086,933,30,108,non_circular_segmented,0.1480717584695971,0.1822710748810836
CS2_36,HF8,12,degradation_spearman,10,1000,0.2110976828473637,0.0662444172641315,0.3539136778691406,933,1000,0.24604199428071705,0.11474856295966428,0.3741915489711971,933,30,108,non_circular_segmented,0.2876692606050091,0.2594429860115328
CS2_36,HF8,12,partial_pearson_controlling_SOH,10,1000,-0.0946841995586253,-0.2386799822628894,0.0177687745213041,933,1000,-0.08333241434115674,-0.24432609788032503,0.05805014726129694,933,30,108,non_circular_segmented,0.2564487567841935,0.302376245141622
CS2_36,HF8,12,degradation_pearson,20,1000,0.0538940786445628,-0.008182251375991,0.1536869632226818,933,1000,0.09872246006843818,2.4293869732092477e-05,0.2457112836817368,933,30,108,non_circular_segmented,0.1618692145986728,0.2456869898120047
CS2_36,HF8,12,degradation_spearman,20,1000,0.2110977626905432,0.0359878134179643,0.3544455043327466,933,1000,0.21529962446265866,0.0649165855961984,0.34790878188672303,933,30,108,non_circular_segmented,0.31845769091478227,0.28299219629052463
CS2_36,HF8,12,partial_pearson_controlling_SOH,20,1000,-0.1022137905211679,-0.2642408485970345,0.0196412062128539,933,1000,0.047168794594835604,-0.1532633393674889,0.20536035423475874,933,30,108,non_circular_segmented,0.28388205480988843,0.35862369360224766
CS2_36,HF8,12,degradation_pearson,30,1000,0.0511013868619024,-0.0162937231534059,0.1739884131740044,933,1000,0.09133521540794241,-0.012419491092647101,0.2228314186457486,933,30,108,non_circular_segmented,0.1902821363274103,0.23525090973839569
CS2_36,HF8,12,degradation_spearman,30,1000,0.2022650386186503,-0.0096130120515208,0.3631948735506302,933,1000,0.15811672741604377,-0.005135296453401623,0.2679590886607229,933,30,108,non_circular_segmented,0.372807885602151,0.2730943851141245
CS2_36,HF8,12,partial_pearson_controlling_SOH,30,1000,-0.0989312967590722,-0.294052204233598,0.0219259586697225,933,1000,0.10275921541591468,-0.026261659024007015,0.26665479523537605,933,30,108,non_circular_segmented,0.31597816290332054,0.29291645425938306
CS2_36,HF1,16,degradation_pearson,10,1000,-0.1304481557707841,-0.2307945423408318,-0.0557560284951104,953,1000,-0.13795563219211615,-0.26691040232866536,-0.053099246046202475,953,8,278,non_circular_segmented,0.1750385138457214,0.2138111562824629
CS2_36,HF1,16,degradation_spearman,10,1000,-0.3358450881289549,-0.4631044087970212,-0.201242483028874,953,1000,-0.3433298562327432,-0.461190406867187,-0.19410890121199542,953,8,278,non_circular_segmented,0.2618619257681472,0.26708150565519156
CS2_36,HF1,16,partial_pearson_controlling_SOH,10,1000,0.5335196173332382,0.2090153317314929,0.753707271430393,953,1000,0.4446217107835364,0.24248842704501777,0.6537105876108166,953,8,278,non_circular_segmented,0.5446919396989001,0.4112221605657988
CS2_36,HF1,16,degradation_pearson,20,1000,-0.130215947271972,-0.2378212159862731,-0.0516125711380855,953,1000,-0.15468154393404743,-0.31563803243161204,-0.049463964609244314,953,8,278,non_circular_segmented,0.1862086448481876,0.26617406782236774
CS2_36,HF1,16,degradation_spearman,20,1000,-0.3346738230603361,-0.4758775786757352,-0.1656790084867861,953,1000,-0.33048744073197156,-0.4776982181378747,-0.151992799678092,953,8,278,non_circular_segmented,0.31019857018894914,0.32570541845978274
CS2_36,HF1,16,partial_pearson_controlling_SOH,20,1000,0.5411380930324312,0.2632266859260282,0.7367112289374205,953,1000,0.4208232177143437,0.26547908499954315,0.6061139572262028,953,8,278,non_circular_segmented,0.47348454301139226,0.3406348722266596
CS2_36,HF1,16,degradation_pearson,30,1000,-0.1322573078745907,-0.2598148151503677,-0.0481131410647273,953,1000,-0.16764857767112146,-0.33368250419072,-0.05638913619150177,953,8,278,non_circular_segmented,0.2117016740856404,0.2772933679992182
CS2_36,HF1,16,degradation_spearman,30,1000,-0.3261661567868164,-0.4688599145343035,-0.1461917427679378,953,1000,-0.3266918063011938,-0.4730051698094037,-0.1490186319447187,953,8,278,non_circular_segmented,0.32266817176636564,0.323986537864685
CS2_36,HF1,16,partial_pearson_controlling_SOH,30,1000,0.5308515700489029,0.323893491542776,0.7363744868361463,953,1000,0.4427954964753943,0.2793572670368249,0.6096106462206986,953,8,278,non_circular_segmented,0.41248099529337023,0.3302533791838737
CS2_36,HF2,16,degradation_pearson,10,1000,0.0854841855364702,0.0180045034366958,0.1746321778088511,929,1000,0.09592773234789696,0.021612668366397917,0.18266646210225548,929,29,108,non_circular_segmented,0.1566276743721553,0.16105379373585757
CS2_36,HF2,16,degradation_spearman,10,1000,0.2631557749526361,0.1189317768235953,0.4020426499952169,929,1000,0.2988718592569019,0.15951528858773864,0.41602802730578914,929,29,108,non_circular_segmented,0.2831108731716216,0.25651273871805047
CS2_36,HF2,16,partial_pearson_controlling_SOH,10,1000,-0.1037098017275545,-0.2432363060189351,0.0186626129249525,929,1000,-0.10302694801588416,-0.2567084778045022,0.025726217163149913,929,29,108,non_circular_segmented,0.2618989189438876,0.2824346949676521
CS2_36,HF2,16,degradation_pearson,20,1000,0.0866222304511119,0.0109009679315013,0.1897485241404683,929,1000,0.13550739478689014,0.025429501870083557,0.2672694000013273,929,29,108,non_circular_segmented,0.178847556208967,0.24183989813124376
CS2_36,HF2,16,degradation_spearman,20,1000,0.2591081560880065,0.0873038863606369,0.4061877671757196,929,1000,0.2679643570828217,0.10904140748946493,0.39690054799055424,929,29,108,non_circular_segmented,0.3188838808150827,0.2878591405010893
CS2_36,HF2,16,partial_pearson_controlling_SOH,20,1000,-0.100267046119905,-0.2667164151105899,0.0275396915985873,929,1000,0.04938607925840065,-0.1173137553874975,0.24390901219829814,929,29,108,non_circular_segmented,0.29425610670917723,0.36122276758579563
CS2_36,HF2,16,degradation_pearson,30,1000,0.0862131307805535,0.0120256903057555,0.1990429198357883,929,1000,0.116026727828099,0.018291658071195482,0.2308772778679198,929,29,108,non_circular_segmented,0.1870172295300328,0.21258561979672433
CS2_36,HF2,16,degradation_spearman,30,1000,0.2558878416713832,0.0484214476338841,0.4100604274039583,929,1000,0.20624308652096804,0.04190461478084233,0.3333991636256949,929,29,108,non_circular_segmented,0.3616389797700742,0.29149454884485254
CS2_36,HF2,16,partial_pearson_controlling_SOH,30,1000,-0.1030760434683955,-0.3056924668296538,0.0252372840341889,929,1000,0.11947611910795394,-0.02523741162854528,0.2955535563449158,929,29,108,non_circular_segmented,0.3309297508638427,0.32079096797346107
CS2_36,HF3,16,degradation_pearson,10,1000,0.1146714330156231,-0.0729566976300174,0.3619650849533307,928,1000,0.077732521303219,-0.2142075900053881,0.17061226301467813,928,30,108,non_circular_segmented,0.43492178258334807,0.38481985302006627
CS2_36,HF3,16,degradation_spearman,10,1000,-0.2818425389856116,-0.4017320166202464,-0.1431139016917771,928,1000,-0.3298038194874103,-0.4382056777575238,-0.20411805347688358,928,30,108,non_circular_segmented,0.2586181149284693,0.2340876242806402
CS2_36,HF3,16,partial_pearson_controlling_SOH,10,1000,-0.1240979925192796,-0.471513920111525,-0.0080712576898399,928,1000,-0.11163093175206801,-0.23970812126543567,-0.018545380044168336,928,30,108,non_circular_segmented,0.4634426624216851,0.22116274122126733
CS2_36,HF3,16,degradation_pearson,20,1000,0.123249649848214,-0.069414562376656,0.3716699143267372,928,1000,0.026116759590121358,-0.35975637857988135,0.2204150461934973,928,30,108,non_circular_segmented,0.4410844767033932,0.5801714247733787
CS2_36,HF3,16,degradation_spearman,20,1000,-0.2651741629534272,-0.4114870852512508,-0.097163458281086,928,1000,-0.30125255351144253,-0.43279139358729196,-0.13622960028281095,928,30,108,non_circular_segmented,0.3143236269701648,0.296561793304481
CS2_36,HF3,16,partial_pearson_controlling_SOH,20,1000,-0.1272133207994626,-0.5014085957358577,-0.015331716347035,928,1000,-0.19526382027843195,-0.2689685028362917,-0.026020533545242898,928,30,108,non_circular_segmented,0.4860768793888227,0.2429479692910488
CS2_36,HF3,16,degradation_pearson,30,1000,0.1178581931698553,-0.0904834150832576,0.3642219782358159,928,1000,0.013826244563068382,-0.37147761804378127,0.22824466994408793,928,30,108,non_circular_segmented,0.45470539331907356,0.5997222879878692
CS2_36,HF3,16,degradation_spearman,30,1000,-0.2677505315100335,-0.4183313680031773,-0.087081060083135,928,1000,-0.2593224653731505,-0.4000941355576984,-0.06335292564745205,928,30,108,non_circular_segmented,0.3312503079200423,0.33674120991024636
CS2_36,HF3,16,partial_pearson_controlling_SOH,30,1000,-0.1277692482792289,-0.5481248009782664,-0.041119822502077,928,1000,-0.20255312090171618,-0.27439240843151075,-0.03423952970392387,928,30,108,non_circular_segmented,0.5070049784761894,0.2401528787275869
CS2_36,HF4,16,degradation_pearson,10,1000,-0.0899708760405129,-0.2884223812612803,0.0200494297706567,608,1000,-0.06422837238075452,-0.2121837753857197,0.021493689203765567,608,40,79,non_circular_segmented,0.308471811031937,0.23367746458948527
CS2_36,HF4,16,degradation_spearman,10,1000,-0.1802470601154808,-0.3729939973620155,0.0303498247131112,608,1000,-0.17547086265837164,-0.387404880781482,0.06703497627210224,608,40,79,non_circular_segmented,0.4033438220751267,0.45443985705358425
CS2_36,HF4,16,partial_pearson_controlling_SOH,10,1000,0.0197198836183881,-0.0729966446381676,0.1685125199201148,608,1000,0.042578480627728454,-0.03929414049118359,0.19291513651435485,608,40,79,non_circular_segmented,0.2415091645582824,0.23220927700553845
CS2_36,HF4,16,degradation_pearson,20,1000,-0.0963288912506873,-0.3279933021725817,0.0357280705333145,608,1000,-0.011688586725214644,-0.21743903432413086,0.17116615089590487,608,40,79,non_circular_segmented,0.3637213727058962,0.38860518522003573
CS2_36,HF4,16,degradation_spearman,20,1000,-0.1796077803062869,-0.3754544387856264,0.0702022920871828,608,1000,0.01934798670289679,-0.23803382588176306,0.28872315505709956,608,40,79,non_circular_segmented,0.4456567308728092,0.5267569809388626
CS2_36,HF4,16,partial_pearson_controlling_SOH,20,1000,0.0239957726644263,-0.0761506373904259,0.1655676070649259,608,1000,0.07109383296796262,-0.05179279294584101,0.20598797672074054,608,40,79,non_circular_segmented,0.24171824445535178,0.25778076966658153
CS2_36,HF4,16,degradation_pearson,30,1000,-0.0883093523353332,-0.3118522115760936,0.0326892842050249,608,1000,0.04332613640451708,-0.12200338314464762,0.21266668784523735,608,40,79,non_circular_segmented,0.3445414957811185,0.334670070989885
CS2_36,HF4,16,degradation_spearman,30,1000,-0.1732108113350957,-0.3621068692247953,0.0636810308930244,608,1000,0.0696677446863764,-0.19908363465626866,0.3448514958512648,608,40,79,non_circular_segmented,0.4257879001178197,0.5439351305075335
CS2_36,HF4,16,partial_pearson_controlling_SOH,30,1000,0.0208781959446298,-0.0712957293563052,0.1575815346788245,608,1000,0.09128510292800796,-0.04713857844156439,0.21202272438096642,608,40,79,non_circular_segmented,0.2288772640351297,0.2591613028225308
CS2_36,HF5,16,degradation_pearson,10,1000,-0.088391862735588,-0.2918370290518085,0.0224499602685224,608,1000,-0.05321404321229453,-0.18767907865338354,0.030689933484858142,608,40,79,non_circular_segmented,0.31428698932033095,0.21836901213824167
CS2_36,HF5,16,degradation_spearman,10,1000,-0.1422483258424418,-0.3264637621696672,0.0855722660590267,608,1000,-0.12181940985528943,-0.3417761975983163,0.11015646485833805,608,40,79,non_circular_segmented,0.4120360282286939,0.4519326624566543
CS2_36,HF5,16,partial_pearson_controlling_SOH,10,1000,-0.0088186417515337,-0.1312706799190774,0.1031613801954359,608,1000,-0.029604059127312107,-0.2015809500855566,0.07793870340059612,608,40,79,non_circular_segmented,0.23443206011451329,0.2795196534861527
CS2_36,HF5,16,degradation_pearson,20,1000,-0.0861002482239024,-0.2758113399154034,0.0386512595134393,608,1000,0.04403428605858173,-0.16156973848699074,0.23301294184947705,608,40,79,non_circular_segmented,0.3144625994288427,0.3945826803364678
CS2_36,HF5,16,degradation_spearman,20,1000,-0.1293112672808452,-0.3348065931346067,0.1238313084830396,608,1000,0.0610987881607027,-0.21966711463687721,0.37900827990817526,608,40,79,non_circular_segmented,0.4586379016176463,0.5986753945450525
CS2_36,HF5,16,partial_pearson_controlling_SOH,20,1000,-0.0114924584655971,-0.1507676137871217,0.0956520756221216,608,1000,-0.2052341394356324,-0.31338081380552985,-0.032380928414206187,608,40,79,non_circular_segmented,0.2464196894092433,0.28099988539132364
CS2_36,HF5,16,degradation_pearson,30,1000,-0.0844411649463865,-0.2828082258210437,0.0333152882436931,608,1000,0.12184790758110634,-0.05465617747384015,0.2966661502784997,608,40,79,non_circular_segmented,0.3161235140647368,0.35132232775233985
CS2_36,HF5,16,degradation_spearman,30,1000,-0.1182889289319761,-0.3374578453626334,0.141440460314514,608,1000,0.12114826440926185,-0.1702368556399572,0.4115653069806864,608,40,79,non_circular_segmented,0.4788983056771474,0.5818021626206435
CS2_36,HF5,16,partial_pearson_controlling_SOH,30,1000,-0.0136642537783853,-0.1599094387460409,0.0813587967458601,608,1000,-0.2543550367565356,-0.32817668945316253,-0.1866650291557803,608,40,79,non_circular_segmented,0.24126823549190102,0.14151166029738224
CS2_36,HF6,16,degradation_pearson,10,1000,-0.0372979883178272,-0.1737658239141503,0.0536645567732217,608,1000,0.0029853187338802645,-0.08192059780478624,0.08265613898973391,608,40,79,non_circular_segmented,0.22743038068737198,0.16457673679452015
CS2_36,HF6,16,degradation_spearman,10,1000,-0.0261037985310208,-0.190830036284947,0.1645851829466038,608,1000,0.03571200639646985,-0.1711504108966579,0.23427515327259163,608,40,79,non_circular_segmented,0.3554152192315508,0.4054255641692495
CS2_36,HF6,16,partial_pearson_controlling_SOH,10,1000,-0.082167818138661,-0.2301696396702756,-0.0225332690652124,608,1000,-0.0871906814954827,-0.2684904263087304,-0.023676280173751955,608,40,79,non_circular_segmented,0.20763637060506318,0.24481414613497843
CS2_36,HF6,16,degradation_pearson,20,1000,-0.0362118073058253,-0.1653862731865389,0.0560008017070156,608,1000,0.119106881743783,-0.049438927158208065,0.2820273846557029,608,40,79,non_circular_segmented,0.2213870748935545,0.33146631181391095
CS2_36,HF6,16,degradation_spearman,20,1000,-0.0209460795374129,-0.2264699862267929,0.1838867596007853,608,1000,0.23631137530736407,-0.04107408958733097,0.46516298679034385,608,40,79,non_circular_segmented,0.4103567458275782,0.5062370763776748
CS2_36,HF6,16,partial_pearson_controlling_SOH,20,1000,-0.0782080083086192,-0.2016146676073044,-0.018496215128535,608,1000,-0.2638301238937668,-0.3774060560687719,-0.07672645947470823,608,40,79,non_circular_segmented,0.1831184524787694,0.3006795965940637
CS2_36,HF6,16,degradation_pearson,30,1000,-0.0405843530327932,-0.1847985132278091,0.0626482860843724,608,1000,0.20791944790265682,0.0751730628163099,0.3399947774233947,608,40,79,non_circular_segmented,0.2474467993121815,0.2648217146070848
CS2_36,HF6,16,degradation_spearman,30,1000,-0.0176886275930146,-0.2195283942391561,0.2144065179862423,608,1000,0.30549904572125497,0.08191355767439525,0.5020203567792384,608,40,79,non_circular_segmented,0.4339349122253984,0.42010679910484316
CS2_36,HF6,16,partial_pearson_controlling_SOH,30,1000,-0.0825331019449007,-0.2189992180358859,-0.0125752598051171,608,1000,-0.3087725873552746,-0.39592131458416685,-0.20800816749886322,608,40,79,non_circular_segmented,0.2064239582307688,0.18791314708530363
CS2_36,HF7,16,degradation_pearson,10,1000,-0.1284912844898076,-0.2240298377083306,-0.0552029001392785,953,1000,-0.13437377869054384,-0.2551043825623113,-0.049744356345292916,953,8,278,non_circular_segmented,0.1688269375690521,0.2053600262170184
CS2_36,HF7,16,degradation_spearman,10,1000,-0.3328441998094412,-0.4558307988563499,-0.1965250553595342,953,1000,-0.33746874407103594,-0.45867680288215873,-0.1888188711696191,953,8,278,non_circular_segmented,0.2593057434968157,0.26985793171253963
CS2_36,HF7,16,partial_pearson_controlling_SOH,10,1000,0.5320143317150615,0.2240647442134072,0.7384128233926296,953,1000,0.4425640454709564,0.23730223699117073,0.6575480807709897,953,8,278,non_circular_segmented,0.5143480791792224,0.420245843779819
CS2_36,HF7,16,degradation_pearson,20,1000,-0.126717965196284,-0.233685216914416,-0.0485969338029773,953,1000,-0.15079289893188957,-0.32749245385831693,-0.04362525138460711,953,8,278,non_circular_segmented,0.18508828311143868,0.28386720247370983
CS2_36,HF7,16,degradation_spearman,20,1000,-0.3276801728339437,-0.4729396197797563,-0.1448290980271943,953,1000,-0.3263786062695697,-0.4730266243874927,-0.14188289886636118,953,8,278,non_circular_segmented,0.328110521752562,0.3311437255211315
CS2_36,HF7,16,partial_pearson_controlling_SOH,20,1000,0.5296552806784212,0.2959492965524656,0.7303862442321647,953,1000,0.41351237815370445,0.24525855025086815,0.606067227134409,953,8,278,non_circular_segmented,0.4344369476796991,0.3608086768835408
CS2_36,HF7,16,degradation_pearson,30,1000,-0.1297649662218448,-0.2482441066649721,-0.0444700108731341,953,1000,-0.17249665891955981,-0.3435428599845596,-0.052826236089213253,953,8,278,non_circular_segmented,0.203774095791838,0.2907166238953463
CS2_36,HF7,16,degradation_spearman,30,1000,-0.3222250365905414,-0.471047688842463,-0.1229948196317994,953,1000,-0.32845515279900167,-0.47886384427752626,-0.14667391953636322,953,8,278,non_circular_segmented,0.3480528692106636,0.33218992474116305
CS2_36,HF7,16,partial_pearson_controlling_SOH,30,1000,0.5277489160111937,0.3100775655574637,0.7263977438424265,953,1000,0.4371672742807378,0.2703932702465306,0.6011037182021697,953,8,278,non_circular_segmented,0.4163201782849628,0.3307104479556391
CS2_36,HF8,16,degradation_pearson,10,1000,0.0929304019510215,0.0175637268870083,0.1869082380632926,929,1000,0.10789172027988589,0.028891008243871107,0.19735231444222395,929,29,108,non_circular_segmented,0.1693445111762843,0.16846130619835284
CS2_36,HF8,16,degradation_spearman,10,1000,0.2893849256175997,0.1453418759877056,0.4237682287163423,929,1000,0.3297390721682691,0.2031535680905243,0.4477291799954068,929,29,108,non_circular_segmented,0.2784263527286367,0.2445756119048825
CS2_36,HF8,16,partial_pearson_controlling_SOH,10,1000,-0.1151480966625468,-0.2684092383523394,0.0245732341200336,929,1000,-0.12599963420498078,-0.30432823666010533,0.030670617571522795,929,29,108,non_circular_segmented,0.29298247247237297,0.3349988542316281
CS2_36,HF8,16,degradation_pearson,20,1000,0.0933654045141729,0.0159071801304089,0.2026459772327206,929,1000,0.15482816817867942,0.04419005615773314,0.29140585530657004,929,29,108,non_circular_segmented,0.1867387971023117,0.2472157991488369
CS2_36,HF8,16,degradation_spearman,20,1000,0.2876952542308321,0.1055380554578221,0.43806363180298,929,1000,0.30152494976215927,0.1353377640411342,0.4206529375729712,929,29,108,non_circular_segmented,0.3325255763451579,0.285315173531837
CS2_36,HF8,16,partial_pearson_controlling_SOH,20,1000,-0.1214578178359489,-0.3044847883460345,0.0194190293460483,929,1000,0.03295241392105179,-0.14461015205583544,0.21193857190389967,929,29,108,non_circular_segmented,0.32390381769208276,0.35654872395973514
CS2_36,HF8,16,degradation_pearson,30,1000,0.0928864589539205,0.0160132234351237,0.2110873666373245,929,1000,0.14694432130261076,0.03235360769824448,0.26256319389385574,929,29,108,non_circular_segmented,0.1950741432022008,0.23020958619561127
CS2_36,HF8,16,degradation_spearman,30,1000,0.2744701502849684,0.0697034359872258,0.4351480666128587,929,1000,0.24416482161980443,0.09339714712416586,0.35097600633974924,929,29,108,non_circular_segmented,0.3654446306256329,0.2575788592155834
CS2_36,HF8,16,partial_pearson_controlling_SOH,30,1000,-0.1239440695259699,-0.3267501036727442,0.0119422149420108,929,1000,0.10460002761301351,-0.045582615929712765,0.2736638275049526,929,29,108,non_circular_segmented,0.338692318614755,0.31924644343466535
CS2_36,HF1,24,degradation_pearson,10,1000,-0.196853834421713,-0.3284589243645232,-0.1038670340878172,945,1000,-0.20869150211939913,-0.3550952580457402,-0.10434550442041213,945,8,270,non_circular_segmented,0.22459189027670598,0.2507497536253281
CS2_36,HF1,24,degradation_spearman,10,1000,-0.4342961611861404,-0.5568283970997496,-0.2810013902383956,945,1000,-0.4333248337920721,-0.5594119769674021,-0.2891749169914744,945,8,270,non_circular_segmented,0.27582700686135403,0.2702370599759277
CS2_36,HF1,24,partial_pearson_controlling_SOH,10,1000,0.5165242987911939,0.2299223907433883,0.7478058390832809,945,1000,0.4582433538257139,0.22511527409474213,0.6680264053237442,945,8,270,non_circular_segmented,0.5178834483398926,0.4429111312290021
CS2_36,HF1,24,degradation_pearson,20,1000,-0.1927780898113466,-0.3356029838303198,-0.0852806588938985,945,1000,-0.22381232698577974,-0.39965879675468596,-0.09123035017870393,945,8,270,non_circular_segmented,0.25032232493642126,0.308428446575982
CS2_36,HF1,24,degradation_spearman,20,1000,-0.4354477941791358,-0.5843470469351641,-0.2191621545271876,945,1000,-0.4362927724200502,-0.5891465437368049,-0.2343136201406981,945,8,270,non_circular_segmented,0.3651848924079766,0.35483292359610674
CS2_36,HF1,24,partial_pearson_controlling_SOH,20,1000,0.5205511621054526,0.2038102196182527,0.7482466114211362,945,1000,0.40335717702970786,0.21336871653892867,0.632884094393778,945,8,270,non_circular_segmented,0.5444363918028835,0.4195153778548494
CS2_36,HF1,24,degradation_pearson,30,1000,-0.1963043542709182,-0.3348590474223591,-0.0769368604601948,945,1000,-0.2383704527512044,-0.4252260424214708,-0.10088597384403626,945,8,270,non_circular_segmented,0.2579221869621643,0.3243400685774345
CS2_36,HF1,24,degradation_spearman,30,1000,-0.4310288700674511,-0.582175894134637,-0.204846175685919,945,1000,-0.4377827056782979,-0.5873084273585805,-0.22595787469526257,945,8,270,non_circular_segmented,0.377329718448718,0.3613505526633179
CS2_36,HF1,24,partial_pearson_controlling_SOH,30,1000,0.5261504068968084,0.2727839935260659,0.7318295622405471,945,1000,0.3973602017766864,0.2076230273677713,0.5907885649113698,945,8,270,non_circular_segmented,0.45904556871448116,0.3831655375435985
CS2_36,HF2,24,degradation_pearson,10,1000,0.1306717389690469,0.0469728020257008,0.2351266290755825,922,1000,0.14381974912093656,0.0673841594173846,0.24747497100339594,922,29,108,non_circular_segmented,0.1881538270498817,0.18009081158601134
CS2_36,HF2,24,degradation_spearman,10,1000,0.3703745025849533,0.2174144084755224,0.4917036645013236,922,1000,0.3988740732189656,0.25091235243585186,0.5057275097354639,922,29,108,non_circular_segmented,0.2742892560258012,0.254815157299612
CS2_36,HF2,24,partial_pearson_controlling_SOH,10,1000,-0.1071840869716522,-0.2364871224391343,0.0343560497787824,922,1000,-0.11736551669661541,-0.29362575512592537,0.038337773644576495,922,29,108,non_circular_segmented,0.2708431722179167,0.33196352877050184
CS2_36,HF2,24,degradation_pearson,20,1000,0.1299649913382086,0.0268654482255237,0.2483251118210566,922,1000,0.19704555283253006,0.08472351825687036,0.34659014603066796,922,29,108,non_circular_segmented,0.2214596635955329,0.2618666277737976
CS2_36,HF2,24,degradation_spearman,20,1000,0.3686241255173869,0.1535857849804311,0.5221888295233266,922,1000,0.38594231363879994,0.20070508822749586,0.5090427577601108,922,29,108,non_circular_segmented,0.3686030445428955,0.3083376695326149
CS2_36,HF2,24,partial_pearson_controlling_SOH,20,1000,-0.1054429104541081,-0.2715682981178044,0.0443388884120433,922,1000,-0.0023334916731768203,-0.16428314865207327,0.19215355861572803,922,29,108,non_circular_segmented,0.3159071865298477,0.3564367072678013
CS2_36,HF2,24,degradation_pearson,30,1000,0.1291042800480349,0.0174425999199485,0.2607513655798907,922,1000,0.19656178677960362,0.06576862721167007,0.3523256534320382,922,29,108,non_circular_segmented,0.2433087656599422,0.28655702622036816
CS2_36,HF2,24,degradation_spearman,30,1000,0.3594586014796391,0.1426825140016113,0.5158981978835689,922,1000,0.33126597898192767,0.12531795715461977,0.47067682025970925,922,29,108,non_circular_segmented,0.37321568388195764,0.34535886310508945
CS2_36,HF2,24,partial_pearson_controlling_SOH,30,1000,-0.1140520353228124,-0.2885722316583355,0.0623470377339414,922,1000,0.09787264519969466,-0.015227166314926802,0.25632170225282125,922,29,108,non_circular_segmented,0.3509192693922769,0.27154886856774807
CS2_36,HF3,24,degradation_pearson,10,1000,0.0934185839311765,-0.1106751270489879,0.322102695238501,921,1000,0.06034748422199249,-0.2353969025332832,0.15543757551605208,921,30,108,non_circular_segmented,0.4327778222874889,0.39083447804933524
CS2_36,HF3,24,degradation_spearman,10,1000,-0.3829127637297514,-0.4959761687528046,-0.2443787621770481,921,1000,-0.42256142639842104,-0.5325291579884955,-0.2928649448229979,921,30,108,non_circular_segmented,0.25159740657575647,0.23966421316549763
CS2_36,HF3,24,partial_pearson_controlling_SOH,10,1000,-0.1225416195137324,-0.4499931595889871,-0.0079431937838724,921,1000,-0.10689625543928234,-0.2815874530976647,-0.008754348528991741,921,30,108,non_circular_segmented,0.4420499658051147,0.27283310456867294
CS2_36,HF3,24,degradation_pearson,20,1000,0.1039364058962401,-0.0803303609493008,0.3263270700091915,921,1000,-0.0031775356775953162,-0.411257418562714,0.14348102997428952,921,30,108,non_circular_segmented,0.40665743095849227,0.5547384485370035
CS2_36,HF3,24,degradation_spearman,20,1000,-0.3801910881958351,-0.5145365737653786,-0.1925559227642408,921,1000,-0.4205982327388941,-0.5487415116183202,-0.24406013168059684,921,30,108,non_circular_segmented,0.3219806510011378,0.3046813799377234
CS2_36,HF3,24,partial_pearson_controlling_SOH,20,1000,-0.1273688241065393,-0.5130784502313409,-0.0260652713222187,921,1000,-0.127284458986479,-0.23814242791209636,0.0038904999818944516,921,30,108,non_circular_segmented,0.4870131789091222,0.2420329278939908
CS2_36,HF3,24,degradation_pearson,30,1000,0.1008373642674426,-0.1855498330643685,0.3205461134211202,921,1000,-0.07807802509502995,-0.48588972444943934,0.15003065026074716,921,30,108,non_circular_segmented,0.5060959464854887,0.6359203747101865
CS2_36,HF3,24,degradation_spearman,30,1000,-0.383692690983076,-0.5290711732663711,-0.1463562682583534,921,1000,-0.38589651801576297,-0.5290146948989497,-0.16131923681800414,921,30,108,non_circular_segmented,0.3827149050080177,0.36769545808094556
CS2_36,HF3,24,partial_pearson_controlling_SOH,30,1000,-0.123604940664499,-0.5096145480166385,-0.0099499548585756,921,1000,-0.15389087546640023,-0.24783621470987732,0.013153478526149879,921,30,108,non_circular_segmented,0.49966459315806294,0.2609896932360272
CS2_36,HF4,24,degradation_pearson,10,1000,-0.1326727422735669,-0.3673480918600892,-0.0067533928236164,607,1000,-0.08862380837845657,-0.27766915689061156,0.019913834783711542,607,41,79,non_circular_segmented,0.3605946990364728,0.2975829916743231
CS2_36,HF4,24,degradation_spearman,10,1000,-0.2638290191531153,-0.4549991123292364,-0.0494000763874955,607,1000,-0.18283020436362524,-0.41027961622430925,0.05417917795846681,607,41,79,non_circular_segmented,0.4055990359417409,0.4644587941827761
CS2_36,HF4,24,partial_pearson_controlling_SOH,10,1000,0.0409760337540732,-0.0211809404807873,0.1331826882333523,607,1000,0.0393614076225151,-0.016068388789329164,0.1443172584989936,607,41,79,non_circular_segmented,0.1543636287141396,0.16038564728832277
CS2_36,HF4,24,degradation_pearson,20,1000,-0.1288846194301904,-0.3897679886516208,0.0139808747288729,607,1000,-0.04499289167312977,-0.2924059424738315,0.1435392604677864,607,41,79,non_circular_segmented,0.4037488633804937,0.43594520294161787
CS2_36,HF4,24,degradation_spearman,20,1000,-0.2554282316943773,-0.4788830858900073,-0.003596398682427,607,1000,-0.03635864555624666,-0.3021989261466211,0.2572737069264741,607,41,79,non_circular_segmented,0.47528668720758027,0.5594726330730952
CS2_36,HF4,24,partial_pearson_controlling_SOH,20,1000,0.0383737968539989,-0.0426722826613945,0.1410827689486298,607,1000,0.06581610620636749,-0.06081548251132873,0.233061043069876,607,41,79,non_circular_segmented,0.1837550516100243,0.2938765255812047
CS2_36,HF4,24,degradation_pearson,30,1000,-0.1358182414497666,-0.3946854352393149,0.017404282368501,607,1000,-0.0015392300510133539,-0.16572815765379761,0.1769097023893007,607,41,79,non_circular_segmented,0.4120897176078159,0.3426378600430983
CS2_36,HF4,24,degradation_spearman,30,1000,-0.2459313423847559,-0.457516184287946,0.0261913149851717,607,1000,-0.0028534741982176224,-0.2391847289009189,0.25717274633989745,607,41,79,non_circular_segmented,0.4837074992731177,0.49635747524081636
CS2_36,HF4,24,partial_pearson_controlling_SOH,30,1000,0.0368236203174061,-0.0622772503819996,0.1627296421538724,607,1000,0.07980953726313542,-0.08982434566134403,0.2127227977148443,607,41,79,non_circular_segmented,0.225006892535872,0.3025471433761884
CS2_36,HF5,24,degradation_pearson,10,1000,-0.1141522560900251,-0.3512177995320377,0.0109365783505502,607,1000,-0.06088994384482117,-0.21367048624745544,0.03654318687504665,607,41,79,non_circular_segmented,0.36215437788258786,0.2502136731225021
CS2_36,HF5,24,degradation_spearman,10,1000,-0.2051012256523142,-0.3958471209378512,0.0121969104317504,607,1000,-0.12629075303011106,-0.36188573761379317,0.1270845314783863,607,41,79,non_circular_segmented,0.4080440313696016,0.48897026909217944
CS2_36,HF5,24,partial_pearson_controlling_SOH,10,1000,-0.081893739015118,-0.2003723325030111,0.0047282136768549,607,1000,-0.08348690885745304,-0.27060856732939276,0.009687295303540998,607,41,79,non_circular_segmented,0.20510054617986598,0.28029586263293377
CS2_36,HF5,24,degradation_pearson,20,1000,-0.1127535526972612,-0.3446502582364242,0.0327627198412926,607,1000,0.007344969139864672,-0.2355340838812353,0.20581095934872948,607,41,79,non_circular_segmented,0.3774129780777168,0.4413450432299648
CS2_36,HF5,24,degradation_spearman,20,1000,-0.202418592399127,-0.3985149969991244,0.0822809577767983,607,1000,0.012301077549189993,-0.2660323896974463,0.29474960666668226,607,41,79,non_circular_segmented,0.4807959547759227,0.5607819963641285
CS2_36,HF5,24,partial_pearson_controlling_SOH,20,1000,-0.0799628587128128,-0.2241470951711534,0.0141316813725952,607,1000,-0.24659070036197664,-0.3689289154351754,-0.014498154283079996,607,41,79,non_circular_segmented,0.2382787765437486,0.35443076115209543
CS2_36,HF5,24,degradation_pearson,30,1000,-0.1108685741104308,-0.3520206248888268,0.0290411275785097,607,1000,0.06771390003646179,-0.09344994918173954,0.24115369876703127,607,41,79,non_circular_segmented,0.3810617524673365,0.33460364794877084
CS2_36,HF5,24,degradation_spearman,30,1000,-0.1862692700634591,-0.4113845976026631,0.0840847390604481,607,1000,0.03294470679545752,-0.2132396084944762,0.29873019261096556,607,41,79,non_circular_segmented,0.4954693366631112,0.5119698011054418
CS2_36,HF5,24,partial_pearson_controlling_SOH,30,1000,-0.0833715412846908,-0.2202777359150891,0.000993644003914,607,1000,-0.26834974897177866,-0.3649543597363959,-0.16372352258517023,607,41,79,non_circular_segmented,0.22127137991900309,0.20123083715122567
CS2_36,HF6,24,degradation_pearson,10,1000,-0.0398686990874969,-0.231509564927226,0.0680482486209987,607,1000,0.01141387808324791,-0.08186222355858994,0.0822575424901135,607,41,79,non_circular_segmented,0.2995578135482247,0.16411976604870343
CS2_36,HF6,24,degradation_spearman,10,1000,-0.1196775789402392,-0.2974616255763203,0.0780966063246303,607,1000,-0.001211921563391153,-0.19671204631837858,0.2117046901629471,607,41,79,non_circular_segmented,0.37555823190095056,0.4084167364813257
CS2_36,HF6,24,partial_pearson_controlling_SOH,10,1000,-0.1462595054307827,-0.2580117146781527,-0.0788680857346691,607,1000,-0.13778045914461023,-0.2800668860686475,-0.06321391383991912,607,41,79,non_circular_segmented,0.17914362894348362,0.21685297222872837
CS2_36,HF6,24,degradation_pearson,20,1000,-0.0352567640157314,-0.2524625233190097,0.0772919655144694,607,1000,0.07254285739916802,-0.09186681976321959,0.24017743893898755,607,41,79,non_circular_segmented,0.32975448883347913,0.3320442587022071
CS2_36,HF6,24,degradation_spearman,20,1000,-0.1058139964019274,-0.3207036704310025,0.1427494316866139,607,1000,0.15124633865051074,-0.08532311121950605,0.37676208576287495,607,41,79,non_circular_segmented,0.46345310211761637,0.462085196982381
CS2_36,HF6,24,partial_pearson_controlling_SOH,20,1000,-0.1427088707867154,-0.2478635553787086,-0.0751704429504642,607,1000,-0.2286998376361125,-0.34450237347461454,-0.054200563674614,607,41,79,non_circular_segmented,0.17269311242824442,0.29030180980000053
CS2_36,HF6,24,degradation_pearson,30,1000,-0.0331456540302352,-0.2148781214879834,0.0741636000450254,607,1000,0.13642787880409535,0.008296848137469713,0.2708967922615352,607,41,79,non_circular_segmented,0.2890417215330088,0.26259994412406545
CS2_36,HF6,24,degradation_spearman,30,1000,-0.104404437931947,-0.3096404550149826,0.1398808276486731,607,1000,0.21443804855135778,0.006526246112317309,0.4110141245730898,607,41,79,non_circular_segmented,0.4495212826636557,0.40448787846077244
CS2_36,HF6,24,partial_pearson_controlling_SOH,30,1000,-0.1415883069013551,-0.2536464382828302,-0.0710947243881611,607,1000,-0.25061843517967497,-0.31723505915846617,-0.1694889833591883,607,41,79,non_circular_segmented,0.18255171389466907,0.14774607579927787
CS2_36,HF7,24,degradation_pearson,10,1000,-0.19331534449623,-0.3238364015898428,-0.1063301536536264,945,1000,-0.20299338019348073,-0.32888135777954625,-0.10369329762415676,945,8,270,non_circular_segmented,0.21750624793621637,0.2251880601553895
CS2_36,HF7,24,degradation_spearman,10,1000,-0.4342535965224916,-0.5534185978743774,-0.2835623969387042,945,1000,-0.43323096139506123,-0.5480394110543652,-0.2948448227044793,945,8,270,non_circular_segmented,0.2698562009356732,0.25319458834988584
CS2_36,HF7,24,partial_pearson_controlling_SOH,10,1000,0.5188131636914843,0.219798561665537,0.7491813998546256,945,1000,0.4531876761611804,0.22627161033176685,0.6524223130435307,945,8,270,non_circular_segmented,0.5293828381890886,0.42615070271176386
CS2_36,HF7,24,degradation_pearson,20,1000,-0.1925266774794435,-0.3284870096139696,-0.088358456269214,945,1000,-0.2231921764949688,-0.4167764049588369,-0.08416150075023379,945,8,270,non_circular_segmented,0.24012855334475558,0.33261490420860307
CS2_36,HF7,24,degradation_spearman,20,1000,-0.4293978147710667,-0.5748283153256843,-0.2370829636108149,945,1000,-0.4344185335183003,-0.5679465680708148,-0.23451275676659947,945,8,270,non_circular_segmented,0.3377453517148694,0.33343381130421534
CS2_36,HF7,24,partial_pearson_controlling_SOH,20,1000,0.5187748027400774,0.2071799429989039,0.7404783435069934,945,1000,0.3919415604912618,0.19336022528745145,0.607373625384971,945,8,270,non_circular_segmented,0.5332984005080894,0.4140134000975195
CS2_36,HF7,24,degradation_pearson,30,1000,-0.187982533429365,-0.343318812494346,-0.0866865238928993,945,1000,-0.23848731797818828,-0.43950621764817066,-0.08369412386656212,945,8,270,non_circular_segmented,0.2566322886014467,0.35581209378160855
CS2_36,HF7,24,degradation_spearman,30,1000,-0.4208928089031735,-0.5815883286263768,-0.2125547081694817,945,1000,-0.4400092390885537,-0.5846828615294802,-0.21125305667183486,945,8,270,non_circular_segmented,0.3690336204568951,0.3734298048576454
CS2_36,HF7,24,partial_pearson_controlling_SOH,30,1000,0.513837280223857,0.2356441823140815,0.7318986916750143,945,1000,0.39038237096370704,0.20350643529975787,0.5691276547393613,945,8,270,non_circular_segmented,0.49625450936093285,0.36562121943960346
CS2_36,HF8,24,degradation_pearson,10,1000,0.1414970772289097,0.0505406283030607,0.2634593534006946,922,1000,0.15664787912635023,0.07746817751263442,0.27594846970099635,922,29,108,non_circular_segmented,0.2129187250976339,0.19848029218836194
CS2_36,HF8,24,degradation_spearman,10,1000,0.398983050701029,0.2427067935017733,0.5248920439800816,922,1000,0.42738287785839807,0.28942054256937133,0.5383934905789436,922,29,108,non_circular_segmented,0.28218525047830834,0.24897294800957226
CS2_36,HF8,24,partial_pearson_controlling_SOH,10,1000,-0.1234628520788072,-0.2648982813869479,0.0274686384208781,922,1000,-0.14439094194645186,-0.3231397699771575,0.0303327644442872,922,29,108,non_circular_segmented,0.292366919807826,0.35347253442144466
CS2_36,HF8,24,degradation_pearson,20,1000,0.1420378806853453,0.0401857842675007,0.2766985683725655,922,1000,0.21979931482303988,0.08988276007384448,0.3754785090421468,922,29,108,non_circular_segmented,0.23651278410506482,0.2855957489683023
CS2_36,HF8,24,degradation_spearman,20,1000,0.3957534069181478,0.2087761318875716,0.5453395707872891,922,1000,0.4220565536160258,0.23774760737827244,0.5355609303365478,922,29,108,non_circular_segmented,0.3365634388997175,0.2978133229582754
CS2_36,HF8,24,partial_pearson_controlling_SOH,20,1000,-0.1238699193997989,-0.2942468160010207,0.0439407951075,922,1000,-0.018338222205870003,-0.16819018681663414,0.15092865640506117,922,29,108,non_circular_segmented,0.3381876111085207,0.3191188432216953
CS2_36,HF8,24,degradation_pearson,30,1000,0.1397262157184247,0.0277659645409351,0.294087611719287,922,1000,0.2274230558257054,0.08234942497483665,0.37906457039713504,922,29,108,non_circular_segmented,0.2663216471783519,0.2967151454222984
CS2_36,HF8,24,degradation_spearman,30,1000,0.3876787123143728,0.1657687491544495,0.5373731995635919,922,1000,0.3780091372527353,0.16590016557205106,0.5019056947398183,922,29,108,non_circular_segmented,0.37160445040914236,0.3360055291677672
CS2_36,HF8,24,partial_pearson_controlling_SOH,30,1000,-0.1308114981791984,-0.3360640052442008,0.0359121040548085,922,1000,0.07478620727907728,-0.038452248403464735,0.21501374569438253,922,29,108,non_circular_segmented,0.3719761092990093,0.25346599409784726
CS2_36,HF1,32,degradation_pearson,10,1000,-0.2572223298414565,-0.3991563557304951,-0.1517452470040604,937,1000,-0.26959298265132875,-0.4273715518436347,-0.15849148282728245,937,8,262,non_circular_segmented,0.24741110872643474,0.2688800690163522
CS2_36,HF1,32,degradation_spearman,10,1000,-0.4807814322457377,-0.5999866551812416,-0.3366643440513459,937,1000,-0.49625987052846365,-0.601141590216575,-0.3542785896065446,937,8,262,non_circular_segmented,0.26332231112989574,0.24686300061003036
CS2_36,HF1,32,partial_pearson_controlling_SOH,10,1000,0.5159210471463807,0.2011466581794716,0.7572616769241179,937,1000,0.45213767832234897,0.21784781609520695,0.6484215268089165,937,8,262,non_circular_segmented,0.5561150187446463,0.43057371071370953
CS2_36,HF1,32,degradation_pearson,20,1000,-0.2539148077650228,-0.4121009643304656,-0.1380338914532433,937,1000,-0.2982328869266648,-0.4854182590287526,-0.15146332204646368,937,8,262,non_circular_segmented,0.2740670728772223,0.3339549369822889
CS2_36,HF1,32,degradation_spearman,20,1000,-0.475178098012337,-0.6237881508426729,-0.2834850169271307,937,1000,-0.49621459783695543,-0.6437734641418243,-0.2973347480655935,937,8,262,non_circular_segmented,0.34030313391554223,0.34643871607623083
CS2_36,HF1,32,partial_pearson_controlling_SOH,20,1000,0.528579745036116,0.2148093172609841,0.7688799956846228,937,1000,0.43122849086009873,0.23105690985556754,0.6458782100769028,937,8,262,non_circular_segmented,0.5540706784236388,0.4148213002213353
CS2_36,HF1,32,degradation_pearson,30,1000,-0.2557601962687725,-0.412961416068682,-0.1195072438241992,937,1000,-0.3102067868539218,-0.5054464055234373,-0.1433293035740324,937,8,262,non_circular_segmented,0.2934541722444828,0.36211710194940494
CS2_36,HF1,32,degradation_spearman,30,1000,-0.4755386890978732,-0.6269789341576397,-0.2369644357247572,937,1000,-0.49707233586787214,-0.6442988824328696,-0.26046507441074895,937,8,262,non_circular_segmented,0.3900144984328825,0.38383380802212064
CS2_36,HF1,32,partial_pearson_controlling_SOH,30,1000,0.5229043214441926,0.2420925383677254,0.7478391658135491,937,1000,0.3971549252930553,0.21752294055413968,0.6069858993747457,937,8,262,non_circular_segmented,0.5057466274458238,0.389462958820606
CS2_36,HF2,32,degradation_pearson,10,1000,0.1910681773148524,0.0927947060995904,0.3155989611984977,914,1000,0.1927513923242073,0.10591151395550465,0.30962549169363074,914,29,108,non_circular_segmented,0.22280425509890728,0.2037139777381261
CS2_36,HF2,32,degradation_spearman,10,1000,0.4201988959264163,0.280249817381795,0.52857088840386,914,1000,0.4285079376508373,0.28680281100239213,0.5344559877712437,914,29,108,non_circular_segmented,0.24832107102206502,0.24765317676885157
CS2_36,HF2,32,partial_pearson_controlling_SOH,10,1000,-0.1242812088270076,-0.2704072774129106,0.0399026676773283,914,1000,-0.1300557438709482,-0.2929359081735462,0.035469936164953086,914,29,108,non_circular_segmented,0.3103099450902389,0.3284058443384993
CS2_36,HF2,32,degradation_pearson,20,1000,0.1872725415844572,0.0735518212468621,0.3185491747487263,914,1000,0.22466175815307748,0.10464408262822879,0.37767375717454565,914,29,108,non_circular_segmented,0.2449973535018642,0.2730296745463169
CS2_36,HF2,32,degradation_spearman,20,1000,0.4098106990253286,0.2227566542305127,0.5438941607325062,914,1000,0.4148606617348457,0.2264294795954377,0.5484482399609583,914,29,108,non_circular_segmented,0.32113750650199346,0.3220187603655206
CS2_36,HF2,32,partial_pearson_controlling_SOH,20,1000,-0.1291636831934001,-0.2951605748207359,0.0606272060579954,914,1000,-0.039390196804765756,-0.20153556722542942,0.14441683279004827,914,29,108,non_circular_segmented,0.3557877808787313,0.34595240001547767
CS2_36,HF2,32,degradation_pearson,30,1000,0.1850565274611985,0.0538609885847101,0.3257342839852581,914,1000,0.249072466754865,0.10066074159618947,0.4002618671241601,914,29,108,non_circular_segmented,0.271873295400548,0.29960112552797064
CS2_36,HF2,32,degradation_spearman,30,1000,0.4059940425668422,0.1856940525229121,0.5525162000200085,914,1000,0.38357205203938594,0.15307740301493836,0.5278960178973835,914,29,108,non_circular_segmented,0.36682214749709635,0.37481861488244517
CS2_36,HF2,32,partial_pearson_controlling_SOH,30,1000,-0.1241101337055388,-0.3591730144465553,0.079320087591379,914,1000,0.07043214622733374,-0.07261172095036593,0.27325307861884024,914,29,108,non_circular_segmented,0.4384931020379343,0.3458647995692062
CS2_36,HF3,32,degradation_pearson,10,1000,0.0716901562443655,-0.1649082938402228,0.2870622060378406,913,1000,0.034141514026464106,-0.31187157650508623,0.12346918753904312,913,30,108,non_circular_segmented,0.45197049987806337,0.43534076404412936
CS2_36,HF3,32,degradation_spearman,10,1000,-0.4342683360501422,-0.5435131104520039,-0.2949541933742474,913,1000,-0.4551770478286934,-0.5585082384149063,-0.3109454493461662,913,30,108,non_circular_segmented,0.2485589170777565,0.24756278906874007
CS2_36,HF3,32,partial_pearson_controlling_SOH,10,1000,-0.1152208965982217,-0.4435989800777144,-0.0040051878126645,913,1000,-0.0985474930139781,-0.257460804929224,-0.0024860859437127176,913,30,108,non_circular_segmented,0.4395937922650499,0.25497471898551133
CS2_36,HF3,32,degradation_pearson,20,1000,0.0792578562500019,-0.1473448729245055,0.2848500773482779,913,1000,0.0089354471436943,-0.38721609170202914,0.12093079189727601,913,30,108,non_circular_segmented,0.4321949502727834,0.5081468835993052
CS2_36,HF3,32,degradation_spearman,20,1000,-0.4226877494207374,-0.5652569002635764,-0.2265102551623427,913,1000,-0.45425773307339223,-0.5851255944026624,-0.24956737336158186,913,30,108,non_circular_segmented,0.33874664510123376,0.3355582210410806
CS2_36,HF3,32,partial_pearson_controlling_SOH,20,1000,-0.1191871647151323,-0.4840619412582843,-0.0246373247743397,913,1000,-0.10707553548788576,-0.24810900966602642,-0.0005531487980129273,913,30,108,non_circular_segmented,0.45942461648394456,0.24755586086801348
CS2_36,HF3,32,degradation_pearson,30,1000,0.0766431555226357,-0.1608966146763311,0.2982213987419602,913,1000,-0.07284063817983343,-0.5123034140720668,0.10900601005038678,913,30,108,non_circular_segmented,0.4591180134182913,0.6213094241224536
CS2_36,HF3,32,degradation_spearman,30,1000,-0.4245058258776707,-0.577258283400704,-0.1965570318334845,913,1000,-0.430435276715887,-0.5855285082098345,-0.1794302227930035,913,30,108,non_circular_segmented,0.38070125156721946,0.406098285416831
CS2_36,HF3,32,partial_pearson_controlling_SOH,30,1000,-0.1189859234768659,-0.5384435377308332,-0.0297207420760853,913,1000,-0.13846106338811615,-0.22574343928622373,0.019359219412068744,913,30,108,non_circular_segmented,0.5087227956547479,0.24510265869829248
CS2_36,HF4,32,degradation_pearson,10,1000,-0.182303232702527,-0.4691752634831855,-0.0347260348316041,607,1000,-0.09119035498765411,-0.3593099980153251,0.03603546847094874,607,41,79,non_circular_segmented,0.4344492286515814,0.39534546648627383
CS2_36,HF4,32,degradation_spearman,10,1000,-0.3193932474451717,-0.510691879393488,-0.1038766440754903,607,1000,-0.2250332961575676,-0.4258288172434596,-0.0061805705322538615,607,41,79,non_circular_segmented,0.40681523531799774,0.41964824671120576
CS2_36,HF4,32,partial_pearson_controlling_SOH,10,1000,0.0477469052972784,-0.0452054976187915,0.1275635739364781,607,1000,0.0547842858883385,-0.007013420256900336,0.15029105182582794,607,41,79,non_circular_segmented,0.1727690715552696,0.15730447208272827
CS2_36,HF4,32,degradation_pearson,20,1000,-0.1855296578597137,-0.4784918395977711,-0.0074286973552023,607,1000,-0.050383971039423485,-0.2741446909893454,0.08469486254030223,607,41,79,non_circular_segmented,0.4710631422425688,0.35883955352964764
CS2_36,HF4,32,degradation_spearman,20,1000,-0.3117941471481568,-0.5319174975766807,-0.0499578518277413,607,1000,-0.11939167405535522,-0.3288358933162606,0.13964726760660753,607,41,79,non_circular_segmented,0.4819596457489394,0.4684831609228681
CS2_36,HF4,32,partial_pearson_controlling_SOH,20,1000,0.0445539335330617,-0.0687795680935622,0.1455735088919111,607,1000,0.04770732130146191,-0.05096435561251368,0.16953603337776885,607,41,79,non_circular_segmented,0.2143530769854733,0.22050038899028251
CS2_36,HF4,32,degradation_pearson,30,1000,-0.1729619008097537,-0.496289512087442,0.0053919545768068,607,1000,-0.07038650124474453,-0.24085563897174037,0.1094488982105634,607,41,79,non_circular_segmented,0.5016814666642487,0.35030453718230375
CS2_36,HF4,32,degradation_spearman,30,1000,-0.3145312883581087,-0.5445036464975499,-0.0082510273873565,607,1000,-0.09811103756840989,-0.3064481819749075,0.1574008256380174,607,41,79,non_circular_segmented,0.5362526191101934,0.4638490076129249
CS2_36,HF4,32,partial_pearson_controlling_SOH,30,1000,0.037854525181365,-0.0894620113937484,0.1546902981385515,607,1000,0.08019223312125137,-0.10514921336038313,0.19853324018212895,607,41,79,non_circular_segmented,0.2441523095322999,0.3036824535425121
CS2_36,HF5,32,degradation_pearson,10,1000,-0.1681371317231074,-0.4403079133901163,-0.0154887394883092,607,1000,-0.07108225124288373,-0.2839296417974036,0.04448405463578296,607,41,79,non_circular_segmented,0.4248191739018071,0.3284136964331866
CS2_36,HF5,32,degradation_spearman,10,1000,-0.2589391732343428,-0.445701148103806,-0.0286797588291204,607,1000,-0.15474144296901254,-0.3433192205874427,0.07003003273896599,607,41,79,non_circular_segmented,0.4170213892746856,0.4133492533264087
CS2_36,HF5,32,partial_pearson_controlling_SOH,10,1000,-0.0834088689582364,-0.2265169650405315,0.0318376811515816,607,1000,-0.08598693104213276,-0.3086294513037444,0.03215323385625817,607,41,79,non_circular_segmented,0.2583546461921131,0.3407826851600026
CS2_36,HF5,32,degradation_pearson,20,1000,-0.1654698222349849,-0.4394538632031927,0.0035345926955814,607,1000,-0.0021970368010096144,-0.20658193216779935,0.12725246270432594,607,41,79,non_circular_segmented,0.44298845589877406,0.3338343948721253
CS2_36,HF5,32,degradation_spearman,20,1000,-0.2491843921323834,-0.4501222481338228,0.0178266863444696,607,1000,-0.05245587696476329,-0.29119488993665843,0.20155069444198584,607,41,79,non_circular_segmented,0.4679489344782924,0.49274558437864424
CS2_36,HF5,32,partial_pearson_controlling_SOH,20,1000,-0.0803252763345369,-0.2229784728921666,0.0292232720542201,607,1000,-0.16577876017477267,-0.34318600926872367,0.013887906083841418,607,41,79,non_circular_segmented,0.2522017449463867,0.3570739153525651
CS2_36,HF5,32,degradation_pearson,30,1000,-0.1685515408736178,-0.4671018191705202,0.0154369668916404,607,1000,0.00503814105862836,-0.14972892261021442,0.1712869675069118,607,41,79,non_circular_segmented,0.4825387860621606,0.3210158901171262
CS2_36,HF5,32,degradation_spearman,30,1000,-0.2409442285944452,-0.4800532906589489,0.0759366204947825,607,1000,-0.04082517509309505,-0.24780775525176327,0.1875724226782537,607,41,79,non_circular_segmented,0.5559899111537314,0.43538017793001693
CS2_36,HF5,32,partial_pearson_controlling_SOH,30,1000,-0.0798066301288495,-0.2273023739866513,0.0210281137888352,607,1000,-0.2637226542771429,-0.3586948445614532,-0.17205007483227433,607,41,79,non_circular_segmented,0.2483304877754865,0.18664476972917884
CS2_36,HF6,32,degradation_pearson,10,1000,-0.0824738980169498,-0.2802201293057456,0.0438990357160579,607,1000,0.005157521328956621,-0.1425018966336579,0.07539349299164894,607,41,79,non_circular_segmented,0.3241191650218035,0.21789538962530683
CS2_36,HF6,32,degradation_spearman,10,1000,-0.1717850656161533,-0.3460743591827953,0.0082575570567174,607,1000,-0.05235781663265608,-0.21221946264509536,0.12739034931010926,607,41,79,non_circular_segmented,0.35433191623951266,0.3396098119552046
CS2_36,HF6,32,partial_pearson_controlling_SOH,10,1000,-0.1538832663905527,-0.2822435808719742,-0.0860408670873503,607,1000,-0.138368443622443,-0.3301610350806265,-0.05320225041441638,607,41,79,non_circular_segmented,0.1962027137846239,0.2769587846662101
CS2_36,HF6,32,degradation_pearson,20,1000,-0.0803756839905318,-0.295797588915291,0.0568830949594254,607,1000,0.036560557575184616,-0.08418831093930118,0.1480395893715379,607,41,79,non_circular_segmented,0.3526806838747164,0.2322279003108391
CS2_36,HF6,32,degradation_spearman,20,1000,-0.1679250016694324,-0.3603615949612423,0.0596511771951219,607,1000,0.0485127810510763,-0.14347751004618398,0.2544708217528477,607,41,79,non_circular_segmented,0.42001277215636423,0.39794833179903166
CS2_36,HF6,32,partial_pearson_controlling_SOH,20,1000,-0.1501106010637719,-0.2829877375002309,-0.0843728617051463,607,1000,-0.14582965186507524,-0.31517580091462283,-0.019099258325041654,607,41,79,non_circular_segmented,0.19861487579508458,0.29607654258958116
CS2_36,HF6,32,degradation_pearson,30,1000,-0.0810727303117177,-0.2965441924271385,0.062235834051358,607,1000,0.06547447052805896,-0.04380408527395669,0.1752358302166232,607,41,79,non_circular_segmented,0.3587800264784965,0.21903991549057988
CS2_36,HF6,32,degradation_spearman,30,1000,-0.1560254197153035,-0.378131664773437,0.0890655533567896,607,1000,0.11016995997173928,-0.0547591818569069,0.2928077829843421,607,41,79,non_circular_segmented,0.46719721813022663,0.34756696484124905
CS2_36,HF6,32,partial_pearson_controlling_SOH,30,1000,-0.148410614097044,-0.2704032315086616,-0.0843260417865524,607,1000,-0.22948443822867184,-0.3484208003316606,-0.09454445379656135,607,41,79,non_circular_segmented,0.18607718972210918,0.2538763465350993
CS2_36,HF7,32,degradation_pearson,10,1000,-0.2533795360208841,-0.3868677730153435,-0.1523801368820686,937,1000,-0.2720173120851662,-0.4295308854052494,-0.15650286463321486,937,8,262,non_circular_segmented,0.23448763613327486,0.2730280207720346
CS2_36,HF7,32,degradation_spearman,10,1000,-0.4837447988948504,-0.5918038672730044,-0.3549835474450918,937,1000,-0.49409597286090046,-0.5945633306742409,-0.36687463480594823,937,8,262,non_circular_segmented,0.23682031982791257,0.2276886958682927
CS2_36,HF7,32,partial_pearson_controlling_SOH,10,1000,0.5212607368083522,0.2039825042388965,0.7510823519640561,937,1000,0.4588057801057458,0.22969180309193862,0.6617353189515063,937,8,262,non_circular_segmented,0.5470998477251596,0.4320435158595677
CS2_36,HF7,32,degradation_pearson,20,1000,-0.2546233539122178,-0.3977301370627055,-0.1363729965707287,937,1000,-0.2944836187029808,-0.4841571689970775,-0.14365264390840715,937,8,262,non_circular_segmented,0.2613571404919768,0.34050452508867035
CS2_36,HF7,32,degradation_spearman,20,1000,-0.4777431561494586,-0.6211642250744962,-0.2793156479083188,937,1000,-0.49481035115122385,-0.6259153399752693,-0.30895554168007494,937,8,262,non_circular_segmented,0.3418485771661774,0.31695979829519433
CS2_36,HF7,32,partial_pearson_controlling_SOH,20,1000,0.5175221072388206,0.2445360772341931,0.7298693890665766,937,1000,0.42790677710461045,0.19980333952267817,0.6354201132014325,937,8,262,non_circular_segmented,0.4853333118323835,0.4356167736787544
CS2_36,HF7,32,degradation_pearson,30,1000,-0.2546070743938989,-0.4035336953779866,-0.1293207608862258,937,1000,-0.3067029770385853,-0.49620725114745484,-0.13758428955187987,937,8,262,non_circular_segmented,0.2742129344917608,0.35862296159557494
CS2_36,HF7,32,degradation_spearman,30,1000,-0.4763248074977756,-0.6173516905428585,-0.2463248371729804,937,1000,-0.4935796615592269,-0.6516068584493404,-0.2816052773234715,937,8,262,non_circular_segmented,0.3710268533698782,0.3700015811258689
CS2_36,HF7,32,partial_pearson_controlling_SOH,30,1000,0.5273370992862105,0.2507244951880987,0.7430843497674157,937,1000,0.38440310601415323,0.1956304255860047,0.5861881315265856,937,8,262,non_circular_segmented,0.49235985457931697,0.3905577059405808
CS2_36,HF8,32,degradation_pearson,10,1000,0.1995250812630588,0.1029465025595277,0.3447609157860982,914,1000,0.20545384368179576,0.11508387676542217,0.3186070149052561,914,29,108,non_circular_segmented,0.2418144132265705,0.20352313813983394
CS2_36,HF8,32,degradation_spearman,10,1000,0.4410802150839213,0.3017281167169283,0.5584238233152371,914,1000,0.4587091768371443,0.3253899187407461,0.5649803598642196,914,29,108,non_circular_segmented,0.2566957065983088,0.2395904411234735
CS2_36,HF8,32,partial_pearson_controlling_SOH,10,1000,-0.1356122258834056,-0.3098059642446625,0.039046124994038,914,1000,-0.14153766222601297,-0.3110336269711432,0.036999851231304795,914,29,108,non_circular_segmented,0.3488520892387005,0.34803347820244795
CS2_36,HF8,32,degradation_pearson,20,1000,0.1968843438875591,0.0853775016375792,0.3323090953616669,914,1000,0.24816451430557107,0.12762594108242983,0.3950001905757906,914,29,108,non_circular_segmented,0.2469315937240877,0.26737424949336075
CS2_36,HF8,32,degradation_spearman,20,1000,0.4364605734089162,0.2549138571026129,0.5606847990106067,914,1000,0.4522519321765861,0.27023303278938565,0.5815778015714239,914,29,108,non_circular_segmented,0.30577094190799387,0.31134476878203826
CS2_36,HF8,32,partial_pearson_controlling_SOH,20,1000,-0.1381437032112015,-0.3541664651327079,0.0645476276204946,914,1000,-0.05912885463663081,-0.2255117488623054,0.12855866248741615,914,29,108,non_circular_segmented,0.4187140927532025,0.35407041134972156
CS2_36,HF8,32,degradation_pearson,30,1000,0.1976703378300588,0.0759961884906776,0.339821829982087,914,1000,0.27700804122167766,0.12072814829619934,0.4434223031781263,914,29,108,non_circular_segmented,0.2638256414914094,0.322694154881927
CS2_36,HF8,32,degradation_spearman,30,1000,0.4389519357536054,0.2256629437844988,0.5736250294003712,914,1000,0.43049113122304355,0.20283100514973776,0.5600600534912498,914,29,108,non_circular_segmented,0.3479620856158724,0.35722904834151203
CS2_36,HF8,32,partial_pearson_controlling_SOH,30,1000,-0.1378909746379057,-0.3635021796647664,0.0608091821549575,914,1000,0.05461114306685553,-0.1048861482695309,0.22026623402397216,914,29,108,non_circular_segmented,0.4243113618197239,0.3251523822935031
CS2_36,HF1,48,degradation_pearson,10,1000,-0.3803487776799014,-0.5299207099844282,-0.2573932567315737,921,1000,-0.40550126477567394,-0.5647860986873838,-0.2701386368058594,921,8,246,non_circular_segmented,0.2725274532528545,0.2946474618815244
CS2_36,HF1,48,degradation_spearman,10,1000,-0.6338656672084519,-0.715108209159497,-0.5151679206749492,921,1000,-0.6472760777564428,-0.7301490489776489,-0.5283136436538801,921,8,246,non_circular_segmented,0.1999402884845478,0.20183540532376876
CS2_36,HF1,48,partial_pearson_controlling_SOH,10,1000,0.5263248317346472,0.2126336291178119,0.7416013184819059,921,1000,0.45923538584390144,0.22232028009557156,0.6467640222226072,921,8,246,non_circular_segmented,0.528967689364094,0.4244437421270356
CS2_36,HF1,48,degradation_pearson,20,1000,-0.382566647153286,-0.5379743138323384,-0.256132543851512,921,1000,-0.4277919946312905,-0.6061910495963162,-0.2685889827457159,921,8,246,non_circular_segmented,0.2818417699808264,0.3376020668506003
CS2_36,HF1,48,degradation_spearman,20,1000,-0.6341631294175785,-0.735100081759617,-0.4660734209398621,921,1000,-0.646302583502826,-0.7515721577647031,-0.47445901108444233,921,8,246,non_circular_segmented,0.26902666081975496,0.27711314668026077
CS2_36,HF1,48,partial_pearson_controlling_SOH,20,1000,0.5393400357163773,0.2439319331245061,0.738795207530209,921,1000,0.43600217199142965,0.2064414660651037,0.6412909369653518,921,8,246,non_circular_segmented,0.4948632744057029,0.43484947090024806
CS2_36,HF1,48,degradation_pearson,30,1000,-0.3842705408042264,-0.5361984024384843,-0.2298385352265697,921,1000,-0.41941470904799893,-0.605930646977337,-0.24418077392090085,921,8,246,non_circular_segmented,0.30635986721191455,0.36174987305643613
CS2_36,HF1,48,degradation_spearman,30,1000,-0.6240145762372131,-0.7432505843639667,-0.4299210118906915,921,1000,-0.641623151324114,-0.7566673755026617,-0.4560916179038579,921,8,246,non_circular_segmented,0.31332957247327525,0.30057575759880384
CS2_36,HF1,48,partial_pearson_controlling_SOH,30,1000,0.5274767516809418,0.2763748828085464,0.752851445240638,921,1000,0.4241063390808679,0.20865485312769702,0.6356878270692562,921,8,246,non_circular_segmented,0.4764765624320916,0.42703297394155915
CS2_36,HF2,48,degradation_pearson,10,1000,0.2880519636784877,0.1806322113344602,0.4384668765528854,899,1000,0.2896114463712315,0.16377665316656345,0.4201248516533273,899,27,103,non_circular_segmented,0.25783466521842524,0.2563481984867638
CS2_36,HF2,48,degradation_spearman,10,1000,0.5737772511784689,0.4442181338115368,0.6688070293224148,899,1000,0.5474972705863432,0.4124009806120692,0.6384751688081717,899,27,103,non_circular_segmented,0.22458889551087796,0.22607418819610248
CS2_36,HF2,48,partial_pearson_controlling_SOH,10,1000,-0.1128127288021447,-0.3112183867312887,0.089780891969082,899,1000,-0.125322664800664,-0.3259276423262483,0.11197487719902559,899,27,103,non_circular_segmented,0.4009992787003707,0.4379025195252739
CS2_36,HF2,48,degradation_pearson,20,1000,0.2826334504825302,0.1410945998342515,0.441976731318526,899,1000,0.31138644684643435,0.15808897528890728,0.49430424301832265,899,27,103,non_circular_segmented,0.3008821314842745,0.33621526772941535
CS2_36,HF2,48,degradation_spearman,20,1000,0.5669261401971646,0.3855209483626666,0.6758553206090114,899,1000,0.5140534633740336,0.33886485149745615,0.6405950310830992,899,27,103,non_circular_segmented,0.29033437224634484,0.3017301795856431
CS2_36,HF2,48,partial_pearson_controlling_SOH,20,1000,-0.1243840491842009,-0.3403873782865192,0.0978047980698619,899,1000,0.006845697981667754,-0.23166667150359654,0.19518389287130447,899,27,103,non_circular_segmented,0.43819217635638114,0.426850564374901
CS2_36,HF2,48,degradation_pearson,30,1000,0.2880480915817083,0.1372256861862002,0.4266647433098904,899,1000,0.27510648152977085,0.11049910670848753,0.4555285503880441,899,27,103,non_circular_segmented,0.2894390571236902,0.34502944367955657
CS2_36,HF2,48,degradation_spearman,30,1000,0.5575434587170464,0.369084975512847,0.6880174346794838,899,1000,0.482066438766799,0.2493297584691176,0.6368962977686943,899,27,103,non_circular_segmented,0.3189324591666368,0.3875665392995767
CS2_36,HF2,48,partial_pearson_controlling_SOH,30,1000,-0.1172595363875881,-0.352488285377089,0.1086010433153548,899,1000,0.10078495725754472,-0.10542071513316642,0.23868421117549796,899,27,103,non_circular_segmented,0.4610893286924438,0.3441049263086644
CS2_36,HF3,48,degradation_pearson,10,1000,0.0386877310353104,-0.1788508254539042,0.2352661523190046,898,1000,0.0036159889742203655,-0.4145342694455328,0.09565516403128352,898,28,103,non_circular_segmented,0.4141169777729088,0.5101894334768163
CS2_36,HF3,48,degradation_spearman,10,1000,-0.5797919393935689,-0.6716474332944243,-0.474284333782586,898,1000,-0.5651424071880159,-0.6584449807674778,-0.4451684124597572,898,28,103,non_circular_segmented,0.19736309951183834,0.21327656830772063
CS2_36,HF3,48,partial_pearson_controlling_SOH,10,1000,-0.1179805265052039,-0.4768285300225097,-0.0064816170332795,898,1000,-0.10029801070978536,-0.3704653061769833,-0.017193737764278346,898,28,103,non_circular_segmented,0.4703469129892302,0.35327156841270496
CS2_36,HF3,48,degradation_pearson,20,1000,0.0395841819774575,-0.3072849306808944,0.2628281376150165,898,1000,-0.024701743019573542,-0.49824186656786734,0.0780290939522737,898,28,103,non_circular_segmented,0.5701130682959109,0.576270960520141
CS2_36,HF3,48,degradation_spearman,20,1000,-0.5782774848545766,-0.68628040178728,-0.4150767107053059,898,1000,-0.53891048898615,-0.6667047352006887,-0.35129681523444434,898,28,103,non_circular_segmented,0.2712036910819741,0.3154079199662444
CS2_36,HF3,48,partial_pearson_controlling_SOH,20,1000,-0.1184291331377566,-0.5743094125130439,-0.0208783584554276,898,1000,-0.10383904683092372,-0.24623417542736412,-0.01688023819339253,898,28,103,non_circular_segmented,0.5534310540576163,0.22935393723397157
CS2_36,HF3,48,degradation_pearson,30,1000,0.0415463330849044,-0.3100218795834017,0.2190932634849474,898,1000,-0.06294469604374242,-0.51750852079421,0.07151247696578263,898,28,103,non_circular_segmented,0.5291151430683492,0.5890209977599926
CS2_36,HF3,48,degradation_spearman,30,1000,-0.5741181559876996,-0.6899829248928706,-0.3655835499589687,898,1000,-0.5101684425178328,-0.6581530204500547,-0.24071237946955307,898,28,103,non_circular_segmented,0.3243993749339019,0.4174406409805017
CS2_36,HF3,48,partial_pearson_controlling_SOH,30,1000,-0.1240050195937528,-0.5037515937700451,-0.0301901206987113,898,1000,-0.10575843048307144,-0.20749728357637953,-0.012573800360965184,898,28,103,non_circular_segmented,0.4735614730713338,0.19492348321541436
CS2_36,HF4,48,degradation_pearson,10,1000,-0.2812281977301468,-0.5500709248049996,-0.0812806303642287,608,1000,-0.17951755380646456,-0.4670763251231471,0.009692916383943435,608,40,79,non_circular_segmented,0.4687902944407709,0.47676924150709055
CS2_36,HF4,48,degradation_spearman,10,1000,-0.4789322275084234,-0.6525174529346187,-0.2846711336008335,608,1000,-0.3903508554929336,-0.5756094384155443,-0.18461804051865527,608,40,79,non_circular_segmented,0.3678463193337852,0.3909913978968891
CS2_36,HF4,48,partial_pearson_controlling_SOH,10,1000,0.0556314485017693,-0.045397214554711,0.1654499962644861,608,1000,0.06460794372305076,-0.014674386652961956,0.15444187971529302,608,40,79,non_circular_segmented,0.21084721081919708,0.16911626636825497
CS2_36,HF4,48,degradation_pearson,20,1000,-0.2728430954524333,-0.5948943839014912,-0.0485604341505708,608,1000,-0.05393178263244741,-0.23497845088298894,0.0640377265395643,608,40,79,non_circular_segmented,0.5463339497509204,0.29901617742255326
CS2_36,HF4,48,degradation_spearman,20,1000,-0.4784474662310068,-0.6757549339600633,-0.1805508237589494,608,1000,-0.2977404436976485,-0.5259812537589746,0.01351205244760526,608,40,79,non_circular_segmented,0.4952041102011139,0.5394933062065799
CS2_36,HF4,48,partial_pearson_controlling_SOH,20,1000,0.0527662550089544,-0.0720676012771986,0.1663734383034783,608,1000,0.06618332811345148,-0.008409664403954067,0.14691501598939133,608,40,79,non_circular_segmented,0.23844103958067692,0.1553246803933454
CS2_36,HF4,48,degradation_pearson,30,1000,-0.266284927334343,-0.5795429016318688,-0.0295531653609266,608,1000,-0.0490540451327099,-0.25048760279019167,0.06764717052107228,608,40,79,non_circular_segmented,0.5499897362709423,0.31813477331126394
CS2_36,HF4,48,degradation_spearman,30,1000,-0.4684266477045848,-0.6865565015500658,-0.1400496125877562,608,1000,-0.2729825518093332,-0.5371607367959702,0.03610485619061195,608,40,79,non_circular_segmented,0.5465068889623096,0.5732655929865822
CS2_36,HF4,48,partial_pearson_controlling_SOH,30,1000,0.0511303254225255,-0.105137459880721,0.1621999215286512,608,1000,0.060621068335237886,-0.023140090605863174,0.15153820520254882,608,40,79,non_circular_segmented,0.2673373814093722,0.174678295808412
CS2_36,HF5,48,degradation_pearson,10,1000,-0.2561591304256588,-0.5333142120160629,-0.0661649232769738,608,1000,-0.14573550038870642,-0.39957542921563904,0.02684778514273985,608,40,79,non_circular_segmented,0.46714928873908906,0.4264232143583789
CS2_36,HF5,48,degradation_spearman,10,1000,-0.419248839864961,-0.5690459924167731,-0.223150620667748,608,1000,-0.3221060843155619,-0.502152180866352,-0.10745891517617152,608,40,79,non_circular_segmented,0.3458953717490251,0.39469326569018054
CS2_36,HF5,48,partial_pearson_controlling_SOH,10,1000,-0.1061369210619556,-0.1908178542005752,-0.0461094808432318,608,1000,-0.12568993818575677,-0.25042579116050573,-0.06793853461140688,608,40,79,non_circular_segmented,0.1447083733573434,0.18248725654909886
CS2_36,HF5,48,degradation_pearson,20,1000,-0.2557560562191642,-0.5521722386293787,-0.0194300782961716,608,1000,-0.012686328486682868,-0.1600943228080821,0.08883710556816611,608,40,79,non_circular_segmented,0.5327421603332071,0.2489314283762482
CS2_36,HF5,48,degradation_spearman,20,1000,-0.4161878917206486,-0.6056829413484252,-0.1361877660434102,608,1000,-0.21531159375252218,-0.42990328062097954,0.08235722164680355,608,40,79,non_circular_segmented,0.46949517530501494,0.5122605022677831
CS2_36,HF5,48,partial_pearson_controlling_SOH,20,1000,-0.1046892985912912,-0.1949116808796683,-0.0363225448356361,608,1000,-0.14212339890897108,-0.3186270945309423,-0.07059954855539213,608,40,79,non_circular_segmented,0.1585891360440322,0.24802754597555016
CS2_36,HF5,48,degradation_pearson,30,1000,-0.2517477797454788,-0.5756801897457007,-0.0017177562515473,608,1000,-0.0014145534241402165,-0.18362512259841268,0.1045956894313933,608,40,79,non_circular_segmented,0.5739624334941533,0.288220812029806
CS2_36,HF5,48,degradation_spearman,30,1000,-0.4140139476243805,-0.6217671398132231,-0.0637799884612519,608,1000,-0.18223849482419083,-0.4574159033659212,0.13110613531948256,608,40,79,non_circular_segmented,0.5579871513519712,0.5885220386854038
CS2_36,HF5,48,partial_pearson_controlling_SOH,30,1000,-0.1054964914422196,-0.199120337077152,-0.042832128362946,608,1000,-0.14445316485200999,-0.30175673887922966,-0.06704329253667692,608,40,79,non_circular_segmented,0.15628820871420598,0.23471344634255276
CS2_36,HF6,48,degradation_pearson,10,1000,-0.1398821697869267,-0.3601724346559095,0.0283415092044785,608,1000,-0.014190286823119739,-0.2231559532735217,0.10974519493580759,608,40,79,non_circular_segmented,0.38851394386038796,0.33290114820932926
CS2_36,HF6,48,degradation_spearman,10,1000,-0.3320845528328354,-0.48283448384987,-0.1542903277804599,608,1000,-0.1843907142711202,-0.34818194383792145,-0.016209116887472147,608,40,79,non_circular_segmented,0.3285441560694101,0.3319728269504493
CS2_36,HF6,48,partial_pearson_controlling_SOH,10,1000,-0.207143642002187,-0.2976112190726453,-0.1464653612812852,608,1000,-0.2336827331848032,-0.3467772429298092,-0.16678814206073983,608,40,79,non_circular_segmented,0.1511458577913601,0.17998910086906938
CS2_36,HF6,48,degradation_pearson,20,1000,-0.1274937667992082,-0.41254434775404,0.0658916736179255,608,1000,0.07379315956369525,-0.040267510529020535,0.1569319376646012,608,40,79,non_circular_segmented,0.4784360213719655,0.19719944819362173
CS2_36,HF6,48,degradation_spearman,20,1000,-0.3191233455402641,-0.5089166419601355,-0.0869930470552584,608,1000,-0.04933729606805956,-0.2690354862503515,0.1887624856688478,608,40,79,non_circular_segmented,0.42192359490487713,0.4577979719191993
CS2_36,HF6,48,partial_pearson_controlling_SOH,20,1000,-0.2033980210458493,-0.2971788790073673,-0.1367879573162595,608,1000,-0.2176541083981092,-0.3266229549341189,-0.15035839469825354,608,40,79,non_circular_segmented,0.16039092169110777,0.17626456023586537
CS2_36,HF6,48,degradation_pearson,30,1000,-0.1378773206529431,-0.408709458603218,0.0731677344777318,608,1000,0.08145410375713369,-0.0392217253230965,0.1634514361074461,608,40,79,non_circular_segmented,0.4818771930809498,0.20267316143054262
CS2_36,HF6,48,degradation_spearman,30,1000,-0.3199321380805511,-0.5436427012531528,-0.0546126995778988,608,1000,0.009310546041266805,-0.21997091500485816,0.2667962947440687,608,40,79,non_circular_segmented,0.489030001675254,0.48676720974892684
CS2_36,HF6,48,partial_pearson_controlling_SOH,30,1000,-0.2027931045062926,-0.2939039014694883,-0.1268883848434382,608,1000,-0.22796239129714357,-0.34745203669361235,-0.1534037786555377,608,40,79,non_circular_segmented,0.1670155166260501,0.19404825803807466
CS2_36,HF7,48,degradation_pearson,10,1000,-0.3867610650293879,-0.5257774210708147,-0.2713405540057341,921,1000,-0.40546131817783465,-0.577640434733451,-0.28486266550926953,921,8,246,non_circular_segmented,0.2544368670650806,0.2927777692241814
CS2_36,HF7,48,degradation_spearman,10,1000,-0.6393798705096869,-0.7211667414638911,-0.5273330295500074,921,1000,-0.6513379680879745,-0.7324970180842585,-0.5456539930629605,921,8,246,non_circular_segmented,0.19383371191388377,0.18684302502129801
CS2_36,HF7,48,partial_pearson_controlling_SOH,10,1000,0.5300514607402877,0.22137215621113,0.7341017524690513,921,1000,0.45606478763748304,0.2129467560371764,0.6526248018283356,921,8,246,non_circular_segmented,0.5127295962579212,0.4396780457911592
CS2_36,HF7,48,degradation_pearson,20,1000,-0.3792562179197408,-0.5430074680299615,-0.2446139721000413,921,1000,-0.42333800730017024,-0.6155974827658985,-0.2632654094767071,921,8,246,non_circular_segmented,0.29839349592992015,0.3523320732891914
CS2_36,HF7,48,degradation_spearman,20,1000,-0.6275827119456832,-0.7432936066096404,-0.4805459623711418,921,1000,-0.6420208205081137,-0.755436613214557,-0.48702290039531265,921,8,246,non_circular_segmented,0.2627476442384986,0.26841371281924437
CS2_36,HF7,48,partial_pearson_controlling_SOH,20,1000,0.5237007442706058,0.2416763810060123,0.7597477622695661,921,1000,0.4357535190697662,0.1924129809750837,0.6475490978845936,921,8,246,non_circular_segmented,0.5180713812635538,0.4551361169095099
CS2_36,HF7,48,degradation_pearson,30,1000,-0.3809409915356136,-0.5448213264995816,-0.2267710180921162,921,1000,-0.41166657058971856,-0.6163693316953543,-0.22861611702314655,921,8,246,non_circular_segmented,0.3180503084074654,0.3877532146722078
CS2_36,HF7,48,degradation_spearman,30,1000,-0.624340650605317,-0.7397120175799393,-0.4168842380228779,921,1000,-0.6386792648966277,-0.7582802829626789,-0.4313340497040752,921,8,246,non_circular_segmented,0.32282777955706143,0.3269462332586037
CS2_36,HF7,48,partial_pearson_controlling_SOH,30,1000,0.52950702661713,0.2271216358961422,0.7563417178474708,921,1000,0.41375687131943395,0.19204526243432996,0.6273284207188236,921,8,246,non_circular_segmented,0.5292200819513286,0.4352831582844936
CS2_36,HF8,48,degradation_pearson,10,1000,0.3003361370883664,0.1973942361973152,0.4606466946227562,899,1000,0.3055217438368686,0.1922731308930906,0.4422465669978865,899,27,103,non_circular_segmented,0.263252458425441,0.24997343610479592
CS2_36,HF8,48,degradation_spearman,10,1000,0.5957603218872136,0.4883001973383998,0.6788699424128533,899,1000,0.5784236876290437,0.46391670184533906,0.6712111806124943,899,27,103,non_circular_segmented,0.19056974507445346,0.20729447876715523
CS2_36,HF8,48,partial_pearson_controlling_SOH,10,1000,-0.1392314720599247,-0.342237428052592,0.0701599349340187,899,1000,-0.15247427794716717,-0.3551427347854087,0.10124705836987534,899,27,103,non_circular_segmented,0.41239736298661067,0.45638979315528405
CS2_36,HF8,48,degradation_pearson,20,1000,0.3032241293599705,0.1709407895683874,0.4556868117789955,899,1000,0.3324729629678777,0.16495522401754717,0.4924990345365379,899,27,103,non_circular_segmented,0.2847460222106081,0.32754381051899073
CS2_36,HF8,48,degradation_spearman,20,1000,0.5908324929075863,0.4389093978775771,0.6929142542115557,899,1000,0.5458396749904739,0.3641115049578737,0.6685352609714487,899,27,103,non_circular_segmented,0.2540048563339786,0.30442375601357496
CS2_36,HF8,48,partial_pearson_controlling_SOH,20,1000,-0.1435984684192123,-0.3641763388531612,0.0774910222059428,899,1000,-0.01635643144731748,-0.2365670493877853,0.168436558280802,899,27,103,non_circular_segmented,0.441667361059104,0.40500360766858734
CS2_36,HF8,48,degradation_pearson,30,1000,0.2985851073373105,0.1409757218091489,0.4640770141021392,899,1000,0.30350086735202464,0.11049176086755128,0.5085978700541568,899,27,103,non_circular_segmented,0.3231012922929903,0.3981061091866055
CS2_36,HF8,48,degradation_spearman,30,1000,0.5835250187928437,0.3870802121443247,0.707861745305123,899,1000,0.5103904963991666,0.2782921176521173,0.6702278478053829,899,27,103,non_circular_segmented,0.3207815331607983,0.3919357301532656
CS2_36,HF8,48,partial_pearson_controlling_SOH,30,1000,-0.141206850503506,-0.3935109530767327,0.0895782295113818,899,1000,0.07834298500915582,-0.1368741627745706,0.20942096417466494,899,27,103,non_circular_segmented,0.48308918258811445,0.34629512694923553
CS2_36,HF1,64,degradation_pearson,10,1000,-0.4667996652332908,-0.6184810529474816,-0.3466131551477781,905,1000,-0.483422729924303,-0.6341410069082816,-0.3577428962936936,905,8,230,non_circular_segmented,0.2718678977997035,0.27639811061458797
CS2_36,HF1,64,degradation_spearman,10,1000,-0.6769059778096808,-0.7598666386900137,-0.5656086900616569,905,1000,-0.6822109440693264,-0.7648418069567977,-0.56895831198759,905,8,230,non_circular_segmented,0.19425794862835677,0.19588349496920776
CS2_36,HF1,64,partial_pearson_controlling_SOH,10,1000,0.5408257269648987,0.2152432268762768,0.752511459545512,905,1000,0.48599152154915093,0.2644927156516513,0.6506337737083361,905,8,230,non_circular_segmented,0.5372682326692352,0.3861410580566848
CS2_36,HF1,64,degradation_pearson,20,1000,-0.4657696853944039,-0.6218400664316851,-0.3252859275367086,905,1000,-0.5055707146020665,-0.6894294862252693,-0.34310323921709746,905,8,230,non_circular_segmented,0.2965541388949765,0.3463262470081719
CS2_36,HF1,64,degradation_spearman,20,1000,-0.6709204831694608,-0.7673663910318972,-0.508045692087128,905,1000,-0.6811899992896404,-0.7729734653841702,-0.5177984135094758,905,8,230,non_circular_segmented,0.25932069894476917,0.25517505187469447
CS2_36,HF1,64,partial_pearson_controlling_SOH,20,1000,0.540584469871378,0.268671461287429,0.750169065591049,905,1000,0.4566271256167388,0.25750471874493874,0.6544125565151301,905,8,230,non_circular_segmented,0.48149760430362,0.39690783777019134
CS2_36,HF1,64,degradation_pearson,30,1000,-0.4615122337412134,-0.6252408732341997,-0.301907957996701,905,1000,-0.49538909841762613,-0.6949593439250635,-0.3069549731311746,905,8,230,non_circular_segmented,0.32333291523749874,0.38800437079388894
CS2_36,HF1,64,degradation_spearman,30,1000,-0.6625333877279247,-0.7776220989306504,-0.47693969369133,905,1000,-0.6682164434119684,-0.7745014911325058,-0.4820634228096504,905,8,230,non_circular_segmented,0.3006824052393204,0.29243806832285535
CS2_36,HF1,64,partial_pearson_controlling_SOH,30,1000,0.5413369213407404,0.2603582871481572,0.7582596662268685,905,1000,0.44765518604292315,0.25799425236885665,0.6363235662311482,905,8,230,non_circular_segmented,0.4979013790787113,0.3783293138622915
CS2_36,HF2,64,degradation_pearson,10,1000,0.3879209905375584,0.2602887717170142,0.5500603632856474,883,1000,0.35483337017163064,0.23545883178337645,0.49487782051512424,883,28,103,non_circular_segmented,0.28977159156863325,0.2594189887317478
CS2_36,HF2,64,degradation_spearman,10,1000,0.6164573718773027,0.5081295351778514,0.701531866271234,883,1000,0.6134817239183266,0.5027022022568312,0.6994530752905334,883,28,103,non_circular_segmented,0.19340233109338256,0.1967508730337022
CS2_36,HF2,64,partial_pearson_controlling_SOH,10,1000,-0.1736339482548989,-0.4032408086642572,0.0885934755344833,883,1000,-0.18651788560678892,-0.3887608068566188,0.06642757586254593,883,28,103,non_circular_segmented,0.49183428419874053,0.45518838271916473
CS2_36,HF2,64,degradation_pearson,20,1000,0.3933366794680282,0.219274992349282,0.5612398225401264,883,1000,0.3465533040332573,0.180527176475895,0.5326178964631924,883,28,103,non_circular_segmented,0.3419648301908444,0.35209071998729735
CS2_36,HF2,64,degradation_spearman,20,1000,0.6124397701365623,0.4467613995536187,0.7177459613234485,883,1000,0.5768339198419413,0.3932696917531268,0.6921441865238911,883,28,103,non_circular_segmented,0.27098456176982977,0.2988744947707643
CS2_36,HF2,64,partial_pearson_controlling_SOH,20,1000,-0.1729022956460016,-0.3980721002780141,0.094294909315052,883,1000,-0.04236926469214265,-0.24724741935855357,0.1497325937100943,883,28,103,non_circular_segmented,0.4923670095930661,0.3969800130686479
CS2_36,HF2,64,degradation_pearson,30,1000,0.3897115265262621,0.2045757440436064,0.5525617830698347,883,1000,0.3275071398637537,0.12522797584364748,0.5384549510547361,883,28,103,non_circular_segmented,0.3479860390262283,0.4132269752110886
CS2_36,HF2,64,degradation_spearman,30,1000,0.605375617966911,0.407569575222961,0.7234340076096855,883,1000,0.530784878228954,0.29161040643408903,0.6950222260413057,883,28,103,non_circular_segmented,0.31586443238672446,0.40341181960721667
CS2_36,HF2,64,partial_pearson_controlling_SOH,30,1000,-0.162264199304262,-0.4022186466785005,0.091742870892053,883,1000,0.041680726737893,-0.16195513228845365,0.18403820793574804,883,28,103,non_circular_segmented,0.4939615175705535,0.3459933402242017
CS2_36,HF3,64,degradation_pearson,10,1000,0.0239814643905994,-0.2856906218453276,0.1984293773385124,882,1000,-0.008405451849410942,-0.4759093994271405,0.07689833483481273,882,29,103,non_circular_segmented,0.48411999918384,0.5528077342619533
CS2_36,HF3,64,degradation_spearman,10,1000,-0.6217740199612392,-0.7016033269901707,-0.5144820266366114,882,1000,-0.6228939729523739,-0.7003754667411208,-0.5173089089711402,882,29,103,non_circular_segmented,0.18712130035355934,0.1830665577699806
CS2_36,HF3,64,partial_pearson_controlling_SOH,10,1000,-0.1290144363020895,-0.580029197291033,-0.0099573162998808,882,1000,-0.10118391842257263,-0.33531579940798906,-0.04678372619494195,882,29,103,non_circular_segmented,0.5700718809911521,0.2885320732130471
CS2_36,HF3,64,degradation_pearson,20,1000,0.0242997034938199,-0.4131971367083418,0.2016857697992252,882,1000,-0.026778167777195837,-0.4536395777538561,0.07171537989186631,882,29,103,non_circular_segmented,0.6148829065075669,0.5253549576457224
CS2_36,HF3,64,degradation_spearman,20,1000,-0.6181017415243018,-0.7139979664082624,-0.4648741590924142,882,1000,-0.5876492804113572,-0.6838960963009869,-0.420643874223124,882,29,103,non_circular_segmented,0.2491238073158482,0.2632522220778629
CS2_36,HF3,64,partial_pearson_controlling_SOH,20,1000,-0.1270903769832903,-0.5919209893002686,-0.0376646189796921,882,1000,-0.10064318896616706,-0.24387381014675782,-0.04330537728794961,882,29,103,non_circular_segmented,0.5542563703205765,0.2005684328588082
CS2_36,HF3,64,degradation_pearson,30,1000,0.0213880814958343,-0.4583302757630662,0.215778531305211,882,1000,-0.05688992524288009,-0.4658400994677061,0.06882750440971439,882,29,103,non_circular_segmented,0.6741088070682771,0.5346676038774205
CS2_36,HF3,64,degradation_spearman,30,1000,-0.6054800606360384,-0.7124990568123832,-0.4147996097533455,882,1000,-0.5352327145884738,-0.6576450290723146,-0.3082548777337356,882,29,103,non_circular_segmented,0.2976994470590377,0.349390151338579
CS2_36,HF3,64,partial_pearson_controlling_SOH,30,1000,-0.1298679218119582,-0.6320207931171811,-0.0421090411179378,882,1000,-0.10351731755515445,-0.19598714836236475,-0.033828937307239695,882,29,103,non_circular_segmented,0.5899117519992433,0.16215821105512507
CS2_36,HF4,64,degradation_pearson,10,1000,-0.3196252153048267,-0.6296578840099191,-0.1011541902945932,608,1000,-0.20685334551156437,-0.4687393200634312,-0.011093118489045027,608,40,79,non_circular_segmented,0.5285036937153259,0.4576462015743862
CS2_36,HF4,64,degradation_spearman,10,1000,-0.5171179554872586,-0.6720174140774596,-0.3103113816914851,608,1000,-0.4525063329279615,-0.633102931550067,-0.215598767828825,608,40,79,non_circular_segmented,0.36170603238597454,0.417504163721242
CS2_36,HF4,64,partial_pearson_controlling_SOH,10,1000,0.0755929149878602,-0.0539874717880033,0.2081751252488329,608,1000,0.09224499539234028,-0.01097588749222662,0.19673525458153102,608,40,79,non_circular_segmented,0.2621625970368362,0.20771114207375763
CS2_36,HF4,64,degradation_pearson,20,1000,-0.3123871206042092,-0.625079357144738,-0.0714074034306016,608,1000,-0.025870888991557095,-0.18342879490700348,0.08302868122233266,608,40,79,non_circular_segmented,0.5536719537141364,0.2664574761293361
CS2_36,HF4,64,degradation_spearman,20,1000,-0.5115532705023487,-0.7206414315154306,-0.2348454884048166,608,1000,-0.2842333678325809,-0.5783736531461692,0.044981520187934804,608,40,79,non_circular_segmented,0.485795943110614,0.623355173334104
CS2_36,HF4,64,partial_pearson_controlling_SOH,20,1000,0.0704332055783195,-0.1210717087784485,0.192403432646347,608,1000,0.09664676939524539,0.009054844864724944,0.16505810218516,608,40,79,non_circular_segmented,0.3134751414247955,0.15600325732043507
CS2_36,HF4,64,degradation_pearson,30,1000,-0.3070029841784693,-0.6580429020087831,-0.0494833304391,608,1000,-0.004503512711138937,-0.16997407029169972,0.0966132206406304,608,40,79,non_circular_segmented,0.6085595715696831,0.26658729093233013
CS2_36,HF4,64,degradation_spearman,30,1000,-0.5119008462350847,-0.7277031436274499,-0.1327600283841152,608,1000,-0.20483145631566882,-0.5111513082111122,0.12963135238973253,608,40,79,non_circular_segmented,0.5949431152433348,0.6407826606008448
CS2_36,HF4,64,partial_pearson_controlling_SOH,30,1000,0.0630011073310385,-0.149801550849916,0.2061225526431595,608,1000,0.09004359902364802,-0.009459933791711637,0.14440654694753238,608,40,79,non_circular_segmented,0.3559241034930755,0.15386648073924403
CS2_36,HF5,64,degradation_pearson,10,1000,-0.2731433677556214,-0.5696574315184741,-0.0464685775800156,608,1000,-0.1564091399485898,-0.44282493046032506,0.04090830360628817,608,40,79,non_circular_segmented,0.5231888539384586,0.4837332340666132
CS2_36,HF5,64,degradation_spearman,10,1000,-0.4486180129544615,-0.617541505946406,-0.2442014521213749,608,1000,-0.3748789764225228,-0.5685154206246966,-0.12601664274784044,608,40,79,non_circular_segmented,0.3733400538250311,0.4424987778768562
CS2_36,HF5,64,partial_pearson_controlling_SOH,10,1000,-0.165915891269246,-0.2797940387487567,-0.0647829750872522,608,1000,-0.16079552471085468,-0.2637746538088883,-0.05928249796043625,608,40,79,non_circular_segmented,0.2150110636615045,0.20449215584845207
CS2_36,HF5,64,degradation_pearson,20,1000,-0.2720006404121414,-0.6138263241066378,-0.0160267153211372,608,1000,0.02791038063122649,-0.1342410853182089,0.14198733831976687,608,40,79,non_circular_segmented,0.5977996087855006,0.2762284236379758
CS2_36,HF5,64,degradation_spearman,20,1000,-0.4455592374713976,-0.6520631372426555,-0.1361025477978579,608,1000,-0.22983059567626724,-0.4922185105690208,0.12123116755758466,608,40,79,non_circular_segmented,0.5159605894447976,0.6134496781266054
CS2_36,HF5,64,partial_pearson_controlling_SOH,20,1000,-0.1597674539262265,-0.2779302494676319,-0.0506309002803412,608,1000,-0.16831206697914153,-0.23472631680196598,-0.09330569245256354,608,40,79,non_circular_segmented,0.2272993491872907,0.14142062434940245
CS2_36,HF5,64,degradation_pearson,30,1000,-0.2858657656284087,-0.6147306434971195,0.0005304111449256,608,1000,0.052224116314273455,-0.1000110252919181,0.14616705510350642,608,40,79,non_circular_segmented,0.6152610546420451,0.24617808039542452
CS2_36,HF5,64,degradation_spearman,30,1000,-0.4386539241333539,-0.6539891608154709,-0.0855874580391494,608,1000,-0.1485459694938296,-0.4197232962732433,0.22145715697249133,608,40,79,non_circular_segmented,0.5684017027763215,0.6411804532457346
CS2_36,HF5,64,partial_pearson_controlling_SOH,30,1000,-0.1586356228815928,-0.2457087463810972,-0.0478971928784776,608,1000,-0.19470063322243808,-0.2313885353383023,-0.1584065341680146,608,40,79,non_circular_segmented,0.19781155350261959,0.07298200117028772
CS2_36,HF6,64,degradation_pearson,10,1000,-0.1831947848563561,-0.4175128830606185,0.0063654141457246,608,1000,-0.059057294873813615,-0.24811693351989514,0.08803245475469239,608,40,79,non_circular_segmented,0.4238782972063431,0.3361493882745875
CS2_36,HF6,64,degradation_spearman,10,1000,-0.3531460986640441,-0.512319806868665,-0.1478869799489666,608,1000,-0.23782718044033907,-0.42787808814949885,-0.029742738000318448,608,40,79,non_circular_segmented,0.36443282691969836,0.3981353501491804
CS2_36,HF6,64,partial_pearson_controlling_SOH,10,1000,-0.2011481832945134,-0.3370438176591606,-0.1121263590618817,608,1000,-0.19329204043524678,-0.30703323231986923,-0.10672842639732556,608,40,79,non_circular_segmented,0.22491745859727888,0.20030480592254368
CS2_36,HF6,64,degradation_pearson,20,1000,-0.1704261055902711,-0.4413595798848996,0.031264374591977,608,1000,0.06935526820000673,-0.06028890523381627,0.15252828157992632,608,40,79,non_circular_segmented,0.4726239544768766,0.2128171868137426
CS2_36,HF6,64,degradation_spearman,20,1000,-0.3398586183013778,-0.5606405639568578,-0.0950595379170172,608,1000,-0.07188304944172028,-0.3054370241015764,0.21163738561035825,608,40,79,non_circular_segmented,0.4655810260398406,0.5170744097119346
CS2_36,HF6,64,partial_pearson_controlling_SOH,20,1000,-0.1951252769806045,-0.3262702500699425,-0.0887976048526469,608,1000,-0.16424887122003326,-0.22808645356034116,-0.10114710279309333,608,40,79,non_circular_segmented,0.23747264521729558,0.12693935076724783
CS2_36,HF6,64,degradation_pearson,30,1000,-0.1809292262027979,-0.4458645501692305,0.0459534885495616,608,1000,0.08608469706283253,-0.03507411803616224,0.1603625832250403,608,40,79,non_circular_segmented,0.4918180387187921,0.19543670126120255
CS2_36,HF6,64,degradation_spearman,30,1000,-0.3375726140713664,-0.5479349644409727,-0.0511335911589728,608,1000,0.010137906390964643,-0.2589808694545874,0.27984661517437076,608,40,79,non_circular_segmented,0.49680137328199986,0.5388274846289582
CS2_36,HF6,64,partial_pearson_controlling_SOH,30,1000,-0.1931668349068881,-0.3069622892205454,-0.0766664513052598,608,1000,-0.1766271863192589,-0.21713825204058754,-0.13638725690468445,608,40,79,non_circular_segmented,0.23029583791528563,0.08075099513590309
CS2_36,HF7,64,degradation_pearson,10,1000,-0.4684208509746489,-0.620119750503596,-0.3454457612597753,905,1000,-0.48550350314122137,-0.6538577879166759,-0.34706766889932317,905,8,230,non_circular_segmented,0.27467398924382075,0.30679011901735276
CS2_36,HF7,64,degradation_spearman,10,1000,-0.6777153741794639,-0.7648362549951188,-0.5538497231149061,905,1000,-0.6843626132844259,-0.7720071713353178,-0.5631282342628678,905,8,230,non_circular_segmented,0.21098653188021266,0.20887893707244998
CS2_36,HF7,64,partial_pearson_controlling_SOH,10,1000,0.5418974967334202,0.2414466887293527,0.7548799857577423,905,1000,0.4874078905652505,0.2578706551276172,0.666785842177354,905,8,230,non_circular_segmented,0.5134332970283896,0.40891518704973684
CS2_36,HF7,64,degradation_pearson,20,1000,-0.4696732187077872,-0.6275757061508851,-0.312741701821675,905,1000,-0.5085583668892928,-0.6785980765155911,-0.34397956242657124,905,8,230,non_circular_segmented,0.3148340043292101,0.3346185140890199
CS2_36,HF7,64,degradation_spearman,20,1000,-0.6742836739620139,-0.7737655403142132,-0.5068553387244918,905,1000,-0.6809179643179606,-0.7816744652684824,-0.5149099964711981,905,8,230,non_circular_segmented,0.26691020158972134,0.2667644687972843
CS2_36,HF7,64,partial_pearson_controlling_SOH,20,1000,0.5399698106283424,0.2501629429429435,0.7559080164138738,905,1000,0.45513893716429465,0.2518121133010846,0.6433008809741634,905,8,230,non_circular_segmented,0.5057450734709303,0.3914887676730788
CS2_36,HF7,64,degradation_pearson,30,1000,-0.4671948920790411,-0.6252461517387314,-0.3063552624695524,905,1000,-0.5035442123771722,-0.68635694751026,-0.34120729129986593,905,8,230,non_circular_segmented,0.318890889269179,0.34514965621039406
CS2_36,HF7,64,degradation_spearman,30,1000,-0.6659575956959185,-0.7792958410463506,-0.4975175932653554,905,1000,-0.6713714159396051,-0.7786643456089499,-0.5012983867171071,905,8,230,non_circular_segmented,0.28177824778099525,0.2773659588918428
CS2_36,HF7,64,partial_pearson_controlling_SOH,30,1000,0.5473954004568096,0.2815111397666444,0.7542331980385474,905,1000,0.45139955583789493,0.24694828286012896,0.6495010127048112,905,8,230,non_circular_segmented,0.472722058271903,0.40255272984468227
CS2_36,HF8,64,degradation_pearson,10,1000,0.4001961727693787,0.2714562749264247,0.5482305864248774,883,1000,0.36427504705394975,0.24877367939329917,0.5098554049824329,883,28,103,non_circular_segmented,0.2767743114984527,0.2610817255891337
CS2_36,HF8,64,degradation_spearman,10,1000,0.6371872065082782,0.5215653982855727,0.7134556742843022,883,1000,0.6368068271117557,0.531370823987526,0.7115048518982527,883,28,103,non_circular_segmented,0.19189027599872954,0.18013402791072675
CS2_36,HF8,64,partial_pearson_controlling_SOH,10,1000,-0.1959761325915027,-0.4149326184751172,0.0800686393114452,883,1000,-0.2185500689465151,-0.42790517614819834,0.04717149439509025,883,28,103,non_circular_segmented,0.4950012577865624,0.4750766705432886
CS2_36,HF8,64,degradation_pearson,20,1000,0.4031332649399829,0.2516972951931384,0.5722849939587116,883,1000,0.3603284193072117,0.1937401312689483,0.5385914314116603,883,28,103,non_circular_segmented,0.3205876987655732,0.34485130014271204
CS2_36,HF8,64,degradation_spearman,20,1000,0.63121405721306,0.4831683258232624,0.7310878930991718,883,1000,0.5976856317439314,0.42962784031229423,0.7068595694022368,883,28,103,non_circular_segmented,0.24791956727590936,0.2772317290899426
CS2_36,HF8,64,partial_pearson_controlling_SOH,20,1000,-0.1905535805581921,-0.4288999474128249,0.094862917593411,883,1000,-0.06306751454978722,-0.29004950131380663,0.1338076139051569,883,28,103,non_circular_segmented,0.5237628650062359,0.4238571152189635
CS2_36,HF8,64,degradation_pearson,30,1000,0.4035146166259673,0.2180770434925768,0.5789458525745427,883,1000,0.331144318446457,0.14843862319479956,0.5331619279666278,883,28,103,non_circular_segmented,0.36086880908196584,0.3847233047718282
CS2_36,HF8,64,degradation_spearman,30,1000,0.6232156960101982,0.4392526141657717,0.7359081594834672,883,1000,0.5512944689400758,0.3419353303309898,0.7007417029861087,883,28,103,non_circular_segmented,0.2966555453176955,0.35880637265511894
CS2_36,HF8,64,partial_pearson_controlling_SOH,30,1000,-0.1915260832326325,-0.4312288969137311,0.0919273332164758,883,1000,0.02883081237787988,-0.19193140277597667,0.16728705195460272,883,28,103,non_circular_segmented,0.523156230130207,0.3592184547305794
CS2_37,HF1,1,degradation_pearson,10,1000,-0.0088306195118992,-0.0285294111434733,0.0090774225537939,1028,1000,-0.013257558885175786,-0.033778993625318304,0.012229261670608024,1028,7,197,non_circular_segmented,0.0376068336972672,0.04600825529592633
CS2_37,HF1,1,degradation_spearman,10,1000,-0.1145710817176569,-0.1925267016019319,-0.0403053381368437,1028,1000,-0.11686073787872109,-0.19186248079146728,-0.04291979337662384,1028,7,197,non_circular_segmented,0.1522213634650882,0.14894268741484346
CS2_37,HF1,1,partial_pearson_controlling_SOH,10,1000,0.5490508603423189,0.2631915000485652,0.7402874496066806,1028,1000,0.5924668642337318,0.34780007651897393,0.674745157216161,1028,7,197,non_circular_segmented,0.4770959495581154,0.3269450806971871
CS2_37,HF1,1,degradation_pearson,20,1000,-0.0091486449545928,-0.027270218732938,0.0049346802253571,1028,1000,-0.01450602545990333,-0.03148410256030524,0.008115454627420906,1028,7,197,non_circular_segmented,0.0322048989582951,0.03959955718772615
CS2_37,HF1,1,degradation_spearman,20,1000,-0.1127181743462001,-0.1973617782547629,-0.0146786041901381,1028,1000,-0.11915143190538022,-0.19762692770822812,-0.023630094362618283,1028,7,197,non_circular_segmented,0.18268317406462478,0.17399683334560984
CS2_37,HF1,1,partial_pearson_controlling_SOH,20,1000,0.5490648863093749,0.2654014203273877,0.6865723353711473,1028,1000,0.6052199439045695,0.3960606790577598,0.6759287490253094,1028,7,197,non_circular_segmented,0.42117091504375953,0.2798680699675496
CS2_37,HF1,1,degradation_pearson,30,1000,-0.0089186679329445,-0.0280948308954556,0.0051790929691816,1028,1000,-0.016316229528077403,-0.033960654091207736,0.0062057032603156995,1028,7,197,non_circular_segmented,0.0332739238646372,0.040166357351523435
CS2_37,HF1,1,degradation_spearman,30,1000,-0.1074381442126421,-0.2043252068509831,0.0017426944037336,1028,1000,-0.1218371828041033,-0.21855716102805947,-0.012667917580295335,1028,7,197,non_circular_segmented,0.2060679012547167,0.20588924344776413
CS2_37,HF1,1,partial_pearson_controlling_SOH,30,1000,0.5490479744434678,0.276347936334735,0.6898325287806241,1028,1000,0.6199714884513342,0.4145017083838729,0.6806303062114372,1028,7,197,non_circular_segmented,0.4134845924458891,0.26612859782756426
CS2_37,HF2,1,degradation_pearson,10,1000,-0.0098413983469415,-0.056918489429442,0.029388807023467,1004,1000,0.0036829698341920066,-0.0455287022648621,0.05879182753141732,1004,34,81,non_circular_segmented,0.086307296452909,0.10432052979627943
CS2_37,HF2,1,degradation_spearman,10,1000,0.0653152255050024,-0.0197731334439631,0.1435164190684844,1004,1000,0.09987416111426684,0.014949168817501239,0.18518205844262073,1004,34,81,non_circular_segmented,0.16328955251244748,0.17023288962511948
CS2_37,HF2,1,partial_pearson_controlling_SOH,10,1000,-0.0386059779093914,-0.1353484919015922,0.0553881029983344,1004,1000,-0.0013473875873740322,-0.12370582511436483,0.07681906262517246,1004,34,81,non_circular_segmented,0.19073659489992661,0.2005248877395373
CS2_37,HF2,1,degradation_pearson,20,1000,-0.0090083667202726,-0.0471393010567538,0.0309581121520974,1004,1000,0.024178270544304166,-0.036471689821166046,0.075800974220082,1004,34,81,non_circular_segmented,0.07809741320885119,0.11227266404124805
CS2_37,HF2,1,degradation_spearman,20,1000,0.0625416107816366,-0.032249108428593,0.1621940558869127,1004,1000,0.1332402170110017,0.03193971595213357,0.2363256511497719,1004,34,81,non_circular_segmented,0.1944431643155057,0.2043859351976383
CS2_37,HF2,1,partial_pearson_controlling_SOH,20,1000,-0.0389809245409988,-0.1796804153082465,0.0511256179257578,1004,1000,0.011975630217488258,-0.03930111874562971,0.10451071954592905,1004,34,81,non_circular_segmented,0.23080603323400428,0.14381183829155875
CS2_37,HF2,1,degradation_pearson,30,1000,-0.0094336178666349,-0.0483550125493537,0.0332247328606582,1004,1000,0.0328556226326865,-0.03345281934814276,0.09110356082314951,1004,34,81,non_circular_segmented,0.0815797454100119,0.12455638017129227
CS2_37,HF2,1,degradation_spearman,30,1000,0.0605415656644097,-0.0515011152011911,0.1597582044240836,1004,1000,0.14975541230146705,0.015584416710710106,0.2589751076984388,1004,34,81,non_circular_segmented,0.2112593196252747,0.2433906909877287
CS2_37,HF2,1,partial_pearson_controlling_SOH,30,1000,-0.0394806706486535,-0.2242827717717869,0.0505070922858612,1004,1000,0.021891834339718485,-0.04523288120493026,0.13505142654695618,1004,34,81,non_circular_segmented,0.2747898640576481,0.18028430775188645
CS2_37,HF3,1,degradation_pearson,10,1000,0.0999508838580152,-0.0115765713037502,0.5201447811185408,1000,1000,-0.028295522977422667,-0.09766354171779207,0.012444252197140269,1000,35,81,non_circular_segmented,0.531721352422291,0.11010779391493233
CS2_37,HF3,1,degradation_spearman,10,1000,-0.1627467456029415,-0.2362112471968331,-0.087633661275635,1000,1000,-0.20501926101022494,-0.2785135447093701,-0.13387066716595275,1000,35,81,non_circular_segmented,0.14857758592119807,0.14464287754341737
CS2_37,HF3,1,partial_pearson_controlling_SOH,10,1000,-0.0839380648883681,-0.6414536346368801,0.0090897750010942,1000,1000,0.0005042036616401554,-0.08114561140688374,0.06522054262568949,1000,35,81,non_circular_segmented,0.6505434096379743,0.14636615403257325
CS2_37,HF3,1,degradation_pearson,20,1000,0.098205189735647,-0.0114243982990524,0.5227070331991498,1000,1000,-0.04722595068839637,-0.11517534827506946,-0.0026381613890881644,1000,35,81,non_circular_segmented,0.5341314314982022,0.1125371868859813
CS2_37,HF3,1,degradation_spearman,20,1000,-0.1590867477991351,-0.2445251439758461,-0.0685713947259495,1000,1000,-0.226905261420949,-0.29479404667841425,-0.14498058068410366,1000,35,81,non_circular_segmented,0.1759537492498966,0.14981346599431059
CS2_37,HF3,1,partial_pearson_controlling_SOH,20,1000,-0.0829873269246846,-0.6358301116167593,0.0085435608014196,1000,1000,-0.011887255775431456,-0.10256305476209482,0.05514787657021708,1000,35,81,non_circular_segmented,0.6443736724181789,0.1577109313323119
CS2_37,HF3,1,degradation_pearson,30,1000,0.1004388086501361,-0.0114580805017626,0.5304687680203031,1000,1000,-0.07077792069481191,-0.13070722585123185,-0.012474995652030533,1000,35,81,non_circular_segmented,0.5419268485220656,0.11823223019920132
CS2_37,HF3,1,degradation_spearman,30,1000,-0.1626214984931954,-0.2502312677926873,-0.0621370585670778,1000,1000,-0.2412084641571025,-0.31085679198920235,-0.15726305169383342,1000,35,81,non_circular_segmented,0.1880942092256095,0.15359374029536893
CS2_37,HF3,1,partial_pearson_controlling_SOH,30,1000,-0.0833718160399908,-0.6313466845652442,0.0080035740095718,1000,1000,-0.014468154890185735,-0.07386021448864658,0.04151285516366671,1000,35,81,non_circular_segmented,0.639350258574816,0.11537306965231328
CS2_37,HF4,1,degradation_pearson,10,1000,0.0231908439009761,-0.0599674350082618,0.0647549439987886,642,1000,0.06541920127951459,-0.009580552129783038,0.13143232848298628,642,40,70,non_circular_segmented,0.12472237900705041,0.14101288061276931
CS2_37,HF4,1,degradation_spearman,10,1000,0.0743878698320389,-0.0255311653319692,0.1696365339930547,642,1000,0.0938041784537636,-0.0033269916124448774,0.18650290366277414,642,40,70,non_circular_segmented,0.1951676993250239,0.189829895275219
CS2_37,HF4,1,partial_pearson_controlling_SOH,10,1000,-0.0113669855693729,-0.0516394224447684,0.0404836892917732,642,1000,0.01814305788707381,-0.059482199078424655,0.10751722829547015,642,40,70,non_circular_segmented,0.0921231117365416,0.1669994273738948
CS2_37,HF4,1,degradation_pearson,20,1000,0.0241779563427636,-0.0647498365852271,0.0701528610905377,642,1000,0.06156684829687682,-0.016092790104455246,0.13210340157759584,642,40,70,non_circular_segmented,0.1349026976757648,0.1481961916820511
CS2_37,HF4,1,degradation_spearman,20,1000,0.0735682356826271,-0.0372450878714105,0.1632148314710078,642,1000,0.06586397024901842,-0.025682792931625866,0.15857270900438358,642,40,70,non_circular_segmented,0.2004599193424183,0.18425550193600945
CS2_37,HF4,1,partial_pearson_controlling_SOH,20,1000,-0.0093476626746727,-0.0446905147572012,0.044086862155618,642,1000,0.010584614409356694,-0.06428509142219203,0.09704190869700084,642,40,70,non_circular_segmented,0.0887773769128192,0.16132700011919288
CS2_37,HF4,1,degradation_pearson,30,1000,0.0246955376905493,-0.0595800722577151,0.0754358731408849,642,1000,0.07852178079154355,-0.00622641859084151,0.1267113138465972,642,40,70,non_circular_segmented,0.1350159453986,0.1329377324374387
CS2_37,HF4,1,degradation_spearman,30,1000,0.0752493711817906,-0.04291964319268,0.1802654268620169,642,1000,0.08265576221745691,0.0029682078809795402,0.15799375958007064,642,40,70,non_circular_segmented,0.2231850700546969,0.1550255516990911
CS2_37,HF4,1,partial_pearson_controlling_SOH,30,1000,-0.0100130461254226,-0.04761329830005,0.0531609971757901,642,1000,0.01716762866007541,-0.0765629892873157,0.10272754658593994,642,40,70,non_circular_segmented,0.1007742954758401,0.17929053587325564
CS2_37,HF5,1,degradation_pearson,10,1000,0.0191319657980484,-0.045023399103639,0.0622250559956767,642,1000,0.07337157624752988,0.0015874883034881103,0.1438353118326852,642,40,70,non_circular_segmented,0.1072484550993157,0.14224782352919707
CS2_37,HF5,1,degradation_spearman,10,1000,0.0389882144842433,-0.048123071660391,0.1290410151328312,642,1000,0.06275734556153534,-0.027981743395208317,0.14934825985847927,642,40,70,non_circular_segmented,0.1771640867932222,0.17733000325368758
CS2_37,HF5,1,partial_pearson_controlling_SOH,10,1000,0.0130135703722877,-0.0955908311897295,0.0704198216752584,642,1000,-0.03341185356271656,-0.10610622749175116,0.03754312945018135,642,40,70,non_circular_segmented,0.1660106528649879,0.1436493569419325
CS2_37,HF5,1,degradation_pearson,20,1000,0.0177490008073993,-0.0462033855585753,0.0657203148001178,642,1000,0.0842173471453817,0.004574779926109154,0.14608605645446332,642,40,70,non_circular_segmented,0.11192370035869309,0.14151127652835416
CS2_37,HF5,1,degradation_spearman,20,1000,0.0407273455284029,-0.0536867889901144,0.1308773616061416,642,1000,0.04593572637425888,-0.037829104360512254,0.12950199258670173,642,40,70,non_circular_segmented,0.184564150596256,0.167331096947214
CS2_37,HF5,1,partial_pearson_controlling_SOH,20,1000,0.0127371384211938,-0.0918061267684593,0.075184559792443,642,1000,-0.071254944624661,-0.14518360287851417,0.0007362377576956513,642,40,70,non_circular_segmented,0.1669906865609023,0.14591984063620983
CS2_37,HF5,1,degradation_pearson,30,1000,0.0176685961724081,-0.0536965025011832,0.0664032611278142,642,1000,0.1026096634957405,0.012468825513268571,0.148906460074929,642,40,70,non_circular_segmented,0.1200997636289974,0.13643763456166041
CS2_37,HF5,1,degradation_spearman,30,1000,0.0387789911689989,-0.0605154457053344,0.1321777495945078,642,1000,0.05592462319412918,-0.023558408581094915,0.13919266500983524,642,40,70,non_circular_segmented,0.1926931952998422,0.16275107359093016
CS2_37,HF5,1,partial_pearson_controlling_SOH,30,1000,0.0124726978612424,-0.0937987109708193,0.0672560260731131,642,1000,-0.07076741878720133,-0.1465020182610772,-0.006128993444050964,642,40,70,non_circular_segmented,0.1610547370439324,0.14037302481702624
CS2_37,HF6,1,degradation_pearson,10,1000,0.035677503940219,-0.0425903092980023,0.0854529657834812,642,1000,0.10371329628179715,0.03071073601196236,0.18052531911082734,642,40,70,non_circular_segmented,0.1280432750814835,0.14981458309886497
CS2_37,HF6,1,degradation_spearman,10,1000,0.0753778875078462,-0.0094158251894716,0.1671110531318379,642,1000,0.12399485466021079,0.03946917185174978,0.20399665999260375,642,40,70,non_circular_segmented,0.1765268783213095,0.16452748814085397
CS2_37,HF6,1,partial_pearson_controlling_SOH,10,1000,-0.0346976158166473,-0.0910649455973542,0.0331062191140361,642,1000,-0.09681713409625903,-0.19089752244263639,-0.02363528155588411,642,40,70,non_circular_segmented,0.12417116471139031,0.1672622408867523
CS2_37,HF6,1,degradation_pearson,20,1000,0.0332734861146161,-0.0427577603974422,0.0790983499526318,642,1000,0.11031063103502098,0.030800262667386877,0.18810680150545836,642,40,70,non_circular_segmented,0.12185611035007402,0.1573065388380715
CS2_37,HF6,1,degradation_spearman,20,1000,0.0804999926544355,-0.0087283498630504,0.1765839107294677,642,1000,0.0990731573191759,0.020927933251305625,0.17254569576671244,642,40,70,non_circular_segmented,0.1853122605925181,0.15161776251540682
CS2_37,HF6,1,partial_pearson_controlling_SOH,20,1000,-0.0316855024414626,-0.0956712830478442,0.0425687648769084,642,1000,-0.12850763861659767,-0.21188192742538384,-0.018359959096012467,642,40,70,non_circular_segmented,0.13824004792475258,0.19352196832937138
CS2_37,HF6,1,degradation_pearson,30,1000,0.0346231108892922,-0.0435399457980491,0.0846206351639609,642,1000,0.13953224728246272,0.056319756108681215,0.20031568998604343,642,40,70,non_circular_segmented,0.12816058096201,0.1439959338773622
CS2_37,HF6,1,degradation_spearman,30,1000,0.0825541616429857,-0.0221476245705643,0.18037021047784,642,1000,0.11022974554461437,0.0404951187441244,0.17642945786637113,642,40,70,non_circular_segmented,0.2025178350484043,0.13593433912224673
CS2_37,HF6,1,partial_pearson_controlling_SOH,30,1000,-0.0304595089321614,-0.0844813371376133,0.0360158024961547,642,1000,-0.1654607134523397,-0.23960514164247956,-0.05518933425646782,642,40,70,non_circular_segmented,0.120497139633768,0.18441580738601174
CS2_37,HF7,1,degradation_pearson,10,1000,-0.0091490979372728,-0.029894346724644,0.0082382126626216,1028,1000,-0.012981162970633574,-0.033902260322855274,0.01382284705665051,1028,7,197,non_circular_segmented,0.0381325593872656,0.047725107379505784
CS2_37,HF7,1,degradation_spearman,10,1000,-0.1112631248251952,-0.1825518214192684,-0.0366011499300846,1028,1000,-0.11496283436435856,-0.18987047219807765,-0.036893030176628434,1028,7,197,non_circular_segmented,0.1459506714891838,0.15297744202144922
CS2_37,HF7,1,partial_pearson_controlling_SOH,10,1000,0.5411202930013124,0.2604994935613157,0.7327317600777911,1028,1000,0.568028368588442,0.34761739684458226,0.6638810693327695,1028,7,197,non_circular_segmented,0.4722322665164754,0.3162636724881872
CS2_37,HF7,1,degradation_pearson,20,1000,-0.0089989966859599,-0.0298358033734797,0.0062025456341608,1028,1000,-0.01551435337981364,-0.0313499933917508,0.006892673225689641,1028,7,197,non_circular_segmented,0.0360383490076405,0.03824266661744044
CS2_37,HF7,1,degradation_spearman,20,1000,-0.1112051716292557,-0.193699232619081,-0.0113577048871109,1028,1000,-0.11597288254426376,-0.2013125759083926,-0.025440050884223343,1028,7,197,non_circular_segmented,0.1823415277319701,0.17587252502416925
CS2_37,HF7,1,partial_pearson_controlling_SOH,20,1000,0.5405260445757507,0.2681185399694359,0.6820626534074051,1028,1000,0.5831661335075233,0.37866868234383055,0.6670784026903458,1028,7,197,non_circular_segmented,0.4139441134379692,0.28840972034651524
CS2_37,HF7,1,degradation_pearson,30,1000,-0.0079669696625349,-0.0262668919428592,0.004636560859147,1028,1000,-0.016185331340670683,-0.030847655902573608,0.00691608933503628,1028,7,197,non_circular_segmented,0.030903452802006202,0.03776374523760989
CS2_37,HF7,1,degradation_spearman,30,1000,-0.1023266744484423,-0.197676554114367,-0.0007780869814588,1028,1000,-0.11902214242929984,-0.21262326629403777,-0.0013449931074033486,1028,7,197,non_circular_segmented,0.1968984671329082,0.21127827318663442
CS2_37,HF7,1,partial_pearson_controlling_SOH,30,1000,0.5487912750739135,0.2675628127762426,0.6807902759160323,1028,1000,0.6001870950466519,0.4027142881296478,0.6749612612493816,1028,7,197,non_circular_segmented,0.41322746313978964,0.2722469731197338
CS2_37,HF8,1,degradation_pearson,10,1000,-0.0068863558267615,-0.0490422084158005,0.0315132721840014,1004,1000,0.008314081303110187,-0.04256518389617829,0.06749915339184012,1004,34,81,non_circular_segmented,0.0805554805998019,0.11006433728801841
CS2_37,HF8,1,degradation_spearman,10,1000,0.0755482990014533,0.0007860081585569,0.1562507167270788,1004,1000,0.11726813344878348,0.03444763443337133,0.19681661602673273,1004,34,81,non_circular_segmented,0.1554647085685219,0.16236898159336138
CS2_37,HF8,1,partial_pearson_controlling_SOH,10,1000,-0.0578798561580592,-0.1519906050009847,0.0404394278672149,1004,1000,-0.013794434920800023,-0.1515240855789047,0.07540024149745131,1004,34,81,non_circular_segmented,0.1924300328681996,0.226924327076356
CS2_37,HF8,1,degradation_pearson,20,1000,-0.0060513168099886,-0.0489529585497677,0.0387683993847414,1004,1000,0.03232504362406882,-0.021469395645400374,0.08796743172637825,1004,34,81,non_circular_segmented,0.08772135793450911,0.10943682737177862
CS2_37,HF8,1,degradation_spearman,20,1000,0.0750112595080188,-0.0215650771269647,0.1678452549498198,1004,1000,0.15186850261932539,0.051820941527137024,0.23781567815971702,1004,34,81,non_circular_segmented,0.1894103320767845,0.18599473663257998
CS2_37,HF8,1,partial_pearson_controlling_SOH,20,1000,-0.056141089064778,-0.1921915801479602,0.0409367267467256,1004,1000,0.012125102179396425,-0.04206506764817597,0.07961950009653311,1004,34,81,non_circular_segmented,0.2331283068946858,0.12168456774470908
CS2_37,HF8,1,degradation_pearson,30,1000,-0.0067223911891778,-0.045347949299006,0.0354757504570918,1004,1000,0.04032515184068906,-0.02586017195810579,0.09432487809153672,1004,34,81,non_circular_segmented,0.0808236997560978,0.12018505004964251
CS2_37,HF8,1,degradation_spearman,30,1000,0.0753073184545677,-0.0331976665204378,0.1684362149576211,1004,1000,0.16406499555389126,0.03249851652193461,0.25842030711279795,1004,34,81,non_circular_segmented,0.20163388147805889,0.22592179059086334
CS2_37,HF8,1,partial_pearson_controlling_SOH,30,1000,-0.0516327881774702,-0.2498938742185749,0.0480567462003874,1004,1000,0.022794146622462735,-0.04095408963013966,0.1274210834120374,1004,34,81,non_circular_segmented,0.2979506204189623,0.16837517304217706
CS2_37,HF1,4,degradation_pearson,10,1000,-0.0485434311176006,-0.1186490638645537,-0.0015578996589152,1025,1000,-0.04690484623430113,-0.10582210744898164,0.0036526935276819127,1025,12,194,non_circular_segmented,0.1170911642056385,0.10947480097666355
CS2_37,HF1,4,degradation_spearman,10,1000,-0.1101313559980935,-0.2079270955231299,-0.0070143557971502,1025,1000,-0.11113279092130249,-0.20189039441963294,-0.019865121499007946,1025,12,194,non_circular_segmented,0.2009127397259797,0.18202527292062498
CS2_37,HF1,4,partial_pearson_controlling_SOH,10,1000,0.507572121928844,0.1365660459277737,0.806054320104493,1025,1000,0.5313207049490272,0.1490791732991572,0.6415727300466356,1025,12,194,non_circular_segmented,0.6694882741767193,0.4924935567474784
CS2_37,HF1,4,degradation_pearson,20,1000,-0.0473616891411314,-0.1206763315530294,-0.0048889238417214,1025,1000,-0.05656775641955211,-0.10200756549445741,-0.006628373263564146,1025,12,194,non_circular_segmented,0.115787407711308,0.09537919223089326
CS2_37,HF1,4,degradation_spearman,20,1000,-0.0984573450435205,-0.2091426405071212,0.0069978270640088,1025,1000,-0.10533387980399819,-0.20540537531807804,-0.005607153629461662,1025,12,194,non_circular_segmented,0.21614046757113,0.19979822168861638
CS2_37,HF1,4,partial_pearson_controlling_SOH,20,1000,0.5155545357500455,0.1797310404441274,0.7642131984010749,1025,1000,0.5730118923242383,0.21283869240022052,0.651001306270346,1025,12,194,non_circular_segmented,0.5844821579569475,0.4381626138701255
CS2_37,HF1,4,degradation_pearson,30,1000,-0.0464962165730701,-0.1281288416026741,-0.0047944668385614,1025,1000,-0.06229052772809831,-0.11319793926902316,-0.004754693331128975,1025,12,194,non_circular_segmented,0.1233343747641127,0.10844324593789419
CS2_37,HF1,4,degradation_spearman,30,1000,-0.0967405866422648,-0.218450466255968,0.0356752596582777,1025,1000,-0.11190117115662027,-0.218961379860291,0.0200458600690521,1025,12,194,non_circular_segmented,0.2541257259142457,0.23900723992934308
CS2_37,HF1,4,partial_pearson_controlling_SOH,30,1000,0.5182994532679301,0.2051550497698404,0.7228084006088539,1025,1000,0.5886227989807258,0.26518324377808017,0.6514001656804029,1025,12,194,non_circular_segmented,0.5176533508390135,0.38621692190232276
CS2_37,HF2,4,degradation_pearson,10,1000,0.0313138626828128,-0.0279091202197604,0.0832690320861227,1002,1000,0.0524169818950818,0.0008750803631810268,0.1272446127463511,1002,37,79,non_circular_segmented,0.1111781523058831,0.12636953238317009
CS2_37,HF2,4,degradation_spearman,10,1000,0.0527406793290985,-0.0580242023693602,0.1467241694076172,1002,1000,0.08196016521624944,-0.012720700700820734,0.17811912013410955,1002,37,79,non_circular_segmented,0.2047483717769774,0.19083982083493028
CS2_37,HF2,4,partial_pearson_controlling_SOH,10,1000,-0.0629398718748792,-0.182083658715367,0.067500918285607,1002,1000,-0.05400295486151899,-0.1667224277920488,0.05990108885979005,1002,37,79,non_circular_segmented,0.249584577000974,0.22662351665183883
CS2_37,HF2,4,degradation_pearson,20,1000,0.0319005336402106,-0.0267452171369537,0.0898809330526844,1002,1000,0.10942989034002507,0.02182772160520513,0.1851508603926206,1002,37,79,non_circular_segmented,0.1166261501896381,0.16332313878741547
CS2_37,HF2,4,degradation_spearman,20,1000,0.0472107321018502,-0.0732393067016429,0.1525685206293807,1002,1000,0.11305224253948029,-0.0028270343341177924,0.20853684578997106,1002,37,79,non_circular_segmented,0.22580782733102361,0.21136388012408885
CS2_37,HF2,4,partial_pearson_controlling_SOH,20,1000,-0.0649063925295767,-0.2085878675542647,0.0698251165471529,1002,1000,-0.033622768090560654,-0.11964412237714421,0.08746274969737858,1002,37,79,non_circular_segmented,0.27841298410141757,0.20710687207452277
CS2_37,HF2,4,degradation_pearson,30,1000,0.0303451582993706,-0.0203165141739465,0.0950039383238113,1002,1000,0.12785652923544755,0.020168554525869065,0.2141774416301351,1002,37,79,non_circular_segmented,0.1153204524977578,0.19400888710426603
CS2_37,HF2,4,degradation_spearman,30,1000,0.0495216676693021,-0.0866921344132807,0.163990825380848,1002,1000,0.13235373603841782,-0.02235879758242553,0.23762846513473881,1002,37,79,non_circular_segmented,0.2506829597941287,0.2599872627171643
CS2_37,HF2,4,partial_pearson_controlling_SOH,30,1000,-0.0603310593023383,-0.2795702707084278,0.0707572944072339,1002,1000,-0.021438377236912283,-0.12936585147881383,0.14797731625717953,1002,37,79,non_circular_segmented,0.3503275651156617,0.2773431677359933
CS2_37,HF3,4,degradation_pearson,10,1000,0.1115630568835013,-0.0614651466329411,0.6545828284740789,998,1000,-0.05029019931167972,-0.13742260026375136,0.014881025992296413,998,38,79,non_circular_segmented,0.71604797510702,0.15230362625604776
CS2_37,HF3,4,degradation_spearman,10,1000,-0.0654763536504549,-0.1665270249915715,0.0471249079287616,998,1000,-0.11685328772180428,-0.20913493380737042,-0.017516345960987705,998,38,79,non_circular_segmented,0.21365193292033308,0.19161858784638272
CS2_37,HF3,4,partial_pearson_controlling_SOH,10,1000,-0.1039400182982154,-0.8426631823267976,0.0258428632141762,998,1000,-0.06660723972420951,-0.12720192956034598,0.018966290958356783,998,38,79,non_circular_segmented,0.8685060455409738,0.14616822051870276
CS2_37,HF3,4,degradation_pearson,20,1000,0.1088831860819433,-0.0661366197749115,0.657353204314371,998,1000,-0.10241811083566515,-0.18551379821781736,-0.015367115737838713,998,38,79,non_circular_segmented,0.7234898240892825,0.17014668247997863
CS2_37,HF3,4,degradation_spearman,20,1000,-0.0624223518570373,-0.193891685200979,0.0549516880008085,998,1000,-0.1418813313767081,-0.229918888155337,-0.03439973665100791,998,38,79,non_circular_segmented,0.24884337320178748,0.1955191515043291
CS2_37,HF3,4,partial_pearson_controlling_SOH,20,1000,-0.103571441482492,-0.8330044845676551,0.0258926737440019,998,1000,-0.09868379350890044,-0.17740987837969974,0.01713873270405377,998,38,79,non_circular_segmented,0.858897158311657,0.19454861108375351
CS2_37,HF3,4,degradation_pearson,30,1000,0.1086275993303943,-0.0711045997141208,0.6528234494921455,998,1000,-0.13392257295548896,-0.217629620997524,-0.04687619208167862,998,38,79,non_circular_segmented,0.7239280492062663,0.17075342891584538
CS2_37,HF3,4,degradation_spearman,30,1000,-0.0582472186420806,-0.1874088801179473,0.087843272066001,998,1000,-0.14524911639212992,-0.2448801814779385,-0.013802958615512976,998,38,79,non_circular_segmented,0.2752521521839483,0.23107722286242552
CS2_37,HF3,4,partial_pearson_controlling_SOH,30,1000,-0.1030905663261179,-0.8135216972489602,0.0312417022544455,998,1000,-0.11255860212371402,-0.20724161927594964,0.017653211443656995,998,38,79,non_circular_segmented,0.8447633995034056,0.22489483071960664
CS2_37,HF4,4,degradation_pearson,10,1000,0.0171010438254742,-0.0681896723930284,0.0977573058541777,641,1000,0.08319434765869185,-0.012728599517994968,0.17873819183371845,641,42,70,non_circular_segmented,0.1659469782472061,0.1914667913517134
CS2_37,HF4,4,degradation_spearman,10,1000,0.0269024078891137,-0.1026872325833305,0.1708098805295469,641,1000,0.11669618898270925,0.005658910529992362,0.22999210313169488,641,42,70,non_circular_segmented,0.2734971131128774,0.2243331926017025
CS2_37,HF4,4,partial_pearson_controlling_SOH,10,1000,0.0095911728891323,-0.0878480135832568,0.1024297053012502,641,1000,-0.004747942806003592,-0.11995915475568548,0.08775940894872569,641,42,70,non_circular_segmented,0.190277718884507,0.20771856370441116
CS2_37,HF4,4,degradation_pearson,20,1000,0.016164916579945,-0.0530370908746849,0.093482209973669,641,1000,0.09108193399077506,-0.012517511399798618,0.199508321248086,641,42,70,non_circular_segmented,0.1465193008483539,0.21202583264788463
CS2_37,HF4,4,degradation_spearman,20,1000,0.0377027505717821,-0.1129775017870546,0.185436088471043,641,1000,0.15486855609805297,0.05241969121955376,0.25298047063571966,641,42,70,non_circular_segmented,0.2984135902580976,0.2005607794161659
CS2_37,HF4,4,partial_pearson_controlling_SOH,20,1000,0.0071685929320168,-0.104153448387356,0.1063496771285565,641,1000,-0.044792407254357555,-0.1931199231049858,0.06968600351680393,641,42,70,non_circular_segmented,0.2105031255159125,0.2628059266217897
CS2_37,HF4,4,degradation_pearson,30,1000,0.015342588861534,-0.0541606352725247,0.0995252759629392,641,1000,0.1152509002399921,0.011313677949624975,0.2046147388641724,641,42,70,non_circular_segmented,0.1536859112354639,0.1933010609145474
CS2_37,HF4,4,degradation_spearman,30,1000,0.0379710719708803,-0.1167213672520616,0.2118490471795806,641,1000,0.2161009663768781,0.1301728369891185,0.29507531493820505,641,42,70,non_circular_segmented,0.3285704144316422,0.16490247794908655
CS2_37,HF4,4,partial_pearson_controlling_SOH,30,1000,0.0085340932847801,-0.1074728534914569,0.1110751774996562,641,1000,-0.0711432066947367,-0.2451856046637767,0.08326585297586107,641,42,70,non_circular_segmented,0.21854803099111308,0.3284514576396378
CS2_37,HF5,4,degradation_pearson,10,1000,0.0348141010011645,-0.0489454785366895,0.1177593414921794,641,1000,0.13586430652471443,0.03769789797990788,0.2390336107709289,641,42,70,non_circular_segmented,0.16670482002886888,0.20133571279102103
CS2_37,HF5,4,degradation_spearman,10,1000,0.0714464863421728,-0.0630810700303613,0.2150069591893684,641,1000,0.16836481506382528,0.0593841748156543,0.27436795706740036,641,42,70,non_circular_segmented,0.2780880292197297,0.21498378225174605
CS2_37,HF5,4,partial_pearson_controlling_SOH,10,1000,-0.077166776211568,-0.1810777496851745,0.0411356959108921,641,1000,-0.16665321571860225,-0.25969285557270083,-0.07783095934590602,641,42,70,non_circular_segmented,0.2222134455960666,0.18186189622679483
CS2_37,HF5,4,degradation_pearson,20,1000,0.0363512324552247,-0.0414733541158859,0.1228632473488515,641,1000,0.17338479006045074,0.06452273702054659,0.2910549801537272,641,42,70,non_circular_segmented,0.1643366014647374,0.22653224313318063
CS2_37,HF5,4,degradation_spearman,20,1000,0.0822828807220864,-0.0747515135022006,0.2364810021078557,641,1000,0.20747747851336223,0.10184618821662704,0.29820785789543414,641,42,70,non_circular_segmented,0.31123251561005627,0.19636166967880708
CS2_37,HF5,4,partial_pearson_controlling_SOH,20,1000,-0.0796205461357682,-0.1753122788227022,0.0357225379172592,641,1000,-0.26965506113799975,-0.3718114936040659,-0.18362354970573638,641,42,70,non_circular_segmented,0.21103481673996138,0.18818794389832952
CS2_37,HF5,4,degradation_pearson,30,1000,0.0345078284579345,-0.0333381739350853,0.1208465059278689,641,1000,0.21364766410967861,0.10736078214275101,0.3175597547124597,641,42,70,non_circular_segmented,0.1541846798629542,0.21019897256970865
CS2_37,HF5,4,degradation_spearman,30,1000,0.0883979684057815,-0.0814813384731829,0.2562459467589594,641,1000,0.24608758002945863,0.18174248414928504,0.3146332406674579,641,42,70,non_circular_segmented,0.3377272852321423,0.13289075651817286
CS2_37,HF5,4,partial_pearson_controlling_SOH,30,1000,-0.0772196992032321,-0.17834410446368,0.0327894087705141,641,1000,-0.2952510541283154,-0.3789260508934958,-0.22719641678875951,641,42,70,non_circular_segmented,0.2111335132341941,0.15172963410473628
CS2_37,HF6,4,degradation_pearson,10,1000,0.0484390496054843,-0.0354331620367684,0.131428140094419,641,1000,0.12376425986390485,0.02744326522393649,0.22174827052157628,641,42,70,non_circular_segmented,0.16686130213118738,0.19430500529763978
CS2_37,HF6,4,degradation_spearman,10,1000,0.0928383898956148,-0.0419148555047694,0.2311406493326308,641,1000,0.1939336629912226,0.08586133376960375,0.286513063681752,641,42,70,non_circular_segmented,0.2730555048374002,0.20065172991214825
CS2_37,HF6,4,partial_pearson_controlling_SOH,10,1000,-0.0727897860211901,-0.1616336307343545,0.01192359077293,641,1000,-0.10440718218369005,-0.20099270632659214,-0.016606539818755657,641,42,70,non_circular_segmented,0.1735572215072845,0.18438616650783649
CS2_37,HF6,4,degradation_pearson,20,1000,0.0469039425086388,-0.0292601445827066,0.1308350219405201,641,1000,0.144018107933357,0.041588240630327455,0.25878882715009993,641,42,70,non_circular_segmented,0.1600951665232267,0.21720058651977248
CS2_37,HF6,4,degradation_spearman,20,1000,0.095733589737796,-0.0514096149672037,0.2492777087069853,641,1000,0.20182308239605698,0.11304308715325202,0.2876171907755205,641,42,70,non_circular_segmented,0.300687323674189,0.1745741036222685
CS2_37,HF6,4,partial_pearson_controlling_SOH,20,1000,-0.0741570676399587,-0.1607292383013668,0.0244860115590277,641,1000,-0.15029221438615592,-0.2631550592532571,-0.041842078835926014,641,42,70,non_circular_segmented,0.1852152498603945,0.2213129804173311
CS2_37,HF6,4,degradation_pearson,30,1000,0.0457329003733345,-0.0332889567173216,0.1339017934647488,641,1000,0.18589074877868444,0.10157999974267537,0.2948728713247674,641,42,70,non_circular_segmented,0.16719075018207039,0.19329287158209205
CS2_37,HF6,4,degradation_spearman,30,1000,0.1042194627959092,-0.0625892270823717,0.2610591987434011,641,1000,0.237800929059785,0.1672212859770251,0.3149424977499864,641,42,70,non_circular_segmented,0.3236484258257728,0.1477212117729613
CS2_37,HF6,4,partial_pearson_controlling_SOH,30,1000,-0.0694043370154629,-0.1602573782034275,0.0263140262636457,641,1000,-0.19575116571499848,-0.29466177076742056,-0.07790259573611075,641,42,70,non_circular_segmented,0.1865714044670732,0.21675917503130981
CS2_37,HF7,4,degradation_pearson,10,1000,-0.0477683058668588,-0.1146531102837224,-0.0017470305611221,1025,1000,-0.04821604054558666,-0.10367058544836631,0.004437684659290317,1025,12,194,non_circular_segmented,0.11290607972260029,0.10810827010765663
CS2_37,HF7,4,degradation_spearman,10,1000,-0.1059102252068548,-0.2006158830469005,-0.0076271515553594,1025,1000,-0.11056021998553645,-0.20212431483269286,-0.016590789686472755,1025,12,194,non_circular_segmented,0.1929887314915411,0.1855335251462201
CS2_37,HF7,4,partial_pearson_controlling_SOH,10,1000,0.5044412071469964,0.1466738991028178,0.7883790896078626,1025,1000,0.5162144898637301,0.1424131904512365,0.6320464229393198,1025,12,194,non_circular_segmented,0.6417051905050448,0.4896332324880833
CS2_37,HF7,4,degradation_pearson,20,1000,-0.0449435547204239,-0.1183920953731162,-0.0033947047843074,1025,1000,-0.05648187973067596,-0.1046310206980572,-0.001956253462518503,1025,12,194,non_circular_segmented,0.1149973905888088,0.1026747672355387
CS2_37,HF7,4,degradation_spearman,20,1000,-0.0996210334288903,-0.2076921229996335,0.0260385876746613,1025,1000,-0.10831589946040138,-0.19063700540215628,-0.0008988451856528783,1025,12,194,non_circular_segmented,0.2337307106742948,0.1897381602165034
CS2_37,HF7,4,partial_pearson_controlling_SOH,20,1000,0.5105324644861011,0.1760816962217921,0.7454661920731374,1025,1000,0.5508363184763898,0.21444990268562464,0.6366206147265451,1025,12,194,non_circular_segmented,0.5693844958513452,0.42217071204092044
CS2_37,HF7,4,degradation_pearson,30,1000,-0.0467684740403379,-0.1241974898762376,-0.0027375738304366,1025,1000,-0.059726988250058795,-0.11505321137130749,-0.011388674122008224,1025,12,194,non_circular_segmented,0.121459916045801,0.10366453724929926
CS2_37,HF7,4,degradation_spearman,30,1000,-0.0956845297848832,-0.2198780535465787,0.0324914773117307,1025,1000,-0.10876075643794622,-0.22480646231038146,0.010349346972204784,1025,12,194,non_circular_segmented,0.2523695308583094,0.23515580928258623
CS2_37,HF7,4,partial_pearson_controlling_SOH,30,1000,0.509802804097797,0.2212113703313687,0.7325584163461804,1025,1000,0.5627201330744405,0.2518736245013754,0.6410335027627728,1025,12,194,non_circular_segmented,0.5113470460148116,0.3891598782613974
CS2_37,HF8,4,degradation_pearson,10,1000,0.0383008416033111,-0.0179533634815641,0.0929474392654625,1002,1000,0.059186300840324856,0.0012339287475616027,0.13639064439858703,1002,37,79,non_circular_segmented,0.1109008027470266,0.13515671565102544
CS2_37,HF8,4,degradation_spearman,10,1000,0.0639663781443493,-0.0316169559100624,0.159049395870779,1002,1000,0.09560200731392285,0.0014887306374496458,0.18103266427640222,1002,37,79,non_circular_segmented,0.1906663517808414,0.17954393363895257
CS2_37,HF8,4,partial_pearson_controlling_SOH,10,1000,-0.0808857755516363,-0.2159954480389836,0.0594468060513634,1002,1000,-0.048698735139885194,-0.16994272826981968,0.05325167093649737,1002,37,79,non_circular_segmented,0.275442254090347,0.22319439920631706
CS2_37,HF8,4,degradation_pearson,20,1000,0.0356081298507038,-0.0186310718696865,0.0951665307689776,1002,1000,0.11740101482031386,0.030439797720013484,0.20655921990713574,1002,37,79,non_circular_segmented,0.1137976026386641,0.17611942218712226
CS2_37,HF8,4,degradation_spearman,20,1000,0.0574813750062689,-0.0607131499033266,0.1691774527046851,1002,1000,0.12040092028877077,-0.0012016044792433173,0.22059324511410625,1002,37,79,non_circular_segmented,0.2298906026080117,0.22179484959334955
CS2_37,HF8,4,partial_pearson_controlling_SOH,20,1000,-0.0778424751812458,-0.2257393067859713,0.0695336406035821,1002,1000,-0.032025713347980565,-0.11386369991855023,0.09567644242995958,1002,37,79,non_circular_segmented,0.2952729473895534,0.20954014234850982
CS2_37,HF8,4,degradation_pearson,30,1000,0.0362865311125549,-0.0132607551466179,0.0999518589149612,1002,1000,0.1350208202847955,0.034217703263480274,0.234903780112554,1002,37,79,non_circular_segmented,0.11321261406157909,0.20068607684907372
CS2_37,HF8,4,degradation_spearman,30,1000,0.0535142055507735,-0.0778167788888506,0.1618309758941767,1002,1000,0.12806994320398613,-0.0058590511893102035,0.24040990222821626,1002,37,79,non_circular_segmented,0.2396477547830273,0.24626895341752647
CS2_37,HF8,4,partial_pearson_controlling_SOH,30,1000,-0.0762314375454902,-0.2914734368598172,0.0918315621699187,1002,1000,-0.015906837232930942,-0.12374246608901592,0.14975024270986018,1002,37,79,non_circular_segmented,0.3833049990297359,0.2734927087988761
CS2_37,HF1,8,degradation_pearson,10,1000,-0.0930550988864696,-0.1935213887645484,-0.0228183347702671,1021,1000,-0.07799540638689857,-0.18145209112425606,-0.014145220261778398,1021,12,190,non_circular_segmented,0.17070305399428132,0.16730687086247767
CS2_37,HF1,8,degradation_spearman,10,1000,-0.2146407440892711,-0.3450536771504062,-0.0711906783440364,1021,1000,-0.2129844186086347,-0.34841591877568556,-0.0722922985449164,1021,12,190,non_circular_segmented,0.2738629988063698,0.2761236202307692
CS2_37,HF1,8,partial_pearson_controlling_SOH,10,1000,0.5410645899654712,0.1881733033707205,0.8221355005523749,1021,1000,0.45024698052203127,0.24335553864107232,0.6666018555368268,1021,12,190,non_circular_segmented,0.6339621971816545,0.42324631689575454
CS2_37,HF1,8,degradation_pearson,20,1000,-0.0945375386827137,-0.2192496079334393,-0.0235080810170528,1021,1000,-0.1002533158954808,-0.18831208086946688,-0.01855445844509947,1021,12,190,non_circular_segmented,0.19574152691638652,0.1697576224243674
CS2_37,HF1,8,degradation_spearman,20,1000,-0.2081774871685495,-0.3562630790433517,-0.0359573996824956,1021,1000,-0.1998392668256311,-0.3457319494310243,-0.03321861661681431,1021,12,190,non_circular_segmented,0.3203056793608561,0.31251333281421
CS2_37,HF1,8,partial_pearson_controlling_SOH,20,1000,0.5434791101737397,0.2135358967875076,0.8030247973326367,1021,1000,0.5541493641431909,0.29648931645558735,0.6689540267519127,1021,12,190,non_circular_segmented,0.589488900545129,0.3724647102963254
CS2_37,HF1,8,degradation_pearson,30,1000,-0.0922166578590582,-0.2227541846173016,-0.0214887586047951,1021,1000,-0.1217424697262606,-0.21091098472349268,-0.0207892524969421,1021,12,190,non_circular_segmented,0.2012654260125065,0.19012173222655057
CS2_37,HF1,8,degradation_spearman,30,1000,-0.201345504948325,-0.3685443044475618,-0.019750434712393,1021,1000,-0.20542970210000194,-0.37562605269607213,-0.012565642070908005,1021,12,190,non_circular_segmented,0.3487938697351688,0.36306041062516414
CS2_37,HF1,8,partial_pearson_controlling_SOH,30,1000,0.5392201651783295,0.2136502543260284,0.7888578924664272,1021,1000,0.5775575013428673,0.33905731347768653,0.6647362733313155,1021,12,190,non_circular_segmented,0.5752076381403988,0.32567895985362894
CS2_37,HF2,8,degradation_pearson,10,1000,0.029018710278513,-0.0422495180812886,0.140389223310758,997,1000,0.11344684559410162,0.04500419864959778,0.21413089455334913,997,39,75,non_circular_segmented,0.1826387413920466,0.16912669590375135
CS2_37,HF2,8,degradation_spearman,10,1000,0.1758275989460831,0.0261815478691998,0.3118526821761194,997,1000,0.21413746859788846,0.08334698443603071,0.3510335647399986,997,39,75,non_circular_segmented,0.2856711343069196,0.26768658030396786
CS2_37,HF2,8,partial_pearson_controlling_SOH,10,1000,-0.0350879437571711,-0.1570276711979799,0.126343765932947,997,1000,-0.10055390917512277,-0.19144713545492023,0.017831792173165995,997,39,75,non_circular_segmented,0.2833714371309269,0.20927892762808623
CS2_37,HF2,8,degradation_pearson,20,1000,0.030235965914983,-0.0473918485905795,0.1635618289997839,997,1000,0.23218296885320006,0.11427223216309519,0.34437310250521563,997,39,75,non_circular_segmented,0.21095367759036338,0.23010087034212046
CS2_37,HF2,8,degradation_spearman,20,1000,0.175392839194486,0.0011677783572643,0.3305326336535341,997,1000,0.2687785033285288,0.08311613262190583,0.4182136589197793,997,39,75,non_circular_segmented,0.3293648552962698,0.3350975262978735
CS2_37,HF2,8,partial_pearson_controlling_SOH,20,1000,-0.0375650272828478,-0.1544755056082002,0.1540085365446925,997,1000,-0.10848104703735081,-0.23088839047401089,0.08037033145444987,997,39,75,non_circular_segmented,0.3084840421528927,0.31125872192846077
CS2_37,HF2,8,degradation_pearson,30,1000,0.029013063538399,-0.0572401558527321,0.1758406957743649,997,1000,0.26900024222621816,0.14058613421610858,0.37618760342504215,997,39,75,non_circular_segmented,0.233080851627097,0.23560146920893357
CS2_37,HF2,8,degradation_spearman,30,1000,0.1725120432117236,-0.026922004740654,0.3406074432383685,997,1000,0.2836623666894566,0.08379759782603792,0.44006973844272745,997,39,75,non_circular_segmented,0.3675294479790225,0.35627214061668955
CS2_37,HF2,8,partial_pearson_controlling_SOH,30,1000,-0.0370942400359421,-0.1782939857319064,0.162959291840777,997,1000,-0.09272921664811337,-0.24419984444922394,0.11713099956172694,997,39,75,non_circular_segmented,0.3412532775726834,0.3613308440109509
CS2_37,HF3,8,degradation_pearson,10,1000,0.072067986995202,-0.1358552919848394,0.5289501176457809,993,1000,-0.11396310792273145,-0.21433197382592137,-0.011635523855240446,993,40,75,non_circular_segmented,0.6648054096306203,0.20269644997068093
CS2_37,HF3,8,degradation_spearman,10,1000,-0.2087835572256451,-0.3285353245838343,-0.0597224464341528,993,1000,-0.24828634547464323,-0.37414011145128445,-0.12271231550911195,993,40,75,non_circular_segmented,0.26881287814968147,0.2514277959421725
CS2_37,HF3,8,partial_pearson_controlling_SOH,10,1000,-0.0762033850524937,-0.7013723177313645,0.0527310709295847,993,1000,-0.023985925213783996,-0.12964006304476514,0.05914235219653082,993,40,75,non_circular_segmented,0.7541033886609493,0.18878241524129596
CS2_37,HF3,8,degradation_pearson,20,1000,0.0744110465882503,-0.1645784736058079,0.5004879588840234,993,1000,-0.19917122310890978,-0.30270906385895685,-0.05344588254439748,993,40,75,non_circular_segmented,0.6650664324898313,0.24926318131455938
CS2_37,HF3,8,degradation_spearman,20,1000,-0.201446760569764,-0.3610147435901964,-0.0291803545450358,993,1000,-0.29323723318470496,-0.4193340294474629,-0.14823908100115965,993,40,75,non_circular_segmented,0.3318343890451606,0.2710949484463032
CS2_37,HF3,8,partial_pearson_controlling_SOH,20,1000,-0.0791136427747761,-0.6445743886017906,0.0424310681324974,993,1000,-0.08784921916687384,-0.20112843373308797,0.021621133101467717,993,40,75,non_circular_segmented,0.687005456734288,0.22274956683455568
CS2_37,HF3,8,degradation_pearson,30,1000,0.0712319917881858,-0.1918394992585254,0.4779822278270484,993,1000,-0.24620216251164884,-0.34957053332862276,-0.0776534770322384,993,40,75,non_circular_segmented,0.6698217270855737,0.27191705629638435
CS2_37,HF3,8,degradation_spearman,30,1000,-0.2008873346795411,-0.3652782654269151,-0.0258771668808252,993,1000,-0.29226642522320717,-0.42784742066447445,-0.13759908071760282,993,40,75,non_circular_segmented,0.3394010985460899,0.2902483399468716
CS2_37,HF3,8,partial_pearson_controlling_SOH,30,1000,-0.0782972590506793,-0.6138182723734571,0.0625119208594063,993,1000,-0.12453306599030682,-0.26088389951952223,0.020161907567548692,993,40,75,non_circular_segmented,0.6763301932328634,0.28104580708707094
CS2_37,HF4,8,degradation_pearson,10,1000,0.0137998219855583,-0.1335521210786787,0.085297957042766,642,1000,0.039411836286483426,-0.07942916370104361,0.17338460035546904,642,42,70,non_circular_segmented,0.2188500781214447,0.2528137640565127
CS2_37,HF4,8,degradation_spearman,10,1000,0.0244350640593618,-0.1570066269229388,0.209867112160033,642,1000,0.09465945233459624,-0.09606431965938471,0.29458213212207157,642,42,70,non_circular_segmented,0.36687373908297183,0.3906464517814563
CS2_37,HF4,8,partial_pearson_controlling_SOH,10,1000,0.0321578553387494,-0.0551188293601647,0.2149323157300645,642,1000,0.0690229529315114,-0.03661993767839073,0.17726212043021466,642,42,70,non_circular_segmented,0.2700511450902292,0.2138820581086054
CS2_37,HF4,8,degradation_pearson,20,1000,0.0129078467439441,-0.1312594647943234,0.0940718445407767,642,1000,0.05131371229786985,-0.08967948551684611,0.21529241654918366,642,42,70,non_circular_segmented,0.2253313093351001,0.30497190206602975
CS2_37,HF4,8,degradation_spearman,20,1000,0.0333105848553233,-0.1590083175730799,0.2499804973252172,642,1000,0.1686839048823518,-0.023751300421208085,0.352259301504034,642,42,70,non_circular_segmented,0.4089888148982971,0.3760106019252421
CS2_37,HF4,8,partial_pearson_controlling_SOH,20,1000,0.0296114388541972,-0.0591827824568773,0.234697038749568,642,1000,0.038568013807252735,-0.08888673315672896,0.1638151962038033,642,42,70,non_circular_segmented,0.2938798212064453,0.25270192936053226
CS2_37,HF4,8,degradation_pearson,30,1000,0.0111417724063784,-0.1301269517002894,0.0893493565509645,642,1000,0.0816866380787502,-0.02606823070131668,0.205393071099837,642,42,70,non_circular_segmented,0.21947630825125392,0.23146130180115368
CS2_37,HF4,8,degradation_spearman,30,1000,0.0420695173348404,-0.1623179096681382,0.2448319494629272,642,1000,0.23527159721710106,0.09110972903880052,0.36126160849170863,642,42,70,non_circular_segmented,0.4071498591310654,0.2701518794529081
CS2_37,HF4,8,partial_pearson_controlling_SOH,30,1000,0.0330203714935642,-0.0574862387009625,0.2626049132206954,642,1000,0.04767275473040916,-0.10144524916833689,0.18735233907124582,642,42,70,non_circular_segmented,0.3200911519216579,0.2887975882395827
CS2_37,HF5,8,degradation_pearson,10,1000,0.0163796650907322,-0.1165360406562405,0.0838679660581945,642,1000,0.056103969553293484,-0.067376281731332,0.18234073883266583,642,42,70,non_circular_segmented,0.200404006714435,0.24971702056399783
CS2_37,HF5,8,degradation_spearman,10,1000,0.0672301691563244,-0.1304129580519759,0.2367579884954019,642,1000,0.1446860758121539,-0.04110009069987268,0.3069615974837731,642,42,70,non_circular_segmented,0.3671709465473778,0.3480616881836458
CS2_37,HF5,8,partial_pearson_controlling_SOH,10,1000,-0.0042102720833187,-0.0696813604569109,0.0682012200574003,642,1000,-0.05221526922611959,-0.1365293812951241,0.03953401016391171,642,42,70,non_circular_segmented,0.13788258051431118,0.17606339145903582
CS2_37,HF5,8,degradation_pearson,20,1000,0.0179080244751713,-0.1243084916040531,0.0907245870868596,642,1000,0.10137150714536372,-0.04572857012816832,0.2784760099864966,642,42,70,non_circular_segmented,0.2150330786909127,0.3242045801146649
CS2_37,HF5,8,degradation_spearman,20,1000,0.0693182764093084,-0.1356972984838371,0.2623640482444845,642,1000,0.2247233609356919,0.04243688114311913,0.39824722157919423,642,42,70,non_circular_segmented,0.3980613467283216,0.3558103404360751
CS2_37,HF5,8,partial_pearson_controlling_SOH,20,1000,-0.0056861043798123,-0.0745650149255274,0.0701583311782868,642,1000,-0.14756102273335386,-0.2519072716636527,-0.04209990848536785,642,42,70,non_circular_segmented,0.1447233461038142,0.20980736317828483
CS2_37,HF5,8,degradation_pearson,30,1000,0.0158513743528619,-0.1117121812123332,0.1011148197930889,642,1000,0.13729045200196766,0.01976871939163289,0.26994562628900665,642,42,70,non_circular_segmented,0.2128270010054221,0.25017690689737376
CS2_37,HF5,8,degradation_spearman,30,1000,0.0665213534165083,-0.1527213817358545,0.2986762803904977,642,1000,0.28281536158473386,0.14587990391380282,0.3902145179233857,642,42,70,non_circular_segmented,0.45139766212635224,0.24433461400958287
CS2_37,HF5,8,partial_pearson_controlling_SOH,30,1000,-0.0048611798668547,-0.0850722438331562,0.063853456711222,642,1000,-0.15181053204413464,-0.26232211578186126,-0.047520402833381395,642,42,70,non_circular_segmented,0.1489257005443782,0.21480171294847988
CS2_37,HF6,8,degradation_pearson,10,1000,0.0528934824394914,-0.0705069891870159,0.1211967797810624,642,1000,0.0751252748465182,-0.043573563012174424,0.18970510093102042,642,42,70,non_circular_segmented,0.19170376896807828,0.23327866394319485
CS2_37,HF6,8,degradation_spearman,10,1000,0.0959178734064631,-0.0798848814427928,0.2618506474293534,642,1000,0.17310093529031306,0.022071485295757046,0.31623431285103437,642,42,70,non_circular_segmented,0.3417355288721462,0.29416282755527734
CS2_37,HF6,8,partial_pearson_controlling_SOH,10,1000,-0.0860262227992843,-0.1628588545889908,-0.035902698816582,642,1000,-0.07544562996571802,-0.1615168293657338,0.006818669229138807,642,42,70,non_circular_segmented,0.1269561557724088,0.16833549859487262
CS2_37,HF6,8,degradation_pearson,20,1000,0.0508688541689012,-0.0731976652007071,0.1242406714857402,642,1000,0.09904498041527524,-0.02257926291250031,0.24901460420027885,642,42,70,non_circular_segmented,0.19743833668644728,0.27159386711277916
CS2_37,HF6,8,degradation_spearman,20,1000,0.0909733353109322,-0.0801741526493382,0.2685791098889224,642,1000,0.21559029811848485,0.04324390434144225,0.3706875513673575,642,42,70,non_circular_segmented,0.3487532625382606,0.3274436470259152
CS2_37,HF6,8,partial_pearson_controlling_SOH,20,1000,-0.0837222005434946,-0.1662160214201962,-0.02236417925696,642,1000,-0.11461351842799662,-0.2129092805001905,-0.021699297296805812,642,42,70,non_circular_segmented,0.1438518421632362,0.1912099832033847
CS2_37,HF6,8,degradation_pearson,30,1000,0.0514431471928258,-0.075209484368496,0.1298095190023226,642,1000,0.13065946570351258,0.032602814427608054,0.256258847840752,642,42,70,non_circular_segmented,0.2050190033708186,0.22365603341314394
CS2_37,HF6,8,degradation_spearman,30,1000,0.0997099290128994,-0.1056267652718696,0.2860655465934739,642,1000,0.2529704743880485,0.13565827353702534,0.36728702099692473,642,42,70,non_circular_segmented,0.3916923118653435,0.2316287474598994
CS2_37,HF6,8,partial_pearson_controlling_SOH,30,1000,-0.0833373017822236,-0.1606253893611461,-0.0136106866612452,642,1000,-0.12735500719932905,-0.2243482163991063,-0.015650832112473045,642,42,70,non_circular_segmented,0.14701470269990088,0.20869738428663326
CS2_37,HF7,8,degradation_pearson,10,1000,-0.0903313728776207,-0.2034971053584298,-0.0261230493640398,1021,1000,-0.08032180364685237,-0.18382499682069664,-0.013534418849320962,1021,12,190,non_circular_segmented,0.17737405599439,0.17029057797137567
CS2_37,HF7,8,degradation_spearman,10,1000,-0.2101812452237127,-0.3436560942579069,-0.0655509320019162,1021,1000,-0.21206796478442025,-0.3373003539832403,-0.08597160100465406,1021,12,190,non_circular_segmented,0.2781051622559907,0.25132875297858626
CS2_37,HF7,8,partial_pearson_controlling_SOH,10,1000,0.5262718579234416,0.1855531390600598,0.8222471135797004,1021,1000,0.4342699290446066,0.25043677319587593,0.6556050259262274,1021,12,190,non_circular_segmented,0.6366939745196406,0.40516825273035145
CS2_37,HF7,8,degradation_pearson,20,1000,-0.0950623250731799,-0.2182866317953322,-0.0196020796525789,1021,1000,-0.10595008808050219,-0.1987177499001459,-0.021205845631557585,1021,12,190,non_circular_segmented,0.1986845521427533,0.17751190426858832
CS2_37,HF7,8,degradation_spearman,20,1000,-0.2133273688275738,-0.3615860651149992,-0.0363385574907407,1021,1000,-0.2042046340988265,-0.3457210867353482,-0.04525931601710539,1021,12,190,non_circular_segmented,0.32524750762425847,0.3004617707182428
CS2_37,HF7,8,partial_pearson_controlling_SOH,20,1000,0.5339795056893368,0.2204179167940086,0.7810073169504635,1021,1000,0.5347264379857757,0.28971282293351497,0.6558719811322197,1021,12,190,non_circular_segmented,0.560589400156455,0.3661591581987047
CS2_37,HF7,8,degradation_pearson,30,1000,-0.0973466352571247,-0.2298660099693036,-0.0223347317273638,1021,1000,-0.12271269926709746,-0.20483096737156334,-0.027818518447922224,1021,12,190,non_circular_segmented,0.2075312782419398,0.17701244892364112
CS2_37,HF7,8,degradation_spearman,30,1000,-0.2072459321492801,-0.3655132901773185,-0.0239392333684484,1021,1000,-0.21561258526789834,-0.37653322160714325,-0.016047471387414247,1021,12,190,non_circular_segmented,0.3415740568088701,0.360485750219729
CS2_37,HF7,8,partial_pearson_controlling_SOH,30,1000,0.5316426265676075,0.191783104328519,0.773188555696389,1021,1000,0.5685391869874061,0.33089658506859315,0.665883527611602,1021,12,190,non_circular_segmented,0.58140545136787,0.3349869425430088
CS2_37,HF8,8,degradation_pearson,10,1000,0.0430986412869041,-0.0245213313115958,0.1597158432226779,997,1000,0.11883725128176331,0.048375916326192446,0.23134034436030487,997,39,75,non_circular_segmented,0.1842371745342737,0.18296442803411242
CS2_37,HF8,8,degradation_spearman,10,1000,0.1815933528554907,0.0439415179059781,0.3268602321163017,997,1000,0.2277673487711962,0.08521165049108835,0.36354447912508975,997,39,75,non_circular_segmented,0.2829187142103236,0.2783328286340014
CS2_37,HF8,8,partial_pearson_controlling_SOH,10,1000,-0.0547065749822746,-0.1800577985766019,0.0976530985266467,997,1000,-0.1074846593040029,-0.2240865352294345,0.020326445078876414,997,39,75,non_circular_segmented,0.2777108971032486,0.2444129803083109
CS2_37,HF8,8,degradation_pearson,20,1000,0.0447136461966687,-0.0281561095972125,0.1793928860954539,997,1000,0.23812218330273122,0.12791790880583445,0.3434750613596231,997,39,75,non_circular_segmented,0.20754899569266638,0.21555715255378863
CS2_37,HF8,8,degradation_spearman,20,1000,0.185419902701619,0.0079429720262973,0.3311920491996058,997,1000,0.2774346835898734,0.1044438122455879,0.4294032992595202,997,39,75,non_circular_segmented,0.32324907717330853,0.3249594870139323
CS2_37,HF8,8,partial_pearson_controlling_SOH,20,1000,-0.0532257342763508,-0.1816825801526639,0.1396340529479126,997,1000,-0.09993152773331555,-0.22133776806393934,0.08259768650792863,997,39,75,non_circular_segmented,0.32131663310057645,0.303935454571868
CS2_37,HF8,8,degradation_pearson,30,1000,0.0457353922261832,-0.0296972893573717,0.1927646250392449,997,1000,0.2755960234222061,0.15322795227343325,0.3810144203229509,997,39,75,non_circular_segmented,0.2224619143966166,0.22778646804951766
CS2_37,HF8,8,degradation_spearman,30,1000,0.1855381982949259,-0.0010309426751057,0.3326940033895138,997,1000,0.2904718475245607,0.09841583260012414,0.44273168732274,997,39,75,non_circular_segmented,0.3337249460646195,0.34431585472261583
CS2_37,HF8,8,partial_pearson_controlling_SOH,30,1000,-0.0614125869503169,-0.2114034383692304,0.15573449345362,997,1000,-0.08779830129554479,-0.23375584970169244,0.12536487210843467,997,39,75,non_circular_segmented,0.36713793182285037,0.3591207218101271
CS2_37,HF1,12,degradation_pearson,10,1000,-0.1434362390344734,-0.2854682288178022,-0.059048766142039,1017,1000,-0.12444062207658001,-0.2596212723420619,-0.029418257949500117,1017,12,186,non_circular_segmented,0.2264194626757632,0.23020301439256177
CS2_37,HF1,12,degradation_spearman,10,1000,-0.2673930656454129,-0.393592781312184,-0.1287262646902623,1017,1000,-0.2582740880358435,-0.3858638171673829,-0.10936141912914422,1017,12,186,non_circular_segmented,0.26486651662192173,0.2765023980382387
CS2_37,HF1,12,partial_pearson_controlling_SOH,10,1000,0.5340112611677699,0.165402581186478,0.8401128355712101,1017,1000,0.40840557451268267,0.21653437764050376,0.6959327030832884,1017,12,186,non_circular_segmented,0.6747102543847321,0.4793983254427846
CS2_37,HF1,12,degradation_pearson,20,1000,-0.1409912204405059,-0.3098963119935773,-0.0479538647082827,1017,1000,-0.13418153271254993,-0.26956169796031415,-0.03435111641986541,1017,12,186,non_circular_segmented,0.2619424472852946,0.23521058154044874
CS2_37,HF1,12,degradation_spearman,20,1000,-0.2631171292711548,-0.4108920827257935,-0.0732328843001259,1017,1000,-0.254149295923387,-0.4034106111011241,-0.06106702137736102,1017,12,186,non_circular_segmented,0.3376591984256676,0.34234358972376305
CS2_37,HF1,12,partial_pearson_controlling_SOH,20,1000,0.5278339715799825,0.186604464140541,0.7998434777386301,1017,1000,0.4629520056383538,0.24196549847241758,0.6583835175746044,1017,12,186,non_circular_segmented,0.6132390135980891,0.4164180191021869
CS2_37,HF1,12,degradation_pearson,30,1000,-0.142611797598379,-0.3078045953889715,-0.0430629496740514,1017,1000,-0.1593745867495151,-0.29414778596366403,-0.035516325008001164,1017,12,186,non_circular_segmented,0.2647416457149201,0.25863146095566286
CS2_37,HF1,12,degradation_spearman,30,1000,-0.2557610099735287,-0.4211476313191105,-0.0579879500297883,1017,1000,-0.24940809732539526,-0.4168911054175626,-0.028540304692493298,1017,12,186,non_circular_segmented,0.3631596812893222,0.3883508007250693
CS2_37,HF1,12,partial_pearson_controlling_SOH,30,1000,0.5366859263848183,0.1938393987694134,0.7965995922352668,1017,1000,0.5216148179423086,0.2773862696575048,0.6487466847201098,1017,12,186,non_circular_segmented,0.6027601934658534,0.371360415062605
CS2_37,HF2,12,degradation_pearson,10,1000,0.0867590009353049,0.0098050036508403,0.2176051736415632,993,1000,0.14313075307725204,0.05279981087091174,0.26415387936544554,993,39,71,non_circular_segmented,0.2078001699907229,0.2113540684945338
CS2_37,HF2,12,degradation_spearman,10,1000,0.1971874458191814,0.0381862400383222,0.3426587435315092,993,1000,0.21699541001711425,0.05016180177103244,0.36217824961225226,993,39,71,non_circular_segmented,0.304472503493187,0.31201644784121985
CS2_37,HF2,12,partial_pearson_controlling_SOH,10,1000,-0.0660924745941519,-0.1987904244746522,0.0658276456833725,993,1000,-0.10481378369287062,-0.20298780159850915,0.04502368342367602,993,39,71,non_circular_segmented,0.2646180701580247,0.24801148502218517
CS2_37,HF2,12,degradation_pearson,20,1000,0.0897994941810425,0.0039581375663598,0.2511408581603236,993,1000,0.26444727523859046,0.12321545766930558,0.37862113869898945,993,39,71,non_circular_segmented,0.24718272059396382,0.25540568102968386
CS2_37,HF2,12,degradation_spearman,20,1000,0.1967962839788627,0.008943209547838,0.3699054255261572,993,1000,0.29439551355090327,0.08910615444522231,0.443505771054083,993,39,71,non_circular_segmented,0.3609622159783192,0.3543996166088607
CS2_37,HF2,12,partial_pearson_controlling_SOH,20,1000,-0.065014027798002,-0.1976616129069151,0.1284647034652711,993,1000,-0.0888324390452029,-0.23035615273525417,0.16491101731961774,993,39,71,non_circular_segmented,0.32612631637218625,0.3952671700548719
CS2_37,HF2,12,degradation_pearson,30,1000,0.0855694906264254,-0.0033591000221831,0.2605412439000824,993,1000,0.30463174897222467,0.14980125650318293,0.419561487987012,993,39,71,non_circular_segmented,0.26390034392226547,0.26976023148382905
CS2_37,HF2,12,degradation_spearman,30,1000,0.1884955531683212,-0.0385068089823972,0.382245755593334,993,1000,0.3246672803926854,0.09157239955924534,0.494168459559986,993,39,71,non_circular_segmented,0.42075256457573124,0.40259606000074066
CS2_37,HF2,12,partial_pearson_controlling_SOH,30,1000,-0.0681803641519083,-0.2190316010898751,0.1294313625460113,993,1000,-0.04973111957563929,-0.24888154936202062,0.22252778413359123,993,39,71,non_circular_segmented,0.3484629636358864,0.47140933349561187
CS2_37,HF3,12,degradation_pearson,10,1000,0.0623449576921663,-0.1648316251727795,0.546602635112919,989,1000,-0.15842916239600363,-0.27591593790536084,-0.03207889406449314,989,40,71,non_circular_segmented,0.7114342602856984,0.2438370438408677
CS2_37,HF3,12,degradation_spearman,10,1000,-0.2368631670476504,-0.3828659800396726,-0.0844251957204302,989,1000,-0.25916825411734723,-0.3858896747449389,-0.10362164805091523,989,40,71,non_circular_segmented,0.29844078431924237,0.2822680266940237
CS2_37,HF3,12,partial_pearson_controlling_SOH,10,1000,-0.0781037522327653,-0.7175310919099891,0.0428656947076675,989,1000,-0.046594916869819356,-0.1508229129466548,0.029427448486000044,989,40,71,non_circular_segmented,0.7603967866176566,0.18025036143265485
CS2_37,HF3,12,degradation_pearson,20,1000,0.0547555803347133,-0.2379281814401634,0.4965169634572207,989,1000,-0.25275679986490884,-0.3739293233129992,-0.06441224143246722,989,40,71,non_circular_segmented,0.7344451448973841,0.309517081880532
CS2_37,HF3,12,degradation_spearman,20,1000,-0.2353611851044298,-0.3969099375922677,-0.0274341882235237,989,1000,-0.31910925852975924,-0.4461698948372524,-0.1380062921004429,989,40,71,non_circular_segmented,0.369475749368744,0.3081636027368095
CS2_37,HF3,12,partial_pearson_controlling_SOH,20,1000,-0.0775529400153009,-0.6837533341844767,0.075872547343212,989,1000,-0.09820603978114953,-0.2015833774509638,0.01798549844070971,989,40,71,non_circular_segmented,0.7596258815276887,0.2195688758916735
CS2_37,HF3,12,degradation_pearson,30,1000,0.06406932345297,-0.2011173008053575,0.5277203895163285,989,1000,-0.30745637363810996,-0.42096735635216015,-0.08480057166639955,989,40,71,non_circular_segmented,0.728837690321686,0.3361667846857606
CS2_37,HF3,12,degradation_spearman,30,1000,-0.2298092162352351,-0.412732650792796,-0.0136263325301842,989,1000,-0.331034615772154,-0.4729390224988104,-0.11666267710527396,989,40,71,non_circular_segmented,0.3991063182626118,0.3562763453935365
CS2_37,HF3,12,partial_pearson_controlling_SOH,30,1000,-0.0829601545496976,-0.6867071331444385,0.0340372658013235,989,1000,-0.13748891377470346,-0.24625986267860162,0.016259293226039914,989,40,71,non_circular_segmented,0.720744398945762,0.26251915590464153
CS2_37,HF4,12,degradation_pearson,10,1000,0.0007097518268454,-0.1549711185969508,0.0769406025979377,642,1000,0.03907684265333908,-0.07723697829404914,0.16058809531815513,642,42,70,non_circular_segmented,0.2319117211948885,0.23782507361220429
CS2_37,HF4,12,degradation_spearman,10,1000,-0.0054696366998168,-0.1956848515240914,0.1824447342017566,642,1000,0.07664349027188425,-0.09397577869828883,0.2580414371391786,642,42,70,non_circular_segmented,0.378129585725848,0.3520172158374674
CS2_37,HF4,12,partial_pearson_controlling_SOH,10,1000,-0.0094026482011246,-0.09321089084591,0.1597811281250369,642,1000,-0.059139060940574514,-0.17202261510749403,0.05616395551508942,642,42,70,non_circular_segmented,0.2529920189709469,0.22818657062258346
CS2_37,HF4,12,degradation_pearson,20,1000,-0.0001897831940473,-0.1629240978312584,0.0992876863542488,642,1000,0.058159581570005475,-0.06661308301272462,0.22192358052497782,642,42,70,non_circular_segmented,0.2622117841855072,0.28853666353770246
CS2_37,HF4,12,degradation_spearman,20,1000,-0.0103763712002398,-0.2363808710069428,0.2228548219707107,642,1000,0.15347533570945943,-0.014648479090186139,0.339934360385492,642,42,70,non_circular_segmented,0.4592356929776535,0.35458283947567815
CS2_37,HF4,12,partial_pearson_controlling_SOH,20,1000,-0.0126458213578807,-0.1089727588595059,0.1701547453499847,642,1000,-0.05872010335998029,-0.20475330587166063,0.07831966540524102,642,42,70,non_circular_segmented,0.2791275042094906,0.2830729712769017
CS2_37,HF4,12,degradation_pearson,30,1000,0.0052471814652525,-0.1621494111886774,0.1107904117160981,642,1000,0.09479800773651477,-0.016290460531278975,0.22645249727787517,642,42,70,non_circular_segmented,0.2729398229047755,0.24274295780915414
CS2_37,HF4,12,degradation_spearman,30,1000,0.0040093529084993,-0.2394607390331498,0.2721067682355075,642,1000,0.23139074788362435,0.09655218774317388,0.37680643424100463,642,42,70,non_circular_segmented,0.5115675072686573,0.28025424649783076
CS2_37,HF4,12,partial_pearson_controlling_SOH,30,1000,-0.015811346008447,-0.1196328319973824,0.1825730037156336,642,1000,-0.055082316802958,-0.2462870333883428,0.10129240078110159,642,42,70,non_circular_segmented,0.30220583571301596,0.34757943416944437
CS2_37,HF5,12,degradation_pearson,10,1000,0.0238233186228607,-0.1060910332032097,0.0982657008895475,642,1000,0.09391228411746003,-0.03392604206087313,0.23427991127329467,642,42,70,non_circular_segmented,0.2043567340927572,0.2682059533341678
CS2_37,HF5,12,degradation_spearman,10,1000,0.0510590346428491,-0.146199166332207,0.2512458345609853,642,1000,0.1579210689701039,-0.033249014248779254,0.3451757573559508,642,42,70,non_circular_segmented,0.39744500089319235,0.37842477160473004
CS2_37,HF5,12,partial_pearson_controlling_SOH,10,1000,-0.086657699820228,-0.2099891687960395,-0.0316964323689957,642,1000,-0.2018697383638646,-0.28640927632277957,-0.1280981272109819,642,42,70,non_circular_segmented,0.1782927364270438,0.15831114911179767
CS2_37,HF5,12,degradation_pearson,20,1000,0.0249383756013195,-0.120881487282156,0.1185521325374125,642,1000,0.14813645514670737,0.018316849721209207,0.32501818087592466,642,42,70,non_circular_segmented,0.2394336198195685,0.30670133115471543
CS2_37,HF5,12,degradation_spearman,20,1000,0.0633687807542879,-0.1608315718830801,0.3148303937937582,642,1000,0.24481463004492543,0.08030894328932699,0.412889644573849,642,42,70,non_circular_segmented,0.47566196567683827,0.33258070128452205
CS2_37,HF5,12,partial_pearson_controlling_SOH,20,1000,-0.0858436917020246,-0.2229617760151435,-0.0328398060832172,642,1000,-0.2808152962484364,-0.3749996481983543,-0.17636136499139,642,42,70,non_circular_segmented,0.1901219699319263,0.1986382832069643
CS2_37,HF5,12,degradation_pearson,30,1000,0.0234827847521939,-0.1125840332154509,0.1295126826855517,642,1000,0.19344326559203684,0.07728709597254532,0.3218441717976717,642,42,70,non_circular_segmented,0.24209671590100257,0.2445570758251264
CS2_37,HF5,12,degradation_spearman,30,1000,0.0598640275601035,-0.1798491977156514,0.318963235070458,642,1000,0.2948834827366489,0.18568693389788196,0.4041001590446957,642,42,70,non_circular_segmented,0.49881243278610937,0.21841322514681374
CS2_37,HF5,12,partial_pearson_controlling_SOH,30,1000,-0.0838649763200811,-0.2167037995963541,-0.0335071145911123,642,1000,-0.30013817377422625,-0.38705876170832976,-0.20789952240218354,642,42,70,non_circular_segmented,0.1831966850052418,0.17915923930614622
CS2_37,HF6,12,degradation_pearson,10,1000,0.0638344019222628,-0.0548693166852501,0.1310207466276731,642,1000,0.10848994295187446,0.004647814472078114,0.22401291803440126,642,42,70,non_circular_segmented,0.1858900633129232,0.21936510356232314
CS2_37,HF6,12,degradation_spearman,10,1000,0.1088047146987545,-0.0928788429176163,0.2918367932360083,642,1000,0.2071847796079222,0.042468349851975735,0.3760160770474711,642,42,70,non_circular_segmented,0.3847156361536246,0.33354772719549536
CS2_37,HF6,12,partial_pearson_controlling_SOH,10,1000,-0.1263113522124493,-0.2429206902425444,-0.0703573168335882,642,1000,-0.16947283995384171,-0.25365259116463523,-0.07572374478382943,642,42,70,non_circular_segmented,0.1725633734089562,0.1779288463808058
CS2_37,HF6,12,degradation_pearson,20,1000,0.0598377564291899,-0.059987658992814,0.1466542504915597,642,1000,0.14057169897542113,0.026428381188574837,0.2857848091966276,642,42,70,non_circular_segmented,0.2066419094843737,0.25935642800805275
CS2_37,HF6,12,degradation_spearman,20,1000,0.1027238601633917,-0.126898787889701,0.3211115425442712,642,1000,0.2476716881316316,0.08879605986407467,0.40778488156339904,642,42,70,non_circular_segmented,0.4480103304339722,0.31898882169932435
CS2_37,HF6,12,partial_pearson_controlling_SOH,20,1000,-0.1278819131665441,-0.2483382436075049,-0.0621692266704825,642,1000,-0.20540723017231466,-0.30098673310702617,-0.11346743555095969,642,42,70,non_circular_segmented,0.1861690169370224,0.1875192975560665
CS2_37,HF6,12,degradation_pearson,30,1000,0.063988251313146,-0.069122741501102,0.1494166916485042,642,1000,0.17762363654914992,0.08051180065507274,0.29263263715726023,642,42,70,non_circular_segmented,0.21853943314960622,0.2121208365021875
CS2_37,HF6,12,degradation_spearman,30,1000,0.1127550946194836,-0.1286262757110927,0.3565658599710169,642,1000,0.27029173936006345,0.15642606421704588,0.416188886355518,642,42,70,non_circular_segmented,0.4851921356821096,0.2597628221384721
CS2_37,HF6,12,partial_pearson_controlling_SOH,30,1000,-0.1236991243569552,-0.2478306118640347,-0.0582294100446199,642,1000,-0.22131856691182583,-0.331015875643304,-0.11469241595798749,642,42,70,non_circular_segmented,0.1896012018194148,0.2163234596853165
CS2_37,HF7,12,degradation_pearson,10,1000,-0.1406061823154215,-0.2813443386236949,-0.0549967664737731,1017,1000,-0.12571361123704988,-0.25314412893308386,-0.03090544908737769,1017,12,186,non_circular_segmented,0.2263475721499218,0.22223867984570617
CS2_37,HF7,12,degradation_spearman,10,1000,-0.267584954770021,-0.4061134468199889,-0.1174866425517332,1017,1000,-0.2579846190732423,-0.37936893592844306,-0.10377547207213243,1017,12,186,non_circular_segmented,0.2886268042682557,0.2755934638563106
CS2_37,HF7,12,partial_pearson_controlling_SOH,10,1000,0.5325351438098695,0.1524597187471514,0.8394566700117786,1017,1000,0.400450213554675,0.21316594304765554,0.7735175256928686,1017,12,186,non_circular_segmented,0.6869969512646272,0.560351582645213
CS2_37,HF7,12,degradation_pearson,20,1000,-0.141354743584042,-0.3041589424356569,-0.0417772029888437,1017,1000,-0.13305638983377943,-0.26931548470589095,-0.03614681963743977,1017,12,186,non_circular_segmented,0.2623817394468132,0.2331686650684512
CS2_37,HF7,12,degradation_spearman,20,1000,-0.2590213431592235,-0.4152947220813806,-0.0725955630679471,1017,1000,-0.2477012481685894,-0.4163760278160616,-0.06514571914181104,1017,12,186,non_circular_segmented,0.3426991590134335,0.35123030867425054
CS2_37,HF7,12,partial_pearson_controlling_SOH,20,1000,0.5344607922844614,0.176432899244009,0.7915795864783263,1017,1000,0.44265696603082216,0.2393744975025621,0.645790219726459,1017,12,186,non_circular_segmented,0.6151466872343172,0.4064157222238969
CS2_37,HF7,12,degradation_pearson,30,1000,-0.1390348995500183,-0.3033543468153662,-0.0406007739075663,1017,1000,-0.1587440762098768,-0.29384143085235875,-0.04502963688450638,1017,12,186,non_circular_segmented,0.26275357290779994,0.24881179396785236
CS2_37,HF7,12,degradation_spearman,30,1000,-0.2541805681114691,-0.4206463058610887,-0.0484597637021977,1017,1000,-0.2508405429788063,-0.4115851557290464,-0.01901435350390065,1017,12,186,non_circular_segmented,0.372186542158891,0.3925708022251458
CS2_37,HF7,12,partial_pearson_controlling_SOH,30,1000,0.5317096988081416,0.184622626589796,0.7756449520681188,1017,1000,0.5122659779847367,0.26462271833934153,0.6461007153235339,1017,12,186,non_circular_segmented,0.5910223254783228,0.3814779969841923
CS2_37,HF8,12,degradation_pearson,10,1000,0.1021518276368797,0.019158951646738,0.2534094616173672,993,1000,0.14520124276012375,0.06891140303436132,0.27224423265670755,993,39,71,non_circular_segmented,0.2342505099706292,0.20333282962234622
CS2_37,HF8,12,degradation_spearman,10,1000,0.2171320814332217,0.0609302865067732,0.3538464809324034,993,1000,0.23121169423274668,0.08490939452420657,0.3671541786019153,993,39,71,non_circular_segmented,0.2929161944256302,0.2822447840777087
CS2_37,HF8,12,partial_pearson_controlling_SOH,10,1000,-0.0804159250865358,-0.2187307657870777,0.0713939057873092,993,1000,-0.11059437527712909,-0.2199653867631197,0.057876170514927223,993,39,71,non_circular_segmented,0.2901246715743869,0.27784155727804694
CS2_37,HF8,12,degradation_pearson,20,1000,0.1008063551279836,0.0153438875866391,0.2699961196038529,993,1000,0.2695960668014644,0.13608912947838805,0.38332026057881546,993,39,71,non_circular_segmented,0.25465223201721376,0.2472311311004274
CS2_37,HF8,12,degradation_spearman,20,1000,0.2087365054598445,0.0182256822998844,0.3758926739874794,993,1000,0.3005678918820671,0.10071368578090321,0.45580315364616264,993,39,71,non_circular_segmented,0.35766699168759497,0.3550894678652594
CS2_37,HF8,12,partial_pearson_controlling_SOH,20,1000,-0.0834234023609801,-0.2119251609596761,0.1148712676639197,993,1000,-0.08229444804163721,-0.22713633346261664,0.15998428221921937,993,39,71,non_circular_segmented,0.3267964286235958,0.387120615681836
CS2_37,HF8,12,degradation_pearson,30,1000,0.0986213924328676,0.0047230543917086,0.2784521375431769,993,1000,0.30870217389734106,0.1529532106759065,0.4204417471334179,993,39,71,non_circular_segmented,0.27372908315146827,0.2674885364575114
CS2_37,HF8,12,degradation_spearman,30,1000,0.2045323128593238,-0.0169399747578422,0.3820006039686632,993,1000,0.3321947056340822,0.1025334313715752,0.4835292464436141,993,39,71,non_circular_segmented,0.3989405787265054,0.38099581507203895
CS2_37,HF8,12,partial_pearson_controlling_SOH,30,1000,-0.0834823381485772,-0.2406709983590261,0.1509133642469122,993,1000,-0.04902177575244897,-0.21737378507682165,0.22219491414224352,993,39,71,non_circular_segmented,0.3915843626059383,0.43956869921906516
CS2_37,HF1,16,degradation_pearson,10,1000,-0.1957036670006189,-0.3510844115553723,-0.0947396554184066,1013,1000,-0.19051967721879148,-0.35286069585886837,-0.06664137950665137,1013,12,182,non_circular_segmented,0.2563447561369657,0.286219316352217
CS2_37,HF1,16,degradation_spearman,10,1000,-0.3203742373184688,-0.4514393877285397,-0.1768480858996998,1013,1000,-0.3171966792437776,-0.45924996798407225,-0.1597230187834085,1013,12,182,non_circular_segmented,0.2745913018288399,0.29952694920066375
CS2_37,HF1,16,partial_pearson_controlling_SOH,10,1000,0.4831371364270065,0.0543261042571513,0.831594495840493,1013,1000,0.33573369916657103,0.012252003774391885,0.7513764176726648,1013,12,182,non_circular_segmented,0.7772683915833417,0.739124413898273
CS2_37,HF1,16,degradation_pearson,20,1000,-0.1941487436861381,-0.3722994115343132,-0.0698750830280904,1013,1000,-0.17749319074701686,-0.34021397590033875,-0.05695292858160391,1013,12,182,non_circular_segmented,0.3024243285062228,0.28326104731873486
CS2_37,HF1,16,degradation_spearman,20,1000,-0.3101782627060588,-0.4800735917007712,-0.116799209583623,1013,1000,-0.29356382275444237,-0.45917896142942405,-0.08713671508213207,1013,12,182,non_circular_segmented,0.3632743821171482,0.372042246347292
CS2_37,HF1,16,partial_pearson_controlling_SOH,20,1000,0.4945927995419935,0.069821186821252,0.8097680053733737,1013,1000,0.3403049113197177,0.04274871219414282,0.6357383139698946,1013,12,182,non_circular_segmented,0.7399468185521216,0.5929896017757518
CS2_37,HF1,16,degradation_pearson,30,1000,-0.1925962011362741,-0.3971783450459232,-0.0672703753480342,1013,1000,-0.20435038832730998,-0.3677991352683294,-0.05823558496334985,1013,12,182,non_circular_segmented,0.329907969697889,0.30956355030497956
CS2_37,HF1,16,degradation_spearman,30,1000,-0.3061904258619233,-0.4732395268028715,-0.0960159463383037,1013,1000,-0.2986713754488882,-0.48434644597878806,-0.06820411179282707,1013,12,182,non_circular_segmented,0.37722358046456783,0.416142334185961
CS2_37,HF1,16,partial_pearson_controlling_SOH,30,1000,0.4973038415747888,0.1064475337351922,0.7766802817814594,1013,1000,0.3602504075130848,0.06721976070387843,0.6190592275871635,1013,12,182,non_circular_segmented,0.6702327480462672,0.551839466883285
CS2_37,HF2,16,degradation_pearson,10,1000,0.1733927050135345,0.0798955465888042,0.3093672272483607,989,1000,0.1980119839933265,0.095882091466182,0.34153385278555415,989,39,67,non_circular_segmented,0.22947168065955648,0.24565176131937216
CS2_37,HF2,16,degradation_spearman,10,1000,0.2487056529439561,0.0885514772076314,0.4005727062181448,989,1000,0.2652771814288849,0.10260454023167037,0.41656188929556015,989,39,67,non_circular_segmented,0.3120212290105134,0.3139573490638898
CS2_37,HF2,16,partial_pearson_controlling_SOH,10,1000,-0.0946411590919602,-0.2262155399631564,0.1524913837081768,989,1000,-0.11661056240332153,-0.22317363007856256,0.08263902854148678,989,39,67,non_circular_segmented,0.3787069236713332,0.30581265862004936
CS2_37,HF2,16,degradation_pearson,20,1000,0.173282128059266,0.06568646841227,0.3275859932455671,989,1000,0.31504410243629877,0.16112638169423923,0.428134698786295,989,39,67,non_circular_segmented,0.2618995248332971,0.26700831709205575
CS2_37,HF2,16,degradation_spearman,20,1000,0.2556230862626794,0.0444191004968409,0.4253458197003612,989,1000,0.3596427537644953,0.1254684836459957,0.5138367311598719,989,39,67,non_circular_segmented,0.38092671920352034,0.3883682475138762
CS2_37,HF2,16,partial_pearson_controlling_SOH,20,1000,-0.1006592766172407,-0.2438744478739683,0.184612676049884,989,1000,-0.09004672310098388,-0.2704696402381674,0.2003389153021913,989,39,67,non_circular_segmented,0.4284871239238523,0.4708085555403587
CS2_37,HF2,16,degradation_pearson,30,1000,0.1690825335914307,0.0429710384201415,0.3287668009960898,989,1000,0.3626573582427572,0.19492161680998749,0.4770093863722329,989,39,67,non_circular_segmented,0.2857957625759483,0.2820877695622454
CS2_37,HF2,16,degradation_spearman,30,1000,0.243530962612718,-0.015554047341475,0.4388122247131328,989,1000,0.4026477918522819,0.13452740297751123,0.5740968086638114,989,39,67,non_circular_segmented,0.4543662720546078,0.4395694056863002
CS2_37,HF2,16,partial_pearson_controlling_SOH,30,1000,-0.1078707729446991,-0.2719614015630782,0.1926002972704716,989,1000,0.06369412815336109,-0.2531968268286636,0.25870694675646533,989,39,67,non_circular_segmented,0.4645616988335498,0.511903773585129
CS2_37,HF3,16,degradation_pearson,10,1000,0.0515331922224428,-0.3148699498409801,0.5657602475093956,985,1000,-0.24052570718198282,-0.380218856568292,-0.05961267194603824,985,40,67,non_circular_segmented,0.8806301973503756,0.32060618462225376
CS2_37,HF3,16,degradation_spearman,10,1000,-0.3012158107228935,-0.4360407743059257,-0.1445231597315071,985,1000,-0.32282675713085685,-0.4488353976607751,-0.17689070035133977,985,40,67,non_circular_segmented,0.2915176145744186,0.2719446973094354
CS2_37,HF3,16,partial_pearson_controlling_SOH,10,1000,-0.0950859593197522,-0.8002067832408748,0.0564046719739985,985,1000,-0.027461251045991147,-0.12921961449967637,0.06192358573046967,985,40,67,non_circular_segmented,0.8566114552148733,0.19114320023014603
CS2_37,HF3,16,degradation_pearson,20,1000,0.0611000837638552,-0.3228449186172298,0.559781915850673,985,1000,-0.30692672559993495,-0.4179414879373143,-0.07604934216544272,985,40,67,non_circular_segmented,0.8826268344679029,0.34189214577187155
CS2_37,HF3,16,degradation_spearman,20,1000,-0.3053848884298561,-0.4623822529769013,-0.0914272971398851,985,1000,-0.39613754062361906,-0.5252708531509961,-0.21653600141690688,985,40,67,non_circular_segmented,0.3709549558370162,0.3087348517340892
CS2_37,HF3,16,partial_pearson_controlling_SOH,20,1000,-0.1010374711425919,-0.8045857827658982,0.0611648479386339,985,1000,-0.0813680633802803,-0.18724207569259424,0.01678177542857834,985,40,67,non_circular_segmented,0.8657506307045321,0.20402385112117258
CS2_37,HF3,16,degradation_pearson,30,1000,0.0539592079686519,-0.2927995700263572,0.5656156811672238,985,1000,-0.38928515457224044,-0.49372678454841945,-0.09724065878080768,985,40,67,non_circular_segmented,0.858415251193581,0.3964861257676118
CS2_37,HF3,16,degradation_spearman,30,1000,-0.293471662833772,-0.4810617129797431,-0.065172172224499,985,1000,-0.4266333046185802,-0.5620001663094916,-0.19275834717351745,985,40,67,non_circular_segmented,0.4158895407552441,0.3692418191359741
CS2_37,HF3,16,partial_pearson_controlling_SOH,30,1000,-0.0965714794250381,-0.8052247152527057,0.0408415339017245,985,1000,-0.13959721776582162,-0.23684120809590176,0.011796393523863287,985,40,67,non_circular_segmented,0.8460662491544302,0.24863760161976503
CS2_37,HF4,16,degradation_pearson,10,1000,-0.0593393321194716,-0.1897795333591009,0.0746770476601254,641,1000,0.013821626206169033,-0.1345488501941263,0.1720368978995417,641,43,66,non_circular_segmented,0.2644565810192263,0.306585748093668
CS2_37,HF4,16,degradation_spearman,10,1000,-0.0270806084113599,-0.2350676976376944,0.1826768685366449,641,1000,0.07762692183325134,-0.13361897712507081,0.2719453393447668,641,43,66,non_circular_segmented,0.4177445661743393,0.4055643164698376
CS2_37,HF4,16,partial_pearson_controlling_SOH,10,1000,0.0971041750361251,-0.0971947527470393,0.2878421867000864,641,1000,-0.026184676066343004,-0.15495287103573177,0.10618852070271279,641,43,66,non_circular_segmented,0.3850369394471257,0.26114139173844453
CS2_37,HF4,16,degradation_pearson,20,1000,-0.0618511508855058,-0.1990034862577451,0.120916764981286,641,1000,0.030154553897651502,-0.09578520629986043,0.20501168592492128,641,43,66,non_circular_segmented,0.3199202512390311,0.3007968922247817
CS2_37,HF4,16,degradation_spearman,20,1000,-0.0097954862729167,-0.255522196383403,0.2525112974815766,641,1000,0.12065330769959295,-0.07090437832508216,0.32554671687801146,641,43,66,non_circular_segmented,0.5080334938649795,0.39645109520309363
CS2_37,HF4,16,partial_pearson_controlling_SOH,20,1000,0.0960414233209158,-0.1156771915759802,0.2829801241138451,641,1000,-0.0741501079466649,-0.22884308379072396,0.07488914466485337,641,43,66,non_circular_segmented,0.3986573156898253,0.30373222845557735
CS2_37,HF4,16,degradation_pearson,30,1000,-0.0576303136682317,-0.21175986251458,0.1218328215228839,641,1000,0.06412703163197085,-0.05935745314629631,0.19909580599859944,641,43,66,non_circular_segmented,0.3335926840374639,0.25845325914489575
CS2_37,HF4,16,degradation_spearman,30,1000,-0.010306536079692,-0.2741033526743535,0.2784418747590401,641,1000,0.19011393735969823,0.02368919978790396,0.3513185982144265,641,43,66,non_circular_segmented,0.5525452274333935,0.32762939842652256
CS2_37,HF4,16,partial_pearson_controlling_SOH,30,1000,0.0909328976068826,-0.1710578297457356,0.3119525258337759,641,1000,-0.07554134878908463,-0.2753864581590251,0.07864830130267889,641,43,66,non_circular_segmented,0.48301035557951155,0.35403475946170404
CS2_37,HF5,16,degradation_pearson,10,1000,-0.0244519697336685,-0.1549216997406423,0.1179038373055876,641,1000,0.06351706887149192,-0.08356031458808554,0.2164270834173331,641,43,66,non_circular_segmented,0.2728255370462299,0.2999873980054186
CS2_37,HF5,16,degradation_spearman,10,1000,0.0369287337262877,-0.1850392508932899,0.2497402968454195,641,1000,0.15319354910915928,-0.04722112468608083,0.34446701037157024,641,43,66,non_circular_segmented,0.4347795477387094,0.39168813505765104
CS2_37,HF5,16,partial_pearson_controlling_SOH,10,1000,-0.1183610153173776,-0.2336816880264575,0.0046427112876308,641,1000,-0.17337716138848736,-0.2827958480929636,-0.06253401809031257,641,43,66,non_circular_segmented,0.2383243993140883,0.22026183000265104
CS2_37,HF5,16,degradation_pearson,20,1000,-0.0190657429194343,-0.1676916263075597,0.1441338861056434,641,1000,0.10576452903452147,-0.023068944790467876,0.28450973163468074,641,43,66,non_circular_segmented,0.3118255124132031,0.30757867642514863
CS2_37,HF5,16,degradation_spearman,20,1000,0.0511940120097972,-0.1931241680423571,0.2859907165477027,641,1000,0.21584746940395497,0.02695476913233428,0.41464951038255154,641,43,66,non_circular_segmented,0.4791148845900598,0.38769474125021725
CS2_37,HF5,16,partial_pearson_controlling_SOH,20,1000,-0.1199751687408363,-0.2555280454228257,0.0133266434581029,641,1000,-0.24571761007792164,-0.3501372718578338,-0.13991009337231636,641,43,66,non_circular_segmented,0.2688546888809286,0.21022717848551742
CS2_37,HF5,16,degradation_pearson,30,1000,-0.0162514813383822,-0.1620845215238465,0.1838922464129142,641,1000,0.15807982212863536,0.049219179927544876,0.30470048679701806,641,43,66,non_circular_segmented,0.3459767679367607,0.2554813068694732
CS2_37,HF5,16,degradation_spearman,30,1000,0.0602311288284924,-0.208952719936575,0.3378995781597544,641,1000,0.2687559673969787,0.13047566672218294,0.42970497368538896,641,43,66,non_circular_segmented,0.5468522980963294,0.29922930696320604
CS2_37,HF5,16,partial_pearson_controlling_SOH,30,1000,-0.1173524510998694,-0.2497821001659165,0.002437986766296,641,1000,-0.2833395842853004,-0.38560383264037107,-0.1886465587660831,641,43,66,non_circular_segmented,0.2522200869322125,0.19695727387428796
CS2_37,HF6,16,degradation_pearson,10,1000,0.0428933407352062,-0.0760630590096504,0.1728389797864894,641,1000,0.10451665630963804,-0.017945419744544902,0.230123502294847,641,43,66,non_circular_segmented,0.2489020387961398,0.2480689220393919
CS2_37,HF6,16,degradation_spearman,10,1000,0.0981508993862824,-0.0887575182816864,0.296158890203838,641,1000,0.20951841365017201,0.019057385854046174,0.3978904120833549,641,43,66,non_circular_segmented,0.38491640848552444,0.37883302622930876
CS2_37,HF6,16,partial_pearson_controlling_SOH,10,1000,-0.1936649992678943,-0.29899645808683,-0.0813521249590372,641,1000,-0.1942739768047649,-0.3066235015884904,-0.07566939824401901,641,43,66,non_circular_segmented,0.2176443331277928,0.23095410334447136
CS2_37,HF6,16,degradation_pearson,20,1000,0.0430289175823585,-0.0965216663561309,0.1873538768126623,641,1000,0.13915576097842178,0.025411867463151477,0.2705844253543903,641,43,66,non_circular_segmented,0.2838755431687932,0.24517255789123885
CS2_37,HF6,16,degradation_spearman,20,1000,0.1088183454981616,-0.1246710292326186,0.3424320013398979,641,1000,0.2472056759184305,0.05675765924021559,0.4343760209451646,641,43,66,non_circular_segmented,0.46710303057251645,0.377618361704949
CS2_37,HF6,16,partial_pearson_controlling_SOH,20,1000,-0.186335986527954,-0.308288171418414,-0.0622194290370879,641,1000,-0.2656036495359703,-0.3631862716013944,-0.14840228784989135,641,43,66,non_circular_segmented,0.24606874238132612,0.21478398375150304
CS2_37,HF6,16,degradation_pearson,30,1000,0.0391852511554653,-0.102182083837539,0.2003279158228272,641,1000,0.17719113748429882,0.08061999465305315,0.28216464920635737,641,43,66,non_circular_segmented,0.3025099996603662,0.20154465455330423
CS2_37,HF6,16,degradation_spearman,30,1000,0.105134790778129,-0.1526191757935918,0.3524832194573891,641,1000,0.26377759006848145,0.12451571228857046,0.42109799643227014,641,43,66,non_circular_segmented,0.5051023952509809,0.2965822841436997
CS2_37,HF6,16,partial_pearson_controlling_SOH,30,1000,-0.1826659932309903,-0.3023901155754957,-0.0565397744305101,641,1000,-0.2895644957784099,-0.3896979574507428,-0.14719872501555062,641,43,66,non_circular_segmented,0.2458503411449856,0.2424992324351922
CS2_37,HF7,16,degradation_pearson,10,1000,-0.1929595335858331,-0.3540180213520228,-0.0849191277934484,1013,1000,-0.18679712630943351,-0.3470206027292792,-0.06974912027993016,1013,12,182,non_circular_segmented,0.2690988935585744,0.27727148244934907
CS2_37,HF7,16,degradation_spearman,10,1000,-0.3166372677324877,-0.4494001534613357,-0.1633546710872422,1013,1000,-0.3109599177279019,-0.4475251016826491,-0.14539125957702145,1013,12,182,non_circular_segmented,0.28604548237409355,0.30213384210562766
CS2_37,HF7,16,partial_pearson_controlling_SOH,10,1000,0.483076967206109,0.0473928059852469,0.8332885712069127,1013,1000,0.3086820145770631,-0.004953244361309098,0.7723647749027286,1013,12,182,non_circular_segmented,0.7858957652216658,0.7773180192640377
CS2_37,HF7,16,degradation_pearson,20,1000,-0.1960672076472045,-0.3784845827880305,-0.0761829237071603,1013,1000,-0.17361034358753108,-0.340799029709553,-0.051024865677592665,1013,12,182,non_circular_segmented,0.3023016590808702,0.2897741640319603
CS2_37,HF7,16,degradation_spearman,20,1000,-0.3085951059606782,-0.4764172710004968,-0.1161876431308319,1013,1000,-0.2942817747608899,-0.4705530881896773,-0.08823409678109002,1013,12,182,non_circular_segmented,0.3602296278696649,0.38231899140858727
CS2_37,HF7,16,partial_pearson_controlling_SOH,20,1000,0.492523489914827,0.0811867027763491,0.8251338502876364,1013,1000,0.3264701677577604,0.026179834912965164,0.6204248581246978,1013,12,182,non_circular_segmented,0.7439471475112873,0.5942450232117327
CS2_37,HF7,16,degradation_pearson,30,1000,-0.1972966208301556,-0.3873530709436875,-0.0599334020511602,1013,1000,-0.21604597843312737,-0.3785833947100666,-0.054821608451289576,1013,12,182,non_circular_segmented,0.32741966889252727,0.323761786258777
CS2_37,HF7,16,degradation_spearman,30,1000,-0.3041603633172433,-0.486777528620422,-0.0756481124827751,1013,1000,-0.30976847805846763,-0.49167391765085644,-0.05585577874474972,1013,12,182,non_circular_segmented,0.4111294161376469,0.4358181389061067
CS2_37,HF7,16,partial_pearson_controlling_SOH,30,1000,0.4863875897022905,0.1045572586333833,0.7836766260036796,1013,1000,0.36447791478963854,0.06187033003136695,0.610511302885539,1013,12,182,non_circular_segmented,0.6791193673702963,0.548640972854172
CS2_37,HF8,16,degradation_pearson,10,1000,0.1912327000498335,0.1005508631943494,0.3326240400133394,989,1000,0.20794475738530402,0.10136827972934245,0.33739182625594055,989,39,67,non_circular_segmented,0.23207317681898998,0.2360235465265981
CS2_37,HF8,16,degradation_spearman,10,1000,0.2709504714253458,0.1036891586753321,0.4182871347883564,989,1000,0.28022642107655327,0.11037425173076809,0.41683631914081226,989,39,67,non_circular_segmented,0.3145979761130243,0.30646206741004417
CS2_37,HF8,16,partial_pearson_controlling_SOH,10,1000,-0.1191551894169124,-0.2574677176552791,0.1068903306811034,989,1000,-0.11508427185622544,-0.22751256123247796,0.08133464247733346,989,39,67,non_circular_segmented,0.3643580483363825,0.30884720370981145
CS2_37,HF8,16,degradation_pearson,20,1000,0.195696729241239,0.0810569807778873,0.3498640114721285,989,1000,0.3204246238574566,0.18185942710239253,0.4329522702555916,989,39,67,non_circular_segmented,0.26880703069424117,0.251092843153199
CS2_37,HF8,16,degradation_spearman,20,1000,0.2676364533564019,0.0593871392885686,0.4383011012121306,989,1000,0.36443729663368896,0.15692277676992192,0.5262693764504782,989,39,67,non_circular_segmented,0.378913961923562,0.3693465996805563
CS2_37,HF8,16,partial_pearson_controlling_SOH,20,1000,-0.118338136363332,-0.281285892221737,0.1903298176077619,989,1000,-0.08278404678444969,-0.260207046390309,0.19802219786430716,989,39,67,non_circular_segmented,0.4716157098294989,0.4582292442546162
CS2_37,HF8,16,degradation_pearson,30,1000,0.1880206537551023,0.0618786392355112,0.3496704458059295,989,1000,0.368614697102423,0.21572504374063564,0.4697460781896931,989,39,67,non_circular_segmented,0.2877918065704183,0.25402103444905744
CS2_37,HF8,16,degradation_spearman,30,1000,0.2608719404317225,0.0010451823456688,0.4398853042829804,989,1000,0.4095573302934806,0.15644192019460376,0.5649676439876221,989,39,67,non_circular_segmented,0.4388401219373116,0.4085257237930183
CS2_37,HF8,16,partial_pearson_controlling_SOH,30,1000,-0.1256997141874269,-0.2988353979121464,0.1619634525345964,989,1000,0.08414671006888917,-0.21850100471348916,0.24293261216076933,989,39,67,non_circular_segmented,0.46079885044674285,0.4614336168742585
CS2_37,HF1,24,degradation_pearson,10,1000,-0.2839470118218631,-0.4876731524565285,-0.1472273846454565,1005,1000,-0.2981259351845579,-0.5076724625606213,-0.13768518654436904,1005,12,174,non_circular_segmented,0.34044576781107194,0.36998727601625225
CS2_37,HF1,24,degradation_spearman,10,1000,-0.4033309583965685,-0.5366015201042711,-0.2398815296850108,1005,1000,-0.38476270482308383,-0.5403499366948525,-0.2221920348104833,1005,12,174,non_circular_segmented,0.2967199904192603,0.3181579018843692
CS2_37,HF1,24,partial_pearson_controlling_SOH,10,1000,0.5416795035992334,0.1758846364056978,0.8416368065225922,1005,1000,0.4011625778599547,0.21869833757851703,0.739258540828006,1005,12,174,non_circular_segmented,0.6657521701168945,0.5205602032494889
CS2_37,HF1,24,degradation_pearson,20,1000,-0.2789211066562523,-0.5008803871516301,-0.1202576418265161,1005,1000,-0.25783118719315895,-0.49595138908341146,-0.0963936161367066,1005,12,174,non_circular_segmented,0.380622745325114,0.39955777294670486
CS2_37,HF1,24,degradation_spearman,20,1000,-0.3904494102684412,-0.575436690711959,-0.2055158185838027,1005,1000,-0.36394779895134466,-0.5398125282651419,-0.13617638508064994,1005,12,174,non_circular_segmented,0.36992087212815633,0.403636143184492
CS2_37,HF1,24,partial_pearson_controlling_SOH,20,1000,0.5366265897055351,0.1645245653876212,0.8432550905164766,1005,1000,0.3851624812304678,0.22517500780037777,0.6581725941835506,1005,12,174,non_circular_segmented,0.6787305251288555,0.43299758638317276
CS2_37,HF1,24,degradation_pearson,30,1000,-0.2808920802590418,-0.5158959836083131,-0.1150259798341155,1005,1000,-0.25798596903951965,-0.4927300087390387,-0.07611428324950387,1005,12,174,non_circular_segmented,0.4008700037741976,0.41661572548953485
CS2_37,HF1,24,degradation_spearman,30,1000,-0.392756880797402,-0.5683454109724676,-0.1464703047781549,1005,1000,-0.35986192127767713,-0.5578164830178682,-0.13270158997870038,1005,12,174,non_circular_segmented,0.4218751061943127,0.42511489303916783
CS2_37,HF1,24,partial_pearson_controlling_SOH,30,1000,0.5407707117025267,0.1624716465112369,0.8300444423565835,1005,1000,0.3870955262700786,0.2336381250132115,0.6141343997025918,1005,12,174,non_circular_segmented,0.6675727958453466,0.3804962746893803
CS2_37,HF2,24,degradation_pearson,10,1000,0.2031899815766394,0.0840948520443124,0.3754918169344731,981,1000,0.20543858322351682,0.08023776794466167,0.407452332798677,981,39,65,non_circular_segmented,0.2913969648901607,0.32721456485401534
CS2_37,HF2,24,degradation_spearman,10,1000,0.318445552515077,0.152451600842185,0.4538619774603851,981,1000,0.3207416902381738,0.1556382238735124,0.46328295349348203,981,39,65,non_circular_segmented,0.3014103766182001,0.30764472961996964
CS2_37,HF2,24,partial_pearson_controlling_SOH,10,1000,-0.0830028750822893,-0.2197441034596635,0.1025080525382845,981,1000,-0.06155500746432582,-0.2071463405576153,0.18609608646871953,981,39,65,non_circular_segmented,0.322252155997948,0.39324242702633483
CS2_37,HF2,24,degradation_pearson,20,1000,0.1933368439223786,0.0653721862893651,0.3883900906514919,981,1000,0.35975874188322277,0.1649850773957258,0.4873127726562988,981,39,65,non_circular_segmented,0.3230179043621268,0.32232769526057303
CS2_37,HF2,24,degradation_spearman,20,1000,0.3111291010011634,0.098661425515528,0.4839272427786904,981,1000,0.38787015533767577,0.1680335760369798,0.5492749277689123,981,39,65,non_circular_segmented,0.38526581726316245,0.3812413517319325
CS2_37,HF2,24,partial_pearson_controlling_SOH,20,1000,-0.0793969532758023,-0.2230707217395859,0.1668838428298231,981,1000,-0.011985297171188805,-0.23527197950055034,0.2803540701256405,981,39,65,non_circular_segmented,0.389954564569409,0.5156260496261909
CS2_37,HF2,24,degradation_pearson,30,1000,0.1960615432460976,0.0533815566334489,0.4219229548706397,981,1000,0.4193615330030731,0.2576276724421189,0.531863998231362,981,39,65,non_circular_segmented,0.3685413982371908,0.27423632578924306
CS2_37,HF2,24,degradation_spearman,30,1000,0.3102731877078484,0.0393909681563318,0.5028294422328261,981,1000,0.4597347595118355,0.21218219693343965,0.6078974104786741,981,39,65,non_circular_segmented,0.4634384740764943,0.3957152135452344
CS2_37,HF2,24,partial_pearson_controlling_SOH,30,1000,-0.0818341943145258,-0.2271615227338263,0.2061493392272172,981,1000,0.17737125105947724,0.0603057177959255,0.32650344122181174,981,39,65,non_circular_segmented,0.4333108619610435,0.2661977234258862
CS2_37,HF3,24,degradation_pearson,10,1000,0.0421186914238983,-0.3472645970167742,0.5056328379884013,977,1000,-0.2502352790999777,-0.5128019995464628,-0.040032532077524774,977,40,65,non_circular_segmented,0.8528974350051755,0.472769467468938
CS2_37,HF3,24,degradation_spearman,10,1000,-0.3648898033215133,-0.4967593394041152,-0.2001884759200217,977,1000,-0.3748327320169919,-0.5046394535455231,-0.22223726671871424,977,40,65,non_circular_segmented,0.2965708634840935,0.28240218682680884
CS2_37,HF3,24,partial_pearson_controlling_SOH,10,1000,-0.1066120667223034,-0.7484112333850098,0.0304811432113509,977,1000,0.00025779029457846734,-0.2088255749267749,0.0841707064247206,977,40,65,non_circular_segmented,0.7788923765963607,0.29299628135149547
CS2_37,HF3,24,degradation_pearson,20,1000,0.0416292224581322,-0.3001860849625227,0.4963126213632781,977,1000,-0.38202470341127626,-0.5131244923784514,-0.06875936518580564,977,40,65,non_circular_segmented,0.7964987063258008,0.44436512719264576
CS2_37,HF3,24,degradation_spearman,20,1000,-0.3659350905233312,-0.5300240171115097,-0.1324873524502035,977,1000,-0.42480209936819024,-0.5694570152661771,-0.2175421547348098,977,40,65,non_circular_segmented,0.3975366646613062,0.3519148605313673
CS2_37,HF3,24,partial_pearson_controlling_SOH,20,1000,-0.1024108729009047,-0.7369403833971836,0.0251304943961916,977,1000,-0.14982435401226318,-0.28849827280725715,0.007713465086722347,977,40,65,non_circular_segmented,0.7620708777933752,0.2962117378939795
CS2_37,HF3,24,degradation_pearson,30,1000,0.0389452273603823,-0.3743731430613406,0.4759182693126801,977,1000,-0.46146229094204294,-0.5700381566546008,-0.09380444026950908,977,40,65,non_circular_segmented,0.8502914123740207,0.4762337163850917
CS2_37,HF3,24,degradation_spearman,30,1000,-0.3601881334256155,-0.5429060225354345,-0.123550108500703,977,1000,-0.4757758489028324,-0.6112755323158716,-0.23761396983425842,977,40,65,non_circular_segmented,0.4193559140347315,0.3736615624816132
CS2_37,HF3,24,partial_pearson_controlling_SOH,30,1000,-0.1013019110671256,-0.7112719679018049,0.030155952521362,977,1000,-0.21624409002957298,-0.2838178695316006,0.002746574802930172,977,40,65,non_circular_segmented,0.741427920423167,0.28656444433453077
CS2_37,HF4,24,degradation_pearson,10,1000,-0.04103871410273,-0.2344093620461442,0.0787024347144659,640,1000,0.06938353198636019,-0.08269569749967176,0.16539262069342986,640,43,65,non_circular_segmented,0.31311179676061013,0.24808831819310162
CS2_37,HF4,24,degradation_spearman,10,1000,-0.0655396062818628,-0.2718728543905565,0.1800633797405748,640,1000,0.035260181628905526,-0.17969687096163303,0.25034605324391235,640,43,65,non_circular_segmented,0.45193623413113126,0.43004292420554535
CS2_37,HF4,24,partial_pearson_controlling_SOH,10,1000,0.0500284982399593,-0.0659389670700568,0.2289990114328934,640,1000,-0.024864838284880907,-0.10489012912534075,0.06426978629870525,640,43,65,non_circular_segmented,0.29493797850295017,0.16915991542404601
CS2_37,HF4,24,degradation_pearson,20,1000,-0.0413866108568797,-0.2745033410073776,0.1056070796893916,640,1000,0.010362475018658925,-0.14220975471617373,0.14552033921795351,640,43,65,non_circular_segmented,0.3801104206967692,0.28773009393412724
CS2_37,HF4,24,degradation_spearman,20,1000,-0.0679502754463241,-0.3248321131554,0.2438400220855361,640,1000,0.001854440287289897,-0.21886729653981066,0.22493125784930143,640,43,65,non_circular_segmented,0.5686721352409361,0.4437985543891121
CS2_37,HF4,24,partial_pearson_controlling_SOH,20,1000,0.0436261228023448,-0.1150338774314014,0.2341156610494759,640,1000,-0.0860017751447574,-0.24971973684272408,0.04525967144960434,640,43,65,non_circular_segmented,0.34914953848087726,0.29497940829232844
CS2_37,HF4,24,degradation_pearson,30,1000,-0.0381674384747606,-0.2979246219218044,0.1292944583947845,640,1000,0.0061520119936723985,-0.13394554873916867,0.16527404293476605,640,43,65,non_circular_segmented,0.42721908031658895,0.29921959167393475
CS2_37,HF4,24,degradation_spearman,30,1000,-0.0463175487636397,-0.3759679694047271,0.270206321901443,640,1000,0.044376294878107014,-0.17224158992303668,0.29764201349877595,640,43,65,non_circular_segmented,0.6461742913061701,0.4698836034218126
CS2_37,HF4,24,partial_pearson_controlling_SOH,30,1000,0.0357812058623945,-0.1938150991415943,0.2469875893055109,640,1000,-0.10076450845195968,-0.28752923437313144,0.051188156784121336,640,43,65,non_circular_segmented,0.44080268844710524,0.33871739115725275
CS2_37,HF5,24,degradation_pearson,10,1000,-0.011205493913761,-0.2023823827975283,0.100870278604916,640,1000,0.08658555578620121,-0.017489361939586633,0.19826161157892377,640,43,65,non_circular_segmented,0.3032526614024443,0.2157509735185104
CS2_37,HF5,24,degradation_spearman,10,1000,0.0154231548465864,-0.205016926843096,0.2399639749962966,640,1000,0.1426750413076314,-0.0738185705223971,0.3604562109731532,640,43,65,non_circular_segmented,0.4449809018393926,0.4342747814955503
CS2_37,HF5,24,partial_pearson_controlling_SOH,10,1000,-0.0664183913792803,-0.2584231606413681,0.0257478025554593,640,1000,-0.06946604353273343,-0.3028778355999454,0.02780866201926031,640,43,65,non_circular_segmented,0.2841709631968274,0.3306864976192057
CS2_37,HF5,24,degradation_pearson,20,1000,-0.0113012548250111,-0.2320654865654962,0.1304980157900781,640,1000,0.08548952201081524,-0.03864623730309313,0.23046332994167287,640,43,65,non_circular_segmented,0.36256350235557433,0.269109567244766
CS2_37,HF5,24,degradation_spearman,20,1000,0.0179871209386465,-0.2618423490833045,0.2953705927973153,640,1000,0.13375665846661178,-0.07913837147261867,0.35098775958949296,640,43,65,non_circular_segmented,0.5572129418806198,0.4301261310621116
CS2_37,HF5,24,partial_pearson_controlling_SOH,20,1000,-0.0632725592153269,-0.2608445710495864,0.035396477621301,640,1000,-0.2617314002495245,-0.3355641048178464,-0.056243745972768086,640,43,65,non_circular_segmented,0.2962410486708874,0.2793203588450783
CS2_37,HF5,24,degradation_pearson,30,1000,-0.0101074508914549,-0.2403190042328505,0.1337136934129453,640,1000,0.11202827643010058,-0.01818490472185622,0.2567125710570863,640,43,65,non_circular_segmented,0.37403269764579583,0.2748974757789425
CS2_37,HF5,24,degradation_spearman,30,1000,0.036385328558353,-0.2842426602696944,0.3439907962434564,640,1000,0.14665637841199677,-0.06270334189942066,0.3418048027681598,640,43,65,non_circular_segmented,0.6282334565131509,0.40450814466758045
CS2_37,HF5,24,partial_pearson_controlling_SOH,30,1000,-0.0623569790057047,-0.2809234206111785,0.0318338189123578,640,1000,-0.3095642044240524,-0.3863572253958475,-0.22889412619320915,640,43,65,non_circular_segmented,0.3127572395235363,0.15746309920263835
CS2_37,HF6,24,degradation_pearson,10,1000,0.0394196722803636,-0.0956235563882778,0.1513705310888866,640,1000,0.10488702745733908,0.03268176951065267,0.21775286485888376,640,43,65,non_circular_segmented,0.2469940874771644,0.18507109534823107
CS2_37,HF6,24,degradation_spearman,10,1000,0.0673684768548917,-0.1310498943290728,0.2733873881810819,640,1000,0.18828354036063588,-0.006959634663374033,0.37244966528888734,640,43,65,non_circular_segmented,0.40443728251015465,0.37940929995226136
CS2_37,HF6,24,partial_pearson_controlling_SOH,10,1000,-0.1454715523588098,-0.3040425319611583,-0.0625391388444082,640,1000,-0.09495281554851306,-0.298941120423159,-0.010745848077326465,640,43,65,non_circular_segmented,0.24150339311675012,0.28819527234583253
CS2_37,HF6,24,degradation_pearson,20,1000,0.0383497771254116,-0.1468233385411664,0.166449130374994,640,1000,0.10789738409748743,-0.0012375786943859205,0.21762304503029783,640,43,65,non_circular_segmented,0.3132724689161604,0.21886062372468376
CS2_37,HF6,24,degradation_spearman,20,1000,0.0709902770480521,-0.1999400194063959,0.3180311333584957,640,1000,0.16909316173580383,-0.033560362083093744,0.3609716464086687,640,43,65,non_circular_segmented,0.5179711527648916,0.39453200849176245
CS2_37,HF6,24,partial_pearson_controlling_SOH,20,1000,-0.146490031240511,-0.3225368020009757,-0.0488008684537698,640,1000,-0.26316797288206517,-0.3681169351693949,-0.06785492744672415,640,43,65,non_circular_segmented,0.2737359335472059,0.30026200772267075
CS2_37,HF6,24,degradation_pearson,30,1000,0.0413093556190714,-0.144502004536394,0.1560027063376986,640,1000,0.13046470468900673,0.027259706084085376,0.23373366142207416,640,43,65,non_circular_segmented,0.3005047108740926,0.2064739553379888
CS2_37,HF6,24,degradation_spearman,30,1000,0.0693446763729074,-0.2211208213647754,0.3486717892485914,640,1000,0.1687084687550084,-0.018135372888415695,0.3468378426897627,640,43,65,non_circular_segmented,0.5697926106133668,0.3649732155781784
CS2_37,HF6,24,partial_pearson_controlling_SOH,30,1000,-0.1464929558455993,-0.321787855491206,-0.0363287120038874,640,1000,-0.3078856313094316,-0.3953283660339871,-0.16630991832892925,640,43,65,non_circular_segmented,0.2854591434873186,0.22901844770505783
CS2_37,HF7,24,degradation_pearson,10,1000,-0.2937001408739894,-0.4778796944150785,-0.1509730815146473,1005,1000,-0.29834983211257243,-0.5037175584031505,-0.14197174729743434,1005,12,174,non_circular_segmented,0.3269066129004312,0.36174581110571613
CS2_37,HF7,24,degradation_spearman,10,1000,-0.4081631537328876,-0.5402473319038207,-0.2388205933532052,1005,1000,-0.3923480788847506,-0.5286996196888698,-0.21858603115242498,1005,12,174,non_circular_segmented,0.30142673855061547,0.31011358853644483
CS2_37,HF7,24,partial_pearson_controlling_SOH,10,1000,0.5441507697708527,0.1753285981487901,0.8305835674141275,1005,1000,0.3940143008992137,0.2151962126644298,0.7460049473815092,1005,12,174,non_circular_segmented,0.6552549692653374,0.5308087347170795
CS2_37,HF7,24,degradation_pearson,20,1000,-0.2951028453223262,-0.4979475864656112,-0.1139718874663229,1005,1000,-0.26860403105531594,-0.5028603210931958,-0.09085217159774867,1005,12,174,non_circular_segmented,0.3839756989992883,0.4120081494954471
CS2_37,HF7,24,degradation_spearman,20,1000,-0.3982657396559146,-0.5585200270626429,-0.1753175595916917,1005,1000,-0.37707475409455804,-0.5371569983522055,-0.1496320812099725,1005,12,174,non_circular_segmented,0.3832024674709512,0.387524917142233
CS2_37,HF7,24,partial_pearson_controlling_SOH,20,1000,0.5426060535795934,0.1665730924901775,0.8252517901515618,1005,1000,0.369962051017093,0.2063237933240847,0.6522606453056505,1005,12,174,non_circular_segmented,0.6586786976613843,0.44593685198156585
CS2_37,HF7,24,degradation_pearson,30,1000,-0.2868044774724645,-0.5178072087511364,-0.0975933534550973,1005,1000,-0.2612144786128754,-0.48744767542951206,-0.07912773768521517,1005,12,174,non_circular_segmented,0.4202138552960391,0.40831993774429687
CS2_37,HF7,24,degradation_spearman,30,1000,-0.3904044003662725,-0.567708837585684,-0.1344138358226255,1005,1000,-0.36314204532932454,-0.551303558950673,-0.09625244253742307,1005,12,174,non_circular_segmented,0.4332950017630585,0.4550511164132499
CS2_37,HF7,24,partial_pearson_controlling_SOH,30,1000,0.5432519875171649,0.1772410695106257,0.8259959254099624,1005,1000,0.3805817357936438,0.236488330595566,0.6128598701997003,1005,12,174,non_circular_segmented,0.6487548558993367,0.37637153960413433
CS2_37,HF8,24,degradation_pearson,10,1000,0.2138791681988359,0.0989185733248978,0.3997622523215348,981,1000,0.20878688380437332,0.07955546872032894,0.4123663489626431,981,39,65,non_circular_segmented,0.300843678996637,0.3328108802423142
CS2_37,HF8,24,degradation_spearman,10,1000,0.3391090690542366,0.1776188957809907,0.4794074489275836,981,1000,0.33373348010219683,0.1610934920142876,0.4727801087636897,981,39,65,non_circular_segmented,0.3017885531465929,0.3116866167494021
CS2_37,HF8,24,partial_pearson_controlling_SOH,10,1000,-0.0909354804027009,-0.2447291747458067,0.1155848479703608,981,1000,-0.052920761540698885,-0.2188398334442651,0.1782023825987745,981,39,65,non_circular_segmented,0.36031402271616747,0.3970422160430396
CS2_37,HF8,24,degradation_pearson,20,1000,0.2156319899390693,0.0860120562900711,0.4218985695328166,981,1000,0.36231835129998796,0.17392939242792907,0.49026964617718016,981,39,65,non_circular_segmented,0.33588651324274554,0.3163402537492511
CS2_37,HF8,24,degradation_spearman,20,1000,0.3342071454731201,0.1346547213152359,0.511228734987797,981,1000,0.39854197359028176,0.19964641394227559,0.5557466961178131,981,39,65,non_circular_segmented,0.37657401367256105,0.3561002821755376
CS2_37,HF8,24,partial_pearson_controlling_SOH,20,1000,-0.1014075840184493,-0.2644998145601234,0.1866316240990107,981,1000,0.003942774036833586,-0.20955844522595843,0.30082609244796066,981,39,65,non_circular_segmented,0.4511314386591341,0.5103845376739191
CS2_37,HF8,24,degradation_pearson,30,1000,0.214792860705738,0.0607157520167658,0.4665066544929917,981,1000,0.4235475006525747,0.2512708676835038,0.5350752600876136,981,39,65,non_circular_segmented,0.4057909024762259,0.2838043924041098
CS2_37,HF8,24,degradation_spearman,30,1000,0.3328806427450705,0.0595053705094183,0.5186764857013866,981,1000,0.4638056268184426,0.18922739496585606,0.6157413351690333,981,39,65,non_circular_segmented,0.4591711151919683,0.42651394020317723
CS2_37,HF8,24,partial_pearson_controlling_SOH,30,1000,-0.0943081976016874,-0.272214124046183,0.2030265755552961,981,1000,0.17642133439555507,0.057661331752231614,0.325414870120813,981,39,65,non_circular_segmented,0.4752406996014791,0.2677535383685814
CS2_37,HF1,32,degradation_pearson,10,1000,-0.3695946341963982,-0.5612057349895256,-0.2189132988221515,997,1000,-0.3994324727356027,-0.601526837921281,-0.22009909068223563,997,12,166,non_circular_segmented,0.34229243616737415,0.3814277472390454
CS2_37,HF1,32,degradation_spearman,10,1000,-0.4578204879841498,-0.58911088376028,-0.3128012718678108,997,1000,-0.4635417185808573,-0.5820547621551869,-0.3156322145443365,997,12,166,non_circular_segmented,0.27630961189246916,0.26642254761085044
CS2_37,HF1,32,partial_pearson_controlling_SOH,10,1000,0.5355768187068362,0.1639254492262641,0.8375974841548086,997,1000,0.38994442196075085,0.205367629222415,0.7538934746396827,997,12,166,non_circular_segmented,0.6736720349285445,0.5485258454172677
CS2_37,HF1,32,degradation_pearson,20,1000,-0.3622722736739389,-0.5722443847946976,-0.1726890171001128,997,1000,-0.37139829184586637,-0.6170914728553283,-0.1750664755424127,997,12,166,non_circular_segmented,0.39955536769458483,0.44202499731291556
CS2_37,HF1,32,degradation_spearman,20,1000,-0.4514396297224816,-0.6222334313869559,-0.2420901630957947,997,1000,-0.4420970136857939,-0.6061275243850791,-0.22782764528590138,997,12,166,non_circular_segmented,0.3801432682911612,0.3782998790991777
CS2_37,HF1,32,partial_pearson_controlling_SOH,20,1000,0.5245892115722526,0.1525963973240462,0.8385563611753225,997,1000,0.3687985830061684,0.2073401359876488,0.6527760579118281,997,12,166,non_circular_segmented,0.6859599638512763,0.44543592192417936
CS2_37,HF1,32,degradation_pearson,30,1000,-0.3610356595990259,-0.5848163921160979,-0.1564196081659174,997,1000,-0.32554535209207036,-0.5882716859450545,-0.11916899866350965,997,12,166,non_circular_segmented,0.42839678395018055,0.46910268728154486
CS2_37,HF1,32,degradation_spearman,30,1000,-0.4528170092569105,-0.6287526684396608,-0.1925931504098073,997,1000,-0.43914510471927126,-0.6133021626188571,-0.19429126116886658,997,12,166,non_circular_segmented,0.43615951802985353,0.4190109014499905
CS2_37,HF1,32,partial_pearson_controlling_SOH,30,1000,0.5310022674926329,0.1568663342011058,0.8196657910564613,997,1000,0.37756870178765134,0.23643748538022274,0.6646715626456368,997,12,166,non_circular_segmented,0.6627994568553555,0.428234077265414
CS2_37,HF2,32,degradation_pearson,10,1000,0.2712892744245858,0.1476301672510767,0.4447102950360651,973,1000,0.3201298285965962,0.1707587219208299,0.48743068782472976,973,39,65,non_circular_segmented,0.2970801277849884,0.3166719659038999
CS2_37,HF2,32,degradation_spearman,10,1000,0.3902871025372646,0.2292849195671862,0.5055285597593386,973,1000,0.40658126172944875,0.2647390517052063,0.5362737622557235,973,39,65,non_circular_segmented,0.2762436401921524,0.27153471055051726
CS2_37,HF2,32,partial_pearson_controlling_SOH,10,1000,-0.0874831906444913,-0.2566226216363811,0.1458562270529106,973,1000,-0.018283562772924797,-0.2381931642879604,0.326184691991689,973,39,65,non_circular_segmented,0.40247884868929173,0.5643778562796493
CS2_37,HF2,32,degradation_pearson,20,1000,0.2638653112992613,0.1052669575686281,0.4676161491580977,973,1000,0.4226795303426038,0.24563749847470495,0.5437572887913255,973,39,65,non_circular_segmented,0.3623491915894696,0.2981197903166205
CS2_37,HF2,32,degradation_spearman,20,1000,0.3817294348914113,0.1623398329837584,0.5385130499899151,973,1000,0.43590090409022353,0.23820253855443033,0.5705170608844965,973,39,65,non_circular_segmented,0.3761732170061567,0.3323145223300662
CS2_37,HF2,32,partial_pearson_controlling_SOH,20,1000,-0.0887750299374487,-0.2727723657485228,0.1985239328967825,973,1000,0.26648735912925114,0.11620994722537067,0.4154972354224928,973,39,65,non_circular_segmented,0.4712962986453053,0.29928728819712214
CS2_37,HF2,32,degradation_pearson,30,1000,0.2694627623144839,0.1028558166061146,0.4851815782177183,973,1000,0.4592854997326353,0.2786801209624801,0.5745389121299026,973,39,65,non_circular_segmented,0.3823257616116037,0.2958587911674225
CS2_37,HF2,32,degradation_spearman,30,1000,0.3807025663059838,0.1301004660425558,0.5568818556350076,973,1000,0.46797604721299524,0.2168174693304001,0.6219217444120576,973,39,65,non_circular_segmented,0.4267813895924518,0.40510427508165747
CS2_37,HF2,32,partial_pearson_controlling_SOH,30,1000,-0.0983791249319421,-0.2725713225391748,0.1847956716982066,973,1000,0.18472422522525783,0.0596233067596528,0.37677231690678015,973,39,65,non_circular_segmented,0.4573669942373814,0.3171490101471274
CS2_37,HF3,32,degradation_pearson,10,1000,0.0098812925545487,-0.4495989856483982,0.392503147450509,969,1000,-0.41557984767339917,-0.6466149793641565,-0.07652586797717219,969,40,65,non_circular_segmented,0.8421021330989071,0.5700891113869843
CS2_37,HF3,32,degradation_spearman,10,1000,-0.4332304351980408,-0.5472294710165622,-0.283788310037788,969,1000,-0.454787942011892,-0.5767643152755153,-0.3190177709589831,969,40,65,non_circular_segmented,0.2634411609787742,0.2577465443165322
CS2_37,HF3,32,partial_pearson_controlling_SOH,10,1000,-0.087512575274778,-0.7413941557401998,0.0477966006479048,969,1000,-0.021856639678934267,-0.1524180872625123,0.06271605499003736,969,40,65,non_circular_segmented,0.7891907563881047,0.21513414225254968
CS2_37,HF3,32,degradation_pearson,20,1000,0.0087825593386138,-0.40716154353911,0.4143850819195142,969,1000,-0.5195718106564913,-0.6833162976032667,-0.09672615976365542,969,40,65,non_circular_segmented,0.8215466254586241,0.5865901378396113
CS2_37,HF3,32,degradation_spearman,20,1000,-0.4283451786671649,-0.5912570211483608,-0.2230040259328503,969,1000,-0.464858111519883,-0.6136258405812258,-0.25724909357307646,969,40,65,non_circular_segmented,0.36825299521551047,0.35637674700814936
CS2_37,HF3,32,partial_pearson_controlling_SOH,20,1000,-0.0827560601425471,-0.7091300928686991,0.0260250179857576,969,1000,-0.13576839303086802,-0.22590475730052842,0.012328042847235834,969,40,65,non_circular_segmented,0.7351551108544567,0.23823280014776427
CS2_37,HF3,32,degradation_pearson,30,1000,0.0055191585009341,-0.4473712749088434,0.4385330029034197,969,1000,-0.5073172015562085,-0.617743274670004,-0.09286705318719923,969,40,65,non_circular_segmented,0.885904277812263,0.5248762214828048
CS2_37,HF3,32,degradation_spearman,30,1000,-0.4274311869570404,-0.5909978995038739,-0.1755016225891047,969,1000,-0.47173546778635167,-0.6124999832944099,-0.22248200285483105,969,40,65,non_circular_segmented,0.4154962769147692,0.39001798043957886
CS2_37,HF3,32,partial_pearson_controlling_SOH,30,1000,-0.0811362033206551,-0.7083454787259366,0.0319890563280171,969,1000,-0.1682138035872457,-0.2567536023911734,0.010786223183528777,969,40,65,non_circular_segmented,0.7403345350539536,0.2675398255747022
CS2_37,HF4,32,degradation_pearson,10,1000,-0.0458344621123839,-0.2984266193782071,0.0938747307943288,640,1000,0.034595720951077755,-0.14265769503761042,0.1418183238305277,640,43,65,non_circular_segmented,0.39230135017253587,0.2844760188681381
CS2_37,HF4,32,degradation_spearman,10,1000,-0.0921628026671295,-0.3203135565100777,0.1348791278100726,640,1000,-0.044301300918788866,-0.25776951688833294,0.20309885935506716,640,43,65,non_circular_segmented,0.4551926843201503,0.4608683762434001
CS2_37,HF4,32,partial_pearson_controlling_SOH,10,1000,0.082529772592974,-0.0382671122633641,0.2725940842724126,640,1000,0.009864918425317122,-0.11385750912539952,0.12214251010839437,640,43,65,non_circular_segmented,0.3108611965357767,0.23600001923379388
CS2_37,HF4,32,degradation_pearson,20,1000,-0.0509314618341114,-0.3291931209752154,0.1209711171222864,640,1000,0.005807136241417824,-0.1529450005880149,0.13712378535488773,640,43,65,non_circular_segmented,0.45016423809750183,0.29006878594290264
CS2_37,HF4,32,degradation_spearman,20,1000,-0.0792824067650045,-0.3599544846264791,0.2305933975312785,640,1000,-0.006127853421562057,-0.249690481519437,0.23922279702236382,640,43,65,non_circular_segmented,0.5905478821577577,0.48891327854180083
CS2_37,HF4,32,partial_pearson_controlling_SOH,20,1000,0.083001418179798,-0.1195640468610466,0.2879976953226898,640,1000,-0.06383919271944521,-0.18959368930396703,0.06052648773758523,640,43,65,non_circular_segmented,0.4075617421837364,0.25012017704155226
CS2_37,HF4,32,degradation_pearson,30,1000,-0.0438493681736233,-0.3343750766263703,0.1542036515375003,640,1000,0.005546585361704023,-0.1456161556863152,0.1594926030684049,640,43,65,non_circular_segmented,0.4885787281638706,0.3051087587547201
CS2_37,HF4,32,degradation_spearman,30,1000,-0.0843090983881228,-0.3923964672540704,0.289861796357009,640,1000,0.04744177127905157,-0.2236626256084753,0.3088377366619208,640,43,65,non_circular_segmented,0.6822582636110794,0.5325003622703961
CS2_37,HF4,32,partial_pearson_controlling_SOH,30,1000,0.079363388013519,-0.1476358647413982,0.2834158893492322,640,1000,-0.10345724718799636,-0.2622782444948131,0.029713784850581706,640,43,65,non_circular_segmented,0.43105175409063035,0.29199202934539475
CS2_37,HF5,32,degradation_pearson,10,1000,-0.0268953315176274,-0.2635307438738453,0.0972692007604086,640,1000,0.05656626093555692,-0.08103452435325721,0.17306515332798528,640,43,65,non_circular_segmented,0.3607999446342539,0.2540996776812425
CS2_37,HF5,32,degradation_spearman,10,1000,-0.0118931884952281,-0.231520486170059,0.2053208248486216,640,1000,0.08286063677667865,-0.13545722192013282,0.29725660422251315,640,43,65,non_circular_segmented,0.4368413110186806,0.432713826142646
CS2_37,HF5,32,partial_pearson_controlling_SOH,10,1000,-0.0510120278521811,-0.2429279520223305,0.0556258383537437,640,1000,-0.08076603521841753,-0.26550814200443706,0.0354793270001737,640,43,65,non_circular_segmented,0.2985537903760742,0.30098746900461076
CS2_37,HF5,32,degradation_pearson,20,1000,-0.0248024968010527,-0.2752150489766884,0.1302718619486448,640,1000,0.07034536078195192,-0.07227524150948421,0.20664912736194557,640,43,65,non_circular_segmented,0.4054869109253332,0.2789243688714298
CS2_37,HF5,32,degradation_spearman,20,1000,-0.0042199262621322,-0.2953571357549759,0.3205749008357372,640,1000,0.1297093889878941,-0.10879182216599502,0.34380577857351274,640,43,65,non_circular_segmented,0.615932036590713,0.4525976007395078
CS2_37,HF5,32,partial_pearson_controlling_SOH,20,1000,-0.0483171042268296,-0.2538356715449468,0.0483777445512589,640,1000,-0.20335329274621838,-0.2974771953229043,-0.03764638184256328,640,43,65,non_circular_segmented,0.30221341609620567,0.259830813480341
CS2_37,HF5,32,degradation_pearson,30,1000,-0.0301095991422233,-0.2883615872600892,0.1327285603649876,640,1000,0.09251532133051864,-0.06800833739051648,0.22734784652257473,640,43,65,non_circular_segmented,0.4210901476250768,0.2953561839130912
CS2_37,HF5,32,degradation_spearman,30,1000,-0.0150204893745621,-0.3291249651865263,0.3439825098448321,640,1000,0.14266345600311275,-0.08314058604011061,0.3603699998980231,640,43,65,non_circular_segmented,0.6731074750313584,0.4435105859381337
CS2_37,HF5,32,partial_pearson_controlling_SOH,30,1000,-0.0435146374214161,-0.2454492835443512,0.0575188467414283,640,1000,-0.25727430535455675,-0.3298855743219366,-0.16062793414279988,640,43,65,non_circular_segmented,0.3029681302857795,0.16925764017913672
CS2_37,HF6,32,degradation_pearson,10,1000,0.0273814235261389,-0.1304975753060478,0.1301624472353816,640,1000,0.08524396123940937,-0.016548683370009476,0.17783893452651559,640,43,65,non_circular_segmented,0.2606600225414294,0.19438761789652506
CS2_37,HF6,32,degradation_spearman,10,1000,0.0545272154385366,-0.1456590131341867,0.2660722199648541,640,1000,0.15810856180145458,-0.04602433395823502,0.35027848442724974,640,43,65,non_circular_segmented,0.4117312330990408,0.39630281838548476
CS2_37,HF6,32,partial_pearson_controlling_SOH,10,1000,-0.13759423767081,-0.3408661682371415,-0.0346475719029594,640,1000,-0.11030964387105337,-0.29438745399091465,0.006178863665910745,640,43,65,non_circular_segmented,0.3062185963341821,0.3005663176568254
CS2_37,HF6,32,degradation_pearson,20,1000,0.0252774492029778,-0.1965425237104023,0.1525884383024962,640,1000,0.08395763883470464,-0.009779555967837743,0.1876515947256616,640,43,65,non_circular_segmented,0.3491309620128985,0.19743115069349934
CS2_37,HF6,32,degradation_spearman,20,1000,0.0534695675799647,-0.2193144210636607,0.335820005822068,640,1000,0.1694838748326925,-0.022023843960610627,0.37340734682557264,640,43,65,non_circular_segmented,0.5551344268857287,0.3954311907861833
CS2_37,HF6,32,partial_pearson_controlling_SOH,20,1000,-0.1340521476065782,-0.3363799315572406,-0.0162673670192007,640,1000,-0.20463197612319364,-0.3074942955727755,-0.024572751190694513,640,43,65,non_circular_segmented,0.32011256453803993,0.282921544382081
CS2_37,HF6,32,degradation_pearson,30,1000,0.0280946852244563,-0.1967755711744638,0.1491563413910996,640,1000,0.10432870236928268,-0.01580850710792892,0.20645515565092928,640,43,65,non_circular_segmented,0.3459319125655634,0.2222636627588582
CS2_37,HF6,32,degradation_spearman,30,1000,0.0538938637901441,-0.2412366048378487,0.3384404657255387,640,1000,0.1731250261418476,-0.03724400553812378,0.39556575831017643,640,43,65,non_circular_segmented,0.5796770705633874,0.4328097638483002
CS2_37,HF6,32,partial_pearson_controlling_SOH,30,1000,-0.1314238098076184,-0.3441146789245281,-0.0021726213397145,640,1000,-0.2546692561616247,-0.3323027167595323,-0.1351530545668105,640,43,65,non_circular_segmented,0.34194205758481355,0.19714966219272181
CS2_37,HF7,32,degradation_pearson,10,1000,-0.3593469221881173,-0.5769989611131475,-0.2050938927097094,997,1000,-0.39512109498626935,-0.5965751298497126,-0.20472901764823198,997,12,166,non_circular_segmented,0.3719050684034381,0.39184611220148063
CS2_37,HF7,32,degradation_spearman,10,1000,-0.4596053325749131,-0.5843001567287999,-0.3134919910164858,997,1000,-0.4586793142571359,-0.583199845501205,-0.305809799219061,997,12,166,non_circular_segmented,0.2708081657123141,0.277390046282144
CS2_37,HF7,32,partial_pearson_controlling_SOH,10,1000,0.5180893766671925,0.1678441516217924,0.8173230656034353,997,1000,0.3744154092548253,0.19010860400558774,0.7483799679782214,997,12,166,non_circular_segmented,0.6494789139816428,0.5582713639726337
CS2_37,HF7,32,degradation_pearson,20,1000,-0.3626614976552754,-0.5789765291663773,-0.1735561168663442,997,1000,-0.374577765016167,-0.6077572750330842,-0.16235136326561625,997,12,166,non_circular_segmented,0.4054204123000331,0.4454059117674679
CS2_37,HF7,32,degradation_spearman,20,1000,-0.4523912910130206,-0.6033856521868691,-0.2541367753694352,997,1000,-0.4428133593215776,-0.6114231165432257,-0.2405533684499889,997,12,166,non_circular_segmented,0.34924887681743394,0.3708697480932368
CS2_37,HF7,32,partial_pearson_controlling_SOH,20,1000,0.5204397425020986,0.1532703665004226,0.8367610466354807,997,1000,0.3585886159652816,0.19577740286615747,0.6389850739342016,997,12,166,non_circular_segmented,0.6834906801350581,0.4432076710680441
CS2_37,HF7,32,degradation_pearson,30,1000,-0.3488377023791432,-0.5788708165599586,-0.1513495485893488,997,1000,-0.3189254463096338,-0.5583541798905292,-0.11971310395642579,997,12,166,non_circular_segmented,0.42752126797060985,0.4386410759341034
CS2_37,HF7,32,degradation_spearman,30,1000,-0.4454928783047426,-0.6335866233107775,-0.1829580655346632,997,1000,-0.42631602336964475,-0.6057054854009399,-0.1881918495494881,997,12,166,non_circular_segmented,0.4506285577761143,0.41751363585145185
CS2_37,HF7,32,partial_pearson_controlling_SOH,30,1000,0.5266234521287896,0.1506182263564213,0.8393679833835692,997,1000,0.35842078733337823,0.21963862155970973,0.640904572275418,997,12,166,non_circular_segmented,0.6887497570271479,0.42126595071570827
CS2_37,HF8,32,degradation_pearson,10,1000,0.2897760468870549,0.1486161142116006,0.4895080525342522,973,1000,0.3350097969193905,0.17679641530216905,0.5014418168902022,973,39,65,non_circular_segmented,0.34089193832265163,0.3246454015880331
CS2_37,HF8,32,degradation_spearman,10,1000,0.4110223406518627,0.2659875458527914,0.5377694182593825,973,1000,0.4297785220126705,0.28555915850113023,0.5499547904031672,973,39,65,non_circular_segmented,0.27178187240659113,0.26439563190203696
CS2_37,HF8,32,partial_pearson_controlling_SOH,10,1000,-0.1064699746453122,-0.2933976203714768,0.1737158966001765,973,1000,-0.032942595361228455,-0.23690113748301228,0.33533124850700796,973,39,65,non_circular_segmented,0.4671135169716533,0.5722323859900202
CS2_37,HF8,32,degradation_pearson,20,1000,0.2941681598880005,0.1332543482759711,0.5151127445450425,973,1000,0.43638327970229096,0.2565955625682146,0.5538488939474341,973,39,65,non_circular_segmented,0.3818583962690714,0.2972533313792195
CS2_37,HF8,32,degradation_spearman,20,1000,0.4134508826265781,0.1997310943252937,0.562828995110732,973,1000,0.4538394420822158,0.25502647764275854,0.5949812289327413,973,39,65,non_circular_segmented,0.36309790078543835,0.33995475128998276
CS2_37,HF8,32,partial_pearson_controlling_SOH,20,1000,-0.1059337975722001,-0.2976843771167749,0.2201793468516388,973,1000,0.26441366007296485,0.11125552867747551,0.42471077048598144,973,39,65,non_circular_segmented,0.5178637239684137,0.3134552418085059
CS2_37,HF8,32,degradation_pearson,30,1000,0.2887609453860928,0.103339737349571,0.5102204500313093,973,1000,0.45202632526383,0.2770391137849779,0.5765910920983196,973,39,65,non_circular_segmented,0.4068807126817383,0.2995519783133417
CS2_37,HF8,32,degradation_spearman,30,1000,0.4036437385775238,0.1616525448445207,0.5713745140736294,973,1000,0.4693806573782443,0.22585327922029022,0.6225441936573924,973,39,65,non_circular_segmented,0.40972196922910864,0.39669091443710225
CS2_37,HF8,32,partial_pearson_controlling_SOH,30,1000,-0.1015424077444765,-0.3161471975582501,0.2086802363178451,973,1000,0.19071900761911614,0.07111145948405331,0.37636600179269913,973,39,65,non_circular_segmented,0.5248274338760952,0.3052545423086458
CS2_37,HF1,48,degradation_pearson,10,1000,-0.5306026764028431,-0.7362650922096796,-0.3448353057086516,981,1000,-0.5789723171782318,-0.766201424974776,-0.3698187209296979,981,12,150,non_circular_segmented,0.391429786501028,0.396382704045078
CS2_37,HF1,48,degradation_spearman,10,1000,-0.5971353205471008,-0.7170294826135107,-0.4492915502673242,981,1000,-0.6115940375484583,-0.7364983888890809,-0.45501491258222837,981,12,150,non_circular_segmented,0.26773793234618654,0.28148347630685255
CS2_37,HF1,48,partial_pearson_controlling_SOH,10,1000,0.48760926246822,0.112130390532739,0.8356502736618019,981,1000,0.3556570057210001,0.15649728264260324,0.7463509517693111,981,12,150,non_circular_segmented,0.7235198831290629,0.5898536691267079
CS2_37,HF1,48,degradation_pearson,20,1000,-0.5338112038077825,-0.7475250689256139,-0.340574119230163,981,1000,-0.5743642808395262,-0.7659167306473597,-0.3217124513413675,981,12,150,non_circular_segmented,0.40695094969545087,0.44420427930599216
CS2_37,HF1,48,degradation_spearman,20,1000,-0.6039071632536044,-0.7480549124722249,-0.3845663286501288,981,1000,-0.6096878659766052,-0.7566985475292968,-0.3922963206764112,981,12,150,non_circular_segmented,0.3634885838220961,0.3644022268528856
CS2_37,HF1,48,partial_pearson_controlling_SOH,20,1000,0.5179866072039605,0.1122694382096866,0.8313853255019276,981,1000,0.3366343570675858,0.15679547738813773,0.6276255799782118,981,12,150,non_circular_segmented,0.719115887292241,0.4708301025900741
CS2_37,HF1,48,degradation_pearson,30,1000,-0.5171327965631165,-0.7589454109503717,-0.2901833789990198,981,1000,-0.5315157087297326,-0.7815194265462783,-0.25515635332147457,981,12,150,non_circular_segmented,0.4687620319513519,0.5263630732248037
CS2_37,HF1,48,degradation_spearman,30,1000,-0.5945466251779851,-0.7664079916621016,-0.3297972345058275,981,1000,-0.5928113686363183,-0.7767424347360607,-0.32568039846047564,981,12,150,non_circular_segmented,0.4366107571562741,0.4510620362755851
CS2_37,HF1,48,partial_pearson_controlling_SOH,30,1000,0.4944710072808408,0.1054461617957154,0.822853291282847,981,1000,0.32339510934216154,0.16071249307548396,0.6214926825645425,981,12,150,non_circular_segmented,0.7174071294871316,0.4607801894890585
CS2_37,HF2,48,degradation_pearson,10,1000,0.4056177538224346,0.2443255399657076,0.5922429147568771,957,1000,0.4059700134359133,0.2280994862376706,0.6067069572859928,957,39,65,non_circular_segmented,0.34791737479116946,0.37860747104832215
CS2_37,HF2,48,degradation_spearman,10,1000,0.5522261455528188,0.4032403881984586,0.6651338452150772,957,1000,0.5563400044482005,0.41445520474344133,0.665388213558348,957,39,65,non_circular_segmented,0.26189345701661865,0.25093300881490666
CS2_37,HF2,48,partial_pearson_controlling_SOH,10,1000,-0.0226281050568626,-0.2512373174921437,0.2490575346720053,957,1000,0.1848441032103495,-0.18478194920790314,0.3435986562975484,957,39,65,non_circular_segmented,0.500294852164149,0.5283806055054515
CS2_37,HF2,48,degradation_pearson,20,1000,0.4064901220147109,0.2239888909254206,0.6182189772079499,957,1000,0.46146472656969,0.2366695283772031,0.6581059652084029,957,39,65,non_circular_segmented,0.3942300862825293,0.4214364368311998
CS2_37,HF2,48,degradation_spearman,20,1000,0.5546022193709139,0.3411454135144558,0.688580956424563,957,1000,0.5644357086306742,0.34587664188810746,0.7031347858441016,957,39,65,non_circular_segmented,0.34743554291010714,0.35725814395599415
CS2_37,HF2,48,partial_pearson_controlling_SOH,20,1000,-0.0187041580587838,-0.2915715767753511,0.2667019696559254,957,1000,0.24659473534640589,0.15613942691830962,0.3859467390212541,957,39,65,non_circular_segmented,0.5582735464312765,0.22980731210294447
CS2_37,HF2,48,degradation_pearson,30,1000,0.4022499715382292,0.1828448166760613,0.6262510214393692,957,1000,0.47428142342874585,0.18598900463598722,0.7194423886513575,957,39,65,non_circular_segmented,0.44340620476330783,0.5334533840153702
CS2_37,HF2,48,degradation_spearman,30,1000,0.5454021344311994,0.2827390243019414,0.7036229296684281,957,1000,0.554782207272424,0.26746152980883237,0.7230502941997449,957,39,65,non_circular_segmented,0.4208839053664867,0.4555887643909125
CS2_37,HF2,48,partial_pearson_controlling_SOH,30,1000,-0.0258358184780489,-0.2965828706855252,0.2720678877673051,957,1000,0.22646493573761817,0.12356783054620472,0.3575682214833028,957,39,65,non_circular_segmented,0.5686507584528303,0.23400039093709807
CS2_37,HF3,48,degradation_pearson,10,1000,-0.0435121139663331,-0.6413778996097887,0.2962585933811886,953,1000,-0.5294607269179028,-0.7590240087395945,-0.11157944738915586,953,40,65,non_circular_segmented,0.9376364929909773,0.6474445613504387
CS2_37,HF3,48,degradation_spearman,10,1000,-0.5758495787009261,-0.6876317792193084,-0.4278411002343388,953,1000,-0.5934840816044191,-0.7040610873540768,-0.4526736980812867,953,40,65,non_circular_segmented,0.2597906789849696,0.2513873892727901
CS2_37,HF3,48,partial_pearson_controlling_SOH,10,1000,-0.0783125682775996,-0.7490491485210468,0.0454239551809315,953,1000,-0.018636437501086754,-0.19650079432270898,0.07678933085082316,953,40,65,non_circular_segmented,0.7944731037019782,0.27329012517353213
CS2_37,HF3,48,degradation_pearson,20,1000,-0.0433063205724655,-0.5710057580748434,0.3513026972282498,953,1000,-0.5668710256896152,-0.7877746436748947,-0.11835124161930469,953,40,65,non_circular_segmented,0.9223084553030932,0.66942340205559
CS2_37,HF3,48,degradation_spearman,20,1000,-0.5727741907384272,-0.7178033725483,-0.3752377664321211,953,1000,-0.5980950004159115,-0.737423246545394,-0.3871000370912801,953,40,65,non_circular_segmented,0.34256560611617887,0.35032320945411394
CS2_37,HF3,48,partial_pearson_controlling_SOH,20,1000,-0.0882243009465523,-0.7777054334785887,0.0417102512125674,953,1000,-0.05723692966436436,-0.2655153928813958,0.07091420646666158,953,40,65,non_circular_segmented,0.8194156846911561,0.3364295993480574
CS2_37,HF3,48,degradation_pearson,30,1000,-0.0519009479717781,-0.555374649856664,0.3678706029078958,953,1000,-0.5880027942074754,-0.826201943223617,-0.10596730344967352,953,40,65,non_circular_segmented,0.9232452527645598,0.7202346397739434
CS2_37,HF3,48,degradation_spearman,30,1000,-0.5697721219614444,-0.7255686739074864,-0.3016258557920264,953,1000,-0.5664252807063975,-0.7457170312618941,-0.29456215241881656,953,40,65,non_circular_segmented,0.42394281811546,0.4511548788430776
CS2_37,HF3,48,partial_pearson_controlling_SOH,30,1000,-0.0803274949792859,-0.7783569346640717,0.0469320672189318,953,1000,-0.030672465000702892,-0.3160805612531336,0.10860256289259196,953,40,65,non_circular_segmented,0.8252890018830036,0.42468312414572557
CS2_37,HF4,48,degradation_pearson,10,1000,-0.1569746449798092,-0.4836643217491096,0.0453085029867535,641,1000,0.0859773890081295,-0.10298385166827373,0.17498564753504278,641,43,65,non_circular_segmented,0.5289728247358632,0.2779694992033165
CS2_37,HF4,48,degradation_spearman,10,1000,-0.2150835196140485,-0.4732788561818762,0.0522802445059771,641,1000,-0.0332115592830135,-0.298910764005098,0.22222889478599828,641,43,65,non_circular_segmented,0.5255591006878533,0.5211396587910962
CS2_37,HF4,48,partial_pearson_controlling_SOH,10,1000,0.1309404858746177,0.004716108154463,0.3306722989549914,641,1000,0.0167222129356478,-0.048075709904854116,0.09651163169319422,641,43,65,non_circular_segmented,0.3259561908005284,0.14458734159804834
CS2_37,HF4,48,degradation_pearson,20,1000,-0.1551077484066522,-0.528661359374655,0.0927813777897006,641,1000,0.13353195705098792,-0.07827449172947824,0.2221384597095235,641,43,65,non_circular_segmented,0.6214427371643556,0.30041295143900176
CS2_37,HF4,48,degradation_spearman,20,1000,-0.2250969060867158,-0.5186596326746844,0.1576275460687246,641,1000,0.01162013456225345,-0.3375851996775443,0.3940644775142966,641,43,65,non_circular_segmented,0.676287178743409,0.7316496771918408
CS2_37,HF4,48,partial_pearson_controlling_SOH,20,1000,0.1182310181645317,-0.0814365495722343,0.364499699269205,641,1000,-0.010121477456374282,-0.15382094088466078,0.04870988135782987,641,43,65,non_circular_segmented,0.4459362488414393,0.20253082224249064
CS2_37,HF4,48,degradation_pearson,30,1000,-0.1615655993074068,-0.5566837889940054,0.1090889488669605,641,1000,0.12734249471126183,-0.16059472552354012,0.21145813507932376,641,43,65,non_circular_segmented,0.6657727378609659,0.3720528606028639
CS2_37,HF4,48,degradation_spearman,30,1000,-0.2256671854006265,-0.5791980770170233,0.2269443539376598,641,1000,0.011557078428977196,-0.39134833456104073,0.41987166856707203,641,43,65,non_circular_segmented,0.8061424309546831,0.8112200031281127
CS2_37,HF4,48,partial_pearson_controlling_SOH,30,1000,0.113297031970369,-0.1755090725502564,0.3715895918654501,641,1000,-0.004372939258092226,-0.20436366810938825,0.04269352131956203,641,43,65,non_circular_segmented,0.5470986644157065,0.24705718942895027
CS2_37,HF5,48,degradation_pearson,10,1000,-0.1180152418233735,-0.4482560937067802,0.0806051229800845,641,1000,0.12762140885859957,-0.007300696825566912,0.20909946004624236,641,43,65,non_circular_segmented,0.5288612166868647,0.21640015687180927
CS2_37,HF5,48,degradation_spearman,10,1000,-0.1453520979954136,-0.3787082629422218,0.12671279277102,641,1000,0.07507565403260996,-0.17337846144574537,0.31105603182087693,641,43,65,non_circular_segmented,0.5054210557132418,0.4844344932666223
CS2_37,HF5,48,partial_pearson_controlling_SOH,10,1000,-0.1317294699283864,-0.2895400855584899,-0.0416617583590245,641,1000,-0.14253916616447043,-0.3038764859173624,-0.08078793734631824,641,43,65,non_circular_segmented,0.24787832719946543,0.22308854857104415
CS2_37,HF5,48,degradation_pearson,20,1000,-0.1057492032464454,-0.4781623985593809,0.1326313128563533,641,1000,0.17986202090421477,0.014517030054925347,0.26286832055067927,641,43,65,non_circular_segmented,0.6107937114157342,0.2483512904957539
CS2_37,HF5,48,degradation_spearman,20,1000,-0.1372268558661312,-0.44790221002905,0.2271806686229211,641,1000,0.17461125310276943,-0.17295305962060048,0.45612504259937964,641,43,65,non_circular_segmented,0.6750828786519711,0.6290781022199801
CS2_37,HF5,48,partial_pearson_controlling_SOH,20,1000,-0.1311723450929196,-0.2942670919920545,-0.0391883784560591,641,1000,-0.1466798966121035,-0.32271925948095076,-0.07455102492914382,641,43,65,non_circular_segmented,0.25507871353599537,0.24816823455180692
CS2_37,HF5,48,degradation_pearson,30,1000,-0.1080657689436205,-0.5024545558771514,0.1636052009782568,641,1000,0.17418481636925928,-0.0077021122373286685,0.23382640332073729,641,43,65,non_circular_segmented,0.6660597568554082,0.24152851555806595
CS2_37,HF5,48,degradation_spearman,30,1000,-0.1274878584718738,-0.5068288106262074,0.3069450507238967,641,1000,0.14715728898144526,-0.21285721603510252,0.47284394909194194,641,43,65,non_circular_segmented,0.8137738613501042,0.6857011651270445
CS2_37,HF5,48,partial_pearson_controlling_SOH,30,1000,-0.128322945196702,-0.2952376910079301,-0.0432442341773167,641,1000,-0.14872871196613446,-0.2850508867127892,-0.0775249495251267,641,43,65,non_circular_segmented,0.2519934568306134,0.20752593718766252
CS2_37,HF6,48,degradation_pearson,10,1000,-0.0248683165500829,-0.2682556761598699,0.1426805743678993,641,1000,0.15318810287661835,0.024860195396157365,0.23364614087982483,641,43,65,non_circular_segmented,0.41093625052776916,0.20878594548366747
CS2_37,HF6,48,degradation_spearman,10,1000,-0.0782032747173568,-0.3047744316939867,0.1753567330622233,641,1000,0.1408077852168997,-0.10493805902893305,0.3677331329971414,641,43,65,non_circular_segmented,0.48013116475621,0.47267119202607444
CS2_37,HF6,48,partial_pearson_controlling_SOH,10,1000,-0.2377499340554782,-0.4023351867564388,-0.1320698763909968,641,1000,-0.1637477950293018,-0.3344534955516921,-0.07887335825563449,641,43,65,non_circular_segmented,0.270265310365442,0.25558013729605766
CS2_37,HF6,48,degradation_pearson,20,1000,-0.0198001466181189,-0.3408983183751705,0.1748205402185086,641,1000,0.1789639569212367,0.048162335549797805,0.26548349815551714,641,43,65,non_circular_segmented,0.515718858593679,0.21732116260571932
CS2_37,HF6,48,degradation_spearman,20,1000,-0.062218448577853,-0.3746313725386388,0.2694589743662612,641,1000,0.20915431678001423,-0.12334921733712302,0.5097741483610831,641,43,65,non_circular_segmented,0.6440903469049,0.6331233656982062
CS2_37,HF6,48,partial_pearson_controlling_SOH,20,1000,-0.2278971387129987,-0.4178909320684948,-0.1138544125228878,641,1000,-0.12737882091472247,-0.304105528541857,-0.047371347648826605,641,43,65,non_circular_segmented,0.304036519545607,0.2567341808930304
CS2_37,HF6,48,degradation_pearson,30,1000,-0.0315220000925845,-0.382403609417358,0.1856394826989925,641,1000,0.16049123312713376,-0.08045777976654453,0.2271973250745917,641,43,65,non_circular_segmented,0.5680430921163505,0.30765510484113623
CS2_37,HF6,48,degradation_spearman,30,1000,-0.0788644320981979,-0.44238323439241,0.2963910396175278,641,1000,0.14361315266109503,-0.27599475929278316,0.48535543816344207,641,43,65,non_circular_segmented,0.7387742740099378,0.7613501974562252
CS2_37,HF6,48,partial_pearson_controlling_SOH,30,1000,-0.2249544736543943,-0.4280544495348119,-0.0915691183014565,641,1000,-0.10007944860479888,-0.22741828827576824,-0.03249054148101252,641,43,65,non_circular_segmented,0.33648533123335544,0.19492774679475572
CS2_37,HF7,48,degradation_pearson,10,1000,-0.5316843469282293,-0.7222833340334599,-0.356529209046222,981,1000,-0.5751401254576831,-0.7497934144520758,-0.3715948043178288,981,12,150,non_circular_segmented,0.3657541249872379,0.378198610134247
CS2_37,HF7,48,degradation_spearman,10,1000,-0.5986172756571271,-0.7210171608188676,-0.4474225298340334,981,1000,-0.6121609610210355,-0.7337605572169981,-0.46224249197744677,981,12,150,non_circular_segmented,0.27359463098483416,0.2715180652395513
CS2_37,HF7,48,partial_pearson_controlling_SOH,10,1000,0.5026928826524787,0.1062798985836321,0.8095748912061879,981,1000,0.3322456095310315,0.1398160132780731,0.6939481425609668,981,12,150,non_circular_segmented,0.7032949926225558,0.5541321292828937
CS2_37,HF7,48,degradation_pearson,20,1000,-0.5308062141079064,-0.7436572705246877,-0.3227017969861362,981,1000,-0.5679593972247241,-0.7693481531501705,-0.3088771010087866,981,12,150,non_circular_segmented,0.42095547353855145,0.46047105214138384
CS2_37,HF7,48,degradation_spearman,20,1000,-0.6015855915828345,-0.7510741077431726,-0.3967076466981811,981,1000,-0.6068927511964436,-0.7615972499623815,-0.39929467300196847,981,12,150,non_circular_segmented,0.35436646104499153,0.36230257696041307
CS2_37,HF7,48,partial_pearson_controlling_SOH,20,1000,0.4996146673083469,0.108628642761351,0.8322812253076755,981,1000,0.32313712173128073,0.15498551422544785,0.6502120701402422,981,12,150,non_circular_segmented,0.7236525825463245,0.49522655591479436
CS2_37,HF7,48,degradation_pearson,30,1000,-0.5267390923091737,-0.7463022634131912,-0.2951908541482685,981,1000,-0.5259045796241972,-0.7815417286375119,-0.2561702695998992,981,12,150,non_circular_segmented,0.45111140926492266,0.5253714590376127
CS2_37,HF7,48,degradation_spearman,30,1000,-0.5982467275607213,-0.7691642118648819,-0.3188976775616184,981,1000,-0.5921801763082986,-0.7819764002223282,-0.3115651283572026,981,12,150,non_circular_segmented,0.4502665343032635,0.47041127186512555
CS2_37,HF7,48,partial_pearson_controlling_SOH,30,1000,0.5081723402089202,0.0950238895098291,0.8393891812469766,981,1000,0.3137829187447251,0.144365000994481,0.6167268707769731,981,12,150,non_circular_segmented,0.7443652917371475,0.47236186978249206
CS2_37,HF8,48,degradation_pearson,10,1000,0.4315474600827023,0.2637732970112895,0.6199160475612564,957,1000,0.42358897993265976,0.2465611692122362,0.6233994209098322,957,39,65,non_circular_segmented,0.3561427505499669,0.37683825169759605
CS2_37,HF8,48,degradation_spearman,10,1000,0.5697277896469711,0.4184957435921371,0.6793857929485946,957,1000,0.5782510509316605,0.4337675340984759,0.6852069040835898,957,39,65,non_circular_segmented,0.2608900493564575,0.25143936998511385
CS2_37,HF8,48,partial_pearson_controlling_SOH,10,1000,-0.0427216626564588,-0.3090579976958221,0.243105256335995,957,1000,0.160931037456104,-0.21833301826654586,0.31565781429535705,957,39,65,non_circular_segmented,0.5521632540318171,0.5339908325619029
CS2_37,HF8,48,degradation_pearson,20,1000,0.4335237857523241,0.2373056115020155,0.6533714324546958,957,1000,0.4787579510738281,0.24836048951497625,0.6857715073142243,957,39,65,non_circular_segmented,0.41606582095268024,0.43741101779924807
CS2_37,HF8,48,degradation_spearman,20,1000,0.5750539201631762,0.3646003242336185,0.7034643446337154,957,1000,0.5852388673136195,0.3850503189221598,0.7229870858744186,957,39,65,non_circular_segmented,0.33886402040009694,0.3379367669522588
CS2_37,HF8,48,partial_pearson_controlling_SOH,20,1000,-0.0481185800214371,-0.3344289342472225,0.2671197307137807,957,1000,0.23820377572220597,0.1389539061654316,0.36813043792180894,957,39,65,non_circular_segmented,0.6015486649610031,0.22917653175637734
CS2_37,HF8,48,degradation_pearson,30,1000,0.4257970126067404,0.1911719837587586,0.653401478989969,957,1000,0.4829719189853564,0.20573338709231803,0.7224290530936822,957,39,65,non_circular_segmented,0.46222949523121043,0.5166956660013642
CS2_37,HF8,48,degradation_spearman,30,1000,0.5626124899453531,0.3085176800500404,0.7129400861605804,957,1000,0.5729849370932546,0.2765379858974235,0.747191388118399,957,39,65,non_circular_segmented,0.40442240611054,0.4706534022209755
CS2_37,HF8,48,partial_pearson_controlling_SOH,30,1000,-0.0502090402056178,-0.3347397845637099,0.2625688101551486,957,1000,0.22311667551557812,0.12245939398719982,0.3372954424763117,957,39,65,non_circular_segmented,0.5973085947188586,0.2148360484891119
CS2_37,HF1,64,degradation_pearson,10,1000,-0.6120670184202555,-0.7914527997281464,-0.4319824658284141,967,1000,-0.6525411516545426,-0.8079216831272804,-0.4604728470805129,967,11,134,non_circular_segmented,0.3594703338997323,0.3474488360467675
CS2_37,HF1,64,degradation_spearman,10,1000,-0.6210485357366136,-0.7428223172541754,-0.4515854628686832,967,1000,-0.6198952375091459,-0.7393407277108162,-0.44929005752026296,967,11,134,non_circular_segmented,0.2912368543854922,0.2900506701905532
CS2_37,HF1,64,partial_pearson_controlling_SOH,10,1000,0.5235560793087755,0.1411892510942969,0.8338969333098298,967,1000,0.39404918143630774,0.21685803879696097,0.7320255773284613,967,11,134,non_circular_segmented,0.6927076822155329,0.5151675385315003
CS2_37,HF1,64,degradation_pearson,20,1000,-0.6180293283303333,-0.7995967351337838,-0.3966076125838864,967,1000,-0.6388811073473314,-0.8177685019925799,-0.4025594371182827,967,11,134,non_circular_segmented,0.40298912254989744,0.4152090648742972
CS2_37,HF1,64,degradation_spearman,20,1000,-0.6210527752065043,-0.7699827686601469,-0.4085147789342709,967,1000,-0.6107887413806772,-0.7662766917370322,-0.37891647371126275,967,11,134,non_circular_segmented,0.361467989725876,0.3873602180257694
CS2_37,HF1,64,partial_pearson_controlling_SOH,20,1000,0.5103560243470506,0.1298301833269496,0.8274055380585301,967,1000,0.38878096527500006,0.1910916023652125,0.6629358349127585,967,11,134,non_circular_segmented,0.6975753547315805,0.47184423254754604
CS2_37,HF1,64,degradation_pearson,30,1000,-0.6097350281622755,-0.8091438820002128,-0.3656626845350035,967,1000,-0.6088687888481914,-0.8272253633197847,-0.3498045250070978,967,11,134,non_circular_segmented,0.4434811974652093,0.4774208383126869
CS2_37,HF1,64,degradation_spearman,30,1000,-0.6086981165604576,-0.7726810809088371,-0.3315552868011915,967,1000,-0.592225695548855,-0.7707129570626466,-0.29863681495833616,967,11,134,non_circular_segmented,0.44112579410764563,0.4720761421043105
CS2_37,HF1,64,partial_pearson_controlling_SOH,30,1000,0.5239387439960139,0.1091995231259597,0.846644881178818,967,1000,0.36581775749028633,0.1914821496639902,0.6445025285278919,967,11,134,non_circular_segmented,0.7374453580528583,0.45302037886390173
CS2_37,HF2,64,degradation_pearson,10,1000,0.4947651202238967,0.3189517185462326,0.6789542789306428,943,1000,0.5138362718693967,0.3176988386909842,0.7196785649555609,943,37,65,non_circular_segmented,0.36000256038441014,0.40197972626457673
CS2_37,HF2,64,degradation_spearman,10,1000,0.5629377374677254,0.4034844498424795,0.6838235683423917,943,1000,0.5837506545770068,0.4163197253639135,0.7005657572080702,943,37,65,non_circular_segmented,0.28033911849991217,0.28424603184415675
CS2_37,HF2,64,partial_pearson_controlling_SOH,10,1000,-0.0264822147433224,-0.3129126537075444,0.2784403395019156,943,1000,0.18436147804255174,-0.23544631099154345,0.35127527236896283,943,37,65,non_circular_segmented,0.59135299320946,0.5867215833605063
CS2_37,HF2,64,degradation_pearson,20,1000,0.4886677387660346,0.2749775786404044,0.6985143867930945,943,1000,0.5237448805732658,0.288208306003505,0.7555984088896772,943,37,65,non_circular_segmented,0.4235368081526901,0.4673901028861722
CS2_37,HF2,64,degradation_spearman,20,1000,0.5483045542636453,0.3164518002142014,0.7081150279158,943,1000,0.5722843717706967,0.32185244468969937,0.7409746922148926,943,37,65,non_circular_segmented,0.39166322770159867,0.4191222475251933
CS2_37,HF2,64,partial_pearson_controlling_SOH,20,1000,-0.0170639255939843,-0.3165234141549167,0.2920680758185426,943,1000,0.24490710373045754,0.1566226850038676,0.35446268465413067,943,37,65,non_circular_segmented,0.6085914899734592,0.19783999965026305
CS2_37,HF2,64,degradation_pearson,30,1000,0.4905622465637451,0.2494139848961859,0.696768197213268,943,1000,0.5570394925250253,0.2494696408286031,0.8119778175359829,943,37,65,non_circular_segmented,0.44735421231708206,0.5625081767073797
CS2_37,HF2,64,degradation_spearman,30,1000,0.5483461342651923,0.2759335100416519,0.7142640797577421,943,1000,0.5055763510251324,0.11027452700295468,0.7452308490008787,943,37,65,non_circular_segmented,0.4383305697160902,0.634956321997924
CS2_37,HF2,64,partial_pearson_controlling_SOH,30,1000,-0.0214520226879279,-0.3388108272530525,0.2858176364669499,943,1000,0.25741198888921657,0.13602341363487302,0.3920083472421267,943,37,65,non_circular_segmented,0.6246284637200024,0.25598493360725366
CS2_37,HF3,64,degradation_pearson,10,1000,-0.0554164302699769,-0.6605313033045074,0.2694026104600607,940,1000,-0.5999623187318983,-0.8169660862215871,-0.1081443650025111,940,38,65,non_circular_segmented,0.9299339137645681,0.7088217212190759
CS2_37,HF3,64,degradation_spearman,10,1000,-0.5900238492417889,-0.701411538497478,-0.4394040835266909,940,1000,-0.6298675913770134,-0.7381506726613698,-0.4806337362451635,940,38,65,non_circular_segmented,0.26200745497078703,0.2575169364162063
CS2_37,HF3,64,partial_pearson_controlling_SOH,10,1000,-0.0875419699009752,-0.7471638394730014,0.0332432490056326,940,1000,-0.05906573980424801,-0.21741230473091422,0.02606228359138409,940,38,65,non_circular_segmented,0.7804070884786339,0.24347458832229832
CS2_37,HF3,64,degradation_pearson,20,1000,-0.0588440841341011,-0.6199561086752507,0.3005849975638677,940,1000,-0.6052692173344598,-0.8450493361820558,-0.10947363723135178,940,38,65,non_circular_segmented,0.9205411062391184,0.7355756989507041
CS2_37,HF3,64,degradation_spearman,20,1000,-0.5878482027559763,-0.7305272325348948,-0.3559047080081997,940,1000,-0.6217443492559563,-0.7719648877146406,-0.40236778350668334,940,38,65,non_circular_segmented,0.37462252452669514,0.3695971042079572
CS2_37,HF3,64,partial_pearson_controlling_SOH,20,1000,-0.0908839714293339,-0.7716823876660013,0.0299782255459366,940,1000,-0.06900464606859016,-0.2744955511122608,0.017338021356529856,940,38,65,non_circular_segmented,0.8016606132119379,0.29183357246879066
CS2_37,HF3,64,degradation_pearson,30,1000,-0.0556786884737245,-0.6201059090365753,0.2865309826649596,940,1000,-0.6686360887936669,-0.8802073023842921,-0.11045475121709832,940,38,65,non_circular_segmented,0.9066368917015348,0.7697525511671938
CS2_37,HF3,64,degradation_spearman,30,1000,-0.5776655481435613,-0.7342910221340174,-0.3041821194275734,940,1000,-0.531363326837332,-0.746103808520905,-0.2045235236675878,940,38,65,non_circular_segmented,0.43010890270644403,0.5415802848533171
CS2_37,HF3,64,partial_pearson_controlling_SOH,30,1000,-0.0859619477485224,-0.7686512685236626,0.032016117754378,940,1000,-0.06823670361773863,-0.33625091052365313,0.022132336720222322,940,38,65,non_circular_segmented,0.8006673862780406,0.35838324724387544
CS2_37,HF4,64,degradation_pearson,10,1000,-0.1850857916851306,-0.5177022948293147,0.0686972230467447,641,1000,0.11467052109770874,-0.10131270122766063,0.23035965876639958,641,43,65,non_circular_segmented,0.5863995178760595,0.3316723599940602
CS2_37,HF4,64,degradation_spearman,10,1000,-0.2206013079914432,-0.4527669798239795,0.0731280461403337,641,1000,-0.0013436573063909775,-0.25575267193789575,0.2762652841186731,641,43,65,non_circular_segmented,0.5258950259643133,0.5320179560565689
CS2_37,HF4,64,partial_pearson_controlling_SOH,10,1000,0.2021102858004875,0.0659656245196043,0.4094764168369436,641,1000,0.10756095048446912,0.01940029379816015,0.2085389253174813,641,43,65,non_circular_segmented,0.3435107923173393,0.18913863151932114
CS2_37,HF4,64,degradation_pearson,20,1000,-0.1852606334617941,-0.5929316524830212,0.1209979095847972,641,1000,0.1909240338217327,-0.05663091180217822,0.2780588622797091,641,43,65,non_circular_segmented,0.7139295620678183,0.3346897740818873
CS2_37,HF4,64,degradation_spearman,20,1000,-0.2149523900026088,-0.5345649898419499,0.1539145262071841,641,1000,0.15123517261881547,-0.18575966193339832,0.48658195463980536,641,43,65,non_circular_segmented,0.6884795160491339,0.6723416165732037
CS2_37,HF4,64,partial_pearson_controlling_SOH,20,1000,0.1951484741239522,-0.1231433910944526,0.4242094053277119,641,1000,0.09611379116205429,-0.07621531400137845,0.14858244209899288,641,43,65,non_circular_segmented,0.5473527964221645,0.22479775610037134
CS2_37,HF4,64,degradation_pearson,30,1000,-0.1610134516431954,-0.6114536770348872,0.14475762161036,641,1000,0.22236612629728306,-0.06520363699641567,0.2937041589352342,641,43,65,non_circular_segmented,0.7562112986452472,0.3589077959316499
CS2_37,HF4,64,degradation_spearman,30,1000,-0.198972512341486,-0.5784957535566656,0.2225909442544968,641,1000,0.281619641901532,-0.06505775900097228,0.5903124349790916,641,43,65,non_circular_segmented,0.8010866978111624,0.6553701939800639
CS2_37,HF4,64,partial_pearson_controlling_SOH,30,1000,0.1899767906014385,-0.156745392224323,0.424542372231407,641,1000,0.1077848797149069,-0.08528536281960244,0.15994823513282122,641,43,65,non_circular_segmented,0.5812877644557299,0.24523359795242367
CS2_37,HF5,64,degradation_pearson,10,1000,-0.1007647358340097,-0.4762349737955205,0.1429797354335766,641,1000,0.19211393627774825,0.004905603509906197,0.29157699208034604,641,43,65,non_circular_segmented,0.619214709229097,0.28667138857043983
CS2_37,HF5,64,degradation_spearman,10,1000,-0.138549019467843,-0.3759116550417054,0.1506738470686068,641,1000,0.11894438600797566,-0.13780807051032307,0.36475031460651414,641,43,65,non_circular_segmented,0.5265855021103122,0.5025583851168371
CS2_37,HF5,64,partial_pearson_controlling_SOH,10,1000,-0.2181345105913334,-0.3379481945456333,-0.1148097085182883,641,1000,-0.23696402806862324,-0.35975105754410314,-0.1773215747828724,641,43,65,non_circular_segmented,0.22313848602734498,0.18242948276123075
CS2_37,HF5,64,degradation_pearson,20,1000,-0.1053458124723059,-0.5517766191007372,0.1832229265314846,641,1000,0.2658370743566977,0.06871548774154357,0.3262424676068609,641,43,65,non_circular_segmented,0.7349995456322218,0.2575269798653173
CS2_37,HF5,64,degradation_spearman,20,1000,-0.1415437417033486,-0.4511182221523937,0.1989248649946231,641,1000,0.286128584664346,-0.0439477928045418,0.5547817163326333,641,43,65,non_circular_segmented,0.6500430871470169,0.598729509137175
CS2_37,HF5,64,partial_pearson_controlling_SOH,20,1000,-0.216103074942505,-0.3284696244490593,-0.0756818076129592,641,1000,-0.22129603131128456,-0.3199724176410164,-0.1623822494384136,641,43,65,non_circular_segmented,0.2527878168361001,0.15759016820260283
CS2_37,HF5,64,degradation_pearson,30,1000,-0.1083737071452885,-0.5754111568122899,0.217421200593407,641,1000,0.2922981312187305,0.081655022686112,0.3449382267713693,641,43,65,non_circular_segmented,0.7928323574056969,0.2632832040852573
CS2_37,HF5,64,degradation_spearman,30,1000,-0.1309027696336677,-0.5002385189656654,0.3193695699455336,641,1000,0.3858782343467062,0.05234564418292379,0.647331430786324,641,43,65,non_circular_segmented,0.819608088911199,0.5949857866034003
CS2_37,HF5,64,partial_pearson_controlling_SOH,30,1000,-0.2123774195590675,-0.3013644518310041,-0.0786831679907375,641,1000,-0.21567631301720808,-0.328923130649371,-0.16528133836402456,641,43,65,non_circular_segmented,0.2226812838402666,0.16364179228534645
CS2_37,HF6,64,degradation_pearson,10,1000,-0.0117115659365655,-0.3066569857251084,0.185559880444076,641,1000,0.206585176040826,0.06929744638632875,0.29464741204461187,641,43,65,non_circular_segmented,0.4922168661691844,0.22534996565828314
CS2_37,HF6,64,degradation_spearman,10,1000,-0.0456522262818594,-0.270086814613193,0.1970947206539348,641,1000,0.20045453716571568,-0.04659059236815393,0.42704020850769864,641,43,65,non_circular_segmented,0.4671815352671278,0.4736308008758526
CS2_37,HF6,64,partial_pearson_controlling_SOH,10,1000,-0.294044780096748,-0.4513094305182475,-0.1858710569923166,641,1000,-0.20568309829293557,-0.36557080349485177,-0.1180970851787989,641,43,65,non_circular_segmented,0.2654383735259309,0.24747371831605286
CS2_37,HF6,64,degradation_pearson,20,1000,-0.0174403901033037,-0.3662963196789808,0.2152748676515268,641,1000,0.24052322365958007,0.13088873500267023,0.29881271557959915,641,43,65,non_circular_segmented,0.5815711873305076,0.16792398057692892
CS2_37,HF6,64,degradation_spearman,20,1000,-0.0400064662177863,-0.350250214969723,0.2842298576936117,641,1000,0.3040701612441734,0.020256335603480606,0.5579096769015088,641,43,65,non_circular_segmented,0.6344800726633346,0.5376533412980282
CS2_37,HF6,64,partial_pearson_controlling_SOH,20,1000,-0.2887754975106431,-0.4503325175663689,-0.1727051300382859,641,1000,-0.15263826012964796,-0.3463522140494374,-0.06303032176772708,641,43,65,non_circular_segmented,0.277627387528083,0.28332189228171034
CS2_37,HF6,64,degradation_pearson,30,1000,-0.0070743276403247,-0.4310360945828478,0.2329609559993853,641,1000,0.252256990133058,0.07722803461769395,0.3091518459521624,641,43,65,non_circular_segmented,0.6639970505822331,0.23192381133446843
CS2_37,HF6,64,degradation_spearman,30,1000,-0.0314275071362154,-0.3971931984989925,0.3626188898030811,641,1000,0.35102663125082045,0.0026555484935064664,0.6453373610418999,641,43,65,non_circular_segmented,0.7598120883020736,0.6426818125483934
CS2_37,HF6,64,partial_pearson_controlling_SOH,30,1000,-0.2873004915682641,-0.4426642110626685,-0.1501551768565698,641,1000,-0.11180961327632341,-0.3236929455082281,-0.03874688267559761,641,43,65,non_circular_segmented,0.29250903420609875,0.28494606283263046
CS2_37,HF7,64,degradation_pearson,10,1000,-0.6111230777792125,-0.7879248733987083,-0.4325041709780107,967,1000,-0.6604562427740996,-0.8101011714042788,-0.4475313542721227,967,11,134,non_circular_segmented,0.3554207024206976,0.36256981713215614
CS2_37,HF7,64,degradation_spearman,10,1000,-0.6176011958683781,-0.7433660950803685,-0.472989887424434,967,1000,-0.6223667104033238,-0.7433960141017428,-0.4756782103889364,967,11,134,non_circular_segmented,0.27037620765593456,0.26771780371280646
CS2_37,HF7,64,partial_pearson_controlling_SOH,10,1000,0.528824764494072,0.1394940570515875,0.8241268374766857,967,1000,0.3832204662325177,0.1880225552124466,0.743231788053027,967,11,134,non_circular_segmented,0.6846327804250982,0.5552092328405804
CS2_37,HF7,64,degradation_pearson,20,1000,-0.6036197702146862,-0.8021124855776673,-0.3910189004392284,967,1000,-0.6417892351875946,-0.8191581344710723,-0.4034317118801612,967,11,134,non_circular_segmented,0.41109358513843897,0.41572642259091114
CS2_37,HF7,64,degradation_spearman,20,1000,-0.6134811450218465,-0.7591060808168145,-0.38400231510908,967,1000,-0.6063875452118175,-0.765075467711058,-0.373135878913865,967,11,134,non_circular_segmented,0.3751037657077345,0.39193958879719304
CS2_37,HF7,64,partial_pearson_controlling_SOH,20,1000,0.5207008962730062,0.1182984046840568,0.8223042570904278,967,1000,0.368933829706763,0.19155361080515285,0.6731091516910206,967,11,134,non_circular_segmented,0.7040058524063709,0.4815555408858677
CS2_37,HF7,64,degradation_pearson,30,1000,-0.6104783391310302,-0.8096060767465182,-0.3861624194512889,967,1000,-0.6261470892462916,-0.824750738085747,-0.35581957183367674,967,11,134,non_circular_segmented,0.4234436572952293,0.4689311662520702
CS2_37,HF7,64,degradation_spearman,30,1000,-0.6176034328602654,-0.7840169547600625,-0.3627362512345529,967,1000,-0.6071294053684742,-0.7814747473570932,-0.3135604532252596,967,11,134,non_circular_segmented,0.4212807035255096,0.4679142941318336
CS2_37,HF7,64,partial_pearson_controlling_SOH,30,1000,0.5299172476559462,0.1196308811155612,0.8521067473345831,967,1000,0.3648636714644099,0.1812210776898812,0.6339935226388123,967,11,134,non_circular_segmented,0.7324758662190219,0.4527724449489311
CS2_37,HF8,64,degradation_pearson,10,1000,0.5128520068394627,0.3266047518607265,0.6978501552637204,943,1000,0.5218266910490288,0.3347794468142969,0.7158903473296386,943,37,65,non_circular_segmented,0.3712454034029939,0.38111090051534174
CS2_37,HF8,64,degradation_spearman,10,1000,0.5751289758445981,0.4219856245607706,0.6951588893628452,943,1000,0.5971802080203482,0.4449170483766803,0.7117878700441846,943,37,65,non_circular_segmented,0.2731732648020746,0.26687082166750437
CS2_37,HF8,64,partial_pearson_controlling_SOH,10,1000,-0.0433806330425946,-0.3543948448528732,0.2694205599445757,943,1000,0.17240198399999224,-0.2440629260095668,0.3130223632666593,943,37,65,non_circular_segmented,0.6238154047974489,0.5570852892762261
CS2_37,HF8,64,degradation_pearson,20,1000,0.5123728679380546,0.3051341777242667,0.7121400804845108,943,1000,0.5356671786442224,0.288788727563025,0.7632865016144613,943,37,65,non_circular_segmented,0.4070059027602441,0.47449777405143634
CS2_37,HF8,64,degradation_spearman,20,1000,0.5711679273118,0.3580128548168836,0.7251573026089679,943,1000,0.5897292042316478,0.34499611401241026,0.7536344968718763,943,37,65,non_circular_segmented,0.3671444477920843,0.4086383828594661
CS2_37,HF8,64,partial_pearson_controlling_SOH,20,1000,-0.0406513894562191,-0.3657491825446943,0.297188304957337,943,1000,0.2378465088729585,0.14806641607167606,0.3538459357910415,943,37,65,non_circular_segmented,0.6629374875020313,0.20577951971936545
CS2_37,HF8,64,degradation_pearson,30,1000,0.5134965667136915,0.2353954263758248,0.7238160363891728,943,1000,0.5744482352361882,0.2341969701464304,0.8055201987832901,943,37,65,non_circular_segmented,0.488420610013348,0.5713232286368597
CS2_37,HF8,64,degradation_spearman,30,1000,0.5691544001352007,0.2940317639632889,0.7296699909556855,943,1000,0.512258280672805,0.1532821869434073,0.7542758490315499,943,37,65,non_circular_segmented,0.4356382269923966,0.6009936620881425
CS2_37,HF8,64,partial_pearson_controlling_SOH,30,1000,-0.0499770210876657,-0.3676554406365472,0.3037063289806227,943,1000,0.25310569291436613,0.145242739648654,0.398106591515945,943,37,65,non_circular_segmented,0.6713617696171699,0.252863851867291
CS2_38,HF1,1,degradation_pearson,10,1000,-0.0155996805519534,-0.0434702223826789,0.0036206537371024,1019,1000,-0.014362385817954914,-0.03745788163936457,0.006426143143138704,1019,7,189,non_circular_segmented,0.0470908761197813,0.04388402478250327
CS2_38,HF1,1,degradation_spearman,10,1000,-0.1008346503132892,-0.1780030639930076,-0.0210858101830787,1019,1000,-0.09434603450844538,-0.17394951056539343,-0.014961997426702258,1019,7,189,non_circular_segmented,0.1569172538099289,0.15898751313869117
CS2_38,HF1,1,partial_pearson_controlling_SOH,10,1000,0.6239891882239832,0.4763774089320399,0.7390640061969336,1019,1000,0.5825500193152163,0.42638585589421885,0.6804325072314125,1019,7,189,non_circular_segmented,0.2626865972648937,0.2540466513371936
CS2_38,HF1,1,degradation_pearson,20,1000,-0.0153802194034538,-0.0449535796362463,0.0013511764774918,1019,1000,-0.01321590078938932,-0.03199198555173204,0.005091946096480107,1019,7,189,non_circular_segmented,0.0463047561137381,0.03708393164821215
CS2_38,HF1,1,degradation_spearman,20,1000,-0.0965605446761999,-0.1833478120049883,-0.001190466778161,1019,1000,-0.08389155022435034,-0.1736769220637082,0.0038551729394856234,1019,7,189,non_circular_segmented,0.18215734522682728,0.1775320950031938
CS2_38,HF1,1,partial_pearson_controlling_SOH,20,1000,0.6234414286387573,0.4831447287363706,0.7204314980639033,1019,1000,0.588810056704802,0.4407656532319262,0.675208342602392,1019,7,189,non_circular_segmented,0.23728676932753268,0.23444268937046586
CS2_38,HF1,1,degradation_pearson,30,1000,-0.0148120569024489,-0.0436648013032844,0.0003277278082409,1019,1000,-0.012942540782824932,-0.03175600628431148,0.00549890936295418,1019,7,189,non_circular_segmented,0.0439925291115253,0.03725491564726566
CS2_38,HF1,1,degradation_spearman,30,1000,-0.0912772619946308,-0.1924643511340778,0.0213286632820102,1019,1000,-0.08495801159064954,-0.1827459591841652,0.03639143198006718,1019,7,189,non_circular_segmented,0.213793014416088,0.21913739116423236
CS2_38,HF1,1,partial_pearson_controlling_SOH,30,1000,0.6252649516825636,0.4843750135339446,0.6954091055025201,1019,1000,0.5926707636827453,0.46208014027862504,0.6744849633298557,1019,7,189,non_circular_segmented,0.21103409196857553,0.2124048230512307
CS2_38,HF2,1,degradation_pearson,10,1000,-0.003495234456457,-0.0393722866992998,0.0328918463774689,992,1000,-0.0021471231927909207,-0.04256598112650939,0.02707887209163972,992,36,89,non_circular_segmented,0.0722641330767687,0.06964485321814912
CS2_38,HF2,1,degradation_spearman,10,1000,0.09698947747302,0.0228961795113131,0.1721419897606733,992,1000,0.07658787310079884,-0.010485436890412647,0.16017061382010944,992,36,89,non_circular_segmented,0.1492458102493602,0.1706560507105221
CS2_38,HF2,1,partial_pearson_controlling_SOH,10,1000,-0.1062037919141746,-0.2092135108629369,0.0500086275444476,992,1000,-0.12395875820626934,-0.22076822236125046,0.07862331945472677,992,36,89,non_circular_segmented,0.2592221384073845,0.2993915418159772
CS2_38,HF2,1,degradation_pearson,20,1000,-0.0036403396328015,-0.0371808900654042,0.0290661191936687,992,1000,0.0003893034584050191,-0.04513042571818409,0.04561056100584904,992,36,89,non_circular_segmented,0.0662470092590729,0.09074098672403313
CS2_38,HF2,1,degradation_spearman,20,1000,0.0929304457703463,7.24184272326564e-05,0.1765661834457233,992,1000,0.07079640663281789,-0.03728424998231992,0.16654070784281566,992,36,89,non_circular_segmented,0.17649376501849065,0.20382495782513557
CS2_38,HF2,1,partial_pearson_controlling_SOH,20,1000,-0.1084652286478305,-0.2115978696182232,0.0488549547574161,992,1000,-0.08784595317524213,-0.20419897800876333,0.14218249442956865,992,36,89,non_circular_segmented,0.26045282437563927,0.34638147243833195
CS2_38,HF2,1,degradation_pearson,30,1000,-0.0045168068497302,-0.0386615600917908,0.0242851411504857,992,1000,0.0047249221119747995,-0.04575256636280376,0.06591935578628473,992,36,89,non_circular_segmented,0.0629467012422765,0.1116719221490885
CS2_38,HF2,1,degradation_spearman,30,1000,0.0934415575258875,-0.0104475740068695,0.1846700039854051,992,1000,0.07675543834228764,-0.06360137226330626,0.177397076605543,992,36,89,non_circular_segmented,0.19511757799227458,0.24099844886884925
CS2_38,HF2,1,partial_pearson_controlling_SOH,30,1000,-0.1102858455075858,-0.2023464159769326,0.0584814823685439,992,1000,0.045589089131904535,-0.17737275202563707,0.16789879406837718,992,36,89,non_circular_segmented,0.2608278983454765,0.3452715460940142
CS2_38,HF3,1,degradation_pearson,10,1000,0.2124141086697714,0.0167002420447585,0.6026636555900688,988,1000,0.003945327762557455,-0.10513971509249022,0.12178145708802725,988,38,89,non_circular_segmented,0.5859634135453103,0.22692117218051747
CS2_38,HF3,1,degradation_spearman,10,1000,-0.17845046096052,-0.2412586488895912,-0.1105691407319954,988,1000,-0.17146637244502466,-0.2450570864431817,-0.09940175255376024,988,38,89,non_circular_segmented,0.13068950815759578,0.14565533388942145
CS2_38,HF3,1,partial_pearson_controlling_SOH,10,1000,-0.1915031841366958,-0.6446125370597522,-0.0460640056926494,988,1000,-0.11380151683246521,-0.28074873869789674,0.06857771300657063,988,38,89,non_circular_segmented,0.5985485313671028,0.34932645170446736
CS2_38,HF3,1,degradation_pearson,20,1000,0.2124775577195914,0.0261545521508083,0.6027491593230517,988,1000,-0.031530692674268876,-0.12637917806129992,0.099664314742795,988,38,89,non_circular_segmented,0.5765946071722434,0.22604349280409491
CS2_38,HF3,1,degradation_spearman,20,1000,-0.1741239599973798,-0.2457785392283935,-0.0986369651834255,988,1000,-0.17179248439675232,-0.2501844150406319,-0.09000153245587847,988,38,89,non_circular_segmented,0.14714157404496797,0.1601828825847534
CS2_38,HF3,1,partial_pearson_controlling_SOH,20,1000,-0.19116385438932,-0.6425563586045456,-0.0572032378122097,988,1000,-0.04706222710756616,-0.2713004581044562,0.0692985513327232,988,38,89,non_circular_segmented,0.5853531207923359,0.34059900943717936
CS2_38,HF3,1,degradation_pearson,30,1000,0.2024859291778794,0.0301309489895491,0.6159552831105242,988,1000,-0.0251226475842826,-0.1316026168434871,0.1200200297658501,988,38,89,non_circular_segmented,0.585824334120975,0.2516226466093372
CS2_38,HF3,1,degradation_spearman,30,1000,-0.1748735304893871,-0.250354091919548,-0.1004712478577722,988,1000,-0.1789885178498553,-0.26138012091862906,-0.08205169705809016,988,38,89,non_circular_segmented,0.1498828440617758,0.17932842386053888
CS2_38,HF3,1,partial_pearson_controlling_SOH,30,1000,-0.1840691025935515,-0.6362110325985083,-0.0518264627507993,988,1000,-0.05693998198894265,-0.28583184848328935,0.08899231118366062,988,38,89,non_circular_segmented,0.584384569847709,0.37482415966695
CS2_38,HF4,1,degradation_pearson,10,1000,-0.1066750378042262,-0.1794867104355826,-0.0198256099742866,550,1000,0.06936354904943584,-0.011317293831248056,0.16908963705758207,550,46,76,non_circular_segmented,0.159661100461296,0.1804069308888301
CS2_38,HF4,1,degradation_spearman,10,1000,-0.0195166178977332,-0.1020463191539857,0.0766494804663062,550,1000,0.12825630831579013,0.043317189856739116,0.21596402529627412,550,46,76,non_circular_segmented,0.1786957996202919,0.17264683543953502
CS2_38,HF4,1,partial_pearson_controlling_SOH,10,1000,0.060524853374646,-0.0192984291723557,0.1409360587117376,550,1000,-0.08231092846665397,-0.1907082054432555,0.013988040731143837,550,46,76,non_circular_segmented,0.16023448788409328,0.20469624617439935
CS2_38,HF4,1,degradation_pearson,20,1000,-0.1074446777196191,-0.1684254515729785,-0.0313875711890368,550,1000,0.10991705231862267,0.03776595889313273,0.161266451025267,550,46,76,non_circular_segmented,0.1370378803839417,0.12350049213213427
CS2_38,HF4,1,degradation_spearman,20,1000,-0.0131251797862027,-0.1039540889136661,0.0837414750068204,550,1000,0.1281027279928788,0.03023430299376824,0.2250683459414168,550,46,76,non_circular_segmented,0.1876955639204865,0.19483404294764856
CS2_38,HF4,1,partial_pearson_controlling_SOH,20,1000,0.0587053124426837,-0.0168945131995801,0.1355319530748751,550,1000,-0.10451581263588772,-0.1721103602178483,0.02503211191688551,550,46,76,non_circular_segmented,0.1524264662744552,0.19714247213473382
CS2_38,HF4,1,degradation_pearson,30,1000,-0.1051034230939156,-0.1607820290215346,-0.0225401600819099,550,1000,0.12449903427548006,0.0400448989745939,0.17348425586993818,550,46,76,non_circular_segmented,0.1382418689396247,0.13343935689534428
CS2_38,HF4,1,degradation_spearman,30,1000,-0.0097632963423249,-0.1095205271764218,0.0976901570462189,550,1000,0.1337447405048502,0.014724762982860955,0.23939592438867918,550,46,76,non_circular_segmented,0.20721068422264072,0.22467116140581822
CS2_38,HF4,1,partial_pearson_controlling_SOH,30,1000,0.0619696039268961,-0.0157421652851218,0.1339915698741206,550,1000,-0.08965514085655624,-0.1631249871628432,0.032718771001685944,550,46,76,non_circular_segmented,0.14973373515924238,0.19584375816452915
CS2_38,HF5,1,degradation_pearson,10,1000,-0.0990212105387109,-0.1566822805936697,-0.0278381565144136,550,1000,0.07691507624747548,0.002624888278622671,0.1875834394092711,550,46,76,non_circular_segmented,0.1288441240792561,0.18495855113064844
CS2_38,HF5,1,degradation_spearman,10,1000,-0.0325525968063563,-0.1254122642436924,0.0641511417970273,550,1000,0.10993997047514037,0.025704740982306403,0.1929597256551848,550,46,76,non_circular_segmented,0.1895634060407197,0.1672549846728784
CS2_38,HF5,1,partial_pearson_controlling_SOH,10,1000,0.016576837445714,-0.0572088328055706,0.098688763441418,550,1000,-0.05760291940573938,-0.14961272747112145,0.027473075922444266,550,46,76,non_circular_segmented,0.1558975962469886,0.17708580339356572
CS2_38,HF5,1,degradation_pearson,20,1000,-0.1002766015918488,-0.148520781511265,-0.0325467017935544,550,1000,0.1057726055596672,0.032668520350966276,0.18478442793019803,550,46,76,non_circular_segmented,0.1159740797177106,0.15211590757923177
CS2_38,HF5,1,degradation_spearman,20,1000,-0.0317918460206805,-0.1247406538510208,0.067349494722623,550,1000,0.08952841170642248,-0.025843337226440295,0.18255787756977965,550,46,76,non_circular_segmented,0.19209014857364382,0.20840121479621995
CS2_38,HF5,1,partial_pearson_controlling_SOH,20,1000,0.0159583518292387,-0.0558575091233184,0.0914582823879953,550,1000,-0.04795830837328802,-0.14744960879250626,0.058296625782894324,550,46,76,non_circular_segmented,0.1473157915113137,0.2057462345754006
CS2_38,HF5,1,degradation_pearson,30,1000,-0.1013665200669518,-0.1484224754419837,-0.0291972806438958,550,1000,0.12228824549394351,0.028352349107345437,0.17414770206586533,550,46,76,non_circular_segmented,0.1192251947980879,0.1457953529585199
CS2_38,HF5,1,degradation_spearman,30,1000,-0.0321728549353383,-0.1201524296906662,0.0800782867503982,550,1000,0.08435267061907617,-0.04445789182601828,0.19791820046324754,550,46,76,non_circular_segmented,0.20023071644106438,0.24237609228926582
CS2_38,HF5,1,partial_pearson_controlling_SOH,30,1000,0.0176507910071401,-0.0505607626613645,0.0927602302520187,550,1000,-0.02668391829688083,-0.12243300518502867,0.07520747518740284,550,46,76,non_circular_segmented,0.14332099291338318,0.1976404803724315
CS2_38,HF6,1,degradation_pearson,10,1000,-0.0729396768420447,-0.1344405338580438,0.0060403925490938,550,1000,0.12327810896973887,0.018679191250851896,0.2578653805313095,550,46,76,non_circular_segmented,0.1404809264071376,0.23918618928045757
CS2_38,HF6,1,degradation_spearman,10,1000,0.034640357000976,-0.0434115240444998,0.1137726051769234,550,1000,0.16117224128203755,0.09752705982277815,0.23502421730216289,550,46,76,non_circular_segmented,0.15718412922142322,0.13749715747938474
CS2_38,HF6,1,partial_pearson_controlling_SOH,10,1000,-0.0252821865744032,-0.1146614936262405,0.0806969324751738,550,1000,-0.14277454874847806,-0.2547550953111825,-0.01333948818700893,550,46,76,non_circular_segmented,0.1953584261014143,0.2414156071241736
CS2_38,HF6,1,degradation_pearson,20,1000,-0.0695182742273032,-0.132181716700759,0.0183178936868095,550,1000,0.1879787452933521,0.052092977127898725,0.24348133251099652,550,46,76,non_circular_segmented,0.1504996103875685,0.19138835538309779
CS2_38,HF6,1,degradation_spearman,20,1000,0.0381381358911807,-0.0473492591139752,0.1204355549294222,550,1000,0.15450124005453403,0.07169119728498057,0.22503876719855836,550,46,76,non_circular_segmented,0.1677848140433974,0.15334756991357779
CS2_38,HF6,1,partial_pearson_controlling_SOH,20,1000,-0.0243523774183147,-0.117276165704588,0.0686799863253594,550,1000,-0.17872441293853564,-0.24938356740282758,-0.026684209567791207,550,46,76,non_circular_segmented,0.18595615202994742,0.22269935783503636
CS2_38,HF6,1,degradation_pearson,30,1000,-0.0661847367468153,-0.1323414996125234,0.014952754554058,550,1000,0.19843293140572396,0.04318515789307617,0.2404501760312684,550,46,76,non_circular_segmented,0.1472942541665814,0.19726501813819222
CS2_38,HF6,1,degradation_spearman,30,1000,0.0377077349458152,-0.0490205991909542,0.1247297169934055,550,1000,0.14707103199049112,0.05174354774049025,0.2276111387931641,550,46,76,non_circular_segmented,0.1737503161843597,0.17586759105267386
CS2_38,HF6,1,partial_pearson_controlling_SOH,30,1000,-0.0262018529164625,-0.1049950629332066,0.0615519464496563,550,1000,-0.165725473382405,-0.22611757554424733,-0.0012238388640421558,550,46,76,non_circular_segmented,0.1665470093828629,0.22489373668020518
CS2_38,HF7,1,degradation_pearson,10,1000,-0.0153592135554564,-0.043426865945081,0.0011635554610623,1019,1000,-0.015054224804427812,-0.038213573073772905,0.0070841939023400455,1019,7,189,non_circular_segmented,0.044590421406143305,0.04529776697611295
CS2_38,HF7,1,degradation_spearman,10,1000,-0.1005160145161029,-0.1762010733094521,-0.0186849576146587,1019,1000,-0.09471946787410004,-0.16656584662405258,-0.016645631369239636,1019,7,189,non_circular_segmented,0.1575161156947934,0.14992021525481294
CS2_38,HF7,1,partial_pearson_controlling_SOH,10,1000,0.6224537045025624,0.4645420072352078,0.7384224237028442,1019,1000,0.5686336151456512,0.4056500869053724,0.6714297870645342,1019,7,189,non_circular_segmented,0.2738804164676364,0.26577970015916175
CS2_38,HF7,1,degradation_pearson,20,1000,-0.0149679709744174,-0.0434191027063169,0.0006249442578554,1019,1000,-0.01413884939748902,-0.03135790953787659,0.0032463558326290983,1019,7,189,non_circular_segmented,0.0440440469641723,0.034604265370505684
CS2_38,HF7,1,degradation_spearman,20,1000,-0.096013473848713,-0.183588571769103,-0.0043872492769094,1019,1000,-0.08482908347627174,-0.16695234333289197,0.013130608775446787,1019,7,189,non_circular_segmented,0.17920132249219362,0.18008295210833875
CS2_38,HF7,1,partial_pearson_controlling_SOH,20,1000,0.6198522046947089,0.4776938531050053,0.7267956203435608,1019,1000,0.5764684827203376,0.43811267957593336,0.661463352160695,1019,7,189,non_circular_segmented,0.24910176723855554,0.2233506725847616
CS2_38,HF7,1,degradation_pearson,30,1000,-0.0148101260975299,-0.0454749033673493,-0.001109764032165,1019,1000,-0.013065054968105137,-0.033040819584650674,0.004407218672592144,1019,7,189,non_circular_segmented,0.0443651393351843,0.03744803825724282
CS2_38,HF7,1,degradation_spearman,30,1000,-0.0940390034702009,-0.1926405468991056,0.0174479195017276,1019,1000,-0.08616708210069163,-0.17699240872711658,0.033338691368783986,1019,7,189,non_circular_segmented,0.2100884664008332,0.21033110009590056
CS2_38,HF7,1,partial_pearson_controlling_SOH,30,1000,0.6194215459405528,0.475724062364784,0.7085137280461989,1019,1000,0.5797724539104829,0.45751309471467716,0.6651154576323318,1019,7,189,non_circular_segmented,0.23278966568141496,0.20760236291765466
CS2_38,HF8,1,degradation_pearson,10,1000,-0.0003002627322624,-0.030364787617963,0.0339883436042037,992,1000,-0.00016043107096373722,-0.030433550589358923,0.03125127460840568,992,36,89,non_circular_segmented,0.0643531312221667,0.06168482519776461
CS2_38,HF8,1,degradation_spearman,10,1000,0.1088791898863319,0.0327063284982887,0.1811528219374945,992,1000,0.08234768378920529,0.005592786734284893,0.16350741855866793,992,36,89,non_circular_segmented,0.1484464934392058,0.15791463182438303
CS2_38,HF8,1,partial_pearson_controlling_SOH,10,1000,-0.1386273544221559,-0.2605055891504972,0.0329254126784179,992,1000,-0.15892402498491354,-0.2797217150514195,0.06927154390200041,992,36,89,non_circular_segmented,0.29343100182891513,0.3489932589534199
CS2_38,HF8,1,degradation_pearson,20,1000,-0.0013739791242419,-0.0353207367270138,0.0302181036908115,992,1000,0.0038804559627770505,-0.034914698291902135,0.05818811358361626,992,36,89,non_circular_segmented,0.0655388404178253,0.09310281187551839
CS2_38,HF8,1,degradation_spearman,20,1000,0.1034544701164479,0.0083734255548048,0.1894953695088876,992,1000,0.08007924043574936,-0.0324312037488396,0.16885283483347674,992,36,89,non_circular_segmented,0.1811219439540828,0.20128403858231633
CS2_38,HF8,1,partial_pearson_controlling_SOH,20,1000,-0.141628884762931,-0.2482777335603266,0.0467050340231693,992,1000,-0.12104169960457986,-0.24736570871223154,0.1274731711759973,992,36,89,non_circular_segmented,0.2949827675834959,0.37483887988822884
CS2_38,HF8,1,degradation_pearson,30,1000,-0.0007738161498677,-0.0331760292710254,0.026286483830427,992,1000,0.009954446319131328,-0.03276156919246948,0.0747277093097634,992,36,89,non_circular_segmented,0.0594625131014524,0.10748927850223289
CS2_38,HF8,1,degradation_spearman,30,1000,0.1028176002473521,-0.0125054459632466,0.194410217584354,992,1000,0.08257117231832556,-0.05279630155787383,0.18031422480564396,992,36,89,non_circular_segmented,0.2069156635476006,0.23311052636351778
CS2_38,HF8,1,partial_pearson_controlling_SOH,30,1000,-0.1454552194046029,-0.2545159122737681,0.0466303581689973,992,1000,0.033636927505285685,-0.21368396220262514,0.15329653357196793,992,36,89,non_circular_segmented,0.3011462704427654,0.3669804957745931
CS2_38,HF1,4,degradation_pearson,10,1000,-0.0320894193867845,-0.0827058470416046,0.0021645846942247,1016,1000,-0.05035581843220362,-0.10184791606456986,-0.00836963989605807,1016,11,186,non_circular_segmented,0.0848704317358293,0.09347827616851179
CS2_38,HF1,4,degradation_spearman,10,1000,-0.0808942104412417,-0.1772488562299722,0.0131362752301177,1016,1000,-0.08980759443779204,-0.18971104427621654,0.009829024842397484,1016,11,186,non_circular_segmented,0.1903851314600899,0.19954006911861402
CS2_38,HF1,4,partial_pearson_controlling_SOH,10,1000,0.5824387458595712,0.2950143378221159,0.7841382996382203,1016,1000,0.5042839620281565,0.3243064458169417,0.6611623159187384,1016,11,186,non_circular_segmented,0.48912396181610446,0.33685587010179674
CS2_38,HF1,4,degradation_pearson,20,1000,-0.0306550962010952,-0.0817087903406703,-0.0011674127225229,1016,1000,-0.05236939173521431,-0.09822988925077422,-0.006018958688593497,1016,11,186,non_circular_segmented,0.0805413776181474,0.09221093056218073
CS2_38,HF1,4,degradation_spearman,20,1000,-0.0765228932614595,-0.1844916001307716,0.0390139281563863,1016,1000,-0.07843638036524778,-0.18493543222030237,0.04083104078296544,1016,11,186,non_circular_segmented,0.2235055282871579,0.2257664730032678
CS2_38,HF1,4,partial_pearson_controlling_SOH,20,1000,0.5869562086633899,0.32019576507097,0.7413857732748695,1016,1000,0.5596768741924434,0.3485160176821838,0.6558757091515882,1016,11,186,non_circular_segmented,0.42119000820389957,0.3073596914694044
CS2_38,HF1,4,degradation_pearson,30,1000,-0.0305120860943626,-0.0757620922430534,-0.0009117577973411,1016,1000,-0.05554853426211356,-0.10094195184637689,-0.0032048218065392304,1016,11,186,non_circular_segmented,0.0748503344457123,0.09773713003983765
CS2_38,HF1,4,degradation_spearman,30,1000,-0.0753535292760228,-0.1867477392763907,0.0544904728420275,1016,1000,-0.07633216870534246,-0.18397365900711427,0.06032721169512516,1016,11,186,non_circular_segmented,0.24123821211841823,0.24430087070223944
CS2_38,HF1,4,partial_pearson_controlling_SOH,30,1000,0.5818065138483088,0.3449380117704709,0.7306810955574704,1016,1000,0.5699711192899866,0.3944004271532494,0.6591694059568209,1016,11,186,non_circular_segmented,0.3857430837869995,0.26476897880357153
CS2_38,HF2,4,degradation_pearson,10,1000,0.0102544094057164,-0.0351283310193143,0.0710177710015893,989,1000,0.0037615760745684096,-0.04757550091137759,0.09664350858031608,989,40,89,non_circular_segmented,0.1061461020209036,0.14421900949169367
CS2_38,HF2,4,degradation_spearman,10,1000,0.066866169891022,-0.0359880705561638,0.1562284341922642,989,1000,0.045228929341935876,-0.058599103623511055,0.14412497423983092,989,40,89,non_circular_segmented,0.192216504748428,0.20272407786334198
CS2_38,HF2,4,partial_pearson_controlling_SOH,10,1000,-0.1003502333777721,-0.1887137754271899,0.0217902043108802,989,1000,-0.09943126819951383,-0.20451641522726316,0.07740012395907948,989,40,89,non_circular_segmented,0.21050397973807009,0.28191653918634263
CS2_38,HF2,4,degradation_pearson,20,1000,0.0104088925681567,-0.0279601078218846,0.0651253728113956,989,1000,0.009838276863823561,-0.054732350504356014,0.1143865983315745,989,40,89,non_circular_segmented,0.0930854806332802,0.1691189488359305
CS2_38,HF2,4,degradation_spearman,20,1000,0.0599641316018193,-0.0388494338804927,0.1555788109932898,989,1000,0.035111334364107114,-0.08036872607627621,0.14853380115671333,989,40,89,non_circular_segmented,0.1944282448737825,0.22890252723298954
CS2_38,HF2,4,partial_pearson_controlling_SOH,20,1000,-0.1009026042819456,-0.1984704084313143,0.031671028187014,989,1000,-0.04676432554249648,-0.15647245456758815,0.16997860998387992,989,40,89,non_circular_segmented,0.2301414366183283,0.3264510645514681
CS2_38,HF2,4,degradation_pearson,30,1000,0.0088012529403191,-0.0237293537681861,0.0632872315781917,989,1000,0.042235325956060554,-0.03668092050029944,0.13579747250431917,989,40,89,non_circular_segmented,0.0870165853463778,0.17247839300461862
CS2_38,HF2,4,degradation_spearman,30,1000,0.0595152424937723,-0.0658999717981493,0.1658518739384732,989,1000,0.02739001678069968,-0.14319617866559486,0.1412093016994307,989,40,89,non_circular_segmented,0.2317518457366225,0.28440548036502555
CS2_38,HF2,4,partial_pearson_controlling_SOH,30,1000,-0.1016996630058231,-0.1857796564972442,0.0450120180481495,989,1000,0.08576911028496145,-0.1540632444135688,0.19426804412343834,989,40,89,non_circular_segmented,0.2307916745453937,0.3483312885370071
CS2_38,HF3,4,degradation_pearson,10,1000,0.1278122137863411,-0.025203345333878,0.6329659998225202,985,1000,-0.0553792219731164,-0.13916607475026951,0.047046939176348536,985,42,89,non_circular_segmented,0.6581693451563982,0.18621301392661804
CS2_38,HF3,4,degradation_spearman,10,1000,-0.0310109910346968,-0.1254622583119876,0.0728519901144565,985,1000,-0.02632849702909523,-0.11908576495321371,0.08215265954152412,985,42,89,non_circular_segmented,0.1983142484264441,0.20123842449473783
CS2_38,HF3,4,partial_pearson_controlling_SOH,10,1000,-0.1096016887976293,-0.7035173318729248,0.014987165378173,985,1000,-0.1110779682026693,-0.24561040199423798,0.0071520668856141535,985,42,89,non_circular_segmented,0.7185044972510978,0.25276246887985215
CS2_38,HF3,4,degradation_pearson,20,1000,0.1314725221104727,-0.0267010129722762,0.6009141984074073,985,1000,-0.07617572436844677,-0.1666790570158346,0.039868440734357004,985,42,89,non_circular_segmented,0.6276152113796836,0.2065474977501916
CS2_38,HF3,4,degradation_spearman,20,1000,-0.0308313868865727,-0.1348991822089993,0.0825664397584494,985,1000,-0.026176935744625162,-0.15131952607316967,0.12404206797197047,985,42,89,non_circular_segmented,0.2174656219674487,0.27536159404514016
CS2_38,HF3,4,partial_pearson_controlling_SOH,20,1000,-0.1144840945703832,-0.6546947447357345,0.0148392083812873,985,1000,-0.13459087347014015,-0.2684028797557949,-0.019682494716769756,985,42,89,non_circular_segmented,0.6695339531170218,0.24872038503902516
CS2_38,HF3,4,degradation_pearson,30,1000,0.1329733362893724,-0.027393247753743,0.5922352849648618,985,1000,-0.0816026211311664,-0.18815861098929695,0.06476538265370402,985,42,89,non_circular_segmented,0.6196285327186047,0.252923993643001
CS2_38,HF3,4,degradation_spearman,30,1000,-0.0268284968296565,-0.1477327267962847,0.1156850208902177,985,1000,-0.015076468524954048,-0.16491035619165004,0.16554944964510943,985,42,89,non_circular_segmented,0.2634177476865024,0.3304598058367595
CS2_38,HF3,4,partial_pearson_controlling_SOH,30,1000,-0.1138401991535817,-0.6363647828835305,0.0163570885522521,985,1000,-0.13020795406936952,-0.27220605930303865,-0.009338020530606513,985,42,89,non_circular_segmented,0.6527218714357826,0.26286803877243214
CS2_38,HF4,4,degradation_pearson,10,1000,-0.1252792786033941,-0.1891268370218713,-0.000345812183972,549,1000,0.12869600946746898,0.004208768505920773,0.25418474841234967,549,48,76,non_circular_segmented,0.1887810248378993,0.2499759799064289
CS2_38,HF4,4,degradation_spearman,10,1000,0.0278060973084716,-0.0931368613097629,0.1579277812456131,549,1000,0.23469440613798734,0.14848963009926636,0.3146966437882594,549,48,76,non_circular_segmented,0.25106464255537597,0.16620701368899304
CS2_38,HF4,4,partial_pearson_controlling_SOH,10,1000,-0.0698812291219666,-0.1831112426444743,0.0046141267153865,549,1000,-0.24869980671726394,-0.35868182238956137,-0.15644505227265035,549,48,76,non_circular_segmented,0.18772536935986078,0.20223677011691102
CS2_38,HF4,4,degradation_pearson,20,1000,-0.1237176501001277,-0.1793864308159061,-0.0018005327791274,549,1000,0.19234120796852244,0.12743559155223505,0.28291207741516716,549,48,76,non_circular_segmented,0.1775858980367787,0.1554764858629321
CS2_38,HF4,4,degradation_spearman,20,1000,0.0297490655059989,-0.1039068169707503,0.1767551317466653,549,1000,0.2526802770427178,0.17168007169518568,0.34712253125327047,549,48,76,non_circular_segmented,0.28066194871741557,0.1754424595580848
CS2_38,HF4,4,partial_pearson_controlling_SOH,20,1000,-0.069912899125339,-0.1868397557378958,0.0133997845008167,549,1000,-0.293439289607609,-0.38230414475287766,-0.19621620169817025,549,48,76,non_circular_segmented,0.2002395402387125,0.1860879430547074
CS2_38,HF4,4,degradation_pearson,30,1000,-0.1212465429405014,-0.1812904740094228,0.022579150414679,549,1000,0.21764723522890217,0.14496737594639836,0.3240278672298452,549,48,76,non_circular_segmented,0.2038696244241018,0.17906049128344687
CS2_38,HF4,4,degradation_spearman,30,1000,0.0400003640240043,-0.0989679429874789,0.2064777724640397,549,1000,0.2853862604545455,0.19778003459193214,0.37474042420346293,549,48,76,non_circular_segmented,0.3054457154515186,0.1769603896115308
CS2_38,HF4,4,partial_pearson_controlling_SOH,30,1000,-0.0727179775262316,-0.1837945386775915,0.0080947754331055,549,1000,-0.2818502245509289,-0.3995039281665086,-0.17952679920273457,549,48,76,non_circular_segmented,0.19188931411069698,0.21997712896377403
CS2_38,HF5,4,degradation_pearson,10,1000,-0.0801535667706001,-0.1667523860260091,0.0474895752649956,549,1000,0.18732414296057592,0.0741405879780071,0.3186557599985612,549,48,76,non_circular_segmented,0.2142419612910047,0.24451517202055412
CS2_38,HF5,4,degradation_spearman,10,1000,0.1226882689407158,-0.0116119580512042,0.2606601981795465,549,1000,0.3696227421603712,0.28712573115685985,0.4483673158037303,549,48,76,non_circular_segmented,0.2722721562307507,0.16124158464687044
CS2_38,HF5,4,partial_pearson_controlling_SOH,10,1000,-0.1016397694037568,-0.1884021719551609,-0.0490872134813642,549,1000,-0.21869420841639614,-0.3094651471168705,-0.14693206151827518,549,48,76,non_circular_segmented,0.1393149584737967,0.16253308559859533
CS2_38,HF5,4,degradation_pearson,20,1000,-0.0854492801016117,-0.1479643534658524,0.0563273323123786,549,1000,0.25231703430232155,0.17538922225302542,0.3582667157957211,549,48,76,non_circular_segmented,0.204291685778231,0.1828774935426957
CS2_38,HF5,4,degradation_spearman,20,1000,0.1238166223137963,-0.0115694104821279,0.2878371928782903,549,1000,0.3788869326570832,0.3160481529970883,0.44056539807663975,549,48,76,non_circular_segmented,0.2994066033604182,0.12451724507955142
CS2_38,HF5,4,partial_pearson_controlling_SOH,20,1000,-0.1011873806489932,-0.1875200392435856,-0.0483751714221842,549,1000,-0.240438200489846,-0.35041469432320577,-0.16297473199825,549,48,76,non_circular_segmented,0.1391448678214014,0.18743996232495577
CS2_38,HF5,4,degradation_pearson,30,1000,-0.081766647546187,-0.1476067899110824,0.0888519234248554,549,1000,0.2665132315142512,0.18386976252203446,0.37199840810538637,549,48,76,non_circular_segmented,0.2364587133359378,0.1881286455833519
CS2_38,HF5,4,degradation_spearman,30,1000,0.1340712215072004,-0.0270743417544657,0.3172090148530443,549,1000,0.38055333884950415,0.3145394232421252,0.4336071698665998,549,48,76,non_circular_segmented,0.34428335660751,0.11906774662447461
CS2_38,HF5,4,partial_pearson_controlling_SOH,30,1000,-0.1034691453073501,-0.186319999620399,-0.0501030130877093,549,1000,-0.22738600376591328,-0.33098095023396584,-0.1578354669719494,549,48,76,non_circular_segmented,0.1362169865326897,0.17314548326201645
CS2_38,HF6,4,degradation_pearson,10,1000,-0.0280170318052944,-0.085465608396832,0.0715155978280262,549,1000,0.22661764903398818,0.11460583836228286,0.36032487164264443,549,48,76,non_circular_segmented,0.1569812062248582,0.24571903328036157
CS2_38,HF6,4,degradation_spearman,10,1000,0.1594787167104946,0.0369417217976288,0.2700990755075756,549,1000,0.3620155203441392,0.28241980141842826,0.4342646941004144,549,48,76,non_circular_segmented,0.2331573537099468,0.15184489268198614
CS2_38,HF6,4,partial_pearson_controlling_SOH,10,1000,-0.1292199704095841,-0.1779900523917991,-0.0638645421754879,549,1000,-0.2480206160161917,-0.3591898881957484,-0.15938725232081505,549,48,76,non_circular_segmented,0.1141255102163112,0.19980263587493333
CS2_38,HF6,4,degradation_pearson,20,1000,-0.0284570493920565,-0.0833447367711487,0.0822230826189988,549,1000,0.2937208533940699,0.2133312389688102,0.4050487301110642,549,48,76,non_circular_segmented,0.1655678193901475,0.19171749114225398
CS2_38,HF6,4,degradation_spearman,20,1000,0.1631781131164058,0.0279626734534633,0.2807394908388667,549,1000,0.36313319746473777,0.30424808437883394,0.41889966716613786,549,48,76,non_circular_segmented,0.25277681738540336,0.11465158278730392
CS2_38,HF6,4,partial_pearson_controlling_SOH,20,1000,-0.1293278264176224,-0.1830815130855711,-0.0691079732468303,549,1000,-0.27769919334178333,-0.3950996333574894,-0.17946035384321257,549,48,76,non_circular_segmented,0.11397353983874081,0.2156392795142768
CS2_38,HF6,4,degradation_pearson,30,1000,-0.0227681835690455,-0.0861178369359463,0.0993746151512169,549,1000,0.30923914497059596,0.21401276176153247,0.4336675549347825,549,48,76,non_circular_segmented,0.1854924520871632,0.21965479317325
CS2_38,HF6,4,degradation_spearman,30,1000,0.1607138016100276,0.0211929400734798,0.3031370573652909,549,1000,0.3797285412708191,0.32869376601365596,0.4264639155451109,549,48,76,non_circular_segmented,0.2819441172918111,0.09777014953145496
CS2_38,HF6,4,partial_pearson_controlling_SOH,30,1000,-0.1265635145558047,-0.1784590662939533,-0.0741705872052124,549,1000,-0.259739938630917,-0.3957224977920872,-0.15871663560396726,549,48,76,non_circular_segmented,0.1042884790887409,0.23700586218811992
CS2_38,HF7,4,degradation_pearson,10,1000,-0.0303242905945948,-0.0773330821900084,0.0015769047630293,1016,1000,-0.05006610636779661,-0.10689185260655708,-0.004251456571785646,1016,11,186,non_circular_segmented,0.07890998695303769,0.10264039603477143
CS2_38,HF7,4,degradation_spearman,10,1000,-0.0769923027821741,-0.1749760116670494,0.0238281485747584,1016,1000,-0.08932322570775764,-0.18365236112291577,0.014736020892093178,1016,11,186,non_circular_segmented,0.1988041602418078,0.19838838201500894
CS2_38,HF7,4,partial_pearson_controlling_SOH,10,1000,0.5842553753088167,0.2942261193458883,0.7847722044655562,1016,1000,0.4889383516819497,0.32430388460604026,0.6538650421305556,1016,11,186,non_circular_segmented,0.49054608511966785,0.32956115752451537
CS2_38,HF7,4,degradation_pearson,20,1000,-0.0308270866330035,-0.0742189088372517,-0.0008999799553177,1016,1000,-0.05194455438530686,-0.0998369779640715,-0.006856203688515763,1016,11,186,non_circular_segmented,0.073318928881934,0.09298077427555573
CS2_38,HF7,4,degradation_spearman,20,1000,-0.0765201628297569,-0.1791109758530158,0.0408629114183597,1016,1000,-0.07584327314511088,-0.17838277778534967,0.043239161384164886,1016,11,186,non_circular_segmented,0.2199738872713755,0.22162193916951456
CS2_38,HF7,4,partial_pearson_controlling_SOH,20,1000,0.5965780584432,0.3204658368405715,0.746756536929853,1016,1000,0.5469529814436453,0.3577741703252132,0.6485453779396185,1016,11,186,non_circular_segmented,0.4262907000892815,0.29077120761440534
CS2_38,HF7,4,degradation_pearson,30,1000,-0.0308115893031928,-0.0766377815385599,-0.0021170657860991,1016,1000,-0.05304746178604863,-0.09993935749937534,-0.00634690717926923,1016,11,186,non_circular_segmented,0.07452071575246079,0.0935924503201061
CS2_38,HF7,4,degradation_spearman,30,1000,-0.0769502979369895,-0.1879889986697079,0.0573964183405382,1016,1000,-0.07364608865456224,-0.18491352201204006,0.05811384084104407,1016,11,186,non_circular_segmented,0.24538541701024608,0.24302736285308413
CS2_38,HF7,4,partial_pearson_controlling_SOH,30,1000,0.5838310063997838,0.3373259363675133,0.7321769511285223,1016,1000,0.5588034893269674,0.3845467727135263,0.6548519466886789,1016,11,186,non_circular_segmented,0.39485101476100903,0.2703051739751526
CS2_38,HF8,4,degradation_pearson,10,1000,0.0128646114517635,-0.0282964895490315,0.0653553219390679,989,1000,0.00663065403391023,-0.03781677251662976,0.10412233449939837,989,40,89,non_circular_segmented,0.0936518114880994,0.14193910701602813
CS2_38,HF8,4,degradation_spearman,10,1000,0.0783293497304418,-0.0243987535052607,0.1614409713268246,989,1000,0.054556994083285515,-0.04542922783998075,0.14554609557107462,989,40,89,non_circular_segmented,0.1858397248320853,0.19097532341105536
CS2_38,HF8,4,partial_pearson_controlling_SOH,10,1000,-0.1395913754097469,-0.2392797792129124,0.0192781110860698,989,1000,-0.137282928899924,-0.2461313839043758,0.08423188047568697,989,40,89,non_circular_segmented,0.2585578902989822,0.3303632643800628
CS2_38,HF8,4,degradation_pearson,20,1000,0.0133593804007561,-0.0217685561429732,0.0695458662213504,989,1000,0.022787763993772286,-0.037091638720776546,0.13562976824071082,989,40,89,non_circular_segmented,0.09131442236432359,0.17272140696148736
CS2_38,HF8,4,degradation_spearman,20,1000,0.0709437512957129,-0.0339376103936643,0.1639210807966514,989,1000,0.042491495832632654,-0.07872393467890258,0.14860728331587814,989,40,89,non_circular_segmented,0.1978586911903157,0.22733121799478073
CS2_38,HF8,4,partial_pearson_controlling_SOH,20,1000,-0.1349821328614286,-0.2378324417488755,0.0396380994123557,989,1000,-0.07040992294212675,-0.19945894500371558,0.14129928619647808,989,40,89,non_circular_segmented,0.2774705411612312,0.34075823120019366
CS2_38,HF8,4,degradation_pearson,30,1000,0.0133444232762454,-0.0201966248776321,0.0658414260326147,989,1000,0.055393283358162904,-0.013343389842610284,0.14969626153976268,989,40,89,non_circular_segmented,0.0860380509102468,0.16303965138237297
CS2_38,HF8,4,degradation_spearman,30,1000,0.0698210442146555,-0.0504359073891836,0.1700482257427063,989,1000,0.029705940128134864,-0.11668266306233878,0.13699737172688042,989,40,89,non_circular_segmented,0.22048413313188991,0.2536800347892192
CS2_38,HF8,4,partial_pearson_controlling_SOH,30,1000,-0.1332267956113879,-0.2239863896906997,0.0463812538448477,989,1000,0.07836679647415373,-0.18829687972279194,0.20428891218554865,989,40,89,non_circular_segmented,0.27036764353554743,0.3925857919083406
CS2_38,HF1,8,degradation_pearson,10,1000,-0.0794259246919921,-0.1509244507262525,-0.0294212729757899,1012,1000,-0.0941499118174287,-0.17750919845695798,-0.030152712012917228,1012,11,182,non_circular_segmented,0.1215031777504626,0.14735648644404076
CS2_38,HF1,8,degradation_spearman,10,1000,-0.2175611904195196,-0.3409351440467783,-0.0934007917858261,1012,1000,-0.21444541985253837,-0.34521622075067937,-0.07252018495631511,1012,11,182,non_circular_segmented,0.24753435226095222,0.27269603579436424
CS2_38,HF1,8,partial_pearson_controlling_SOH,10,1000,0.5646447322877401,0.2180542241086707,0.811550012827601,1012,1000,0.3905264374457654,0.12181906547239314,0.6372382933951942,1012,11,182,non_circular_segmented,0.5934957887189303,0.515419227922801
CS2_38,HF1,8,degradation_pearson,20,1000,-0.0794017542953338,-0.1520521634488056,-0.0317467174968243,1012,1000,-0.1008465106500924,-0.17796740033361164,-0.033132377893089315,1012,11,182,non_circular_segmented,0.1203054459519813,0.14483502244052232
CS2_38,HF1,8,degradation_spearman,20,1000,-0.2125339849427684,-0.3531737860779812,-0.0493451996537954,1012,1000,-0.1892525942067816,-0.33559234538755023,-0.026907519456573884,1012,11,182,non_circular_segmented,0.3038285864241858,0.30868482593097635
CS2_38,HF1,8,partial_pearson_controlling_SOH,20,1000,0.569277199452383,0.2521852242085962,0.7897397393217872,1012,1000,0.4828441228600606,0.19540785427692844,0.6518046448029289,1012,11,182,non_circular_segmented,0.5375545151131911,0.45639679052600046
CS2_38,HF1,8,degradation_pearson,30,1000,-0.0773870479067783,-0.164833101573521,-0.0317730240445612,1012,1000,-0.10468691878697503,-0.18473480472408774,-0.02215321907314083,1012,11,182,non_circular_segmented,0.1330600775289598,0.1625815856509469
CS2_38,HF1,8,degradation_spearman,30,1000,-0.2128960622912461,-0.3693296466624106,-0.0058367040374876,1012,1000,-0.17984703523553353,-0.34437427472449444,0.02109480130910056,1012,11,182,non_circular_segmented,0.363492942624923,0.365469076033595
CS2_38,HF1,8,partial_pearson_controlling_SOH,30,1000,0.5706685216452323,0.3058062456507916,0.7529813391069692,1012,1000,0.5405340364585572,0.2386154709256082,0.6544255081855271,1012,11,182,non_circular_segmented,0.44717509345617756,0.41581003725991894
CS2_38,HF2,8,degradation_pearson,10,1000,0.0261654691598099,-0.0507499819551058,0.1332009307503644,986,1000,0.050146182174011164,-0.03330406691193597,0.19777773881047317,986,38,89,non_circular_segmented,0.1839509127054702,0.23108180572240913
CS2_38,HF2,8,degradation_spearman,10,1000,0.2271307707135291,0.0856030368846454,0.3634843779281592,986,1000,0.21836352325065106,0.06725581026260397,0.34693190888715075,986,38,89,non_circular_segmented,0.2778813410435138,0.2796760986245468
CS2_38,HF2,8,partial_pearson_controlling_SOH,10,1000,-0.0748652382410171,-0.179342924912002,0.052411068733123,986,1000,-0.11089016057988799,-0.19935905190293107,-0.0022787090127517557,986,38,89,non_circular_segmented,0.231753993645125,0.1970803428901793
CS2_38,HF2,8,degradation_pearson,20,1000,0.0255934202989406,-0.0548412704273841,0.1490989362105224,986,1000,0.07681807827326298,-0.022475762656134428,0.2698755188924878,986,38,89,non_circular_segmented,0.2039402066379065,0.2923512815486222
CS2_38,HF2,8,degradation_spearman,20,1000,0.2287455199310028,0.0640638764679031,0.3591450471378743,986,1000,0.20143008461035639,0.0027890005618975934,0.35239544167811077,986,38,89,non_circular_segmented,0.2950811706699712,0.3496064411162132
CS2_38,HF2,8,partial_pearson_controlling_SOH,20,1000,-0.0767362628311763,-0.1653507522603898,0.0662431696094369,986,1000,-0.06736317161553969,-0.1464779231101951,0.05842286411235514,986,38,89,non_circular_segmented,0.2315939218698267,0.20490078722255026
CS2_38,HF2,8,degradation_pearson,30,1000,0.0238160600190594,-0.0577074021279281,0.1603568410658338,986,1000,0.18304165453113339,0.0009957015961497518,0.2943055124382769,986,38,89,non_circular_segmented,0.21806424319376191,0.29330981084212715
CS2_38,HF2,8,degradation_spearman,30,1000,0.2114142005925756,0.043514253055112,0.3615912922103365,986,1000,0.1842657370900758,-0.03880857902969376,0.3424328372157745,986,38,89,non_circular_segmented,0.31807703915522445,0.38124141624546826
CS2_38,HF2,8,partial_pearson_controlling_SOH,30,1000,-0.0762830866832116,-0.1628434722393807,0.1017571943442309,986,1000,-0.03064936251401531,-0.13780911759601655,0.13403602109592,986,38,89,non_circular_segmented,0.2646006665836116,0.27184513869193655
CS2_38,HF3,8,degradation_pearson,10,1000,0.1462009874115807,-0.0553523264650338,0.7174577652558978,982,1000,-0.10612709625579045,-0.21975302047801148,-0.01926989651385934,982,40,89,non_circular_segmented,0.7728100917209316,0.20048312396415213
CS2_38,HF3,8,degradation_spearman,10,1000,-0.210696163497525,-0.3295156312219229,-0.0805394421547806,982,1000,-0.21493818449295518,-0.34857053484352646,-0.07909501066020583,982,40,89,non_circular_segmented,0.2489761890671423,0.26947552418332066
CS2_38,HF3,8,partial_pearson_controlling_SOH,10,1000,-0.138520261891635,-0.8074584845754509,0.0126050866481055,982,1000,-0.08382554818429214,-0.20239970545585054,0.03622917617577339,982,40,89,non_circular_segmented,0.8200635712235563,0.23862888163162393
CS2_38,HF3,8,degradation_pearson,20,1000,0.1486527974672333,-0.0522862748375245,0.7131126083299243,982,1000,-0.15299105580272448,-0.287691593637943,-0.04113559171513739,982,40,89,non_circular_segmented,0.7653988831674488,0.2465560019228056
CS2_38,HF3,8,degradation_spearman,20,1000,-0.207800868648657,-0.3405549603428274,-0.0486805960942669,982,1000,-0.20511403031917114,-0.34988061661316516,-0.019809571768150118,982,40,89,non_circular_segmented,0.2918743642485605,0.33007104484501504
CS2_38,HF3,8,partial_pearson_controlling_SOH,20,1000,-0.1378239621675519,-0.8178770848001828,0.0163770897517415,982,1000,-0.10417956647573796,-0.23497104163976806,0.0015340123204199562,982,40,89,non_circular_segmented,0.8342541745519243,0.23650505396018803
CS2_38,HF3,8,degradation_pearson,30,1000,0.1448408620473711,-0.0531001587513593,0.7173129842709557,982,1000,-0.19454353668467367,-0.30484089411605364,-0.04283419789356484,982,40,89,non_circular_segmented,0.770413143022315,0.2620066962224888
CS2_38,HF3,8,degradation_spearman,30,1000,-0.2090396359946026,-0.3548986583994116,-0.0319002047121942,982,1000,-0.20377010749353192,-0.35287778662518476,0.011371080483962844,982,40,89,non_circular_segmented,0.3229984536872174,0.3642488671091476
CS2_38,HF3,8,partial_pearson_controlling_SOH,30,1000,-0.134871799584656,-0.8105158251006045,0.0157090935048224,982,1000,-0.10916760055512331,-0.25569030011775923,0.02283959263824454,982,40,89,non_circular_segmented,0.8262249186054269,0.27852989275600376
CS2_38,HF4,8,degradation_pearson,10,1000,-0.1338938423049745,-0.2539701467214461,-0.0135376467455749,551,1000,0.06937133945661463,-0.06254337928108246,0.23678135254910826,551,47,76,non_circular_segmented,0.24043249997587118,0.2993247318301907
CS2_38,HF4,8,degradation_spearman,10,1000,-0.0178676678163017,-0.1965039578644907,0.1385016891454144,551,1000,0.21122319388989486,0.03827894658786665,0.3774054169743561,551,47,76,non_circular_segmented,0.3350056470099051,0.33912647038648946
CS2_38,HF4,8,partial_pearson_controlling_SOH,10,1000,0.0361224599078942,-0.0789373975353579,0.1563801508050686,551,1000,-0.04974940802182129,-0.1490902263407857,0.03645351988331881,551,47,76,non_circular_segmented,0.2353175483404265,0.18554374622410452
CS2_38,HF4,8,degradation_pearson,20,1000,-0.133525267844036,-0.2434925604019291,-0.0007824647165101,551,1000,0.21486714049113248,0.09443800597345758,0.37891708843828786,551,47,76,non_circular_segmented,0.242710095685419,0.2844790824648303
CS2_38,HF4,8,degradation_spearman,20,1000,-0.0182807272735152,-0.183611057060183,0.1805553318455701,551,1000,0.2678812475288017,0.08041152287932234,0.4294566316893206,551,47,76,non_circular_segmented,0.3641663889057531,0.34904510880999823
CS2_38,HF4,8,partial_pearson_controlling_SOH,20,1000,0.0332688301604581,-0.0753783496886144,0.1591847059592518,551,1000,-0.07738395600906857,-0.18184169572103942,0.025137597926515813,551,47,76,non_circular_segmented,0.2345630556478662,0.20697929364755524
CS2_38,HF4,8,degradation_pearson,30,1000,-0.1296775037471292,-0.2320614108286579,0.0331173213595824,551,1000,0.2521383953336477,0.1346917514851662,0.4194985868265255,551,47,76,non_circular_segmented,0.2651787321882403,0.2848068353413593
CS2_38,HF4,8,degradation_spearman,30,1000,-0.008137434232641,-0.1863146400850681,0.2082315845660125,551,1000,0.3091625855419158,0.1161612903732952,0.47003852149967734,551,47,76,non_circular_segmented,0.3945462246510806,0.35387723112638214
CS2_38,HF4,8,partial_pearson_controlling_SOH,30,1000,0.0352883459180198,-0.0969050147219373,0.1530282991850873,551,1000,-0.08189577449017216,-0.18853283633264503,0.03237947875992721,551,47,76,non_circular_segmented,0.2499333139070246,0.22091231509257225
CS2_38,HF5,8,degradation_pearson,10,1000,-0.102609480097956,-0.2230838848107349,0.0209966481872773,551,1000,0.11165968211297614,-0.020668594931515467,0.2703882658013912,551,47,76,non_circular_segmented,0.24408053299801222,0.29105686073290665
CS2_38,HF5,8,degradation_spearman,10,1000,0.0200700605811857,-0.1487929010508319,0.1868514585341982,551,1000,0.26186675237308976,0.093230744772471,0.4102420024106917,551,47,76,non_circular_segmented,0.33564435958503014,0.3170112576382207
CS2_38,HF5,8,partial_pearson_controlling_SOH,10,1000,-0.0654612555697646,-0.15598635693485,0.0314779972026971,551,1000,-0.127031269587502,-0.23093512268440847,-0.01589184464461449,551,47,76,non_circular_segmented,0.18746435413754708,0.21504327803979398
CS2_38,HF5,8,degradation_pearson,20,1000,-0.1038932227449643,-0.2151021063870632,0.0381912669652175,551,1000,0.2499447602223327,0.12298298328147275,0.39638159239810816,551,47,76,non_circular_segmented,0.2532933733522807,0.2733986091166354
CS2_38,HF5,8,degradation_spearman,20,1000,0.0225803745514052,-0.1400353973717619,0.2314900015056514,551,1000,0.3095959709239594,0.13273081984047985,0.463712518852774,551,47,76,non_circular_segmented,0.3715253988774133,0.33098169901229413
CS2_38,HF5,8,partial_pearson_controlling_SOH,20,1000,-0.0613707931741905,-0.1651118962296381,0.0320454156104375,551,1000,-0.14166666035929681,-0.25771068014694437,-0.05462715718293928,551,47,76,non_circular_segmented,0.1971573118400756,0.2030835229640051
CS2_38,HF5,8,degradation_pearson,30,1000,-0.1025684336171454,-0.2129945236835217,0.0481353462619064,551,1000,0.2807134478138117,0.17613100305533225,0.4366920987155443,551,47,76,non_circular_segmented,0.2611298699454281,0.26056109566021207
CS2_38,HF5,8,degradation_spearman,30,1000,0.0247834092185193,-0.1671287058692952,0.2137133893339614,551,1000,0.3036868261085352,0.10651951275809925,0.4538694073434199,551,47,76,non_circular_segmented,0.3808420952032566,0.3473498945853207
CS2_38,HF5,8,partial_pearson_controlling_SOH,30,1000,-0.0617705450977363,-0.1573181747002402,0.031288472386965,551,1000,-0.14277154759199492,-0.23760366758595486,-0.03495081131452333,551,47,76,non_circular_segmented,0.1886066470872052,0.20265285627143154
CS2_38,HF6,8,degradation_pearson,10,1000,-0.0371942631092579,-0.1298733717035654,0.0589786629920104,551,1000,0.12240795869226295,0.005728960517986571,0.25625539746484416,551,47,76,non_circular_segmented,0.1888520346955758,0.2505264369468576
CS2_38,HF6,8,degradation_spearman,10,1000,0.0789899777448336,-0.0692076337510884,0.2250732803080296,551,1000,0.28866696506164957,0.14173496504029442,0.41507895327336525,551,47,76,non_circular_segmented,0.294280914059118,0.2733439882330708
CS2_38,HF6,8,partial_pearson_controlling_SOH,10,1000,-0.1312195316123627,-0.20734458608627,-0.044806070515653,551,1000,-0.12307002101469129,-0.2214854081493839,-0.019421582848775373,551,47,76,non_circular_segmented,0.162538515570617,0.2020638253006085
CS2_38,HF6,8,degradation_pearson,20,1000,-0.0360782753580132,-0.1173477879201202,0.0851073585044723,551,1000,0.24362649567817635,0.10302943000914476,0.40412128914488804,551,47,76,non_circular_segmented,0.2024551464245925,0.30109185913574327
CS2_38,HF6,8,degradation_spearman,20,1000,0.0738303385124814,-0.0700712682014741,0.2408485736317054,551,1000,0.33569300495690807,0.18299369132317428,0.48249912675802076,551,47,76,non_circular_segmented,0.3109198418331795,0.2995054354348465
CS2_38,HF6,8,partial_pearson_controlling_SOH,20,1000,-0.127526756859287,-0.2123640855709285,-0.0407499087301812,551,1000,-0.12737488924175938,-0.2595569031481367,-0.010767691668049051,551,47,76,non_circular_segmented,0.1716141768407473,0.24878921148008762
CS2_38,HF6,8,degradation_pearson,30,1000,-0.0383066889736731,-0.1250071117655167,0.0851730689414386,551,1000,0.27435455606309056,0.13118757685850996,0.4484815359496525,551,47,76,non_circular_segmented,0.21018018070695532,0.31729395909114255
CS2_38,HF6,8,degradation_spearman,30,1000,0.0771112934288965,-0.0739445658498316,0.2590148986641014,551,1000,0.3375351025884318,0.1812153879479731,0.46647539532242205,551,47,76,non_circular_segmented,0.332959464513933,0.28526000737444895
CS2_38,HF6,8,partial_pearson_controlling_SOH,30,1000,-0.126677011466542,-0.206630957810667,-0.049471415445248,551,1000,-0.12344224287136674,-0.25646469048308634,0.0012146884033130115,551,47,76,non_circular_segmented,0.157159542365419,0.25767937888639936
CS2_38,HF7,8,degradation_pearson,10,1000,-0.0814504215616457,-0.1477504787992332,-0.0326830740572685,1012,1000,-0.09315089210203648,-0.18738852831485495,-0.03058973828970423,1012,11,182,non_circular_segmented,0.1150674047419647,0.1567987900251507
CS2_38,HF7,8,degradation_spearman,10,1000,-0.2192795931290399,-0.3514803142816259,-0.0650272573673495,1012,1000,-0.21121707236224058,-0.35588029184570635,-0.0644573023038858,1012,11,182,non_circular_segmented,0.2864530569142764,0.29142298954182055
CS2_38,HF7,8,partial_pearson_controlling_SOH,10,1000,0.5656488581129089,0.2230375159581079,0.8148543868911917,1012,1000,0.37844399296844267,0.11924117080991481,0.6308507033995803,1012,11,182,non_circular_segmented,0.5918168709330838,0.5116095325896655
CS2_38,HF7,8,degradation_pearson,20,1000,-0.0797179386685866,-0.1669932334634323,-0.0292254695637,1012,1000,-0.10179171900805838,-0.1865492926952876,-0.0347334064231726,1012,11,182,non_circular_segmented,0.1377677638997323,0.151815886272115
CS2_38,HF7,8,degradation_spearman,20,1000,-0.2186373500706048,-0.358078818483953,-0.0533441653432807,1012,1000,-0.19531438689787795,-0.358500211388322,-0.02058576668823792,1012,11,182,non_circular_segmented,0.30473465314067233,0.3379144447000841
CS2_38,HF7,8,partial_pearson_controlling_SOH,20,1000,0.5630578094356398,0.2836554880006746,0.7860513909603251,1012,1000,0.48076043410039815,0.18812027441465398,0.641357671376898,1012,11,182,non_circular_segmented,0.5023959029596505,0.4532373969622441
CS2_38,HF7,8,degradation_pearson,30,1000,-0.0801572731047173,-0.1695756140441419,-0.0284179326947124,1012,1000,-0.10354173205507272,-0.1919958237250073,-0.02666545389699865,1012,11,182,non_circular_segmented,0.1411576813494295,0.16533036982800864
CS2_38,HF7,8,degradation_spearman,30,1000,-0.2100516666794017,-0.3731855965730211,-0.0261471731567213,1012,1000,-0.17754664921856073,-0.35575936698266974,0.016406997135577913,1012,11,182,non_circular_segmented,0.34703842341629976,0.37216636411824766
CS2_38,HF7,8,partial_pearson_controlling_SOH,30,1000,0.5643440331159232,0.2873071155906712,0.7540100768196779,1012,1000,0.5303703025411262,0.2215107138010195,0.6455717778180853,1012,11,182,non_circular_segmented,0.46670296122900673,0.4240610640170658
CS2_38,HF8,8,degradation_pearson,10,1000,0.0426515963939131,-0.0266190405448702,0.1621415356778568,986,1000,0.059164574567296346,-0.016333901198935716,0.20611398714606904,986,38,89,non_circular_segmented,0.18876057622272702,0.22244788834500476
CS2_38,HF8,8,degradation_spearman,10,1000,0.2400747930506842,0.0987273896354138,0.3675803788546654,986,1000,0.22594873879033756,0.07834540620353174,0.3486564055030407,986,38,89,non_circular_segmented,0.2688529892192516,0.27031099929950897
CS2_38,HF8,8,partial_pearson_controlling_SOH,10,1000,-0.119538915910027,-0.2269215282783782,0.0387543517704531,986,1000,-0.14825052484219386,-0.2531190132606025,-0.0057796907141191515,986,38,89,non_circular_segmented,0.2656758800488313,0.24733932254648333
CS2_38,HF8,8,degradation_pearson,20,1000,0.0432972605452373,-0.0279952023730214,0.1756611444625315,986,1000,0.09609218131832262,-0.00809665140960091,0.2748519864253942,986,38,89,non_circular_segmented,0.2036563468355529,0.28294863783499513
CS2_38,HF8,8,degradation_spearman,20,1000,0.2331594510244282,0.0813838858822816,0.3835850564336158,986,1000,0.20033094076010438,0.016206732023091672,0.3580446669263557,986,38,89,non_circular_segmented,0.3022011705513342,0.34183793490326403
CS2_38,HF8,8,partial_pearson_controlling_SOH,20,1000,-0.1196219471402999,-0.2163276795147611,0.0506266157972176,986,1000,-0.10115706222484219,-0.2055894458266843,0.05706127793907322,986,38,89,non_circular_segmented,0.2669542953119787,0.2626507237657575
CS2_38,HF8,8,degradation_pearson,30,1000,0.0415649963941347,-0.0316956379247805,0.1886370132766252,986,1000,0.1905815330260684,0.0221885980811156,0.30848181325486335,986,38,89,non_circular_segmented,0.2203326512014057,0.28629321517374773
CS2_38,HF8,8,degradation_spearman,30,1000,0.2347041853982048,0.0719776520204693,0.3809553744567132,986,1000,0.1860069749017594,-0.016757432326696433,0.3488319254238146,986,38,89,non_circular_segmented,0.3089777224362439,0.365589357750511
CS2_38,HF8,8,partial_pearson_controlling_SOH,30,1000,-0.1149857234695597,-0.2219435254504592,0.0332738972313022,986,1000,-0.03591930741335311,-0.18586429901992083,0.12041535955203303,986,38,89,non_circular_segmented,0.2552174226817614,0.30627965857195383
CS2_38,HF1,12,degradation_pearson,10,1000,-0.1143550129373027,-0.2018471094397447,-0.0504369747591376,1008,1000,-0.11740023385110385,-0.2238155116319853,-0.04109510928082886,1008,11,178,non_circular_segmented,0.1514101346806071,0.18272040235115644
CS2_38,HF1,12,degradation_spearman,10,1000,-0.2490347362978723,-0.381587756898723,-0.0861868192409675,1008,1000,-0.22980763476640792,-0.37759331578246236,-0.0683234591212927,1008,11,178,non_circular_segmented,0.2954009376577555,0.3092698566611697
CS2_38,HF1,12,partial_pearson_controlling_SOH,10,1000,0.5811313249492049,0.2474621009620552,0.8262246713000518,1008,1000,0.43211573121495783,0.26261478496232066,0.6922910553864834,1008,11,178,non_circular_segmented,0.5787625703379966,0.42967627042416273
CS2_38,HF1,12,degradation_pearson,20,1000,-0.1127508825785551,-0.2250531015218042,-0.0462967981464498,1008,1000,-0.1228951608079516,-0.2367212823688628,-0.03125137152862101,1008,11,178,non_circular_segmented,0.1787563033753544,0.2054699108402418
CS2_38,HF1,12,degradation_spearman,20,1000,-0.2451981322042237,-0.4131644067049472,-0.0534752989079502,1008,1000,-0.20843152864055664,-0.3882447683397261,-0.0006912237543560808,1008,11,178,non_circular_segmented,0.359689107796997,0.38755354458537
CS2_38,HF1,12,partial_pearson_controlling_SOH,20,1000,0.5829867126976898,0.2792995600530386,0.803650512370026,1008,1000,0.4644881847421869,0.31520062906942586,0.656263921776461,1008,11,178,non_circular_segmented,0.5243509523169875,0.3410632927070351
CS2_38,HF1,12,degradation_pearson,30,1000,-0.1085025796031436,-0.2370312744460215,-0.0429490008241939,1008,1000,-0.12592529873112435,-0.24322185832964027,-0.028929094215958375,1008,11,178,non_circular_segmented,0.19408227362182762,0.2142927641136819
CS2_38,HF1,12,degradation_spearman,30,1000,-0.2318354882425845,-0.4179755243256794,-0.0214753540902464,1008,1000,-0.18545462102629545,-0.37529513745514465,0.012499270302678457,1008,11,178,non_circular_segmented,0.396500170235433,0.3877944077578231
CS2_38,HF1,12,partial_pearson_controlling_SOH,30,1000,0.5806060436040316,0.301622500784879,0.7748065146725377,1008,1000,0.49114674236938993,0.34684575190620265,0.6537762264119313,1008,11,178,non_circular_segmented,0.4731840138876587,0.3069304745057287
CS2_38,HF2,12,degradation_pearson,10,1000,0.0715441412563094,-0.0059431141938153,0.1667632875026134,982,1000,0.0673600613082788,-0.017551062851280313,0.18352124031192593,982,39,89,non_circular_segmented,0.1727064016964287,0.20107230316320623
CS2_38,HF2,12,degradation_spearman,10,1000,0.2287565907217827,0.0686170527225108,0.3660736913654633,982,1000,0.21186770785424908,0.07574593014319561,0.36116249665481537,982,39,89,non_circular_segmented,0.2974566386429525,0.28541656651161973
CS2_38,HF2,12,partial_pearson_controlling_SOH,10,1000,-0.1124682513898988,-0.1959428260974524,-0.00608911807374,982,1000,-0.11047083502568175,-0.19792751247484383,0.008540639290636094,982,39,89,non_circular_segmented,0.1898537080237124,0.20646815176547992
CS2_38,HF2,12,degradation_pearson,20,1000,0.072861002049274,-0.0040511825863829,0.1895650517270649,982,1000,0.10682666398689747,-0.012225307790589222,0.28056378026915274,982,39,89,non_circular_segmented,0.1936162343134478,0.29278908805974196
CS2_38,HF2,12,degradation_spearman,20,1000,0.2309865173611313,0.0455150478084654,0.3908112988088602,982,1000,0.195072719749537,-0.013327037177935945,0.35964018294524747,982,39,89,non_circular_segmented,0.3452962510003948,0.3729672201231834
CS2_38,HF2,12,partial_pearson_controlling_SOH,20,1000,-0.1122534444041853,-0.1885665774845217,0.0331265977448268,982,1000,-0.0554175332434715,-0.1462896434040747,0.11275563374591786,982,39,89,non_circular_segmented,0.2216931752293485,0.25904527714999254
CS2_38,HF2,12,degradation_pearson,30,1000,0.0685867320695123,-0.0091039762427277,0.2174522258731261,982,1000,0.20516135790093926,0.01761501105229299,0.33605995391593596,982,39,89,non_circular_segmented,0.2265562021158538,0.318444942863643
CS2_38,HF2,12,degradation_spearman,30,1000,0.2201359062262681,0.0054142445525112,0.3941158086048968,982,1000,0.19186205735860445,-0.05998982007198988,0.37991407135474103,982,39,89,non_circular_segmented,0.3887015640523856,0.4399038914267309
CS2_38,HF2,12,partial_pearson_controlling_SOH,30,1000,-0.111359786070297,-0.1833465811492231,0.0504592552784272,982,1000,-0.020267329621427493,-0.12864233606068207,0.1570393503001505,982,39,89,non_circular_segmented,0.2338058364276503,0.2856816863608326
CS2_38,HF3,12,degradation_pearson,10,1000,0.1285295675359347,-0.0539999333266917,0.6596270722935693,978,1000,-0.09304173584070226,-0.21218381543519127,-0.019816194350777142,978,41,89,non_circular_segmented,0.713627005620261,0.19236762108441413
CS2_38,HF3,12,degradation_spearman,10,1000,-0.1882784718137609,-0.3293070303612411,-0.0347404324378145,978,1000,-0.1791206377278653,-0.3205860371932625,-0.020465126493749014,978,41,89,non_circular_segmented,0.2945665979234266,0.3001209106995135
CS2_38,HF3,12,partial_pearson_controlling_SOH,10,1000,-0.1210294705098495,-0.7691363124122624,0.0131658560331,978,1000,-0.0722856846267207,-0.17152968954098866,0.036700077420564296,978,41,89,non_circular_segmented,0.7823021684453625,0.20822976696155296
CS2_38,HF3,12,degradation_pearson,20,1000,0.1298817403015982,-0.0702700673057079,0.6224267116750726,978,1000,-0.17064144103147905,-0.30285334959022964,-0.052707512354078175,978,41,89,non_circular_segmented,0.6926967789807805,0.25014583723615147
CS2_38,HF3,12,degradation_spearman,20,1000,-0.1938979219762857,-0.3655665586088154,0.023148979223464,978,1000,-0.14690256033042487,-0.34348567949687664,0.061322130671581807,978,41,89,non_circular_segmented,0.38871553783227936,0.40480781016845846
CS2_38,HF3,12,partial_pearson_controlling_SOH,20,1000,-0.1223294914310302,-0.7043382974697605,0.0147685880175455,978,1000,-0.13956489712798684,-0.2508748437561673,-0.040870171868225065,978,41,89,non_circular_segmented,0.7191068854873061,0.21000467188794225
CS2_38,HF3,12,degradation_pearson,30,1000,0.1285008541418496,-0.0608840405946043,0.6036696281893131,978,1000,-0.2132948860658382,-0.33612955266031924,-0.05453132858603642,978,41,89,non_circular_segmented,0.6645536687839174,0.2815982240742828
CS2_38,HF3,12,degradation_spearman,30,1000,-0.1893965976345794,-0.3802253788451177,0.0560119148342792,978,1000,-0.1524098963143072,-0.3442154411459056,0.13978677895003983,978,41,89,non_circular_segmented,0.4362372936793969,0.4840022200959454
CS2_38,HF3,12,partial_pearson_controlling_SOH,30,1000,-0.1233846402676239,-0.7038517363239045,0.0147978417340853,978,1000,-0.1525378744310626,-0.2663607987667134,-0.0478188978845861,978,41,89,non_circular_segmented,0.7186495780579898,0.21854190088212733
CS2_38,HF4,12,degradation_pearson,10,1000,-0.1183387571436092,-0.2207036831359947,0.0486592197892746,550,1000,0.09900309232365459,-0.06382746237788647,0.2524159498708975,550,48,76,non_circular_segmented,0.2693629029252693,0.31624341224878394
CS2_38,HF4,12,degradation_spearman,10,1000,-0.00718581029394,-0.1848228748797094,0.1851475745157886,550,1000,0.20409017503820165,0.017430142125019466,0.3873454022631782,550,48,76,non_circular_segmented,0.36997044939549795,0.36991526013815873
CS2_38,HF4,12,partial_pearson_controlling_SOH,10,1000,-0.0662640605667446,-0.2025650632781594,0.0517496353654763,550,1000,-0.19994608278042153,-0.30324912450423297,-0.08084101494692948,550,48,76,non_circular_segmented,0.2543146986436357,0.2224081095573035
CS2_38,HF4,12,degradation_pearson,20,1000,-0.1240796174767808,-0.2163258728509283,0.0751143806600191,550,1000,0.2511642952124503,0.09611835640520075,0.4025929563809738,550,48,76,non_circular_segmented,0.2914402535109474,0.3064745999757731
CS2_38,HF4,12,degradation_spearman,20,1000,-0.0061496876955048,-0.197207036971187,0.2188970587421593,550,1000,0.3337058539786869,0.13567780065501134,0.5088996562200806,550,48,76,non_circular_segmented,0.4161040957133463,0.37322185556506926
CS2_38,HF4,12,partial_pearson_controlling_SOH,20,1000,-0.069702773130856,-0.2195893122577675,0.0379881903646747,550,1000,-0.24416256601322173,-0.35348517731389634,-0.12828380621701443,550,48,76,non_circular_segmented,0.2575775026224422,0.2252013710968819
CS2_38,HF4,12,degradation_pearson,30,1000,-0.124201060998034,-0.2010921383593044,0.0731303166098294,550,1000,0.27471026200545906,0.15030113752783264,0.4264211675790505,550,48,76,non_circular_segmented,0.2742224549691338,0.2761200300512179
CS2_38,HF4,12,degradation_spearman,30,1000,0.0021727387189252,-0.1946880452062257,0.2482691011146177,550,1000,0.38830580081029437,0.19122041396666586,0.5536388791441488,550,48,76,non_circular_segmented,0.4429571463208434,0.3624184651774829
CS2_38,HF4,12,partial_pearson_controlling_SOH,30,1000,-0.0620129418933796,-0.2394745886514072,0.0321643349496358,550,1000,-0.21314296269469463,-0.334248215770199,-0.08632370335587601,550,48,76,non_circular_segmented,0.271638923601043,0.24792451241432295
CS2_38,HF5,12,degradation_pearson,10,1000,-0.0781862052219302,-0.1889944230655083,0.1012599461327496,550,1000,0.16083967105729424,0.002314787746400269,0.3104055140011719,550,48,76,non_circular_segmented,0.29025436919825787,0.30809072625477163
CS2_38,HF5,12,degradation_spearman,10,1000,0.0933897345697102,-0.0818436679452978,0.2953338738438766,550,1000,0.37316469281975423,0.20754630438510563,0.5116937973195418,550,48,76,non_circular_segmented,0.3771775417891744,0.30414749293443616
CS2_38,HF5,12,partial_pearson_controlling_SOH,10,1000,-0.1141058682846617,-0.227565150741229,-0.0325774935801429,550,1000,-0.22283753367923648,-0.3198010539202809,-0.1158730396351432,550,48,76,non_circular_segmented,0.1949876571610861,0.2039280142851377
CS2_38,HF5,12,degradation_pearson,20,1000,-0.0741576548256415,-0.1913929277637721,0.1383648394247223,550,1000,0.30135056516810654,0.15056367815878352,0.4512995879635192,550,48,76,non_circular_segmented,0.32975776718849437,0.3007359098047357
CS2_38,HF5,12,degradation_spearman,20,1000,0.1084941502449469,-0.1075466339744843,0.3338753142572143,550,1000,0.4691277836539802,0.323995844426507,0.5940037306850258,550,48,76,non_circular_segmented,0.44142194823169856,0.2700078862585188
CS2_38,HF5,12,partial_pearson_controlling_SOH,20,1000,-0.1130950025947574,-0.2302236387936872,-0.0267681000221341,550,1000,-0.242726911288801,-0.3605933857061381,-0.14171897874375294,550,48,76,non_circular_segmented,0.20345553877155312,0.21887440696238514
CS2_38,HF5,12,degradation_pearson,30,1000,-0.0776955563639248,-0.1670102864167651,0.1425170151252487,550,1000,0.3153169938817926,0.20446155972285762,0.4600863617330498,550,48,76,non_circular_segmented,0.3095273015420138,0.25562480201019216
CS2_38,HF5,12,degradation_spearman,30,1000,0.101306755478384,-0.0940317862534759,0.3569639445165018,550,1000,0.4872349200709125,0.3367748034904752,0.5998958774962229,550,48,76,non_circular_segmented,0.45099573076997773,0.26312107400574763
CS2_38,HF5,12,partial_pearson_controlling_SOH,30,1000,-0.1130453284810347,-0.2347126038330424,-0.0311338775118181,550,1000,-0.20964591614199757,-0.33243529719924925,-0.12090427773749089,550,48,76,non_circular_segmented,0.2035787263212243,0.21153101946175834
CS2_38,HF6,12,degradation_pearson,10,1000,0.0008386411927332,-0.0884949360084483,0.1781916448288698,550,1000,0.20618955446732523,0.06837092732915123,0.34791634120051923,550,48,76,non_circular_segmented,0.2666865808373181,0.279545413871368
CS2_38,HF6,12,degradation_spearman,10,1000,0.180338625480514,0.0143180175618946,0.3579340018345296,550,1000,0.38520132511272226,0.2316477520378743,0.5155386241013705,550,48,76,non_circular_segmented,0.343615984272635,0.2838908720634962
CS2_38,HF6,12,partial_pearson_controlling_SOH,10,1000,-0.1792044298231266,-0.2765381676885785,-0.1147882795525958,550,1000,-0.24145433683640505,-0.33012905148720506,-0.15449324792252325,550,48,76,non_circular_segmented,0.16174988813598268,0.1756358035646818
CS2_38,HF6,12,degradation_pearson,20,1000,0.0044548044212208,-0.0925276110248207,0.1799940937908992,550,1000,0.32620969532522376,0.2080722432277925,0.4741361505219872,550,48,76,non_circular_segmented,0.2725217048157199,0.2660639072941947
CS2_38,HF6,12,degradation_spearman,20,1000,0.1870769234333057,0.0007706365532263,0.3806686579192849,550,1000,0.4788736773216433,0.3449364230353008,0.5921788861576578,550,48,76,non_circular_segmented,0.3798980213660586,0.24724246312235698
CS2_38,HF6,12,partial_pearson_controlling_SOH,20,1000,-0.1785638535162104,-0.2793510354888552,-0.1104517589500446,550,1000,-0.2533428853744242,-0.3668923977934617,-0.16674017578302675,550,48,76,non_circular_segmented,0.1688992765388106,0.20015222201043498
CS2_38,HF6,12,degradation_pearson,30,1000,0.0025692721481531,-0.081502670590807,0.1669476586527071,550,1000,0.34875981574794135,0.24609789394262535,0.49110092628476126,550,48,76,non_circular_segmented,0.24845032924351412,0.2450030323421359
CS2_38,HF6,12,degradation_spearman,30,1000,0.1904011774036255,0.0003185266698834,0.3870739981911058,550,1000,0.5168036892937325,0.4073821348647881,0.6027366889757534,550,48,76,non_circular_segmented,0.38675547152122236,0.1953545541109653
CS2_38,HF6,12,partial_pearson_controlling_SOH,30,1000,-0.1770918891264802,-0.2707868501369388,-0.1122597721106114,550,1000,-0.24932578739899264,-0.3574081283565075,-0.16835576270640268,550,48,76,non_circular_segmented,0.15852707802632743,0.1890523656501048
CS2_38,HF7,12,degradation_pearson,10,1000,-0.1124625864692104,-0.1920473990410573,-0.0478830369318536,1008,1000,-0.11744734582334612,-0.22400792232045252,-0.04533904411705385,1008,11,178,non_circular_segmented,0.1441643621092037,0.17866887820339866
CS2_38,HF7,12,degradation_spearman,10,1000,-0.2463248621443011,-0.3837864019279255,-0.0791862986012129,1008,1000,-0.2330655905496571,-0.38657421276853104,-0.06091948961036643,1008,11,178,non_circular_segmented,0.3046001033267126,0.3256547231581646
CS2_38,HF7,12,partial_pearson_controlling_SOH,10,1000,0.5722410415643745,0.252502902438764,0.8129369200777952,1008,1000,0.4198827357127096,0.26399943358534017,0.706980104794618,1008,11,178,non_circular_segmented,0.5604340176390312,0.44298067120927787
CS2_38,HF7,12,degradation_pearson,20,1000,-0.111819416219347,-0.2103985421115708,-0.0458284312694307,1008,1000,-0.12222861502074642,-0.23885850447282966,-0.03782111571197359,1008,11,178,non_circular_segmented,0.1645701108421401,0.20103738876085608
CS2_38,HF7,12,degradation_spearman,20,1000,-0.2463890685504806,-0.4048182586323656,-0.0601254327908986,1008,1000,-0.20850387879532617,-0.38252450754183676,-0.015392213383892779,1008,11,178,non_circular_segmented,0.344692825841467,0.36713229415794396
CS2_38,HF7,12,partial_pearson_controlling_SOH,20,1000,0.5910644102840337,0.2742317030623304,0.7987909811425422,1008,1000,0.4466139258895475,0.3012160153146478,0.6282596056509412,1008,11,178,non_circular_segmented,0.5245592780802117,0.3270435903362934
CS2_38,HF7,12,degradation_pearson,30,1000,-0.1109888526235939,-0.2350802792096781,-0.0379498338907042,1008,1000,-0.12872523788535162,-0.25389718500595376,-0.03324062018364822,1008,11,178,non_circular_segmented,0.19713044531897392,0.22065656482230556
CS2_38,HF7,12,degradation_spearman,30,1000,-0.2447834583258389,-0.4208919902404855,-0.0251112079685295,1008,1000,-0.18795053711770005,-0.37974612625644366,0.023272521460665895,1008,11,178,non_circular_segmented,0.395780782271956,0.40301864771710955
CS2_38,HF7,12,partial_pearson_controlling_SOH,30,1000,0.575321416329651,0.2828377111623834,0.7531964179952332,1008,1000,0.4935300844206819,0.3398075732313486,0.6334182750953155,1008,11,178,non_circular_segmented,0.4703587068328498,0.29361070186396687
CS2_38,HF8,12,degradation_pearson,10,1000,0.0803822931986022,0.0136806934708529,0.1774793982216662,982,1000,0.06934369836060039,-0.003877926823542012,0.19415612522657213,982,39,89,non_circular_segmented,0.1637987047508133,0.19803405205011415
CS2_38,HF8,12,degradation_spearman,10,1000,0.2480688533579975,0.0930810402217172,0.3857038259178797,982,1000,0.21822583984571006,0.0828620824116321,0.3529806051323262,982,39,89,non_circular_segmented,0.2926227856961625,0.27011852272069414
CS2_38,HF8,12,partial_pearson_controlling_SOH,10,1000,-0.1367693351024789,-0.2329822500232624,0.0002980483586183,982,1000,-0.13563080943861278,-0.23463329979805436,0.013949968322852028,982,39,89,non_circular_segmented,0.2332802983818807,0.2485832681209064
CS2_38,HF8,12,degradation_pearson,20,1000,0.0758451456248057,0.0015548469555429,0.2009802267547736,982,1000,0.11281392023407014,-0.0022983328773891224,0.2930597025661995,982,39,89,non_circular_segmented,0.1994253797992307,0.29535803544358863
CS2_38,HF8,12,degradation_spearman,20,1000,0.2334713526067442,0.0479872524177626,0.4001098968971204,982,1000,0.1905914394617087,-0.011845631673596722,0.3633863909564419,982,39,89,non_circular_segmented,0.3521226444793578,0.3752320226300386
CS2_38,HF8,12,partial_pearson_controlling_SOH,20,1000,-0.1352798114421414,-0.2243779207152149,0.0151902628413118,982,1000,-0.08280022981802376,-0.20896900003082738,0.10620995457428238,982,39,89,non_circular_segmented,0.2395681835565267,0.31517895460510975
CS2_38,HF8,12,degradation_pearson,30,1000,0.0773019016390341,0.0037743049103737,0.2193418043915015,982,1000,0.22420244891008115,0.03722199695664538,0.3527583170099619,982,39,89,non_circular_segmented,0.2155674994811278,0.31553632005331655
CS2_38,HF8,12,degradation_spearman,30,1000,0.238566800053713,0.0292672315124985,0.4036793595631226,982,1000,0.19487342359126963,-0.054095086376824905,0.39216313048892837,982,39,89,non_circular_segmented,0.3744121280506241,0.4462582168657533
CS2_38,HF8,12,partial_pearson_controlling_SOH,30,1000,-0.1358561914477693,-0.2243350760086249,0.05175390896687,982,1000,-0.015288148546185827,-0.17140343860295418,0.15718436563931326,982,39,89,non_circular_segmented,0.2760889849754949,0.3285878042422674
CS2_38,HF1,16,degradation_pearson,10,1000,-0.1523772364340077,-0.2554401826700864,-0.0779305135991619,1004,1000,-0.15586137657140028,-0.27611848682134355,-0.07697337601387368,1004,11,175,non_circular_segmented,0.1775096690709245,0.19914511080746988
CS2_38,HF1,16,degradation_spearman,10,1000,-0.3143454628603184,-0.4636688266850726,-0.1533587275021311,1004,1000,-0.29460918156562693,-0.43301433155741503,-0.12427608138550644,1004,11,175,non_circular_segmented,0.3103100991829415,0.3087382501719086
CS2_38,HF1,16,partial_pearson_controlling_SOH,10,1000,0.585218622195494,0.252585026169128,0.8147957949747147,1004,1000,0.433307566489141,0.280979979284108,0.7218898505551206,1004,11,175,non_circular_segmented,0.5622107688055866,0.44090987127101255
CS2_38,HF1,16,degradation_pearson,20,1000,-0.150143773044716,-0.265719677817141,-0.0683232954071998,1004,1000,-0.14639359930152668,-0.2946074979165596,-0.05314019360232872,1004,11,175,non_circular_segmented,0.19739638240994123,0.24146730431423089
CS2_38,HF1,16,degradation_spearman,20,1000,-0.3178131259591844,-0.4768377182325168,-0.09292178156804,1004,1000,-0.25119206725271154,-0.4470011832779019,-0.04312453712891137,1004,11,175,non_circular_segmented,0.3839159366644768,0.40387664614899055
CS2_38,HF1,16,partial_pearson_controlling_SOH,20,1000,0.5850568411344925,0.2807307844286695,0.8139404235592615,1004,1000,0.44357314230582634,0.2973512319922556,0.6384056501139855,1004,11,175,non_circular_segmented,0.533209639130592,0.34105441812172993
CS2_38,HF1,16,degradation_pearson,30,1000,-0.148029233915423,-0.285941248326401,-0.0668214887608071,1004,1000,-0.15273255062250285,-0.3105052273384433,-0.029936509652414324,1004,11,175,non_circular_segmented,0.2191197595655939,0.280568717686029
CS2_38,HF1,16,degradation_spearman,30,1000,-0.3001643573757626,-0.486398535895087,-0.0590846403430951,1004,1000,-0.22283943695238445,-0.4315889186549151,0.019604079179260298,1004,11,175,non_circular_segmented,0.42731389555199195,0.45119299783417544
CS2_38,HF1,16,partial_pearson_controlling_SOH,30,1000,0.5912560889735674,0.2936049251189377,0.7840099538605599,1004,1000,0.4719648573232162,0.3415887803957032,0.6494858839463135,1004,11,175,non_circular_segmented,0.49040502874162223,0.3078971035506103
CS2_38,HF2,16,degradation_pearson,10,1000,0.1086937360970183,0.0167716333015124,0.2233127210786976,978,1000,0.09466566350692018,0.0033280381684802946,0.2022478421057858,978,39,89,non_circular_segmented,0.2065410877771852,0.19891980393730552
CS2_38,HF2,16,degradation_spearman,10,1000,0.2886495142772576,0.1262930660816952,0.4360555657223189,978,1000,0.2698362305741328,0.10699197225217753,0.4222228769678964,978,39,89,non_circular_segmented,0.30976249964062375,0.31523090471571885
CS2_38,HF2,16,partial_pearson_controlling_SOH,10,1000,-0.1198999251601903,-0.2129711644138685,0.0019105384464865,978,1000,-0.12776931302135197,-0.20955995195227653,0.014527270207925965,978,39,89,non_circular_segmented,0.21488170286035502,0.2240872221602025
CS2_38,HF2,16,degradation_pearson,20,1000,0.1027891557802085,0.006358487785676,0.2403172310367022,978,1000,0.14855800092236182,0.010026056784049641,0.34737027723511865,978,39,89,non_circular_segmented,0.2339587432510262,0.337344220451069
CS2_38,HF2,16,degradation_spearman,20,1000,0.2851574748241813,0.0894912052733304,0.4574956225284959,978,1000,0.2563167459154431,0.03340047594906329,0.4381492758010163,978,39,89,non_circular_segmented,0.36800441725516553,0.404748799851953
CS2_38,HF2,16,partial_pearson_controlling_SOH,20,1000,-0.1251790782196966,-0.2062930512871095,0.0289636112770616,978,1000,-0.0724842012828115,-0.16608408838039662,0.09391752601653515,978,39,89,non_circular_segmented,0.2352566625641711,0.26000161439693176
CS2_38,HF2,16,degradation_pearson,30,1000,0.1019169781367736,0.0099544845845088,0.2669956264360718,978,1000,0.2839397695317848,0.054911989127692185,0.42566494166006336,978,39,89,non_circular_segmented,0.25704114185156296,0.37075295253237117
CS2_38,HF2,16,degradation_spearman,30,1000,0.2745353723414395,0.0575194799540864,0.4571568076765376,978,1000,0.2785997054795598,0.028694132127226428,0.4765301883756587,978,39,89,non_circular_segmented,0.3996373277224512,0.44783605624843226
CS2_38,HF2,16,partial_pearson_controlling_SOH,30,1000,-0.1171649151075896,-0.1955124611961551,0.0318007377195382,978,1000,-0.07501517415222249,-0.17489008160442954,0.11707384110925567,978,39,89,non_circular_segmented,0.2273131989156933,0.2919639227136852
CS2_38,HF3,16,degradation_pearson,10,1000,0.1234764948065296,-0.0830118170350824,0.6322425206341588,974,1000,-0.12301097914998645,-0.2548264807117121,-0.048493294290101435,974,41,89,non_circular_segmented,0.7152543376692412,0.20633318642161066
CS2_38,HF3,16,degradation_spearman,10,1000,-0.2734119699643881,-0.4147631804586471,-0.0975104890334654,974,1000,-0.25402391602223146,-0.4048960171556092,-0.08174805840063483,974,41,89,non_circular_segmented,0.31725269142518164,0.3231479587549744
CS2_38,HF3,16,partial_pearson_controlling_SOH,10,1000,-0.1262455271862562,-0.7501143190328562,0.0136821681863722,974,1000,-0.014371476733034644,-0.11246799706708668,0.08403230307865943,974,41,89,non_circular_segmented,0.7637964872192284,0.1965003001457461
CS2_38,HF3,16,degradation_pearson,20,1000,0.1159856692191965,-0.1324102494150276,0.6170893804070846,974,1000,-0.2418730852212893,-0.37986162255267586,-0.10338323684615831,974,41,89,non_circular_segmented,0.7494996298221122,0.27647838570651756
CS2_38,HF3,16,degradation_spearman,20,1000,-0.2793502024141927,-0.4510086101376901,-0.0659233957670794,974,1000,-0.23708778636506264,-0.43261207273761915,-0.000106873401158046,974,41,89,non_circular_segmented,0.3850852143706107,0.4325051993364611
CS2_38,HF3,16,partial_pearson_controlling_SOH,20,1000,-0.114203068840593,-0.7358064209516232,0.0137856163959498,974,1000,-0.06418420383183118,-0.17910125864383847,0.04478462439790596,974,41,89,non_circular_segmented,0.749592037347573,0.22388588304174442
CS2_38,HF3,16,degradation_pearson,30,1000,0.1185760388731018,-0.1711288601273948,0.59778577580486,974,1000,-0.29821305255556857,-0.41920541457415506,-0.1174809983367179,974,41,89,non_circular_segmented,0.7689146359322548,0.3017244162374372
CS2_38,HF3,16,degradation_spearman,30,1000,-0.2717741598202843,-0.4633648999525208,-0.021125341853241,974,1000,-0.24693271814147516,-0.46498717106172416,0.0491923151352376,974,41,89,non_circular_segmented,0.4422395580992798,0.5141794861969617
CS2_38,HF3,16,partial_pearson_controlling_SOH,30,1000,-0.1198748753516557,-0.6951171221524431,0.0165537887955912,974,1000,-0.06319729033600051,-0.19464509964820725,0.0635780301928703,974,41,89,non_circular_segmented,0.7116709109480344,0.25822312984107754
CS2_38,HF4,16,degradation_pearson,10,1000,-0.1791531869755817,-0.290258193124582,0.0100309576558936,549,1000,0.09390851948810708,-0.08529611090093303,0.26106281685568355,549,49,76,non_circular_segmented,0.30028915078047563,0.3463589277566166
CS2_38,HF4,16,degradation_spearman,10,1000,-0.0807341798679139,-0.2901848821502239,0.1258681192496969,549,1000,0.1548423951032301,-0.06510520243842866,0.3640303961069293,549,49,76,non_circular_segmented,0.41605300139992085,0.42913559854535793
CS2_38,HF4,16,partial_pearson_controlling_SOH,10,1000,0.0381653145035894,-0.121700294040689,0.1389262575610026,549,1000,-0.10145142452478195,-0.21984153705763101,0.013478790191178633,549,49,76,non_circular_segmented,0.26062655160169157,0.23332032724880963
CS2_38,HF4,16,degradation_pearson,20,1000,-0.1815868799026737,-0.2890067036322807,0.0418801590056017,549,1000,0.22177234428975073,0.025439419110511872,0.38412662840737105,549,49,76,non_circular_segmented,0.3308868626378824,0.35868720929685916
CS2_38,HF4,16,degradation_spearman,20,1000,-0.0788744194892717,-0.304169840657475,0.1803981096993553,549,1000,0.3083197798833074,0.04484666626443844,0.520866153402221,549,49,76,non_circular_segmented,0.4845679503568303,0.4760194871377825
CS2_38,HF4,16,partial_pearson_controlling_SOH,20,1000,0.0351484835307718,-0.1429908689001817,0.1499842851776201,549,1000,-0.13817938012252468,-0.2811604495936243,-0.0005105505476524757,549,49,76,non_circular_segmented,0.29297515407780184,0.2806498990459718
CS2_38,HF4,16,degradation_pearson,30,1000,-0.1800107814139322,-0.2684071066849511,0.0351082871338639,549,1000,0.24528821391372743,0.08332076769445032,0.4124456607302503,549,49,76,non_circular_segmented,0.303515393818815,0.32912489303579995
CS2_38,HF4,16,degradation_spearman,30,1000,-0.0650878524391794,-0.2844821975339542,0.1932291129676165,549,1000,0.3811402580480261,0.13777422710954987,0.5807282181689755,549,49,76,non_circular_segmented,0.4777113105015707,0.44295399105942557
CS2_38,HF4,16,partial_pearson_controlling_SOH,30,1000,0.0413557693915927,-0.1600148490783904,0.1535974117803944,549,1000,-0.11360696565163694,-0.27295322802385963,0.04707747801925467,549,49,76,non_circular_segmented,0.3136122608587848,0.3200307060431143
CS2_38,HF5,16,degradation_pearson,10,1000,-0.1402929869102609,-0.26860742649773,0.0832280183841869,549,1000,0.15825510419217043,-0.010805622033129039,0.3242242635269154,549,49,76,non_circular_segmented,0.3518354448819169,0.3350298855600444
CS2_38,HF5,16,degradation_spearman,10,1000,0.0306105723367206,-0.1761312525349548,0.2320319512907465,549,1000,0.30065331001453927,0.11799345525297854,0.4885711839883495,549,49,76,non_circular_segmented,0.40816320382570126,0.3705777287353709
CS2_38,HF5,16,partial_pearson_controlling_SOH,10,1000,-0.0878364872994009,-0.248623814188411,0.0316385955888622,549,1000,-0.19101075525238181,-0.3048213117531501,-0.07732927893267413,549,49,76,non_circular_segmented,0.28026240977727324,0.22749203282047595
CS2_38,HF5,16,degradation_pearson,20,1000,-0.1327477797195766,-0.2703997089281521,0.1275644802192861,549,1000,0.2709278452062486,0.08244599447525597,0.4522182090399545,549,49,76,non_circular_segmented,0.39796418914743825,0.36977221456469855
CS2_38,HF5,16,degradation_spearman,20,1000,0.0319163403678216,-0.2187646532481978,0.3153518696424834,549,1000,0.4208542998902133,0.24013770754880634,0.6063159726495391,549,49,76,non_circular_segmented,0.5341165228906812,0.3661782651007327
CS2_38,HF5,16,partial_pearson_controlling_SOH,20,1000,-0.0852118034219154,-0.2536509350599893,0.041990749068504,549,1000,-0.19968543446596723,-0.31546693290106875,-0.07710744482631705,549,49,76,non_circular_segmented,0.29564168412849334,0.2383594880747517
CS2_38,HF5,16,degradation_pearson,30,1000,-0.1353626267455278,-0.2514883729902822,0.1217664182438286,549,1000,0.2816939311734832,0.12622424000711363,0.45729916574990626,549,49,76,non_circular_segmented,0.3732547912341108,0.3310749257427926
CS2_38,HF5,16,degradation_spearman,30,1000,0.0422288664279881,-0.2158550811232842,0.3307796659411965,549,1000,0.44030252360441174,0.24363999107558512,0.6071872167466237,549,49,76,non_circular_segmented,0.5466347470644807,0.3635472256710386
CS2_38,HF5,16,partial_pearson_controlling_SOH,30,1000,-0.0828172494813058,-0.2586974370226677,0.0472665945733705,549,1000,-0.18462519424768564,-0.3400613315800851,-0.014796677845123814,549,49,76,non_circular_segmented,0.3059640315960382,0.3252646537349613
CS2_38,HF6,16,degradation_pearson,10,1000,-0.062983884606118,-0.1704753722511972,0.1113277809486578,549,1000,0.15986642618284275,0.006214560699312447,0.3143623176891106,549,49,76,non_circular_segmented,0.281803153199855,0.3081477569897982
CS2_38,HF6,16,degradation_spearman,10,1000,0.1101600916612443,-0.0869530348620642,0.3044194433899999,549,1000,0.3240303002157118,0.13199071596352632,0.48657396163810895,549,49,76,non_circular_segmented,0.39137247825206406,0.35458324567458266
CS2_38,HF6,16,partial_pearson_controlling_SOH,10,1000,-0.1351733232025056,-0.2519717220708058,-0.058763814295858,549,1000,-0.16132276096120574,-0.2799232674689436,-0.055285067486221,549,49,76,non_circular_segmented,0.1932079077749478,0.22463819998272258
CS2_38,HF6,16,degradation_pearson,20,1000,-0.0663657143806877,-0.1713125411040262,0.1424544273073569,549,1000,0.27713770899841617,0.08957301824123748,0.4584151401402713,549,49,76,non_circular_segmented,0.3137669684113831,0.3688421218990338
CS2_38,HF6,16,degradation_spearman,20,1000,0.1105683191091584,-0.0981516564475371,0.347341119217438,549,1000,0.44582209592873967,0.24072038219947722,0.6093960274430952,549,49,76,non_circular_segmented,0.4454927756649751,0.36867564524361796
CS2_38,HF6,16,partial_pearson_controlling_SOH,20,1000,-0.1316547158131717,-0.2480467501587162,-0.0560691168481784,549,1000,-0.19069418271441219,-0.33464220757078855,-0.06453944898764674,549,49,76,non_circular_segmented,0.1919776333105378,0.2701027585831418
CS2_38,HF6,16,degradation_pearson,30,1000,-0.0598286931058121,-0.1695144304457536,0.1340616366080641,549,1000,0.307119969616807,0.14341995060100304,0.48794035364692273,549,49,76,non_circular_segmented,0.3035760670538177,0.3445204030459197
CS2_38,HF6,16,degradation_spearman,30,1000,0.1273368621323267,-0.1090781025781861,0.3581901377231314,549,1000,0.4925029096865604,0.3392450778576992,0.6354873841382871,549,49,76,non_circular_segmented,0.46726824030131753,0.2962423062805879
CS2_38,HF6,16,partial_pearson_controlling_SOH,30,1000,-0.1356932298891844,-0.2473846280261164,-0.0543366724514046,549,1000,-0.19379011627189868,-0.3521114134669514,-0.045226049561105326,549,49,76,non_circular_segmented,0.19304795557471183,0.3068853639058461
CS2_38,HF7,16,degradation_pearson,10,1000,-0.1506631581275163,-0.2458281354351781,-0.0787271299237108,1004,1000,-0.1595223398470373,-0.2859312569114397,-0.07398821518204424,1004,11,175,non_circular_segmented,0.16710100551146728,0.2119430417293955
CS2_38,HF7,16,degradation_spearman,10,1000,-0.3086436504997175,-0.4431325306667682,-0.1472761798218442,1004,1000,-0.2897449066623086,-0.4322704389445385,-0.11110182537568762,1004,11,175,non_circular_segmented,0.295856350844924,0.32116861356885085
CS2_38,HF7,16,partial_pearson_controlling_SOH,10,1000,0.5840863292096663,0.2784869037776269,0.8284346399388599,1004,1000,0.4296501019424307,0.27039491533336935,0.6957354100989819,1004,11,175,non_circular_segmented,0.549947736161233,0.42534049476561253
CS2_38,HF7,16,degradation_pearson,20,1000,-0.1491060291106686,-0.2714341324399142,-0.0713514457893287,1004,1000,-0.14502743397509865,-0.2704239941767805,-0.05136753124116787,1004,11,175,non_circular_segmented,0.2000826866505855,0.2190564629356126
CS2_38,HF7,16,degradation_spearman,20,1000,-0.3087840191823706,-0.4803998018200898,-0.0855215002879226,1004,1000,-0.25518805720400994,-0.4377476845151054,-0.027279728086828735,1004,11,175,non_circular_segmented,0.3948783015321672,0.41046795642827666
CS2_38,HF7,16,partial_pearson_controlling_SOH,20,1000,0.5905442197912563,0.2619111636051731,0.8258626804926786,1004,1000,0.4282516211322749,0.2967448030440542,0.6228227571034467,1004,11,175,non_circular_segmented,0.5639515168875056,0.3260779540593925
CS2_38,HF7,16,degradation_pearson,30,1000,-0.1501974908301643,-0.2843432199068885,-0.0587816604057723,1004,1000,-0.157601488016481,-0.3024048450474137,-0.039957020665609855,1004,11,175,non_circular_segmented,0.2255615595011162,0.26244782438180386
CS2_38,HF7,16,degradation_spearman,30,1000,-0.3029243311939681,-0.4868215361507478,-0.0305651843414951,1004,1000,-0.2347278356300726,-0.42464536777163087,0.010731378130446114,1004,11,175,non_circular_segmented,0.4562563518092527,0.435376745902077
CS2_38,HF7,16,partial_pearson_controlling_SOH,30,1000,0.5856872534794335,0.3091157392728989,0.7813574494087262,1004,1000,0.4668064323018566,0.3366213346172705,0.6373256206162818,1004,11,175,non_circular_segmented,0.4722417101358273,0.30070428599901133
CS2_38,HF8,16,degradation_pearson,10,1000,0.1167891760458532,0.0389929395082521,0.2287242047371951,978,1000,0.0971822345006691,0.025196485097436657,0.19096459318984266,978,39,89,non_circular_segmented,0.189731265228943,0.165768108092406
CS2_38,HF8,16,degradation_spearman,10,1000,0.3081722436458866,0.1401521344017531,0.4489586545576438,978,1000,0.2755867793774683,0.10567606727410539,0.4287433538294574,978,39,89,non_circular_segmented,0.3088065201558907,0.323067286555352
CS2_38,HF8,16,partial_pearson_controlling_SOH,10,1000,-0.1477073386794811,-0.2407050283542379,0.0070388456726549,978,1000,-0.15297078205433237,-0.25245202942530254,-0.011684697913891755,978,39,89,non_circular_segmented,0.2477438740268928,0.24076733151141078
CS2_38,HF8,16,degradation_pearson,20,1000,0.1176948757858726,0.0272295442573732,0.2476580350281394,978,1000,0.16709598450061985,0.027708109450940616,0.3639318690600682,978,39,89,non_circular_segmented,0.2204284907707662,0.3362237596091276
CS2_38,HF8,16,degradation_spearman,20,1000,0.3042831649477134,0.1025672819751154,0.4782351144065644,978,1000,0.2654064064639328,0.032585825091153604,0.4593132394358804,978,39,89,non_circular_segmented,0.375667832431449,0.42672741434472683
CS2_38,HF8,16,partial_pearson_controlling_SOH,20,1000,-0.1414822076839603,-0.2342358365030401,0.0409426378384196,978,1000,-0.09313897289467024,-0.21545626999797382,0.0983697079539744,978,39,89,non_circular_segmented,0.2751784743414597,0.3138259779519482
CS2_38,HF8,16,degradation_pearson,30,1000,0.1091393619483938,0.0171308383404593,0.2891468428921702,978,1000,0.277721314328648,0.07589754967849235,0.4388154996905128,978,39,89,non_circular_segmented,0.2720160045517109,0.36291795001202043
CS2_38,HF8,16,degradation_spearman,30,1000,0.287430498913623,0.0601936491734187,0.4838434843018045,978,1000,0.2737240868215285,-0.010273442652532171,0.4786007587242902,978,39,89,non_circular_segmented,0.42364983512838583,0.48887420137682236
CS2_38,HF8,16,partial_pearson_controlling_SOH,30,1000,-0.1437176166100048,-0.2420326527628436,0.0322776847281118,978,1000,-0.07259835691859111,-0.19199762828515238,0.11299661731227496,978,39,89,non_circular_segmented,0.2743103374909554,0.3049942455974273
CS2_38,HF1,24,degradation_pearson,10,1000,-0.2287647168282937,-0.3693605061911819,-0.1374443364394252,996,1000,-0.23875843905927513,-0.41184345133067174,-0.13958277111663456,996,11,175,non_circular_segmented,0.2319161697517567,0.27226068021403715
CS2_38,HF1,24,degradation_spearman,10,1000,-0.3636945074663375,-0.5068125738580633,-0.1869014886152585,996,1000,-0.34033627363716484,-0.4909677248609354,-0.17212302865454202,996,11,175,non_circular_segmented,0.31991108524280487,0.31884469620639333
CS2_38,HF1,24,partial_pearson_controlling_SOH,10,1000,0.6084662633877558,0.3228310260178674,0.8241199803031626,996,1000,0.42066083693556844,0.291631004097885,0.6802939822871017,996,11,175,non_circular_segmented,0.5012889542852952,0.3886629781892167
CS2_38,HF1,24,degradation_pearson,20,1000,-0.2324193293595366,-0.3716594019061106,-0.119473552238761,996,1000,-0.20459460307430488,-0.3736227230650191,-0.0927982697866799,996,11,175,non_circular_segmented,0.2521858496673496,0.28082445327833916
CS2_38,HF1,24,degradation_spearman,20,1000,-0.3681542559769297,-0.5557572673483326,-0.1463466823589364,996,1000,-0.3073318159107492,-0.4934154017122591,-0.08130331736010746,996,11,175,non_circular_segmented,0.40941058498939625,0.41211208435215163
CS2_38,HF1,24,partial_pearson_controlling_SOH,20,1000,0.6124519710882017,0.3212007736409786,0.8255794360498275,996,1000,0.4008087899669345,0.2950143537397291,0.6346222753950643,996,11,175,non_circular_segmented,0.5043786624088489,0.3396079216553352
CS2_38,HF1,24,degradation_pearson,30,1000,-0.2317054140955676,-0.3989405576295846,-0.1046621447045253,996,1000,-0.18819248458085663,-0.37840123256539726,-0.05246152128438728,996,11,175,non_circular_segmented,0.2942784129250593,0.32593971128100996
CS2_38,HF1,24,degradation_spearman,30,1000,-0.3530075043565054,-0.5426516606451552,-0.0830239163349284,996,1000,-0.2845189488941579,-0.5042791250288462,-0.025691513588391626,996,11,175,non_circular_segmented,0.45962774431022685,0.4785876114404546
CS2_38,HF1,24,partial_pearson_controlling_SOH,30,1000,0.6004133606861504,0.3353346814247578,0.8057587065368903,996,1000,0.4130090552161319,0.31016190928262294,0.600483378252668,996,11,175,non_circular_segmented,0.4704240251121325,0.290321468970045
CS2_38,HF2,24,degradation_pearson,10,1000,0.1651017785912578,0.0400932215637968,0.3103231245049256,970,1000,0.13561976661896197,0.006575378092163544,0.31248588753888146,970,39,89,non_circular_segmented,0.2702299029411288,0.30591050944671794
CS2_38,HF2,24,degradation_spearman,10,1000,0.3240207113158347,0.1726154398285652,0.4581193568442019,970,1000,0.27636248380197703,0.12198404248286258,0.42643702874549966,970,39,89,non_circular_segmented,0.2855039170156367,0.30445298626263706
CS2_38,HF2,24,partial_pearson_controlling_SOH,10,1000,-0.1239135408929432,-0.2193708694632794,0.0191679429954175,970,1000,-0.09979363519937082,-0.20174656180454925,0.06379093037272152,970,39,89,non_circular_segmented,0.2385388124586969,0.26553749217727074
CS2_38,HF2,24,degradation_pearson,20,1000,0.1590428115917886,0.0351121144203847,0.3279793102602819,970,1000,0.1817867401827713,-0.00809160433390919,0.4106566626650129,970,39,89,non_circular_segmented,0.2928671958398972,0.4187482669989221
CS2_38,HF2,24,degradation_spearman,20,1000,0.3164597327572905,0.1228536932768321,0.4883858672791745,970,1000,0.2834765769954133,0.03449538088207047,0.4710233339998869,970,39,89,non_circular_segmented,0.3655321740023424,0.4365279531178164
CS2_38,HF2,24,partial_pearson_controlling_SOH,20,1000,-0.1218558834594892,-0.2198706780981327,0.0111644461269957,970,1000,-0.0542742394299,-0.13008630447522337,0.09664484689052918,970,39,89,non_circular_segmented,0.2310351242251284,0.22673115136575256
CS2_38,HF2,24,degradation_pearson,30,1000,0.1624213825843884,0.0156393348912615,0.3616451557690705,970,1000,0.32568101365361124,0.05794953986325903,0.47811952045585393,970,39,89,non_circular_segmented,0.346005820877809,0.4201699805925949
CS2_38,HF2,24,degradation_spearman,30,1000,0.3188863259646975,0.0806126221080704,0.4994713865454261,970,1000,0.3453585145373815,0.03754400956184847,0.5323356146256016,970,39,89,non_circular_segmented,0.4188587644373557,0.4947916050637532
CS2_38,HF2,24,partial_pearson_controlling_SOH,30,1000,-0.1206004514469375,-0.222636725899836,0.0370261087056824,970,1000,-0.0821361131941879,-0.16835994646577487,0.08738640276531731,970,39,89,non_circular_segmented,0.2596628346055184,0.2557463492310922
CS2_38,HF3,24,degradation_pearson,10,1000,0.1636703740898807,-0.1898219500448754,0.6070728509960519,966,1000,-0.2667173156870012,-0.43098366444118275,-0.13158265660760401,966,41,89,non_circular_segmented,0.7968948010409274,0.2994010078335787
CS2_38,HF3,24,degradation_spearman,10,1000,-0.3178349685435494,-0.4544668429600385,-0.1447747247447378,966,1000,-0.2764265138740919,-0.43642871580263726,-0.08959791327333436,966,41,89,non_circular_segmented,0.3096921182153007,0.3468308025293029
CS2_38,HF3,24,partial_pearson_controlling_SOH,10,1000,-0.1941445466333139,-0.7462354076395692,-0.0032800826880525,966,1000,-0.015940688173617854,-0.12735503363818357,0.09935990606821415,966,41,89,non_circular_segmented,0.7429553249515167,0.22671493970639772
CS2_38,HF3,24,degradation_pearson,20,1000,0.1650198305157393,-0.1865453856134156,0.5850766297405694,966,1000,-0.30588218613343615,-0.4472358581494497,-0.13418008743132756,966,41,89,non_circular_segmented,0.771622015353985,0.3130557707181222
CS2_38,HF3,24,degradation_spearman,20,1000,-0.3138035795764338,-0.4929376529633864,-0.0933448633453667,966,1000,-0.24979826478393075,-0.4571131126042429,0.010959073978699007,966,41,89,non_circular_segmented,0.3995927896180197,0.4680721865829419
CS2_38,HF3,24,partial_pearson_controlling_SOH,20,1000,-0.1939758041900396,-0.7338760351362149,-0.0278443058088037,966,1000,-0.034967247975995805,-0.13985653674283421,0.09014512473302953,966,41,89,non_circular_segmented,0.7060317293274112,0.23000166147586376
CS2_38,HF3,24,degradation_pearson,30,1000,0.1741069262975587,-0.2071970709038209,0.5796618998427413,966,1000,-0.363806899970727,-0.49270549365064714,-0.1587191792426621,966,41,89,non_circular_segmented,0.7868589707465622,0.33398631440798504
CS2_38,HF3,24,degradation_spearman,30,1000,-0.3098800295251674,-0.5182069839911329,-0.0659190231514863,966,1000,-0.28485543903823507,-0.5234521815779619,0.03227206004894431,966,41,89,non_circular_segmented,0.45228796083964656,0.5557242416269063
CS2_38,HF3,24,partial_pearson_controlling_SOH,30,1000,-0.1970949045809196,-0.7221857736642298,-0.0343078739213449,966,1000,-0.021645197118716868,-0.15202887899628112,0.10590641527268585,966,41,89,non_circular_segmented,0.6878778997428848,0.257935294268967
CS2_38,HF4,24,degradation_pearson,10,1000,-0.1945649035336963,-0.3599083134272299,0.0237807277384953,549,1000,0.12580629236638052,-0.06466156707528362,0.2990341028957135,549,49,76,non_circular_segmented,0.3836890411657252,0.3636956699709971
CS2_38,HF4,24,degradation_spearman,10,1000,-0.1421565733084864,-0.3398162848762832,0.0966295701727307,549,1000,0.09783039639498148,-0.12336315826345963,0.3386337402849383,549,49,76,non_circular_segmented,0.4364458550490139,0.4619968985483979
CS2_38,HF4,24,partial_pearson_controlling_SOH,10,1000,0.0714585676867353,-0.1334555346487996,0.1871118230727772,549,1000,-0.08759145732776574,-0.19814032743517587,0.01143327560772961,549,49,76,non_circular_segmented,0.32056735772157685,0.20957360304290548
CS2_38,HF4,24,degradation_pearson,20,1000,-0.1900565327754486,-0.3256095755348558,0.1094525339640592,549,1000,0.16726662976716655,-0.04352463168667703,0.3671914502171629,549,49,76,non_circular_segmented,0.435062109498915,0.4107160819038399
CS2_38,HF4,24,degradation_spearman,20,1000,-0.1241148193520132,-0.3787751983582836,0.1698743599011537,549,1000,0.181685541560449,-0.08578186562207155,0.47858909442098485,549,49,76,non_circular_segmented,0.5486495582594373,0.5643709600430564
CS2_38,HF4,24,partial_pearson_controlling_SOH,20,1000,0.0659301531781926,-0.1626533238580448,0.1891366597044114,549,1000,-0.07815777170199836,-0.1914925400594219,0.019045033967632168,549,49,76,non_circular_segmented,0.35178998356245617,0.21053757402705406
CS2_38,HF4,24,degradation_pearson,30,1000,-0.1819383495039642,-0.2986599226154224,0.0908875990328657,549,1000,0.18472387861613226,0.036868014170328256,0.36995286741661665,549,49,76,non_circular_segmented,0.3895475216482881,0.3330848532462884
CS2_38,HF4,24,degradation_spearman,30,1000,-0.1103084453337673,-0.375923733337937,0.1925566897811568,549,1000,0.2699291737598043,0.02386724441933622,0.5016753762528425,549,49,76,non_circular_segmented,0.5684804231190939,0.4778081318335063
CS2_38,HF4,24,partial_pearson_controlling_SOH,30,1000,0.065361086125967,-0.1816106613881641,0.1974318909654702,549,1000,-0.031640670281278024,-0.15003114807227486,0.07097438235153505,549,49,76,non_circular_segmented,0.37904255235363427,0.2210055304238099
CS2_38,HF5,24,degradation_pearson,10,1000,-0.1416706997553855,-0.2975939521510037,0.1277060823277941,549,1000,0.19208972695307208,0.006557861008657827,0.359559389633139,549,49,76,non_circular_segmented,0.42530003447879783,0.35300152862448114
CS2_38,HF5,24,degradation_spearman,10,1000,0.0035634486051928,-0.2271636919907786,0.2475947453023665,549,1000,0.2880078035007362,0.0742298809887522,0.4800440747100446,549,49,76,non_circular_segmented,0.4747584372931451,0.4058141937212924
CS2_38,HF5,24,partial_pearson_controlling_SOH,10,1000,-0.0939704255220684,-0.2906171127429573,0.0217613625051719,549,1000,-0.20328525206637005,-0.3312731785548694,-0.07754677167219307,549,49,76,non_circular_segmented,0.31237847524812923,0.25372640688267634
CS2_38,HF5,24,degradation_pearson,20,1000,-0.1358126375105659,-0.2913927387247264,0.1697520363591934,549,1000,0.2135580726053185,0.01258542682865373,0.4214457859637409,549,49,76,non_circular_segmented,0.46114477508391977,0.40886035913508717
CS2_38,HF5,24,degradation_spearman,20,1000,0.0127244772790692,-0.2637722110024847,0.3032367626372904,549,1000,0.33574242397971,0.1017041931382179,0.5562833622461402,549,49,76,non_circular_segmented,0.5670089736397751,0.4545791691079223
CS2_38,HF5,24,partial_pearson_controlling_SOH,20,1000,-0.0963316645945325,-0.308867328886974,0.0344528213800771,549,1000,-0.17754730038709482,-0.29031206139704313,-0.051374914044659444,549,49,76,non_circular_segmented,0.3433201502670511,0.2389371473523837
CS2_38,HF5,24,degradation_pearson,30,1000,-0.1309371848404442,-0.2702162760572312,0.1713801072687616,549,1000,0.2126504501117998,0.08295652336121821,0.3810935841246244,549,49,76,non_circular_segmented,0.4415963833259928,0.2981370607634062
CS2_38,HF5,24,degradation_spearman,30,1000,0.0221577079813834,-0.2528893781685075,0.3342139572158531,549,1000,0.3496460787032224,0.1812395983826617,0.522711973696738,549,49,76,non_circular_segmented,0.5871033353843607,0.34147237531407637
CS2_38,HF5,24,partial_pearson_controlling_SOH,30,1000,-0.1012529908041557,-0.2857979621153912,0.0393811905459948,549,1000,-0.13108545501905483,-0.2639602342706747,0.003734833295983864,549,49,76,non_circular_segmented,0.32517915266138603,0.26769506756665856
CS2_38,HF6,24,degradation_pearson,10,1000,-0.0719251748395552,-0.196507483412651,0.1477477559306923,549,1000,0.15451623137475248,-0.02408731515739978,0.3253098737447932,549,49,76,non_circular_segmented,0.34425523934334334,0.34939718890219296
CS2_38,HF6,24,degradation_spearman,10,1000,0.0754629264586577,-0.1329294247690885,0.296818951379613,549,1000,0.2625704277403847,0.03682413412488358,0.4513617058306178,549,49,76,non_circular_segmented,0.42974837614870154,0.41453757170573424
CS2_38,HF6,24,partial_pearson_controlling_SOH,10,1000,-0.1400520243117165,-0.3140875332004276,-0.0445387208023204,549,1000,-0.09528661819872611,-0.2275577979837703,0.00850840660996981,549,49,76,non_circular_segmented,0.2695488123981072,0.23606620459374011
CS2_38,HF6,24,degradation_pearson,20,1000,-0.0674653754112597,-0.2077901860669683,0.1727177635053718,549,1000,0.17147747681789716,-0.012251781216961426,0.37308214957056174,549,49,76,non_circular_segmented,0.38050794957234013,0.38533393078752315
CS2_38,HF6,24,degradation_spearman,20,1000,0.0821500589883277,-0.1674026733326226,0.3320267479940926,549,1000,0.3085589068575654,0.07259944285037931,0.5391458624474723,549,49,76,non_circular_segmented,0.4994294213267152,0.466546419597093
CS2_38,HF6,24,partial_pearson_controlling_SOH,20,1000,-0.1344243015487674,-0.2834212176152649,-0.0339186402107288,549,1000,-0.072278757586899,-0.18289834599757498,0.037294578131285894,549,49,76,non_circular_segmented,0.2495025774045361,0.22019292412886088
CS2_38,HF6,24,degradation_pearson,30,1000,-0.0661152651563892,-0.2021622850165286,0.2076749867020718,549,1000,0.18195973093411993,0.04523873957898331,0.3398457173198208,549,49,76,non_circular_segmented,0.4098372717186004,0.29460697774083744
CS2_38,HF6,24,degradation_spearman,30,1000,0.0874533676513481,-0.1792406086216937,0.3766697083394037,549,1000,0.36957175389534125,0.20340485336537484,0.5359382017031575,549,49,76,non_circular_segmented,0.5559103169610974,0.3325333483377827
CS2_38,HF6,24,partial_pearson_controlling_SOH,30,1000,-0.1338947381780735,-0.2789789700076167,-0.0301140118332339,549,1000,-0.04915497568725917,-0.17435071306058622,0.0566881899946517,549,49,76,non_circular_segmented,0.24886495817438278,0.23103890305523792
CS2_38,HF7,24,degradation_pearson,10,1000,-0.2321979646213234,-0.3713478178662383,-0.1387629125161072,996,1000,-0.24410389595344553,-0.40038291905145557,-0.13641833384223223,996,11,175,non_circular_segmented,0.23258490535013107,0.26396458520922333
CS2_38,HF7,24,degradation_spearman,10,1000,-0.3610779227476319,-0.5147684729797847,-0.1998876570828393,996,1000,-0.3412071819761259,-0.4987139200180558,-0.1747137790021394,996,11,175,non_circular_segmented,0.3148808158969454,0.3240001410159164
CS2_38,HF7,24,partial_pearson_controlling_SOH,10,1000,0.6046710003548679,0.3206760478239206,0.8247429176238232,996,1000,0.40866420716401614,0.289027945756787,0.6768491721536225,996,11,175,non_circular_segmented,0.5040668697999027,0.38782122639683553
CS2_38,HF7,24,degradation_pearson,20,1000,-0.2271189736981844,-0.3757070599546044,-0.1250907034678786,996,1000,-0.20692137105489378,-0.38898417007282143,-0.0728431819273454,996,11,175,non_circular_segmented,0.2506163564867258,0.31614098814547603
CS2_38,HF7,24,degradation_spearman,20,1000,-0.3504943396029948,-0.524519736229048,-0.1319286485841463,996,1000,-0.2965256713389822,-0.4889740886061188,-0.05964508215484878,996,11,175,non_circular_segmented,0.3925910876449017,0.42932900645127003
CS2_38,HF7,24,partial_pearson_controlling_SOH,20,1000,0.6037333348142886,0.3213862399607057,0.8137526881181434,996,1000,0.38970752147875953,0.2870414694494231,0.6150295194118293,996,11,175,non_circular_segmented,0.4923664481574377,0.32798804996240616
CS2_38,HF7,24,degradation_pearson,30,1000,-0.2274634199565592,-0.3992575027271156,-0.1074961968058353,996,1000,-0.19255315946290236,-0.38504503228638,-0.053116019751021,996,11,175,non_circular_segmented,0.29176130592128025,0.331929012535359
CS2_38,HF7,24,degradation_spearman,30,1000,-0.3546162230239929,-0.5467194518075674,-0.0996458885814646,996,1000,-0.2843271414630705,-0.48043737154894905,-0.030003113306584558,996,11,175,non_circular_segmented,0.4470735632261028,0.4504342582423645
CS2_38,HF7,24,partial_pearson_controlling_SOH,30,1000,0.6042842021223651,0.3250128627356995,0.8211481133385641,996,1000,0.4075619746451583,0.30321018257647525,0.5997463466090186,996,11,175,non_circular_segmented,0.49613525060286456,0.29653616403254335
CS2_38,HF8,24,degradation_pearson,10,1000,0.1782684215889907,0.0656503426087718,0.3356408339115996,970,1000,0.1629211205799929,0.04074405949931763,0.3259079308259462,970,39,89,non_circular_segmented,0.2699904913028278,0.28516387132662857
CS2_38,HF8,24,degradation_spearman,10,1000,0.3465977886476782,0.1813845106181713,0.4809307172152328,970,1000,0.29354388796240405,0.09780557812344384,0.4455915344920128,970,39,89,non_circular_segmented,0.2995462065970615,0.3477859563685689
CS2_38,HF8,24,partial_pearson_controlling_SOH,10,1000,-0.1576839231363306,-0.2591630595359324,0.0352079019175737,970,1000,-0.13279431144553056,-0.242244786220013,0.03836392303497558,970,39,89,non_circular_segmented,0.29437096145350605,0.2806087092549886
CS2_38,HF8,24,degradation_pearson,20,1000,0.1761899010896539,0.0402233593172344,0.3523691841053761,970,1000,0.20579308584208442,0.027538887256414606,0.4403456291076892,970,39,89,non_circular_segmented,0.3121458247881417,0.4128067418512746
CS2_38,HF8,24,degradation_spearman,20,1000,0.3434236939705168,0.1298767230415817,0.512392815049561,970,1000,0.29084005082857073,0.03162533298292087,0.48890566476703773,970,39,89,non_circular_segmented,0.3825160920079793,0.45728033178411687
CS2_38,HF8,24,partial_pearson_controlling_SOH,20,1000,-0.157760487696643,-0.2577664478495942,0.0188855794785638,970,1000,-0.08154307512962575,-0.1935999678643683,0.11136537467094716,970,39,89,non_circular_segmented,0.27665202732815797,0.3049653425353155
CS2_38,HF8,24,degradation_pearson,30,1000,0.1763012306634859,0.0410991162028516,0.3761424723102091,970,1000,0.33432566159708854,0.07412687280846461,0.4881448266360944,970,39,89,non_circular_segmented,0.33504335610735747,0.41401795382762974
CS2_38,HF8,24,degradation_spearman,30,1000,0.331085147908196,0.0965002358235268,0.5271384929825623,970,1000,0.34372512593904475,0.03785110070155027,0.5490135282473225,970,39,89,non_circular_segmented,0.43063825715903553,0.5111624275457722
CS2_38,HF8,24,partial_pearson_controlling_SOH,30,1000,-0.1534829969033909,-0.2593170561203572,0.0516909793817345,970,1000,-0.09789504992193343,-0.1963218682141895,0.07488916607132498,970,39,89,non_circular_segmented,0.3110080355020917,0.2712110342855145
CS2_38,HF1,32,degradation_pearson,10,1000,-0.2826195187869885,-0.4487412782286462,-0.1686077673266476,988,1000,-0.3057468607504147,-0.46763512516518035,-0.16679175310195166,988,11,175,non_circular_segmented,0.28013351090199856,0.3008433720632287
CS2_38,HF1,32,degradation_spearman,10,1000,-0.3842962963193882,-0.5133655239677781,-0.2252466843260116,988,1000,-0.37592407570468933,-0.5100930099841253,-0.2089753267998731,988,11,175,non_circular_segmented,0.28811883964176654,0.30111768318425225
CS2_38,HF1,32,partial_pearson_controlling_SOH,10,1000,0.5831003932167287,0.2562751265946878,0.8151905053194243,988,1000,0.4134938583094945,0.2768813595566347,0.6770923209421431,988,11,175,non_circular_segmented,0.5589153787247365,0.40021096138550843
CS2_38,HF1,32,degradation_pearson,20,1000,-0.2879679806808808,-0.4402894242876637,-0.1509169185910687,988,1000,-0.2654985088616062,-0.4705829591701498,-0.11331239934143722,988,11,175,non_circular_segmented,0.289372505696595,0.3572705598287126
CS2_38,HF1,32,degradation_spearman,20,1000,-0.3842693027869616,-0.5459614285928632,-0.1609883578176591,988,1000,-0.34910321384292287,-0.5301997029472308,-0.1144253334950159,988,11,175,non_circular_segmented,0.38497307077520415,0.41577436945221496
CS2_38,HF1,32,partial_pearson_controlling_SOH,20,1000,0.5711543940720785,0.2527882783952003,0.8037937462155852,988,1000,0.4008398735011527,0.28529716046532233,0.6297152149747592,988,11,175,non_circular_segmented,0.5510054678203848,0.3444180545094369
CS2_38,HF1,32,degradation_pearson,30,1000,-0.2791856821106171,-0.4624815296290689,-0.1299708643928051,988,1000,-0.23615479724221683,-0.4397238687850381,-0.07993856401056,988,11,175,non_circular_segmented,0.3325106652362638,0.3597853047744781
CS2_38,HF1,32,degradation_spearman,30,1000,-0.3731807382335671,-0.570526024245237,-0.1206773186999961,988,1000,-0.33962904095275787,-0.5401006946029224,-0.08067807092513868,988,11,175,non_circular_segmented,0.4498487055452409,0.45942262367778375
CS2_38,HF1,32,partial_pearson_controlling_SOH,30,1000,0.5710112397174707,0.253460342838825,0.8183293518594957,988,1000,0.3842262739610742,0.2775350677130772,0.6042031261275482,988,11,175,non_circular_segmented,0.5648690090206707,0.32666805841447105
CS2_38,HF2,32,degradation_pearson,10,1000,0.2058669492451024,0.0757248552520646,0.3666693321162067,962,1000,0.21070996018026558,0.06822204319380704,0.40582348239479965,962,39,85,non_circular_segmented,0.29094447686414215,0.3376014392009926
CS2_38,HF2,32,degradation_spearman,10,1000,0.3516591399992522,0.2055180121189556,0.4807108662209621,962,1000,0.318420068545608,0.1641264706746139,0.4515615016035664,962,39,85,non_circular_segmented,0.2751928541020065,0.2874350309289525
CS2_38,HF2,32,partial_pearson_controlling_SOH,10,1000,-0.1306753260801407,-0.2182175523376164,0.0029750842387682,962,1000,-0.13232088950997023,-0.22736302139300363,0.026847317811812967,962,39,85,non_circular_segmented,0.22119263657638458,0.2542103392048166
CS2_38,HF2,32,degradation_pearson,20,1000,0.204777842769203,0.0692837441208352,0.3984056071160621,962,1000,0.2329319757469624,0.05139734399356091,0.4482682308490258,962,39,85,non_circular_segmented,0.3291218629952269,0.3968708868554649
CS2_38,HF2,32,degradation_spearman,20,1000,0.3498524510359786,0.1510968201998947,0.5094818565520656,962,1000,0.2724983715148278,0.020892860295728424,0.44977759236968534,962,39,85,non_circular_segmented,0.3583850363521709,0.42888473207395694
CS2_38,HF2,32,partial_pearson_controlling_SOH,20,1000,-0.1271476518177354,-0.2186482771481857,0.0261477610020789,962,1000,-0.10643310552522633,-0.2049792223766086,0.10814017543171403,962,39,85,non_circular_segmented,0.2447960381502646,0.31311939780832265
CS2_38,HF2,32,degradation_pearson,30,1000,0.2026581363044954,0.0472424783425976,0.4013352678068833,962,1000,0.31923555961205713,0.10480372085572198,0.5233009685484085,962,39,85,non_circular_segmented,0.3540927894642857,0.4184972476926865
CS2_38,HF2,32,degradation_spearman,30,1000,0.3433954788451733,0.1171241612029261,0.5115247422025551,962,1000,0.30703251138379845,0.006929176318117344,0.5283594511132278,962,39,85,non_circular_segmented,0.39440058099962894,0.5214302747951105
CS2_38,HF2,32,partial_pearson_controlling_SOH,30,1000,-0.1268414737172337,-0.2155560118859146,0.0080881588832465,962,1000,-0.125983656918852,-0.22416172704572684,0.04109976560153111,962,39,85,non_circular_segmented,0.2236441707691611,0.26526149264725796
CS2_38,HF3,32,degradation_pearson,10,1000,0.0830544796844712,-0.2370119254298109,0.5762752003506731,958,1000,-0.3265041767260606,-0.5147181869067509,-0.16769480108639875,958,41,85,non_circular_segmented,0.813287125780484,0.3470233858203521
CS2_38,HF3,32,degradation_spearman,10,1000,-0.3322813479979601,-0.4772901913201549,-0.1601067305043866,958,1000,-0.2914258376965912,-0.45381788368974335,-0.11786597257735795,958,41,85,non_circular_segmented,0.3171834608157683,0.3359519111123854
CS2_38,HF3,32,partial_pearson_controlling_SOH,10,1000,-0.1147037058650281,-0.7361407057515964,0.0184678178991678,958,1000,-0.011871225481056381,-0.14387866370596744,0.11615006160494222,958,41,85,non_circular_segmented,0.7546085236507643,0.26002872531090965
CS2_38,HF3,32,degradation_pearson,20,1000,0.0771660765455554,-0.2633967272228145,0.5588416646577598,958,1000,-0.3214766079545748,-0.5214496318325916,-0.137509469120286,958,41,85,non_circular_segmented,0.8222383918805742,0.38394016271230563
CS2_38,HF3,32,degradation_spearman,20,1000,-0.3281911305534802,-0.5079056785202105,-0.1133948228383079,958,1000,-0.21665332499849077,-0.44411423541752093,0.041027295853874504,958,41,85,non_circular_segmented,0.3945108556819026,0.4851415312713954
CS2_38,HF3,32,partial_pearson_controlling_SOH,20,1000,-0.1079538852863864,-0.7324098055939869,0.0197120362755263,958,1000,-0.005909807214379083,-0.13862356426286393,0.12624898720860597,958,41,85,non_circular_segmented,0.7521218418695133,0.26487255147146993
CS2_38,HF3,32,degradation_pearson,30,1000,0.0813556618705047,-0.225530350122902,0.5864091603514023,958,1000,-0.33670590472833356,-0.5429437954081555,-0.12000431453390972,958,41,85,non_circular_segmented,0.8119395104743043,0.4229394808742458
CS2_38,HF3,32,degradation_spearman,30,1000,-0.322684774438484,-0.5323964382896188,-0.0612227517297826,958,1000,-0.2367900535993879,-0.5134989428029149,0.0832520702432735,958,41,85,non_circular_segmented,0.4711736865598362,0.5967510130461884
CS2_38,HF3,32,partial_pearson_controlling_SOH,30,1000,-0.1166669899642404,-0.7566327333361519,0.018390570578196,958,1000,0.012626781948283636,-0.12161702900146641,0.14330546591153834,958,41,85,non_circular_segmented,0.7750233039143479,0.26492249491300474
CS2_38,HF4,32,degradation_pearson,10,1000,-0.2440569355044887,-0.4078200517768464,-0.054542744690827,549,1000,0.1056249834737066,-0.05834846313339012,0.28778022178915796,549,48,76,non_circular_segmented,0.3532773070860194,0.3461286849225481
CS2_38,HF4,32,degradation_spearman,10,1000,-0.1914551012499368,-0.3997554368845369,0.0400174679199155,549,1000,0.08991973306161799,-0.12187920400073643,0.30747851394349474,549,48,76,non_circular_segmented,0.4397729048044524,0.42935771794423117
CS2_38,HF4,32,partial_pearson_controlling_SOH,10,1000,0.0462132095409184,-0.1084278742321424,0.2000763682569518,549,1000,-0.05842718305385172,-0.17876670705755998,0.057738918335076016,549,48,76,non_circular_segmented,0.3085042424890942,0.236505625392636
CS2_38,HF4,32,degradation_pearson,20,1000,-0.2342883194168363,-0.4340852648128238,0.0217846399998779,549,1000,0.1037905511132654,-0.05429357061419573,0.3029007120374465,549,48,76,non_circular_segmented,0.4558699048127017,0.3571942826516422
CS2_38,HF4,32,degradation_spearman,20,1000,-0.1761646573403834,-0.4362151369589923,0.1558638984637766,549,1000,0.09214985588295727,-0.14050399165121527,0.33627437528606285,549,48,76,non_circular_segmented,0.5920790354227689,0.47677836693727815
CS2_38,HF4,32,partial_pearson_controlling_SOH,20,1000,0.0423055742850792,-0.1245768354348235,0.219046718482104,549,1000,-0.06066894614088084,-0.16018025206947878,0.04908516448581376,549,48,76,non_circular_segmented,0.3436235539169275,0.20926541655529254
CS2_38,HF4,32,degradation_pearson,30,1000,-0.2395390197175392,-0.3614210315526122,0.0487570603475716,549,1000,0.1173274547701477,-0.02563842669805313,0.24960747336940267,549,48,76,non_circular_segmented,0.4101780919001838,0.2752459000674558
CS2_38,HF4,32,degradation_spearman,30,1000,-0.1657940968364414,-0.4610324306329411,0.2116098222242756,549,1000,0.14644516266516064,-0.07208225879822608,0.35217994724635004,549,48,76,non_circular_segmented,0.6726422528572167,0.4242622060445761
CS2_38,HF4,32,partial_pearson_controlling_SOH,30,1000,0.0442986785570113,-0.1564939526818332,0.2182304119107214,549,1000,-0.05458886522475749,-0.14363778726565923,0.05884852002716923,549,48,76,non_circular_segmented,0.3747243645925546,0.20248630729282846
CS2_38,HF5,32,degradation_pearson,10,1000,-0.1757679530575275,-0.3537038203488933,0.0540431981928153,549,1000,0.14430750887311478,-0.009090560597442357,0.3215966038723344,549,48,76,non_circular_segmented,0.4077470185417086,0.33068716446977675
CS2_38,HF5,32,degradation_spearman,10,1000,-0.048331670066217,-0.2733926184659551,0.1846925785290646,549,1000,0.2813499403527744,0.09854813395356875,0.4577097781916689,549,48,76,non_circular_segmented,0.4580851969950197,0.35916164423810015
CS2_38,HF5,32,partial_pearson_controlling_SOH,10,1000,-0.1181382945232508,-0.2270441431379554,-0.0292575699309526,549,1000,-0.13602873550017908,-0.2499430295243766,-0.026523882286413877,549,48,76,non_circular_segmented,0.1977865732070028,0.22341914723796275
CS2_38,HF5,32,degradation_pearson,20,1000,-0.1776586458728973,-0.3482833469458864,0.1159826380261046,549,1000,0.13293227160382587,-0.015121960388109692,0.3084024962447632,549,48,76,non_circular_segmented,0.464265984971991,0.3235244566328729
CS2_38,HF5,32,degradation_spearman,20,1000,-0.048297440431639,-0.3367500032997678,0.2826053210097446,549,1000,0.25952981440047906,0.07595953274736458,0.43223511407373755,549,48,76,non_circular_segmented,0.6193553243095125,0.35627558132637294
CS2_38,HF5,32,partial_pearson_controlling_SOH,20,1000,-0.1160680838827969,-0.2272488511692113,-0.019047021111205,549,1000,-0.09419041855828234,-0.1965423073586312,0.011495562537863485,549,48,76,non_circular_segmented,0.2082018300580063,0.2080378698964947
CS2_38,HF5,32,degradation_pearson,30,1000,-0.1830890915563293,-0.3181959885550913,0.0813570452744134,549,1000,0.1281296810134192,0.012224598376683379,0.2544300398288991,549,48,76,non_circular_segmented,0.3995530338295047,0.24220544145221573
CS2_38,HF5,32,degradation_spearman,30,1000,-0.0420861037595646,-0.3699804680830191,0.2945894503424207,549,1000,0.2665016885713839,0.11803650773770791,0.43477523161867343,549,48,76,non_circular_segmented,0.6645699184254398,0.3167387238809655
CS2_38,HF5,32,partial_pearson_controlling_SOH,30,1000,-0.1124941128625874,-0.2103495981684535,-0.0218235374468665,549,1000,-0.05288084189063433,-0.14365461884005515,0.028003579784837706,549,48,76,non_circular_segmented,0.188526060721587,0.17165819862489284
CS2_38,HF6,32,degradation_pearson,10,1000,-0.0855885483079217,-0.2097283049244002,0.0899973720277384,549,1000,0.13817276403693202,0.007863179239529373,0.29302265261876265,549,48,76,non_circular_segmented,0.2997256769521386,0.28515947337923325
CS2_38,HF6,32,degradation_spearman,10,1000,0.0343889214806243,-0.1760865952712421,0.259759881220322,549,1000,0.26012208419052407,0.07977226339400784,0.4516582127202939,549,48,76,non_circular_segmented,0.4358464764915641,0.37188594932628605
CS2_38,HF6,32,partial_pearson_controlling_SOH,10,1000,-0.1878729896806838,-0.3036999421924647,-0.1093918398188782,549,1000,-0.09895375851749766,-0.21896094455738896,0.011018903509147844,549,48,76,non_circular_segmented,0.1943081023735865,0.2299798480665368
CS2_38,HF6,32,degradation_pearson,20,1000,-0.088435425859792,-0.2159971712647947,0.1025960147136863,549,1000,0.11631308043226747,-0.017194421621077993,0.2796205800491556,549,48,76,non_circular_segmented,0.318593185978481,0.29681500167023356
CS2_38,HF6,32,degradation_spearman,20,1000,0.0238134756096228,-0.2075185434342189,0.3163618275125433,549,1000,0.25861856099227476,0.05055328990865163,0.44696723845343245,549,48,76,non_circular_segmented,0.5238803709467622,0.39641394854478085
CS2_38,HF6,32,partial_pearson_controlling_SOH,20,1000,-0.1842364694011117,-0.2914458903273952,-0.1076080427955643,549,1000,-0.054267323483083135,-0.1614808848805825,0.04174176459756506,549,48,76,non_circular_segmented,0.1838378475318309,0.20322264947814755
CS2_38,HF6,32,degradation_pearson,30,1000,-0.0778098458187016,-0.1916452444270554,0.1374323662217647,549,1000,0.1390071059003642,0.029329610137672497,0.2528961246515762,549,48,76,non_circular_segmented,0.32907761064882013,0.2235665145139037
CS2_38,HF6,32,degradation_spearman,30,1000,0.052072060575309,-0.2352411124500699,0.3407952543000918,549,1000,0.3158127846447768,0.138810244417877,0.49882146714261405,549,48,76,non_circular_segmented,0.5760363667501617,0.36001122272473707
CS2_38,HF6,32,partial_pearson_controlling_SOH,30,1000,-0.1816737112181477,-0.2738753688346744,-0.1042281616507229,549,1000,-0.06790025185299713,-0.15768720307142817,0.03046346602830481,549,48,76,non_circular_segmented,0.1696472071839515,0.188150669099733
CS2_38,HF7,32,degradation_pearson,10,1000,-0.2867302927653454,-0.4441905452437105,-0.1769017553963998,988,1000,-0.30555725006107337,-0.4862467111703054,-0.17481482679533347,988,11,175,non_circular_segmented,0.2672887898473107,0.31143188437497193
CS2_38,HF7,32,degradation_spearman,10,1000,-0.3783008447656384,-0.5243174710543828,-0.21946388558783,988,1000,-0.37319797036624824,-0.513309630278458,-0.20816706224691164,988,11,175,non_circular_segmented,0.3048535854665527,0.3051425680315464
CS2_38,HF7,32,partial_pearson_controlling_SOH,10,1000,0.5691816885317298,0.2467265503642652,0.7997628276863892,988,1000,0.40692404193909415,0.2702916091449568,0.6688228736243238,988,11,175,non_circular_segmented,0.553036277322124,0.398531264479367
CS2_38,HF7,32,degradation_pearson,20,1000,-0.2798444555140325,-0.4571646299400042,-0.1527247354423028,988,1000,-0.2648346913604078,-0.46416986820239375,-0.11076132682331563,988,11,175,non_circular_segmented,0.30443989449770137,0.3534085413790781
CS2_38,HF7,32,degradation_spearman,20,1000,-0.3820243758065764,-0.5531622561462242,-0.1581317874430976,988,1000,-0.3408107283854393,-0.5265054546656966,-0.1282893945643792,988,11,175,non_circular_segmented,0.3950304687031265,0.39821606010131744
CS2_38,HF7,32,partial_pearson_controlling_SOH,20,1000,0.5616846639631874,0.2617439903915875,0.8018535766444169,988,1000,0.3958635384751157,0.28647275864258614,0.6340496123021417,988,11,175,non_circular_segmented,0.5401095862528293,0.3475768536595556
CS2_38,HF7,32,degradation_pearson,30,1000,-0.2794572881391647,-0.4612784525392643,-0.1266231720644573,988,1000,-0.22930728274440132,-0.4422018974025008,-0.06805033680562217,988,11,175,non_circular_segmented,0.33465528047480697,0.37415156059687865
CS2_38,HF7,32,degradation_spearman,30,1000,-0.3678364531623032,-0.5604855369038851,-0.1231240346883153,988,1000,-0.33699608819657423,-0.5399731304524027,-0.08775722711809747,988,11,175,non_circular_segmented,0.43736150221556985,0.4522159033343052
CS2_38,HF7,32,partial_pearson_controlling_SOH,30,1000,0.5740859594106433,0.2466515052344387,0.799511133884163,988,1000,0.37844734336590435,0.27990608831441827,0.5820739874519434,988,11,175,non_circular_segmented,0.5528596286497243,0.3021678991375251
CS2_38,HF8,32,degradation_pearson,10,1000,0.2347221148673181,0.1103028944220538,0.4061855116037914,962,1000,0.22739147916373953,0.09307354547364205,0.42044400770318774,962,39,85,non_circular_segmented,0.2958826171817376,0.3273704622295457
CS2_38,HF8,32,degradation_spearman,10,1000,0.3857982799957272,0.2378522329553298,0.5045472323152652,962,1000,0.3383954011513942,0.18304251164184,0.46929126875219956,962,39,85,non_circular_segmented,0.2666949993599354,0.2862487571103596
CS2_38,HF8,32,partial_pearson_controlling_SOH,10,1000,-0.152591190121311,-0.2574667650774422,0.0061711690626637,962,1000,-0.16778475426799364,-0.2750771039171431,0.01636711423449601,962,39,85,non_circular_segmented,0.2636379341401059,0.29144421815163907
CS2_38,HF8,32,degradation_pearson,20,1000,0.2262194948824378,0.0964501543042475,0.434992976331909,962,1000,0.24540156098769733,0.0761822762529063,0.459915634016572,962,39,85,non_circular_segmented,0.3385428220276615,0.3837333577636657
CS2_38,HF8,32,degradation_spearman,20,1000,0.3710233209411032,0.1745253461198124,0.5437954861154569,962,1000,0.27653641959429853,0.02613257045019664,0.4815489082934613,962,39,85,non_circular_segmented,0.3692701399956445,0.4554163378432647
CS2_38,HF8,32,partial_pearson_controlling_SOH,20,1000,-0.1634493689978656,-0.2596892874591076,0.0320470543392258,962,1000,-0.1337336648511256,-0.24796720289176793,0.09647008551591432,962,39,85,non_circular_segmented,0.29173634179833335,0.3444372884076823
CS2_38,HF8,32,degradation_pearson,30,1000,0.2260118907739004,0.0693567485705643,0.4326948443381455,962,1000,0.33439441156689087,0.12309569878750715,0.5377962212578992,962,39,85,non_circular_segmented,0.3633380957675812,0.414700522470392
CS2_38,HF8,32,degradation_spearman,30,1000,0.3754232310273308,0.1466416442192405,0.5406524518439503,962,1000,0.3230024939470736,0.018685131953836594,0.5603057706006345,962,39,85,non_circular_segmented,0.39401080762470975,0.5416206386467979
CS2_38,HF8,32,partial_pearson_controlling_SOH,30,1000,-0.1660767790143438,-0.2559702885581726,0.0220793284305966,962,1000,-0.15142970185106575,-0.2560793498316836,0.034570302190011615,962,39,85,non_circular_segmented,0.27804961698876923,0.29064965202169524
CS2_38,HF1,48,degradation_pearson,10,1000,-0.4080026721703385,-0.5735561129811223,-0.286332636141581,972,1000,-0.44543780493354146,-0.625867051674765,-0.2969825142545195,972,11,175,non_circular_segmented,0.2872234768395413,0.3288845374202455
CS2_38,HF1,48,degradation_spearman,10,1000,-0.4779523908913459,-0.6054958509772635,-0.3318077013783334,972,1000,-0.48040845471188887,-0.6060250423905631,-0.3325958588617122,972,11,175,non_circular_segmented,0.2736881495989302,0.27342918352885087
CS2_38,HF1,48,partial_pearson_controlling_SOH,10,1000,0.6168670768601416,0.3008699384458457,0.8192476971349825,972,1000,0.44641392207906866,0.2832565451589205,0.6885038504039992,972,11,175,non_circular_segmented,0.5183777586891367,0.4052473052450787
CS2_38,HF1,48,degradation_pearson,20,1000,-0.4002712700690732,-0.5722197016499161,-0.2291615705340502,972,1000,-0.4202614395104816,-0.635543654765751,-0.2251159343606018,972,11,175,non_circular_segmented,0.3430581311158659,0.41042772040514924
CS2_38,HF1,48,degradation_spearman,20,1000,-0.4768670128952318,-0.6275914344802659,-0.2718731931105618,972,1000,-0.4738019382969103,-0.6367931009253759,-0.2410832622627536,972,11,175,non_circular_segmented,0.3557182413697041,0.3957098386626223
CS2_38,HF1,48,partial_pearson_controlling_SOH,20,1000,0.6073172949702399,0.2965292529256785,0.8242219852570197,972,1000,0.41056096706540923,0.2615094468944746,0.6652856596769757,972,11,175,non_circular_segmented,0.5276927323313412,0.40377621278250114
CS2_38,HF1,48,degradation_pearson,30,1000,-0.4032142521441624,-0.5911948255854589,-0.2279858179114589,972,1000,-0.3920715956100551,-0.6245492485076813,-0.180738402226377,972,11,175,non_circular_segmented,0.363209007674,0.44381084628130435
CS2_38,HF1,48,degradation_spearman,30,1000,-0.4734613403296459,-0.6588886415670862,-0.216059216514518,972,1000,-0.46251051189374937,-0.6422391183177177,-0.19734141657824572,972,11,175,non_circular_segmented,0.44282942505256817,0.444897701739472
CS2_38,HF1,48,partial_pearson_controlling_SOH,30,1000,0.6127436583170878,0.3042797539700673,0.823527866130876,972,1000,0.39016338374716053,0.2617927041550599,0.6416831142798897,972,11,175,non_circular_segmented,0.5192481121608088,0.37989041012482977
CS2_38,HF2,48,degradation_pearson,10,1000,0.2711392309257842,0.1149683951428109,0.4878281917180216,946,1000,0.2536875045496403,0.10220859680551996,0.46294069813744254,946,39,69,non_circular_segmented,0.37285979657521073,0.36073210133192257
CS2_38,HF2,48,degradation_spearman,10,1000,0.4402428704618373,0.2920284849005455,0.559504279620703,946,1000,0.4314832789378039,0.2835434710439226,0.56057367482305,946,39,69,non_circular_segmented,0.26747579472015753,0.2770302037791274
CS2_38,HF2,48,partial_pearson_controlling_SOH,10,1000,-0.0995741984759265,-0.2028624304441462,0.035171392986884,946,1000,-0.09605295633318356,-0.19965271170028165,0.044262073514598814,946,39,69,non_circular_segmented,0.2380338234310302,0.24391478521488047
CS2_38,HF2,48,degradation_pearson,20,1000,0.2666083404154084,0.0854235161994642,0.501674152059281,946,1000,0.26509653507023934,0.07177136975703001,0.5010397729406294,946,39,69,non_circular_segmented,0.4162506358598168,0.4292684031835994
CS2_38,HF2,48,degradation_spearman,20,1000,0.4402841743258355,0.2478871162651508,0.587675565887332,946,1000,0.38942392637715695,0.13287153860527295,0.565189747098732,946,39,69,non_circular_segmented,0.33978844962218124,0.4323182084934591
CS2_38,HF2,48,partial_pearson_controlling_SOH,20,1000,-0.1000536949745372,-0.2008116820423871,0.0409391148336618,946,1000,-0.03330297370924115,-0.13264972480067103,0.10017563244495692,946,39,69,non_circular_segmented,0.24175079687604892,0.23282535724562795
CS2_38,HF2,48,degradation_pearson,30,1000,0.2670372029731184,0.0621939169380133,0.5174434011120536,946,1000,0.26661830627240235,0.04243830116378487,0.5107725343477701,946,39,69,non_circular_segmented,0.45524948417404026,0.46833423318398526
CS2_38,HF2,48,degradation_spearman,30,1000,0.433977461074471,0.2066843941844278,0.5983315507529215,946,1000,0.25582362264602887,-0.04565277936581625,0.5128084233473577,946,39,69,non_circular_segmented,0.39164715656849375,0.5584612027131739
CS2_38,HF2,48,partial_pearson_controlling_SOH,30,1000,-0.0943782372140227,-0.1993102419044696,0.0817710806962405,946,1000,-0.0002405333854833471,-0.0976627877265594,0.07734085344022965,946,39,69,non_circular_segmented,0.2810813226007101,0.17500364116678904
CS2_38,HF3,48,degradation_pearson,10,1000,0.1085403623956288,-0.2904608047592872,0.5228169535176022,942,1000,-0.3801255499094087,-0.6082964310166227,-0.19214634817521586,942,41,69,non_circular_segmented,0.8132777582768893,0.4161500828414068
CS2_38,HF3,48,degradation_spearman,10,1000,-0.4200012303654257,-0.552394148531928,-0.2642119450543954,942,1000,-0.40562626369798616,-0.5439276057756516,-0.23250861359142094,942,41,69,non_circular_segmented,0.28818220347753265,0.31141899218423064
CS2_38,HF3,48,partial_pearson_controlling_SOH,10,1000,-0.1708759333851295,-0.7627106110207196,-0.0444077327890211,942,1000,-0.06670058106964588,-0.20772586703124937,0.03515277749954226,942,41,69,non_circular_segmented,0.7183028782316985,0.24287864453079164
CS2_38,HF3,48,degradation_pearson,20,1000,0.1174794369013003,-0.2504874169895821,0.5339787620034926,942,1000,-0.34229258817833863,-0.5728468194425529,-0.14093841103258703,942,41,69,non_circular_segmented,0.7844661789930747,0.43190840840996586
CS2_38,HF3,48,degradation_spearman,20,1000,-0.4047422460479498,-0.5730467426277646,-0.188874104152468,942,1000,-0.31545344711239665,-0.5254103122959916,-0.027488518610239522,942,41,69,non_circular_segmented,0.3841726384752966,0.497921793685752
CS2_38,HF3,48,partial_pearson_controlling_SOH,20,1000,-0.1772781264322586,-0.7608427040999475,-0.0422076431993771,942,1000,-0.060091959566716646,-0.17769951892361718,0.018783748525324523,942,41,69,non_circular_segmented,0.7186350609005704,0.1964832674489417
CS2_38,HF3,48,degradation_pearson,30,1000,0.1114168707864997,-0.2659016272301466,0.5634107458929459,942,1000,-0.3119951541651541,-0.5563979732164954,-0.041652628884443585,942,41,69,non_circular_segmented,0.8293123731230925,0.5147453443320519
CS2_38,HF3,48,degradation_spearman,30,1000,-0.4030110929178883,-0.5947345126068673,-0.1493011193242758,942,1000,-0.17922104185645585,-0.4753070943974872,0.16133770274451564,942,41,69,non_circular_segmented,0.44543339328259146,0.6366447971420028
CS2_38,HF3,48,partial_pearson_controlling_SOH,30,1000,-0.177976021362989,-0.7631932451115251,-0.0446855438507298,942,1000,-0.06632573863932553,-0.18778797056584054,0.016794569596106892,942,41,69,non_circular_segmented,0.7185077012607953,0.20458254016194743
CS2_38,HF4,48,degradation_pearson,10,1000,-0.1846894683648975,-0.5053461997513303,0.0702407060304007,549,1000,0.12620558670499515,-0.03728735663723667,0.25696731399215056,549,49,69,non_circular_segmented,0.575586905781731,0.2942546706293872
CS2_38,HF4,48,degradation_spearman,10,1000,-0.2625582588441106,-0.4681608643068248,0.0021600286412221,549,1000,0.06564676008480314,-0.16321239231144571,0.29662455419108025,549,49,69,non_circular_segmented,0.4703208929480469,0.45983694650252593
CS2_38,HF4,48,partial_pearson_controlling_SOH,10,1000,-0.0069637046087598,-0.1282339324770883,0.2049375982529617,549,1000,-0.1386002760037493,-0.22439842050830328,-0.025054272236029625,549,49,69,non_circular_segmented,0.33317153073005,0.19934414827227365
CS2_38,HF4,48,degradation_pearson,20,1000,-0.1637975975535733,-0.5440583111769386,0.1165236709617763,549,1000,0.16449640523068984,-0.011453321585626923,0.3175336904079163,549,49,69,non_circular_segmented,0.6605819821387149,0.3289870119935432
CS2_38,HF4,48,degradation_spearman,20,1000,-0.2611163001046145,-0.5286447767690379,0.0865101855309455,549,1000,0.12330686884989253,-0.16180038249476889,0.38280775525963673,549,49,69,non_circular_segmented,0.6151549622999833,0.5446081377544056
CS2_38,HF4,48,partial_pearson_controlling_SOH,20,1000,-0.0227023606719441,-0.1471665960699755,0.2348008521000931,549,1000,-0.1647138171495052,-0.24719560123532613,-0.06132668257271084,549,49,69,non_circular_segmented,0.3819674481700686,0.1858689186626153
CS2_38,HF4,48,degradation_pearson,30,1000,-0.1689937723880429,-0.5620610347675516,0.1371540812708853,549,1000,0.15614108968518028,-0.0727699838422004,0.29728626206074776,549,49,69,non_circular_segmented,0.699215116038437,0.37005624590294817
CS2_38,HF4,48,degradation_spearman,30,1000,-0.2588381062464732,-0.551032225339892,0.1482014854529634,549,1000,0.08322336233470806,-0.22090670961682746,0.40713817439441014,549,49,69,non_circular_segmented,0.6992337107928555,0.6280448840112376
CS2_38,HF4,48,partial_pearson_controlling_SOH,30,1000,-0.0205898932678426,-0.1601428921707654,0.2388593991244375,549,1000,-0.17916986878951557,-0.26918367372950286,-0.07496163456583796,549,49,69,non_circular_segmented,0.3990022912952029,0.1942220391636649
CS2_38,HF5,48,degradation_pearson,10,1000,-0.0902021302132309,-0.4291065660285065,0.1391744571159332,549,1000,0.20684320641532603,0.07400962210788639,0.336216071752014,549,49,69,non_circular_segmented,0.5682810231444397,0.26220644964412765
CS2_38,HF5,48,degradation_spearman,10,1000,-0.1230376152927778,-0.3364992410716307,0.1461468380085311,549,1000,0.31195301018442073,0.13282118541171153,0.48023543129676804,549,49,69,non_circular_segmented,0.48264607908016177,0.34741424588505654
CS2_38,HF5,48,partial_pearson_controlling_SOH,10,1000,-0.2067735445958083,-0.3023865465962638,-0.1046468532019186,549,1000,-0.27241083029844754,-0.38144662179410077,-0.18922473394470457,549,49,69,non_circular_segmented,0.1977396933943452,0.1922218878493962
CS2_38,HF5,48,degradation_pearson,20,1000,-0.0938225127634477,-0.459403035104409,0.1855832809056818,549,1000,0.2449932570827809,0.11086365099384975,0.3793315576299879,549,49,69,non_circular_segmented,0.6449863160100908,0.2684679066361381
CS2_38,HF5,48,degradation_spearman,20,1000,-0.1302171468926153,-0.4056431893803429,0.1980620758778562,549,1000,0.37565612676858157,0.17017776238560037,0.5535678818522498,549,49,69,non_circular_segmented,0.6037052652581991,0.38339011946664947
CS2_38,HF5,48,partial_pearson_controlling_SOH,20,1000,-0.2056606234481177,-0.312118012581381,-0.0687002474573225,549,1000,-0.3030178934002228,-0.409620232345433,-0.1954364624865131,549,49,69,non_circular_segmented,0.2434177651240585,0.21418376985891988
CS2_38,HF5,48,degradation_pearson,30,1000,-0.104079715672026,-0.508806298083197,0.2059655101307965,549,1000,0.23172368809167102,0.0743297629287462,0.37047438363606083,549,49,69,non_circular_segmented,0.7147718082139936,0.2961446207073146
CS2_38,HF5,48,degradation_spearman,30,1000,-0.112625283103479,-0.4333103503742598,0.3091399519268551,549,1000,0.3428219886270211,0.12434251949508879,0.548484116313541,549,49,69,non_circular_segmented,0.7424503023011149,0.4241415968184522
CS2_38,HF5,48,partial_pearson_controlling_SOH,30,1000,-0.2024567700719101,-0.3018320600414565,-0.04929641722404,549,1000,-0.3107457943248431,-0.4065872549033155,-0.2115399062478391,549,49,69,non_circular_segmented,0.25253564281741653,0.19504734865547638
CS2_38,HF6,48,degradation_pearson,10,1000,-0.0302068906402699,-0.252802474653108,0.1258319819461282,549,1000,0.1707878527744386,0.049578037995213625,0.28662228237947435,549,49,69,non_circular_segmented,0.3786344565992362,0.23704424438426072
CS2_38,HF6,48,degradation_spearman,10,1000,-0.0348615410376387,-0.2476858160505099,0.1899768597160772,549,1000,0.28263718611576394,0.0655062939097266,0.45337192967050066,549,49,69,non_circular_segmented,0.43766267576658713,0.38786563576077404
CS2_38,HF6,48,partial_pearson_controlling_SOH,10,1000,-0.2166870318771133,-0.3782615695228061,-0.110617587746033,549,1000,-0.15112002183474235,-0.26578136269674396,-0.058099867836979506,549,49,69,non_circular_segmented,0.26764398177677307,0.20768149485976445
CS2_38,HF6,48,degradation_pearson,20,1000,-0.0193404369461612,-0.2713533466835223,0.1662664506793589,549,1000,0.21487347138103377,0.0908938931091292,0.3535860403737641,549,49,69,non_circular_segmented,0.4376197973628812,0.2626921472646349
CS2_38,HF6,48,degradation_spearman,20,1000,-0.0197844533873725,-0.2906159553765021,0.2968972072551622,549,1000,0.36962874047495964,0.13850127833505815,0.5561482118197625,549,49,69,non_circular_segmented,0.5875131626316643,0.41764693348470433
CS2_38,HF6,48,partial_pearson_controlling_SOH,20,1000,-0.2137629540983076,-0.3819800979192268,-0.0951695909278739,549,1000,-0.17506024563765574,-0.2819742749100558,-0.06453095711544873,549,49,69,non_circular_segmented,0.2868105069913529,0.21744331779460704
CS2_38,HF6,48,degradation_pearson,30,1000,-0.0146429189102135,-0.2864159583143394,0.1781098392272586,549,1000,0.2253909587422792,0.10721009754224842,0.36378022877472577,549,49,69,non_circular_segmented,0.464525797541598,0.25657013123247735
CS2_38,HF6,48,degradation_spearman,30,1000,-0.0187210968518052,-0.3317616785009137,0.3269025812619118,549,1000,0.39199540314888315,0.15326031046839458,0.5784913846149417,549,49,69,non_circular_segmented,0.6586642597628255,0.42523107414654704
CS2_38,HF6,48,partial_pearson_controlling_SOH,30,1000,-0.2071552941618702,-0.3764656992541455,-0.0957117586272346,549,1000,-0.21925872035347935,-0.3152816117593196,-0.0898920120789124,549,49,69,non_circular_segmented,0.28075394062691095,0.22538959968040723
CS2_38,HF7,48,degradation_pearson,10,1000,-0.4024241866101714,-0.5682453578560653,-0.2725992185407038,972,1000,-0.4413168483579676,-0.630824494587971,-0.27384586769935126,972,11,175,non_circular_segmented,0.29564613931536154,0.3569786268886197
CS2_38,HF7,48,degradation_spearman,10,1000,-0.4768106813820257,-0.6051923152101102,-0.3168171064074802,972,1000,-0.479759835818502,-0.61611121808739,-0.313940474587184,972,11,175,non_circular_segmented,0.28837520880263,0.302170743500206
CS2_38,HF7,48,partial_pearson_controlling_SOH,10,1000,0.6145055702987078,0.2860895826572407,0.8238622664056655,972,1000,0.43550307593109383,0.2729937392303274,0.7125841862530545,972,11,175,non_circular_segmented,0.5377726837484248,0.43959044702272715
CS2_38,HF7,48,degradation_pearson,20,1000,-0.4093445476582763,-0.5896778744823072,-0.2610845589298066,972,1000,-0.4209441560025847,-0.6298385941017853,-0.24138350777775403,972,11,175,non_circular_segmented,0.32859331555250065,0.3884550863240313
CS2_38,HF7,48,degradation_spearman,20,1000,-0.4827586772044869,-0.6327929139416251,-0.245778304724965,972,1000,-0.47482664665563656,-0.6355408950602646,-0.2467202998762396,972,11,175,non_circular_segmented,0.3870146092166601,0.38882059518402495
CS2_38,HF7,48,partial_pearson_controlling_SOH,20,1000,0.6135919670028653,0.2976353838965048,0.8247949337744637,972,1000,0.4035922372502452,0.2601616260521314,0.6608842351976446,972,11,175,non_circular_segmented,0.5271595498779589,0.4007226091455132
CS2_38,HF7,48,degradation_pearson,30,1000,-0.3935133810032684,-0.602931891889644,-0.2125446817875065,972,1000,-0.3809035896268928,-0.6349181770496499,-0.16176153401763224,972,11,175,non_circular_segmented,0.3903872101021375,0.47315664303201765
CS2_38,HF7,48,degradation_spearman,30,1000,-0.4698016901382858,-0.6454814884524858,-0.2164813582906427,972,1000,-0.4572788181525062,-0.6406511970816613,-0.2038850995180996,972,11,175,non_circular_segmented,0.4290001301618431,0.43676609756356166
CS2_38,HF7,48,partial_pearson_controlling_SOH,30,1000,0.6107433316087936,0.2976155810936386,0.8191163256152726,972,1000,0.38731645848343155,0.24957434488177987,0.65240942573012,972,11,175,non_circular_segmented,0.521500744521634,0.4028350808483401
CS2_38,HF8,48,degradation_pearson,10,1000,0.2955504725518821,0.1517581916859112,0.5012518470988139,946,1000,0.27901573510610767,0.1318610598059178,0.4829206540273659,946,39,69,non_circular_segmented,0.34949365541290267,0.35105959422144806
CS2_38,HF8,48,degradation_spearman,10,1000,0.4713729052757323,0.3391930597759059,0.5831132365596104,946,1000,0.4562383237905241,0.31372960262635896,0.5769351325318526,946,39,69,non_circular_segmented,0.24392017678370453,0.2632055299054936
CS2_38,HF8,48,partial_pearson_controlling_SOH,10,1000,-0.127850384922229,-0.2546644556405106,0.0391339984468516,946,1000,-0.1286565676042289,-0.24953245881755767,0.039823531470689344,946,39,69,non_circular_segmented,0.2937984540873622,0.289355990288247
CS2_38,HF8,48,degradation_pearson,20,1000,0.2889123231328221,0.1135109762542104,0.5111132912761216,946,1000,0.28008904775062926,0.10872667570926328,0.4885375993714035,946,39,69,non_circular_segmented,0.3976023150219112,0.3798109236621402
CS2_38,HF8,48,degradation_spearman,20,1000,0.4636438037046199,0.2902399358551513,0.617437209649572,946,1000,0.391806558353157,0.1407580260606936,0.5748379447678466,946,39,69,non_circular_segmented,0.32719727379442076,0.43407991870715296
CS2_38,HF8,48,partial_pearson_controlling_SOH,20,1000,-0.1347444860799012,-0.2524612937102956,0.0408592428332432,946,1000,-0.06315623706587145,-0.18750798430537027,0.08370966233212654,946,39,69,non_circular_segmented,0.2933205365435388,0.2712176466374968
CS2_38,HF8,48,degradation_pearson,30,1000,0.3004761769768146,0.1041784371822979,0.5115028592355099,946,1000,0.30130362107786884,0.06831678224560825,0.5411245899425613,946,39,69,non_circular_segmented,0.40732442205321195,0.4728078076969531
CS2_38,HF8,48,degradation_spearman,30,1000,0.4736858794863161,0.2349269094260112,0.6219711337456396,946,1000,0.28319615824714817,-0.05013878094279505,0.528812612953186,946,39,69,non_circular_segmented,0.3870442243196284,0.578951393895981
CS2_38,HF8,48,partial_pearson_controlling_SOH,30,1000,-0.1352559151228858,-0.2467113988394998,0.0629748288487771,946,1000,-0.014563486857320587,-0.14517189893026838,0.0601732568392562,946,39,69,non_circular_segmented,0.3096862276882769,0.20534515576952458
CS2_38,HF1,64,degradation_pearson,10,1000,-0.4878299532937797,-0.6529865678179851,-0.3281732731786776,957,1000,-0.5445329354364457,-0.7181359562994374,-0.3727214659430402,957,10,175,non_circular_segmented,0.3248132946393075,0.3454144903563972
CS2_38,HF1,64,degradation_spearman,10,1000,-0.5004039543005809,-0.6335694122353029,-0.3315337276819327,957,1000,-0.5081738787856362,-0.632707893952585,-0.32820069977712074,957,10,175,non_circular_segmented,0.30203568455337026,0.30450719417546424
CS2_38,HF1,64,partial_pearson_controlling_SOH,10,1000,0.5947487956283324,0.2377116320641435,0.8357359397822313,957,1000,0.4399391081521733,0.26203205285227527,0.7175638088861005,957,10,175,non_circular_segmented,0.5980243077180878,0.45553175603382523
CS2_38,HF1,64,degradation_pearson,20,1000,-0.4777020602622207,-0.6570057317311914,-0.296039984607282,957,1000,-0.5204020267659164,-0.7213308185650364,-0.31000170166743457,957,10,175,non_circular_segmented,0.3609657471239094,0.4113291168976019
CS2_38,HF1,64,degradation_spearman,20,1000,-0.491251844495875,-0.6629038519360009,-0.264620586900076,957,1000,-0.49993517969084367,-0.6721850255205976,-0.2673066423285187,957,10,175,non_circular_segmented,0.39828326503592487,0.40487838319207886
CS2_38,HF1,64,partial_pearson_controlling_SOH,20,1000,0.5830380829704294,0.2394647786973103,0.8429579361205107,957,1000,0.4138766542387592,0.2414145092936862,0.6557370523431286,957,10,175,non_circular_segmented,0.6034931574232004,0.4143225430494424
CS2_38,HF1,64,degradation_pearson,30,1000,-0.4746457952767254,-0.6936373097197273,-0.2566570089649327,957,1000,-0.49859737849010183,-0.7229548661654238,-0.2508661119202078,957,10,175,non_circular_segmented,0.43698030075479455,0.472088754245216
CS2_38,HF1,64,degradation_spearman,30,1000,-0.4942199206283952,-0.6994515122369627,-0.2221913354271407,957,1000,-0.5015457923414679,-0.6897774838173386,-0.23427172651222594,957,10,175,non_circular_segmented,0.47726017680982197,0.45550575730511267
CS2_38,HF1,64,partial_pearson_controlling_SOH,30,1000,0.6088412837856662,0.2465103936227766,0.837113168270868,957,1000,0.39838827870203775,0.24118919879211803,0.6465601741078648,957,10,175,non_circular_segmented,0.5906027746480914,0.4053709753157468
CS2_38,HF2,64,degradation_pearson,10,1000,0.3485069960531727,0.1594917358908269,0.5405549932551309,933,1000,0.34135037385974654,0.16848079876682967,0.5432148201556651,933,36,68,non_circular_segmented,0.381063257364304,0.3747340213888355
CS2_38,HF2,64,degradation_spearman,10,1000,0.436875641875594,0.2825795859609879,0.5640060928084745,933,1000,0.4430969356568235,0.28358064751667655,0.586654140820071,933,36,68,non_circular_segmented,0.28142650684748655,0.3030734933033944
CS2_38,HF2,64,partial_pearson_controlling_SOH,10,1000,-0.1331608134746605,-0.2465664853859227,-0.0041315123024152,933,1000,-0.12505302582846328,-0.2360369986201675,0.011145377682319773,933,36,68,non_circular_segmented,0.2424349730835075,0.24718237630248727
CS2_38,HF2,64,degradation_pearson,20,1000,0.3502901771196354,0.1561526211025227,0.5617556011169228,933,1000,0.37275489446196103,0.16018192379039697,0.6301564768317287,933,36,68,non_circular_segmented,0.4056029800144001,0.46997455304133173
CS2_38,HF2,64,degradation_spearman,20,1000,0.4384576833631771,0.22047001589615,0.599855926953977,933,1000,0.41329137443442854,0.13774364543371267,0.6035728335275182,933,36,68,non_circular_segmented,0.37938591105782704,0.4658291880938056
CS2_38,HF2,64,partial_pearson_controlling_SOH,20,1000,-0.1301836956427409,-0.2444765039573325,0.0137712369172648,933,1000,-0.06024629536421508,-0.1713886107113836,0.0845851800644772,933,36,68,non_circular_segmented,0.2582477408745973,0.2559737907758608
CS2_38,HF2,64,degradation_pearson,30,1000,0.3391529057172026,0.115807068251211,0.5662562057874707,933,1000,0.3721273046117023,0.11529215033174872,0.6195039805320117,933,36,68,non_circular_segmented,0.4504491375362597,0.504211830200263
CS2_38,HF2,64,degradation_spearman,30,1000,0.4288059378239122,0.1935286891122742,0.6093389506081851,933,1000,0.3372420258883094,-0.011135211933665448,0.5867922650509432,933,36,68,non_circular_segmented,0.41581026149591094,0.5979274769846086
CS2_38,HF2,64,partial_pearson_controlling_SOH,30,1000,-0.1312437834536663,-0.2287695866019381,0.0105134602925084,933,1000,-0.007288300362485744,-0.1122305389387968,0.08893330336522791,933,36,68,non_circular_segmented,0.23928304689444652,0.2011638423040247
CS2_38,HF3,64,degradation_pearson,10,1000,0.0228912152187283,-0.5038419022616374,0.4640221412662133,929,1000,-0.48765283902730994,-0.6950812199844449,-0.32339299437676633,929,38,68,non_circular_segmented,0.9678640435278507,0.3716882256076786
CS2_38,HF3,64,degradation_spearman,10,1000,-0.4532754187408114,-0.5844467114259327,-0.297264506122758,929,1000,-0.45083258603048254,-0.5921506529025918,-0.27928758221140715,929,38,68,non_circular_segmented,0.28718220530317473,0.3128630706911847
CS2_38,HF3,64,partial_pearson_controlling_SOH,10,1000,-0.104544791812932,-0.7743568431801973,0.0338394779267511,929,1000,-0.018261838459753432,-0.1231923713859905,0.08464345206911573,929,38,68,non_circular_segmented,0.8081963211069484,0.20783582345510623
CS2_38,HF3,64,degradation_pearson,20,1000,0.0360189824516255,-0.4634623549665103,0.5078642683826142,929,1000,-0.4760914972125606,-0.6997274412866501,-0.26794823033127246,929,38,68,non_circular_segmented,0.9713266233491245,0.43177921095537763
CS2_38,HF3,64,degradation_spearman,20,1000,-0.4449451563927781,-0.6208221453220948,-0.2158609483414946,929,1000,-0.39218828506860237,-0.6166667199054089,-0.10346694788787036,929,38,68,non_circular_segmented,0.4049611969806002,0.5131997720175385
CS2_38,HF3,64,partial_pearson_controlling_SOH,20,1000,-0.1176969394557769,-0.8040334991668366,0.0341040778652561,929,1000,-0.01367076512487732,-0.12749167523246704,0.07114277793559085,929,38,68,non_circular_segmented,0.8381375770320927,0.1986344531680579
CS2_38,HF3,64,degradation_pearson,30,1000,0.0370558601332432,-0.4605879351702543,0.5018019050372546,929,1000,-0.43414796346230783,-0.6603366745076361,-0.20745278045675344,929,38,68,non_circular_segmented,0.962389840207509,0.4528838940508827
CS2_38,HF3,64,degradation_spearman,30,1000,-0.4462042140916026,-0.636183576898264,-0.1735031579606709,929,1000,-0.32622101725995145,-0.5853927489072399,0.03686171237058874,929,38,68,non_circular_segmented,0.4626804189375931,0.6222544612778287
CS2_38,HF3,64,partial_pearson_controlling_SOH,30,1000,-0.1154548830038136,-0.7949192927696175,0.0292642307898424,929,1000,-0.00891998306423833,-0.11445694396651414,0.06812669119546344,929,38,68,non_circular_segmented,0.8241835235594599,0.18258363516197756
CS2_38,HF4,64,degradation_pearson,10,1000,-0.172523709723488,-0.5439109981729477,0.085764252112481,550,1000,0.19142157379130478,0.05231844134563768,0.3073140260770527,550,48,53,non_circular_segmented,0.6296752502854287,0.25499558473141504
CS2_38,HF4,64,degradation_spearman,10,1000,-0.2086786251178496,-0.453508380048321,0.0753061977170272,550,1000,0.1406913742547345,-0.13119038467769062,0.4107123469930232,550,48,53,non_circular_segmented,0.5288145777653482,0.5419027316707139
CS2_38,HF4,64,partial_pearson_controlling_SOH,10,1000,0.0395960024584014,-0.0955048089708852,0.2043469465195621,550,1000,-0.08010733979277644,-0.23447743221115425,-0.02627626244794259,550,48,53,non_circular_segmented,0.2998517554904473,0.20820116976321165
CS2_38,HF4,64,degradation_pearson,20,1000,-0.1795191870789546,-0.6062614572425407,0.1292247245321714,550,1000,0.22501874192008658,0.11044065059093182,0.3103155275803246,550,48,53,non_circular_segmented,0.735486181774712,0.19987487698939277
CS2_38,HF4,64,degradation_spearman,20,1000,-0.196180608491971,-0.4949119920779908,0.1788694106596379,550,1000,0.3041273540131268,-0.017360580072714998,0.5805064534382378,550,48,53,non_circular_segmented,0.6737814027376288,0.5978670335109528
CS2_38,HF4,64,partial_pearson_controlling_SOH,20,1000,0.0350168964588638,-0.1703939517207789,0.2336855351507203,550,1000,-0.0773254839130719,-0.25535888680497887,-0.028203394905057327,550,48,53,non_circular_segmented,0.4040794868714992,0.22715549189992154
CS2_38,HF4,64,degradation_pearson,30,1000,-0.1869554097940639,-0.6099124050297898,0.1349807304579681,550,1000,0.22676576204538917,0.11631935294792138,0.301579213396004,550,48,53,non_circular_segmented,0.7448931354877579,0.18525986044808262
CS2_38,HF4,64,degradation_spearman,30,1000,-0.1987723913538167,-0.5344504089966253,0.2311195789303882,550,1000,0.42732777488333595,0.1149367459703143,0.670952139709533,550,48,53,non_circular_segmented,0.7655699879270135,0.5560153937392187
CS2_38,HF4,64,partial_pearson_controlling_SOH,30,1000,0.0406962566658772,-0.2294191379898568,0.2358173896577457,550,1000,-0.08179608023665932,-0.28230000972629793,-0.031266965457270424,550,48,53,non_circular_segmented,0.4652365276476025,0.2510330442690275
CS2_38,HF5,64,degradation_pearson,10,1000,-0.1053466798779822,-0.4498462072684955,0.1325733894855259,550,1000,0.22685183707009254,0.1621655849847923,0.3831698806445982,550,48,53,non_circular_segmented,0.5824195967540214,0.22100429565980592
CS2_38,HF5,64,degradation_spearman,10,1000,-0.0582941239085391,-0.2744765939553702,0.2217472672161987,550,1000,0.3605433563217775,0.1706437185927942,0.562143261028176,550,48,53,non_circular_segmented,0.4962238611715689,0.3914995424353818
CS2_38,HF5,64,partial_pearson_controlling_SOH,10,1000,-0.1794640130164203,-0.3430775163846192,-0.0927565088504324,550,1000,-0.15440048291805603,-0.4101809935573906,-0.04528245994950306,550,48,53,non_circular_segmented,0.2503210075341868,0.3648985336078876
CS2_38,HF5,64,degradation_pearson,20,1000,-0.0941942421725591,-0.501966001541048,0.1876327909557111,550,1000,0.23727323819015123,0.18123986661522434,0.3604472482780651,550,48,53,non_circular_segmented,0.689598792496759,0.17920738166284078
CS2_38,HF5,64,degradation_spearman,20,1000,-0.0489932536775725,-0.347584298610152,0.3143383043384521,550,1000,0.5048382805310005,0.2799680999365771,0.690019777155809,550,48,53,non_circular_segmented,0.661922602948604,0.41005167721923186
CS2_38,HF5,64,partial_pearson_controlling_SOH,20,1000,-0.1672395625239869,-0.3342397854534783,-0.065218909916579,550,1000,-0.09699141244755122,-0.34511192669174784,0.01100556158341524,550,48,53,non_circular_segmented,0.26902087553689935,0.3561174882751631
CS2_38,HF5,64,degradation_pearson,30,1000,-0.0926073275437314,-0.4945001317900671,0.1934927617259758,550,1000,0.22898941980214255,0.17921917452335587,0.31268190941327456,550,48,53,non_circular_segmented,0.6879928935160429,0.1334627348899187
CS2_38,HF5,64,degradation_spearman,30,1000,-0.0440639106844234,-0.3820984812000351,0.3903658951124696,550,1000,0.5773183503892458,0.3653299822164237,0.757113101814049,550,48,53,non_circular_segmented,0.7724643763125048,0.3917831195976253
CS2_38,HF5,64,partial_pearson_controlling_SOH,30,1000,-0.1657032292744597,-0.3027461193905213,-0.0728255027368926,550,1000,-0.05917109640640694,-0.29856315752482415,0.04156721619254035,550,48,53,non_circular_segmented,0.22992061665362873,0.3401303737173645
CS2_38,HF6,64,degradation_pearson,10,1000,-0.0180666321434246,-0.2561494863661996,0.1534265026840452,550,1000,0.2233755861646079,0.15714987441892123,0.3599630958661027,550,48,53,non_circular_segmented,0.40957598905024484,0.20281322144718147
CS2_38,HF6,64,degradation_spearman,10,1000,0.0592189728256824,-0.1764088944307978,0.2929017209340345,550,1000,0.39365034797505605,0.20070553128421653,0.5740968329038576,550,48,53,non_circular_segmented,0.4693106153648323,0.37339130161964107
CS2_38,HF6,64,partial_pearson_controlling_SOH,10,1000,-0.2118608711225783,-0.372552120712228,-0.1034512632290465,550,1000,-0.12553686243123424,-0.3274672093144018,-0.04470178689926771,550,48,53,non_circular_segmented,0.26910085748318147,0.28276542241513414
CS2_38,HF6,64,degradation_pearson,20,1000,-0.0210518911591228,-0.3155201761486626,0.1838503001187848,550,1000,0.2347171122895153,0.16863693610249836,0.37078840432299315,550,48,53,non_circular_segmented,0.49937047626744746,0.2021514682204948
CS2_38,HF6,64,degradation_spearman,20,1000,0.054981459713443,-0.2288439837982812,0.3699190201306092,550,1000,0.5247000073934143,0.26901247238882753,0.7258254260896561,550,48,53,non_circular_segmented,0.5987630039288904,0.45681295370082853
CS2_38,HF6,64,partial_pearson_controlling_SOH,20,1000,-0.2077712142140665,-0.3598355594349469,-0.0954665806493862,550,1000,-0.09488662181669394,-0.31423044930039196,-0.022303146702804946,550,48,53,non_circular_segmented,0.26436897878556065,0.29192730259758704
CS2_38,HF6,64,degradation_pearson,30,1000,-0.0192092810205913,-0.3490125520746253,0.1993410741799648,550,1000,0.24808809255381276,0.19331474755511058,0.317464666707049,550,48,53,non_circular_segmented,0.54835362625459,0.1241499191519384
CS2_38,HF6,64,degradation_spearman,30,1000,0.0613806524959349,-0.2631961090451542,0.4341531014989824,550,1000,0.6542435393181475,0.4276621994975345,0.7883480275788695,550,48,53,non_circular_segmented,0.6973492105441366,0.360685828081335
CS2_38,HF6,64,partial_pearson_controlling_SOH,30,1000,-0.2072954296654645,-0.3555330092446874,-0.0710207839248112,550,1000,-0.11123893778617419,-0.36274368860283157,-0.03668422720400526,550,48,53,non_circular_segmented,0.2845122253198762,0.3260594613988263
CS2_38,HF7,64,degradation_pearson,10,1000,-0.4843615130835692,-0.6527608210699921,-0.3090160264051422,957,1000,-0.534649396795448,-0.7137552424779523,-0.3500842665580436,957,10,175,non_circular_segmented,0.3437447946648499,0.3636709759199087
CS2_38,HF7,64,degradation_spearman,10,1000,-0.496971857269943,-0.634538845384094,-0.3210099777866626,957,1000,-0.5019495632082697,-0.6445301416940162,-0.3285356980102073,957,10,175,non_circular_segmented,0.31352886759743137,0.3159944436838089
CS2_38,HF7,64,partial_pearson_controlling_SOH,10,1000,0.5910482407998665,0.2315129587758748,0.8211785449927619,957,1000,0.42398752378318616,0.2564002139637535,0.7116155888916733,957,10,175,non_circular_segmented,0.5896655862168871,0.4552153749279198
CS2_38,HF7,64,degradation_pearson,20,1000,-0.4809240110496908,-0.6709519547783732,-0.3022228469068156,957,1000,-0.5223209002308269,-0.7256252223199547,-0.3213122302926027,957,10,175,non_circular_segmented,0.3687291078715576,0.40431299202735205
CS2_38,HF7,64,degradation_spearman,20,1000,-0.4929449093266892,-0.6646712283342553,-0.2456035651683832,957,1000,-0.5018635512659751,-0.6698222733886233,-0.25757274637929695,957,10,175,non_circular_segmented,0.4190676631658721,0.4122495270093264
CS2_38,HF7,64,partial_pearson_controlling_SOH,20,1000,0.5879422844071556,0.222413168530472,0.8443608005093709,957,1000,0.40757152903821137,0.24062984071297816,0.6730853432983533,957,10,175,non_circular_segmented,0.6219476319788989,0.4324555025853752
CS2_38,HF7,64,degradation_pearson,30,1000,-0.4741617082703546,-0.6775834756765075,-0.2627948399079762,957,1000,-0.49900953312945295,-0.7223269644313357,-0.2426613688968796,957,10,175,non_circular_segmented,0.41478863576853126,0.4796655955344561
CS2_38,HF7,64,degradation_spearman,30,1000,-0.4899118285195423,-0.6856404018158005,-0.2041129672611517,957,1000,-0.5026618454018053,-0.6916823568495328,-0.19429543442192487,957,10,175,non_circular_segmented,0.48152743455464886,0.49738692242760796
CS2_38,HF7,64,partial_pearson_controlling_SOH,30,1000,0.5811011745529707,0.2134805083876781,0.8256865109334646,957,1000,0.3854618189179424,0.22654176739033544,0.6242787412723033,957,10,175,non_circular_segmented,0.6122060025457865,0.3977369738819679
CS2_38,HF8,64,degradation_pearson,10,1000,0.3910470569975162,0.2192826823673099,0.5846297519680111,933,1000,0.3730920720991684,0.20280703020995583,0.5707080852390464,933,36,68,non_circular_segmented,0.36534706960070124,0.36790105502909054
CS2_38,HF8,64,degradation_spearman,10,1000,0.4823055793438793,0.3231719688355761,0.5974555385490787,933,1000,0.4856660670230752,0.3198420635870626,0.6046813270382609,933,36,68,non_circular_segmented,0.27428356971350265,0.28483926345119837
CS2_38,HF8,64,partial_pearson_controlling_SOH,10,1000,-0.1772856869070099,-0.3068621494848388,-0.0030111696498869,933,1000,-0.16240542381765766,-0.2942761684971134,0.009490559951736803,933,36,68,non_circular_segmented,0.3038509798349519,0.3037667284488502
CS2_38,HF8,64,degradation_pearson,20,1000,0.3836911716490836,0.1827888359721896,0.6005197415653069,933,1000,0.39818834588193563,0.1916970560193493,0.6464483524045048,933,36,68,non_circular_segmented,0.41773090559311726,0.45475129638515555
CS2_38,HF8,64,degradation_spearman,20,1000,0.4748904870084829,0.2691126505706075,0.6248795909990831,933,1000,0.43537786615842,0.18671002665164665,0.6281328500476561,933,36,68,non_circular_segmented,0.35576694042847556,0.4414228233960094
CS2_38,HF8,64,partial_pearson_controlling_SOH,20,1000,-0.1795631381133171,-0.2907968865516615,-0.010447096719698,933,1000,-0.0905724734717282,-0.2285426614662219,0.05795296131368376,933,36,68,non_circular_segmented,0.2803497898319635,0.28649562277990565
CS2_38,HF8,64,degradation_pearson,30,1000,0.3839301280027656,0.1400850983750686,0.6311002870145264,933,1000,0.3963345104639543,0.17444764688620826,0.6256813790321676,933,36,68,non_circular_segmented,0.49101518863945776,0.4512337321459593
CS2_38,HF8,64,degradation_spearman,30,1000,0.4738691762801285,0.2195187339112705,0.6453430599036392,933,1000,0.35988540012204906,0.0036340075450694608,0.6240680682938942,933,36,68,non_circular_segmented,0.42582432599236864,0.6204340607488247
CS2_38,HF8,64,partial_pearson_controlling_SOH,30,1000,-0.1802164228481236,-0.287956863225782,0.0187192276664537,933,1000,-0.028725527719603315,-0.16477381748312894,0.07235139225903002,933,36,68,non_circular_segmented,0.3066760908922357,0.23712520974215895
