battery,feature,horizon,metric,value,rmse,alpha,history_length,n_test
CS2_35,persistence,1,MAE,0.009843211245489583,0.02835115377404006,,1,877
CS2_36,persistence,1,MAE,0.01313846543061291,0.06420284817756933,,1,969
CS2_37,persistence,1,MAE,0.010885982774587535,0.04687644676221549,,1,1032
CS2_38,persistence,1,MAE,0.013652130996986834,0.05819784976125725,,1,1023
CS2_35,current_SOH,1,MAE,0.01351768169122903,0.03160294602638658,0.01,1,881
CS2_35,current_SOH,1,MAE,0.013520972536032516,0.03160358809523161,0.1,1,881
CS2_35,current_SOH,1,MAE,0.01355387025658524,0.03161005014718523,1.0,1,881
CS2_35,current_SOH,1,MAE,0.013882996255956641,0.031678769196774516,10.0,1,881
CS2_35,current_SOH,1,MAE,0.01728965722496307,0.03273775083820896,100.0,1,881
CS2_36,current_SOH,1,MAE,0.0167907247531555,0.06391014111410845,0.01,1,972
CS2_36,current_SOH,1,MAE,0.016795075455549292,0.0639100246227648,0.1,1,972
CS2_36,current_SOH,1,MAE,0.016838575834733367,0.06390890655550173,1.0,1,972
CS2_36,current_SOH,1,MAE,0.017279614730400045,0.06390237973290665,10.0,1,972
CS2_36,current_SOH,1,MAE,0.021843715772760043,0.06427154558299754,100.0,1,972
CS2_37,current_SOH,1,MAE,0.015127426812796368,0.05041792970963107,0.01,1,1037
CS2_37,current_SOH,1,MAE,0.015131326066214376,0.05041819515523017,0.1,1,1037
CS2_37,current_SOH,1,MAE,0.0151703052013633,0.05042089537782795,1.0,1,1037
CS2_37,current_SOH,1,MAE,0.01556108275849805,0.05045243939943485,10.0,1,1037
CS2_37,current_SOH,1,MAE,0.019538030518507225,0.05118704372673957,100.0,1,1037
CS2_38,current_SOH,1,MAE,0.016265111791369167,0.05929807261919965,0.01,1,1027
CS2_38,current_SOH,1,MAE,0.01626825754246528,0.05929766346989946,0.1,1,1027
CS2_38,current_SOH,1,MAE,0.016299762744479907,0.05929360170737501,1.0,1,1027
CS2_38,current_SOH,1,MAE,0.01661905402837687,0.05925593922756691,10.0,1,1027
CS2_38,current_SOH,1,MAE,0.019961753190893394,0.059157050140926835,100.0,1,1027
CS2_35,current_SOH_currentHF,1,MAE,0.011951665532172806,0.0304929934602844,0.01,1,881
CS2_35,current_SOH_currentHF,1,MAE,0.0117635492224516,0.030573182316231223,0.1,1,881
CS2_35,current_SOH_currentHF,1,MAE,0.011661615661853642,0.030593476303486297,1.0,1,881
CS2_35,current_SOH_currentHF,1,MAE,0.01153763075690658,0.030365174644419086,10.0,1,881
CS2_35,current_SOH_currentHF,1,MAE,0.011957730363783628,0.029636763818307384,100.0,1,881
CS2_36,current_SOH_currentHF,1,MAE,0.01360657494984057,0.05191149502621618,0.01,1,972
CS2_36,current_SOH_currentHF,1,MAE,0.013631340260504289,0.05196306195141109,0.1,1,972
CS2_36,current_SOH_currentHF,1,MAE,0.01366558967568904,0.05199834791583245,1.0,1,972
CS2_36,current_SOH_currentHF,1,MAE,0.013664975878848898,0.05202002898641763,10.0,1,972
CS2_36,current_SOH_currentHF,1,MAE,0.014936876626449007,0.05226282229452578,100.0,1,972
CS2_37,current_SOH_currentHF,1,MAE,0.011727083092708316,0.038436058806469484,0.01,1,1037
CS2_37,current_SOH_currentHF,1,MAE,0.011641093499492558,0.03848569047005489,0.1,1,1037
CS2_37,current_SOH_currentHF,1,MAE,0.011633819727305393,0.038529322716326767,1.0,1,1037
CS2_37,current_SOH_currentHF,1,MAE,0.01172866426882843,0.038606099847084074,10.0,1,1037
CS2_37,current_SOH_currentHF,1,MAE,0.012977531332805763,0.03929918082219576,100.0,1,1037
CS2_38,current_SOH_currentHF,1,MAE,0.012936260821100375,0.045136096085336724,0.01,1,1027
CS2_38,current_SOH_currentHF,1,MAE,0.012385279369834667,0.04486588494652624,0.1,1,1027
CS2_38,current_SOH_currentHF,1,MAE,0.012256700189391744,0.044772587645672615,1.0,1,1027
CS2_38,current_SOH_currentHF,1,MAE,0.012328487378424255,0.044770518386939205,10.0,1,1027
CS2_38,current_SOH_currentHF,1,MAE,0.013753215290987764,0.04504508237812861,100.0,1,1027
CS2_35,history_L8,1,MAE,0.012143992011386072,0.02360833415079812,0.01,8,874
CS2_35,history_L8,1,MAE,0.012144137944799866,0.023608419717546177,0.1,8,874
CS2_35,history_L8,1,MAE,0.01214559595339522,0.023609274714795795,1.0,8,874
CS2_35,history_L8,1,MAE,0.012159738367768801,0.02361776096413109,10.0,8,874
CS2_35,history_L8,1,MAE,0.012296122576615217,0.023700425908096075,100.0,8,874
CS2_36,history_L8,1,MAE,0.015787159586054367,0.049432295906299745,0.01,8,965
CS2_36,history_L8,1,MAE,0.01578719360486968,0.049432265588022675,0.1,8,965
CS2_36,history_L8,1,MAE,0.015787522306418406,0.04943196424776449,1.0,8,965
CS2_36,history_L8,1,MAE,0.0157900574731316,0.0494291114870578,10.0,8,965
CS2_36,history_L8,1,MAE,0.015783108005222594,0.049408640761656124,100.0,8,965
CS2_37,history_L8,1,MAE,0.013036335297561093,0.03658458357381009,0.01,8,1030
CS2_37,history_L8,1,MAE,0.013036479024225087,0.03658451479910301,0.1,8,1030
CS2_37,history_L8,1,MAE,0.013037906500163078,0.036583839394939574,1.0,8,1030
CS2_37,history_L8,1,MAE,0.013051901292144636,0.0365782016411566,10.0,8,1030
CS2_37,history_L8,1,MAE,0.01317122252887648,0.03657781652711246,100.0,8,1030
CS2_38,history_L8,1,MAE,0.015253362057204298,0.04408427568587221,0.01,8,1020
CS2_38,history_L8,1,MAE,0.015253582632326079,0.04408404323300817,0.1,8,1020
CS2_38,history_L8,1,MAE,0.015255771299456941,0.04408175369340866,1.0,8,1020
CS2_38,history_L8,1,MAE,0.015276120883413577,0.04406194405733716,10.0,8,1020
CS2_38,history_L8,1,MAE,0.015422351576644216,0.04399511072505639,100.0,8,1020
CS2_35,history_L16,1,MAE,0.013162337692990493,0.0239114592193316,0.01,16,866
CS2_35,history_L16,1,MAE,0.013162730239994237,0.023911674281108918,0.1,16,866
CS2_35,history_L16,1,MAE,0.013166676664553274,0.02391381975377724,1.0,16,866
CS2_35,history_L16,1,MAE,0.01320482114114978,0.023934744629005897,10.0,16,866
CS2_35,history_L16,1,MAE,0.01345123128772383,0.024096320929774418,100.0,16,866
CS2_36,history_L16,1,MAE,0.016416637751340144,0.048617653968856915,0.01,16,957
CS2_36,history_L16,1,MAE,0.016416937732477183,0.04861749018649903,0.1,16,957
CS2_36,history_L16,1,MAE,0.016419911686717113,0.04861587423372239,1.0,16,957
CS2_36,history_L16,1,MAE,0.016447669815464507,0.04860167238851998,10.0,16,957
CS2_36,history_L16,1,MAE,0.016606307258622215,0.048545144962911346,100.0,16,957
CS2_37,history_L16,1,MAE,0.013544985354953427,0.03595479308299729,0.01,16,1022
CS2_37,history_L16,1,MAE,0.01354532895813284,0.035954644515442336,0.1,16,1022
CS2_37,history_L16,1,MAE,0.013548740771844123,0.035953185694374244,1.0,16,1022
CS2_37,history_L16,1,MAE,0.01358131638105557,0.03594098633496111,10.0,16,1022
CS2_37,history_L16,1,MAE,0.013794607108700493,0.0359200898768323,100.0,16,1022
CS2_38,history_L16,1,MAE,0.01505618972417294,0.04322467085884291,0.01,16,1012
CS2_38,history_L16,1,MAE,0.01505647303054022,0.043224251724336464,0.1,16,1012
CS2_38,history_L16,1,MAE,0.015059296680971817,0.04322012721830028,1.0,16,1012
CS2_38,history_L16,1,MAE,0.015085690055053788,0.04318475553059258,10.0,16,1012
CS2_38,history_L16,1,MAE,0.015280959109972339,0.0430704486068401,100.0,16,1012
CS2_35,history_L32,1,MAE,0.01342851839523588,0.024259943579288037,0.01,32,850
CS2_35,history_L32,1,MAE,0.01342925825619656,0.024260451378232382,0.1,32,850
CS2_35,history_L32,1,MAE,0.013436632755535418,0.024265531846108145,1.0,32,850
CS2_35,history_L32,1,MAE,0.013508085707187333,0.024316425008402726,10.0,32,850
CS2_35,history_L32,1,MAE,0.014058701181080884,0.024770847109726827,100.0,32,850
CS2_36,history_L32,1,MAE,0.01691245569377522,0.04910834281380489,0.01,32,941
CS2_36,history_L32,1,MAE,0.01691284404730412,0.04910815660038429,0.1,32,941
CS2_36,history_L32,1,MAE,0.01691671055476721,0.04910633795572699,1.0,32,941
CS2_36,history_L32,1,MAE,0.016956693580009223,0.049092064660364886,10.0,32,941
CS2_36,history_L32,1,MAE,0.017393350129375745,0.04912083540278313,100.0,32,941
CS2_37,history_L32,1,MAE,0.013739663409907092,0.036068254074976706,0.01,32,1006
CS2_37,history_L32,1,MAE,0.013740302036136532,0.036068099704233365,0.1,32,1006
CS2_37,history_L32,1,MAE,0.013746655527978187,0.036066597206185255,1.0,32,1006
CS2_37,history_L32,1,MAE,0.013808048535738169,0.03605526713988128,10.0,32,1006
CS2_37,history_L32,1,MAE,0.01430592540313106,0.03610209630268306,100.0,32,1006
CS2_38,history_L32,1,MAE,0.015055634530459229,0.043407761881248015,0.01,32,996
CS2_38,history_L32,1,MAE,0.015055557702273526,0.043406934275073535,0.1,32,996
CS2_38,history_L32,1,MAE,0.015054863740325872,0.04339875967131697,1.0,32,996
CS2_38,history_L32,1,MAE,0.015053021474751313,0.043326107040436615,10.0,32,996
CS2_38,history_L32,1,MAE,0.015206647104113282,0.0430212634828904,100.0,32,996
CS2_35,history_L32_currentHF,1,MAE,0.012680036729788343,0.024252046797280786,0.01,32,850
CS2_35,history_L32_currentHF,1,MAE,0.012607702608651367,0.024249262624661858,0.1,32,850
CS2_35,history_L32_currentHF,1,MAE,0.012580562405930506,0.02424197307222851,1.0,32,850
CS2_35,history_L32_currentHF,1,MAE,0.012637074934499804,0.02416675666437741,10.0,32,850
CS2_35,history_L32_currentHF,1,MAE,0.01328980058412439,0.02430829292469126,100.0,32,850
CS2_36,history_L32_currentHF,1,MAE,0.015650322578754636,0.04862558919926851,0.01,32,941
CS2_36,history_L32_currentHF,1,MAE,0.01569481150208781,0.048641191338960374,0.1,32,941
CS2_36,history_L32_currentHF,1,MAE,0.01572572670774402,0.048647977932644706,1.0,32,941
CS2_36,history_L32_currentHF,1,MAE,0.015793506239078433,0.048632692813519396,10.0,32,941
CS2_36,history_L32_currentHF,1,MAE,0.016320677489522515,0.048624276116658996,100.0,32,941
CS2_37,history_L32_currentHF,1,MAE,0.012381394512895053,0.03567689954237179,0.01,32,1006
CS2_37,history_L32_currentHF,1,MAE,0.012406698342563756,0.03569563881350025,0.1,32,1006
CS2_37,history_L32_currentHF,1,MAE,0.012427759741131804,0.03570706851803239,1.0,32,1006
CS2_37,history_L32_currentHF,1,MAE,0.012489405242465527,0.035712417356779935,10.0,32,1006
CS2_37,history_L32_currentHF,1,MAE,0.013034672580832414,0.03581637219537877,100.0,32,1006
CS2_38,history_L32_currentHF,1,MAE,0.014250312084633154,0.042969886454122856,0.01,32,996
CS2_38,history_L32_currentHF,1,MAE,0.014119818371321872,0.042915951640800566,0.1,32,996
CS2_38,history_L32_currentHF,1,MAE,0.014083725323616231,0.04289585847779414,1.0,32,996
CS2_38,history_L32_currentHF,1,MAE,0.01416224107180282,0.042853183940080156,10.0,32,996
CS2_38,history_L32_currentHF,1,MAE,0.014622614217847716,0.0426594865445438,100.0,32,996
CS2_35,trend_L32,1,MAE,0.014725631461964856,0.02886158783554984,0.01,32,850
CS2_35,trend_L32,1,MAE,0.014728290166998143,0.02886382201550653,0.1,32,850
CS2_35,trend_L32,1,MAE,0.014754853630041252,0.02888647408596363,1.0,32,850
CS2_35,trend_L32,1,MAE,0.015044443418811157,0.029141738873178193,10.0,32,850
CS2_35,trend_L32,1,MAE,0.01817427255010082,0.033074838961107134,100.0,32,850
CS2_36,trend_L32,1,MAE,0.01665208528776406,0.053093082294394855,0.01,32,941
CS2_36,trend_L32,1,MAE,0.01665242414646127,0.05309220802447672,0.1,32,941
CS2_36,trend_L32,1,MAE,0.016655834584584993,0.053083514817329085,1.0,32,941
CS2_36,trend_L32,1,MAE,0.016698439174728276,0.053001406833577694,10.0,32,941
CS2_36,trend_L32,1,MAE,0.017537683111669925,0.05256709797057314,100.0,32,941
CS2_37,trend_L32,1,MAE,0.016263580453949333,0.043938586336624764,0.01,32,1006
CS2_37,trend_L32,1,MAE,0.016267824677687504,0.043940306222578385,0.1,32,1006
CS2_37,trend_L32,1,MAE,0.0163102922404302,0.04395793933082727,1.0,32,1006
CS2_37,trend_L32,1,MAE,0.016737924239631184,0.04417435048139305,10.0,32,1006
CS2_37,trend_L32,1,MAE,0.020304459266394577,0.048245813850853046,100.0,32,1006
CS2_38,trend_L32,1,MAE,0.01804768519819227,0.050403615612571125,0.01,32,996
CS2_38,trend_L32,1,MAE,0.018050351911446542,0.05040297068169494,0.1,32,996
CS2_38,trend_L32,1,MAE,0.0180769462543213,0.05039675770504756,1.0,32,996
CS2_38,trend_L32,1,MAE,0.01834233588576549,0.05035696918133444,10.0,32,996
CS2_38,trend_L32,1,MAE,0.02075420468038357,0.05130822875987789,100.0,32,996
CS2_35,trend_L32_currentHF,1,MAE,0.01241718195633883,0.028589183034480218,0.01,32,850
CS2_35,trend_L32_currentHF,1,MAE,0.012324678892309362,0.02864818619109265,0.1,32,850
CS2_35,trend_L32_currentHF,1,MAE,0.01228368683484783,0.02867973229429776,1.0,32,850
CS2_35,trend_L32_currentHF,1,MAE,0.012333498505075327,0.02870318279213744,10.0,32,850
CS2_35,trend_L32_currentHF,1,MAE,0.01358567907172589,0.02948607382654904,100.0,32,850
CS2_36,trend_L32_currentHF,1,MAE,0.014257074699895615,0.05119486351757316,0.01,32,941
CS2_36,trend_L32_currentHF,1,MAE,0.014217696893734805,0.0512129109445755,0.1,32,941
CS2_36,trend_L32_currentHF,1,MAE,0.014219733065337355,0.05122870935901807,1.0,32,941
CS2_36,trend_L32_currentHF,1,MAE,0.01422042596587116,0.05122551053547334,10.0,32,941
CS2_36,trend_L32_currentHF,1,MAE,0.01450656250898073,0.05109151163580378,100.0,32,941
CS2_37,trend_L32_currentHF,1,MAE,0.013127119732473916,0.03854131022906699,0.01,32,1006
CS2_37,trend_L32_currentHF,1,MAE,0.013113435267276178,0.038582861681528684,0.1,32,1006
CS2_37,trend_L32_currentHF,1,MAE,0.013128250022220275,0.038616550368901985,1.0,32,1006
CS2_37,trend_L32_currentHF,1,MAE,0.013275885428769046,0.038716388907326614,10.0,32,1006
CS2_37,trend_L32_currentHF,1,MAE,0.014733765728928734,0.0403210915950725,100.0,32,1006
CS2_38,trend_L32_currentHF,1,MAE,0.014426423748803393,0.04540075055388859,0.01,32,996
CS2_38,trend_L32_currentHF,1,MAE,0.014024736763687482,0.045236481203318274,0.1,32,996
CS2_38,trend_L32_currentHF,1,MAE,0.01389756522494774,0.045159718235095826,1.0,32,996
CS2_38,trend_L32_currentHF,1,MAE,0.01382848843003498,0.044949948697207046,10.0,32,996
CS2_38,trend_L32_currentHF,1,MAE,0.014669499114544453,0.04441910920936986,100.0,32,996
CS2_35,history_L16_HFhistory,1,MAE,0.013455015862105192,0.024987116407044777,0.01,16,866
CS2_35,history_L16_HFhistory,1,MAE,0.013449221726745661,0.0249476681073628,0.1,16,866
CS2_35,history_L16_HFhistory,1,MAE,0.013408910689716181,0.02492015961747515,1.0,16,866
CS2_35,history_L16_HFhistory,1,MAE,0.013138741359127843,0.024656761675919524,10.0,16,866
CS2_35,history_L16_HFhistory,1,MAE,0.012648375115640568,0.024111853147298096,100.0,16,866
CS2_36,history_L16_HFhistory,1,MAE,0.015421354689852167,0.04832876250536384,0.01,16,957
CS2_36,history_L16_HFhistory,1,MAE,0.015414986198518131,0.04831011719359724,0.1,16,957
CS2_36,history_L16_HFhistory,1,MAE,0.015447565975087634,0.04828275681424308,1.0,16,957
CS2_36,history_L16_HFhistory,1,MAE,0.015196141274645114,0.048153351248834776,10.0,16,957
CS2_36,history_L16_HFhistory,1,MAE,0.01475824713832374,0.047834657318957266,100.0,16,957
CS2_37,history_L16_HFhistory,1,MAE,0.013403845010668807,0.03564731814077241,0.01,16,1022
CS2_37,history_L16_HFhistory,1,MAE,0.013357884655422585,0.03561290560577508,0.1,16,1022
CS2_37,history_L16_HFhistory,1,MAE,0.013374928898738264,0.03560541694252501,1.0,16,1022
CS2_37,history_L16_HFhistory,1,MAE,0.01332748198465079,0.03552031342215823,10.0,16,1022
CS2_37,history_L16_HFhistory,1,MAE,0.013285180556584262,0.03536323025626875,100.0,16,1022
CS2_38,history_L16_HFhistory,1,MAE,0.014392105756308199,0.042226279114001876,0.01,16,1012
CS2_38,history_L16_HFhistory,1,MAE,0.014389924365287474,0.042287205750134,0.1,16,1012
CS2_38,history_L16_HFhistory,1,MAE,0.014359940648987829,0.0422687566591994,1.0,16,1012
CS2_38,history_L16_HFhistory,1,MAE,0.014120726841728218,0.04211894971602126,10.0,16,1012
CS2_38,history_L16_HFhistory,1,MAE,0.013803784302141561,0.04195919504781457,100.0,16,1012
CS2_35,history_L32_HFhistory,1,MAE,0.015113989740908117,0.02647936091348179,0.01,32,850
CS2_35,history_L32_HFhistory,1,MAE,0.015115261359206135,0.02640261044059604,0.1,32,850
CS2_35,history_L32_HFhistory,1,MAE,0.015070774017348576,0.026329097862706385,1.0,32,850
CS2_35,history_L32_HFhistory,1,MAE,0.014577681529581341,0.025803704019107858,10.0,32,850
CS2_35,history_L32_HFhistory,1,MAE,0.013685203121420159,0.024814332896473397,100.0,32,850
CS2_36,history_L32_HFhistory,1,MAE,0.01768023792727323,0.049659420761475635,0.01,32,941
CS2_36,history_L32_HFhistory,1,MAE,0.017495923815416644,0.049520058607321116,0.1,32,941
CS2_36,history_L32_HFhistory,1,MAE,0.017376167404299026,0.049437776433179134,1.0,32,941
CS2_36,history_L32_HFhistory,1,MAE,0.016779080343094284,0.049141241512849175,10.0,32,941
CS2_36,history_L32_HFhistory,1,MAE,0.01579017764417915,0.048568319360828144,100.0,32,941
CS2_37,history_L32_HFhistory,1,MAE,0.014705206035581796,0.03639517056297602,0.01,32,1006
CS2_37,history_L32_HFhistory,1,MAE,0.01459803042769899,0.0363696792305704,0.1,32,1006
CS2_37,history_L32_HFhistory,1,MAE,0.014556681720254707,0.03635199722823197,1.0,32,1006
CS2_37,history_L32_HFhistory,1,MAE,0.01435677740156992,0.03614317935735146,10.0,32,1006
CS2_37,history_L32_HFhistory,1,MAE,0.014073169387924198,0.03573869164122975,100.0,32,1006
CS2_38,history_L32_HFhistory,1,MAE,0.016504664927432154,0.04344449362075702,0.01,32,996
CS2_38,history_L32_HFhistory,1,MAE,0.01634628694757784,0.04344102204281296,0.1,32,996
CS2_38,history_L32_HFhistory,1,MAE,0.016216986008254337,0.04336782525509716,1.0,32,996
CS2_38,history_L32_HFhistory,1,MAE,0.015712863783519406,0.043025652655000274,10.0,32,996
CS2_38,history_L32_HFhistory,1,MAE,0.014887677006666863,0.042535345375346555,100.0,32,996
CS2_35,persistence,4,MAE,0.014447726597972024,0.0301837226727563,,1,874
CS2_36,persistence,4,MAE,0.017996244768807436,0.06563234243500025,,1,966
CS2_37,persistence,4,MAE,0.014944276937418776,0.045991929542691073,,1,1029
CS2_38,persistence,4,MAE,0.017811491812500153,0.05872508914866817,,1,1020
CS2_35,current_SOH,4,MAE,0.016368509867900952,0.033813557306774086,0.01,1,878
CS2_35,current_SOH,4,MAE,0.01637063805313263,0.03381421187009374,0.1,1,878
CS2_35,current_SOH,4,MAE,0.01639196635194946,0.03382079569998561,1.0,1,878
CS2_35,current_SOH,4,MAE,0.016609600307409215,0.03389041901943922,10.0,1,878
CS2_35,current_SOH,4,MAE,0.019157401099585858,0.034930548769063895,100.0,1,878
CS2_36,current_SOH,4,MAE,0.019578984625239302,0.06560115598861593,0.01,1,969
CS2_36,current_SOH,4,MAE,0.019581794018024803,0.06560093778993005,0.1,1,969
CS2_36,current_SOH,4,MAE,0.019609999569028803,0.06559880217085268,1.0,1,969
CS2_36,current_SOH,4,MAE,0.01990064843528212,0.06558205308521069,10.0,1,969
CS2_36,current_SOH,4,MAE,0.023485555422528764,0.06584542420618075,100.0,1,969
CS2_37,current_SOH,4,MAE,0.0175797453296286,0.050291850355457864,0.01,1,1034
CS2_37,current_SOH,4,MAE,0.017582649318545664,0.050292189749311156,0.1,1,1034
CS2_37,current_SOH,4,MAE,0.017611796056379914,0.050295629234737904,1.0,1,1034
CS2_37,current_SOH,4,MAE,0.017906967773216455,0.05033454311316574,10.0,1,1034
CS2_37,current_SOH,4,MAE,0.021110923388348496,0.05113986443464321,100.0,1,1034
CS2_38,current_SOH,4,MAE,0.019269396760740937,0.06016787656636445,0.01,1,1024
CS2_38,current_SOH,4,MAE,0.01927122669493546,0.06016747595388159,0.1,1,1024
CS2_38,current_SOH,4,MAE,0.01928955419030924,0.06016349913428388,1.0,1,1024
CS2_38,current_SOH,4,MAE,0.019489235251609217,0.06012664368060137,10.0,1,1024
CS2_38,current_SOH,4,MAE,0.021913914987044078,0.06003173517334642,100.0,1,1024
CS2_35,current_SOH_currentHF,4,MAE,0.014150914505209984,0.03241680911874837,0.01,1,878
CS2_35,current_SOH_currentHF,4,MAE,0.014126744948011164,0.0324477058916535,0.1,1,878
CS2_35,current_SOH_currentHF,4,MAE,0.014105608665902821,0.03243847487548369,1.0,1,878
CS2_35,current_SOH_currentHF,4,MAE,0.014046490107700075,0.03222049709422348,10.0,1,878
CS2_35,current_SOH_currentHF,4,MAE,0.014429756473495998,0.031544962269400914,100.0,1,878
CS2_36,current_SOH_currentHF,4,MAE,0.016304541456794414,0.05317898535064427,0.01,1,969
CS2_36,current_SOH_currentHF,4,MAE,0.016303456061050582,0.05320449253939719,0.1,1,969
CS2_36,current_SOH_currentHF,4,MAE,0.01630584230302552,0.05322164182403632,1.0,1,969
CS2_36,current_SOH_currentHF,4,MAE,0.016291226127990818,0.05323514409563726,10.0,1,969
CS2_36,current_SOH_currentHF,4,MAE,0.017221899118542397,0.053428990040115885,100.0,1,969
CS2_37,current_SOH_currentHF,4,MAE,0.014513526519271385,0.03962778239688517,0.01,1,1034
CS2_37,current_SOH_currentHF,4,MAE,0.014450403158266045,0.0396205931435184,0.1,1,1034
CS2_37,current_SOH_currentHF,4,MAE,0.014446040172158043,0.039625499849979255,1.0,1,1034
CS2_37,current_SOH_currentHF,4,MAE,0.014515318124468256,0.03963701388609831,10.0,1,1034
CS2_37,current_SOH_currentHF,4,MAE,0.015546250220222052,0.040062125823912775,100.0,1,1034
CS2_38,current_SOH_currentHF,4,MAE,0.015421233839601376,0.04579213169844883,0.01,1,1024
CS2_38,current_SOH_currentHF,4,MAE,0.015131627516291027,0.04558499146740432,0.1,1,1024
CS2_38,current_SOH_currentHF,4,MAE,0.015063754159696935,0.04551168255008066,1.0,1,1024
CS2_38,current_SOH_currentHF,4,MAE,0.01516221053130026,0.04553742218004053,10.0,1,1024
CS2_38,current_SOH_currentHF,4,MAE,0.016150132255265456,0.04583003235538286,100.0,1,1024
CS2_35,history_L8,4,MAE,0.014167299465469681,0.025344302226123067,0.01,8,871
CS2_35,history_L8,4,MAE,0.014167388920892433,0.02534434549791153,0.1,8,871
CS2_35,history_L8,4,MAE,0.014168279975854464,0.02534478264686207,1.0,8,871
CS2_35,history_L8,4,MAE,0.014177262854080847,0.02534955456946178,10.0,8,871
CS2_35,history_L8,4,MAE,0.014266336582202948,0.02541820570804087,100.0,8,871
CS2_36,history_L8,4,MAE,0.01752550554823532,0.05012065927299921,0.01,8,962
CS2_36,history_L8,4,MAE,0.017525484357942718,0.050120514837206795,0.1,8,962
CS2_36,history_L8,4,MAE,0.017525266445144592,0.05011908202774491,1.0,8,962
CS2_36,history_L8,4,MAE,0.017522532424161377,0.050105800470863826,10.0,8,962
CS2_36,history_L8,4,MAE,0.017492353196484508,0.05002598880935187,100.0,8,962
CS2_37,history_L8,4,MAE,0.014860509391567502,0.03760946953243926,0.01,8,1027
CS2_37,history_L8,4,MAE,0.014860561693818454,0.03760942493152315,0.1,8,1027
CS2_37,history_L8,4,MAE,0.014861082789741263,0.03760898884098134,1.0,8,1027
CS2_37,history_L8,4,MAE,0.01486624696738692,0.03760551756999945,10.0,8,1027
CS2_37,history_L8,4,MAE,0.014924679249755856,0.03761401039139959,100.0,8,1027
CS2_38,history_L8,4,MAE,0.01638571367380801,0.04427798720297903,0.01,8,1017
CS2_38,history_L8,4,MAE,0.016385855336837295,0.044277763188225565,0.1,8,1017
CS2_38,history_L8,4,MAE,0.016387265363318356,0.044275560248393395,1.0,8,1017
CS2_38,history_L8,4,MAE,0.01640077093461185,0.04425678552405859,10.0,8,1017
CS2_38,history_L8,4,MAE,0.016515650060048147,0.04420215234483145,100.0,8,1017
CS2_35,history_L16,4,MAE,0.01486230782836436,0.02538140506339506,0.01,16,863
CS2_35,history_L16,4,MAE,0.014862692164990381,0.02538154658887318,0.1,16,863
CS2_35,history_L16,4,MAE,0.014866511079977215,0.025382964218782205,1.0,16,863
CS2_35,history_L16,4,MAE,0.01490278794789875,0.025397301008113517,10.0,16,863
CS2_35,history_L16,4,MAE,0.015136803239875317,0.02552896695537275,100.0,16,863
CS2_36,history_L16,4,MAE,0.0181236197575332,0.04960619310995913,0.01,16,954
CS2_36,history_L16,4,MAE,0.0181238547230017,0.04960603313277605,0.1,16,954
CS2_36,history_L16,4,MAE,0.01812618444512705,0.04960445584856699,1.0,16,954
CS2_36,history_L16,4,MAE,0.018148093002929515,0.04959068866385663,10.0,16,954
CS2_36,history_L16,4,MAE,0.018263601554338524,0.04953798259611119,100.0,16,954
CS2_37,history_L16,4,MAE,0.014966618404580316,0.036622325018174265,0.01,16,1019
CS2_37,history_L16,4,MAE,0.014966882885885865,0.03662222170890842,0.1,16,1019
CS2_37,history_L16,4,MAE,0.01496951023611466,0.03662121157337439,1.0,16,1019
CS2_37,history_L16,4,MAE,0.01499473148385167,0.03661314506212024,10.0,16,1019
CS2_37,history_L16,4,MAE,0.015168055826402791,0.036615675724376656,100.0,16,1019
CS2_38,history_L16,4,MAE,0.016104271468737063,0.0435132224954743,0.01,16,1009
CS2_38,history_L16,4,MAE,0.016104314317761322,0.04351280304741668,0.1,16,1009
CS2_38,history_L16,4,MAE,0.016104746077081004,0.043508674490510255,1.0,16,1009
CS2_38,history_L16,4,MAE,0.01611076805071105,0.043473198809405485,10.0,16,1009
CS2_38,history_L16,4,MAE,0.01622433713250848,0.043359037871451706,100.0,16,1009
CS2_35,history_L32,4,MAE,0.01492967026640466,0.02574060393899884,0.01,32,847
CS2_35,history_L32,4,MAE,0.014930212286892319,0.025740992254726758,0.1,32,847
CS2_35,history_L32,4,MAE,0.014935605350168024,0.025744884576487208,1.0,32,847
CS2_35,history_L32,4,MAE,0.014987599045621103,0.025784532481343693,10.0,32,847
CS2_35,history_L32,4,MAE,0.015397600829609816,0.026168332052855896,100.0,32,847
CS2_36,history_L32,4,MAE,0.01839294149032838,0.050004590775873124,0.01,32,938
CS2_36,history_L32,4,MAE,0.018393188933299224,0.05000438042329024,0.1,32,938
CS2_36,history_L32,4,MAE,0.0183960536346655,0.05000232266551533,1.0,32,938
CS2_36,history_L32,4,MAE,0.018425909164851286,0.049985863911191024,10.0,32,938
CS2_36,history_L32,4,MAE,0.01877480669323522,0.0500029273603647,100.0,32,938
CS2_37,history_L32,4,MAE,0.01515702954829579,0.03683929818953026,0.01,32,1003
CS2_37,history_L32,4,MAE,0.01515751089156209,0.036839157480583355,0.1,32,1003
CS2_37,history_L32,4,MAE,0.015162299438120806,0.03683778850175889,1.0,32,1003
CS2_37,history_L32,4,MAE,0.015208117971869401,0.03682752059093258,10.0,32,1003
CS2_37,history_L32,4,MAE,0.015571553960350972,0.03687471202431455,100.0,32,1003
CS2_38,history_L32,4,MAE,0.016017263153471586,0.04362950205748362,0.01,32,993
CS2_38,history_L32,4,MAE,0.016017023093244917,0.043628782788030354,0.1,32,993
CS2_38,history_L32,4,MAE,0.01601467849345414,0.043621680153905634,1.0,32,993
CS2_38,history_L32,4,MAE,0.015998228032464357,0.04355873178764037,10.0,32,993
CS2_38,history_L32,4,MAE,0.01608323298453784,0.04330479998071672,100.0,32,993
CS2_35,history_L32_currentHF,4,MAE,0.014156359654910583,0.02565268992291382,0.01,32,847
CS2_35,history_L32_currentHF,4,MAE,0.014164182731948081,0.025646066501836345,0.1,32,847
CS2_35,history_L32_currentHF,4,MAE,0.01417397214098757,0.02563631369958653,1.0,32,847
CS2_35,history_L32_currentHF,4,MAE,0.01423664505067755,0.025590497663549212,10.0,32,847
CS2_35,history_L32_currentHF,4,MAE,0.014715471311855086,0.025705688000340857,100.0,32,847
CS2_36,history_L32_currentHF,4,MAE,0.017663320319541247,0.049658585985612354,0.01,32,938
CS2_36,history_L32_currentHF,4,MAE,0.01763163106076893,0.049652711322622604,0.1,32,938
CS2_36,history_L32_currentHF,4,MAE,0.017619782830795242,0.04964789752636938,1.0,32,938
CS2_36,history_L32_currentHF,4,MAE,0.01766445937294361,0.04963005066057524,10.0,32,938
CS2_36,history_L32_currentHF,4,MAE,0.01804124617858451,0.04962229362801922,100.0,32,938
CS2_37,history_L32_currentHF,4,MAE,0.01467659031276099,0.036890130283910944,0.01,32,1003
CS2_37,history_L32_currentHF,4,MAE,0.014681918636199665,0.03688771287982037,0.1,32,1003
CS2_37,history_L32_currentHF,4,MAE,0.014687418633890621,0.03688349175540562,1.0,32,1003
CS2_37,history_L32_currentHF,4,MAE,0.01471453751119582,0.03685531028338051,10.0,32,1003
CS2_37,history_L32_currentHF,4,MAE,0.014988481942249807,0.03681096286558681,100.0,32,1003
CS2_38,history_L32_currentHF,4,MAE,0.01563639364360561,0.04335274969347174,0.01,32,993
CS2_38,history_L32_currentHF,4,MAE,0.01558281516719847,0.04333447757671557,0.1,32,993
CS2_38,history_L32_currentHF,4,MAE,0.015558997108029089,0.04332178333147483,1.0,32,993
CS2_38,history_L32_currentHF,4,MAE,0.01554188229770247,0.04327004632099624,10.0,32,993
CS2_38,history_L32_currentHF,4,MAE,0.0156638428481142,0.043080372088269724,100.0,32,993
CS2_35,trend_L32,4,MAE,0.01671615312412245,0.030793258879762298,0.01,32,847
CS2_35,trend_L32,4,MAE,0.016718918132126604,0.03079558448280748,0.1,32,847
CS2_35,trend_L32,4,MAE,0.016746495832222534,0.030819123571617802,1.0,32,847
CS2_35,trend_L32,4,MAE,0.017017069240653358,0.031080759137632658,10.0,32,847
CS2_35,trend_L32,4,MAE,0.019906319107125457,0.03496802933509205,100.0,32,847
CS2_36,trend_L32,4,MAE,0.01895000116807319,0.05487487890593075,0.01,32,938
CS2_36,trend_L32,4,MAE,0.018950341695374788,0.054874016007433656,0.1,32,938
CS2_36,trend_L32,4,MAE,0.018953744580282268,0.054865434570299576,1.0,32,938
CS2_36,trend_L32,4,MAE,0.01899059438652067,0.05478425677777172,10.0,32,938
CS2_36,trend_L32,4,MAE,0.01957834279935034,0.05434535639595185,100.0,32,938
CS2_37,trend_L32,4,MAE,0.017775042673505017,0.04485279992444572,0.01,32,1003
CS2_37,trend_L32,4,MAE,0.017779123149125498,0.04485420619748169,0.1,32,1003
CS2_37,trend_L32,4,MAE,0.017819795459641734,0.044868709418723014,1.0,32,1003
CS2_37,trend_L32,4,MAE,0.01822149381633192,0.0450545486950655,10.0,32,1003
CS2_37,trend_L32,4,MAE,0.02164045850657023,0.048923801541307856,100.0,32,1003
CS2_38,trend_L32,4,MAE,0.019840890081016405,0.05102963620269737,0.01,32,993
CS2_38,trend_L32,4,MAE,0.019842980340805824,0.05102907014855591,0.1,32,993
CS2_38,trend_L32,4,MAE,0.019866158920999324,0.05102363820888947,1.0,32,993
CS2_38,trend_L32,4,MAE,0.020103520758552602,0.050990947368324296,10.0,32,993
CS2_38,trend_L32,4,MAE,0.022301303127176184,0.05197835399727431,100.0,32,993
CS2_35,trend_L32_currentHF,4,MAE,0.014232296045622159,0.03044380489692602,0.01,32,847
CS2_35,trend_L32_currentHF,4,MAE,0.014241926816883146,0.03042847202783388,0.1,32,847
CS2_35,trend_L32_currentHF,4,MAE,0.014249665057017403,0.030424313707598176,1.0,32,847
CS2_35,trend_L32_currentHF,4,MAE,0.014292921634001584,0.030471887750825103,10.0,32,847
CS2_35,trend_L32_currentHF,4,MAE,0.015315216436795598,0.03128984128941049,100.0,32,847
CS2_36,trend_L32_currentHF,4,MAE,0.01669967025602986,0.052491401217808195,0.01,32,938
CS2_36,trend_L32_currentHF,4,MAE,0.016673946485553294,0.05249499458242949,0.1,32,938
CS2_36,trend_L32_currentHF,4,MAE,0.016661118393441855,0.05249526700309696,1.0,32,938
CS2_36,trend_L32_currentHF,4,MAE,0.016653177387139038,0.05246436951403328,10.0,32,938
CS2_36,trend_L32_currentHF,4,MAE,0.016812741403846046,0.05228165057186437,100.0,32,938
CS2_37,trend_L32_currentHF,4,MAE,0.01525846765155545,0.04001804242750965,0.01,32,1003
CS2_37,trend_L32_currentHF,4,MAE,0.015257929403291424,0.04001869434596178,0.1,32,1003
CS2_37,trend_L32_currentHF,4,MAE,0.0152790958681324,0.04002716554781726,1.0,32,1003
CS2_37,trend_L32_currentHF,4,MAE,0.015424538221752963,0.040096316406699424,10.0,32,1003
CS2_37,trend_L32_currentHF,4,MAE,0.016785588179880247,0.04144141830845663,100.0,32,1003
CS2_38,trend_L32_currentHF,4,MAE,0.016407711382879813,0.045809040514494706,0.01,32,993
CS2_38,trend_L32_currentHF,4,MAE,0.016218138794029797,0.04569408512102954,0.1,32,993
CS2_38,trend_L32_currentHF,4,MAE,0.016141754648725592,0.04562765477091553,1.0,32,993
CS2_38,trend_L32_currentHF,4,MAE,0.016014054106463487,0.04542396096887366,10.0,32,993
CS2_38,trend_L32_currentHF,4,MAE,0.016477659652981133,0.04496347650496042,100.0,32,993
CS2_35,history_L16_HFhistory,4,MAE,0.014810188252989898,0.026384397627587982,0.01,16,863
CS2_35,history_L16_HFhistory,4,MAE,0.014899758035563785,0.026386152827494368,0.1,16,863
CS2_35,history_L16_HFhistory,4,MAE,0.014921010886023923,0.026382018306275953,1.0,16,863
CS2_35,history_L16_HFhistory,4,MAE,0.014690163260303193,0.026134414892596228,10.0,16,863
CS2_35,history_L16_HFhistory,4,MAE,0.014295570752942842,0.02557056795777786,100.0,16,863
CS2_36,history_L16_HFhistory,4,MAE,0.01641214842547717,0.04902085939019908,0.01,16,954
CS2_36,history_L16_HFhistory,4,MAE,0.01645379661329967,0.04902207080273292,0.1,16,954
CS2_36,history_L16_HFhistory,4,MAE,0.016561002780825663,0.04900719406914289,1.0,16,954
CS2_36,history_L16_HFhistory,4,MAE,0.01641767645662404,0.048878959345753224,10.0,16,954
CS2_36,history_L16_HFhistory,4,MAE,0.016073980299281334,0.04855188206596473,100.0,16,954
CS2_37,history_L16_HFhistory,4,MAE,0.014587691768313508,0.03620055304036756,0.01,16,1019
CS2_37,history_L16_HFhistory,4,MAE,0.014696196832379665,0.036126808030264,0.1,16,1019
CS2_37,history_L16_HFhistory,4,MAE,0.01475958592276137,0.036124438992193045,1.0,16,1019
CS2_37,history_L16_HFhistory,4,MAE,0.0146971830368493,0.03605393076518614,10.0,16,1019
CS2_37,history_L16_HFhistory,4,MAE,0.014615088083634228,0.03589552728404787,100.0,16,1019
CS2_38,history_L16_HFhistory,4,MAE,0.015661104503134574,0.042989348433346335,0.01,16,1009
CS2_38,history_L16_HFhistory,4,MAE,0.015656610295627413,0.04303318937428834,0.1,16,1009
CS2_38,history_L16_HFhistory,4,MAE,0.01567078046139443,0.043024022363720334,1.0,16,1009
CS2_38,history_L16_HFhistory,4,MAE,0.0154391462141633,0.042851401418228637,10.0,16,1009
CS2_38,history_L16_HFhistory,4,MAE,0.014808355735494728,0.04253250054291715,100.0,16,1009
CS2_35,history_L32_HFhistory,4,MAE,0.01636771651497234,0.027679952332205583,0.01,32,847
CS2_35,history_L32_HFhistory,4,MAE,0.016390872536380694,0.027611362829654942,0.1,32,847
CS2_35,history_L32_HFhistory,4,MAE,0.01636762161249744,0.027554933956405073,1.0,32,847
CS2_35,history_L32_HFhistory,4,MAE,0.015933292674096274,0.02708145018884348,10.0,32,847
CS2_35,history_L32_HFhistory,4,MAE,0.015046549906684041,0.026112271034135878,100.0,32,847
CS2_36,history_L32_HFhistory,4,MAE,0.018494535772237003,0.05004781463423755,0.01,32,938
CS2_36,history_L32_HFhistory,4,MAE,0.018289804827668454,0.04995242455048524,0.1,32,938
CS2_36,history_L32_HFhistory,4,MAE,0.01815118433876908,0.049888033514050155,1.0,32,938
CS2_36,history_L32_HFhistory,4,MAE,0.017687347936585572,0.04965126812220696,10.0,32,938
CS2_36,history_L32_HFhistory,4,MAE,0.017000744361417817,0.049217080711193975,100.0,32,938
CS2_37,history_L32_HFhistory,4,MAE,0.016022423783703995,0.03716046111806815,0.01,32,1003
CS2_37,history_L32_HFhistory,4,MAE,0.015977885286460467,0.03708932996631779,0.1,32,1003
CS2_37,history_L32_HFhistory,4,MAE,0.01594447049349475,0.03705943963436981,1.0,32,1003
CS2_37,history_L32_HFhistory,4,MAE,0.015755907669912906,0.03685815893235935,10.0,32,1003
CS2_37,history_L32_HFhistory,4,MAE,0.015479991288181316,0.036480337465206125,100.0,32,1003
CS2_38,history_L32_HFhistory,4,MAE,0.01752312271203582,0.04391322108122753,0.01,32,993
CS2_38,history_L32_HFhistory,4,MAE,0.01736732448218188,0.04389032875156565,0.1,32,993
CS2_38,history_L32_HFhistory,4,MAE,0.017273395727114216,0.043837171086097,1.0,32,993
CS2_38,history_L32_HFhistory,4,MAE,0.016942723219913372,0.0435865337043193,10.0,32,993
CS2_38,history_L32_HFhistory,4,MAE,0.016123661335371877,0.043123115508859944,100.0,32,993
CS2_35,persistence,8,MAE,0.017276527022319976,0.03196599296592079,,1,870
CS2_36,persistence,8,MAE,0.020985339757540945,0.06646431050457668,,1,962
CS2_37,persistence,8,MAE,0.017319413605021764,0.04900016528454678,,1,1025
CS2_38,persistence,8,MAE,0.019265785793584754,0.05688400506572547,,1,1016
CS2_35,current_SOH,8,MAE,0.017835972402628335,0.03557605068917756,0.01,1,874
CS2_35,current_SOH,8,MAE,0.017837965733063576,0.03557676711191098,0.1,1,874
CS2_35,current_SOH,8,MAE,0.017857892494322177,0.03558396691798184,1.0,1,874
CS2_35,current_SOH,8,MAE,0.018060992511252514,0.03565948999180802,10.0,1,874
CS2_35,current_SOH,8,MAE,0.020373317973321904,0.03673467121281229,100.0,1,874
CS2_36,current_SOH,8,MAE,0.02048107200420705,0.06636388388186208,0.01,1,965
CS2_36,current_SOH,8,MAE,0.020483275211676484,0.06636357601324684,0.1,1,965
CS2_36,current_SOH,8,MAE,0.02050531373286154,0.06636054398023059,1.0,1,965
CS2_36,current_SOH,8,MAE,0.020735168158737893,0.06633485973373812,10.0,1,965
CS2_36,current_SOH,8,MAE,0.024022757614280237,0.06651218897840283,100.0,1,965
CS2_37,current_SOH,8,MAE,0.01807730100434155,0.05295894641592064,0.01,1,1030
CS2_37,current_SOH,8,MAE,0.01807979330800447,0.05295913731793609,0.1,1,1030
CS2_37,current_SOH,8,MAE,0.01810470771742875,0.05296109058259287,1.0,1,1030
CS2_37,current_SOH,8,MAE,0.01836104700137864,0.05298501467874424,10.0,1,1030
CS2_37,current_SOH,8,MAE,0.02150922466696356,0.05363034748598167,100.0,1,1030
CS2_38,current_SOH,8,MAE,0.01938789992486517,0.0585690814978969,0.01,1,1020
CS2_38,current_SOH,8,MAE,0.019390051660302565,0.05856880006764781,0.1,1,1020
CS2_38,current_SOH,8,MAE,0.01941160210644872,0.05856601538765375,1.0,1,1020
CS2_38,current_SOH,8,MAE,0.019635160093602392,0.05854111207668249,10.0,1,1020
CS2_38,current_SOH,8,MAE,0.02219940391990226,0.05856784661161438,100.0,1,1020
CS2_35,current_SOH_currentHF,8,MAE,0.016191605430917595,0.034002924884533,0.01,1,874
CS2_35,current_SOH_currentHF,8,MAE,0.015966632418175593,0.03423490808887166,0.1,1,874
CS2_35,current_SOH_currentHF,8,MAE,0.015864777591696855,0.03435598936240723,1.0,1,874
CS2_35,current_SOH_currentHF,8,MAE,0.01573538657450307,0.034144141944218276,10.0,1,874
CS2_35,current_SOH_currentHF,8,MAE,0.015916484492454964,0.03348457299280813,100.0,1,874
CS2_36,current_SOH_currentHF,8,MAE,0.017489886150263215,0.0528109009497539,0.01,1,965
CS2_36,current_SOH_currentHF,8,MAE,0.017527542484869846,0.052960551168612875,0.1,1,965
CS2_36,current_SOH_currentHF,8,MAE,0.01760849289929378,0.05307959132341329,1.0,1,965
CS2_36,current_SOH_currentHF,8,MAE,0.01750828412645198,0.0531081523312895,10.0,1,965
CS2_36,current_SOH_currentHF,8,MAE,0.017569317941169973,0.05323917125424943,100.0,1,965
CS2_37,current_SOH_currentHF,8,MAE,0.015166433724969307,0.039852883027846335,0.01,1,1030
CS2_37,current_SOH_currentHF,8,MAE,0.015039255543640422,0.03995151763333921,0.1,1,1030
CS2_37,current_SOH_currentHF,8,MAE,0.015048079756835654,0.04005452555344122,1.0,1,1030
CS2_37,current_SOH_currentHF,8,MAE,0.015022439652731472,0.040149268726150225,10.0,1,1030
CS2_37,current_SOH_currentHF,8,MAE,0.01561194978636451,0.04084879812213488,100.0,1,1030
CS2_38,current_SOH_currentHF,8,MAE,0.01602449992399744,0.04435785426995122,0.01,1,1020
CS2_38,current_SOH_currentHF,8,MAE,0.015306616491328591,0.04408236691346587,0.1,1,1020
CS2_38,current_SOH_currentHF,8,MAE,0.015148326221709644,0.04402960228740984,1.0,1,1020
CS2_38,current_SOH_currentHF,8,MAE,0.015136128324596081,0.04407809756639644,10.0,1,1020
CS2_38,current_SOH_currentHF,8,MAE,0.01602504064347697,0.04461513341083884,100.0,1,1020
CS2_35,history_L8,8,MAE,0.016367050888678836,0.027332760589602326,0.01,8,867
CS2_35,history_L8,8,MAE,0.016367181097505117,0.02733281208659122,0.1,8,867
CS2_35,history_L8,8,MAE,0.016368475775492358,0.027333333101999258,1.0,8,867
CS2_35,history_L8,8,MAE,0.016380915836150332,0.027339084040364958,10.0,8,867
CS2_35,history_L8,8,MAE,0.016474910709746327,0.027422079576795155,100.0,8,867
CS2_36,history_L8,8,MAE,0.01933496216663862,0.050503496746673496,0.01,8,958
CS2_36,history_L8,8,MAE,0.01933495147872543,0.05050334036244644,0.1,8,958
CS2_36,history_L8,8,MAE,0.019334838903563852,0.05050178978474497,1.0,8,958
CS2_36,history_L8,8,MAE,0.01933318588738822,0.050487475287697176,10.0,8,958
CS2_36,history_L8,8,MAE,0.019306105017308037,0.050400674719337304,100.0,8,958
CS2_37,history_L8,8,MAE,0.01644361760610349,0.03884049581826088,0.01,8,1023
CS2_37,history_L8,8,MAE,0.016443700224921698,0.03884039221508263,0.1,8,1023
CS2_37,history_L8,8,MAE,0.01644451863140547,0.038839374435391406,1.0,8,1023
CS2_37,history_L8,8,MAE,0.01645221816914072,0.03883082580127244,10.0,8,1023
CS2_37,history_L8,8,MAE,0.016513720440362308,0.03881948564742083,100.0,8,1023
CS2_38,history_L8,8,MAE,0.01744349381299482,0.04444660653381471,0.01,8,1013
CS2_38,history_L8,8,MAE,0.01744369913355837,0.044446545818022966,0.1,8,1013
CS2_38,history_L8,8,MAE,0.01744573909925598,0.04444596226220762,1.0,8,1013
CS2_38,history_L8,8,MAE,0.017465271651488878,0.0444421221490208,10.0,8,1013
CS2_38,history_L8,8,MAE,0.017627219889293628,0.04446906178672908,100.0,8,1013
CS2_35,history_L16,8,MAE,0.01653982458780355,0.027155930892511195,0.01,16,859
CS2_35,history_L16,8,MAE,0.016540087229168613,0.027156084658195554,0.1,16,859
CS2_35,history_L16,8,MAE,0.016542696194783605,0.027157626561244954,1.0,16,859
CS2_35,history_L16,8,MAE,0.01656738935027587,0.027173366774833136,10.0,16,859
CS2_35,history_L16,8,MAE,0.01674787251553944,0.027323380065882998,100.0,16,859
CS2_36,history_L16,8,MAE,0.019925240065447734,0.05048356217436596,0.01,16,950
CS2_36,history_L16,8,MAE,0.019925454244396002,0.05048352160583272,0.1,16,950
CS2_36,history_L16,8,MAE,0.01992757778327007,0.05048312849848869,1.0,16,950
CS2_36,history_L16,8,MAE,0.019947101156466942,0.05048028677439247,10.0,16,950
CS2_36,history_L16,8,MAE,0.020060574039428878,0.05048600706846322,100.0,16,950
CS2_37,history_L16,8,MAE,0.016534251069472122,0.03792323218195524,0.01,16,1015
CS2_37,history_L16,8,MAE,0.016534605038882433,0.037922996307851495,0.1,16,1015
CS2_37,history_L16,8,MAE,0.0165381188155367,0.03792067725793954,1.0,16,1015
CS2_37,history_L16,8,MAE,0.01657114326979615,0.03790102621991666,10.0,16,1015
CS2_37,history_L16,8,MAE,0.016794632255700843,0.03785664186073084,100.0,16,1015
CS2_38,history_L16,8,MAE,0.01692725129718806,0.0437046421938046,0.01,16,1005
CS2_38,history_L16,8,MAE,0.016927321218124368,0.04370435067956983,0.1,16,1005
CS2_38,history_L16,8,MAE,0.01692801772918196,0.0437014920676398,1.0,16,1005
CS2_38,history_L16,8,MAE,0.016936031596157503,0.043677838161690685,10.0,16,1005
CS2_38,history_L16,8,MAE,0.017078302365316916,0.0436319062455932,100.0,16,1005
CS2_35,history_L32,8,MAE,0.016395183294545923,0.027433876705340466,0.01,32,843
CS2_35,history_L32,8,MAE,0.016395580525096768,0.027434205151690556,0.1,32,843
CS2_35,history_L32,8,MAE,0.0163995294698482,0.02743750234743801,1.0,32,843
CS2_35,history_L32,8,MAE,0.01643698612933378,0.02747153354720339,10.0,32,843
CS2_35,history_L32,8,MAE,0.016736241140097564,0.027820219150643477,100.0,32,843
CS2_36,history_L32,8,MAE,0.020050724986135558,0.05090528247533888,0.01,32,934
CS2_36,history_L32,8,MAE,0.020050943848609948,0.05090520604699977,0.1,32,934
CS2_36,history_L32,8,MAE,0.02005312091769743,0.050904473392128745,1.0,32,934
CS2_36,history_L32,8,MAE,0.02008000470326823,0.050899980941185134,10.0,32,934
CS2_36,history_L32,8,MAE,0.02036517139439986,0.0509733270772747,100.0,32,934
CS2_37,history_L32,8,MAE,0.01644288076551983,0.03806181205865062,0.01,32,999
CS2_37,history_L32,8,MAE,0.016443264681000803,0.03806146101523354,0.1,32,999
CS2_37,history_L32,8,MAE,0.016447079148595237,0.03805800696047763,1.0,32,999
CS2_37,history_L32,8,MAE,0.016488405098742144,0.038028556204166335,10.0,32,999
CS2_37,history_L32,8,MAE,0.016852923786495846,0.0379707873060429,100.0,32,999
CS2_38,history_L32,8,MAE,0.016694509182766784,0.043823724629451055,0.01,32,989
CS2_38,history_L32,8,MAE,0.016694290127037385,0.043823158670801575,0.1,32,989
CS2_38,history_L32,8,MAE,0.01669258366999433,0.043817581788165944,1.0,32,989
CS2_38,history_L32,8,MAE,0.016687728190521445,0.04376918398558862,10.0,32,989
CS2_38,history_L32,8,MAE,0.016853679793651623,0.04361323485225312,100.0,32,989
CS2_35,history_L32_currentHF,8,MAE,0.015737258765855248,0.0276882365589846,0.01,32,843
CS2_35,history_L32_currentHF,8,MAE,0.015585510583444678,0.027775762068795916,0.1,32,843
CS2_35,history_L32_currentHF,8,MAE,0.015527163631558899,0.02782282565436834,1.0,32,843
CS2_35,history_L32_currentHF,8,MAE,0.015511168914566033,0.027651137210708707,10.0,32,843
CS2_35,history_L32_currentHF,8,MAE,0.015840691341911572,0.027481429344371467,100.0,32,843
CS2_36,history_L32_currentHF,8,MAE,0.018880592770275918,0.05028695797959643,0.01,32,934
CS2_36,history_L32_currentHF,8,MAE,0.019051095127107762,0.05036641452134478,0.1,32,934
CS2_36,history_L32_currentHF,8,MAE,0.019183321878982446,0.05042656635517464,1.0,32,934
CS2_36,history_L32_currentHF,8,MAE,0.01923446248857179,0.050419580852683867,10.0,32,934
CS2_36,history_L32_currentHF,8,MAE,0.019549616514339858,0.05044533447978004,100.0,32,934
CS2_37,history_L32_currentHF,8,MAE,0.015499366854239237,0.0374483833885738,0.01,32,999
CS2_37,history_L32_currentHF,8,MAE,0.015572581329119135,0.03753267116020812,0.1,32,999
CS2_37,history_L32_currentHF,8,MAE,0.015636683888878018,0.03759544463301329,1.0,32,999
CS2_37,history_L32_currentHF,8,MAE,0.0156713451980855,0.03759915929225182,10.0,32,999
CS2_37,history_L32_currentHF,8,MAE,0.015962620483481193,0.037628478139137535,100.0,32,999
CS2_38,history_L32_currentHF,8,MAE,0.016042307896779143,0.04319003658084464,0.01,32,989
CS2_38,history_L32_currentHF,8,MAE,0.015694619641689448,0.043179491899427436,0.1,32,989
CS2_38,history_L32_currentHF,8,MAE,0.015605758902203176,0.04320630102657931,1.0,32,989
CS2_38,history_L32_currentHF,8,MAE,0.015634288962010842,0.04321525745992368,10.0,32,989
CS2_38,history_L32_currentHF,8,MAE,0.015940000876730046,0.04324273782598987,100.0,32,989
CS2_35,trend_L32,8,MAE,0.018071994561678083,0.032832814068766036,0.01,32,843
CS2_35,trend_L32,8,MAE,0.018074198136849802,0.03283502067000919,0.1,32,843
CS2_35,trend_L32,8,MAE,0.018096180686832386,0.03285735862591065,1.0,32,843
CS2_35,trend_L32,8,MAE,0.01831552840342118,0.033106035045913834,10.0,32,843
CS2_35,trend_L32,8,MAE,0.021024690072480354,0.03685904300533274,100.0,32,843
CS2_36,trend_L32,8,MAE,0.01976195389179945,0.054143686288708165,0.01,32,934
CS2_36,trend_L32,8,MAE,0.019762284656532215,0.05414327337006128,0.1,32,934
CS2_36,trend_L32,8,MAE,0.019765652164100974,0.054139180424472175,1.0,32,934
CS2_36,trend_L32,8,MAE,0.01980561145880191,0.05410178202228859,10.0,32,934
CS2_36,trend_L32,8,MAE,0.020412978744649014,0.05401046591102288,100.0,32,934
CS2_37,trend_L32,8,MAE,0.017892434885392328,0.04624593990564245,0.01,32,999
CS2_37,trend_L32,8,MAE,0.017895570050365545,0.04624626342029452,0.1,32,999
CS2_37,trend_L32,8,MAE,0.017928282379841804,0.046249990419168004,1.0,32,999
CS2_37,trend_L32,8,MAE,0.01836616177467818,0.04633318079577676,10.0,32,999
CS2_37,trend_L32,8,MAE,0.022217827994106102,0.04959917048880619,100.0,32,999
CS2_38,trend_L32,8,MAE,0.02027005701460053,0.05101736411493537,0.01,32,989
CS2_38,trend_L32,8,MAE,0.020272088669968234,0.05101663592219742,0.1,32,989
CS2_38,trend_L32,8,MAE,0.02029239095857302,0.05100958844339896,1.0,32,989
CS2_38,trend_L32,8,MAE,0.020539397931854237,0.05096134002901235,10.0,32,989
CS2_38,trend_L32,8,MAE,0.022880459161896467,0.05185180586964929,100.0,32,989
CS2_35,trend_L32_currentHF,8,MAE,0.015925790274156887,0.03225569173470293,0.01,32,843
CS2_35,trend_L32_currentHF,8,MAE,0.015750212943958848,0.03246307126810785,0.1,32,843
CS2_35,trend_L32_currentHF,8,MAE,0.0156696599547268,0.03258365092068058,1.0,32,843
CS2_35,trend_L32_currentHF,8,MAE,0.01568080545937745,0.03258678676975653,10.0,32,843
CS2_35,trend_L32_currentHF,8,MAE,0.016599469896479934,0.03329015087330931,100.0,32,843
CS2_36,trend_L32_currentHF,8,MAE,0.01759417084831852,0.05202110773638634,0.01,32,934
CS2_36,trend_L32_currentHF,8,MAE,0.017523157999489596,0.05210466043492454,0.1,32,934
CS2_36,trend_L32_currentHF,8,MAE,0.017590222111283933,0.05218761758538024,1.0,32,934
CS2_36,trend_L32_currentHF,8,MAE,0.01757231796804636,0.05218003502941103,10.0,32,934
CS2_36,trend_L32_currentHF,8,MAE,0.01743008738493099,0.052002868396957364,100.0,32,934
CS2_37,trend_L32_currentHF,8,MAE,0.015363971731233217,0.03995775082111564,0.01,32,999
CS2_37,trend_L32_currentHF,8,MAE,0.0153061482504677,0.04005750992113477,0.1,32,999
CS2_37,trend_L32_currentHF,8,MAE,0.015329120089727331,0.040138980073470554,1.0,32,999
CS2_37,trend_L32_currentHF,8,MAE,0.015379360733990089,0.0401656494711179,10.0,32,999
CS2_37,trend_L32_currentHF,8,MAE,0.01680820480791802,0.041305023249455966,100.0,32,999
CS2_38,trend_L32_currentHF,8,MAE,0.017006406561686543,0.045233327615757275,0.01,32,989
CS2_38,trend_L32_currentHF,8,MAE,0.01648172216141421,0.04510670703366476,0.1,32,989
CS2_38,trend_L32_currentHF,8,MAE,0.01629494507494123,0.04507963930678874,1.0,32,989
CS2_38,trend_L32_currentHF,8,MAE,0.016150513021452203,0.044905948145153536,10.0,32,989
CS2_38,trend_L32_currentHF,8,MAE,0.016477496211251146,0.04453728265998653,100.0,32,989
CS2_35,history_L16_HFhistory,8,MAE,0.016105778116487147,0.027963099353654503,0.01,16,859
CS2_35,history_L16_HFhistory,8,MAE,0.016204538408327335,0.028040897957606944,0.1,16,859
CS2_35,history_L16_HFhistory,8,MAE,0.01625703502661563,0.02805161413496735,1.0,16,859
CS2_35,history_L16_HFhistory,8,MAE,0.016169038831821813,0.027852317447757693,10.0,16,859
CS2_35,history_L16_HFhistory,8,MAE,0.01606228044110469,0.0274703834694375,100.0,16,859
CS2_36,history_L16_HFhistory,8,MAE,0.017240394583413088,0.04939826966491534,0.01,16,950
CS2_36,history_L16_HFhistory,8,MAE,0.017195113452930497,0.04934900370525649,0.1,16,950
CS2_36,history_L16_HFhistory,8,MAE,0.01728051188698488,0.04932436005994393,1.0,16,950
CS2_36,history_L16_HFhistory,8,MAE,0.017194199497661888,0.04919626166645228,10.0,16,950
CS2_36,history_L16_HFhistory,8,MAE,0.01720059407328111,0.04896885932427058,100.0,16,950
CS2_37,history_L16_HFhistory,8,MAE,0.016064624777658767,0.036996024637034525,0.01,16,1015
CS2_37,history_L16_HFhistory,8,MAE,0.01612365912065916,0.03699532083127121,0.1,16,1015
CS2_37,history_L16_HFhistory,8,MAE,0.01620658099546791,0.03701934972436222,1.0,16,1015
CS2_37,history_L16_HFhistory,8,MAE,0.016162310958462434,0.03698325381840924,10.0,16,1015
CS2_37,history_L16_HFhistory,8,MAE,0.016123708512995417,0.03692623003267258,100.0,16,1015
CS2_38,history_L16_HFhistory,8,MAE,0.01669610231690818,0.04307198434068106,0.01,16,1005
CS2_38,history_L16_HFhistory,8,MAE,0.016692715194533896,0.043111722453713135,0.1,16,1005
CS2_38,history_L16_HFhistory,8,MAE,0.016698997660730318,0.04311343593450174,1.0,16,1005
CS2_38,history_L16_HFhistory,8,MAE,0.016512244883315572,0.043012099340816554,10.0,16,1005
CS2_38,history_L16_HFhistory,8,MAE,0.015873292099357818,0.04286712735846428,100.0,16,1005
CS2_35,history_L32_HFhistory,8,MAE,0.017589849847828926,0.029019416966024933,0.01,32,843
CS2_35,history_L32_HFhistory,8,MAE,0.017361967315480103,0.028774046778898412,0.1,32,843
CS2_35,history_L32_HFhistory,8,MAE,0.01733441100818553,0.028694479307062655,1.0,32,843
CS2_35,history_L32_HFhistory,8,MAE,0.017068798551438013,0.028355491479848196,10.0,32,843
CS2_35,history_L32_HFhistory,8,MAE,0.016511779110797008,0.02769636932241152,100.0,32,843
CS2_36,history_L32_HFhistory,8,MAE,0.01986059994714373,0.050397813111842625,0.01,32,934
CS2_36,history_L32_HFhistory,8,MAE,0.019520737509973365,0.05032988203904588,0.1,32,934
CS2_36,history_L32_HFhistory,8,MAE,0.0193167304533769,0.05028705230467533,1.0,32,934
CS2_36,history_L32_HFhistory,8,MAE,0.018762550378004443,0.05000246385301554,10.0,32,934
CS2_36,history_L32_HFhistory,8,MAE,0.018132558110705067,0.04960637792067824,100.0,32,934
CS2_37,history_L32_HFhistory,8,MAE,0.017706353081599485,0.03801733549103603,0.01,32,999
CS2_37,history_L32_HFhistory,8,MAE,0.017571736937741486,0.03805514161453829,0.1,32,999
CS2_37,history_L32_HFhistory,8,MAE,0.017436480580998136,0.0380526230908962,1.0,32,999
CS2_37,history_L32_HFhistory,8,MAE,0.01713468189138014,0.0378540733240035,10.0,32,999
CS2_37,history_L32_HFhistory,8,MAE,0.016867457376927446,0.03757714244994043,100.0,32,999
CS2_38,history_L32_HFhistory,8,MAE,0.01884470456302356,0.04413519533615133,0.01,32,989
CS2_38,history_L32_HFhistory,8,MAE,0.01859388548376516,0.044118273023402155,0.1,32,989
CS2_38,history_L32_HFhistory,8,MAE,0.018453981587019712,0.04404914327238611,1.0,32,989
CS2_38,history_L32_HFhistory,8,MAE,0.018158049692363808,0.04384228555983926,10.0,32,989
CS2_38,history_L32_HFhistory,8,MAE,0.01738145733883864,0.04363552813835556,100.0,32,989
CS2_35,persistence,12,MAE,0.021176375945810955,0.03433695362440013,,1,866
CS2_36,persistence,12,MAE,0.02430567401644045,0.06801142873200229,,1,958
CS2_37,persistence,12,MAE,0.020236890327596072,0.050397641397903946,,1,1021
CS2_38,persistence,12,MAE,0.022660252890557245,0.06022608549325845,,1,1012
CS2_35,current_SOH,12,MAE,0.02062928346274469,0.03722501263839616,0.01,1,870
CS2_35,current_SOH,12,MAE,0.02063085044819617,0.037225837246210994,0.1,1,870
CS2_35,current_SOH,12,MAE,0.02064664640830177,0.037234116229484325,1.0,1,870
CS2_35,current_SOH,12,MAE,0.020807254783541933,0.03732016503026509,10.0,1,870
CS2_35,current_SOH,12,MAE,0.02264775629212115,0.03847559057188408,100.0,1,870
CS2_36,current_SOH,12,MAE,0.022957669949325795,0.0683454556255231,0.01,1,961
CS2_36,current_SOH,12,MAE,0.022959068420544456,0.06834506740653558,0.1,1,961
CS2_36,current_SOH,12,MAE,0.022973048379945304,0.06834123120546234,1.0,1,961
CS2_36,current_SOH,12,MAE,0.023129314017436203,0.06830743974102545,10.0,1,961
CS2_36,current_SOH,12,MAE,0.025885890524972022,0.06839808205494,100.0,1,961
CS2_37,current_SOH,12,MAE,0.020452616337494876,0.05400702768447574,0.01,1,1026
CS2_37,current_SOH,12,MAE,0.020454480890129082,0.05400726094758345,0.1,1,1026
CS2_37,current_SOH,12,MAE,0.02047311993505582,0.054009636826405805,1.0,1,1026
CS2_37,current_SOH,12,MAE,0.020668349224130963,0.05403768760315632,10.0,1,1026
CS2_37,current_SOH,12,MAE,0.02340318072232125,0.05471467619739015,100.0,1,1026
CS2_38,current_SOH,12,MAE,0.0222200644647082,0.06170650320039391,0.01,1,1016
CS2_38,current_SOH,12,MAE,0.02222180230777283,0.061706191181355494,0.1,1,1016
CS2_38,current_SOH,12,MAE,0.02223922239124291,0.061703099250680404,1.0,1,1016
CS2_38,current_SOH,12,MAE,0.02241779291724316,0.061674988065837225,10.0,1,1016
CS2_38,current_SOH,12,MAE,0.02460767780584911,0.06165707617398259,100.0,1,1016
CS2_35,current_SOH_currentHF,12,MAE,0.017973784780649992,0.03612222825503454,0.01,1,870
CS2_35,current_SOH_currentHF,12,MAE,0.01791854991980487,0.03626933291808735,0.1,1,870
CS2_35,current_SOH_currentHF,12,MAE,0.017892111663995708,0.03632762546810585,1.0,1,870
CS2_35,current_SOH_currentHF,12,MAE,0.017871592952862468,0.036073019462826206,10.0,1,870
CS2_35,current_SOH_currentHF,12,MAE,0.01828372080180474,0.035197630089756696,100.0,1,870
CS2_36,current_SOH_currentHF,12,MAE,0.018623106759828756,0.053097027200470166,0.01,1,961
CS2_36,current_SOH_currentHF,12,MAE,0.01868814463377423,0.053202337702395346,0.1,1,961
CS2_36,current_SOH_currentHF,12,MAE,0.018745685670463457,0.05327566350313762,1.0,1,961
CS2_36,current_SOH_currentHF,12,MAE,0.01871625010623747,0.05330403019833577,10.0,1,961
CS2_36,current_SOH_currentHF,12,MAE,0.018924161874673946,0.05354555473211362,100.0,1,961
CS2_37,current_SOH_currentHF,12,MAE,0.017412652595909982,0.041482303344356056,0.01,1,1026
CS2_37,current_SOH_currentHF,12,MAE,0.017404200504175394,0.04153521281665817,0.1,1,1026
CS2_37,current_SOH_currentHF,12,MAE,0.01741684677276675,0.041584850157141334,1.0,1,1026
CS2_37,current_SOH_currentHF,12,MAE,0.017390490972107642,0.041595082660119805,10.0,1,1026
CS2_37,current_SOH_currentHF,12,MAE,0.01771201761724109,0.04206395934334373,100.0,1,1026
CS2_38,current_SOH_currentHF,12,MAE,0.017639314681895012,0.04656663889139416,0.01,1,1016
CS2_38,current_SOH_currentHF,12,MAE,0.01713274306376959,0.04619604788594029,0.1,1,1016
CS2_38,current_SOH_currentHF,12,MAE,0.01705244864404936,0.04608361144215605,1.0,1,1016
CS2_38,current_SOH_currentHF,12,MAE,0.017154855339415964,0.046150463530499515,10.0,1,1016
CS2_38,current_SOH_currentHF,12,MAE,0.017950094550111345,0.046645303709021216,100.0,1,1016
CS2_35,history_L8,12,MAE,0.018304877733868328,0.028925348954272078,0.01,8,863
CS2_35,history_L8,12,MAE,0.018304917805779444,0.028925413481449884,0.1,8,863
CS2_35,history_L8,12,MAE,0.018305318013134907,0.02892606306499184,1.0,8,863
CS2_35,history_L8,12,MAE,0.018309271168438182,0.028932953574254384,10.0,8,863
CS2_35,history_L8,12,MAE,0.01835074557230484,0.029023451917506844,100.0,8,863
CS2_36,history_L8,12,MAE,0.021578131621092227,0.05223281654888372,0.01,8,954
CS2_36,history_L8,12,MAE,0.02157805454010609,0.05223271469594558,0.1,8,954
CS2_36,history_L8,12,MAE,0.021577280686653343,0.05223170036269527,1.0,8,954
CS2_36,history_L8,12,MAE,0.021569259209735143,0.05222193377601065,10.0,8,954
CS2_36,history_L8,12,MAE,0.021486212371780607,0.0521433354996615,100.0,8,954
CS2_37,history_L8,12,MAE,0.018062705969712968,0.03924685475110211,0.01,8,1019
CS2_37,history_L8,12,MAE,0.018062731259778465,0.03924683346245514,0.1,8,1019
CS2_37,history_L8,12,MAE,0.018062979454596173,0.039246627625526276,1.0,8,1019
CS2_37,history_L8,12,MAE,0.018065121250309644,0.039245207888573934,10.0,8,1019
CS2_37,history_L8,12,MAE,0.018078252588086038,0.039263665065225675,100.0,8,1019
CS2_38,history_L8,12,MAE,0.01864093401056482,0.045503713020605595,0.01,8,1009
CS2_38,history_L8,12,MAE,0.018641097739451804,0.04550359589404692,0.1,8,1009
CS2_38,history_L8,12,MAE,0.018642733196992764,0.045502445435400864,1.0,8,1009
CS2_38,history_L8,12,MAE,0.0186585669501302,0.04549279237530643,10.0,8,1009
CS2_38,history_L8,12,MAE,0.018800547290363206,0.0454781749591833,100.0,8,1009
CS2_35,history_L16,12,MAE,0.0182047771026865,0.0291050140142864,0.01,16,855
CS2_35,history_L16,12,MAE,0.01820491630610036,0.029105204669584207,0.1,16,855
CS2_35,history_L16,12,MAE,0.01820630181532725,0.029107108953562943,1.0,16,855
CS2_35,history_L16,12,MAE,0.018219540729844882,0.02912590011117779,10.0,16,855
CS2_35,history_L16,12,MAE,0.018326589360592387,0.02928436626607921,100.0,16,855
CS2_36,history_L16,12,MAE,0.021627468397846614,0.05177477860832371,0.01,16,946
CS2_36,history_L16,12,MAE,0.021627537788575003,0.05177467473856036,0.1,16,946
CS2_36,history_L16,12,MAE,0.02162822423064062,0.051773649834389125,1.0,16,946
CS2_36,history_L16,12,MAE,0.02163661499513425,0.05176462535758065,10.0,16,946
CS2_36,history_L16,12,MAE,0.02169338582285577,0.051723296072143626,100.0,16,946
CS2_37,history_L16,12,MAE,0.01809401957749541,0.038648989872214885,0.01,16,1011
CS2_37,history_L16,12,MAE,0.018094305271195796,0.03864897597187977,0.1,16,1011
CS2_37,history_L16,12,MAE,0.018097142865212638,0.03864884919492583,1.0,16,1011
CS2_37,history_L16,12,MAE,0.01812413206361081,0.03864865792966856,10.0,16,1011
CS2_37,history_L16,12,MAE,0.01832960787302936,0.03868660184878844,100.0,16,1011
CS2_38,history_L16,12,MAE,0.018126855012347846,0.044485120409042234,0.01,16,1001
CS2_38,history_L16,12,MAE,0.01812688324427224,0.04448462975789474,0.1,16,1001
CS2_38,history_L16,12,MAE,0.018127168928644962,0.044479784610217,1.0,16,1001
CS2_38,history_L16,12,MAE,0.018132140919874907,0.04443686376394657,10.0,16,1001
CS2_38,history_L16,12,MAE,0.018242709046548095,0.04426629966314637,100.0,16,1001
CS2_35,history_L32,12,MAE,0.01772059432408528,0.029031390479808267,0.01,32,839
CS2_35,history_L32,12,MAE,0.017720731884513424,0.029031699146509826,0.1,32,839
CS2_35,history_L32,12,MAE,0.017722154873102542,0.029034793110539577,1.0,32,839
CS2_35,history_L32,12,MAE,0.01774024299606335,0.02906633297456296,10.0,32,839
CS2_35,history_L32,12,MAE,0.017995372587578887,0.029379660297911843,100.0,32,839
CS2_36,history_L32,12,MAE,0.021572821861152697,0.05220121307431448,0.01,32,930
CS2_36,history_L32,12,MAE,0.021573033783322614,0.05220113884248593,0.1,32,930
CS2_36,history_L32,12,MAE,0.02157515785710003,0.05220042264312917,1.0,32,930
CS2_36,history_L32,12,MAE,0.021595226740921153,0.052195614292039866,10.0,32,930
CS2_36,history_L32,12,MAE,0.021771053552740633,0.05224927834689227,100.0,32,930
CS2_37,history_L32,12,MAE,0.01784469923321835,0.03870165462294747,0.01,32,995
CS2_37,history_L32,12,MAE,0.017845052167584585,0.03870153931457277,0.1,32,995
CS2_37,history_L32,12,MAE,0.01784857319075361,0.03870041299860106,1.0,32,995
CS2_37,history_L32,12,MAE,0.017882720798430035,0.0386915871980667,10.0,32,995
CS2_37,history_L32,12,MAE,0.018175202623014666,0.0387196129451426,100.0,32,995
CS2_38,history_L32,12,MAE,0.01781851113050795,0.04462498906753002,0.01,32,985
CS2_38,history_L32,12,MAE,0.0178184460299875,0.044624348854846785,0.1,32,985
CS2_38,history_L32,12,MAE,0.017817922710388037,0.04461802633503191,1.0,32,985
CS2_38,history_L32,12,MAE,0.017814904471403922,0.044562015133692186,10.0,32,985
CS2_38,history_L32,12,MAE,0.017949378757607153,0.044349810647767426,100.0,32,985
CS2_35,history_L32_currentHF,12,MAE,0.016921177137113955,0.029181609993317356,0.01,32,839
CS2_35,history_L32_currentHF,12,MAE,0.016861311211012843,0.02921929041996525,0.1,32,839
CS2_35,history_L32_currentHF,12,MAE,0.01684613954098308,0.029228744185878917,1.0,32,839
CS2_35,history_L32_currentHF,12,MAE,0.016875110250311562,0.029090193411178807,10.0,32,839
CS2_35,history_L32_currentHF,12,MAE,0.017250050469352303,0.028916799752939128,100.0,32,839
CS2_36,history_L32_currentHF,12,MAE,0.02034708734147776,0.05119211044195621,0.01,32,930
CS2_36,history_L32_currentHF,12,MAE,0.020452851970536045,0.051232970496404524,0.1,32,930
CS2_36,history_L32_currentHF,12,MAE,0.020522352628915073,0.05125880689614065,1.0,32,930
CS2_36,history_L32_currentHF,12,MAE,0.020608491454383968,0.05127461197567327,10.0,32,930
CS2_36,history_L32_currentHF,12,MAE,0.020996619591256448,0.05143348328387636,100.0,32,930
CS2_37,history_L32_currentHF,12,MAE,0.017254250263328847,0.03852286595563877,0.01,32,995
CS2_37,history_L32_currentHF,12,MAE,0.01731020469963181,0.03855865240222064,0.1,32,995
CS2_37,history_L32_currentHF,12,MAE,0.017348049352840098,0.03857883771938704,1.0,32,995
CS2_37,history_L32_currentHF,12,MAE,0.017372494345714203,0.03854368210538933,10.0,32,995
CS2_37,history_L32_currentHF,12,MAE,0.01760737185559056,0.03850321000505295,100.0,32,995
CS2_38,history_L32_currentHF,12,MAE,0.017332143288454456,0.044189818396251385,0.01,32,985
CS2_38,history_L32_currentHF,12,MAE,0.01711004345063488,0.04409861340004304,0.1,32,985
CS2_38,history_L32_currentHF,12,MAE,0.017023948231343462,0.04406872764637448,1.0,32,985
CS2_38,history_L32_currentHF,12,MAE,0.01692414807763273,0.04402344184991547,10.0,32,985
CS2_38,history_L32_currentHF,12,MAE,0.01693517274397959,0.0439355987334605,100.0,32,985
CS2_35,trend_L32,12,MAE,0.020285945556227505,0.03465438973579698,0.01,32,839
CS2_35,trend_L32,12,MAE,0.02028796951256435,0.034656768169732906,0.1,32,839
CS2_35,trend_L32,12,MAE,0.02030816340481748,0.03468078675751322,1.0,32,839
CS2_35,trend_L32,12,MAE,0.02050914700105863,0.03494278078634895,10.0,32,839
CS2_35,trend_L32,12,MAE,0.023063484665778948,0.03866164025660268,100.0,32,839
CS2_36,trend_L32,12,MAE,0.021771094515909795,0.05615799294784023,0.01,32,930
CS2_36,trend_L32,12,MAE,0.021771211410376582,0.05615744820674382,0.1,32,930
CS2_36,trend_L32,12,MAE,0.02177238149157983,0.05615203617205759,1.0,32,930
CS2_36,trend_L32,12,MAE,0.021784406836041707,0.05610136783839608,10.0,32,930
CS2_36,trend_L32,12,MAE,0.022181030480164066,0.05587446642820697,100.0,32,930
CS2_37,trend_L32,12,MAE,0.019546441345291394,0.047127012265116786,0.01,32,995
CS2_37,trend_L32,12,MAE,0.01954842665950052,0.047127109625132536,0.1,32,995
CS2_37,trend_L32,12,MAE,0.01957182134679505,0.0471285450912011,1.0,32,995
CS2_37,trend_L32,12,MAE,0.01995673037703225,0.0471861784866216,10.0,32,995
CS2_37,trend_L32,12,MAE,0.02355327669976341,0.050134874734512336,100.0,32,995
CS2_38,trend_L32,12,MAE,0.02223945664819782,0.05229259610023181,0.01,32,985
CS2_38,trend_L32,12,MAE,0.022241760644430834,0.05229209712030532,0.1,32,985
CS2_38,trend_L32,12,MAE,0.02226481523521377,0.05228731592229661,1.0,32,985
CS2_38,trend_L32,12,MAE,0.02249210341495245,0.05225931669984344,10.0,32,985
CS2_38,trend_L32,12,MAE,0.024581420928965297,0.05322199764447998,100.0,32,985
CS2_35,trend_L32_currentHF,12,MAE,0.01781403933355183,0.034032939289936774,0.01,32,839
CS2_35,trend_L32_currentHF,12,MAE,0.017773433327757066,0.03414207654042889,0.1,32,839
CS2_35,trend_L32_currentHF,12,MAE,0.017764919001877044,0.034207234545274454,1.0,32,839
CS2_35,trend_L32_currentHF,12,MAE,0.017854820965983408,0.034254735750152844,10.0,32,839
CS2_35,trend_L32_currentHF,12,MAE,0.01887494649770911,0.034959598977497834,100.0,32,839
CS2_36,trend_L32_currentHF,12,MAE,0.019019571952807148,0.05226532541765316,0.01,32,930
CS2_36,trend_L32_currentHF,12,MAE,0.019052604596665974,0.052333553353759124,0.1,32,930
CS2_36,trend_L32_currentHF,12,MAE,0.01908072857118627,0.05238008102240878,1.0,32,930
CS2_36,trend_L32_currentHF,12,MAE,0.019047669049917032,0.05235262624390775,10.0,32,930
CS2_36,trend_L32_currentHF,12,MAE,0.01892727342863516,0.05218366862042022,100.0,32,930
CS2_37,trend_L32_currentHF,12,MAE,0.017285464825492446,0.04130037307292406,0.01,32,995
CS2_37,trend_L32_currentHF,12,MAE,0.01731557158503949,0.04135481508283559,0.1,32,995
CS2_37,trend_L32_currentHF,12,MAE,0.017343484278856694,0.04139769655846744,1.0,32,995
CS2_37,trend_L32_currentHF,12,MAE,0.01733206806371912,0.041421950698375454,10.0,32,995
CS2_37,trend_L32_currentHF,12,MAE,0.018654967824790543,0.04240922066778078,100.0,32,995
CS2_38,trend_L32_currentHF,12,MAE,0.018240419788761706,0.046572039121440464,0.01,32,985
CS2_38,trend_L32_currentHF,12,MAE,0.017931911403058144,0.04633178702148551,0.1,32,985
CS2_38,trend_L32_currentHF,12,MAE,0.017810054168465848,0.04623360264266307,1.0,32,985
CS2_38,trend_L32_currentHF,12,MAE,0.017601739228007795,0.046050716126689636,10.0,32,985
CS2_38,trend_L32_currentHF,12,MAE,0.017938128614936603,0.04567595038943039,100.0,32,985
CS2_35,history_L16_HFhistory,12,MAE,0.017832570388971805,0.029707924716633912,0.01,16,855
CS2_35,history_L16_HFhistory,12,MAE,0.017852433771689474,0.029724970888207223,0.1,16,855
CS2_35,history_L16_HFhistory,12,MAE,0.017877566844973287,0.02970734506337477,1.0,16,855
CS2_35,history_L16_HFhistory,12,MAE,0.017778665709603472,0.029464523934395317,10.0,16,855
CS2_35,history_L16_HFhistory,12,MAE,0.017543598317886773,0.029024968403512954,100.0,16,855
CS2_36,history_L16_HFhistory,12,MAE,0.019023050183563074,0.05050513144399864,0.01,16,946
CS2_36,history_L16_HFhistory,12,MAE,0.01895387157852977,0.05039188052570092,0.1,16,946
CS2_36,history_L16_HFhistory,12,MAE,0.019083719740281124,0.050365211848002994,1.0,16,946
CS2_36,history_L16_HFhistory,12,MAE,0.019035161091852493,0.050245948562936106,10.0,16,946
CS2_36,history_L16_HFhistory,12,MAE,0.019008226325739085,0.050038306078254664,100.0,16,946
CS2_37,history_L16_HFhistory,12,MAE,0.018065977175875197,0.03815546362858629,0.01,16,1011
CS2_37,history_L16_HFhistory,12,MAE,0.018040735134713524,0.03813757712869365,0.1,16,1011
CS2_37,history_L16_HFhistory,12,MAE,0.018081968197844273,0.03814112052509211,1.0,16,1011
CS2_37,history_L16_HFhistory,12,MAE,0.01798992225208097,0.038047708759524464,10.0,16,1011
CS2_37,history_L16_HFhistory,12,MAE,0.01777417533471101,0.03777881960107099,100.0,16,1011
CS2_38,history_L16_HFhistory,12,MAE,0.01873543430554923,0.044418777676947914,0.01,16,1001
CS2_38,history_L16_HFhistory,12,MAE,0.018694327807729803,0.04439922853940967,0.1,16,1001
CS2_38,history_L16_HFhistory,12,MAE,0.018675565502631452,0.04438404012036991,1.0,16,1001
CS2_38,history_L16_HFhistory,12,MAE,0.018438400445238617,0.04423880656286377,10.0,16,1001
CS2_38,history_L16_HFhistory,12,MAE,0.01757178225667313,0.043778449591631005,100.0,16,1001
CS2_35,history_L32_HFhistory,12,MAE,0.019324147735724308,0.030476796300422774,0.01,32,839
CS2_35,history_L32_HFhistory,12,MAE,0.019155686379942888,0.030235564974228243,0.1,32,839
CS2_35,history_L32_HFhistory,12,MAE,0.01911359218678924,0.030170723261050126,1.0,32,839
CS2_35,history_L32_HFhistory,12,MAE,0.018738694182843938,0.02983806032472724,10.0,32,839
CS2_35,history_L32_HFhistory,12,MAE,0.01792454781791247,0.029066896848287414,100.0,32,839
CS2_36,history_L32_HFhistory,12,MAE,0.021301112795623665,0.05158934008892747,0.01,32,930
CS2_36,history_L32_HFhistory,12,MAE,0.02102972894258735,0.051447623392356104,0.1,32,930
CS2_36,history_L32_HFhistory,12,MAE,0.020824963607875332,0.05137710687656811,1.0,32,930
CS2_36,history_L32_HFhistory,12,MAE,0.020366553018079585,0.051106378234403484,10.0,32,930
CS2_36,history_L32_HFhistory,12,MAE,0.019694819123045944,0.05074566860845345,100.0,32,930
CS2_37,history_L32_HFhistory,12,MAE,0.019319692727735056,0.03930091832368137,0.01,32,995
CS2_37,history_L32_HFhistory,12,MAE,0.019054997083683363,0.03922408082690846,0.1,32,995
CS2_37,history_L32_HFhistory,12,MAE,0.0189373301690889,0.039190608781836854,1.0,32,995
CS2_37,history_L32_HFhistory,12,MAE,0.018635693531915187,0.038948891383952314,10.0,32,995
CS2_37,history_L32_HFhistory,12,MAE,0.018243536452644194,0.03847219379846711,100.0,32,995
CS2_38,history_L32_HFhistory,12,MAE,0.020837808901638506,0.04562394387329307,0.01,32,985
CS2_38,history_L32_HFhistory,12,MAE,0.020517333682881507,0.045512496071708985,0.1,32,985
CS2_38,history_L32_HFhistory,12,MAE,0.020339093768520576,0.04542033361889805,1.0,32,985
CS2_38,history_L32_HFhistory,12,MAE,0.020035610456643167,0.04523168681413041,10.0,32,985
CS2_38,history_L32_HFhistory,12,MAE,0.01892661947892342,0.044791358291792094,100.0,32,985
CS2_35,persistence,16,MAE,0.024438040276946283,0.03781029596073969,,1,862
CS2_36,persistence,16,MAE,0.02767580609437458,0.06994911851252951,,1,954
CS2_37,persistence,16,MAE,0.023054178716182566,0.05042824024134343,,1,1017
CS2_38,persistence,16,MAE,0.025404908937713768,0.061410258468812054,,1,1008
CS2_35,current_SOH,16,MAE,0.02256249512225707,0.03915494952225275,0.01,1,866
CS2_35,current_SOH,16,MAE,0.02256383217900495,0.039155801297780686,0.1,1,866
CS2_35,current_SOH,16,MAE,0.02257719832239904,0.0391643498453502,1.0,1,866
CS2_35,current_SOH,16,MAE,0.02271561174999627,0.03925288495298472,10.0,1,866
CS2_35,current_SOH,16,MAE,0.024336802176169774,0.040414286849613935,100.0,1,866
CS2_36,current_SOH,16,MAE,0.024147035196838446,0.06898076659219837,0.01,1,957
CS2_36,current_SOH,16,MAE,0.02414783081214806,0.06898027638870781,0.1,1,957
CS2_36,current_SOH,16,MAE,0.024155875885233775,0.06897542082763493,1.0,1,957
CS2_36,current_SOH,16,MAE,0.024241600794963677,0.06893148463912177,10.0,1,957
CS2_36,current_SOH,16,MAE,0.026342531816917744,0.0689258980752463,100.0,1,957
CS2_37,current_SOH,16,MAE,0.021246830143227386,0.05316265138386382,0.01,1,1022
CS2_37,current_SOH,16,MAE,0.02124835179778937,0.053162944621333696,0.1,1,1022
CS2_37,current_SOH,16,MAE,0.021263768222348597,0.05316592091099618,1.0,1,1022
CS2_37,current_SOH,16,MAE,0.0214376907877153,0.05320004120319708,10.0,1,1022
CS2_37,current_SOH,16,MAE,0.024021372842011675,0.05394297489440215,100.0,1,1022
CS2_38,current_SOH,16,MAE,0.02310482646813754,0.062432901620118594,0.01,1,1012
CS2_38,current_SOH,16,MAE,0.023106675914012203,0.06243259424903303,0.1,1,1012
CS2_38,current_SOH,16,MAE,0.023125237598714644,0.06242954855667906,1.0,1,1012
CS2_38,current_SOH,16,MAE,0.023314907400388038,0.06240187566753656,10.0,1,1012
CS2_38,current_SOH,16,MAE,0.02549040692369882,0.06238599214511513,100.0,1,1012
CS2_35,current_SOH_currentHF,16,MAE,0.019995532219229447,0.037275704502453655,0.01,1,866
CS2_35,current_SOH_currentHF,16,MAE,0.01994431328793959,0.0373562217009231,0.1,1,866
CS2_35,current_SOH_currentHF,16,MAE,0.019917672209443994,0.03737958771019662,1.0,1,866
CS2_35,current_SOH_currentHF,16,MAE,0.019902286752122016,0.03718176034253936,10.0,1,866
CS2_35,current_SOH_currentHF,16,MAE,0.020332337105596565,0.03659194681355294,100.0,1,866
CS2_36,current_SOH_currentHF,16,MAE,0.020761361563006876,0.055241503011314474,0.01,1,957
CS2_36,current_SOH_currentHF,16,MAE,0.02081770202014943,0.05530367615337121,0.1,1,957
CS2_36,current_SOH_currentHF,16,MAE,0.020850429689496325,0.05534181336109808,1.0,1,957
CS2_36,current_SOH_currentHF,16,MAE,0.020816109222792038,0.05533995302021275,10.0,1,957
CS2_36,current_SOH_currentHF,16,MAE,0.020749758013609752,0.05537639430226369,100.0,1,957
CS2_37,current_SOH_currentHF,16,MAE,0.018905989361338495,0.0425011898762596,0.01,1,1022
CS2_37,current_SOH_currentHF,16,MAE,0.01895268481879256,0.042510069621078235,0.1,1,1022
CS2_37,current_SOH_currentHF,16,MAE,0.018986694083108446,0.04252743048383419,1.0,1,1022
CS2_37,current_SOH_currentHF,16,MAE,0.018965276786180933,0.04251452824143245,10.0,1,1022
CS2_37,current_SOH_currentHF,16,MAE,0.019078964048941823,0.04281669424003135,100.0,1,1022
CS2_38,current_SOH_currentHF,16,MAE,0.018640642372153477,0.04719621110062887,0.01,1,1012
CS2_38,current_SOH_currentHF,16,MAE,0.018212050508115963,0.04688821183986055,0.1,1,1012
CS2_38,current_SOH_currentHF,16,MAE,0.018119587563361392,0.04678248117474357,1.0,1,1012
CS2_38,current_SOH_currentHF,16,MAE,0.018229039555756662,0.046827480245577875,10.0,1,1012
CS2_38,current_SOH_currentHF,16,MAE,0.01921690219486687,0.04723695484701368,100.0,1,1012
CS2_35,history_L8,16,MAE,0.019336710497536966,0.03047693985213741,0.01,8,859
CS2_35,history_L8,16,MAE,0.019336785876344725,0.03047707210657988,0.1,8,859
CS2_35,history_L8,16,MAE,0.01933753867757124,0.0304783941716348,1.0,8,859
CS2_35,history_L8,16,MAE,0.019344987551278527,0.030491568900245333,10.0,8,859
CS2_35,history_L8,16,MAE,0.019419467651458116,0.030621445848536804,100.0,8,859
CS2_36,history_L8,16,MAE,0.02305993456524462,0.05397557276065571,0.01,8,950
CS2_36,history_L8,16,MAE,0.02305985149799811,0.053975411440882984,0.1,8,950
CS2_36,history_L8,16,MAE,0.023059016170501632,0.05397380594788601,1.0,8,950
CS2_36,history_L8,16,MAE,0.02305034192865377,0.05395845174718125,10.0,8,950
CS2_36,history_L8,16,MAE,0.022958955680227187,0.05384149927813512,100.0,8,950
CS2_37,history_L8,16,MAE,0.020018897470301764,0.04047435397817227,0.01,8,1015
CS2_37,history_L8,16,MAE,0.02001893415306327,0.0404743864723489,0.1,8,1015
CS2_37,history_L8,16,MAE,0.020019299436884814,0.040474712279266106,1.0,8,1015
CS2_37,history_L8,16,MAE,0.020022840563278573,0.040478049039475515,10.0,8,1015
CS2_37,history_L8,16,MAE,0.02004256203153132,0.04051719964385603,100.0,8,1015
CS2_38,history_L8,16,MAE,0.0197800902069739,0.045959437833622295,0.01,8,1005
CS2_38,history_L8,16,MAE,0.019780279748444273,0.045959341898299116,0.1,8,1005
CS2_38,history_L8,16,MAE,0.019782174880196738,0.045958401164546234,1.0,8,1005
CS2_38,history_L8,16,MAE,0.01980207521240044,0.045950646927687966,10.0,8,1005
CS2_38,history_L8,16,MAE,0.019979800651481163,0.04594577106701496,100.0,8,1005
CS2_35,history_L16,16,MAE,0.01921979918360552,0.030621294372942632,0.01,16,851
CS2_35,history_L16,16,MAE,0.01921994237264571,0.030621536662219777,0.1,16,851
CS2_35,history_L16,16,MAE,0.019221367956745054,0.0306239512719631,1.0,16,851
CS2_35,history_L16,16,MAE,0.019235262862184358,0.030647303227978262,10.0,16,851
CS2_35,history_L16,16,MAE,0.019350371804568466,0.030826612956704566,100.0,16,851
CS2_36,history_L16,16,MAE,0.023086365541950416,0.05336341846709423,0.01,16,942
CS2_36,history_L16,16,MAE,0.023086438283179255,0.0533632256644854,0.1,16,942
CS2_36,history_L16,16,MAE,0.02308718044762607,0.05336131703387935,1.0,16,942
CS2_36,history_L16,16,MAE,0.02309582669397496,0.0533439750772745,10.0,16,942
CS2_36,history_L16,16,MAE,0.023148829829602577,0.05324907633594237,100.0,16,942
CS2_37,history_L16,16,MAE,0.01970427123850151,0.03967008407375125,0.01,16,1007
CS2_37,history_L16,16,MAE,0.0197043977157172,0.03967007648694497,0.1,16,1007
CS2_37,history_L16,16,MAE,0.019705655110763914,0.039670008303566026,1.0,16,1007
CS2_37,history_L16,16,MAE,0.019718333126748585,0.03967000804732753,10.0,16,1007
CS2_37,history_L16,16,MAE,0.01982582939567656,0.0396967742872414,100.0,16,1007
CS2_38,history_L16,16,MAE,0.019016248749239947,0.04478637465368361,0.01,16,997
CS2_38,history_L16,16,MAE,0.019016339697068164,0.044785987179471784,0.1,16,997
CS2_38,history_L16,16,MAE,0.019017418416573277,0.044782165201003865,1.0,16,997
CS2_38,history_L16,16,MAE,0.01903171630510338,0.04474866619320127,10.0,16,997
CS2_38,history_L16,16,MAE,0.019196497520646928,0.04462625537520835,100.0,16,997
CS2_35,history_L32,16,MAE,0.0187275988499894,0.03043482006832408,0.01,32,835
CS2_35,history_L32,16,MAE,0.01872790164639339,0.030435187519626105,0.1,32,835
CS2_35,history_L32,16,MAE,0.018730917907305644,0.030438859809414093,1.0,32,835
CS2_35,history_L32,16,MAE,0.018764109942414724,0.030475309797310623,10.0,32,835
CS2_35,history_L32,16,MAE,0.019063440940296234,0.030793771607480445,100.0,32,835
CS2_36,history_L32,16,MAE,0.02271111040567906,0.053595589158266586,0.01,32,926
CS2_36,history_L32,16,MAE,0.022711159929346518,0.053595413076772645,0.1,32,926
CS2_36,history_L32,16,MAE,0.02271165145278393,0.05359368362342362,1.0,32,926
CS2_36,history_L32,16,MAE,0.022720425982437648,0.05357922948468675,10.0,32,926
CS2_36,history_L32,16,MAE,0.022858654688087874,0.05356432554641537,100.0,32,926
CS2_37,history_L32,16,MAE,0.019139035830048393,0.03940463423815172,0.01,32,991
CS2_37,history_L32,16,MAE,0.019139248204922164,0.03940456550723891,0.1,32,991
CS2_37,history_L32,16,MAE,0.019141485709991014,0.03940389697462684,1.0,32,991
CS2_37,history_L32,16,MAE,0.019164537300097487,0.03939892092814128,10.0,32,991
CS2_37,history_L32,16,MAE,0.01937432523544589,0.039429737963528416,100.0,32,991
CS2_38,history_L32,16,MAE,0.018634238326025523,0.044824575468119444,0.01,32,981
CS2_38,history_L32,16,MAE,0.01863409691373169,0.044824053886912164,0.1,32,981
CS2_38,history_L32,16,MAE,0.01863277796538858,0.04481891205612726,1.0,32,981
CS2_38,history_L32,16,MAE,0.01862398240303125,0.04477414471276043,10.0,32,981
CS2_38,history_L32,16,MAE,0.018799250792926103,0.04463074941109893,100.0,32,981
CS2_35,history_L32_currentHF,16,MAE,0.01812199963858252,0.030268468032586475,0.01,32,835
CS2_35,history_L32_currentHF,16,MAE,0.0180944006746835,0.030280917938812005,0.1,32,835
CS2_35,history_L32_currentHF,16,MAE,0.018083549238177968,0.030280335666186483,1.0,32,835
CS2_35,history_L32_currentHF,16,MAE,0.01811074179653463,0.03021734315070182,10.0,32,835
CS2_35,history_L32_currentHF,16,MAE,0.018471585318039347,0.03025606383309555,100.0,32,835
CS2_36,history_L32_currentHF,16,MAE,0.02174442424875359,0.05284052479678982,0.01,32,926
CS2_36,history_L32_currentHF,16,MAE,0.021722420946572306,0.05282639657922434,0.1,32,926
CS2_36,history_L32_currentHF,16,MAE,0.02171551035676266,0.05281765829005916,1.0,32,926
CS2_36,history_L32_currentHF,16,MAE,0.02175538709686219,0.052808086005800704,10.0,32,926
CS2_36,history_L32_currentHF,16,MAE,0.022014824984952778,0.052845085013571644,100.0,32,926
CS2_37,history_L32_currentHF,16,MAE,0.018844715881903253,0.03960299831654841,0.01,32,991
CS2_37,history_L32_currentHF,16,MAE,0.01889175079788149,0.039606891810453446,0.1,32,991
CS2_37,history_L32_currentHF,16,MAE,0.01891771989834571,0.039604117635295054,1.0,32,991
CS2_37,history_L32_currentHF,16,MAE,0.018901993526157825,0.039545866329033556,10.0,32,991
CS2_37,history_L32_currentHF,16,MAE,0.018962501800338337,0.03941067315496596,100.0,32,991
CS2_38,history_L32_currentHF,16,MAE,0.018197168202168542,0.044445976166854854,0.01,32,981
CS2_38,history_L32_currentHF,16,MAE,0.01803319542826674,0.04438276898880028,0.1,32,981
CS2_38,history_L32_currentHF,16,MAE,0.01796254442368775,0.044356730027193265,1.0,32,981
CS2_38,history_L32_currentHF,16,MAE,0.017887037060309804,0.044320709051751166,10.0,32,981
CS2_38,history_L32_currentHF,16,MAE,0.01793341362727379,0.0442752622132126,100.0,32,981
CS2_35,trend_L32,16,MAE,0.021645114186262644,0.035976860747588275,0.01,32,835
CS2_35,trend_L32,16,MAE,0.021647084959480447,0.03597931289480101,0.1,32,835
CS2_35,trend_L32,16,MAE,0.02166675055294151,0.03600404375366315,1.0,32,835
CS2_35,trend_L32,16,MAE,0.021893392250840086,0.03627087614196334,10.0,32,835
CS2_35,trend_L32,16,MAE,0.024477714783013287,0.0399371025532206,100.0,32,835
CS2_36,trend_L32,16,MAE,0.023453567881893785,0.057452575819222584,0.01,32,926
CS2_36,trend_L32,16,MAE,0.023453463458404926,0.057451950160165396,0.1,32,926
CS2_36,trend_L32,16,MAE,0.02345240992452826,0.05744572683142826,1.0,32,926
CS2_36,trend_L32,16,MAE,0.023454827805918607,0.05738674532116597,10.0,32,926
CS2_36,trend_L32,16,MAE,0.023698085753351885,0.057064765366138435,100.0,32,926
CS2_37,trend_L32,16,MAE,0.020611118835434428,0.046793809966495015,0.01,32,991
CS2_37,trend_L32,16,MAE,0.020611013955976087,0.04679351429546496,0.1,32,991
CS2_37,trend_L32,16,MAE,0.020610333178037336,0.04679101985781207,1.0,32,991
CS2_37,trend_L32,16,MAE,0.020787396335800807,0.046809567777269814,10.0,32,991
CS2_37,trend_L32,16,MAE,0.02440018874525564,0.049464988059303744,100.0,32,991
CS2_38,trend_L32,16,MAE,0.02349136065100744,0.053130124529242796,0.01,32,981
CS2_38,trend_L32,16,MAE,0.023493834179616518,0.05312985517133449,0.1,32,981
CS2_38,trend_L32,16,MAE,0.023518513529914315,0.053127348648947734,1.0,32,981
CS2_38,trend_L32,16,MAE,0.023761314051810287,0.05312006607526007,10.0,32,981
CS2_38,trend_L32,16,MAE,0.025933286867975327,0.05417062391712093,100.0,32,981
CS2_35,trend_L32_currentHF,16,MAE,0.01952667686024693,0.03511786409782004,0.01,32,835
CS2_35,trend_L32_currentHF,16,MAE,0.019504169723242162,0.03516735651773298,0.1,32,835
CS2_35,trend_L32_currentHF,16,MAE,0.019503579705930165,0.03520225884938906,1.0,32,835
CS2_35,trend_L32_currentHF,16,MAE,0.019605314515655232,0.03528927154869486,10.0,32,835
CS2_35,trend_L32_currentHF,16,MAE,0.020650225886502734,0.036153928919453064,100.0,32,835
CS2_36,trend_L32_currentHF,16,MAE,0.02113491791290684,0.05441377422232379,0.01,32,926
CS2_36,trend_L32_currentHF,16,MAE,0.02115823207092338,0.0544562475482897,0.1,32,926
CS2_36,trend_L32_currentHF,16,MAE,0.021167905914580284,0.05447602822592537,1.0,32,926
CS2_36,trend_L32_currentHF,16,MAE,0.021128823274470205,0.054436897000869365,10.0,32,926
CS2_36,trend_L32_currentHF,16,MAE,0.02085926228110765,0.054176897806200774,100.0,32,926
CS2_37,trend_L32_currentHF,16,MAE,0.019064329263312023,0.04224076441144262,0.01,32,991
CS2_37,trend_L32_currentHF,16,MAE,0.019106650575915422,0.04224893600361075,0.1,32,991
CS2_37,trend_L32_currentHF,16,MAE,0.019134155321245513,0.04226130935321064,1.0,32,991
CS2_37,trend_L32_currentHF,16,MAE,0.019072356160156217,0.04227066326456017,10.0,32,991
CS2_37,trend_L32_currentHF,16,MAE,0.02018690946612727,0.04312463743345744,100.0,32,991
CS2_38,trend_L32_currentHF,16,MAE,0.019624783212177588,0.04727124116307953,0.01,32,981
CS2_38,trend_L32_currentHF,16,MAE,0.019233985832711645,0.047078052856151534,0.1,32,981
CS2_38,trend_L32_currentHF,16,MAE,0.01906880078700814,0.04698172791424862,1.0,32,981
CS2_38,trend_L32_currentHF,16,MAE,0.018853428000827097,0.04675145190434405,10.0,32,981
CS2_38,trend_L32_currentHF,16,MAE,0.019361879425813983,0.046269761871466246,100.0,32,981
CS2_35,history_L16_HFhistory,16,MAE,0.01885027230025102,0.030770972255932033,0.01,16,851
CS2_35,history_L16_HFhistory,16,MAE,0.01893110679597703,0.03079715512785214,0.1,16,851
CS2_35,history_L16_HFhistory,16,MAE,0.018983471526972613,0.030795387985589846,1.0,16,851
CS2_35,history_L16_HFhistory,16,MAE,0.01887429354486762,0.03060780491331786,10.0,16,851
CS2_35,history_L16_HFhistory,16,MAE,0.018714808756648188,0.03021398774846726,100.0,16,851
CS2_36,history_L16_HFhistory,16,MAE,0.02015149408077759,0.05119683098675235,0.01,16,942
CS2_36,history_L16_HFhistory,16,MAE,0.02015982772859596,0.05117118686312508,0.1,16,942
CS2_36,history_L16_HFhistory,16,MAE,0.02024409179461386,0.05116812122358292,1.0,16,942
CS2_36,history_L16_HFhistory,16,MAE,0.020165580728945587,0.051030041767246945,10.0,16,942
CS2_36,history_L16_HFhistory,16,MAE,0.02019164918269846,0.05085841827794872,100.0,16,942
CS2_37,history_L16_HFhistory,16,MAE,0.019786945954213726,0.03905056069559422,0.01,16,1007
CS2_37,history_L16_HFhistory,16,MAE,0.019759786559399525,0.039019952326305535,0.1,16,1007
CS2_37,history_L16_HFhistory,16,MAE,0.019816160906263734,0.03902597502770545,1.0,16,1007
CS2_37,history_L16_HFhistory,16,MAE,0.019744633919738977,0.03893195951167376,10.0,16,1007
CS2_37,history_L16_HFhistory,16,MAE,0.019481847876534755,0.03864498423577766,100.0,16,1007
CS2_38,history_L16_HFhistory,16,MAE,0.019900237420711234,0.04474851695402708,0.01,16,997
CS2_38,history_L16_HFhistory,16,MAE,0.019788126521595156,0.04469364859015766,0.1,16,997
CS2_38,history_L16_HFhistory,16,MAE,0.01974931720997426,0.04468851304889394,1.0,16,997
CS2_38,history_L16_HFhistory,16,MAE,0.01954044594963635,0.044580389812353446,10.0,16,997
CS2_38,history_L16_HFhistory,16,MAE,0.018543519681920893,0.04408340922772679,100.0,16,997
CS2_35,history_L32_HFhistory,16,MAE,0.020265158734716068,0.031288475678775726,0.01,32,835
CS2_35,history_L32_HFhistory,16,MAE,0.020201170641370156,0.031162296994852047,0.1,32,835
CS2_35,history_L32_HFhistory,16,MAE,0.020191974737285383,0.03114930196018356,1.0,32,835
CS2_35,history_L32_HFhistory,16,MAE,0.019839113086696575,0.030891405295569944,10.0,32,835
CS2_35,history_L32_HFhistory,16,MAE,0.019176224302034316,0.030299791056741545,100.0,32,835
CS2_36,history_L32_HFhistory,16,MAE,0.02258170262082981,0.05233714733261719,0.01,32,926
CS2_36,history_L32_HFhistory,16,MAE,0.022409344087781106,0.05232927947810845,0.1,32,926
CS2_36,history_L32_HFhistory,16,MAE,0.022304230618831748,0.05231851282742213,1.0,32,926
CS2_36,history_L32_HFhistory,16,MAE,0.02186958643506727,0.0520747158670154,10.0,32,926
CS2_36,history_L32_HFhistory,16,MAE,0.0210850305299802,0.0516578672157058,100.0,32,926
CS2_37,history_L32_HFhistory,16,MAE,0.020380266730343703,0.03967589102009796,0.01,32,991
CS2_37,history_L32_HFhistory,16,MAE,0.020154060316148265,0.03969992913116769,0.1,32,991
CS2_37,history_L32_HFhistory,16,MAE,0.020086515146009776,0.0397085129444332,1.0,32,991
CS2_37,history_L32_HFhistory,16,MAE,0.019868190402742604,0.039488105257684536,10.0,32,991
CS2_37,history_L32_HFhistory,16,MAE,0.019676668539230557,0.03910622873458662,100.0,32,991
CS2_38,history_L32_HFhistory,16,MAE,0.021633261508794112,0.046115192200232115,0.01,32,981
CS2_38,history_L32_HFhistory,16,MAE,0.021227456924044843,0.04603282923710254,0.1,32,981
CS2_38,history_L32_HFhistory,16,MAE,0.021045139991839032,0.04591023609407456,1.0,32,981
CS2_38,history_L32_HFhistory,16,MAE,0.020810945158572507,0.045663113746402216,10.0,32,981
CS2_38,history_L32_HFhistory,16,MAE,0.019817437219131862,0.04521268010696781,100.0,32,981
CS2_35,persistence,24,MAE,0.02963179462061158,0.04376034973484939,,1,854
CS2_36,persistence,24,MAE,0.03268591554600177,0.07337494744589532,,1,946
CS2_37,persistence,24,MAE,0.02819472371127976,0.05670583601506106,,1,1009
CS2_38,persistence,24,MAE,0.029456580218890298,0.06378521234063982,,1,1000
CS2_35,current_SOH,24,MAE,0.02540403518251425,0.04198019075616547,0.01,1,858
CS2_35,current_SOH,24,MAE,0.025405571665611255,0.04198119828665669,0.1,1,858
CS2_35,current_SOH,24,MAE,0.02542093137151988,0.0419913006288542,1.0,1,858
CS2_35,current_SOH,24,MAE,0.025578861864434956,0.04209500040622104,10.0,1,858
CS2_35,current_SOH,24,MAE,0.02735593844155564,0.043373182738108126,100.0,1,858
CS2_36,current_SOH,24,MAE,0.02603685056324153,0.07075343805677106,0.01,1,949
CS2_36,current_SOH,24,MAE,0.02603730359789293,0.07075278891233303,0.1,1,949
CS2_36,current_SOH,24,MAE,0.02604183238547655,0.07074634428228815,1.0,1,949
CS2_36,current_SOH,24,MAE,0.026091883339531052,0.0706865521563384,10.0,1,949
CS2_36,current_SOH,24,MAE,0.02737931020566251,0.07052656406550656,100.0,1,949
CS2_37,current_SOH,24,MAE,0.024275519829480674,0.05681814398765123,0.01,1,1014
CS2_37,current_SOH,24,MAE,0.02427687917559546,0.05681839031581791,0.1,1,1014
CS2_37,current_SOH,24,MAE,0.02429049891799905,0.0568208951418488,1.0,1,1014
CS2_37,current_SOH,24,MAE,0.024435543141238664,0.0568500659454961,10.0,1,1014
CS2_37,current_SOH,24,MAE,0.02648863457212913,0.057522379745670864,100.0,1,1014
CS2_38,current_SOH,24,MAE,0.025507641182214554,0.06361106378805641,0.01,1,1004
CS2_38,current_SOH,24,MAE,0.025509414936551723,0.06361078361041925,0.1,1,1004
CS2_38,current_SOH,24,MAE,0.02552714625732684,0.06360800940917376,1.0,1,1004
CS2_38,current_SOH,24,MAE,0.025711200608018188,0.06358300704505276,10.0,1,1004
CS2_38,current_SOH,24,MAE,0.027887631809519524,0.063589385015406,100.0,1,1004
CS2_35,current_SOH_currentHF,24,MAE,0.022545663907347635,0.040905152223110156,0.01,1,858
CS2_35,current_SOH_currentHF,24,MAE,0.022440853125262606,0.04103431304005826,0.1,1,858
CS2_35,current_SOH_currentHF,24,MAE,0.02238171104532086,0.04108808478129528,1.0,1,858
CS2_35,current_SOH_currentHF,24,MAE,0.022339802636313112,0.0408730356683241,10.0,1,858
CS2_35,current_SOH_currentHF,24,MAE,0.02266531955046088,0.040182080340679355,100.0,1,858
CS2_36,current_SOH_currentHF,24,MAE,0.023369056906076876,0.05687293968751443,0.01,1,949
CS2_36,current_SOH_currentHF,24,MAE,0.023480133260558755,0.05697844078679035,0.1,1,949
CS2_36,current_SOH_currentHF,24,MAE,0.023543135916563995,0.0570428630115,1.0,1,949
CS2_36,current_SOH_currentHF,24,MAE,0.023498406890935998,0.05701239598695462,10.0,1,949
CS2_36,current_SOH_currentHF,24,MAE,0.023193427331154943,0.05689937470134721,100.0,1,949
CS2_37,current_SOH_currentHF,24,MAE,0.021306779410274413,0.04338409922299506,0.01,1,1014
CS2_37,current_SOH_currentHF,24,MAE,0.021398635109247492,0.043466214315979204,0.1,1,1014
CS2_37,current_SOH_currentHF,24,MAE,0.021454263353519194,0.04353023601154083,1.0,1,1014
CS2_37,current_SOH_currentHF,24,MAE,0.02145888262624873,0.043589770982354066,10.0,1,1014
CS2_37,current_SOH_currentHF,24,MAE,0.021520828718951196,0.0442120053649879,100.0,1,1014
CS2_38,current_SOH_currentHF,24,MAE,0.02077287627623162,0.048351122597083344,0.01,1,1004
CS2_38,current_SOH_currentHF,24,MAE,0.020210228947530037,0.04786098220121238,0.1,1,1004
CS2_38,current_SOH_currentHF,24,MAE,0.02004928965860911,0.04768722783601973,1.0,1,1004
CS2_38,current_SOH_currentHF,24,MAE,0.020180501953654856,0.04774071977233769,10.0,1,1004
CS2_38,current_SOH_currentHF,24,MAE,0.021154688503259512,0.04818755089158175,100.0,1,1004
CS2_35,history_L8,24,MAE,0.02177003284965031,0.03404058613907252,0.01,8,851
CS2_35,history_L8,24,MAE,0.021770157399720675,0.034040747992629156,0.1,8,851
CS2_35,history_L8,24,MAE,0.021771408988699142,0.03404236634415411,1.0,8,851
CS2_35,history_L8,24,MAE,0.0217844255648597,0.03405853140898065,10.0,8,851
CS2_35,history_L8,24,MAE,0.02191752350116242,0.03421953387790864,100.0,8,851
CS2_36,history_L8,24,MAE,0.025542600498055967,0.05582731133102081,0.01,8,942
CS2_36,history_L8,24,MAE,0.025542476966157537,0.05582710534866496,0.1,8,942
CS2_36,history_L8,24,MAE,0.025541239863661528,0.05582505339700362,1.0,8,942
CS2_36,history_L8,24,MAE,0.025528702712147442,0.05580525231789009,10.0,8,942
CS2_36,history_L8,24,MAE,0.025400866151724086,0.05564522268966275,100.0,8,942
CS2_37,history_L8,24,MAE,0.02213471699814877,0.042417370477371784,0.01,8,1007
CS2_37,history_L8,24,MAE,0.022134800385498112,0.04241732555158946,0.1,8,1007
CS2_37,history_L8,24,MAE,0.022135629519269086,0.04241688407324984,1.0,8,1007
CS2_37,history_L8,24,MAE,0.02214352767292306,0.04241318328853923,10.0,8,1007
CS2_37,history_L8,24,MAE,0.02220291676342229,0.0424151608671286,100.0,8,1007
CS2_38,history_L8,24,MAE,0.021612417609057678,0.04638144720679582,0.01,8,997
CS2_38,history_L8,24,MAE,0.021612532150608803,0.04638136715144685,0.1,8,997
CS2_38,history_L8,24,MAE,0.021613679326627975,0.04638058426009185,1.0,8,997
CS2_38,history_L8,24,MAE,0.021627509657328126,0.04637432652109448,10.0,8,997
CS2_38,history_L8,24,MAE,0.021794268335116856,0.04638131172985124,100.0,8,997
CS2_35,history_L16,24,MAE,0.021315506873116615,0.03350509576995237,0.01,16,843
CS2_35,history_L16,24,MAE,0.021315638817240693,0.033505267655726666,0.1,16,843
CS2_35,history_L16,24,MAE,0.021316964230295873,0.033506986681203305,1.0,16,843
CS2_35,history_L16,24,MAE,0.021329852958152345,0.03352416406357369,10.0,16,843
CS2_35,history_L16,24,MAE,0.02144614436797887,0.03368359689340122,100.0,16,843
CS2_36,history_L16,24,MAE,0.025266134575030866,0.05534447361150063,0.01,16,934
CS2_36,history_L16,24,MAE,0.025266108042374214,0.05534431037608768,0.1,16,934
CS2_36,history_L16,24,MAE,0.025265839462857046,0.05534269288559727,1.0,16,934
CS2_36,history_L16,24,MAE,0.02526344749588813,0.05532785995245853,10.0,16,934
CS2_36,history_L16,24,MAE,0.02524149745656549,0.05523997408304197,100.0,16,934
CS2_37,history_L16,24,MAE,0.021601493228524317,0.04150990366275061,0.01,16,999
CS2_37,history_L16,24,MAE,0.021601585839282903,0.041509770639667536,0.1,16,999
CS2_37,history_L16,24,MAE,0.021602507301548203,0.0415084603075198,1.0,16,999
CS2_37,history_L16,24,MAE,0.02161173798104916,0.04149716796221175,10.0,16,999
CS2_37,history_L16,24,MAE,0.02170317301130732,0.041471584628502506,100.0,16,999
CS2_38,history_L16,24,MAE,0.02078241887517166,0.045779594370824024,0.01,16,989
CS2_38,history_L16,24,MAE,0.020782570723961398,0.04577953039585705,0.1,16,989
CS2_38,history_L16,24,MAE,0.020784086277551548,0.045778914772551915,1.0,16,989
CS2_38,history_L16,24,MAE,0.020799627389473406,0.04577487126400155,10.0,16,989
CS2_38,history_L16,24,MAE,0.020960890757987027,0.04581278937918075,100.0,16,989
CS2_35,history_L32,24,MAE,0.020842503759435846,0.033168755957699435,0.01,32,827
CS2_35,history_L32,24,MAE,0.020842782568867717,0.03316900835493991,0.1,32,827
CS2_35,history_L32,24,MAE,0.020845559170708416,0.03317153345185197,1.0,32,827
CS2_35,history_L32,24,MAE,0.0208734419753079,0.03319682927705847,10.0,32,827
CS2_35,history_L32,24,MAE,0.02109968537454944,0.03342646088696849,100.0,32,827
CS2_36,history_L32,24,MAE,0.024564664589876897,0.0551245207275058,0.01,32,918
CS2_36,history_L32,24,MAE,0.02456473371580029,0.055124418047077024,0.1,32,918
CS2_36,history_L32,24,MAE,0.024565419055231644,0.05512341153187354,1.0,32,918
CS2_36,history_L32,24,MAE,0.02457272326376621,0.05511516747589257,10.0,32,918
CS2_36,history_L32,24,MAE,0.024634557136276245,0.05510919211637842,100.0,32,918
CS2_37,history_L32,24,MAE,0.02084658879254199,0.040670372200024375,0.01,32,983
CS2_37,history_L32,24,MAE,0.02084674853113111,0.040670166445895065,0.1,32,983
CS2_37,history_L32,24,MAE,0.02084833800230212,0.04066813811218412,1.0,32,983
CS2_37,history_L32,24,MAE,0.020865854497184904,0.0406505202076467,10.0,32,983
CS2_37,history_L32,24,MAE,0.021022188392098594,0.040604819508488876,100.0,32,983
CS2_38,history_L32,24,MAE,0.020516427083859638,0.04540035040493182,0.01,32,973
CS2_38,history_L32,24,MAE,0.020516559666431785,0.0454001048015866,0.1,32,973
CS2_38,history_L32,24,MAE,0.020517886276542937,0.04539769830940693,1.0,32,973
CS2_38,history_L32,24,MAE,0.020532140611564876,0.04537804031576572,10.0,32,973
CS2_38,history_L32,24,MAE,0.020734623233004543,0.045364891154010094,100.0,32,973
CS2_35,history_L32_currentHF,24,MAE,0.02022771319195142,0.033224280932297304,0.01,32,827
CS2_35,history_L32_currentHF,24,MAE,0.02017386038411452,0.03325669415362101,0.1,32,827
CS2_35,history_L32_currentHF,24,MAE,0.020149708149759037,0.033264198264265486,1.0,32,827
CS2_35,history_L32_currentHF,24,MAE,0.020158377982636592,0.03315318088203309,10.0,32,827
CS2_35,history_L32_currentHF,24,MAE,0.020372506990252396,0.03296924425902904,100.0,32,827
CS2_36,history_L32_currentHF,24,MAE,0.023736040743841783,0.054353171227148424,0.01,32,918
CS2_36,history_L32_currentHF,24,MAE,0.02375015229537884,0.05436813491955508,0.1,32,918
CS2_36,history_L32_currentHF,24,MAE,0.02376180324842337,0.054377163450318663,1.0,32,918
CS2_36,history_L32_currentHF,24,MAE,0.023794736151209986,0.05438543442157042,10.0,32,918
CS2_36,history_L32_currentHF,24,MAE,0.023959583437171694,0.05446579020565629,100.0,32,918
CS2_37,history_L32_currentHF,24,MAE,0.020562903032758297,0.040379458823042835,0.01,32,983
CS2_37,history_L32_currentHF,24,MAE,0.020606402777282574,0.040409833667677836,0.1,32,983
CS2_37,history_L32_currentHF,24,MAE,0.02062889157437991,0.04042338867622819,1.0,32,983
CS2_37,history_L32_currentHF,24,MAE,0.020629540606591095,0.04039331085739634,10.0,32,983
CS2_37,history_L32_currentHF,24,MAE,0.020724099528798744,0.04035174233586044,100.0,32,983
CS2_38,history_L32_currentHF,24,MAE,0.020014003507308486,0.045465274764090645,0.01,32,973
CS2_38,history_L32_currentHF,24,MAE,0.019712272453248275,0.045285180899103626,0.1,32,973
CS2_38,history_L32_currentHF,24,MAE,0.019580933786826977,0.04521024295025411,1.0,32,973
CS2_38,history_L32_currentHF,24,MAE,0.01943577297417634,0.045131592925571486,10.0,32,973
CS2_38,history_L32_currentHF,24,MAE,0.019374985424678404,0.04505823099807621,100.0,32,973
CS2_35,trend_L32,24,MAE,0.02380312056128265,0.03890987969463859,0.01,32,827
CS2_35,trend_L32,24,MAE,0.023805215492750043,0.03891257473449666,0.1,32,827
CS2_35,trend_L32,24,MAE,0.023826780739997902,0.03893969496098233,1.0,32,827
CS2_35,trend_L32,24,MAE,0.024042716832484,0.03922657614619013,10.0,32,827
CS2_35,trend_L32,24,MAE,0.026476713329964357,0.042822939275964984,100.0,32,827
CS2_36,trend_L32,24,MAE,0.025031355474552548,0.05868332413064824,0.01,32,918
CS2_36,trend_L32,24,MAE,0.025031152763521355,0.058682539620951046,0.1,32,918
CS2_36,trend_L32,24,MAE,0.025029285761105382,0.05867473154226975,1.0,32,918
CS2_36,trend_L32,24,MAE,0.025014738494796886,0.05860026058486647,10.0,32,918
CS2_36,trend_L32,24,MAE,0.025267237560187502,0.05814713269638852,100.0,32,918
CS2_37,trend_L32,24,MAE,0.022768831835303698,0.048631337414603446,0.01,32,983
CS2_37,trend_L32,24,MAE,0.022768037623343725,0.04863034627541873,0.1,32,983
CS2_37,trend_L32,24,MAE,0.022760445749278692,0.048620931495595605,1.0,32,983
CS2_37,trend_L32,24,MAE,0.022735207714799345,0.048573366141638305,10.0,32,983
CS2_37,trend_L32,24,MAE,0.025798564853330302,0.0507013543032384,100.0,32,983
CS2_38,trend_L32,24,MAE,0.024902480032755893,0.05337447184567495,0.01,32,973
CS2_38,trend_L32,24,MAE,0.02490450797797188,0.053374448905866186,0.1,32,973
CS2_38,trend_L32,24,MAE,0.02492477855385934,0.05337439341373482,1.0,32,973
CS2_38,trend_L32,24,MAE,0.02513131459611636,0.05339027259490621,10.0,32,973
CS2_38,trend_L32,24,MAE,0.027099367210966275,0.05453939274203252,100.0,32,973
CS2_35,trend_L32_currentHF,24,MAE,0.021516374350626487,0.038373088083830977,0.01,32,827
CS2_35,trend_L32_currentHF,24,MAE,0.02146252445814373,0.03846190460139602,0.1,32,827
CS2_35,trend_L32_currentHF,24,MAE,0.021446203261887925,0.038523593224302106,1.0,32,827
CS2_35,trend_L32_currentHF,24,MAE,0.021542974969395178,0.038634514659938106,10.0,32,827
CS2_35,trend_L32_currentHF,24,MAE,0.022514016327285807,0.03951338768563528,100.0,32,827
CS2_36,trend_L32_currentHF,24,MAE,0.02357569147307816,0.056107567627702304,0.01,32,918
CS2_36,trend_L32_currentHF,24,MAE,0.02360640258386386,0.05620315817411967,0.1,32,918
CS2_36,trend_L32_currentHF,24,MAE,0.023631227767784847,0.05625636425038565,1.0,32,918
CS2_36,trend_L32_currentHF,24,MAE,0.023582316943694996,0.0562181877475551,10.0,32,918
CS2_36,trend_L32_currentHF,24,MAE,0.023151943389336526,0.055823655686537785,100.0,32,918
CS2_37,trend_L32_currentHF,24,MAE,0.021019334834683122,0.04289935876677101,0.01,32,983
CS2_37,trend_L32_currentHF,24,MAE,0.02109501048984874,0.04297246791142434,0.1,32,983
CS2_37,trend_L32_currentHF,24,MAE,0.021137561595766723,0.043013146008015965,1.0,32,983
CS2_37,trend_L32_currentHF,24,MAE,0.021073409225191693,0.0429802812970961,10.0,32,983
CS2_37,trend_L32_currentHF,24,MAE,0.021836531294702324,0.04373249642343692,100.0,32,983
CS2_38,trend_L32_currentHF,24,MAE,0.021154415739179602,0.04825435511319653,0.01,32,973
CS2_38,trend_L32_currentHF,24,MAE,0.020567028286232896,0.047873144781986704,0.1,32,973
CS2_38,trend_L32_currentHF,24,MAE,0.020301020665194396,0.04770316637122821,1.0,32,973
CS2_38,trend_L32_currentHF,24,MAE,0.020079991340918278,0.047471058441382635,10.0,32,973
CS2_38,trend_L32_currentHF,24,MAE,0.020357845612012506,0.04705487417479692,100.0,32,973
CS2_35,history_L16_HFhistory,24,MAE,0.021037317019660908,0.0324761761256732,0.01,16,843
CS2_35,history_L16_HFhistory,24,MAE,0.020960993034165657,0.03242605793705019,0.1,16,843
CS2_35,history_L16_HFhistory,24,MAE,0.020964103339927893,0.03243768964348654,1.0,16,843
CS2_35,history_L16_HFhistory,24,MAE,0.020992837858348358,0.03246342338810234,10.0,16,843
CS2_35,history_L16_HFhistory,24,MAE,0.021086838928658435,0.0324333443291633,100.0,16,843
CS2_36,history_L16_HFhistory,24,MAE,0.02260231663617298,0.05293350825764587,0.01,16,934
CS2_36,history_L16_HFhistory,24,MAE,0.022508708337417173,0.052888877585390584,0.1,16,934
CS2_36,history_L16_HFhistory,24,MAE,0.022378944123386507,0.05281364550235225,1.0,16,934
CS2_36,history_L16_HFhistory,24,MAE,0.022122699036850546,0.05257978299810092,10.0,16,934
CS2_36,history_L16_HFhistory,24,MAE,0.022020578074047493,0.052398973322803626,100.0,16,934
CS2_37,history_L16_HFhistory,24,MAE,0.0220072117363239,0.04066762924243374,0.01,16,999
CS2_37,history_L16_HFhistory,24,MAE,0.021897897351521086,0.04068151642438955,0.1,16,999
CS2_37,history_L16_HFhistory,24,MAE,0.021811290658496008,0.04066810146837315,1.0,16,999
CS2_37,history_L16_HFhistory,24,MAE,0.021726041793766433,0.04058220661793567,10.0,16,999
CS2_37,history_L16_HFhistory,24,MAE,0.021511592405856608,0.04034321454127711,100.0,16,999
CS2_38,history_L16_HFhistory,24,MAE,0.022249020362880113,0.0461407232184091,0.01,16,989
CS2_38,history_L16_HFhistory,24,MAE,0.02206036849898736,0.046108531208268966,0.1,16,989
CS2_38,history_L16_HFhistory,24,MAE,0.02198433342605995,0.046077942817872294,1.0,16,989
CS2_38,history_L16_HFhistory,24,MAE,0.02175002106758508,0.04594887643246521,10.0,16,989
CS2_38,history_L16_HFhistory,24,MAE,0.020372148233833376,0.045361438207424616,100.0,16,989
CS2_35,history_L32_HFhistory,24,MAE,0.022031531930358925,0.03280966894210235,0.01,32,827
CS2_35,history_L32_HFhistory,24,MAE,0.021802990534229766,0.03258972023500877,0.1,32,827
CS2_35,history_L32_HFhistory,24,MAE,0.021659463484956475,0.032483215089150363,1.0,32,827
CS2_35,history_L32_HFhistory,24,MAE,0.021385596794438938,0.03241983723505612,10.0,32,827
CS2_35,history_L32_HFhistory,24,MAE,0.020894409304481516,0.03230979499248902,100.0,32,827
CS2_36,history_L32_HFhistory,24,MAE,0.024588010644308333,0.05398304643953797,0.01,32,918
CS2_36,history_L32_HFhistory,24,MAE,0.024373488419414533,0.05396401533887566,0.1,32,918
CS2_36,history_L32_HFhistory,24,MAE,0.0242466662699611,0.0539378346841555,1.0,32,918
CS2_36,history_L32_HFhistory,24,MAE,0.023740062907950308,0.05365672188394852,10.0,32,918
CS2_36,history_L32_HFhistory,24,MAE,0.02285591433038701,0.05316888240944339,100.0,32,918
CS2_37,history_L32_HFhistory,24,MAE,0.022107898673559355,0.04086430395746947,0.01,32,983
CS2_37,history_L32_HFhistory,24,MAE,0.021942660552704427,0.040883452954699466,0.1,32,983
CS2_37,history_L32_HFhistory,24,MAE,0.021883825945077436,0.04086295411816885,1.0,32,983
CS2_37,history_L32_HFhistory,24,MAE,0.021642018814321234,0.040546302777590255,10.0,32,983
CS2_37,history_L32_HFhistory,24,MAE,0.021317899902185973,0.04003259215042878,100.0,32,983
CS2_38,history_L32_HFhistory,24,MAE,0.023747837110710986,0.047440360548174104,0.01,32,973
CS2_38,history_L32_HFhistory,24,MAE,0.023414142415733318,0.04725730937457311,0.1,32,973
CS2_38,history_L32_HFhistory,24,MAE,0.02320505554817192,0.04708730202608244,1.0,32,973
CS2_38,history_L32_HFhistory,24,MAE,0.022833554935842795,0.04685493563237044,10.0,32,973
CS2_38,history_L32_HFhistory,24,MAE,0.02141684168815084,0.046249330094435506,100.0,32,973
CS2_35,persistence,32,MAE,0.03473434623256313,0.05103449234994496,,1,846
CS2_36,persistence,32,MAE,0.03889776562061769,0.07872616334212901,,1,938
CS2_37,persistence,32,MAE,0.033859752901342195,0.06253937538155313,,1,1001
CS2_38,persistence,32,MAE,0.033649475996377645,0.06798889380348448,,1,992
CS2_35,current_SOH,32,MAE,0.02803359942371656,0.04476944512072941,0.01,1,850
CS2_35,current_SOH,32,MAE,0.02803534961757762,0.04477072202938067,0.1,1,850
CS2_35,current_SOH,32,MAE,0.02805284567068574,0.04478351362533821,1.0,1,850
CS2_35,current_SOH,32,MAE,0.02823005099660046,0.044913655402011074,10.0,1,850
CS2_35,current_SOH,32,MAE,0.030131290718612067,0.04641369530778119,100.0,1,850
CS2_36,current_SOH,32,MAE,0.02845278746413661,0.07372221385166101,0.01,1,941
CS2_36,current_SOH,32,MAE,0.02845322021601902,0.07372134170434883,0.1,1,941
CS2_36,current_SOH,32,MAE,0.028457546233180444,0.07371266700184903,1.0,1,941
CS2_36,current_SOH,32,MAE,0.028505443998217205,0.07363057102915951,10.0,1,941
CS2_36,current_SOH,32,MAE,0.02976150039446976,0.07324848600436418,100.0,1,941
CS2_37,current_SOH,32,MAE,0.02695559732538705,0.05955282802176045,0.01,1,1006
CS2_37,current_SOH,32,MAE,0.026957047192073477,0.059553052897830416,0.1,1,1006
CS2_37,current_SOH,32,MAE,0.02697176751799363,0.05955534169387096,1.0,1,1006
CS2_37,current_SOH,32,MAE,0.027124776697258195,0.059582202489634827,10.0,1,1006
CS2_37,current_SOH,32,MAE,0.02910405501847874,0.06021774455272828,100.0,1,1006
CS2_38,current_SOH,32,MAE,0.027921001267978834,0.06584440924061666,0.01,1,996
CS2_38,current_SOH,32,MAE,0.027922912222433174,0.0658441185585734,0.1,1,996
CS2_38,current_SOH,32,MAE,0.027942032985401342,0.06584123864368202,1.0,1,996
CS2_38,current_SOH,32,MAE,0.028139560649805263,0.06581511248758541,10.0,1,996
CS2_38,current_SOH,32,MAE,0.030332921340956765,0.06580392919272261,100.0,1,996
CS2_35,current_SOH_currentHF,32,MAE,0.02487653716646061,0.042246758874240384,0.01,1,850
CS2_35,current_SOH_currentHF,32,MAE,0.0247715905999761,0.04233160056915174,0.1,1,850
CS2_35,current_SOH_currentHF,32,MAE,0.02470943884328291,0.0423588654695919,1.0,1,850
CS2_35,current_SOH_currentHF,32,MAE,0.02464495986134385,0.042119627588896834,10.0,1,850
CS2_35,current_SOH_currentHF,32,MAE,0.024995970345819418,0.04139553102301785,100.0,1,850
CS2_36,current_SOH_currentHF,32,MAE,0.02507499312998811,0.058742209759844746,0.01,1,941
CS2_36,current_SOH_currentHF,32,MAE,0.025106951473576666,0.05881253768644253,0.1,1,941
CS2_36,current_SOH_currentHF,32,MAE,0.0251221304132601,0.05885134384610437,1.0,1,941
CS2_36,current_SOH_currentHF,32,MAE,0.025090335266775503,0.05881411038890186,10.0,1,941
CS2_36,current_SOH_currentHF,32,MAE,0.025016442089995632,0.058656434481741467,100.0,1,941
CS2_37,current_SOH_currentHF,32,MAE,0.024016847435740066,0.04606926812459185,0.01,1,1006
CS2_37,current_SOH_currentHF,32,MAE,0.024087290828373117,0.04613105821748918,0.1,1,1006
CS2_37,current_SOH_currentHF,32,MAE,0.024129253301254067,0.046178078161612963,1.0,1,1006
CS2_37,current_SOH_currentHF,32,MAE,0.02413514459030637,0.04622192844580878,10.0,1,1006
CS2_37,current_SOH_currentHF,32,MAE,0.02419697856038808,0.0467968688062484,100.0,1,1006
CS2_38,current_SOH_currentHF,32,MAE,0.0227213099426806,0.04983537145892345,0.01,1,996
CS2_38,current_SOH_currentHF,32,MAE,0.02230028356188793,0.04942364835384631,0.1,1,996
CS2_38,current_SOH_currentHF,32,MAE,0.022142404195085157,0.04927175067508931,1.0,1,996
CS2_38,current_SOH_currentHF,32,MAE,0.022324679541811467,0.04936505115198054,10.0,1,996
CS2_38,current_SOH_currentHF,32,MAE,0.023494290600900695,0.05005697129494937,100.0,1,996
CS2_35,history_L8,32,MAE,0.024029348267418524,0.03628018164487881,0.01,8,843
CS2_35,history_L8,32,MAE,0.024029504165918963,0.03628038008542448,0.1,8,843
CS2_35,history_L8,32,MAE,0.02403106092309873,0.036282363693290944,1.0,8,843
CS2_35,history_L8,32,MAE,0.024046418647818698,0.036302124872380714,10.0,8,843
CS2_35,history_L8,32,MAE,0.024190627552530264,0.03649595829072635,100.0,8,843
CS2_36,history_L8,32,MAE,0.027233256915531846,0.05817612525111333,0.01,8,934
CS2_36,history_L8,32,MAE,0.027233099940300955,0.0581758927429944,0.1,8,934
CS2_36,history_L8,32,MAE,0.027231528916180518,0.05817357329167868,1.0,8,934
CS2_36,history_L8,32,MAE,0.02721569997793219,0.05815090149794109,10.0,8,934
CS2_36,history_L8,32,MAE,0.027067841031907215,0.057955252958238224,100.0,8,934
CS2_37,history_L8,32,MAE,0.024086569098265086,0.04421863919338013,0.01,8,999
CS2_37,history_L8,32,MAE,0.02408666163507749,0.0442186196063655,0.1,8,999
CS2_37,history_L8,32,MAE,0.024087584231789597,0.044218428953339314,1.0,8,999
CS2_37,history_L8,32,MAE,0.024096549750949037,0.04421700645983898,10.0,8,999
CS2_37,history_L8,32,MAE,0.02417719696208055,0.044231459662156275,100.0,8,999
CS2_38,history_L8,32,MAE,0.023697992634642395,0.04891991526570804,0.01,8,989
CS2_38,history_L8,32,MAE,0.023698150714318692,0.048919922220652556,0.1,8,989
CS2_38,history_L8,32,MAE,0.023699729103893535,0.048919997741239354,1.0,8,989
CS2_38,history_L8,32,MAE,0.02371603646003037,0.048921282541676825,10.0,8,989
CS2_38,history_L8,32,MAE,0.02388738271359807,0.0489574932129116,100.0,8,989
CS2_35,history_L16,32,MAE,0.02352895492594528,0.03563743202516103,0.01,16,835
CS2_35,history_L16,32,MAE,0.023529041040443437,0.03563757383998065,0.1,16,835
CS2_35,history_L16,32,MAE,0.02352993614430719,0.03563899056926136,1.0,16,835
CS2_35,history_L16,32,MAE,0.023538777883820253,0.03565301761831676,10.0,16,835
CS2_35,history_L16,32,MAE,0.023623656493253355,0.03578217280758654,100.0,16,835
CS2_36,history_L16,32,MAE,0.026658086589975552,0.05738934997139667,0.01,16,926
CS2_36,history_L16,32,MAE,0.026658013776050885,0.057389153085008755,0.1,16,926
CS2_36,history_L16,32,MAE,0.026657283015748285,0.05738719491305272,1.0,16,926
CS2_36,history_L16,32,MAE,0.026649928022395276,0.057368589210087466,10.0,16,926
CS2_36,history_L16,32,MAE,0.026575521219619945,0.057231209616374755,100.0,16,926
CS2_37,history_L16,32,MAE,0.02306247408108523,0.04244217351225368,0.01,16,991
CS2_37,history_L16,32,MAE,0.0230625521833771,0.04244213578892527,0.1,16,991
CS2_37,history_L16,32,MAE,0.02306333111733927,0.04244176611578706,1.0,16,991
CS2_37,history_L16,32,MAE,0.023071036402847828,0.0424387557913394,10.0,16,991
CS2_37,history_L16,32,MAE,0.023150103973387876,0.04244171178821053,100.0,16,991
CS2_38,history_L16,32,MAE,0.022685631634738943,0.047215428567453865,0.01,16,981
CS2_38,history_L16,32,MAE,0.02268574660876491,0.04721539282461132,0.1,16,981
CS2_38,history_L16,32,MAE,0.02268689388829554,0.047215045949380835,1.0,16,981
CS2_38,history_L16,32,MAE,0.022698243855977476,0.04721251451964506,10.0,16,981
CS2_38,history_L16,32,MAE,0.022819322680771886,0.04722633619057126,100.0,16,981
CS2_35,history_L32,32,MAE,0.022953405082621177,0.03548617545264,0.01,32,819
CS2_35,history_L32,32,MAE,0.02295354406278584,0.03548636123605001,0.1,32,819
CS2_35,history_L32,32,MAE,0.022954929293775638,0.03548821545043008,1.0,32,819
CS2_35,history_L32,32,MAE,0.022969149977744678,0.035506397699064295,10.0,32,819
CS2_35,history_L32,32,MAE,0.02308805865818223,0.03565775631467072,100.0,32,819
CS2_36,history_L32,32,MAE,0.025956590451950545,0.056681668002328975,0.01,32,910
CS2_36,history_L32,32,MAE,0.0259565481966145,0.05668144226553959,0.1,32,910
CS2_36,history_L32,32,MAE,0.025956125097167333,0.056679202702013924,1.0,32,910
CS2_36,history_L32,32,MAE,0.02595183768057437,0.05665844331331461,10.0,32,910
CS2_36,history_L32,32,MAE,0.02592119302334336,0.05653597916023047,100.0,32,910
CS2_37,history_L32,32,MAE,0.02253124971425137,0.04166221021393726,0.01,32,975
CS2_37,history_L32,32,MAE,0.022531349715590124,0.041662056784253124,0.1,32,975
CS2_37,history_L32,32,MAE,0.022532384689632836,0.04166053936975524,1.0,32,975
CS2_37,history_L32,32,MAE,0.02254282697224105,0.04164691738540411,10.0,32,975
CS2_37,history_L32,32,MAE,0.02263986845927735,0.04159176171713745,100.0,32,975
CS2_38,history_L32,32,MAE,0.022809909910856817,0.04683827574502746,0.01,32,965
CS2_38,history_L32,32,MAE,0.02281011438153114,0.046838128089695515,0.1,32,965
CS2_38,history_L32,32,MAE,0.022812152901558577,0.0468366753178799,1.0,32,965
CS2_38,history_L32,32,MAE,0.022831942104050672,0.0468242782197907,10.0,32,965
CS2_38,history_L32,32,MAE,0.022997785395453378,0.04679484539835493,100.0,32,965
CS2_35,history_L32_currentHF,32,MAE,0.022282919351325915,0.034685492466043036,0.01,32,819
CS2_35,history_L32_currentHF,32,MAE,0.022223215570714567,0.034675361676523,0.1,32,819
CS2_35,history_L32_currentHF,32,MAE,0.022193852511258907,0.03466564941193455,1.0,32,819
CS2_35,history_L32_currentHF,32,MAE,0.022187324592027716,0.03460680809658247,10.0,32,819
CS2_35,history_L32_currentHF,32,MAE,0.022288304963729768,0.03460201064351708,100.0,32,819
CS2_36,history_L32_currentHF,32,MAE,0.02531976926014213,0.055751288014392844,0.01,32,910
CS2_36,history_L32_currentHF,32,MAE,0.025264667148944542,0.055694662730799364,0.1,32,910
CS2_36,history_L32_currentHF,32,MAE,0.025238851857952663,0.055663534622306006,1.0,32,910
CS2_36,history_L32_currentHF,32,MAE,0.025251434794716223,0.05565665697001694,10.0,32,910
CS2_36,history_L32_currentHF,32,MAE,0.02527229096791381,0.055677338507594695,100.0,32,910
CS2_37,history_L32_currentHF,32,MAE,0.022633594395814017,0.04195659632387597,0.01,32,975
CS2_37,history_L32_currentHF,32,MAE,0.022638892424175525,0.041960165917497426,0.1,32,975
CS2_37,history_L32_currentHF,32,MAE,0.02263900018870951,0.04195347269856339,1.0,32,975
CS2_37,history_L32_currentHF,32,MAE,0.022616773702660097,0.041883561736649914,10.0,32,975
CS2_37,history_L32_currentHF,32,MAE,0.022604959171573985,0.041680396284563805,100.0,32,975
CS2_38,history_L32_currentHF,32,MAE,0.02190108411562464,0.046721196905646085,0.01,32,965
CS2_38,history_L32_currentHF,32,MAE,0.021751123044382686,0.04659732068542891,0.1,32,965
CS2_38,history_L32_currentHF,32,MAE,0.021677041206666844,0.04653888994768688,1.0,32,965
CS2_38,history_L32_currentHF,32,MAE,0.02156081327716268,0.04647290464405302,10.0,32,965
CS2_38,history_L32_currentHF,32,MAE,0.021571203380103238,0.04641710980376117,100.0,32,965
CS2_35,trend_L32,32,MAE,0.026921006695928253,0.041831477651012555,0.01,32,819
CS2_35,trend_L32,32,MAE,0.026922969889216965,0.041834543359278636,0.1,32,819
CS2_35,trend_L32,32,MAE,0.026942685655390024,0.04186531459155492,1.0,32,819
CS2_35,trend_L32,32,MAE,0.027140231021942518,0.04218317018259052,10.0,32,819
CS2_35,trend_L32,32,MAE,0.029136584701188396,0.04565482057118893,100.0,32,819
CS2_36,trend_L32,32,MAE,0.027281706439242822,0.060943016156875654,0.01,32,910
CS2_36,trend_L32,32,MAE,0.02728109205981682,0.06094195494206142,0.1,32,910
CS2_36,trend_L32,32,MAE,0.02727494103126666,0.06093140033154392,1.0,32,910
CS2_36,trend_L32,32,MAE,0.027219019166117134,0.06083140617053371,10.0,32,910
CS2_36,trend_L32,32,MAE,0.027237513624981283,0.0602437116686474,100.0,32,910
CS2_37,trend_L32,32,MAE,0.02480554138521297,0.050091385708634265,0.01,32,975
CS2_37,trend_L32,32,MAE,0.024805042682092385,0.0500904550226196,0.1,32,975
CS2_37,trend_L32,32,MAE,0.024800250316482888,0.050081700651415824,1.0,32,975
CS2_37,trend_L32,32,MAE,0.02483013743652066,0.05004502054544088,10.0,32,975
CS2_37,trend_L32,32,MAE,0.02753930911576488,0.05215910424696081,100.0,32,975
CS2_38,trend_L32,32,MAE,0.027540118420422005,0.05519426222178183,0.01,32,965
CS2_38,trend_L32,32,MAE,0.027541793724099414,0.05519408687271675,0.1,32,965
CS2_38,trend_L32,32,MAE,0.02755849429280573,0.05519251702489086,1.0,32,965
CS2_38,trend_L32,32,MAE,0.02772251016766142,0.05519394301548423,10.0,32,965
CS2_38,trend_L32,32,MAE,0.029167071734144054,0.056145560672974916,100.0,32,965
CS2_35,trend_L32_currentHF,32,MAE,0.02407449551872292,0.03970111190394113,0.01,32,819
CS2_35,trend_L32_currentHF,32,MAE,0.024015481873725004,0.03974903151729297,0.1,32,819
CS2_35,trend_L32_currentHF,32,MAE,0.023995275787073715,0.03978577481166876,1.0,32,819
CS2_35,trend_L32_currentHF,32,MAE,0.024076813599359106,0.03986718127859496,10.0,32,819
CS2_35,trend_L32_currentHF,32,MAE,0.02486677910595649,0.040620467316991815,100.0,32,819
CS2_36,trend_L32_currentHF,32,MAE,0.025617682153100736,0.05767009310212092,0.01,32,910
CS2_36,trend_L32_currentHF,32,MAE,0.025626304609013523,0.05770953741146791,0.1,32,910
CS2_36,trend_L32_currentHF,32,MAE,0.025623640825620377,0.05772444227932071,1.0,32,910
CS2_36,trend_L32_currentHF,32,MAE,0.02554321806776609,0.057651453812109864,10.0,32,910
CS2_36,trend_L32_currentHF,32,MAE,0.02494504555737872,0.05710945411558929,100.0,32,910
CS2_37,trend_L32_currentHF,32,MAE,0.02330032223570275,0.04494489404398969,0.01,32,975
CS2_37,trend_L32_currentHF,32,MAE,0.023338992079718283,0.044992678048028784,0.1,32,975
CS2_37,trend_L32_currentHF,32,MAE,0.023355399577081416,0.04501746311735246,1.0,32,975
CS2_37,trend_L32_currentHF,32,MAE,0.02330033345592748,0.04500140474314881,10.0,32,975
CS2_37,trend_L32_currentHF,32,MAE,0.02401489459768999,0.045831785886827625,100.0,32,975
CS2_38,trend_L32_currentHF,32,MAE,0.02302888145266724,0.049308413929377626,0.01,32,965
CS2_38,trend_L32_currentHF,32,MAE,0.022591910635031836,0.048981836473741526,0.1,32,965
CS2_38,trend_L32_currentHF,32,MAE,0.02238582039017443,0.04882314105827434,1.0,32,965
CS2_38,trend_L32_currentHF,32,MAE,0.022246631535359097,0.04861541758837155,10.0,32,965
CS2_38,trend_L32_currentHF,32,MAE,0.022629620279928004,0.048345172845913324,100.0,32,965
CS2_35,history_L16_HFhistory,32,MAE,0.023781281068994038,0.03490251974474504,0.01,16,835
CS2_35,history_L16_HFhistory,32,MAE,0.023705260832758212,0.034704555019402915,0.1,16,835
CS2_35,history_L16_HFhistory,32,MAE,0.023670934962102964,0.03461640096685243,1.0,16,835
CS2_35,history_L16_HFhistory,32,MAE,0.023549502842239,0.03454469043731193,10.0,16,835
CS2_35,history_L16_HFhistory,32,MAE,0.023088111895073597,0.03431876228886237,100.0,16,835
CS2_36,history_L16_HFhistory,32,MAE,0.023866366728943655,0.05413423786123044,0.01,16,926
CS2_36,history_L16_HFhistory,32,MAE,0.023745897501670093,0.05417264313059021,0.1,16,926
CS2_36,history_L16_HFhistory,32,MAE,0.023686582642340883,0.05416108136443629,1.0,16,926
CS2_36,history_L16_HFhistory,32,MAE,0.023631506307480413,0.0540598803174257,10.0,16,926
CS2_36,history_L16_HFhistory,32,MAE,0.023643933012174267,0.05396686254044745,100.0,16,926
CS2_37,history_L16_HFhistory,32,MAE,0.02301014241825644,0.041224985190355334,0.01,16,991
CS2_37,history_L16_HFhistory,32,MAE,0.022890416233461868,0.041223465028535605,0.1,16,991
CS2_37,history_L16_HFhistory,32,MAE,0.022908549083572687,0.04126303362466702,1.0,16,991
CS2_37,history_L16_HFhistory,32,MAE,0.022969074559852025,0.041281459684021346,10.0,16,991
CS2_37,history_L16_HFhistory,32,MAE,0.022866416455701644,0.04122011871922933,100.0,16,991
CS2_38,history_L16_HFhistory,32,MAE,0.0230404592048972,0.04755545315542727,0.01,16,981
CS2_38,history_L16_HFhistory,32,MAE,0.023015368214066034,0.047608187926840906,0.1,16,981
CS2_38,history_L16_HFhistory,32,MAE,0.023033637661654387,0.04760473588232364,1.0,16,981
CS2_38,history_L16_HFhistory,32,MAE,0.022795198327368444,0.047437007998657625,10.0,16,981
CS2_38,history_L16_HFhistory,32,MAE,0.021097210355653293,0.0466785414602875,100.0,16,981
CS2_35,history_L32_HFhistory,32,MAE,0.024290231463849666,0.034661265375794836,0.01,32,819
CS2_35,history_L32_HFhistory,32,MAE,0.02388751915889971,0.034240390805599236,0.1,32,819
CS2_35,history_L32_HFhistory,32,MAE,0.023491090756906145,0.03387029499821445,1.0,32,819
CS2_35,history_L32_HFhistory,32,MAE,0.023048172514373678,0.03364614921764714,10.0,32,819
CS2_35,history_L32_HFhistory,32,MAE,0.02228069214818795,0.03353807969062224,100.0,32,819
CS2_36,history_L32_HFhistory,32,MAE,0.02516713123104253,0.05488330184397643,0.01,32,910
CS2_36,history_L32_HFhistory,32,MAE,0.024923170101715842,0.054912416508326956,0.1,32,910
CS2_36,history_L32_HFhistory,32,MAE,0.024878713589191248,0.054936959329474296,1.0,32,910
CS2_36,history_L32_HFhistory,32,MAE,0.02449373110253219,0.05470241479047603,10.0,32,910
CS2_36,history_L32_HFhistory,32,MAE,0.023754112196807356,0.05431228062146209,100.0,32,910
CS2_37,history_L32_HFhistory,32,MAE,0.02314337449101099,0.041374187240203406,0.01,32,975
CS2_37,history_L32_HFhistory,32,MAE,0.023012157576528264,0.041359534949812,0.1,32,975
CS2_37,history_L32_HFhistory,32,MAE,0.023006073610936498,0.041369765280342065,1.0,32,975
CS2_37,history_L32_HFhistory,32,MAE,0.022794836742532274,0.0411467066315741,10.0,32,975
CS2_37,history_L32_HFhistory,32,MAE,0.022390677042551897,0.040794019260096126,100.0,32,975
CS2_38,history_L32_HFhistory,32,MAE,0.024907924405329858,0.04858535285718393,0.01,32,965
CS2_38,history_L32_HFhistory,32,MAE,0.02472591505935694,0.04859571270790467,0.1,32,965
CS2_38,history_L32_HFhistory,32,MAE,0.024618136695200233,0.04850165182266423,1.0,32,965
CS2_38,history_L32_HFhistory,32,MAE,0.02435983043376317,0.0481859795465378,10.0,32,965
CS2_38,history_L32_HFhistory,32,MAE,0.022508815942410023,0.047182221553303094,100.0,32,965
CS2_35,persistence,48,MAE,0.04537692225249149,0.06512332352960787,,1,830
CS2_36,persistence,48,MAE,0.05257940170301997,0.08997980212192412,,1,922
CS2_37,persistence,48,MAE,0.04466647654577334,0.0735317706512868,,1,985
CS2_38,persistence,48,MAE,0.04274885854063128,0.07646134617279146,,1,976
CS2_35,current_SOH,48,MAE,0.03165023460558805,0.04983884585703781,0.01,1,834
CS2_35,current_SOH,48,MAE,0.03165188664437537,0.04984024449959873,0.1,1,834
CS2_35,current_SOH,48,MAE,0.0316684013847402,0.04985424941807032,1.0,1,834
CS2_35,current_SOH,48,MAE,0.03183416168771063,0.04999612632974855,10.0,1,834
CS2_35,current_SOH,48,MAE,0.033591468791254735,0.05157725989587205,100.0,1,834
CS2_36,current_SOH,48,MAE,0.02972478411693404,0.07775750746990345,0.01,1,925
CS2_36,current_SOH,48,MAE,0.029724961130626146,0.0777563204560991,0.1,1,925
CS2_36,current_SOH,48,MAE,0.02972673064279296,0.07774449772566529,1.0,1,925
CS2_36,current_SOH,48,MAE,0.029749467275710147,0.07763098617335697,10.0,1,925
CS2_36,current_SOH,48,MAE,0.03065786216742902,0.07694222559782965,100.0,1,925
CS2_37,current_SOH,48,MAE,0.02901774287753471,0.06098807882241618,0.01,1,990
CS2_37,current_SOH,48,MAE,0.029019478913036467,0.060988541346349394,0.1,1,990
CS2_37,current_SOH,48,MAE,0.029036840852560555,0.06099320495556835,1.0,1,990
CS2_37,current_SOH,48,MAE,0.02921546637622411,0.061043646098563505,10.0,1,990
CS2_37,current_SOH,48,MAE,0.031388632649169544,0.06189727247425971,100.0,1,990
CS2_38,current_SOH,48,MAE,0.03093783556588789,0.06957864520945775,0.01,1,980
CS2_38,current_SOH,48,MAE,0.03093962979508458,0.06957827805622241,0.1,1,980
CS2_38,current_SOH,48,MAE,0.03095756687571962,0.0695746329924824,1.0,1,980
CS2_38,current_SOH,48,MAE,0.031141229856904307,0.06954081196034434,10.0,1,980
CS2_38,current_SOH,48,MAE,0.03332390952203114,0.06944868683482527,100.0,1,980
CS2_35,current_SOH_currentHF,48,MAE,0.027338550730870242,0.04463929199809144,0.01,1,834
CS2_35,current_SOH_currentHF,48,MAE,0.027216095343215098,0.04476830274731028,0.1,1,834
CS2_35,current_SOH_currentHF,48,MAE,0.027138121274910432,0.04483709331180796,1.0,1,834
CS2_35,current_SOH_currentHF,48,MAE,0.02705276578161911,0.044630001118532145,10.0,1,834
CS2_35,current_SOH_currentHF,48,MAE,0.027392807244407062,0.044092060678600456,100.0,1,834
CS2_36,current_SOH_currentHF,48,MAE,0.02756039851085886,0.061659799187417694,0.01,1,925
CS2_36,current_SOH_currentHF,48,MAE,0.02762431546926268,0.0617747729951378,0.1,1,925
CS2_36,current_SOH_currentHF,48,MAE,0.027647433975420556,0.061835515760409805,1.0,1,925
CS2_36,current_SOH_currentHF,48,MAE,0.02745566825426506,0.0617443448155576,10.0,1,925
CS2_36,current_SOH_currentHF,48,MAE,0.02659487123871941,0.06123266149502966,100.0,1,925
CS2_37,current_SOH_currentHF,48,MAE,0.025828083545882174,0.046115842048368334,0.01,1,990
CS2_37,current_SOH_currentHF,48,MAE,0.02575917810361127,0.04613830247067127,0.1,1,990
CS2_37,current_SOH_currentHF,48,MAE,0.025750195307343373,0.046190944582268925,1.0,1,990
CS2_37,current_SOH_currentHF,48,MAE,0.02581276304411026,0.04626276084511385,10.0,1,990
CS2_37,current_SOH_currentHF,48,MAE,0.02642329173150382,0.047061878753073716,100.0,1,990
CS2_38,current_SOH_currentHF,48,MAE,0.024372733922269487,0.050925852826447265,0.01,1,980
CS2_38,current_SOH_currentHF,48,MAE,0.023831006162844,0.05058523874115304,0.1,1,980
CS2_38,current_SOH_currentHF,48,MAE,0.02363105465897786,0.05047164956779722,1.0,1,980
CS2_38,current_SOH_currentHF,48,MAE,0.023832653212284755,0.05062623545047334,10.0,1,980
CS2_38,current_SOH_currentHF,48,MAE,0.025369684605763693,0.05174078107081461,100.0,1,980
CS2_35,history_L8,48,MAE,0.025931421020731645,0.038793187266204614,0.01,8,827
CS2_35,history_L8,48,MAE,0.025931550855795276,0.03879337596389179,0.1,8,827
CS2_35,history_L8,48,MAE,0.02593284910218324,0.03879526381669571,1.0,8,827
CS2_35,history_L8,48,MAE,0.0259458746007004,0.03881422719954044,10.0,8,827
CS2_35,history_L8,48,MAE,0.02608545788376657,0.039010701678670566,100.0,8,827
CS2_36,history_L8,48,MAE,0.02895628798184905,0.059614823160744075,0.01,8,918
CS2_36,history_L8,48,MAE,0.028955951856773972,0.059614579644025376,0.1,8,918
CS2_36,history_L8,48,MAE,0.0289525911671534,0.05961214660312227,1.0,8,918
CS2_36,history_L8,48,MAE,0.028919041063134393,0.059588020189515756,10.0,8,918
CS2_36,history_L8,48,MAE,0.028609081181948225,0.05936260352616745,100.0,8,918
CS2_37,history_L8,48,MAE,0.025342699525754662,0.044489481669227476,0.01,8,983
CS2_37,history_L8,48,MAE,0.02534281517732381,0.044489494381514276,0.1,8,983
CS2_37,history_L8,48,MAE,0.0253439721525252,0.04448962414727374,1.0,8,983
CS2_37,history_L8,48,MAE,0.025355584790592113,0.0444911740203362,10.0,8,983
CS2_37,history_L8,48,MAE,0.025480974886489587,0.04452504519810512,100.0,8,983
CS2_38,history_L8,48,MAE,0.026486140655615352,0.04955451539290607,0.01,8,973
CS2_38,history_L8,48,MAE,0.026486225671297003,0.04955452826007207,0.1,8,973
CS2_38,history_L8,48,MAE,0.02648707549841101,0.049554659179355795,1.0,8,973
CS2_38,history_L8,48,MAE,0.02649558291186507,0.04955617664332591,10.0,8,973
CS2_38,history_L8,48,MAE,0.026583387114435832,0.049584134155708566,100.0,8,973
CS2_35,history_L16,48,MAE,0.02553634638994168,0.03837967668438317,0.01,16,819
CS2_35,history_L16,48,MAE,0.025536491910665527,0.03837982956217715,0.1,16,819
CS2_35,history_L16,48,MAE,0.025537943514906066,0.03838135656187013,1.0,16,819
CS2_35,history_L16,48,MAE,0.02555213391546108,0.03839645372290433,10.0,16,819
CS2_35,history_L16,48,MAE,0.02568392111943921,0.038534579379163554,100.0,16,819
CS2_36,history_L16,48,MAE,0.02841511982503325,0.058319162544687296,0.01,16,910
CS2_36,history_L16,48,MAE,0.02841496855243738,0.058318990468311536,0.1,16,910
CS2_36,history_L16,48,MAE,0.028413479502017912,0.0583172768296112,1.0,16,910
CS2_36,history_L16,48,MAE,0.028399120278694616,0.05830079108547213,10.0,16,910
CS2_36,history_L16,48,MAE,0.02825250616046863,0.05816841829431875,100.0,16,910
CS2_37,history_L16,48,MAE,0.024824291653902222,0.043283719635278224,0.01,16,975
CS2_37,history_L16,48,MAE,0.024824360085615654,0.04328365889235984,0.1,16,975
CS2_37,history_L16,48,MAE,0.02482504469163967,0.043283059605733434,1.0,16,975
CS2_37,history_L16,48,MAE,0.024831950825511335,0.04327781915473801,10.0,16,975
CS2_37,history_L16,48,MAE,0.02491286473940602,0.04326619857667685,100.0,16,975
CS2_38,history_L16,48,MAE,0.02579631341677645,0.0484581953106816,0.01,16,965
CS2_38,history_L16,48,MAE,0.025796441705467445,0.048458155831237866,0.1,16,965
CS2_38,history_L16,48,MAE,0.025797720145091855,0.04845777093766313,1.0,16,965
CS2_38,history_L16,48,MAE,0.025810245085915572,0.04845480887458178,10.0,16,965
CS2_38,history_L16,48,MAE,0.02592479070400228,0.04846412194813564,100.0,16,965
CS2_35,history_L32,48,MAE,0.024959315297397547,0.038016012953111064,0.01,32,803
CS2_35,history_L32,48,MAE,0.024959574770434693,0.03801620700185296,0.1,32,803
CS2_35,history_L32,48,MAE,0.024962181202212226,0.0380181457815059,1.0,32,803
CS2_35,history_L32,48,MAE,0.024987793570715715,0.0380373529233607,10.0,32,803
CS2_35,history_L32,48,MAE,0.02520153094366685,0.03820859218661502,100.0,32,803
CS2_36,history_L32,48,MAE,0.028336981711689076,0.0584771042730299,0.01,32,894
CS2_36,history_L32,48,MAE,0.028336974130214975,0.05847693589138961,0.1,32,894
CS2_36,history_L32,48,MAE,0.02833689536598713,0.0584752667236464,1.0,32,894
CS2_36,history_L32,48,MAE,0.028336458589723345,0.05845992720189549,10.0,32,894
CS2_36,history_L32,48,MAE,0.028353412238613457,0.05837747726298943,100.0,32,894
CS2_37,history_L32,48,MAE,0.023717310201673572,0.04278121544675164,0.01,32,959
CS2_37,history_L32,48,MAE,0.02371737650628755,0.04278110954608293,0.1,32,959
CS2_37,history_L32,48,MAE,0.023718039154391513,0.04278006415891498,1.0,32,959
CS2_37,history_L32,48,MAE,0.023725380212399044,0.04277087290121076,10.0,32,959
CS2_37,history_L32,48,MAE,0.02383828731136631,0.04274769116909453,100.0,32,959
CS2_38,history_L32,48,MAE,0.024615087571259818,0.047817301536939666,0.01,32,949
CS2_38,history_L32,48,MAE,0.02461499529378212,0.04781710131756664,0.1,32,949
CS2_38,history_L32,48,MAE,0.0246140957965076,0.04781512753072638,1.0,32,949
CS2_38,history_L32,48,MAE,0.024606255348816795,0.04779796969812571,10.0,32,949
CS2_38,history_L32,48,MAE,0.024662829750773912,0.04775113848473067,100.0,32,949
CS2_35,history_L32_currentHF,48,MAE,0.024463932961959763,0.03692363061387455,0.01,32,803
CS2_35,history_L32_currentHF,48,MAE,0.024420844917016304,0.036915804184765935,0.1,32,803
CS2_35,history_L32_currentHF,48,MAE,0.024405804013128824,0.03692023079886027,1.0,32,803
CS2_35,history_L32_currentHF,48,MAE,0.02436055074174596,0.03687009715336273,10.0,32,803
CS2_35,history_L32_currentHF,48,MAE,0.024353665870018467,0.036889532834548516,100.0,32,803
CS2_36,history_L32_currentHF,48,MAE,0.028088970529192073,0.05737850653167568,0.01,32,894
CS2_36,history_L32_currentHF,48,MAE,0.028108400022395084,0.05739228188624104,0.1,32,894
CS2_36,history_L32_currentHF,48,MAE,0.02812021855770038,0.057399631848839575,1.0,32,894
CS2_36,history_L32_currentHF,48,MAE,0.028126572355462797,0.05739560633688535,10.0,32,894
CS2_36,history_L32_currentHF,48,MAE,0.028153321174471623,0.05745420308946701,100.0,32,894
CS2_37,history_L32_currentHF,48,MAE,0.023984269910397038,0.04255502642973793,0.01,32,959
CS2_37,history_L32_currentHF,48,MAE,0.024016499294037468,0.042593262744719564,0.1,32,959
CS2_37,history_L32_currentHF,48,MAE,0.024042715563038018,0.04261767407301665,1.0,32,959
CS2_37,history_L32_currentHF,48,MAE,0.02400036441321337,0.04257356473691923,10.0,32,959
CS2_37,history_L32_currentHF,48,MAE,0.023937166277646513,0.042446649276455535,100.0,32,959
CS2_38,history_L32_currentHF,48,MAE,0.023893777142441185,0.0476475473430091,0.01,32,949
CS2_38,history_L32_currentHF,48,MAE,0.023767138661619808,0.047603710794683396,0.1,32,949
CS2_38,history_L32_currentHF,48,MAE,0.023680573923911957,0.047577904239112664,1.0,32,949
CS2_38,history_L32_currentHF,48,MAE,0.023452190568218807,0.0474598425286063,10.0,32,949
CS2_38,history_L32_currentHF,48,MAE,0.023349809195963835,0.04732809498894012,100.0,32,949
CS2_35,trend_L32,48,MAE,0.02907223816110082,0.04541755011640943,0.01,32,803
CS2_35,trend_L32,48,MAE,0.02907414593035421,0.045419821439459246,0.1,32,803
CS2_35,trend_L32,48,MAE,0.02909311159655953,0.04544257364384207,1.0,32,803
CS2_35,trend_L32,48,MAE,0.029279864091082755,0.04567234217691,10.0,32,803
CS2_35,trend_L32,48,MAE,0.031012006692709124,0.04771706441972513,100.0,32,803
CS2_36,trend_L32,48,MAE,0.030672337623784567,0.06339320970829163,0.01,32,894
CS2_36,trend_L32,48,MAE,0.030672810133001424,0.06339248240669677,0.1,32,894
CS2_36,trend_L32,48,MAE,0.030677434235507197,0.06338548137551585,1.0,32,894
CS2_36,trend_L32,48,MAE,0.03072257594956766,0.06333862986468193,10.0,32,894
CS2_36,trend_L32,48,MAE,0.030768879506023163,0.06359135540099435,100.0,32,894
CS2_37,trend_L32,48,MAE,0.027227166360546555,0.05142667372401818,0.01,32,959
CS2_37,trend_L32,48,MAE,0.027230500259731553,0.051428462650928125,0.1,32,959
CS2_37,trend_L32,48,MAE,0.027263572720653023,0.05144653938592568,1.0,32,959
CS2_37,trend_L32,48,MAE,0.027573265411316977,0.05164137703046528,10.0,32,959
CS2_37,trend_L32,48,MAE,0.02962573084449649,0.05355135450768488,100.0,32,959
CS2_38,trend_L32,48,MAE,0.02902009879211203,0.05626632413517324,0.01,32,949
CS2_38,trend_L32,48,MAE,0.029020055811667573,0.05626391144931761,0.1,32,949
CS2_38,trend_L32,48,MAE,0.029019876165828056,0.05624013049276724,1.0,32,949
CS2_38,trend_L32,48,MAE,0.02902496465092218,0.05603333503009529,10.0,32,949
CS2_38,trend_L32,48,MAE,0.029478056575086176,0.05539127175396482,100.0,32,949
CS2_35,trend_L32_currentHF,48,MAE,0.02658087004108716,0.042123488819861395,0.01,32,803
CS2_35,trend_L32_currentHF,48,MAE,0.026444178493863588,0.042234992170014016,0.1,32,803
CS2_35,trend_L32_currentHF,48,MAE,0.02641365576843252,0.04231982282974708,1.0,32,803
CS2_35,trend_L32_currentHF,48,MAE,0.026428951894979246,0.04234947813375915,10.0,32,803
CS2_35,trend_L32_currentHF,48,MAE,0.02684539655560479,0.042841126736010655,100.0,32,803
CS2_36,trend_L32_currentHF,48,MAE,0.028660087094432213,0.060219866301532705,0.01,32,894
CS2_36,trend_L32_currentHF,48,MAE,0.02873647080116458,0.060352154077999404,0.1,32,894
CS2_36,trend_L32_currentHF,48,MAE,0.02876946565674349,0.06042058831833081,1.0,32,894
CS2_36,trend_L32_currentHF,48,MAE,0.0286242934885558,0.06028070570611993,10.0,32,894
CS2_36,trend_L32_currentHF,48,MAE,0.027805075096244747,0.05943084234693818,100.0,32,894
CS2_37,trend_L32_currentHF,48,MAE,0.02465410717405653,0.04545861679942906,0.01,32,959
CS2_37,trend_L32_currentHF,48,MAE,0.024677919732097237,0.04553425876927445,0.1,32,959
CS2_37,trend_L32_currentHF,48,MAE,0.024703849593866435,0.045614052597606175,1.0,32,959
CS2_37,trend_L32_currentHF,48,MAE,0.02475853829883879,0.04572472275459254,10.0,32,959
CS2_37,trend_L32_currentHF,48,MAE,0.025505119709432693,0.04675525208242799,100.0,32,959
CS2_38,trend_L32_currentHF,48,MAE,0.024130788146294532,0.049985574341297315,0.01,32,949
CS2_38,trend_L32_currentHF,48,MAE,0.023754716288674337,0.04976651867096931,0.1,32,949
CS2_38,trend_L32_currentHF,48,MAE,0.02358732260102899,0.04966741591518187,1.0,32,949
CS2_38,trend_L32_currentHF,48,MAE,0.02337554817034986,0.04943438418287178,10.0,32,949
CS2_38,trend_L32_currentHF,48,MAE,0.023589253261216612,0.04912131072993985,100.0,32,949
CS2_35,history_L16_HFhistory,48,MAE,0.02550677173792373,0.03667618046752345,0.01,16,819
CS2_35,history_L16_HFhistory,48,MAE,0.02531209924475661,0.036455687948825505,0.1,16,819
CS2_35,history_L16_HFhistory,48,MAE,0.025045055816618294,0.03610294196131063,1.0,16,819
CS2_35,history_L16_HFhistory,48,MAE,0.024946809441183472,0.036060236772781085,10.0,16,819
CS2_35,history_L16_HFhistory,48,MAE,0.02468312262308205,0.03600827072249027,100.0,16,819
CS2_36,history_L16_HFhistory,48,MAE,0.025846800127191347,0.05536929389071175,0.01,16,910
CS2_36,history_L16_HFhistory,48,MAE,0.025916413890565797,0.055469021061158745,0.1,16,910
CS2_36,history_L16_HFhistory,48,MAE,0.026114091546924914,0.05562921852743616,1.0,16,910
CS2_36,history_L16_HFhistory,48,MAE,0.02609864312641704,0.055596959379734044,10.0,16,910
CS2_36,history_L16_HFhistory,48,MAE,0.025928449288747327,0.055487075932471444,100.0,16,910
CS2_37,history_L16_HFhistory,48,MAE,0.023233967473240778,0.04065627812568785,0.01,16,975
CS2_37,history_L16_HFhistory,48,MAE,0.023270781665359376,0.04068079754713823,0.1,16,975
CS2_37,history_L16_HFhistory,48,MAE,0.023274867270345084,0.04078383073276144,1.0,16,975
CS2_37,history_L16_HFhistory,48,MAE,0.023203104663895524,0.040771473138708,10.0,16,975
CS2_37,history_L16_HFhistory,48,MAE,0.02300917107444875,0.040695259507605386,100.0,16,975
CS2_38,history_L16_HFhistory,48,MAE,0.025329951294140746,0.04873870600460888,0.01,16,965
CS2_38,history_L16_HFhistory,48,MAE,0.025227038161991695,0.04875479593765223,0.1,16,965
CS2_38,history_L16_HFhistory,48,MAE,0.025359370779481687,0.04889657390927948,1.0,16,965
CS2_38,history_L16_HFhistory,48,MAE,0.025046866886624677,0.048547940934950885,10.0,16,965
CS2_38,history_L16_HFhistory,48,MAE,0.02311319396770577,0.047383718430274745,100.0,16,965
CS2_35,history_L32_HFhistory,48,MAE,0.02760102750925179,0.03763582346484639,0.01,32,803
CS2_35,history_L32_HFhistory,48,MAE,0.027140719023602072,0.03720752460921162,0.1,32,803
CS2_35,history_L32_HFhistory,48,MAE,0.026169877294201137,0.036381381705086646,1.0,32,803
CS2_35,history_L32_HFhistory,48,MAE,0.025533130525136165,0.03583255814477578,10.0,32,803
CS2_35,history_L32_HFhistory,48,MAE,0.02463977085699714,0.035334902087997846,100.0,32,803
CS2_36,history_L32_HFhistory,48,MAE,0.02725103501187044,0.055332172738954445,0.01,32,894
CS2_36,history_L32_HFhistory,48,MAE,0.02716901316966208,0.05534396141201279,0.1,32,894
CS2_36,history_L32_HFhistory,48,MAE,0.02731378529864547,0.05552898526221228,1.0,32,894
CS2_36,history_L32_HFhistory,48,MAE,0.027067188765142736,0.05545432701572952,10.0,32,894
CS2_36,history_L32_HFhistory,48,MAE,0.026278137485067833,0.055278070211099414,100.0,32,894
CS2_37,history_L32_HFhistory,48,MAE,0.02281571627362327,0.039716128270410905,0.01,32,959
CS2_37,history_L32_HFhistory,48,MAE,0.022823751844391466,0.0397030827107988,0.1,32,959
CS2_37,history_L32_HFhistory,48,MAE,0.022788244549008053,0.03978170471414491,1.0,32,959
CS2_37,history_L32_HFhistory,48,MAE,0.022471933308976608,0.03974398879609366,10.0,32,959
CS2_37,history_L32_HFhistory,48,MAE,0.021939572711402143,0.03982868178786924,100.0,32,959
CS2_38,history_L32_HFhistory,48,MAE,0.029077499824746174,0.050635458012190646,0.01,32,949
CS2_38,history_L32_HFhistory,48,MAE,0.028414746155466495,0.05010927883193448,0.1,32,949
CS2_38,history_L32_HFhistory,48,MAE,0.02835076523331094,0.050145538569821485,1.0,32,949
CS2_38,history_L32_HFhistory,48,MAE,0.02799418569285328,0.04990662294169817,10.0,32,949
CS2_38,history_L32_HFhistory,48,MAE,0.025329297586216264,0.04839908650305,100.0,32,949
CS2_35,persistence,64,MAE,0.05471903163004353,0.07698233896481388,,1,815
CS2_36,persistence,64,MAE,0.06548390061658513,0.10176568695952057,,1,906
CS2_37,persistence,64,MAE,0.056887305606849285,0.08650261802515179,,1,970
CS2_38,persistence,64,MAE,0.05249794862054454,0.08552380575290444,,1,961
CS2_35,current_SOH,64,MAE,0.034475827736272786,0.04912574017871257,0.01,1,818
CS2_35,current_SOH,64,MAE,0.0344774145455786,0.049127366671816636,0.1,1,818
CS2_35,current_SOH,64,MAE,0.034493277122691485,0.0491436490402833,1.0,1,818
CS2_35,current_SOH,64,MAE,0.03465204382331528,0.049308193886588136,10.0,1,818
CS2_35,current_SOH,64,MAE,0.0364055192977389,0.05110454757378457,100.0,1,818
CS2_36,current_SOH,64,MAE,0.03211585655533796,0.08150286757903116,0.01,1,909
CS2_36,current_SOH,64,MAE,0.03211526877415264,0.0815014091371568,0.1,1,909
CS2_36,current_SOH,64,MAE,0.032110076471856104,0.08148687279930135,1.0,1,909
CS2_36,current_SOH,64,MAE,0.03206194396652053,0.0813462930221293,10.0,1,909
CS2_36,current_SOH,64,MAE,0.032723733816829685,0.08039418666107011,100.0,1,909
CS2_37,current_SOH,64,MAE,0.03175246698414385,0.06154683252079993,0.01,1,974
CS2_37,current_SOH,64,MAE,0.03175476240065794,0.061547377530456394,0.1,1,974
CS2_37,current_SOH,64,MAE,0.03177776369845761,0.06155286619190884,1.0,1,974
CS2_37,current_SOH,64,MAE,0.03201075303097008,0.06161157597451197,10.0,1,974
CS2_37,current_SOH,64,MAE,0.03457309047989943,0.06254845265375789,100.0,1,974
CS2_38,current_SOH,64,MAE,0.03343993978988182,0.06987829310526057,0.01,1,964
CS2_38,current_SOH,64,MAE,0.033441813660217035,0.06987798345403858,0.1,1,964
CS2_38,current_SOH,64,MAE,0.03346055817083257,0.06987491363646167,1.0,1,964
CS2_38,current_SOH,64,MAE,0.03365197667251827,0.06984686688855762,10.0,1,964
CS2_38,current_SOH,64,MAE,0.035711109780658695,0.06981394134410789,100.0,1,964
CS2_35,current_SOH_currentHF,64,MAE,0.03032164554580656,0.046471741083260854,0.01,1,818
CS2_35,current_SOH_currentHF,64,MAE,0.030070717620645573,0.046581557797629625,0.1,1,818
CS2_35,current_SOH_currentHF,64,MAE,0.029928423501942636,0.046651496186389675,1.0,1,818
CS2_35,current_SOH_currentHF,64,MAE,0.029827617262631938,0.0463752045971147,10.0,1,818
CS2_35,current_SOH_currentHF,64,MAE,0.030103463324618808,0.04545099029550232,100.0,1,818
CS2_36,current_SOH_currentHF,64,MAE,0.03046365073147884,0.0634767290908866,0.01,1,909
CS2_36,current_SOH_currentHF,64,MAE,0.03051672234796411,0.06361523915726822,0.1,1,909
CS2_36,current_SOH_currentHF,64,MAE,0.03052783838724956,0.06368694282278602,1.0,1,909
CS2_36,current_SOH_currentHF,64,MAE,0.03034043904196864,0.06356987761049875,10.0,1,909
CS2_36,current_SOH_currentHF,64,MAE,0.029136195875629115,0.0630611911641106,100.0,1,909
CS2_37,current_SOH_currentHF,64,MAE,0.026816698818054232,0.045044974469907094,0.01,1,974
CS2_37,current_SOH_currentHF,64,MAE,0.02676858265769293,0.04503880779793482,0.1,1,974
CS2_37,current_SOH_currentHF,64,MAE,0.02678249352140475,0.045097926807003245,1.0,1,974
CS2_37,current_SOH_currentHF,64,MAE,0.026859892573130612,0.04520032234240366,10.0,1,974
CS2_37,current_SOH_currentHF,64,MAE,0.027820355198162398,0.04639964087861575,100.0,1,974
CS2_38,current_SOH_currentHF,64,MAE,0.02812739623446337,0.05285873384148907,0.01,1,964
CS2_38,current_SOH_currentHF,64,MAE,0.027793199934823574,0.05269494151678519,0.1,1,964
CS2_38,current_SOH_currentHF,64,MAE,0.027712204254788205,0.0527039669269811,1.0,1,964
CS2_38,current_SOH_currentHF,64,MAE,0.027814676179298087,0.05289222392481313,10.0,1,964
CS2_38,current_SOH_currentHF,64,MAE,0.029164707357634143,0.054327251823138537,100.0,1,964
CS2_35,history_L8,64,MAE,0.0295434554241645,0.04198794047247562,0.01,8,811
CS2_35,history_L8,64,MAE,0.029543651869411176,0.041988150219646074,0.1,8,811
CS2_35,history_L8,64,MAE,0.02954561433822109,0.041990247461154796,1.0,8,811
CS2_35,history_L8,64,MAE,0.02956520129857716,0.04201119948021344,10.0,8,811
CS2_35,history_L8,64,MAE,0.029754102262874057,0.04222055183453799,100.0,8,811
CS2_36,history_L8,64,MAE,0.03164254586580117,0.06254465300121445,0.01,8,902
CS2_36,history_L8,64,MAE,0.03164214552656488,0.06254434175274388,0.1,8,902
CS2_36,history_L8,64,MAE,0.03163814442865404,0.06254123518313967,1.0,8,902
CS2_36,history_L8,64,MAE,0.03159854620275926,0.06251071991258039,10.0,8,902
CS2_36,history_L8,64,MAE,0.031230459194044678,0.062238744914729,100.0,8,902
CS2_37,history_L8,64,MAE,0.02703065005174945,0.04650369145249638,0.01,8,967
CS2_37,history_L8,64,MAE,0.027030836858406782,0.04650371614812978,0.1,8,967
CS2_37,history_L8,64,MAE,0.02703270721742024,0.04650396560469736,1.0,8,967
CS2_37,history_L8,64,MAE,0.027051415227451792,0.046506697725290466,10.0,8,967
CS2_37,history_L8,64,MAE,0.02723896078621438,0.04655089829495711,100.0,8,967
CS2_38,history_L8,64,MAE,0.02886676763915399,0.0512580830972052,0.01,8,957
CS2_38,history_L8,64,MAE,0.02886696718705142,0.051258117445948374,0.1,8,957
CS2_38,history_L8,64,MAE,0.028868961508444875,0.05125846381986984,1.0,8,957
CS2_38,history_L8,64,MAE,0.0288893567097996,0.05126219030943949,10.0,8,957
CS2_38,history_L8,64,MAE,0.029095872345228535,0.051313502834656945,100.0,8,957
CS2_35,history_L16,64,MAE,0.028895645590181526,0.04110448075686075,0.01,16,803
CS2_35,history_L16,64,MAE,0.028895793333682036,0.04110463083307044,0.1,16,803
CS2_35,history_L16,64,MAE,0.02889726714139531,0.04110613048246734,1.0,16,803
CS2_35,history_L16,64,MAE,0.02891166062067249,0.041121016598613135,10.0,16,803
CS2_35,history_L16,64,MAE,0.0290378333805234,0.04126067282053161,100.0,16,803
CS2_36,history_L16,64,MAE,0.03145631187709099,0.06160886732267787,0.01,16,894
CS2_36,history_L16,64,MAE,0.03145618032558046,0.061608624255999576,0.1,16,894
CS2_36,history_L16,64,MAE,0.03145486307832804,0.06160620438934199,1.0,16,894
CS2_36,history_L16,64,MAE,0.0314416164205441,0.061583001728567614,10.0,16,894
CS2_36,history_L16,64,MAE,0.03130884126744658,0.06140393860629018,100.0,16,894
CS2_37,history_L16,64,MAE,0.02641393524968346,0.045206562836844065,0.01,16,959
CS2_37,history_L16,64,MAE,0.026414080894769622,0.045206556557314606,0.1,16,959
CS2_37,history_L16,64,MAE,0.026415534379373454,0.04520649815378334,1.0,16,959
CS2_37,history_L16,64,MAE,0.026429803580079247,0.04520631789361388,10.0,16,959
CS2_37,history_L16,64,MAE,0.02656325176703782,0.04522542663283365,100.0,16,959
CS2_38,history_L16,64,MAE,0.027792016795640397,0.050013000440882915,0.01,16,949
CS2_38,history_L16,64,MAE,0.027792173799202187,0.050012968939568164,0.1,16,949
CS2_38,history_L16,64,MAE,0.02779373901387842,0.05001266409118765,1.0,16,949
CS2_38,history_L16,64,MAE,0.027808984143225506,0.050010530054141286,10.0,16,949
CS2_38,history_L16,64,MAE,0.027938191942495746,0.05003040296337652,100.0,16,949
CS2_35,history_L32,64,MAE,0.028155497430536944,0.0404341787998326,0.01,32,787
CS2_35,history_L32,64,MAE,0.028155747716795906,0.040434408317738674,0.1,32,787
CS2_35,history_L32,64,MAE,0.02815824293398917,0.04043670037211131,1.0,32,787
CS2_35,history_L32,64,MAE,0.02818252222746181,0.04045930743928997,10.0,32,787
CS2_35,history_L32,64,MAE,0.028396851287656476,0.04065625532752973,100.0,32,787
CS2_36,history_L32,64,MAE,0.03106489009735966,0.06087811799351024,0.01,32,878
CS2_36,history_L32,64,MAE,0.03106478939227783,0.0608777882702985,0.1,32,878
CS2_36,history_L32,64,MAE,0.031063784523528603,0.06087451275523832,1.0,32,878
CS2_36,history_L32,64,MAE,0.031055745993478132,0.06084378908960407,10.0,32,878
CS2_36,history_L32,64,MAE,0.031038266636447348,0.06065517747072376,100.0,32,878
CS2_37,history_L32,64,MAE,0.024968664476422917,0.04367542999856223,0.01,32,943
CS2_37,history_L32,64,MAE,0.02496884715364317,0.04367527169254574,0.1,32,943
CS2_37,history_L32,64,MAE,0.024970669182213242,0.043673705083145144,1.0,32,943
CS2_37,history_L32,64,MAE,0.024988741286797907,0.043659573959911414,10.0,32,943
CS2_37,history_L32,64,MAE,0.0251604290847602,0.043606052131311294,100.0,32,943
CS2_38,history_L32,64,MAE,0.026349420124596887,0.04905945582067169,0.01,32,933
CS2_38,history_L32,64,MAE,0.026349440982510453,0.04905934820154603,0.1,32,933
CS2_38,history_L32,64,MAE,0.026349655556467257,0.0490582946237619,1.0,32,933
CS2_38,history_L32,64,MAE,0.026352579583361298,0.04904980068034522,10.0,32,933
CS2_38,history_L32,64,MAE,0.02644180454970121,0.04905861200593076,100.0,32,933
CS2_35,history_L32_currentHF,64,MAE,0.027410726441015977,0.039238397256553495,0.01,32,787
CS2_35,history_L32_currentHF,64,MAE,0.027265251405502854,0.03920249909864106,0.1,32,787
CS2_35,history_L32_currentHF,64,MAE,0.027208401013509218,0.039228054498227485,1.0,32,787
CS2_35,history_L32_currentHF,64,MAE,0.02714736895961552,0.039130107004931615,10.0,32,787
CS2_35,history_L32_currentHF,64,MAE,0.027122329608021942,0.03904911357308882,100.0,32,787
CS2_36,history_L32_currentHF,64,MAE,0.03079039192915868,0.05924411901096476,0.01,32,878
CS2_36,history_L32_currentHF,64,MAE,0.030934619887896496,0.05942629452712402,0.1,32,878
CS2_36,history_L32_currentHF,64,MAE,0.031019857275237605,0.0595361409875726,1.0,32,878
CS2_36,history_L32_currentHF,64,MAE,0.030990790700734974,0.059523507454172356,10.0,32,878
CS2_36,history_L32_currentHF,64,MAE,0.0308257157364854,0.05949368779419198,100.0,32,878
CS2_37,history_L32_currentHF,64,MAE,0.02402926596992311,0.04252425799361872,0.01,32,943
CS2_37,history_L32_currentHF,64,MAE,0.024200308419240823,0.04268592554292414,0.1,32,943
CS2_37,history_L32_currentHF,64,MAE,0.024347534418868652,0.04281613156382043,1.0,32,943
CS2_37,history_L32_currentHF,64,MAE,0.024370180416642722,0.04285010419165567,10.0,32,943
CS2_37,history_L32_currentHF,64,MAE,0.024437925160033267,0.042922906605476874,100.0,32,943
CS2_38,history_L32_currentHF,64,MAE,0.02580329415588269,0.049232739899039146,0.01,32,933
CS2_38,history_L32_currentHF,64,MAE,0.025594497176230926,0.049099446359296334,0.1,32,933
CS2_38,history_L32_currentHF,64,MAE,0.025458120238046476,0.04905105020783781,1.0,32,933
CS2_38,history_L32_currentHF,64,MAE,0.024997591714383545,0.04876891922387432,10.0,32,933
CS2_38,history_L32_currentHF,64,MAE,0.02464393053405678,0.048399417000784595,100.0,32,933
CS2_35,trend_L32,64,MAE,0.030628530633888994,0.04309814123653476,0.01,32,787
CS2_35,trend_L32,64,MAE,0.03063066407147511,0.04310039380011088,0.1,32,787
CS2_35,trend_L32,64,MAE,0.030652288160904127,0.04312296404486356,1.0,32,787
CS2_35,trend_L32,64,MAE,0.030867917576523067,0.04335132156638465,10.0,32,787
CS2_35,trend_L32,64,MAE,0.03257985895433242,0.045404077798321875,100.0,32,787
CS2_36,trend_L32,64,MAE,0.03347703204090936,0.06618619298985035,0.01,32,878
CS2_36,trend_L32,64,MAE,0.033477436370070154,0.06618686594637627,0.1,32,878
CS2_36,trend_L32,64,MAE,0.03348138230250316,0.06619378936295148,1.0,32,878
CS2_36,trend_L32,64,MAE,0.03351732411828673,0.06627751320179794,10.0,32,878
CS2_36,trend_L32,64,MAE,0.033302061552152214,0.06712883113641611,100.0,32,878
CS2_37,trend_L32,64,MAE,0.028271158287716123,0.049289733407724995,0.01,32,943
CS2_37,trend_L32,64,MAE,0.02827393921235404,0.049291457343360885,0.1,32,943
CS2_37,trend_L32,64,MAE,0.02830158624319037,0.049308857431231305,1.0,32,943
CS2_37,trend_L32,64,MAE,0.028562593756339145,0.04949461148111164,10.0,32,943
CS2_37,trend_L32,64,MAE,0.030332387971322847,0.051263722540064435,100.0,32,943
CS2_38,trend_L32,64,MAE,0.030768027027251225,0.054473040836758614,0.01,32,933
CS2_38,trend_L32,64,MAE,0.030767340005109743,0.054469592377981886,0.1,32,933
CS2_38,trend_L32,64,MAE,0.030760595500381033,0.05443552284129705,1.0,32,933
CS2_38,trend_L32,64,MAE,0.030710268456644263,0.05413231088200403,10.0,32,933
CS2_38,trend_L32,64,MAE,0.030911284369112512,0.0529170098572833,100.0,32,933
CS2_35,trend_L32_currentHF,64,MAE,0.028846618474372584,0.042192045243756165,0.01,32,787
CS2_35,trend_L32_currentHF,64,MAE,0.0285883161119727,0.04226276919726534,0.1,32,787
CS2_35,trend_L32_currentHF,64,MAE,0.0284869873086248,0.042356251845770944,1.0,32,787
CS2_35,trend_L32_currentHF,64,MAE,0.02851010988948872,0.042360443642769224,10.0,32,787
CS2_35,trend_L32_currentHF,64,MAE,0.029056266264163754,0.04258300652401267,100.0,32,787
CS2_36,trend_L32_currentHF,64,MAE,0.03177932496670981,0.06103438082030854,0.01,32,878
CS2_36,trend_L32_currentHF,64,MAE,0.03184914973169585,0.061280309302819636,0.1,32,878
CS2_36,trend_L32_currentHF,64,MAE,0.031890684003546096,0.06143396814270243,1.0,32,878
CS2_36,trend_L32_currentHF,64,MAE,0.03179701116939064,0.06139218490561245,10.0,32,878
CS2_36,trend_L32_currentHF,64,MAE,0.03091100374399649,0.061013999915482044,100.0,32,878
CS2_37,trend_L32_currentHF,64,MAE,0.025023697569017248,0.04405144052722106,0.01,32,943
CS2_37,trend_L32_currentHF,64,MAE,0.0251183403353258,0.044200300340288184,0.1,32,943
CS2_37,trend_L32_currentHF,64,MAE,0.02527285007823673,0.04433570870057524,1.0,32,943
CS2_37,trend_L32_currentHF,64,MAE,0.025362767894733483,0.04436140861557824,10.0,32,943
CS2_37,trend_L32_currentHF,64,MAE,0.02610545276156045,0.044865804147949245,100.0,32,943
CS2_38,trend_L32_currentHF,64,MAE,0.025175308495844338,0.04996791198341221,0.01,32,933
CS2_38,trend_L32_currentHF,64,MAE,0.02494975576985523,0.04983567255378616,0.1,32,933
CS2_38,trend_L32_currentHF,64,MAE,0.02492591273265842,0.04981588533897177,1.0,32,933
CS2_38,trend_L32_currentHF,64,MAE,0.02483662983507132,0.04967088551690766,10.0,32,933
CS2_38,trend_L32_currentHF,64,MAE,0.025729185410917222,0.04985700901905494,100.0,32,933
CS2_35,history_L16_HFhistory,64,MAE,0.029991115357504962,0.040266102317398265,0.01,16,803
CS2_35,history_L16_HFhistory,64,MAE,0.029593670865772425,0.03992164355171003,0.1,16,803
CS2_35,history_L16_HFhistory,64,MAE,0.02893448710621496,0.03937744701234354,1.0,16,803
CS2_35,history_L16_HFhistory,64,MAE,0.028710577762081253,0.03907809519459921,10.0,16,803
CS2_35,history_L16_HFhistory,64,MAE,0.02797884127453338,0.038446986055366776,100.0,16,803
CS2_36,history_L16_HFhistory,64,MAE,0.028626158264352927,0.056449630867076314,0.01,16,894
CS2_36,history_L16_HFhistory,64,MAE,0.02877814264565175,0.0566028590360473,0.1,16,894
CS2_36,history_L16_HFhistory,64,MAE,0.029185408622150473,0.05704241685692055,1.0,16,894
CS2_36,history_L16_HFhistory,64,MAE,0.029145628362281482,0.05708558240889193,10.0,16,894
CS2_36,history_L16_HFhistory,64,MAE,0.028778676458400335,0.056959846947010076,100.0,16,894
CS2_37,history_L16_HFhistory,64,MAE,0.022829780761582846,0.040035785913412794,0.01,16,959
CS2_37,history_L16_HFhistory,64,MAE,0.022857701742615935,0.040108138817473216,0.1,16,959
CS2_37,history_L16_HFhistory,64,MAE,0.023090481667785705,0.04037079760029219,1.0,16,959
CS2_37,history_L16_HFhistory,64,MAE,0.02321051894566379,0.040554228871141046,10.0,16,959
CS2_37,history_L16_HFhistory,64,MAE,0.023360549425076465,0.04089938348010332,100.0,16,959
CS2_38,history_L16_HFhistory,64,MAE,0.028694807184785075,0.04990138757222763,0.01,16,949
CS2_38,history_L16_HFhistory,64,MAE,0.02861615011832757,0.049957160902639505,0.1,16,949
CS2_38,history_L16_HFhistory,64,MAE,0.029177337088544857,0.05063348970486751,1.0,16,949
CS2_38,history_L16_HFhistory,64,MAE,0.02885930232871472,0.05058163773999084,10.0,16,949
CS2_38,history_L16_HFhistory,64,MAE,0.02621596089513663,0.049057542346847484,100.0,16,949
CS2_35,history_L32_HFhistory,64,MAE,0.030046768379368767,0.04021273288000573,0.01,32,787
CS2_35,history_L32_HFhistory,64,MAE,0.029656502817679946,0.0399486781452075,0.1,32,787
CS2_35,history_L32_HFhistory,64,MAE,0.028625073385347602,0.03927509797017983,1.0,32,787
CS2_35,history_L32_HFhistory,64,MAE,0.02805179397230908,0.03876601906067134,10.0,32,787
CS2_35,history_L32_HFhistory,64,MAE,0.02717192831233967,0.03790128768708037,100.0,32,787
CS2_36,history_L32_HFhistory,64,MAE,0.02947257738557108,0.05716422118493953,0.01,32,878
CS2_36,history_L32_HFhistory,64,MAE,0.029266371192300765,0.05710543714000148,0.1,32,878
CS2_36,history_L32_HFhistory,64,MAE,0.029390260569417896,0.057370381537086394,1.0,32,878
CS2_36,history_L32_HFhistory,64,MAE,0.029150223301490388,0.057400324033230886,10.0,32,878
CS2_36,history_L32_HFhistory,64,MAE,0.028493578015465464,0.057380259922684466,100.0,32,878
CS2_37,history_L32_HFhistory,64,MAE,0.02218078530601241,0.03988583254160151,0.01,32,943
CS2_37,history_L32_HFhistory,64,MAE,0.02218996634325483,0.03999041675770378,0.1,32,943
CS2_37,history_L32_HFhistory,64,MAE,0.022431481599517036,0.040153790857050065,1.0,32,943
CS2_37,history_L32_HFhistory,64,MAE,0.022310717497647743,0.0401430033042742,10.0,32,943
CS2_37,history_L32_HFhistory,64,MAE,0.022163786329521706,0.040312399929869125,100.0,32,943
CS2_38,history_L32_HFhistory,64,MAE,0.030285134699227688,0.05205027980167913,0.01,32,933
CS2_38,history_L32_HFhistory,64,MAE,0.029840484923266183,0.05160428592603654,0.1,32,933
CS2_38,history_L32_HFhistory,64,MAE,0.030073817529021576,0.05186835557750807,1.0,32,933
CS2_38,history_L32_HFhistory,64,MAE,0.029617063025354662,0.05151393445378364,10.0,32,933
CS2_38,history_L32_HFhistory,64,MAE,0.027580808089764902,0.050467831943950256,100.0,32,933
